{"type": "FeatureCollection", "features": [{"type": "Feature", "properties": {"name": "Irrawaddy Delta", "name_alt": null, "scalerank": 1.0}, "geometry": {"type": "MultiLineString", "coordinates": [[[95.451101, 17.820502], [95.427664, 17.844672], [95.387787, 17.824408], [95.324474, 17.761827], [95.305268, 17.749945], [95.272472, 17.755316], [95.255463, 17.748155], [95.197276, 17.67654], [95.209483, 17.663764], [95.214447, 17.645046], [95.210948, 17.631659], [95.197276, 17.634874], [95.171641, 17.619208], [95.160737, 17.609442], [95.156261, 17.597032], [95.159434, 17.583604], [95.165945, 17.568142], [95.169932, 17.553412], [95.166515, 17.542426], [95.12379, 17.509955], [95.10906, 17.488389], [95.115245, 17.46365], [95.098237, 17.467963], [95.08546, 17.459825], [95.075613, 17.445095], [95.067475, 17.429511], [95.092052, 17.429755], [95.089447, 17.407335], [95.075125, 17.380439], [95.064057, 17.367458], [95.023204, 17.340847], [95.000011, 17.333604], [94.999115, 17.353787], [94.981049, 17.358507], [94.960948, 17.353868], [94.944591, 17.343126], [94.937755, 17.329535], [94.937755, 17.29914], [94.93629, 17.293484], [94.930756, 17.285346], [94.930186, 17.278632], [94.95517, 17.239122], [94.957042, 17.228624], [94.937022, 17.219184], [94.930593, 17.208075], [94.925873, 17.195339], [94.920339, 17.185858], [94.91505, 17.179633], [94.908214, 17.167507], [94.903575, 17.161933], [94.897472, 17.157904], [94.875662, 17.148301], [94.875662, 17.135443], [94.868907, 17.114691], [94.859386, 17.095323], [94.851736, 17.086859], [94.842459, 17.085028], [94.832286, 17.08039], [94.823822, 17.074815], [94.820323, 17.06977], [94.823334, 17.059027], [94.830089, 17.04739], [94.837169, 17.03913], [94.841563, 17.038438], [94.826427, 17.026068], [94.805919, 17.028144], [94.787852, 17.027859], [94.78004, 17.008002], [94.776459, 17.002997], [94.74879, 16.98074], [94.741222, 16.970649], [94.741303, 16.962429], [94.744151, 16.953681], [94.745372, 16.942247], [94.736501, 16.841864], [94.724864, 16.785224], [94.726736, 16.76435], [94.74171, 16.740302], [94.745372, 16.720323], [94.742198, 16.714464], [94.735037, 16.70954], [94.728038, 16.703152], [94.724864, 16.692694], [94.726492, 16.680732], [94.732432, 16.658637], [94.732351, 16.648017], [94.725108, 16.634792], [94.702403, 16.607611], [94.69752, 16.590277], [94.6963, 16.571397], [94.6928, 16.557196], [94.68629, 16.544949], [94.677013, 16.532009]], [[95.450287, 17.791327], [95.466401, 17.801296], [95.486339, 17.826972], [95.492605, 17.843817], [95.486827, 17.877712], [95.486095, 17.893826], [95.492605, 17.909247], [95.510753, 17.91059], [95.537201, 17.925401], [95.557546, 17.929145], [95.573985, 17.921169], [95.581065, 17.905544], [95.587413, 17.895087], [95.602468, 17.902452], [95.60963, 17.885321], [95.608897, 17.865994], [95.602468, 17.823594], [95.60434, 17.814724], [95.61435, 17.789822], [95.625255, 17.773546], [95.630626, 17.755561], [95.635916, 17.744737], [95.64446, 17.734483], [95.651378, 17.730536], [95.659109, 17.728339], [95.682628, 17.718573], [95.68629, 17.718614], [95.685557, 17.717068], [95.6845, 17.706895], [95.681163, 17.697537], [95.666596, 17.695421], [95.663259, 17.686469], [95.66627, 17.681586], [95.6845, 17.662218], [95.712576, 17.615505], [95.72169, 17.607611], [95.727143, 17.598578], [95.721121, 17.552069], [95.724864, 17.531928], [95.737722, 17.523383], [95.7588, 17.513536], [95.778331, 17.500067], [95.786876, 17.480414], [95.783295, 17.469062], [95.777843, 17.459296], [95.777761, 17.452501], [95.790538, 17.449978], [95.798269, 17.446357], [95.802257, 17.437567], [95.807384, 17.415839], [95.810964, 17.410509], [95.821544, 17.400336], [95.808686, 17.393337], [95.811615, 17.38581], [95.831554, 17.36404], [95.839854, 17.351589], [95.842296, 17.341091], [95.842214, 17.325792], [95.847748, 17.300849], [95.855235, 17.279853], [95.866466, 17.261298], [95.883067, 17.243923], [95.892589, 17.238349], [95.901296, 17.234646], [95.907725, 17.227973], [95.910492, 17.213813], [95.914236, 17.20071], [95.924083, 17.19123], [95.945242, 17.176215], [95.95753, 17.157538], [95.956391, 17.143622], [95.947765, 17.12877], [95.938243, 17.107286], [95.94337, 17.09866], [95.943451, 17.073839], [95.945242, 17.059597], [95.949474, 17.04682], [95.955089, 17.038153], [95.962413, 17.03144], [95.972341, 17.024766], [96.024913, 17.000067], [96.050304, 16.980658], [96.06129, 16.95307], [96.084076, 16.915839], [96.087006, 16.900417], [96.100352, 16.861884], [96.113699, 16.837836], [96.118744, 16.821153], [96.121674, 16.803575], [96.122569, 16.788275], [96.128998, 16.776679], [96.144054, 16.771552], [96.157807, 16.769639], [96.171153, 16.771552]], [[95.465261, 17.706895], [95.449474, 17.710273], [95.431895, 17.706], [95.418712, 17.707302], [95.418224, 17.707872], [95.385916, 17.721625], [95.375255, 17.696967], [95.37379, 17.659491], [95.369151, 17.634874], [95.35255, 17.628689], [95.328624, 17.643988], [95.313975, 17.634874], [95.308035, 17.618435], [95.315847, 17.606553], [95.327891, 17.595242], [95.334972, 17.580268], [95.325125, 17.553005], [95.27532, 17.515937], [95.266124, 17.498358], [95.276947, 17.484442], [95.341807, 17.457384], [95.327566, 17.439399], [95.325206, 17.430243], [95.319835, 17.430243], [95.31308, 17.432318], [95.30714, 17.429511], [95.302419, 17.415798], [95.305268, 17.405056], [95.310964, 17.395331], [95.318614, 17.372626], [95.327403, 17.362657], [95.332937, 17.352607], [95.327566, 17.340115], [95.317149, 17.334581], [95.302257, 17.332709], [95.26946, 17.333279], [95.260834, 17.33865], [95.261648, 17.350369], [95.267996, 17.362087], [95.281342, 17.370632], [95.279714, 17.377753], [95.275401, 17.385037], [95.27296, 17.388495], [95.265391, 17.393907], [95.263601, 17.392768], [95.263113, 17.387641], [95.259288, 17.381049], [95.249522, 17.370225], [95.243175, 17.358751], [95.239757, 17.345526], [95.23878, 17.329535], [95.24407, 17.320624], [95.27003, 17.308783], [95.279796, 17.29914], [95.263682, 17.30211], [95.245535, 17.309394], [95.228119, 17.314032], [95.214692, 17.309394], [95.213471, 17.296088], [95.225841, 17.281317], [95.241791, 17.266059], [95.25172, 17.251329], [95.251231, 17.23668], [95.247081, 17.220893], [95.246186, 17.208116], [95.255463, 17.202948], [95.265554, 17.195583], [95.260183, 17.179307], [95.245616, 17.163113], [95.21575, 17.151435], [95.204519, 17.140815], [95.195893, 17.127224], [95.19101, 17.114203], [95.190847, 17.093695], [95.198253, 17.077663], [95.207123, 17.063585], [95.211436, 17.049018], [95.205658, 17.016669], [95.191417, 16.981269], [95.17335, 16.949734], [95.156261, 16.929226], [95.167084, 16.919298], [95.175792, 16.906033], [95.18157, 16.891466], [95.183604, 16.877997], [95.188975, 16.87462], [95.200694, 16.871283], [95.212332, 16.864447], [95.2199, 16.844021], [95.229747, 16.833441], [95.231944, 16.826199], [95.229991, 16.824978], [95.22047, 16.81684], [95.217703, 16.813096], [95.197276, 16.75788], [95.192312, 16.7331], [95.19101, 16.706366], [95.187755, 16.702257], [95.179861, 16.703884], [95.166515, 16.709499], [95.157481, 16.706651], [95.157237, 16.700019], [95.163097, 16.685858], [95.158946, 16.6612], [95.148692, 16.646186], [95.135346, 16.634833], [95.122081, 16.620714], [95.132335, 16.595649], [95.129893, 16.578477], [95.115733, 16.56863], [95.091319, 16.565497], [95.050792, 16.565497], [95.037608, 16.561347], [95.035248, 16.55211], [95.038097, 16.542792], [95.04005, 16.538153], [95.026947, 16.524278], [95.008718, 16.51081], [94.992605, 16.494818], [94.985606, 16.47366], [94.981863, 16.452826], [94.964122, 16.409369], [94.951671, 16.346055], [94.945242, 16.329698], [94.934093, 16.315619], [94.875662, 16.271308], [94.866222, 16.257839], [94.857432, 16.241807], [94.84669, 16.228461], [94.819753, 16.217393], [94.807628, 16.203884], [94.797862, 16.186347], [94.793712, 16.168891], [94.793712, 16.162055]], [[95.606619, 16.857856], [95.618907, 16.839911], [95.634532, 16.831326], [95.652192, 16.824652], [95.66684, 16.81623], [95.669363, 16.801215], [95.656342, 16.757148], [95.663259, 16.737372], [95.683035, 16.725287], [95.704194, 16.721706], [95.742442, 16.723741], [95.758311, 16.717719], [95.768077, 16.702501], [95.78004, 16.662299], [95.782156, 16.651475], [95.782725, 16.643663], [95.785574, 16.63821], [95.794363, 16.634385], [95.808604, 16.635199], [95.818614, 16.642442], [95.827566, 16.650906], [95.83839, 16.654853], [95.852061, 16.662421], [95.859386, 16.66238], [95.866303, 16.640448], [95.884044, 16.625352], [95.889903, 16.613878], [95.888601, 16.610216], [95.883067, 16.579779], [95.883067, 16.53502], [95.87558, 16.524848], [95.842459, 16.506537], [95.834727, 16.497178], [95.839285, 16.480333], [95.851085, 16.470567], [95.863292, 16.464708], [95.868744, 16.459662], [95.868663, 16.447943], [95.870535, 16.433173], [95.877533, 16.4206], [95.893321, 16.41531], [95.906342, 16.413398], [95.951427, 16.401638], [95.983328, 16.402208], [95.997081, 16.397162], [96.006602, 16.387315]], [[95.479015, 16.805691], [95.479503, 16.782091], [95.482921, 16.765326], [95.480724, 16.749864], [95.465343, 16.730577], [95.455089, 16.725898], [95.446056, 16.725775], [95.439871, 16.722032], [95.437429, 16.706366], [95.438569, 16.698269], [95.440847, 16.694892], [95.441173, 16.691352], [95.437429, 16.682807], [95.432872, 16.681342], [95.425955, 16.682888], [95.419688, 16.683417], [95.417003, 16.679063], [95.41269, 16.589138], [95.404389, 16.544501], [95.389659, 16.504014], [95.384532, 16.508979], [95.369151, 16.518337], [95.372813, 16.501776], [95.375987, 16.49376], [95.379324, 16.490343], [95.383393, 16.485216], [95.381765, 16.47366], [95.375987, 16.452826], [95.348643, 16.401638], [95.343272, 16.399197], [95.325206, 16.3935], [95.3213, 16.391059], [95.310557, 16.35696], [95.299083, 16.341254], [95.289154, 16.322333], [95.282237, 16.303575], [95.272878, 16.230333], [95.274506, 16.184394], [95.271576, 16.169013], [95.261729, 16.155951], [95.234386, 16.121649], [95.204682, 16.088935], [95.185557, 16.04796], [95.184825, 16.044745], [95.169932, 16.03852], [95.159109, 16.036322], [95.149913, 16.037706], [95.142345, 16.037543], [95.132587, 16.024963]]]}}, {"type": "Feature", "properties": {"name": "Kaladan", "name_alt": null, "scalerank": 9.0}, "geometry": {"type": "MultiLineString", "coordinates": [[[93.073253, 20.554633], [93.06837, 20.579454], [93.050955, 20.593085], [93.031261, 20.60456], [93.014171, 20.626085], [93.008067, 20.650092], [93.004649, 20.697699], [92.994884, 20.718085], [92.986339, 20.723009], [92.976329, 20.724555], [92.966807, 20.727484], [92.959972, 20.736843], [92.960704, 20.746853], [92.977468, 20.780585], [92.979421, 20.80268], [92.971283, 20.844346], [92.972179, 20.862982], [92.979015, 20.872911], [92.999034, 20.885037], [93.006277, 20.89407], [93.007742, 20.899278], [93.008067, 20.904812], [93.006765, 20.916287], [93.000499, 20.94123], [92.997081, 20.950303], [92.986827, 20.967353], [92.984386, 20.976508], [92.98642, 20.986396], [92.996349, 21.001736], [92.997813, 21.011176], [92.993663, 21.018134], [92.986095, 21.023464], [92.97877, 21.029975], [92.97519, 21.041042], [92.972341, 21.065782], [92.966563, 21.089871], [92.958018, 21.111151], [92.925548, 21.169623], [92.922374, 21.178046], [92.918386, 21.195583], [92.915294, 21.203966], [92.905854, 21.217068], [92.882823, 21.237982], [92.874278, 21.248603], [92.868907, 21.26203], [92.862315, 21.290554], [92.856863, 21.304267], [92.822765, 21.349555], [92.790294, 21.428982], [92.784597, 21.458848], [92.779877, 21.473497], [92.771495, 21.485216], [92.753429, 21.505561], [92.740245, 21.531033], [92.736501, 21.558295], [92.748057, 21.583686], [92.7553, 21.588243], [92.763682, 21.590196], [92.771902, 21.593126], [92.77825, 21.600287], [92.779226, 21.610785], [92.769542, 21.673855], [92.769216, 21.694444], [92.773041, 21.714382], [92.782319, 21.731391], [92.80128, 21.742865], [92.844737, 21.745876], [92.864024, 21.754218], [92.874604, 21.769721], [92.879487, 21.78974], [92.880056, 21.810899], [92.873057, 21.863796], [92.869558, 21.873074], [92.863292, 21.879747], [92.849213, 21.890692], [92.843435, 21.899441], [92.838959, 21.921942], [92.848074, 21.992133], [92.835704, 22.101386], [92.836192, 22.122585], [92.844005, 22.164415], [92.844737, 22.185858], [92.83546, 22.29975], [92.836518, 22.307685], [92.839366, 22.315253], [92.844005, 22.323025], [92.848074, 22.325507], [92.861257, 22.326483], [92.881847, 22.338324], [92.898855, 22.377509], [92.913829, 22.391221], [92.921804, 22.392157], [92.944835, 22.392198], [92.950125, 22.393093], [92.951915, 22.407538], [92.938894, 22.44245], [92.935964, 22.458035], [92.946869, 22.535427], [92.941335, 22.711941], [92.937999, 22.722846], [92.931895, 22.732204], [92.922781, 22.740546], [92.910167, 22.796169], [92.909679, 22.814765], [92.913259, 22.828721], [92.920014, 22.840847], [92.936615, 22.863959], [92.944021, 22.879096], [92.955658, 22.911485], [92.964285, 22.925849], [92.976085, 22.935858], [92.99171, 22.942654], [93.008067, 22.943956], [93.021902, 22.93769], [93.026296, 22.932196], [93.036876, 22.913398], [93.060557, 22.889757], [93.080577, 22.862616], [93.112071, 22.800116], [93.115733, 22.798651], [93.125011, 22.821804], [93.160737, 22.861192], [93.175141, 22.881903], [93.177013, 22.900417], [93.170665, 22.920681], [93.15089, 22.956407], [93.142833, 22.977729], [93.137787, 23.005439], [93.139659, 23.032091], [93.152192, 23.050116], [93.176768, 23.058661], [93.196218, 23.054063], [93.211843, 23.040107], [93.225108, 23.020616], [93.246104, 23.004706], [93.272472, 23.006171], [93.29835, 23.018134], [93.317882, 23.033962], [93.332937, 23.052517], [93.374522, 23.12995], [93.374929, 23.142361], [93.372651, 23.154405], [93.372488, 23.17003], [93.380463, 23.237494], [93.376069, 23.279649], [93.377533, 23.296983], [93.383881, 23.3133], [93.403331, 23.338935], [93.40683, 23.34748], [93.407237, 23.356553], [93.405365, 23.367865], [93.399425, 23.426337], [93.399832, 23.45421], [93.432058, 23.647528], [93.429861, 23.680487], [93.42571, 23.691026], [93.412039, 23.70893], [93.405854, 23.719306]]]}}, {"type": "Feature", "properties": {"name": "Mytitha", "name_alt": null, "scalerank": 9.0}, "geometry": {"type": "MultiLineString", "coordinates": [[[93.638194, 21.939887], [93.770437, 21.954617], [93.83489, 21.971381], [93.856619, 21.97366], [93.879812, 21.971137], [93.890391, 21.967393], [93.897472, 21.962348], [93.911713, 21.948025], [93.929128, 21.935411], [93.948171, 21.926296], [93.967377, 21.92182], [93.986095, 21.923285], [93.992605, 21.925605], [93.998627, 21.929023], [94.021251, 21.949734], [94.043956, 21.961534], [94.051524, 21.969794], [94.049571, 21.970323], [94.043386, 21.978135], [94.042003, 21.980577], [94.04005, 21.98725], [94.040701, 21.990424], [94.043549, 21.992743], [94.047537, 21.997097], [94.058604, 22.013536], [94.064057, 22.024848], [94.067393, 22.029975], [94.072276, 22.034003], [94.077647, 22.035468], [94.089366, 22.035346], [94.094737, 22.036444], [94.102468, 22.042589], [94.107432, 22.051785], [94.116466, 22.083279], [94.116954, 22.093695], [94.115001, 22.103949], [94.110606, 22.114203], [94.103282, 22.141547], [94.112234, 22.159857], [94.126964, 22.17711], [94.136974, 22.201361], [94.135753, 22.210273], [94.125906, 22.225694], [94.123627, 22.235378], [94.125662, 22.244005], [94.134939, 22.265733], [94.137706, 22.276313], [94.137299, 22.283881], [94.133556, 22.298122], [94.132742, 22.304958], [94.134532, 22.313788], [94.142019, 22.32807], [94.143891, 22.337429], [94.132335, 22.385281], [94.124929, 22.390977], [94.106537, 22.394884], [94.100841, 22.399034], [94.097179, 22.415839], [94.099864, 22.433702], [94.10906, 22.444403], [94.125255, 22.439643], [94.128835, 22.458767], [94.141775, 22.499783], [94.141612, 22.517646], [94.137299, 22.525824], [94.125255, 22.54088], [94.120535, 22.551093], [94.117686, 22.564154], [94.117442, 22.577582], [94.129324, 22.651313], [94.106212, 22.813585], [94.105235, 22.850287], [94.101736, 22.869412], [94.090587, 22.892157], [94.061046, 22.925645], [94.052745, 22.946845], [94.052745, 22.956488], [94.054454, 22.966824], [94.062266, 22.988349], [94.084239, 23.027859], [94.088471, 23.039984], [94.084972, 23.045274], [94.079275, 23.047634], [94.076915, 23.050889], [94.08017, 23.058173], [94.096609, 23.085395], [94.108165, 23.122138], [94.109467, 23.133368], [94.104747, 23.149766], [94.096446, 23.163357], [94.092214, 23.176459], [94.09962, 23.191514], [94.111257, 23.202338], [94.113699, 23.207384], [94.115896, 23.233954], [94.119884, 23.239691], [94.128022, 23.244696], [94.139415, 23.247748], [94.152354, 23.248562], [94.165457, 23.247504], [94.177175, 23.245063], [94.187592, 23.239366], [94.202891, 23.221381], [94.211681, 23.213813], [94.223074, 23.210028], [94.307709, 23.208686]]]}}, {"type": "Feature", "properties": {"name": "Son", "name_alt": null, "scalerank": 9.0}, "geometry": {"type": "MultiLineString", "coordinates": [[[82.047374, 22.705919], [82.049408, 22.723497], [82.055756, 22.746039], [82.058849, 22.768256], [82.043468, 22.80268], [82.044444, 22.829128], [82.049815, 22.854804], [82.055431, 22.870429], [82.074962, 22.895087], [82.08489, 22.910183], [82.091726, 22.924262], [82.092784, 22.934638], [82.07252, 22.945014], [81.992442, 23.027208], [81.98585, 23.038031], [81.977061, 23.05683], [81.95574, 23.067939], [81.873627, 23.083808], [81.77296, 23.130479], [81.752452, 23.133165], [81.703624, 23.131537], [81.684093, 23.137966], [81.673757, 23.153998], [81.66269, 23.17654], [81.648936, 23.191596], [81.629487, 23.185126], [81.617605, 23.192654], [81.613699, 23.201931], [81.612641, 23.213202], [81.60906, 23.226671], [81.602306, 23.219835], [81.592214, 23.227729], [81.578136, 23.245795], [81.568126, 23.254665], [81.562104, 23.256781], [81.546641, 23.258857], [81.540131, 23.26085], [81.53297, 23.266913], [81.520274, 23.283026], [81.51295, 23.288764], [81.497325, 23.292344], [81.486501, 23.291124], [81.47877, 23.293809], [81.471934, 23.309272], [81.470632, 23.323269], [81.473562, 23.33747], [81.479015, 23.349555], [81.485606, 23.357042], [81.460948, 23.39704], [81.451427, 23.404853], [81.434988, 23.405463], [81.420421, 23.40058], [81.407481, 23.399522], [81.396251, 23.411689], [81.404307, 23.425971], [81.400645, 23.428656], [81.391368, 23.426459], [81.382498, 23.425971], [81.375987, 23.426825], [81.361746, 23.425076], [81.355235, 23.425971], [81.352957, 23.429633], [81.347667, 23.444363], [81.3449, 23.449246], [81.32724, 23.456732], [81.31129, 23.453681], [81.297293, 23.456163], [81.286388, 23.480577], [81.289073, 23.548774], [81.283214, 23.565945], [81.274913, 23.570502], [81.251557, 23.574897], [81.241954, 23.579901], [81.237885, 23.58808], [81.240652, 23.596747], [81.244721, 23.606472], [81.245372, 23.617743], [81.228608, 23.64171], [81.224864, 23.651923], [81.225027, 23.664171], [81.231619, 23.696234], [81.229015, 23.720282], [81.22169, 23.737087], [81.184581, 23.786648], [81.17392, 23.806667], [81.176199, 23.822781], [81.200857, 23.829413], [81.224376, 23.830593], [81.242442, 23.834906], [81.249115, 23.843288], [81.238536, 23.856716], [81.23406, 23.857733], [81.222667, 23.856065], [81.218028, 23.856716], [81.213634, 23.860134], [81.204275, 23.870958], [81.196056, 23.877224], [81.192312, 23.881415], [81.186697, 23.883857], [81.17335, 23.88463], [81.163503, 23.887763], [81.156668, 23.895575], [81.154796, 23.905707], [81.159434, 23.915635], [81.159109, 23.923529], [81.148529, 23.930609], [81.128673, 23.939276], [81.120942, 23.949734], [81.116466, 23.959093], [81.111339, 23.967312], [81.10198, 23.973985], [81.066987, 23.96894], [81.061046, 23.970282], [81.058849, 23.987616], [81.052257, 24.000922], [81.015066, 24.043036], [81.001394, 24.066189], [80.996023, 24.08751], [81.009369, 24.096869], [81.02589, 24.100287], [81.10906, 24.1317], [81.129405, 24.136664], [81.148936, 24.13642], [81.190847, 24.115546], [81.207612, 24.121649], [81.22047, 24.138495], [81.231619, 24.158393], [81.243744, 24.171942], [81.260671, 24.182969], [81.281179, 24.190456], [81.327647, 24.194525], [81.344005, 24.199815], [81.356456, 24.210273], [81.383556, 24.24726], [81.396658, 24.257595], [81.414073, 24.26142], [81.440847, 24.26203], [81.45045, 24.265082], [81.451671, 24.27265], [81.450694, 24.282497], [81.454845, 24.2921], [81.464773, 24.300808], [81.471446, 24.303819], [81.533214, 24.323065], [81.553315, 24.332831], [81.571218, 24.347357], [81.59905, 24.380316], [81.617198, 24.396999], [81.636322, 24.406033], [81.646983, 24.405707], [81.666433, 24.399278], [81.677989, 24.398546], [81.688731, 24.401475], [81.708995, 24.410834], [81.721446, 24.412869], [81.737397, 24.41767], [81.779063, 24.440009], [81.800792, 24.446967], [81.972179, 24.480496], [82.035655, 24.505154], [82.143484, 24.515896], [82.187266, 24.525662], [82.204682, 24.535834], [82.211843, 24.552802], [82.223074, 24.559678], [82.247488, 24.554877], [82.298432, 24.533718], [82.308604, 24.531806], [82.321056, 24.535102], [82.331716, 24.544013], [82.33489, 24.552924], [82.338796, 24.559678], [82.352061, 24.562445], [82.375092, 24.560411], [82.473237, 24.531521], [82.513682, 24.526679], [82.553966, 24.529812], [82.595876, 24.542548], [82.631765, 24.558661], [82.647472, 24.568223], [82.660818, 24.579861], [82.668712, 24.583686], [82.680105, 24.584581], [82.701752, 24.583564], [82.714692, 24.585964], [82.722667, 24.591824], [82.729747, 24.598578], [82.740001, 24.604031], [82.760834, 24.604315], [82.806733, 24.59516], [82.824718, 24.600898], [82.842784, 24.611192], [82.865489, 24.615994], [82.889171, 24.615668], [82.910655, 24.610867], [82.924897, 24.600124], [82.961925, 24.55622], [82.966889, 24.554063], [82.972097, 24.549384], [82.97877, 24.544704], [82.996755, 24.541287], [83.019216, 24.533474], [83.027354, 24.528917], [83.040294, 24.512763], [83.049408, 24.4949], [83.060313, 24.480292], [83.078624, 24.474311], [83.250499, 24.467475], [83.277761, 24.47016], [83.300141, 24.477484], [83.343272, 24.501573], [83.363292, 24.507514], [83.409923, 24.510077], [83.421153, 24.512152], [83.437918, 24.521023], [83.538666, 24.531317], [83.637218, 24.517279], [83.695811, 24.506374], [83.750092, 24.508409], [83.76767, 24.51378], [83.787852, 24.53738], [83.808686, 24.542548], [83.819347, 24.541327], [83.840424, 24.536241], [83.849864, 24.535102], [83.860606, 24.536322], [83.879812, 24.541368], [83.918386, 24.543809], [83.93808, 24.548692], [83.953868, 24.558946], [83.965831, 24.576117], [83.969737, 24.586982], [83.972667, 24.617703], [83.977061, 24.626899], [83.990326, 24.645779], [84.000255, 24.677924], [84.054617, 24.741156], [84.09433, 24.800889], [84.106456, 24.810085], [84.125418, 24.81269], [84.170339, 24.827989], [84.185557, 24.836778], [84.195079, 24.850613], [84.207042, 24.887397], [84.216319, 24.901923], [84.262462, 24.938259], [84.289806, 24.977607], [84.294851, 24.987616], [84.30128, 25.023261], [84.305431, 25.032294], [84.321218, 25.045966], [84.340831, 25.055691], [84.428233, 25.082465], [84.445893, 25.096503], [84.458263, 25.140937], [84.470876, 25.162299], [84.48642, 25.181423], [84.500255, 25.193671], [84.562511, 25.220038], [84.591563, 25.238634], [84.606456, 25.241523], [84.638113, 25.241482], [84.652436, 25.244981], [84.660574, 25.25373], [84.671479, 25.27558], [84.725515, 25.331651], [84.733653, 25.347927], [84.735281, 25.353949], [84.75351, 25.399482], [84.769786, 25.423041], [84.775076, 25.433214], [84.777354, 25.448188], [84.774425, 25.459174], [84.77003, 25.470079], [84.767833, 25.484442], [84.769949, 25.49962], [84.779307, 25.526435], [84.781342, 25.53974], [84.785248, 25.553087], [84.803315, 25.575303], [84.809255, 25.584662], [84.811534, 25.597602], [84.811046, 25.61168], [84.807628, 25.626003], [84.80185, 25.639268], [84.817963, 25.660427], [84.858897, 25.686876], [84.877615, 25.707587]]]}}, {"type": "Feature", "properties": {"name": null, "name_alt": null, "scalerank": 9.0}, "geometry": {"type": "MultiLineString", "coordinates": [[[77.765147, 13.11876], [77.770112, 13.028673], [77.780284, 12.986843], [77.798757, 12.948065], [77.819591, 12.915717], [77.828868, 12.895697], [77.832774, 12.875515], [77.836029, 12.865343], [77.844168, 12.85696], [77.863536, 12.84162], [77.872976, 12.829698], [77.877696, 12.818386], [77.880626, 12.797309], [77.880626, 12.756293], [77.885265, 12.744656], [77.891368, 12.735053], [77.892996, 12.724921], [77.884369, 12.711615], [77.88795, 12.700059], [77.942556, 12.652655], [77.986827, 12.596259], [78.015391, 12.577745], [78.059255, 12.570746], [78.098888, 12.576606], [78.119395, 12.572537], [78.128347, 12.553656], [78.134369, 12.531846], [78.148529, 12.511908], [78.176036, 12.482001], [78.247, 12.377224], [78.26474, 12.337958], [78.27589, 12.304755], [78.283702, 12.288601], [78.303233, 12.264106], [78.309093, 12.258979], [78.316905, 12.256619], [78.330333, 12.256049], [78.336518, 12.252224], [78.353526, 12.228095], [78.368907, 12.216254], [78.38323, 12.209784], [78.415538, 12.200792], [78.466807, 12.176378], [78.487071, 12.172878], [78.527599, 12.1706], [78.549815, 12.173367], [78.559662, 12.183702], [78.563569, 12.189765], [78.571869, 12.182644], [78.579194, 12.17182], [78.580089, 12.166612], [78.590831, 12.164903], [78.597911, 12.166205], [78.60491, 12.171088], [78.614268, 12.180284], [78.631928, 12.162787], [78.634858, 12.147895], [78.62794, 12.108262], [78.638682, 12.098578], [78.663178, 12.102159], [78.703624, 12.118232], [78.739024, 12.152208], [78.757904, 12.166856], [78.801524, 12.177598], [78.815929, 12.186306], [78.830007, 12.190009], [78.847667, 12.180284], [78.853526, 12.173611], [78.86321, 12.158881], [78.868093, 12.153022], [78.90504, 12.12877], [78.940929, 12.085517], [78.956716, 12.071072], [79.016531, 12.032904], [79.025076, 12.025743], [79.034679, 12.013373], [79.057058, 12.006212], [79.082286, 12.001247], [79.100841, 11.995307], [79.113292, 11.984402], [79.122488, 11.973253], [79.135265, 11.964667], [79.158946, 11.961208], [79.198253, 11.961697], [79.214122, 11.959784], [79.231212, 11.954413], [79.240001, 11.942898], [79.244884, 11.940131], [79.251394, 11.940497], [79.256928, 11.943223], [79.261729, 11.946357], [79.265391, 11.947577], [79.286062, 11.944403], [79.295421, 11.94127], [79.299408, 11.937038], [79.310313, 11.929267], [79.375255, 11.913398], [79.412852, 11.896674], [79.427745, 11.887152], [79.440359, 11.874945], [79.454682, 11.867703], [79.583914, 11.832546], [79.60434, 11.830268], [79.61142, 11.828437], [79.619395, 11.824001], [79.625906, 11.818427], [79.632091, 11.806464], [79.641124, 11.804633], [79.652273, 11.804755], [79.662608, 11.803575], [79.749441, 11.773057], [79.785976, 11.769404]]]}}, {"type": "Feature", "properties": {"name": null, "name_alt": null, "scalerank": 9.0}, "geometry": {"type": "MultiLineString", "coordinates": [[[85.185557, 23.309272], [85.206472, 23.314154], [85.222911, 23.30622], [85.236827, 23.294704], [85.250987, 23.288764], [85.285492, 23.287909], [85.304779, 23.289496], [85.322683, 23.294989], [85.334727, 23.305691], [85.348399, 23.32392], [85.35963, 23.344102], [85.364268, 23.36046], [85.374278, 23.372138], [85.422374, 23.389228], [85.439382, 23.398627], [85.461925, 23.431993], [85.477143, 23.446601], [85.509939, 23.454901], [85.528087, 23.464667], [85.538992, 23.466905], [85.550873, 23.465847], [85.576589, 23.459499], [85.587413, 23.460313], [85.60963, 23.465888], [85.617442, 23.466905], [85.626882, 23.464301], [85.641694, 23.454698], [85.648204, 23.452663], [85.73406, 23.452663], [85.745128, 23.455675], [85.763927, 23.465033], [85.775808, 23.466905], [85.78769, 23.464626], [85.808035, 23.454861], [85.819835, 23.452663], [85.830658, 23.448432], [85.836925, 23.439276], [85.841563, 23.430121], [85.847097, 23.425971], [85.87851, 23.428087], [85.884939, 23.425971], [85.894786, 23.416531], [85.894135, 23.409857], [85.889089, 23.402655], [85.884939, 23.391181], [85.883311, 23.367947], [85.880626, 23.356309], [85.874766, 23.346788], [85.859386, 23.329372], [85.844005, 23.307074], [85.832774, 23.283149], [85.829682, 23.26085], [85.839122, 23.240668], [85.871104, 23.210761], [85.878184, 23.188829], [85.880056, 23.177069], [85.885509, 23.166368], [85.90919, 23.139716], [85.913992, 23.126532], [85.9192, 23.117499], [85.953054, 23.085761], [85.988699, 23.063341], [86.016775, 23.037136], [86.028331, 22.993964], [86.021658, 22.948554], [86.021902, 22.923163], [86.032156, 22.911973], [86.040294, 22.908718], [86.066824, 22.887152], [86.075125, 22.883612], [86.111501, 22.877265], [86.128184, 22.865668], [86.135753, 22.852159], [86.143647, 22.840928], [86.180105, 22.833523], [86.227061, 22.808376], [86.292898, 22.792182], [86.302745, 22.784776], [86.30657, 22.766872], [86.316417, 22.748643], [86.3296, 22.732489], [86.343761, 22.720242], [86.351085, 22.718777], [86.35906, 22.720404], [86.367768, 22.718451], [86.377859, 22.705919], [86.381602, 22.69835], [86.383311, 22.693671], [86.385265, 22.684841], [86.3838, 22.680243], [86.379893, 22.675116], [86.377533, 22.668891], [86.381602, 22.661241], [86.476085, 22.565945], [86.490733, 22.547065], [86.501394, 22.528428], [86.510265, 22.50849], [86.517589, 22.497667], [86.59075, 22.418565], [86.600027, 22.402208], [86.611827, 22.369005], [86.618663, 22.355902], [86.641368, 22.330268], [86.652354, 22.314399], [86.659679, 22.29503], [86.661062, 22.274766], [86.659923, 22.257148], [86.66212, 22.241319], [86.67335, 22.226752], [86.704194, 22.21601], [86.783946, 22.208523], [86.809825, 22.192003], [86.818451, 22.221544], [86.823416, 22.226752], [86.83017, 22.225124], [86.84726, 22.201972], [86.856456, 22.196112], [86.86671, 22.193305], [86.875255, 22.19477], [86.878835, 22.201972], [86.880382, 22.217475], [86.884939, 22.222357], [86.891368, 22.221381], [86.909434, 22.216335], [86.923269, 22.207628], [86.933442, 22.205024], [86.945404, 22.205512], [86.965831, 22.211046], [86.977794, 22.21247], [86.983816, 22.20893], [86.993093, 22.190375], [86.998546, 22.182074], [87.009532, 22.174384], [87.01946, 22.172675], [87.030203, 22.173041], [87.043224, 22.171495], [87.074229, 22.157172], [87.105479, 22.13288], [87.159923, 22.075995], [87.180919, 22.048041], [87.218028, 22.017279], [87.221609, 22.009223], [87.222341, 21.997829], [87.221446, 21.97602], [87.223888, 21.965644], [87.236746, 21.948757], [87.242442, 21.938788], [87.247325, 21.868842], [87.245616, 21.856269], [87.22991, 21.85456], [87.222179, 21.849392], [87.209727, 21.8133], [87.208995, 21.806505], [87.205984, 21.802354], [87.1692, 21.781073], [87.157156, 21.771308], [87.163259, 21.766872], [87.171641, 21.763943], [87.184255, 21.756619], [87.195811, 21.746853], [87.200857, 21.736762], [87.211843, 21.72545], [87.261648, 21.695909], [87.27589, 21.684923], [87.288992, 21.694403], [87.292979, 21.699042], [87.296397, 21.70539], [87.303233, 21.70539], [87.306733, 21.693712], [87.307628, 21.669542], [87.310069, 21.657579], [87.315033, 21.651313], [87.322195, 21.645331], [87.328298, 21.63699], [87.330577, 21.623481], [87.325694, 21.608751], [87.318289, 21.60224], [87.315033, 21.595811], [87.323741, 21.581855], [87.331716, 21.576768], [87.340017, 21.576036], [87.346772, 21.573269], [87.350852, 21.565878]]]}}, {"type": "Feature", "properties": {"name": "Betwa", "name_alt": null, "scalerank": 9.0}, "geometry": {"type": "MultiLineString", "coordinates": [[[77.346202, 23.240343], [77.354747, 23.226264], [77.368663, 23.212999], [77.384288, 23.203233], [77.416026, 23.193142], [77.428152, 23.177558], [77.449229, 23.137966], [77.461518, 23.127875], [77.480398, 23.120185], [77.503673, 23.115058], [77.529307, 23.112576], [77.555105, 23.112738], [77.579194, 23.11579], [77.599376, 23.121649], [77.613699, 23.130479], [77.618907, 23.138292], [77.634776, 23.171454], [77.648367, 23.187608], [77.653331, 23.196641], [77.655284, 23.209337], [77.658376, 23.215522], [77.67213, 23.234076], [77.675222, 23.24376], [77.682628, 23.288764], [77.687266, 23.294949], [77.704519, 23.312852], [77.709972, 23.322292], [77.711436, 23.33279], [77.709972, 23.367255], [77.737234, 23.438992], [77.746755, 23.454617], [77.768158, 23.478135], [77.77825, 23.493598], [77.781993, 23.503933], [77.786876, 23.524237], [77.791921, 23.535183], [77.853282, 23.617743], [77.861908, 23.638129], [77.862804, 23.653388], [77.855398, 23.667833], [77.838959, 23.686062], [77.84547, 23.706855], [77.846446, 23.798651], [77.850515, 23.809841], [77.880626, 23.850531], [77.891531, 23.874132], [77.897716, 23.881537], [77.92213, 23.898261], [77.96339, 23.938992], [77.982351, 23.96365], [77.990489, 23.983954], [77.990896, 23.98664], [77.992442, 23.990017], [77.997325, 23.998562], [78.023936, 24.039089], [78.028901, 24.055609], [78.018484, 24.062771], [78.029877, 24.104315], [78.033376, 24.170966], [78.037364, 24.193671], [78.043875, 24.215359], [78.052419, 24.234687], [78.06544, 24.252631], [78.076671, 24.263129], [78.084402, 24.27558], [78.092784, 24.32453], [78.106619, 24.339057], [78.124522, 24.349962], [78.142589, 24.364447], [78.168386, 24.400336], [78.183849, 24.413764], [78.206472, 24.419053], [78.219005, 24.42532], [78.262706, 24.455878], [78.272227, 24.467475], [78.269949, 24.477729], [78.263194, 24.48074], [78.254324, 24.482123], [78.244395, 24.487901], [78.242279, 24.493109], [78.227468, 24.518256], [78.223888, 24.519314], [78.228933, 24.532782], [78.254324, 24.564887], [78.26474, 24.583564], [78.270437, 24.603298], [78.272227, 24.624538], [78.27003, 24.62873], [78.260509, 24.639106], [78.258067, 24.644965], [78.263682, 24.662787], [78.26474, 24.669216], [78.261241, 24.692694], [78.252371, 24.707302], [78.241222, 24.719062], [78.230724, 24.734402], [78.226736, 24.752753], [78.227061, 24.773301], [78.224864, 24.794216], [78.197765, 24.839464], [78.193126, 24.843573], [78.181895, 24.846625], [78.173595, 24.85456], [78.169037, 24.865505], [78.1692, 24.877753], [78.180431, 24.892605], [78.226003, 24.926378], [78.257091, 24.940253], [78.312511, 24.987616], [78.324799, 25.002224], [78.336518, 25.023017], [78.340587, 25.045844], [78.330333, 25.066433], [78.330496, 25.082058], [78.349213, 25.10045], [78.387706, 25.124783], [78.405528, 25.129096], [78.4428, 25.132432], [78.459727, 25.141872], [78.474539, 25.152696], [78.525401, 25.179389], [78.537364, 25.190131], [78.550548, 25.206], [78.56129, 25.223334], [78.565929, 25.238064], [78.57252, 25.252387], [78.649832, 25.334825], [78.661632, 25.355577], [78.651785, 25.365017], [78.645112, 25.373236], [78.658621, 25.391466], [78.706554, 25.433214], [78.717052, 25.44599], [78.722585, 25.461778], [78.724132, 25.484442], [78.72698, 25.494493], [78.734304, 25.502021], [78.744151, 25.5067], [78.754812, 25.508368], [78.763113, 25.510932], [78.78183, 25.524034], [78.792491, 25.529486], [78.823416, 25.529486], [78.832774, 25.530585], [78.850108, 25.535224], [78.857514, 25.536322], [78.863292, 25.541042], [78.908376, 25.567003], [78.907319, 25.576443], [78.902761, 25.593777], [78.901541, 25.601142], [78.905528, 25.605496], [78.925141, 25.616563], [78.976166, 25.660712], [78.98349, 25.669745], [78.989268, 25.680284], [79.030284, 25.71837], [79.035574, 25.722195], [79.040701, 25.727078], [79.045665, 25.734931], [79.047455, 25.743354], [79.047537, 25.75373], [79.046886, 25.761664], [79.045665, 25.762803], [79.06129, 25.794298], [79.070811, 25.807685], [79.079682, 25.81684], [79.099701, 25.82335], [79.136241, 25.811957], [79.155528, 25.81684], [79.171479, 25.808295], [79.196381, 25.798896], [79.221446, 25.796983], [79.237397, 25.810614], [79.241954, 25.805772], [79.248464, 25.801215], [79.251069, 25.796983], [79.263927, 25.803534], [79.274669, 25.811835], [79.285818, 25.816026], [79.299408, 25.810614], [79.285085, 25.787543], [79.301524, 25.776394], [79.327647, 25.77619], [79.341075, 25.78616], [79.345225, 25.795478], [79.354747, 25.794867], [79.365896, 25.790717], [79.375255, 25.789578], [79.396902, 25.805243], [79.408621, 25.810981], [79.419526, 25.806912], [79.442475, 25.792914], [79.454112, 25.805732], [79.463959, 25.844184], [79.486095, 25.85753], [79.50644, 25.850898], [79.539073, 25.823676], [79.549571, 25.831244], [79.556651, 25.841335], [79.566417, 25.865831], [79.53655, 25.865587], [79.523204, 25.869208], [79.511729, 25.878933], [79.520274, 25.885769], [79.531261, 25.889594], [79.557058, 25.892524], [79.584239, 25.895616], [79.596934, 25.899726], [79.607921, 25.906846], [79.601492, 25.916449], [79.599701, 25.92475], [79.60377, 25.930732], [79.614187, 25.933539], [79.627452, 25.928331], [79.637299, 25.917344], [79.646658, 25.910264], [79.65919, 25.916775], [79.664806, 25.920518], [79.675304, 25.925808], [79.685476, 25.928168], [79.696218, 25.915554], [79.710541, 25.914171], [79.726736, 25.914862], [79.738292, 25.913031], [79.750662, 25.899604], [79.756847, 25.886339], [79.766531, 25.876166], [79.789561, 25.872097], [79.797537, 25.876532], [79.800385, 25.887152], [79.799815, 25.909939], [79.805186, 25.913926], [79.816987, 25.907172], [79.833914, 25.892524], [79.845714, 25.890082], [79.862722, 25.892524], [79.888438, 25.892524], [79.894054, 25.889716], [79.899913, 25.880805], [79.906261, 25.878933], [79.918875, 25.880072], [79.927013, 25.883328], [79.951589, 25.907172], [79.957042, 25.909939], [79.977957, 25.899441], [79.983002, 25.895087], [79.986827, 25.889472], [79.992931, 25.885281], [80.005056, 25.885118], [80.009532, 25.887478], [80.020112, 25.89643], [80.025808, 25.899441], [80.033702, 25.90119], [80.03769, 25.900946], [80.041596, 25.89997], [80.049571, 25.899441], [80.065847, 25.905829], [80.085948, 25.936794], [80.101329, 25.94713], [80.118175, 25.948513], [80.132823, 25.944892], [80.174327, 25.92475], [80.18629, 25.921658], [80.209972, 25.919867]]]}}, {"type": "Feature", "properties": {"name": "Parbati", "name_alt": null, "scalerank": 9.0}, "geometry": {"type": "MultiLineString", "coordinates": [[[76.655691, 22.914903], [76.671886, 22.971137], [76.685069, 22.995876], [76.722748, 23.025458], [76.762218, 23.075954], [76.771007, 23.083319], [76.791433, 23.091173], [76.801036, 23.096625], [76.814545, 23.110867], [76.845876, 23.16116], [76.886648, 23.19538], [76.899099, 23.209093], [76.923432, 23.230821], [76.954194, 23.251329], [76.978445, 23.27558], [76.983409, 23.308417], [76.981212, 23.323513], [76.981049, 23.339179], [76.991791, 23.403428], [77.000662, 23.421007], [77.0171, 23.438585], [77.107188, 23.51614], [77.12851, 23.545356], [77.140554, 23.580105], [77.140147, 23.590684], [77.135183, 23.610378], [77.136241, 23.621202], [77.206635, 23.785102], [77.214366, 23.814154], [77.21046, 23.829698], [77.199636, 23.842963], [77.18629, 23.864854], [77.184255, 23.873887], [77.186615, 23.890815], [77.186453, 23.899522], [77.171479, 23.94245], [77.169526, 23.990831], [77.177419, 24.08869], [77.167572, 24.136583], [77.117198, 24.244005], [77.106863, 24.281033], [77.095876, 24.423774], [77.086029, 24.467597], [77.074229, 24.490098], [77.062022, 24.507595], [77.054617, 24.526679], [77.060802, 24.577908], [77.059011, 24.602362], [77.046153, 24.649604], [77.037364, 24.670356], [77.027273, 24.685981], [77.014578, 24.699246], [76.966807, 24.737576], [76.956391, 24.742621], [76.94573, 24.74433], [76.938243, 24.743191], [76.931082, 24.741156], [76.921397, 24.739773], [76.877859, 24.743964], [76.848074, 24.759792], [76.795095, 24.81684], [76.699636, 24.893134], [76.674327, 24.923041], [76.648936, 24.970771], [76.610362, 25.081732], [76.601166, 25.136094], [76.603038, 25.162706], [76.608409, 25.18948], [76.610769, 25.21601], [76.60255, 25.242051], [76.5949, 25.249091], [76.576101, 25.256415], [76.568126, 25.263048], [76.561697, 25.277533], [76.561941, 25.290635], [76.564464, 25.303778], [76.565522, 25.318305], [76.563731, 25.356309], [76.566173, 25.370225], [76.572683, 25.385606], [76.580658, 25.399685], [76.586192, 25.414659], [76.584727, 25.433132], [76.578624, 25.442003], [76.559093, 25.452582], [76.551362, 25.46015], [76.546967, 25.470811], [76.54127, 25.49433], [76.521495, 25.550238], [76.492198, 25.686835], [76.487722, 25.69831], [76.481619, 25.70893], [76.478445, 25.719835], [76.481212, 25.732204], [76.487397, 25.737169], [76.505951, 25.740505], [76.512706, 25.744696], [76.517589, 25.757432], [76.516612, 25.785346], [76.517996, 25.799343], [76.523041, 25.812201], [76.545909, 25.848334]]]}}, {"type": "Feature", "properties": {"name": "Indravati", "name_alt": null, "scalerank": 9.0}, "geometry": {"type": "MultiLineString", "coordinates": [[[80.267345, 18.713935], [80.26474, 18.731798], [80.261241, 18.744574], [80.260509, 18.755561], [80.266043, 18.768256], [80.274832, 18.776964], [80.338878, 18.813422], [80.349213, 18.831], [80.344168, 18.850775], [80.283946, 18.920356], [80.271251, 18.947048], [80.271902, 18.979519], [80.290457, 19.019355], [80.346202, 19.08157], [80.366466, 19.117458], [80.370535, 19.137152], [80.373057, 19.151435], [80.396983, 19.234239], [80.405284, 19.250434], [80.413829, 19.256171], [80.437022, 19.265408], [80.447276, 19.272162], [80.456554, 19.285183], [80.471121, 19.315945], [80.480886, 19.32864], [80.489757, 19.334418], [80.508393, 19.340522], [80.517019, 19.345282], [80.526378, 19.355414], [80.542735, 19.378607], [80.553396, 19.38699], [80.575857, 19.392035], [80.587006, 19.381944], [80.600352, 19.341742], [80.617279, 19.31863], [80.633556, 19.31684], [80.652924, 19.322455], [80.679779, 19.321601], [80.690033, 19.311225], [80.749278, 19.216905], [80.750906, 19.20657], [80.751231, 19.185736], [80.754812, 19.175605], [80.769216, 19.160224], [80.787527, 19.152371], [80.807546, 19.146674], [80.827891, 19.137722], [80.865001, 19.11164], [80.883311, 19.103542], [80.902599, 19.103095], [80.92335, 19.114285], [80.966807, 19.130316], [81.013764, 19.11933], [81.057709, 19.091864], [81.108816, 19.040473], [81.126557, 19.027167], [81.146983, 19.020535], [81.172374, 19.02204], [81.201427, 19.034735], [81.22169, 19.054999], [81.253429, 19.103095], [81.271495, 19.111029], [81.315522, 19.097846], [81.338796, 19.109809], [81.342703, 19.118679], [81.344005, 19.140489], [81.34669, 19.15058], [81.353119, 19.160183], [81.374766, 19.183458], [81.384207, 19.190701], [81.393158, 19.193671], [81.423757, 19.196316], [81.437266, 19.200141], [81.460541, 19.212185], [81.473237, 19.216864], [81.490001, 19.218573], [81.525645, 19.218207], [81.5442, 19.221788], [81.555675, 19.228705], [81.578543, 19.246772], [81.591238, 19.248969], [81.607188, 19.237657], [81.623139, 19.195868], [81.635509, 19.183376], [81.651296, 19.183417], [81.66684, 19.190131], [81.681895, 19.19892], [81.696788, 19.205349], [81.711436, 19.206122], [81.739268, 19.199083], [81.754161, 19.198106], [81.771007, 19.199571], [81.789073, 19.199083], [81.804779, 19.19363], [81.823416, 19.167996], [81.836518, 19.160264], [81.851573, 19.1588], [81.865815, 19.165391], [81.870046, 19.200507], [81.877371, 19.211127], [81.893565, 19.190741], [81.895112, 19.181464], [81.891205, 19.162136], [81.892345, 19.153144], [81.899994, 19.142157], [81.910411, 19.133612], [81.933442, 19.118679], [81.954031, 19.11697], [81.975352, 19.129421], [81.995616, 19.137519], [82.013113, 19.122992], [82.028738, 19.106228], [82.04835, 19.104438], [82.069753, 19.11168], [82.09075, 19.121853], [82.112722, 19.123725], [82.113292, 19.126044], [82.113699, 19.130723], [82.115489, 19.135606], [82.120128, 19.138739], [82.13144, 19.138861], [82.163259, 19.127265], [82.216401, 19.126776], [82.314138, 19.168524], [82.365326, 19.181912], [82.45574, 19.178819], [82.545828, 19.205878], [82.57366, 19.206244], [82.584727, 19.200792], [82.606944, 19.182196], [82.618337, 19.174872], [82.621104, 19.172065], [82.626231, 19.163642], [82.629893, 19.161648], [82.638682, 19.162706], [82.641775, 19.166693], [82.643565, 19.171698], [82.648936, 19.175849], [82.678315, 19.191474], [82.726492, 19.227647], [82.758881, 19.238227], [82.79005, 19.243598], [82.809825, 19.252143], [82.824474, 19.268866], [82.888682, 19.39293], [82.904796, 19.414374], [82.945079, 19.456732], [82.95989, 19.480536]]]}}, {"type": "Feature", "properties": {"name": null, "name_alt": null, "scalerank": 9.0}, "geometry": {"type": "MultiLineString", "coordinates": [[[93.80421, 26.744167], [93.807709, 26.74433], [93.806407, 26.757351], [93.79892, 26.780382], [93.797862, 26.792548], [93.808116, 26.829617], [93.830333, 26.863227], [93.860932, 26.889675], [93.907725, 26.909247], [93.915619, 26.915717], [93.931082, 26.931505], [93.940033, 26.935858], [93.958018, 26.936957], [93.966807, 26.940456], [93.990733, 26.956326], [94.013764, 26.967963], [94.060069, 26.981147], [94.079194, 26.980821], [94.093354, 26.978298], [94.108165, 26.978583], [94.129405, 26.986762], [94.15919, 27.003852], [94.171316, 27.015652], [94.178803, 27.031317], [94.175955, 27.049628], [94.151541, 27.073676], [94.151947, 27.085395], [94.169851, 27.097764], [94.192393, 27.10578], [94.212413, 27.116319], [94.223155, 27.13642], [94.227957, 27.147569], [94.23585, 27.153632], [94.245046, 27.158311], [94.253429, 27.165717], [94.260265, 27.177598], [94.264252, 27.189521], [94.265717, 27.201931], [94.266124, 27.226752], [94.269054, 27.235053], [94.27532, 27.239773], [94.301199, 27.241563], [94.310964, 27.24726], [94.314952, 27.257432], [94.312511, 27.271918], [94.307709, 27.283962], [94.306407, 27.289862], [94.30657, 27.297227], [94.310313, 27.316189], [94.309093, 27.322618], [94.305105, 27.329779], [94.299327, 27.335517], [94.285818, 27.34516], [94.280203, 27.350409], [94.271251, 27.362006], [94.244721, 27.387519], [94.239675, 27.39586], [94.237885, 27.406562], [94.24464, 27.408962], [94.277192, 27.401435], [94.282481, 27.402208], [94.28769, 27.405585], [94.292898, 27.413886], [94.295421, 27.424994], [94.296153, 27.436591], [94.295665, 27.446357], [94.29241, 27.462348], [94.249766, 27.56505], [94.240815, 27.574652], [94.228526, 27.583075], [94.217296, 27.596869], [94.212332, 27.612616], [94.219005, 27.626654], [94.277599, 27.6789], [94.331147, 27.715115], [94.339854, 27.728705], [94.336355, 27.733832], [94.317882, 27.742011], [94.312104, 27.750027], [94.310313, 27.764431], [94.311615, 27.779079], [94.316417, 27.792751], [94.334565, 27.815253], [94.338634, 27.824001], [94.336192, 27.863349], [94.324636, 27.903754], [94.279796, 27.992865], [94.262218, 28.00788], [94.2553, 28.009548], [94.244233, 28.007392], [94.237641, 28.007839], [94.220714, 28.016628], [94.205408, 28.036714]]]}}, {"type": "Feature", "properties": {"name": "Ravi", "name_alt": null, "scalerank": 9.0}, "geometry": {"type": "MultiLineString", "coordinates": [[[76.82545, 32.327257], [76.767507, 32.303046], [76.746593, 32.299913], [76.73585, 32.302069], [76.717296, 32.311469], [76.705333, 32.313585], [76.695893, 32.310981], [76.690929, 32.304999], [76.687266, 32.298163], [76.68214, 32.293077], [76.642507, 32.287299], [76.601573, 32.299343], [76.564871, 32.320339], [76.538097, 32.341498], [76.518321, 32.362331], [76.510753, 32.368232], [76.481619, 32.386298], [76.476573, 32.392117], [76.475597, 32.414496], [76.47047, 32.432685], [76.458018, 32.446804], [76.435069, 32.456977], [76.416026, 32.457343], [76.376475, 32.445014], [76.35255, 32.443915], [76.330577, 32.451524], [76.304291, 32.473497], [76.280772, 32.478095], [76.216563, 32.467963], [76.194835, 32.470649], [76.181082, 32.479315], [76.129893, 32.529608], [76.120616, 32.545844], [76.110362, 32.583604], [76.100678, 32.600287], [76.082774, 32.614854], [76.064382, 32.620958], [76.044444, 32.621527], [75.979747, 32.610867], [75.967784, 32.611355], [75.944347, 32.616278], [75.934174, 32.617011], [75.912852, 32.610622], [75.895518, 32.596869], [75.865815, 32.560614], [75.867198, 32.547553], [75.854991, 32.526313], [75.839122, 32.506619], [75.828624, 32.497911], [75.817882, 32.494818], [75.797537, 32.481147], [75.742931, 32.464423], [75.736827, 32.455919], [75.732514, 32.437201], [75.72934, 32.429633], [75.723155, 32.424262], [75.705658, 32.412869], [75.698253, 32.406073], [75.682546, 32.399848], [75.611908, 32.395535], [75.573253, 32.374701], [75.538015, 32.345242], [75.464447, 32.252794], [75.455577, 32.244696], [75.419444, 32.226426], [75.414073, 32.220771], [75.403331, 32.211982], [75.338308, 32.190701], [75.328624, 32.179023], [75.320323, 32.165351], [75.309988, 32.153876], [75.2942, 32.149115], [75.26295, 32.15115], [75.249522, 32.149115], [75.226085, 32.142279], [75.195242, 32.12877], [75.172781, 32.109931], [75.173757, 32.087022], [75.161062, 32.088202], [75.13795, 32.093695], [75.129405, 32.09044], [75.118582, 32.081244], [75.109955, 32.077826], [75.101654, 32.078315], [75.040538, 32.098212], [75.022227, 32.094916], [75.029796, 32.066514], [75.019786, 32.066107], [74.995128, 32.067572], [74.985769, 32.063422], [74.978038, 32.053575], [74.973643, 32.045193], [74.967377, 32.038153], [74.95517, 32.032416], [74.930919, 32.030097], [74.908376, 32.032091], [74.888682, 32.02912], [74.872813, 32.011908], [74.828217, 32.025662], [74.810802, 32.003933], [74.802013, 31.969062], [74.783295, 31.943061], [74.762625, 31.939154], [74.698009, 31.950507], [74.669526, 31.904405], [74.656749, 31.89586], [74.640636, 31.890815], [74.565033, 31.840766], [74.550141, 31.827216], [74.540457, 31.811103], [74.537039, 31.78913], [74.536632, 31.775946], [74.534679, 31.771348], [74.530528, 31.768093], [74.522716, 31.758653], [74.520925, 31.753974], [74.517996, 31.742011], [74.51588, 31.737616], [74.512787, 31.735378], [74.504975, 31.732204], [74.502859, 31.73078], [74.492198, 31.714789], [74.47934, 31.700303], [74.46282, 31.694403], [74.441417, 31.704047], [74.420665, 31.692654], [74.404796, 31.681342], [74.387462, 31.672716], [74.362641, 31.669298], [74.343679, 31.661729], [74.324799, 31.628485], [74.307628, 31.620917], [74.292572, 31.597276], [74.289968, 31.59044], [74.28655, 31.577826], [74.278087, 31.569851], [74.222097, 31.544216], [74.211436, 31.535224], [74.20517, 31.525987], [74.203543, 31.517768], [74.203298, 31.508979], [74.201752, 31.497992]], [[74.208018, 31.497992], [74.170665, 31.476671], [74.154714, 31.462429], [74.166433, 31.449571], [74.166433, 31.443386], [74.152354, 31.438096], [74.131847, 31.440741], [74.118663, 31.436591], [74.106456, 31.424913], [74.103119, 31.401435], [74.091319, 31.388129], [74.080007, 31.396837], [74.055105, 31.4053], [74.043468, 31.416083], [73.997, 31.320909], [73.983816, 31.305243], [73.967784, 31.298774], [73.950287, 31.315131], [73.938894, 31.322292], [73.933604, 31.316759], [73.930756, 31.3039], [73.923595, 31.298896], [73.91448, 31.296698], [73.905691, 31.292548], [73.893891, 31.279608], [73.885671, 31.26557], [73.872162, 31.230496], [73.861339, 31.23782], [73.823171, 31.24669], [73.807221, 31.254706], [73.790457, 31.259385], [73.775401, 31.248969], [73.756114, 31.22366], [73.726085, 31.197821], [73.708914, 31.187527], [73.690684, 31.183295], [73.655365, 31.184923], [73.646251, 31.177273], [73.659923, 31.155382], [73.6421, 31.15998], [73.628835, 31.158881], [73.617198, 31.152615], [73.604584, 31.14171], [73.589447, 31.150214], [73.579682, 31.141872], [73.573253, 31.128363], [73.567149, 31.121283], [73.546316, 31.123887], [73.539561, 31.131659], [73.543224, 31.162177], [73.525645, 31.145575], [73.514903, 31.132839], [73.502859, 31.122829], [73.481049, 31.114366], [73.459076, 31.110663], [73.443289, 31.112413], [73.406179, 31.121283], [73.40919, 31.116807], [73.414561, 31.106391], [73.419688, 31.100775], [73.404552, 31.096869], [73.390147, 31.095486], [73.385265, 31.089871], [73.398692, 31.073432], [73.381928, 31.071316], [73.362397, 31.065212], [73.350108, 31.055365], [73.354503, 31.0421], [73.359386, 31.033515], [73.358328, 31.024197], [73.353526, 31.015245], [73.347341, 31.008002], [73.341401, 31.00495], [73.336925, 31.007025], [73.333425, 31.010362], [73.330333, 31.01142], [73.314382, 30.999335], [73.310557, 30.997097], [73.257823, 30.987576], [73.245209, 30.980333], [73.240326, 30.973253], [73.237641, 30.964789], [73.235932, 30.94656], [73.233002, 30.939561], [73.226003, 30.935004], [73.207449, 30.928819], [73.200694, 30.936306], [73.192149, 30.924587], [73.183116, 30.925238], [73.17335, 30.928819], [73.163097, 30.925727], [73.160818, 30.921251], [73.159272, 30.910956], [73.156505, 30.908962], [73.142507, 30.909125], [73.135671, 30.907172], [73.131765, 30.902167], [73.134288, 30.894639], [73.149832, 30.877021], [73.153331, 30.871121], [73.149506, 30.855536], [73.14088, 30.856147], [73.126069, 30.867987], [73.101736, 30.862616], [73.096446, 30.848904], [73.092214, 30.832628], [73.071544, 30.819607], [73.057058, 30.817328], [73.052338, 30.820258], [73.049327, 30.824774], [73.039561, 30.827012], [73.026947, 30.821845], [73.0171, 30.810818], [73.005626, 30.800889], [72.988292, 30.799099], [72.997325, 30.787299], [72.997162, 30.777777], [72.989024, 30.770209], [72.974701, 30.76435], [72.9546, 30.772488], [72.930268, 30.773261], [72.885265, 30.76435], [72.889171, 30.746649], [72.881765, 30.730902], [72.868256, 30.722602], [72.85434, 30.727118], [72.848643, 30.72663], [72.843191, 30.719184], [72.836925, 30.706326], [72.833425, 30.701361], [72.825613, 30.705878], [72.813243, 30.717149], [72.775401, 30.717149], [72.771495, 30.716091], [72.767019, 30.717312], [72.763276, 30.717475], [72.761729, 30.713446], [72.762462, 30.69892], [72.761729, 30.696112], [72.757253, 30.692694], [72.751475, 30.689724], [72.74407, 30.688096], [72.734467, 30.689236], [72.734467, 30.68244], [72.743907, 30.674913], [72.745209, 30.661566], [72.74114, 30.646552], [72.734467, 30.633979], [72.724539, 30.621649], [72.718028, 30.618232], [72.709402, 30.617784], [72.693451, 30.614122], [72.69573, 30.611029], [72.698334, 30.603868], [72.700287, 30.60045], [72.689708, 30.596462], [72.679128, 30.594184], [72.668956, 30.595038], [72.659434, 30.60045], [72.649913, 30.591579], [72.642589, 30.590115], [72.632091, 30.593044], [72.585216, 30.595404], [72.574311, 30.601671], [72.567312, 30.610663], [72.556244, 30.620958], [72.541433, 30.625678], [72.525808, 30.615749], [72.511974, 30.624376], [72.496186, 30.628526], [72.467296, 30.60871], [72.453868, 30.614122], [72.446381, 30.607286], [72.450125, 30.605089], [72.460053, 30.60045], [72.460053, 30.593044], [72.45045, 30.594997], [72.442556, 30.599677], [72.436697, 30.604763], [72.432872, 30.607286], [72.423595, 30.608466], [72.405528, 30.607286], [72.387706, 30.602729], [72.362722, 30.589626], [72.347179, 30.586859], [72.33839, 30.587755], [72.322358, 30.592068], [72.312999, 30.593044], [72.30421, 30.590888], [72.288015, 30.581488], [72.278575, 30.579372], [72.225108, 30.583075], [72.214366, 30.586859], [72.196707, 30.579779], [72.17392, 30.578192], [72.151541, 30.581732], [72.119884, 30.596706], [72.0831, 30.600043], [72.070323, 30.607286], [72.054617, 30.606147], [71.984304, 30.616156], [71.972341, 30.621772], [71.940929, 30.646593], [71.936615, 30.651882], [71.930431, 30.655463], [71.918875, 30.655707], [71.918224, 30.652208], [71.888194, 30.630927], [71.876882, 30.627712], [71.840343, 30.627021], [71.822765, 30.620958], [71.832042, 30.604763], [71.817963, 30.600043], [71.794444, 30.604112], [71.774913, 30.614122]]]}}, {"type": "Feature", "properties": {"name": null, "name_alt": null, "scalerank": 9.0}, "geometry": {"type": "MultiLineString", "coordinates": [[[92.197846, 22.503607], [92.180105, 22.502997], [92.16155, 22.513007], [92.155284, 22.514187], [92.145518, 22.507839], [92.144623, 22.500596], [92.14739, 22.493272], [92.148448, 22.486843], [92.140066, 22.470038], [92.125987, 22.456895], [92.106619, 22.44831], [92.083263, 22.445258], [92.071056, 22.447537], [92.054291, 22.457302], [92.042003, 22.45954], [92.033214, 22.453152], [92.028901, 22.424994], [92.021658, 22.418565], [91.97462, 22.418769], [91.953054, 22.422431], [91.929291, 22.431586], [91.92628, 22.425889], [91.921886, 22.424587], [91.916026, 22.425116], [91.908132, 22.42475]]]}}, {"type": "Feature", "properties": {"name": "Balak", "name_alt": null, "scalerank": 9.0}, "geometry": {"type": "MultiLineString", "coordinates": [[[91.164561, 24.355251], [91.160818, 24.349229], [91.160085, 24.332139], [91.163992, 24.313666], [91.16505, 24.299872], [91.162527, 24.284044], [91.156261, 24.270087], [91.142833, 24.257636], [91.119151, 24.252712], [91.093761, 24.259711], [91.080658, 24.252712], [91.076101, 24.235297], [91.073171, 24.229112], [91.067312, 24.224799], [91.0595, 24.216742], [91.042084, 24.196845], [91.012218, 24.17475], [90.999766, 24.162218], [90.998139, 24.15351], [91.001882, 24.144721], [91.014252, 24.131537], [91.030691, 24.114447], [91.035737, 24.105821], [91.040945, 24.093451], [91.04184, 24.082628], [91.039236, 24.072537], [91.033376, 24.063015], [91.008718, 24.040066], [90.999766, 24.034044], [90.98642, 24.014716], [90.985037, 24.01435], [90.976492, 24.007514]]]}}, {"type": "Feature", "properties": {"name": "Balak", "name_alt": null, "scalerank": 9.0}, "geometry": {"type": "MultiLineString", "coordinates": [[[94.258718, 25.461208], [94.236095, 25.461534], [94.223399, 25.453925], [94.214773, 25.442979], [94.204112, 25.433214], [94.169444, 25.419623], [94.163015, 25.412665], [94.15683, 25.40351], [94.149425, 25.395616], [94.138927, 25.392279], [94.120209, 25.388495], [94.108653, 25.377794], [94.102631, 25.361599], [94.101085, 25.341091], [94.063975, 25.304145], [94.053233, 25.296088], [94.057872, 25.32331], [94.066824, 25.349473], [94.072276, 25.37462], [94.066905, 25.398505], [94.053396, 25.409003], [94.029714, 25.418809], [94.003835, 25.423692], [93.984386, 25.419623], [93.949718, 25.443671], [93.921397, 25.46955], [93.888682, 25.482367], [93.841075, 25.467353], [93.808604, 25.446153], [93.723643, 25.364081], [93.698741, 25.347195], [93.679128, 25.328315], [93.679617, 25.324042], [93.67921, 25.314399], [93.649099, 25.26199], [93.612722, 25.215684], [93.600841, 25.18891], [93.584565, 25.178534], [93.546804, 25.165717], [93.517996, 25.150662], [93.496104, 25.128241], [93.482026, 25.099677], [93.477306, 25.066433], [93.473888, 25.054511], [93.449962, 25.014919], [93.42921, 24.970404], [93.410085, 24.944403], [93.40504, 24.931423], [93.402761, 24.917426], [93.402192, 24.901923], [93.411632, 24.846706], [93.409679, 24.830593], [93.399099, 24.81977], [93.385265, 24.817694], [93.37322, 24.814276], [93.368093, 24.799587], [93.367198, 24.783718], [93.363455, 24.766954], [93.355235, 24.757107], [93.34075, 24.761664], [93.334402, 24.737901], [93.333263, 24.716905], [93.330577, 24.707099], [93.324474, 24.699734], [93.313406, 24.693427], [93.31129, 24.696804], [93.311046, 24.697699], [93.306651, 24.700222], [93.302419, 24.687079], [93.294526, 24.675849], [93.282481, 24.66828], [93.265636, 24.666083], [93.24822, 24.671983], [93.23935, 24.683783], [93.231619, 24.697048], [93.217784, 24.707058], [93.219005, 24.69599], [93.230886, 24.666083], [93.220795, 24.659044], [93.218191, 24.650946], [93.221772, 24.6435], [93.230886, 24.63878], [93.220795, 24.629177], [93.218191, 24.617255], [93.217784, 24.590359], [93.212494, 24.575263], [93.204275, 24.561103], [93.186534, 24.538845], [93.177664, 24.524359], [93.168875, 24.474311], [93.151296, 24.427843], [93.148204, 24.410509], [93.146007, 24.404161], [93.138601, 24.389512], [93.03655, 24.259223], [93.024913, 24.234687], [93.018565, 24.234687], [93.013194, 24.26203], [93.014171, 24.274482], [93.018565, 24.288682], [93.026134, 24.300076], [93.042735, 24.315253], [93.045909, 24.326606], [93.041515, 24.340888], [93.022878, 24.354315], [93.018565, 24.367499], [93.021983, 24.390204], [93.020518, 24.400214], [93.011729, 24.412869], [93.036632, 24.414659], [93.045665, 24.444607], [93.052745, 24.522732], [93.064464, 24.558946], [93.07366, 24.567247], [93.090587, 24.569892], [93.100597, 24.577094], [93.095714, 24.593695], [93.080089, 24.624538], [93.09905, 24.654405], [93.106212, 24.671983], [93.097341, 24.679755], [93.091075, 24.682725], [93.087983, 24.690294], [93.086925, 24.710476], [93.083588, 24.71837], [93.075857, 24.721625], [93.066987, 24.723456], [93.059581, 24.726915], [93.035574, 24.780341], [93.028575, 24.789618], [92.987641, 24.789618], [92.975678, 24.791775], [92.966563, 24.796413], [92.956554, 24.80329], [92.928966, 24.792344], [92.910818, 24.74254], [92.888194, 24.734402], [92.888194, 24.741156], [92.896007, 24.742011], [92.899994, 24.743842], [92.903331, 24.746161], [92.908702, 24.748643], [92.896902, 24.753241], [92.867686, 24.76911], [92.865896, 24.760362], [92.863292, 24.755886], [92.854096, 24.748643], [92.844493, 24.754218], [92.842865, 24.760199], [92.843435, 24.767035], [92.840424, 24.775336], [92.834565, 24.779608], [92.828136, 24.781602], [92.822765, 24.784857], [92.820567, 24.79267], [92.827891, 24.794298], [92.859955, 24.815212], [92.867686, 24.816921], [92.85849, 24.830878], [92.827403, 24.824164], [92.820567, 24.833686], [92.814464, 24.835069], [92.800955, 24.841864], [92.786876, 24.852159], [92.778901, 24.864081], [92.759288, 24.864366], [92.747081, 24.886257], [92.733653, 24.900458], [92.710704, 24.877753], [92.716238, 24.873603], [92.72047, 24.869737], [92.724864, 24.866482], [92.731212, 24.864081], [92.731212, 24.857856], [92.71339, 24.863634], [92.698741, 24.86225], [92.691905, 24.853339], [92.697195, 24.836778], [92.686534, 24.836697], [92.667491, 24.831814], [92.658946, 24.830593], [92.646576, 24.83279], [92.643891, 24.83747], [92.646007, 24.842068], [92.648692, 24.843573], [92.647472, 24.847439], [92.648692, 24.852118], [92.649018, 24.856228], [92.645274, 24.857856], [92.634044, 24.85753], [92.628917, 24.858344], [92.624522, 24.860948], [92.616791, 24.867377], [92.608653, 24.872382], [92.600597, 24.875922], [92.593435, 24.877753], [92.583751, 24.87755], [92.565929, 24.872748], [92.518565, 24.870429], [92.493907, 24.865424], [92.477468, 24.864081], [92.49114, 24.883897], [92.494151, 24.895087], [92.490896, 24.912543], [92.483409, 24.928494], [92.474132, 24.936835], [92.449311, 24.946641], [92.457612, 24.953477], [92.453705, 24.958319], [92.444265, 24.962592], [92.41212, 24.98432], [92.411876, 24.987616], [92.39446, 24.993476], [92.379649, 25.004462], [92.362804, 25.010565], [92.339447, 25.001899], [92.307628, 25.026923], [92.276866, 25.003852], [92.250255, 24.971259], [92.230235, 24.967719], [92.22047, 24.948676], [92.208507, 24.945502], [92.194428, 24.945624], [92.179128, 24.936713], [92.168224, 24.927191], [92.12794, 24.905056], [92.113292, 24.894151], [92.107432, 24.892035], [92.095876, 24.893337], [92.088308, 24.898708], [92.080577, 24.901638], [92.062266, 24.891303], [92.038585, 24.885199], [92.031993, 24.879584], [92.0206, 24.866563], [92.014578, 24.864081], [91.97226, 24.862576], [91.955984, 24.864081], [91.954194, 24.863715], [91.929291, 24.864081], [91.907807, 24.870429], [91.89796, 24.871527], [91.863455, 24.881863], [91.824229, 24.899604], [91.790131, 24.904853], [91.771576, 24.877753], [91.766531, 24.892035], [91.760671, 24.897284], [91.753347, 24.899522], [91.743663, 24.905056], [91.728038, 24.918036], [91.717784, 24.923774], [91.706472, 24.926134], [91.703136, 24.931993], [91.702729, 24.970811], [91.69866, 24.980536], [91.688731, 24.987006], [91.668549, 24.995063], [91.675304, 24.99433], [91.696544, 24.995063], [91.690684, 25.003363], [91.680268, 25.015245], [91.675955, 25.022325], [91.688975, 25.022325], [91.688975, 25.028591], [91.665131, 25.033311], [91.641368, 25.018378], [91.617442, 25.00849], [91.592865, 25.028591], [91.582937, 25.022528], [91.575125, 25.026435], [91.569591, 25.036811], [91.566173, 25.05032], [91.552419, 25.042833], [91.548106, 25.054877], [91.528901, 25.056952], [91.524506, 25.066433], [91.521414, 25.078437], [91.513601, 25.082709], [91.503429, 25.080593], [91.493907, 25.073269], [91.47934, 25.064968], [91.470307, 25.07213], [91.463145, 25.091254], [91.450857, 25.094753], [91.439382, 25.094102], [91.427419, 25.090196], [91.414643, 25.083808], [91.399506, 25.069281], [91.382823, 25.046007], [91.371104, 25.024441], [91.370616, 25.014919], [91.371349, 25.010199], [91.389903, 24.990546], [91.394216, 24.987616], [91.395925, 24.973334], [91.394542, 24.96072], [91.389578, 24.954657], [91.380626, 24.960273], [91.374441, 24.960273], [91.353608, 24.917426], [91.348888, 24.8935], [91.353282, 24.871527], [91.370942, 24.849799], [91.379405, 24.836493], [91.377452, 24.830593], [91.371755, 24.824164], [91.363373, 24.810085], [91.358653, 24.796007], [91.363455, 24.789618], [91.388927, 24.767157], [91.379242, 24.718207], [91.347097, 24.670478], [91.304779, 24.651801], [91.308116, 24.634223], [91.302419, 24.614081], [91.29127, 24.600898], [91.27825, 24.604031], [91.270274, 24.593533], [91.26116, 24.587104], [91.251882, 24.582139], [91.243337, 24.576117], [91.237397, 24.569281], [91.207449, 24.512803], [91.1963, 24.498887], [91.181895, 24.487901], [91.181895, 24.501573], [91.174571, 24.501573], [91.160818, 24.480496], [91.168468, 24.476182], [91.188731, 24.460639], [91.173839, 24.455268], [91.179779, 24.449897], [91.193614, 24.444648], [91.202403, 24.439521], [91.20224, 24.42239], [91.192149, 24.410468], [91.178722, 24.40119], [91.168956, 24.39171], [91.161062, 24.376776], [91.159434, 24.368232], [91.164968, 24.364447], [91.170909, 24.363552], [91.171804, 24.361355], [91.169037, 24.358344], [91.164561, 24.355251]], [[90.976492, 24.007514], [90.967052, 23.994208], [90.952647, 23.983995], [90.936453, 23.976426], [90.912364, 23.969184], [90.865733, 23.965522], [90.85906, 23.963894], [90.852061, 23.960801], [90.846934, 23.956326], [90.843761, 23.950263], [90.842784, 23.942735], [90.844005, 23.935411], [90.855968, 23.891425], [90.85434, 23.884711], [90.84962, 23.880194], [90.843272, 23.876532], [90.836436, 23.873806], [90.830089, 23.871934], [90.822683, 23.870917], [90.792003, 23.872138], [90.784923, 23.871121], [90.778331, 23.86872], [90.771576, 23.864691], [90.765391, 23.859565], [90.759776, 23.853461], [90.75587, 23.846503], [90.7553, 23.838406], [90.760753, 23.816718], [90.76116, 23.808865], [90.759695, 23.801947], [90.739024, 23.752631], [90.723399, 23.73074], [90.721202, 23.721869], [90.724864, 23.715399], [90.739268, 23.706081], [90.744884, 23.701361], [90.749278, 23.695095], [90.751475, 23.687934], [90.750906, 23.680691], [90.743093, 23.667263], [90.730479, 23.656602], [90.715343, 23.65001], [90.699799, 23.648708], [90.683604, 23.651394], [90.675385, 23.653998], [90.668875, 23.657904], [90.662608, 23.663153], [90.655935, 23.667589], [90.649343, 23.668158], [90.643077, 23.661689], [90.641368, 23.647528], [90.650971, 23.619412], [90.647472, 23.605984], [90.64446, 23.602891], [90.64088, 23.60045], [90.633286, 23.596653]], [[90.734304, 23.659288], [90.760916, 23.634101], [90.769623, 23.622829], [90.767345, 23.617743], [90.751882, 23.61579], [90.740245, 23.610297], [90.735932, 23.601671], [90.743175, 23.590399], [90.733165, 23.580024], [90.710948, 23.567084], [90.702159, 23.55504]]]}}, {"type": "Feature", "properties": {"name": "Gandak", "name_alt": null, "scalerank": 9.0}, "geometry": {"type": "MultiLineString", "coordinates": [[[83.925291, 27.531638], [83.925385, 27.527126], [83.935069, 27.523749], [83.956065, 27.523546], [83.959402, 27.518663], [83.948416, 27.506374], [83.940929, 27.495185], [83.940684, 27.483751], [83.941824, 27.472439], [83.938487, 27.461697], [83.922537, 27.450222], [83.899506, 27.444119], [83.853282, 27.441189], [83.833751, 27.43419], [83.842296, 27.41828], [83.870942, 27.389675], [83.87322, 27.380235], [83.877208, 27.370144], [83.876964, 27.362006], [83.867198, 27.358669], [83.861339, 27.354682], [83.85434, 27.345323], [83.843028, 27.32449], [83.841075, 27.303005], [83.851492, 27.289374], [83.864513, 27.278835], [83.870942, 27.266425], [83.880626, 27.261542], [83.925385, 27.248481], [83.938487, 27.235134], [83.938487, 27.24254], [83.950206, 27.214952], [83.971446, 27.198432], [84.020437, 27.173651], [84.033214, 27.154405], [84.04892, 27.103095], [84.068858, 27.084296], [84.108002, 27.092637], [84.143484, 27.063788], [84.170665, 27.019599], [84.185557, 26.981879], [84.196788, 26.940212], [84.205496, 26.921454], [84.216319, 26.913601], [84.22934, 26.908555], [84.281749, 26.879462], [84.290945, 26.860622], [84.298269, 26.83515], [84.308523, 26.812771], [84.338878, 26.796658], [84.349864, 26.780788], [84.358653, 26.761054], [84.372325, 26.698554], [84.382498, 26.681098], [84.401296, 26.674018], [84.415457, 26.664415], [84.41741, 26.619412], [84.425792, 26.605089], [84.503673, 26.605089], [84.519135, 26.598171], [84.524425, 26.581488], [84.527599, 26.543647], [84.537039, 26.526313], [84.552664, 26.506049], [84.570404, 26.489203], [84.590587, 26.480007], [84.598562, 26.475043], [84.608816, 26.47016], [84.620372, 26.467963], [84.631765, 26.469794], [84.653901, 26.475938], [84.665294, 26.474799], [84.684255, 26.461493], [84.723399, 26.403388], [84.756602, 26.366563], [84.808035, 26.289903], [84.826101, 26.270616], [84.846934, 26.262519], [84.855479, 26.261339], [84.86321, 26.258124], [84.869884, 26.253119], [84.875906, 26.24669], [84.898041, 26.207872], [84.903819, 26.1883], [84.907481, 26.150702], [84.915538, 26.13585], [84.966563, 26.099799], [84.973888, 26.084337], [84.966075, 26.067654], [84.951915, 26.055935], [84.946218, 26.042182], [84.96339, 26.018866], [84.977631, 26.01081], [85.029063, 25.994981], [85.045665, 25.982367], [85.065929, 25.953559], [85.086192, 25.930487], [85.102306, 25.91588], [85.113536, 25.907742], [85.124034, 25.872097], [85.141043, 25.853949], [85.158783, 25.841132], [85.172862, 25.827501], [85.17864, 25.806912], [85.192963, 25.720649], [85.192393, 25.695421], [85.17921, 25.656521], [85.182709, 25.637641]]]}}, {"type": "Feature", "properties": {"name": "Ayeyarwady (Irrawaddy)", "name_alt": null, "scalerank": 4.0}, "geometry": {"type": "MultiLineString", "coordinates": [[[97.204666, 24.266204], [97.203054, 24.246161], [97.193126, 24.220811], [97.185313, 24.206732], [97.17628, 24.194851], [97.163585, 24.181342], [97.147227, 24.170356], [97.112804, 24.161444], [97.084076, 24.142198], [97.061697, 24.137885], [97.050304, 24.138739], [97.039432, 24.141163]], [[96.936773, 24.130173], [96.92921, 24.128119], [96.910818, 24.137885], [96.867442, 24.186794], [96.836925, 24.199042], [96.8213, 24.212755], [96.808442, 24.228624], [96.800955, 24.240912], [96.790945, 24.277411], [96.781993, 24.290391], [96.750662, 24.299587], [96.69866, 24.329657], [96.652761, 24.346625], [96.640636, 24.354193], [96.633556, 24.357286], [96.622488, 24.358832], [96.610932, 24.358954], [96.602468, 24.357611], [96.591889, 24.352403], [96.588634, 24.346869], [96.587169, 24.339789], [96.58196, 24.329657], [96.567556, 24.314154], [96.55128, 24.303534], [96.532319, 24.297471], [96.509939, 24.295518], [96.490896, 24.29918], [96.472667, 24.305854], [96.454845, 24.309272], [96.437999, 24.303005], [96.446381, 24.275173], [96.431407, 24.253241], [96.383311, 24.221055], [96.362641, 24.200222], [96.303233, 24.113959], [96.295014, 24.096218], [96.289806, 24.075141], [96.28712, 24.048529], [96.289968, 23.970282], [96.280284, 23.946112], [96.274425, 23.940009], [96.271007, 23.932074], [96.250418, 23.857611], [96.245372, 23.844997], [96.237804, 23.834052], [96.22877, 23.829413], [96.221446, 23.824246], [96.216726, 23.812079], [96.205007, 23.7685], [96.200287, 23.761583], [96.191498, 23.754259], [96.180675, 23.752224], [96.167247, 23.752631], [96.155528, 23.749701], [96.150483, 23.73725], [96.14796, 23.71308], [96.140147, 23.691026], [96.127371, 23.670722], [96.10963, 23.651923], [96.057058, 23.609076], [96.034923, 23.585232], [96.020274, 23.55504], [96.012299, 23.514228], [96.006602, 23.384955], [95.978119, 23.261746], [95.964854, 22.76907], [95.962006, 22.759385], [95.955089, 22.750312], [95.943451, 22.744249], [95.920095, 22.743232], [95.910492, 22.739447], [95.901296, 22.707221], [95.917003, 22.661689], [95.985281, 22.550116], [95.990245, 22.529324], [95.982432, 22.510443], [95.969493, 22.49197], [95.964773, 22.472602], [95.963796, 22.392524], [95.97047, 22.374376], [95.989513, 22.35281], [96.012706, 22.331855], [96.013682, 22.323025], [96.006602, 22.308702], [96.001475, 22.302802], [95.995942, 22.298407], [95.990489, 22.292304], [95.986095, 22.281358], [95.98463, 22.270819], [95.987804, 22.216498], [96.000418, 22.157904], [96.007498, 22.089423], [96.024994, 22.058214], [96.048106, 21.994005], [96.05128, 21.956366], [96.04127, 21.923448], [96.021007, 21.896552], [95.992931, 21.876736], [95.973155, 21.867255], [95.955496, 21.860907], [95.936534, 21.857367], [95.913829, 21.856269], [95.90089, 21.863389], [95.848888, 21.910834], [95.814708, 21.925564], [95.776459, 21.931505], [95.526866, 21.922146], [95.511974, 21.917507], [95.505789, 21.907782], [95.499441, 21.88996], [95.47169, 21.856879], [95.465343, 21.839464], [95.461518, 21.811306], [95.45045, 21.780829], [95.432058, 21.756374], [95.406749, 21.746405], [95.387136, 21.7331], [95.368337, 21.66531], [95.355479, 21.636542], [95.355479, 21.630316], [95.348888, 21.621283], [95.342296, 21.608913], [95.337006, 21.595974], [95.327403, 21.545966], [95.324474, 21.537462], [95.33017, 21.463935], [95.3213, 21.465847], [95.313406, 21.452094], [95.305593, 21.450466], [95.296886, 21.452989], [95.287201, 21.452175], [95.280365, 21.448513], [95.275483, 21.445095], [95.271983, 21.441759], [95.269135, 21.438422], [95.255463, 21.421088], [95.19101, 21.370225], [95.158621, 21.329657], [95.141612, 21.31391], [95.118663, 21.307563], [95.077403, 21.301337], [95.069428, 21.30329], [95.056407, 21.312283], [95.047537, 21.315009], [95.021902, 21.311225], [95.002208, 21.296698], [94.989757, 21.275092], [94.985606, 21.249823], [94.975027, 21.244208], [94.90976, 21.225613], [94.863048, 21.22602], [94.85963, 21.227159], [94.855968, 21.227566], [94.848399, 21.225613], [94.843028, 21.22248], [94.833751, 21.213731], [94.819347, 21.204372], [94.809825, 21.185981], [94.803315, 21.16352], [94.799897, 21.143663], [94.800955, 21.099636], [94.817149, 21.015733], [94.820323, 20.972357], [94.806407, 20.924506], [94.776459, 20.89114], [94.742931, 20.864203], [94.718028, 20.835801], [94.713145, 20.813829], [94.718761, 20.796088], [94.727631, 20.779975], [94.732351, 20.76321], [94.733979, 20.745551], [94.744884, 20.706488], [94.752208, 20.691189], [94.766694, 20.672919], [94.782481, 20.658067], [94.794932, 20.643419], [94.799897, 20.626044], [94.802989, 20.606147], [94.816417, 20.565945], [94.820323, 20.547187], [94.818451, 20.515245], [94.820323, 20.506212], [94.828624, 20.496121], [94.83839, 20.491726], [94.848888, 20.488552], [94.858653, 20.482001], [94.869233, 20.463935], [94.889252, 20.396348], [94.905203, 20.364854], [94.908702, 20.343817], [94.900076, 20.324652], [94.896495, 20.310411], [94.896658, 20.245551], [94.899425, 20.236029], [94.908376, 20.216824], [94.90976, 20.204617], [94.907644, 20.199774], [94.898692, 20.190497], [94.896658, 20.184109], [94.89796, 20.177314], [94.900076, 20.17296], [94.902599, 20.169867], [94.903575, 20.16706], [94.906749, 20.146593], [94.91448, 20.124335], [94.925548, 20.103787], [94.937755, 20.088487], [94.967296, 20.066433], [94.985606, 20.0574], [95.002533, 20.053738], [95.010834, 20.04918], [95.017019, 20.038601], [95.019216, 20.02619], [95.016205, 20.016466], [95.010834, 20.005439], [95.014089, 19.996446], [95.026459, 19.98489], [95.033132, 19.980536], [95.050304, 19.972724], [95.053803, 19.96837], [95.047537, 19.93769], [95.048595, 19.924384], [95.052175, 19.915107], [95.061941, 19.910224], [95.081147, 19.910346], [95.112641, 19.890733], [95.142182, 19.860867], [95.160167, 19.823065], [95.156261, 19.780056], [95.138682, 19.7508], [95.135753, 19.739081], [95.138438, 19.726752], [95.152843, 19.708279], [95.156261, 19.701199], [95.169932, 19.622382], [95.16448, 19.500556], [95.169932, 19.457872], [95.19394, 19.396674], [95.197276, 19.37226], [95.195567, 19.350857], [95.187266, 19.320014], [95.174897, 19.15294], [95.169932, 19.135769], [95.154877, 19.116238], [95.139415, 19.106879], [95.127045, 19.095649], [95.112722, 19.015163], [95.115245, 18.991767], [95.125906, 18.950751], [95.134207, 18.930854], [95.146251, 18.913194], [95.19337, 18.865831], [95.204112, 18.848334], [95.213145, 18.805487], [95.2046, 18.76789], [95.185639, 18.737576], [95.163097, 18.716824], [95.152843, 18.710801], [95.122081, 18.697537], [95.117279, 18.696845], [95.106212, 18.698432], [95.101573, 18.697537], [95.099376, 18.693305], [95.095225, 18.67947], [95.079845, 18.66706], [95.075857, 18.645087], [95.073741, 18.601345], [95.066498, 18.579698], [95.062999, 18.561794], [95.067475, 18.543769], [95.084565, 18.522244], [95.163097, 18.464179], [95.179454, 18.447618], [95.192393, 18.43004], [95.200857, 18.409857], [95.204112, 18.385606], [95.20989, 18.363227], [95.224132, 18.348578], [95.242198, 18.339545], [95.259288, 18.333808], [95.287364, 18.320014], [95.311697, 18.300076], [95.355479, 18.251288], [95.361095, 18.246649], [95.377208, 18.236151], [95.382823, 18.23078], [95.387787, 18.219916], [95.394786, 18.195258], [95.399913, 18.186103], [95.403575, 18.176703], [95.402843, 18.154568], [95.406749, 18.145087], [95.412364, 18.13585], [95.450287, 18.033067], [95.4546, 17.996365], [95.444835, 17.957099], [95.439871, 17.949408], [95.42864, 17.938544], [95.423839, 17.929145], [95.424246, 17.921088], [95.433686, 17.875922], [95.439871, 17.866645], [95.454519, 17.850287], [95.459076, 17.839952], [95.457774, 17.829535], [95.451101, 17.813056], [95.449718, 17.770209], [95.4581, 17.72602], [95.473562, 17.685899], [95.492605, 17.655382], [95.502452, 17.64529], [95.516612, 17.63406], [95.533132, 17.625027], [95.55071, 17.621283], [95.565522, 17.614285], [95.561453, 17.597439], [95.541026, 17.559841], [95.540294, 17.544257], [95.542491, 17.521104], [95.547862, 17.500067], [95.557546, 17.490912], [95.570079, 17.484402], [95.604096, 17.453315], [95.623057, 17.443142], [95.648448, 17.44005], [95.66505, 17.440741], [95.674246, 17.436591], [95.677013, 17.418972], [95.669851, 17.408067], [95.623057, 17.381049], [95.610362, 17.366034], [95.599539, 17.345526], [95.591726, 17.323188], [95.588878, 17.302558], [95.588878, 17.261908], [95.591319, 17.25141], [95.639903, 17.14765], [95.646495, 17.109931], [95.635916, 17.073188], [95.595795, 17.036444], [95.571707, 17.018826], [95.560964, 17.014838], [95.56308, 16.981716], [95.567393, 16.964057], [95.575206, 16.942247], [95.612234, 16.879747], [95.612641, 16.86404], [95.593272, 16.848944], [95.575694, 16.847683], [95.556895, 16.850165], [95.533702, 16.846625], [95.521495, 16.837836], [95.492279, 16.811306], [95.47519, 16.805691], [95.450206, 16.803778], [95.433116, 16.798163], [95.403331, 16.777777], [95.388682, 16.772488], [95.348562, 16.764757], [95.334972, 16.75788], [95.331147, 16.743476], [95.33253, 16.719591], [95.338471, 16.6942], [95.348643, 16.67536], [95.323741, 16.661444], [95.323334, 16.647569], [95.327891, 16.631293], [95.317556, 16.610175], [95.302257, 16.602118], [95.281749, 16.596055], [95.262706, 16.587714], [95.25172, 16.572943], [95.253184, 16.563341], [95.264578, 16.544989], [95.266124, 16.538153], [95.258881, 16.529242], [95.230886, 16.508165], [95.221446, 16.504014], [95.200694, 16.499091], [95.188243, 16.486355], [95.177745, 16.468777], [95.163097, 16.449408], [95.080089, 16.393866], [95.060639, 16.367499], [95.04005, 16.295193], [95.033783, 16.281277], [95.007091, 16.260688], [94.992442, 16.2508]]]}}, {"type": "Feature", "properties": {"name": "Nu", "name_alt": null, "scalerank": 4.0}, "geometry": {"type": "MultiLineString", "coordinates": [[[98.490817, 24.045083], [98.431895, 24.000067], [98.417572, 23.982693], [98.411632, 23.963446], [98.415294, 23.919949], [98.425385, 23.878445], [98.444916, 23.841498], [98.473399, 23.814236], [98.508114, 23.79325]], [[98.644996, 23.618893], [98.648936, 23.608913], [98.649099, 23.596788], [98.644542, 23.582953], [98.638194, 23.575303], [98.629324, 23.567084], [98.621349, 23.55744], [98.613373, 23.533759], [98.594249, 23.517442], [98.589854, 23.504177], [98.592784, 23.49018], [98.599864, 23.474718], [98.617768, 23.445828], [98.606863, 23.42654], [98.617931, 23.419257], [98.639089, 23.420437], [98.658214, 23.425971], [98.720225, 23.388048], [98.733165, 23.301825], [98.731212, 23.276557], [98.724213, 23.262315], [98.710704, 23.256049], [98.689138, 23.254665], [98.683442, 23.251492], [98.66505, 23.237372], [98.649832, 23.232978], [98.640554, 23.227851], [98.634288, 23.226671], [98.626475, 23.228542], [98.616791, 23.23725], [98.610362, 23.240343], [98.588471, 23.241278], [98.55421, 23.229844], [98.53183, 23.226671], [98.526459, 23.223497], [98.516368, 23.209418], [98.510916, 23.206244], [98.500011, 23.207465], [98.478608, 23.212226], [98.466319, 23.212429], [98.443451, 23.205512], [98.446056, 23.195136], [98.458751, 23.184109], [98.471202, 23.17003], [98.482432, 23.164374], [98.495128, 23.159735], [98.504242, 23.157782], [98.516043, 23.152777], [98.524099, 23.141181], [98.535248, 23.117499], [98.559255, 23.092719], [98.564708, 23.076443], [98.545095, 23.069037], [98.527192, 23.065294], [98.511322, 23.055691], [98.499522, 23.042507], [98.493663, 23.028103], [98.496511, 23.013617], [98.505056, 22.989529], [98.517589, 22.97016], [98.53183, 22.970038], [98.54892, 22.974718], [98.566335, 22.963975], [98.589854, 22.938747], [98.655284, 22.909857], [98.66505, 22.90119], [98.664561, 22.876166], [98.661143, 22.859239], [98.651134, 22.847032], [98.63087, 22.83629], [98.611339, 22.830837], [98.545095, 22.822618], [98.540538, 22.818305], [98.524669, 22.791327], [98.521983, 22.781602], [98.527599, 22.770331], [98.541515, 22.75373], [98.54892, 22.737331], [98.548106, 22.730292], [98.543956, 22.723822], [98.541515, 22.709337], [98.544526, 22.70071], [98.558849, 22.685858], [98.563243, 22.678656], [98.562999, 22.669135], [98.559662, 22.661322], [98.556163, 22.655341], [98.555186, 22.651313], [98.558849, 22.639268], [98.562755, 22.637803], [98.57252, 22.637722], [98.578298, 22.634874], [98.58074, 22.628201], [98.582612, 22.620225], [98.59075, 22.606472], [98.5949, 22.58808], [98.600108, 22.579291], [98.612397, 22.563503], [98.616303, 22.554633], [98.621674, 22.528103], [98.639415, 22.496283], [98.644542, 22.480048], [98.641612, 22.459988], [98.622488, 22.429958], [98.617768, 22.414862], [98.61321, 22.381659], [98.601085, 22.346625], [98.585378, 22.314032], [98.568858, 22.288194], [98.578298, 22.273139], [98.631114, 22.158271], [98.643484, 22.139431], [98.698253, 22.086982], [98.720144, 22.073798], [98.744151, 22.068468], [98.756358, 22.063259], [98.767833, 22.051785], [98.774425, 22.040229], [98.771495, 22.03498], [98.756847, 22.034857], [98.745697, 22.032904], [98.738048, 22.026719], [98.733165, 22.013861], [98.740733, 22.007025], [98.734793, 21.998318], [98.726085, 21.980089], [98.720225, 21.972276], [98.713308, 21.967637], [98.697195, 21.961208], [98.671397, 21.942939], [98.628998, 21.926459], [98.569347, 21.893622], [98.554698, 21.878974], [98.54892, 21.85932], [98.551199, 21.838324], [98.58546, 21.715277], [98.635753, 21.647528], [98.644542, 21.630316], [98.648529, 21.581366], [98.618337, 21.562079], [98.582286, 21.547716], [98.568858, 21.513617], [98.578136, 21.492947], [98.610769, 21.455512], [98.625255, 21.417019], [98.642345, 21.406806], [98.661062, 21.399482], [98.673106, 21.390082], [98.676768, 21.372911], [98.678722, 21.30447], [98.683523, 21.290839], [98.706147, 21.258653], [98.71282, 21.239285], [98.710867, 21.221015], [98.705577, 21.199734], [98.703136, 21.178534], [98.709727, 21.160468], [98.726492, 21.14289], [98.78297, 21.102118], [98.801687, 21.074734], [98.796397, 21.043402], [98.773855, 21.013983], [98.740733, 20.992255], [98.712413, 20.989814], [98.673432, 20.992255], [98.638927, 20.990546], [98.607432, 20.960395], [98.530691, 20.962755], [98.507904, 20.951239]]]}}, {"type": "Feature", "properties": {"name": "God?vari", "name_alt": null, "scalerank": 5.0}, "geometry": {"type": "MultiLineString", "coordinates": [[[73.652436, 20.012763], [73.65683, 20.0185], [73.666108, 20.034532], [73.672944, 20.040107], [73.686046, 20.042996], [73.69573, 20.040147], [73.70517, 20.035671], [73.738536, 20.031317], [73.781261, 20.019802], [73.822195, 19.997829], [73.838145, 19.99372], [73.862315, 19.992296], [73.902599, 19.999132], [73.916596, 19.997423], [73.947276, 19.98489], [73.967377, 19.982693], [73.975352, 19.988471], [73.980479, 20.000312], [73.991954, 20.016466], [74.004161, 20.026475], [74.021495, 20.03738], [74.040538, 20.0456], [74.05714, 20.047553], [74.066173, 20.040839], [74.073334, 20.030544], [74.082612, 20.025092], [74.098155, 20.033271], [74.11671, 20.020575], [74.147065, 20.014268], [74.163015, 20.002875], [74.171886, 19.999213], [74.196707, 19.995063], [74.201752, 19.988593], [74.228526, 19.971788], [74.23642, 19.9713], [74.254975, 19.972724], [74.263194, 19.971788], [74.288097, 19.95954], [74.293712, 19.957546], [74.313569, 19.955186], [74.389171, 19.930609], [74.409272, 19.919013], [74.42628, 19.905544], [74.433442, 19.893012], [74.442475, 19.881944], [74.464285, 19.883857], [74.489268, 19.889431], [74.508881, 19.889268], [74.512625, 19.884711], [74.522716, 19.861925], [74.53297, 19.853827], [74.544363, 19.846991], [74.553396, 19.838202], [74.560802, 19.811794], [74.568858, 19.805854], [74.579112, 19.802354], [74.601166, 19.789089], [74.610932, 19.791775], [74.620372, 19.797919], [74.632498, 19.800482], [74.673432, 19.780056], [74.691987, 19.767849], [74.698416, 19.76614], [74.740326, 19.765082], [74.759369, 19.761094], [74.774425, 19.751003], [74.790701, 19.731635], [74.813487, 19.690945], [74.829031, 19.671576], [74.848888, 19.663357], [74.861095, 19.6612], [74.8803, 19.651801], [74.88974, 19.649685], [74.917084, 19.654364], [74.929454, 19.654975], [74.940929, 19.649685], [74.951589, 19.656602], [74.96339, 19.652696], [74.98878, 19.636013], [75.016124, 19.629218], [75.03476, 19.616645], [75.036632, 19.614936], [75.113292, 19.600531], [75.139659, 19.587592], [75.160737, 19.595893], [75.180919, 19.593858], [75.195811, 19.582872], [75.201752, 19.564032], [75.205984, 19.556749], [75.216726, 19.548448], [75.247, 19.532823], [75.319428, 19.508368], [75.335216, 19.505683], [75.340017, 19.50255], [75.350515, 19.488878], [75.355561, 19.485785], [75.36964, 19.4678], [75.375662, 19.463487], [75.378429, 19.466254], [75.381114, 19.470649], [75.386648, 19.471544], [75.408376, 19.466132], [75.417491, 19.461534], [75.427664, 19.451687], [75.431651, 19.440945], [75.432384, 19.429633], [75.436697, 19.4206], [75.451915, 19.416938], [75.457612, 19.420111], [75.469493, 19.43419], [75.479096, 19.437445], [75.490245, 19.434353], [75.497325, 19.426947], [75.503184, 19.417792], [75.510183, 19.409491], [75.548106, 19.389472], [75.68157, 19.362331], [75.705007, 19.354519], [75.720714, 19.352159], [75.735444, 19.354844], [75.749115, 19.365831], [75.758556, 19.379665], [75.76946, 19.391425], [75.787364, 19.39643], [75.802175, 19.39171], [75.818614, 19.382351], [75.834727, 19.375759], [75.84905, 19.379014], [75.863699, 19.384833], [75.897878, 19.38406], [75.914236, 19.388983], [75.91448, 19.377468], [75.907481, 19.348009], [75.907481, 19.317328], [75.91741, 19.304877], [75.940196, 19.302436], [75.965587, 19.306505], [75.983165, 19.31391], [75.992605, 19.330837], [76.000499, 19.340155], [76.009858, 19.341824], [76.016043, 19.332831], [76.017345, 19.305447], [76.020763, 19.299628], [76.030772, 19.298651], [76.050548, 19.294379], [76.061615, 19.293402], [76.075287, 19.296251], [76.081635, 19.302802], [76.085867, 19.309678], [76.093028, 19.31391], [76.110444, 19.312323], [76.162527, 19.297797], [76.177745, 19.289984], [76.193858, 19.275499], [76.209727, 19.265448], [76.225841, 19.260037], [76.242686, 19.259304], [76.285167, 19.265977], [76.304861, 19.265163], [76.321788, 19.255886], [76.3296, 19.250352], [76.355886, 19.238145], [76.361257, 19.233262], [76.357188, 19.222357], [76.346202, 19.204657], [76.34547, 19.160427], [76.339854, 19.14289], [76.321788, 19.135769], [76.318126, 19.129503], [76.319347, 19.117377], [76.329356, 19.10932], [76.35255, 19.115302], [76.360362, 19.123318], [76.362071, 19.130642], [76.365896, 19.133572], [76.380382, 19.128282], [76.384288, 19.122138], [76.385265, 19.113227], [76.38974, 19.10517], [76.403901, 19.10163], [76.422862, 19.103827], [76.427013, 19.099189], [76.429454, 19.071885], [76.433849, 19.063585], [76.442312, 19.059678], [76.455577, 19.060614], [76.465261, 19.06627], [76.482188, 19.087022], [76.490245, 19.094794], [76.506928, 19.102891], [76.518077, 19.106757], [76.560802, 19.11225], [76.56544, 19.111884], [76.620616, 19.080593], [76.630463, 19.068793], [76.634288, 19.049831], [76.630789, 19.040229], [76.62379, 19.032294], [76.619558, 19.024522], [76.623627, 19.015326], [76.63087, 19.00963], [76.639089, 19.006171], [76.648855, 19.004747], [76.660411, 19.005398], [76.67628, 19.010525], [76.687999, 19.017646], [76.699962, 19.021837], [76.715587, 19.018419], [76.726166, 19.010077], [76.72934, 19.000271], [76.730724, 18.989325], [76.736501, 18.977484], [76.757498, 18.989691], [76.764171, 18.996365], [76.780854, 19.018826], [76.784434, 19.025906], [76.777924, 19.039659], [76.776134, 19.049018], [76.780935, 19.053249], [76.826182, 19.045193], [76.832286, 19.049831], [76.835867, 19.064236], [76.844819, 19.06745], [76.893972, 19.051378], [76.906505, 19.050116], [76.921641, 19.053249], [76.932628, 19.060858], [76.952729, 19.08279], [76.965912, 19.087348], [76.969656, 19.089626], [76.976003, 19.099392], [76.979991, 19.10163], [76.987315, 19.100531], [76.997162, 19.095893], [77.000499, 19.094794], [77.030528, 19.098334], [77.043224, 19.096625], [77.058116, 19.087348], [77.054861, 19.099066], [77.056651, 19.111518], [77.064382, 19.120632], [77.079194, 19.122097], [77.090343, 19.114569], [77.092784, 19.101508], [77.086518, 19.088568], [77.072358, 19.081122], [77.078868, 19.070258], [77.089366, 19.066026], [77.101654, 19.06745], [77.113536, 19.073676], [77.133718, 19.066962], [77.143565, 19.082709], [77.151134, 19.104356], [77.164968, 19.115302], [77.174815, 19.11168], [77.185069, 19.104926], [77.195567, 19.100775], [77.206391, 19.105048], [77.213796, 19.110785], [77.222667, 19.115058], [77.243175, 19.122097], [77.24879, 19.121894], [77.25587, 19.119696], [77.261729, 19.116889], [77.263682, 19.115302], [77.267507, 19.119818], [77.269542, 19.126654], [77.271007, 19.135769], [77.286876, 19.142605], [77.298269, 19.143988], [77.308604, 19.139187], [77.324229, 19.136501], [77.361501, 19.158271], [77.38087, 19.156277], [77.394135, 19.138861], [77.388601, 19.123643], [77.379893, 19.108425], [77.384044, 19.091091], [77.401947, 19.073513], [77.456065, 19.040147], [77.462901, 19.032904], [77.471446, 19.017198], [77.476573, 19.012234], [77.488292, 19.009141], [77.499034, 19.009589], [77.509695, 19.008816], [77.538015, 18.993516], [77.555431, 18.991726], [77.571869, 18.98725], [77.586436, 18.971259], [77.598643, 18.941107], [77.607595, 18.93712], [77.631114, 18.93655], [77.636811, 18.932318], [77.641124, 18.923163], [77.647227, 18.914008], [77.658376, 18.909857], [77.667003, 18.907904], [77.674327, 18.902899], [77.689464, 18.88935], [77.709483, 18.877021], [77.72877, 18.870714], [77.774832, 18.868232], [77.785167, 18.866075], [77.792247, 18.861396], [77.797293, 18.856716], [77.801768, 18.85456], [77.817475, 18.853054], [77.838959, 18.848334], [77.847341, 18.84337], [77.853933, 18.836982], [77.86142, 18.830756], [77.87379, 18.826687], [77.885916, 18.826483], [77.905691, 18.832465], [77.918468, 18.834093], [77.935476, 18.829291], [77.944835, 18.829657], [77.948822, 18.83751], [77.951182, 18.848334], [77.956554, 18.857001], [77.963471, 18.863634], [77.9699, 18.868232], [77.985769, 18.871283], [78.029307, 18.872585], [78.038259, 18.878485], [78.038259, 18.889919], [78.039561, 18.898749], [78.042572, 18.906195], [78.048839, 18.913194], [78.061046, 18.921495], [78.069021, 18.921983], [78.076671, 18.920681], [78.087332, 18.923448], [78.092214, 18.929023], [78.105724, 18.949408], [78.114675, 18.957587], [78.116466, 18.955837], [78.122081, 18.952582], [78.128835, 18.950222], [78.134532, 18.950751], [78.140636, 18.956488], [78.147227, 18.968858], [78.151459, 18.974392], [78.16741, 18.983832], [78.215343, 19.002061], [78.230724, 19.005398], [78.248139, 19.001736], [78.266124, 18.992458], [78.280284, 18.980292], [78.285818, 18.967841], [78.285167, 18.945339], [78.28769, 18.93476], [78.295502, 18.930284], [78.310964, 18.933173], [78.317149, 18.940212], [78.320404, 18.949042], [78.326752, 18.957587], [78.360362, 18.977484], [78.36671, 18.982449], [78.371023, 18.987006], [78.377533, 18.990424], [78.391124, 18.991767], [78.412364, 18.986396], [78.446381, 18.962958], [78.470225, 18.957587], [78.480968, 18.959174], [78.500011, 18.964911], [78.511241, 18.964423], [78.516368, 18.960557], [78.522065, 18.95364], [78.53004, 18.946967], [78.541921, 18.943956], [78.549083, 18.946357], [78.554698, 18.952338], [78.558523, 18.960069], [78.562511, 18.979763], [78.570404, 18.984442], [78.593761, 18.984931], [78.628917, 18.981879], [78.64739, 18.988064], [78.661388, 19.026435], [78.676362, 19.034003], [78.694347, 19.03502], [78.70989, 19.032742], [78.753022, 19.012234], [78.775645, 19.007636], [78.785655, 19.022162], [78.793875, 19.038682], [78.813487, 19.050645], [78.836029, 19.057969], [78.85377, 19.060614], [78.873546, 19.055284], [78.907237, 19.03502], [78.919037, 19.036444], [78.922862, 19.044867], [78.92392, 19.054877], [78.925792, 19.0633], [78.932384, 19.06684], [78.943289, 19.068793], [78.960867, 19.077948], [78.97047, 19.081122], [79.012136, 19.081407], [79.046397, 19.069281], [79.071869, 19.045762], [79.087169, 19.012234], [79.100597, 18.971706], [79.117931, 18.939073], [79.138682, 18.912299], [79.162364, 18.88935], [79.178315, 18.877631], [79.196056, 18.869086], [79.216807, 18.863837], [79.241222, 18.862006], [79.246511, 18.857693], [79.251475, 18.848009], [79.258311, 18.838446], [79.268891, 18.834093], [79.273448, 18.831], [79.287608, 18.817206], [79.292735, 18.813585], [79.298106, 18.813056], [79.304128, 18.813259], [79.317149, 18.815619], [79.333751, 18.821316], [79.349539, 18.828803], [79.389903, 18.857449], [79.408783, 18.858995], [79.428966, 18.852403], [79.450857, 18.840888], [79.513276, 18.797797], [79.524832, 18.796576], [79.533132, 18.789333], [79.586925, 18.765815], [79.595225, 18.758124], [79.610281, 18.740505], [79.621593, 18.731024], [79.64088, 18.734239], [79.659272, 18.718288], [79.686534, 18.679796], [79.698253, 18.679511], [79.765636, 18.690131], [79.780854, 18.69538], [79.798839, 18.706244], [79.813975, 18.721869], [79.826264, 18.765001], [79.851166, 18.794013], [79.854421, 18.813585], [79.851166, 18.817694], [79.844737, 18.823432], [79.837983, 18.831081], [79.833914, 18.840888], [79.835541, 18.862576], [79.838878, 18.875922], [79.844493, 18.881903], [79.854991, 18.879014], [79.864757, 18.871853], [79.872081, 18.862006], [79.877045, 18.84044], [79.883067, 18.837185], [79.892019, 18.836697], [79.902843, 18.834093], [79.968028, 18.796576], [80.00172, 18.785671], [80.039236, 18.752143], [80.060557, 18.737087], [80.066661, 18.731024], [80.083995, 18.701483], [80.090587, 18.697537], [80.169688, 18.690131], [80.24171, 18.697537], [80.251394, 18.700548], [80.270437, 18.713731], [80.282725, 18.716824], [80.294688, 18.713446], [80.303152, 18.705146], [80.309093, 18.694281], [80.313731, 18.683295], [80.31601, 18.673407], [80.317475, 18.652167], [80.319835, 18.642279], [80.327159, 18.63113], [80.336436, 18.621202], [80.34433, 18.610704], [80.347748, 18.597602], [80.352061, 18.592353], [80.361257, 18.599433], [80.36964, 18.610134], [80.372081, 18.615587], [80.383556, 18.612413], [80.390554, 18.604315], [80.394135, 18.593085], [80.3956, 18.580878], [80.394054, 18.573513], [80.385265, 18.555487], [80.381928, 18.546698], [80.380056, 18.533881], [80.381928, 18.502021], [80.388927, 18.477607], [80.405528, 18.464789], [80.44394, 18.450507], [80.466319, 18.419379], [80.478608, 18.329372], [80.491791, 18.292263], [80.521495, 18.261786], [80.687511, 18.165554], [80.697276, 18.159451], [80.702078, 18.142768], [80.776296, 18.023139], [80.779226, 18.022528], [80.808686, 18.007514], [80.817393, 18.004828], [80.830984, 18.002509], [80.840017, 17.996283], [80.854991, 17.977566], [80.880626, 17.952012], [80.890636, 17.93891], [80.896495, 17.922919], [80.894949, 17.910468], [80.884776, 17.868191], [80.879975, 17.829698], [80.870697, 17.794053], [80.868582, 17.775214], [80.872325, 17.756415], [80.890229, 17.728827], [80.896495, 17.710639], [80.894949, 17.688178], [80.888682, 17.6706], [80.886241, 17.65587], [80.896495, 17.641791], [80.915538, 17.634345], [80.936046, 17.635199], [80.975108, 17.641791], [80.994395, 17.639228], [81.005789, 17.631415], [81.011241, 17.61754], [81.012625, 17.597032], [81.019786, 17.586249], [81.036388, 17.590359], [81.067312, 17.607611], [81.078054, 17.600287], [81.089773, 17.603054], [81.10255, 17.607978], [81.116222, 17.607611], [81.12322, 17.601589], [81.138276, 17.581], [81.149832, 17.572821], [81.159434, 17.578681], [81.166596, 17.578925], [81.201427, 17.568305], [81.206472, 17.567491], [81.237804, 17.56623], [81.254649, 17.56155], [81.267833, 17.550849], [81.280203, 17.531928], [81.293224, 17.497382], [81.303233, 17.487616], [81.324229, 17.484076], [81.332286, 17.485175], [81.347341, 17.489814], [81.358653, 17.490912], [81.37322, 17.48782], [81.381358, 17.480333], [81.387625, 17.4713], [81.396251, 17.46365], [81.404307, 17.46015], [81.41269, 17.458075], [81.430593, 17.457465], [81.498627, 17.466579], [81.5053, 17.464179], [81.533295, 17.434149], [81.540131, 17.429511], [81.581635, 17.415839], [81.610606, 17.396308], [81.615896, 17.391628], [81.61378, 17.353868], [81.617198, 17.336371], [81.629487, 17.319648], [81.637706, 17.315985], [81.662608, 17.309882], [81.670502, 17.305976], [81.676768, 17.295233], [81.673432, 17.289984], [81.667247, 17.286648], [81.663666, 17.281765], [81.66155, 17.264757], [81.652273, 17.225613], [81.649994, 17.206651], [81.651459, 17.196357], [81.655365, 17.183865], [81.660737, 17.173204], [81.667084, 17.168769], [81.674571, 17.165147], [81.676768, 17.156317], [81.677989, 17.13406], [81.685802, 17.11168], [81.696056, 17.095567], [81.709076, 17.083523], [81.725108, 17.073188], [81.750011, 17.031073], [81.753673, 17.017157], [81.759044, 16.966254], [81.755789, 16.957953], [81.74879, 16.950222], [81.73878, 16.942247], [81.729747, 16.915066], [81.73406, 16.885688], [81.752452, 16.832384], [81.759532, 16.801622], [81.767589, 16.779364], [81.780365, 16.759874], [81.800792, 16.737372], [81.794526, 16.721951], [81.797781, 16.704901], [81.813975, 16.67536], [81.841807, 16.641872], [81.854015, 16.610704], [81.858897, 16.603339], [81.86378, 16.578152], [81.858897, 16.535427], [81.847179, 16.495185], [81.831391, 16.477362], [81.810151, 16.473497], [81.795421, 16.463568], [81.769542, 16.432644], [81.74879, 16.4171], [81.73821, 16.422878], [81.730398, 16.436062], [81.717784, 16.442572], [81.711355, 16.4383], [81.704682, 16.429267], [81.697276, 16.41531], [81.698741, 16.405544], [81.703705, 16.400255], [81.708995, 16.396511], [81.711518, 16.391059], [81.711518, 16.312216]], [[81.759044, 16.95543], [81.759207, 16.934272], [81.763764, 16.912462], [81.772227, 16.892768], [81.79184, 16.868842], [81.837576, 16.785224], [81.848643, 16.771552], [81.859874, 16.766547], [81.889903, 16.759955], [81.900076, 16.754462], [81.924815, 16.723171], [81.931244, 16.716905], [81.94573, 16.712958], [81.970144, 16.713162], [81.982432, 16.706366], [81.994151, 16.697048], [82.007091, 16.690375], [82.020518, 16.689276], [82.033702, 16.696479], [82.045339, 16.688096], [82.058849, 16.683539], [82.073741, 16.681952], [82.088878, 16.682807], [82.092214, 16.685736], [82.102061, 16.692572], [82.118256, 16.700019], [82.141043, 16.705024], [82.214936, 16.710883], [82.270763, 16.701443], [82.342703, 16.701443]]]}}, {"type": "Feature", "properties": {"name": "Yarkant", "name_alt": null, "scalerank": 6.0}, "geometry": {"type": "MultiLineString", "coordinates": [[[77.524913, 35.520697], [77.547781, 35.525702], [77.564138, 35.5338], [77.57724, 35.544623], [77.589854, 35.557929], [77.611746, 35.574408], [77.657725, 35.591335], [77.675222, 35.602607], [77.681651, 35.619167], [77.692312, 35.673448], [77.692475, 35.685167], [77.697846, 35.687608], [77.70224, 35.694281], [77.70574, 35.703925], [77.708425, 35.715196], [77.710948, 35.738227], [77.710867, 35.747423], [77.709972, 35.753445], [77.688975, 35.784939], [77.552745, 35.879665], [77.545421, 35.890001], [77.543956, 35.903835], [77.54892, 35.91295], [77.555675, 35.920193], [77.559093, 35.928168], [77.563487, 35.943061], [77.642182, 36.079291], [77.66155, 36.096055], [77.729503, 36.120958], [77.759532, 36.142605], [77.757812, 36.170667]], [[77.702227, 36.178011], [77.69573, 36.178005], [77.690829, 36.179516]], [[77.661575, 36.188536], [77.627371, 36.199083], [77.557872, 36.255398], [77.531179, 36.267401], [77.533214, 36.271755], [77.53655, 36.283474], [77.538585, 36.287869], [77.531179, 36.292792], [77.524425, 36.300238], [77.51946, 36.30919], [77.517507, 36.318915], [77.513927, 36.323106], [77.496593, 36.335476], [77.490733, 36.342475], [77.49275, 36.350711]], [[76.94637, 36.423647], [76.914154, 36.404568], [76.904307, 36.401679], [76.874522, 36.397732], [76.838308, 36.385281], [76.828868, 36.383409], [76.820404, 36.385688], [76.806163, 36.395453], [76.795014, 36.397732], [76.789806, 36.396674], [76.78004, 36.391954], [76.773936, 36.390937], [76.766124, 36.392768], [76.755789, 36.401679], [76.749604, 36.404568], [76.727957, 36.405788], [76.66448, 36.397732], [76.643972, 36.400255], [76.513764, 36.430854], [76.493663, 36.432481], [76.478608, 36.440253], [76.470225, 36.458319], [76.462413, 36.493272], [76.458425, 36.498358], [76.44752, 36.503282], [76.442475, 36.507595], [76.441498, 36.512071], [76.44337, 36.523627], [76.442475, 36.528022], [76.429454, 36.544989], [76.420828, 36.552314], [76.410737, 36.555365], [76.389903, 36.558051], [76.369151, 36.564724], [76.332612, 36.582709], [76.274669, 36.619452], [76.253184, 36.624294], [76.22877, 36.62519], [76.208995, 36.628363], [76.191661, 36.634467], [76.131942, 36.667755]]]}}, {"type": "Feature", "properties": {"name": "Sutlej", "name_alt": null, "scalerank": 6.0}, "geometry": {"type": "MultiLineString", "coordinates": [[[76.764659, 31.408637], [76.750987, 31.402615], [76.736501, 31.391872], [76.734955, 31.38288], [76.739024, 31.375759], [76.747325, 31.371202], [76.750255, 31.358344], [76.743907, 31.332302], [76.743093, 31.317694], [76.736501, 31.308661], [76.723888, 31.308376], [76.709239, 31.309923], [76.693614, 31.312445], [76.687999, 31.30744], [76.689382, 31.292263], [76.683116, 31.278876], [76.670014, 31.269599], [76.649669, 31.267686], [76.628347, 31.274115], [76.609874, 31.288845], [76.570079, 31.331], [76.552175, 31.352973], [76.524099, 31.378241], [76.508067, 31.390652], [76.491954, 31.410468], [76.469168, 31.425971], [76.435069, 31.422227]]]}}, {"type": "Feature", "properties": {"name": "Sutlej", "name_alt": null, "scalerank": 6.0}, "geometry": {"type": "MultiLineString", "coordinates": [[[76.435069, 31.422227], [76.430105, 31.418484], [76.419037, 31.41767], [76.409434, 31.420925], [76.40089, 31.429145], [76.394623, 31.4171], [76.384695, 31.412462], [76.374115, 31.409491], [76.36671, 31.402411], [76.364838, 31.390977], [76.378184, 31.338975], [76.437266, 31.242743], [76.467865, 31.219062], [76.538097, 31.183295], [76.553396, 31.1706], [76.564138, 31.153835], [76.570242, 31.133612], [76.572276, 31.110663], [76.584727, 31.090155], [76.587332, 31.078559], [76.575613, 31.073432], [76.562429, 31.072089], [76.549083, 31.06745], [76.538097, 31.058905], [76.531261, 31.045518], [76.531749, 31.036729], [76.538585, 31.015896], [76.538097, 31.004584], [76.532237, 30.997341], [76.514578, 30.986843], [76.510753, 30.980333], [76.505789, 30.977851], [76.472911, 30.970404], [76.459483, 30.971218], [76.452891, 30.97366], [76.426199, 30.997748], [76.411632, 31.006944], [76.395437, 31.011542], [76.372976, 31.01142], [76.343435, 31.004828], [76.332612, 31.004584], [76.321788, 31.007148], [76.302338, 31.01614], [76.291026, 31.018826], [76.287201, 31.016791], [76.276378, 31.007025], [76.270518, 31.004584], [76.219737, 31.018581], [76.208507, 31.018826], [76.199311, 31.016384], [76.17921, 31.00727], [76.167491, 31.004584], [76.122813, 31.004584], [76.113699, 31.002468], [76.094005, 30.993028], [76.08253, 30.990912], [75.999766, 30.99433], [75.980235, 30.999579], [75.96575, 31.008002], [75.922944, 31.022528], [75.829682, 30.997138], [75.790701, 31.004584], [75.754487, 30.995307], [75.634939, 30.987128], [75.606375, 30.990912], [75.575694, 30.977403], [75.539154, 30.972602], [75.3956, 30.985175], [75.360444, 30.993191], [75.332042, 31.004584], [75.320404, 31.013943], [75.309174, 31.025214], [75.296479, 31.034695], [75.280203, 31.038682], [75.271658, 31.039618], [75.264903, 31.041775], [75.256358, 31.045518], [75.250987, 31.047146], [75.247081, 31.048936], [75.243582, 31.051703], [75.239268, 31.056016], [75.233165, 31.060004], [75.229096, 31.057807], [75.226003, 31.0539], [75.222179, 31.052314], [75.214122, 31.052843], [75.205577, 31.052029], [75.19752, 31.052273], [75.191173, 31.056016], [75.187022, 31.063992], [75.18214, 31.082058], [75.177175, 31.089911], [75.165131, 31.097357], [75.149669, 31.101426], [75.13323, 31.102484], [75.118582, 31.100775], [75.112315, 31.10696], [75.116466, 31.109565], [75.125987, 31.121283], [75.115489, 31.129665], [75.078217, 31.147976], [75.04241, 31.179063], [75.033214, 31.183295], [75.017182, 31.18183], [74.963471, 31.167263], [74.933849, 31.16295], [74.861339, 31.162543], [74.836436, 31.158555], [74.81129, 31.147976], [74.761974, 31.1081], [74.740245, 31.101426], [74.708263, 31.114366], [74.687755, 31.097724], [74.600597, 31.05683], [74.579112, 31.042914], [74.563731, 31.025214], [74.563569, 31.004584], [74.54835, 30.992377], [74.534434, 30.976426], [74.519054, 30.962673], [74.499034, 30.956814], [74.476736, 30.956326], [74.4581, 30.95364], [74.441173, 30.946397], [74.424083, 30.932563], [74.413015, 30.91531], [74.408702, 30.90119], [74.40089, 30.893337], [74.379324, 30.894721], [74.353282, 30.901313], [74.342052, 30.902167], [74.329356, 30.899848], [74.318858, 30.893622], [74.310476, 30.884711], [74.30364, 30.874213], [74.311046, 30.856147], [74.299815, 30.838406], [74.279552, 30.824978], [74.259776, 30.819607], [74.256277, 30.815497], [74.265391, 30.7956], [74.266205, 30.788601], [74.2588, 30.781277], [74.243663, 30.77143], [74.235281, 30.76435], [74.214854, 30.737657], [74.198334, 30.725206], [74.190684, 30.717231], [74.184174, 30.697089], [74.169688, 30.687364], [74.166433, 30.679307], [74.163178, 30.665107], [74.155365, 30.659776], [74.132253, 30.655707], [74.111095, 30.646511], [74.09547, 30.637315], [74.081716, 30.626166], [74.067149, 30.610704], [74.056733, 30.591824], [74.057872, 30.574734], [74.061127, 30.555772], [74.05714, 30.531602], [74.043712, 30.518866], [74.003998, 30.509101], [73.995697, 30.501166], [73.98935, 30.488064], [73.938731, 30.426215], [73.928803, 30.419257], [73.91627, 30.417304], [73.899506, 30.42239], [73.901785, 30.415839], [73.903819, 30.401638], [73.905691, 30.395046], [73.887218, 30.396755], [73.867198, 30.387722], [73.851492, 30.37287], [73.8449, 30.357204], [73.834076, 30.352647], [73.769786, 30.367743], [73.699799, 30.339219], [73.664643, 30.31745], [73.648936, 30.317572], [73.632742, 30.322821], [73.612234, 30.326117], [73.600352, 30.325303], [73.589773, 30.322862], [73.580089, 30.318793], [73.570567, 30.313096], [73.539806, 30.277696], [73.533702, 30.277045], [73.505382, 30.268337], [73.453868, 30.244208], [73.436534, 30.233669], [73.417898, 30.224718], [73.397472, 30.218614], [73.340587, 30.216254], [73.331554, 30.210069], [73.3331, 30.196804], [73.339285, 30.184516], [73.344005, 30.181505], [73.334727, 30.171413], [73.323985, 30.16946], [73.311127, 30.168565], [73.296886, 30.161689], [73.290294, 30.15001], [73.286876, 30.136664], [73.279796, 30.128933], [73.262706, 30.134345], [73.253347, 30.146308], [73.24464, 30.161973], [73.233002, 30.170681], [73.214854, 30.161689], [73.212332, 30.149237], [73.225597, 30.125067], [73.218028, 30.120673], [73.203298, 30.117377], [73.139171, 30.086534], [73.131765, 30.08572], [73.053233, 30.09337], [73.04713, 30.085801], [73.033783, 30.055284], [72.945079, 29.98961], [72.932628, 29.982611], [72.92685, 29.98664], [72.922944, 30.003607], [72.913259, 30.008002], [72.888438, 30.004014], [72.86964, 29.996609], [72.834239, 29.96365], [72.813243, 29.956163], [72.787364, 29.952704], [72.76767, 29.943427], [72.728282, 29.915229], [72.728119, 29.906317], [72.709972, 29.902411], [72.66269, 29.901557], [72.635509, 29.892524], [72.630056, 29.871039], [72.629975, 29.845974], [72.618337, 29.825873], [72.599376, 29.839301], [72.582123, 29.841376], [72.542735, 29.833319], [72.522065, 29.834744], [72.491466, 29.848497], [72.473725, 29.853217], [72.453136, 29.851589], [72.391856, 29.833319], [72.372081, 29.838568], [72.362071, 29.838446], [72.357595, 29.829617], [72.35434, 29.817572], [72.345632, 29.807563], [72.334483, 29.802558], [72.32366, 29.805365], [72.30071, 29.788682], [72.281993, 29.771267], [72.266043, 29.748318], [72.258067, 29.732856], [72.254649, 29.719753], [72.249604, 29.711737], [72.237641, 29.71129], [72.210378, 29.71601], [72.196218, 29.713162], [72.185557, 29.705512], [72.177989, 29.694607], [72.172781, 29.68183], [72.184093, 29.676052], [72.184255, 29.671739], [72.178722, 29.667426], [72.172781, 29.661404], [72.169932, 29.660834], [72.155772, 29.661404], [72.148204, 29.659532], [72.14796, 29.655219], [72.150808, 29.650417], [72.152354, 29.647081], [72.149669, 29.629747], [72.152436, 29.610907], [72.158621, 29.593329], [72.166026, 29.579454], [72.11614, 29.555691], [72.100678, 29.55211], [72.07724, 29.551093], [72.064708, 29.546983], [72.042491, 29.524237], [72.018484, 29.506659], [71.984304, 29.4914], [71.946788, 29.484076], [71.913178, 29.490058], [71.916596, 29.473904], [71.918875, 29.469591], [71.901134, 29.46247], [71.881358, 29.462226], [71.816905, 29.476182], [71.806163, 29.477078], [71.801362, 29.464382], [71.795909, 29.454901], [71.788585, 29.449083], [71.777599, 29.458686], [71.763601, 29.461982], [71.749278, 29.459744], [71.719656, 29.442654], [71.710948, 29.450385], [71.7046, 29.465359], [71.693451, 29.477078], [71.667735, 29.4737], [71.618663, 29.423204], [71.589854, 29.408149], [71.591889, 29.403632], [71.595225, 29.392157], [71.597341, 29.387641], [71.589447, 29.388007], [71.575206, 29.39289], [71.568126, 29.393988], [71.514171, 29.390001], [71.503429, 29.393581], [71.494395, 29.408149], [71.489268, 29.381415], [71.482839, 29.370429], [71.467052, 29.366523], [71.452729, 29.370876], [71.446381, 29.380479], [71.439708, 29.408149], [71.408132, 29.376532], [71.388438, 29.366319], [71.363862, 29.373969], [71.360362, 29.381781], [71.360362, 29.392198], [71.358653, 29.402045], [71.34962, 29.408149], [71.340912, 29.406602], [71.334402, 29.399604], [71.323009, 29.380194], [71.312999, 29.392035], [71.30185, 29.400702], [71.305105, 29.405056], [71.306651, 29.408759], [71.309255, 29.411973], [71.315522, 29.414984], [71.305756, 29.422227], [71.295502, 29.426337], [71.284272, 29.428249], [71.271495, 29.428575], [71.254649, 29.426378], [71.249441, 29.421007], [71.249278, 29.414333], [71.247325, 29.408149], [71.229096, 29.391181], [71.218191, 29.386786], [71.207774, 29.408718], [71.196056, 29.418524], [71.1845, 29.421332], [71.179128, 29.411566], [71.168224, 29.397406], [71.144623, 29.38463], [71.121023, 29.376736], [71.110037, 29.377143], [71.09726, 29.38996], [71.068614, 29.384792], [71.021983, 29.366523]], [[78.694372, 31.843074], [78.690684, 31.841579], [78.680186, 31.835883], [78.663259, 31.830756], [78.654226, 31.824774], [78.638194, 31.809882], [78.633067, 31.799506], [78.631277, 31.774115], [78.62794, 31.765489], [78.608979, 31.759101], [78.581391, 31.756537], [78.556244, 31.750596], [78.545339, 31.734198], [78.538503, 31.718451], [78.521983, 31.706326], [78.454845, 31.675401], [78.435313, 31.657782], [78.429617, 31.633816], [78.442393, 31.600409], [78.423595, 31.595079], [78.370616, 31.594265], [78.353526, 31.598334], [78.334402, 31.60574], [78.313731, 31.608913], [78.292084, 31.600409], [78.28476, 31.593085], [78.281505, 31.585639], [78.272227, 31.528388], [78.261322, 31.521104], [78.236339, 31.515448], [78.208507, 31.512234], [78.189057, 31.512274], [78.101573, 31.528388], [78.018484, 31.553249], [77.985362, 31.567654], [77.968761, 31.571641], [77.945811, 31.573106], [77.829275, 31.56391], [77.78769, 31.550157], [77.703136, 31.504828], [77.688894, 31.492458], [77.676036, 31.476589], [77.66212, 31.462836], [77.63323, 31.454413], [77.628347, 31.447333], [77.627208, 31.437323], [77.627371, 31.425727], [77.629649, 31.411811], [77.632823, 31.405056], [77.631602, 31.400946], [77.620535, 31.394965], [77.578298, 31.394232], [77.555431, 31.389187], [77.538015, 31.354438], [77.519786, 31.350613], [77.476573, 31.354031], [77.441173, 31.347113], [77.428722, 31.347195], [77.420502, 31.349962], [77.403087, 31.359442], [77.390554, 31.361436], [77.368175, 31.358669], [77.356212, 31.350531], [77.320404, 31.287869], [77.307628, 31.276068], [77.288097, 31.27143], [77.267019, 31.269721], [77.159109, 31.240749], [77.137706, 31.237901], [77.129812, 31.241034], [77.115001, 31.254706], [77.103282, 31.257839], [77.091319, 31.258897], [77.0796, 31.26199], [76.993744, 31.306708], [76.983816, 31.316759], [76.976166, 31.325995], [76.940929, 31.358954], [76.929128, 31.367703], [76.905772, 31.370388], [76.890636, 31.366278], [76.882416, 31.36876], [76.880056, 31.391547], [76.882498, 31.402371], [76.885916, 31.40998], [76.884207, 31.414578], [76.858328, 31.418524], [76.836029, 31.428412], [76.82545, 31.429145], [76.810964, 31.423163], [76.798595, 31.415351], [76.784597, 31.409288], [76.764659, 31.408637]]]}}, {"type": "Feature", "properties": {"name": "Mah?na Nad?", "name_alt": null, "scalerank": 6.0}, "geometry": {"type": "MultiLineString", "coordinates": [[[83.857595, 21.520128], [83.857026, 21.52029], [83.856537, 21.520453], [83.84726, 21.524278], [83.833507, 21.532823], [83.818614, 21.567572], [83.795828, 21.587592], [83.773936, 21.612331], [83.735362, 21.668158], [83.714366, 21.694688], [83.689464, 21.712836], [83.66505, 21.724189], [83.601736, 21.742011], [83.575287, 21.747626], [83.54892, 21.740505], [83.528087, 21.720282], [83.519216, 21.700466], [83.513194, 21.680528], [83.50294, 21.666124], [83.487071, 21.650743], [83.467052, 21.645535], [83.446218, 21.657009], [83.425222, 21.671698], [83.408946, 21.685574], [83.390229, 21.692491], [83.364268, 21.692979], [83.342784, 21.691921], [83.323253, 21.691718], [83.308116, 21.693386], [83.299734, 21.695136]]]}}, {"type": "Feature", "properties": {"name": "Mah?na Nad?", "name_alt": null, "scalerank": 6.0}, "geometry": {"type": "MultiLineString", "coordinates": [[[83.856537, 21.520453], [83.896251, 21.509141], [83.933849, 21.492377], [83.963471, 21.467353], [83.980072, 21.431667], [83.97462, 21.390163], [83.948416, 21.361111], [83.917735, 21.336249], [83.897472, 21.307563], [83.896495, 21.288642], [83.90797, 21.250556], [83.911143, 21.229031], [83.90919, 21.204942], [83.903331, 21.188422], [83.830007, 21.054755], [83.823334, 21.030137], [83.822032, 21.01793], [83.822358, 21.005886], [83.832774, 20.930772], [83.897472, 20.876776], [83.964773, 20.835883], [84.007498, 20.818915], [84.04835, 20.814073], [84.091319, 20.827419], [84.167979, 20.875678], [84.206065, 20.890448], [84.228526, 20.89057], [84.269054, 20.879706], [84.291433, 20.876776], [84.313487, 20.867743], [84.323009, 20.846462], [84.3296, 20.800401], [84.344005, 20.774522], [84.364675, 20.757392], [84.38974, 20.746649], [84.418468, 20.740058], [84.516205, 20.736192], [84.544363, 20.724066], [84.603933, 20.67947], [84.682872, 20.646023], [84.707774, 20.629462], [84.729747, 20.607611], [84.764415, 20.539333], [84.781261, 20.521267], [84.809581, 20.512274], [84.866954, 20.52265], [84.895437, 20.518093], [85.016205, 20.438788], [85.034597, 20.431708], [85.062266, 20.427924], [85.076671, 20.423163], [85.0831, 20.413398], [85.092784, 20.404853], [85.137299, 20.387234], [85.169363, 20.378363], [85.187755, 20.377468], [85.206065, 20.381863], [85.223643, 20.393256], [85.233409, 20.396308], [85.245942, 20.393866], [85.256602, 20.387641], [85.261241, 20.379259], [85.26588, 20.367499], [85.277273, 20.363308], [85.302826, 20.36225], [85.323334, 20.358222], [85.34433, 20.356716], [85.354503, 20.357733], [85.364187, 20.360419], [85.373057, 20.365098], [85.381277, 20.372138], [85.397472, 20.3817], [85.416108, 20.382432], [85.453054, 20.375922], [85.473725, 20.374701], [85.494558, 20.375922], [85.504242, 20.379014], [85.521983, 20.38821], [85.55421, 20.396064], [85.573253, 20.409857], [85.60377, 20.437323], [85.644786, 20.457831], [85.656342, 20.454698], [85.670421, 20.440619], [85.682384, 20.437323], [85.723643, 20.437323], [85.72877, 20.440782], [85.740489, 20.458319], [85.748546, 20.465277], [85.772472, 20.471381], [85.789968, 20.465847], [85.804454, 20.456488], [85.819835, 20.451606], [85.846609, 20.450507], [85.865326, 20.445746], [85.881114, 20.435248], [85.92335, 20.391181], [85.956716, 20.364814], [85.964122, 20.36225], [85.973643, 20.363227], [85.998057, 20.368476], [86.011322, 20.366726], [86.016124, 20.361518], [86.017833, 20.353217], [86.06308, 20.261298], [86.083588, 20.239325], [86.098399, 20.232123], [86.13323, 20.221015], [86.14503, 20.212022], [86.152192, 20.197577], [86.15683, 20.179389], [86.15919, 20.160264], [86.158702, 20.143134]], [[80.625255, 20.598985], [80.639171, 20.623074], [80.638276, 20.645535], [80.614757, 20.698025], [80.623139, 20.718126], [80.62558, 20.738145], [80.632091, 20.753363], [80.652843, 20.759467], [80.698009, 20.762478], [80.719168, 20.766669], [80.738292, 20.773139], [80.74822, 20.778632], [80.755056, 20.784695], [80.759776, 20.791205], [80.763113, 20.798285], [80.769786, 20.814154], [80.774994, 20.822862], [80.809825, 20.862616], [80.841807, 20.935736], [80.866303, 20.971015], [80.896983, 21.003607], [80.930675, 21.027615], [80.993337, 21.041815], [81.030935, 21.065212], [81.049815, 21.063096], [81.068126, 21.055854], [81.088308, 21.054267], [81.107188, 21.064968], [81.119884, 21.081081], [81.134695, 21.09573], [81.159434, 21.102118], [81.194021, 21.096869], [81.214773, 21.096218], [81.231619, 21.102118], [81.23878, 21.115668], [81.243093, 21.137234], [81.245372, 21.174669], [81.243175, 21.18537], [81.233897, 21.205593], [81.231619, 21.215399], [81.235932, 21.228583], [81.245942, 21.23371], [81.257335, 21.235663], [81.26588, 21.239285], [81.274343, 21.252794], [81.290701, 21.292182], [81.293712, 21.30447], [81.305186, 21.327663], [81.307384, 21.338894], [81.308116, 21.351752], [81.310313, 21.359931], [81.320404, 21.37641], [81.362641, 21.420274], [81.368907, 21.435126], [81.36671, 21.444607], [81.357351, 21.466661], [81.355235, 21.476386], [81.356456, 21.487494], [81.359874, 21.495225], [81.36435, 21.502875], [81.368907, 21.513617], [81.378998, 21.554307], [81.389415, 21.573676], [81.406749, 21.581855], [81.418061, 21.582953], [81.423106, 21.586697], [81.424327, 21.594102], [81.424083, 21.606065], [81.427338, 21.61461], [81.435802, 21.61697], [81.519135, 21.612982], [81.526459, 21.619737], [81.527843, 21.622748], [81.530935, 21.625759], [81.536143, 21.62873], [81.542572, 21.631537], [81.559662, 21.636664], [81.577647, 21.639838], [81.593191, 21.640082], [81.602306, 21.636542], [81.605072, 21.627305], [81.60377, 21.605658], [81.60906, 21.595526], [81.619151, 21.590928], [81.644054, 21.589952], [81.674083, 21.575995], [81.689545, 21.585557], [81.698171, 21.606309], [81.697276, 21.630316], [81.686941, 21.644355], [81.673839, 21.652167], [81.668712, 21.661892], [81.681082, 21.681464], [81.690359, 21.685411], [81.702566, 21.686713], [81.713145, 21.690456], [81.717784, 21.701972], [81.715912, 21.71365], [81.700694, 21.758246], [81.717784, 21.760037], [81.727468, 21.759833], [81.750011, 21.756537], [81.75587, 21.756903], [81.771902, 21.765082], [81.834972, 21.766872], [81.878998, 21.781562], [81.912608, 21.806586], [81.941417, 21.834052], [81.972179, 21.856269], [81.982188, 21.860053], [82.00294, 21.865424], [82.013113, 21.8699], [82.021495, 21.876329], [82.027924, 21.883002], [82.034923, 21.888251], [82.0442, 21.890408], [82.061615, 21.884589], [82.109386, 21.849392], [82.129649, 21.849392], [82.151947, 21.853787], [82.170095, 21.851752], [82.177664, 21.832343], [82.179617, 21.80744], [82.186453, 21.788398], [82.199148, 21.774929], [82.219249, 21.766872], [82.276541, 21.760037], [82.286388, 21.753607], [82.310476, 21.72545], [82.324718, 21.719062], [82.361908, 21.721951], [82.391612, 21.729682], [82.444428, 21.75377], [82.458018, 21.746527], [82.471934, 21.742458], [82.503184, 21.74018], [82.510183, 21.742296], [82.523855, 21.751654], [82.530528, 21.75377], [82.538829, 21.751247], [82.553722, 21.738389], [82.561127, 21.733344], [82.577566, 21.729112], [82.61964, 21.733344], [82.636241, 21.731065], [82.658621, 21.7213], [82.674408, 21.719062], [82.681244, 21.7213], [82.687266, 21.726182], [82.691987, 21.731065], [82.695242, 21.733344], [82.704275, 21.732449], [82.755626, 21.719591], [82.770518, 21.720649], [82.784272, 21.7296], [82.806163, 21.735216], [82.852306, 21.702501], [82.875906, 21.70539], [82.891124, 21.704535], [82.948741, 21.7213], [82.992768, 21.728217], [83.004812, 21.73253], [83.017019, 21.73546], [83.03419, 21.733344], [83.062511, 21.717312], [83.078624, 21.711453], [83.092459, 21.715928], [83.115733, 21.726915], [83.141124, 21.723415], [83.185639, 21.70539], [83.276541, 21.695258], [83.299734, 21.695136]]]}}, {"type": "Feature", "properties": {"name": "Krishna", "name_alt": null, "scalerank": 6.0}, "geometry": {"type": "MultiLineString", "coordinates": [[[78.997162, 16.230292], [79.00644, 16.237738], [79.021658, 16.247138], [79.042898, 16.245673], [79.091563, 16.228827], [79.110281, 16.231269], [79.136322, 16.227851], [79.160574, 16.219346], [79.184093, 16.221015], [79.201427, 16.228624], [79.210053, 16.236599], [79.214773, 16.244493], [79.221202, 16.265489], [79.226573, 16.289496], [79.229015, 16.310492], [79.233409, 16.330512], [79.229991, 16.341742], [79.218761, 16.360907], [79.211518, 16.377265], [79.208263, 16.388699], [79.21046, 16.40823], [79.214773, 16.429714], [79.2199, 16.473334], [79.213471, 16.493232], [79.217377, 16.504462], [79.233409, 16.523627], [79.247813, 16.554023], [79.265636, 16.569607], [79.283621, 16.575222], [79.298757, 16.57807], [79.313406, 16.579372]]]}}, {"type": "Feature", "properties": {"name": "Krishna", "name_alt": null, "scalerank": 6.0}, "geometry": {"type": "MultiLineString", "coordinates": [[[73.796397, 17.991807], [73.839285, 17.982733], [73.856049, 17.976182], [73.931407, 17.910264], [73.947276, 17.888129], [73.964366, 17.849392], [73.97462, 17.816759], [73.983165, 17.804877], [74.036062, 17.765245], [74.042247, 17.746609], [74.04599, 17.703192], [74.053722, 17.686469], [74.072032, 17.671942], [74.110281, 17.653917], [74.125418, 17.641791], [74.139415, 17.614814], [74.146088, 17.578966], [74.142507, 17.5421], [74.125418, 17.51203], [74.108816, 17.501085], [74.09669, 17.497382], [74.090343, 17.490546], [74.091319, 17.470404], [74.09433, 17.461453], [74.103119, 17.444607], [74.104991, 17.432563], [74.10377, 17.410753], [74.104584, 17.399482], [74.108409, 17.391628], [74.177664, 17.304145], [74.204845, 17.292304], [74.20989, 17.281602], [74.19337, 17.234687], [74.198171, 17.224066], [74.203136, 17.221137], [74.211436, 17.213975], [74.219005, 17.205105], [74.22169, 17.196723], [74.217296, 17.189032], [74.208425, 17.183539], [74.187511, 17.176215], [74.203217, 17.154364], [74.234304, 17.13703], [74.26946, 17.12873], [74.297374, 17.13406], [74.297944, 17.126492], [74.302257, 17.114285], [74.30364, 17.107286], [74.323741, 17.120388], [74.336355, 17.120063], [74.366222, 17.100531], [74.358897, 17.088243], [74.359874, 17.077094], [74.366466, 17.066514], [74.375906, 17.055854], [74.377533, 17.050564], [74.37851, 17.035264], [74.379324, 17.031602], [74.386241, 17.030341], [74.391043, 17.032986], [74.39446, 17.036566], [74.396983, 17.038438], [74.404226, 17.040595], [74.411062, 17.044745], [74.419932, 17.047634], [74.433442, 17.045925], [74.444916, 17.040229], [74.453543, 17.032294], [74.458751, 17.022488], [74.461192, 17.011094], [74.457774, 17.004665], [74.45045, 17.000067], [74.448009, 16.993435], [74.463796, 16.972113], [74.471283, 16.959174], [74.480561, 16.947333], [74.491954, 16.942247], [74.508311, 16.934394], [74.525645, 16.916287], [74.55071, 16.881415], [74.539968, 16.869412], [74.53297, 16.863389], [74.53297, 16.856024], [74.543224, 16.839871], [74.551524, 16.829535], [74.562104, 16.821112], [74.576182, 16.815253], [74.608897, 16.810818], [74.623464, 16.804267], [74.634776, 16.794257], [74.639415, 16.781521], [74.646251, 16.768744], [74.662364, 16.759548], [74.680756, 16.752061], [74.694591, 16.744249], [74.671153, 16.729926], [74.615896, 16.719997], [74.605235, 16.699815], [74.614024, 16.678046], [74.634939, 16.659451], [74.680919, 16.634385], [74.680919, 16.628201], [74.665294, 16.627509], [74.64446, 16.624376], [74.630626, 16.61697], [74.635916, 16.603339], [74.662527, 16.578315], [74.678152, 16.569119], [74.698009, 16.565497], [74.705007, 16.56741], [74.721202, 16.579779], [74.730561, 16.584174], [74.73463, 16.585639], [74.779307, 16.59101], [74.793468, 16.597683], [74.804454, 16.613878], [74.804617, 16.627061], [74.801768, 16.640448], [74.806163, 16.650743], [74.846446, 16.657091], [74.872488, 16.666856], [74.88974, 16.669135], [74.901866, 16.662055], [74.90797, 16.647488], [74.916433, 16.634955], [74.934825, 16.634385], [74.948822, 16.644558], [74.956065, 16.658149], [74.964692, 16.670111], [74.982595, 16.67536], [74.987722, 16.666612], [74.99464, 16.65998], [75.009858, 16.648017], [75.023529, 16.633897], [75.094819, 16.540107], [75.105479, 16.51085], [75.136729, 16.528632], [75.151296, 16.540107], [75.160085, 16.551825], [75.160655, 16.563666], [75.156749, 16.576606], [75.154552, 16.590766], [75.160085, 16.606472], [75.187511, 16.627712], [75.217214, 16.626654], [75.244151, 16.612372], [75.263194, 16.59337], [75.283946, 16.604356], [75.3178, 16.586249], [75.342052, 16.596788], [75.360037, 16.601589], [75.374441, 16.587022], [75.396007, 16.547919], [75.396007, 16.544745], [75.396495, 16.541815], [75.40032, 16.538153], [75.404796, 16.537218], [75.416108, 16.538886], [75.420909, 16.538153], [75.438487, 16.527289], [75.451915, 16.514594], [75.459076, 16.495307], [75.450613, 16.475938], [75.438406, 16.456366], [75.4345, 16.436347], [75.439708, 16.425157], [75.446869, 16.423204], [75.476166, 16.433214], [75.481863, 16.437364], [75.485362, 16.443305], [75.493093, 16.452826], [75.516612, 16.469509], [75.530935, 16.466132], [75.551768, 16.436347], [75.568126, 16.428656], [75.585053, 16.43419], [75.604991, 16.444159], [75.629893, 16.449408], [75.640717, 16.446234], [75.65797, 16.432074], [75.663829, 16.4289], [75.700206, 16.419257], [75.7081, 16.41531], [75.713145, 16.407335], [75.718272, 16.388007], [75.721772, 16.381171], [75.750662, 16.365058], [75.755951, 16.364081], [75.785574, 16.349066], [75.7942, 16.346381], [75.80657, 16.348456], [75.823985, 16.357978], [75.831635, 16.360663], [75.850515, 16.358588], [75.87322, 16.35102], [75.892589, 16.340522], [75.900645, 16.329657], [75.91155, 16.321967], [75.983165, 16.312201], [75.995372, 16.305732], [76.024506, 16.283067], [76.034272, 16.278103], [76.053233, 16.271796], [76.058849, 16.256619], [76.058197, 16.222846], [76.0796, 16.197781], [76.118663, 16.190212], [76.163259, 16.188666], [76.201671, 16.181912], [76.239024, 16.16352], [76.257823, 16.15705], [76.280772, 16.154568], [76.286388, 16.16002], [76.29127, 16.171942], [76.297862, 16.183905], [76.308116, 16.189317], [76.321788, 16.191596], [76.330984, 16.197699], [76.367768, 16.243109], [76.382823, 16.253485], [76.403901, 16.257636], [76.424897, 16.254014], [76.442882, 16.247585], [76.459402, 16.244412], [76.476573, 16.2508], [76.534434, 16.316474], [76.544932, 16.322781], [76.552257, 16.33629], [76.570079, 16.342068], [76.61321, 16.346381], [76.6303, 16.355414], [76.654877, 16.381863], [76.685313, 16.390652], [76.736501, 16.41531], [76.753022, 16.428534], [76.762218, 16.434109], [76.773936, 16.436347], [76.784272, 16.432074], [76.796397, 16.424099], [76.809255, 16.419501], [76.822276, 16.425482], [76.829519, 16.430976], [76.846121, 16.438178], [76.852631, 16.442572], [76.858897, 16.451931], [76.867931, 16.474677], [76.874522, 16.483507], [76.891124, 16.489325], [76.933604, 16.496405], [76.944021, 16.510565], [76.948822, 16.51142], [76.959483, 16.51085], [76.967296, 16.511786], [76.968272, 16.514472], [76.967377, 16.518826], [76.974376, 16.535834], [76.975352, 16.54682], [76.978526, 16.556912], [76.990001, 16.565497], [76.997651, 16.550727], [77.006358, 16.527126], [77.018077, 16.509955], [77.051524, 16.518988], [77.070567, 16.510565], [77.099864, 16.490343], [77.134532, 16.481798], [77.148692, 16.471991], [77.154389, 16.452826], [77.165457, 16.441514], [77.259044, 16.415351], [77.393972, 16.381171], [77.410655, 16.379421], [77.473155, 16.381171], [77.493256, 16.378241], [77.551687, 16.353217], [77.571707, 16.347927], [77.623953, 16.353217], [77.645763, 16.351996], [77.73463, 16.326606], [77.860362, 16.248806], [77.897716, 16.219753], [77.911388, 16.201443], [77.935802, 16.140937], [77.952566, 16.122748], [77.989757, 16.098497], [78.059093, 16.033962], [78.072358, 16.024848], [78.116791, 16.01085], [78.128347, 16.00373], [78.138438, 15.990749], [78.148529, 15.974189], [78.160574, 15.958808], [78.176036, 15.949164], [78.192149, 15.94949], [78.212169, 15.956081], [78.231212, 15.966091], [78.244395, 15.976426], [78.254161, 15.991767], [78.255951, 16.005683], [78.251964, 16.020575], [78.244395, 16.03852], [78.261974, 16.035183], [78.280854, 16.027615], [78.299815, 16.022813], [78.316335, 16.02794], [78.332042, 16.052069], [78.341563, 16.059434], [78.353526, 16.05268], [78.378835, 16.075873], [78.399994, 16.083441], [78.464285, 16.085761], [78.499766, 16.093777], [78.511485, 16.091986], [78.519623, 16.086941], [78.532644, 16.072089], [78.539561, 16.065538], [78.549327, 16.060126], [78.559662, 16.056708], [78.570404, 16.055365], [78.581554, 16.056179], [78.629161, 16.071112], [78.6456, 16.071601], [78.656505, 16.067572], [78.684174, 16.046332], [78.73406, 16.0303], [78.760916, 16.027696], [78.791108, 16.034532], [78.819021, 16.048407], [78.839447, 16.066718], [78.845795, 16.085476], [78.839122, 16.124823], [78.841238, 16.14293], [78.846934, 16.150743], [78.853445, 16.152167], [78.860281, 16.149278], [78.874766, 16.140326], [78.881847, 16.138292], [78.889415, 16.138983], [78.897716, 16.142768], [78.902599, 16.146552], [78.905772, 16.150743], [78.907644, 16.155626], [78.908946, 16.161444], [78.922862, 16.189765], [78.947195, 16.205837], [78.997162, 16.230292]], [[79.313406, 16.579372], [79.337983, 16.585232], [79.406261, 16.587226], [79.417735, 16.590196], [79.427419, 16.596788], [79.435069, 16.603461], [79.440359, 16.606472], [79.44101, 16.609565], [79.477061, 16.631781], [79.496349, 16.640163], [79.504324, 16.641872], [79.516531, 16.639838], [79.53297, 16.630398], [79.542491, 16.628201], [79.550548, 16.629706], [79.557384, 16.633734], [79.570242, 16.644884], [79.574799, 16.646837], [79.584972, 16.648546], [79.586925, 16.651435], [79.587494, 16.656806], [79.589366, 16.662299], [79.591807, 16.666775], [79.59433, 16.669135], [79.605724, 16.671658], [79.62379, 16.66828], [79.634695, 16.669135], [79.646251, 16.674018], [79.668061, 16.686469], [79.679698, 16.689032], [79.720876, 16.689032], [79.730479, 16.693793], [79.745616, 16.716498], [79.751964, 16.723741], [79.771658, 16.727118], [79.7942, 16.721788], [79.812592, 16.711493], [79.826264, 16.692084], [79.861501, 16.70661], [79.882335, 16.703233], [79.889089, 16.691026], [79.909679, 16.631293], [79.914561, 16.628363], [79.947195, 16.628201], [79.9581, 16.630439], [79.963471, 16.636501], [79.97169, 16.654853], [80.025808, 16.713202], [80.028819, 16.725043], [80.042979, 16.738552], [80.046153, 16.747626], [80.046641, 16.759467], [80.048106, 16.76793], [80.052989, 16.785224], [80.073334, 16.822862], [80.097911, 16.820095], [80.120535, 16.791327], [80.135671, 16.751044], [80.138113, 16.732367], [80.135671, 16.672227], [80.140391, 16.658271], [80.151785, 16.646918], [80.175873, 16.628201], [80.184825, 16.618598], [80.192393, 16.612413], [80.272065, 16.579779], [80.291921, 16.587592], [80.313731, 16.586737], [80.358409, 16.579779], [80.367117, 16.576361], [80.379649, 16.56977], [80.390717, 16.565538], [80.3956, 16.5692], [80.397553, 16.579779], [80.403331, 16.584093], [80.423595, 16.587226], [80.424734, 16.586615], [80.44394, 16.587226], [80.449962, 16.588406], [80.459239, 16.592963], [80.465261, 16.59337], [80.47047, 16.592149], [80.476003, 16.589911], [80.486827, 16.583319], [80.495616, 16.576199], [80.502452, 16.5692], [80.509939, 16.564236], [80.528575, 16.560818], [80.53655, 16.555528], [80.55128, 16.538357], [80.567475, 16.524522], [80.603038, 16.505805], [80.620697, 16.493964], [80.635753, 16.468573], [80.683035, 16.436347], [80.706716, 16.397325], [80.714773, 16.376899], [80.717784, 16.35696], [80.759288, 16.305447], [80.764578, 16.304999], [80.773855, 16.312283], [80.779226, 16.312201], [80.784272, 16.307563], [80.790294, 16.295681], [80.792898, 16.291775], [80.799408, 16.284369], [80.811534, 16.267198], [80.817393, 16.26378], [80.838878, 16.163886], [80.868582, 16.107449], [80.882742, 16.013699]]]}}, {"type": "Feature", "properties": {"name": "Yamuna", "name_alt": null, "scalerank": 6.0}, "geometry": {"type": "MultiLineString", "coordinates": [[[78.339936, 30.915147], [78.25058, 30.840277], [78.217052, 30.819607], [78.131114, 30.794135], [78.09547, 30.775499], [78.072358, 30.737657], [78.063731, 30.689561], [78.053722, 30.665839], [78.020518, 30.64704], [78.009532, 30.627305], [77.97169, 30.532253], [77.9699, 30.521064], [77.9581, 30.511054], [77.932221, 30.518419], [77.894216, 30.538398], [77.885916, 30.535671], [77.868175, 30.522528], [77.860037, 30.51793], [77.838878, 30.512559], [77.791596, 30.507351], [77.768565, 30.498236], [77.688569, 30.455268], [77.664968, 30.44599], [77.64446, 30.442206], [77.623139, 30.441189], [77.597748, 30.437079], [77.575857, 30.428778], [77.565359, 30.414903], [77.567475, 30.40644], [77.581472, 30.388983], [77.586436, 30.380723], [77.587901, 30.370469], [77.584972, 30.325263], [77.570079, 30.278266], [77.538178, 30.209418], [77.513682, 30.177436], [77.484304, 30.15294], [77.370128, 30.096503], [77.338959, 30.069688], [77.323253, 30.064399], [77.320323, 30.060126], [77.319021, 30.054511], [77.317882, 30.040473], [77.315033, 30.039496], [77.310802, 30.040473], [77.305186, 30.038153], [77.301036, 30.037055], [77.289236, 30.038845], [77.284679, 30.038153], [77.28004, 30.032986], [77.279063, 30.027167], [77.279063, 30.021674], [77.277354, 30.017646], [77.240001, 29.983507], [77.229991, 29.976671], [77.220876, 29.960761], [77.209727, 29.9289], [77.180431, 29.804307], [77.161876, 29.771267], [77.156179, 29.76911], [77.148448, 29.770046], [77.140554, 29.769802], [77.133881, 29.764431], [77.132253, 29.755886], [77.134939, 29.747626], [77.139252, 29.740017], [77.141368, 29.733425], [77.137462, 29.722846], [77.128184, 29.714301], [77.106619, 29.702338], [77.11378, 29.682196], [77.087901, 29.658555], [77.093679, 29.640937], [77.085704, 29.624091], [77.088878, 29.611599], [77.095876, 29.600857], [77.099864, 29.589057], [77.093272, 29.581163], [77.078868, 29.576361], [77.064708, 29.569607], [77.058116, 29.555528], [77.060476, 29.548611], [77.070323, 29.536444], [77.072358, 29.52794], [77.070811, 29.511176], [77.068777, 29.503038], [77.065684, 29.50373], [77.077566, 29.492255], [77.105235, 29.495429], [77.120209, 29.483832], [77.107188, 29.469306], [77.072765, 29.440131], [77.065684, 29.424872], [77.076915, 29.423936], [77.102631, 29.427029], [77.130626, 29.426459], [77.148204, 29.414984], [77.149913, 29.403428], [77.145437, 29.395575], [77.138682, 29.388739], [77.133881, 29.380194], [77.132823, 29.37226], [77.133881, 29.342637], [77.13795, 29.333564], [77.145518, 29.32392], [77.149994, 29.313341], [77.144786, 29.301703], [77.134044, 29.289333], [77.130626, 29.280626], [77.141368, 29.130398], [77.140229, 29.124213], [77.137706, 29.121039], [77.134939, 29.119005], [77.133881, 29.1164], [77.135753, 29.108507], [77.140147, 29.104804], [77.144949, 29.102647], [77.148204, 29.099677], [77.169444, 29.036485], [77.195567, 28.997626], [77.189708, 28.988227], [77.177664, 28.980658], [77.175548, 28.963162], [77.20224, 28.942491], [77.209727, 28.935167], [77.216807, 28.923692], [77.220714, 28.914415], [77.2199, 28.906073], [77.213145, 28.897325], [77.202159, 28.877061], [77.216726, 28.843573], [77.206391, 28.821885], [77.198416, 28.813096], [77.195567, 28.80683], [77.195893, 28.794257], [77.197765, 28.790961], [77.202403, 28.790066], [77.213145, 28.790595], [77.216563, 28.788275], [77.216807, 28.78266], [77.215831, 28.776068], [77.216563, 28.770697], [77.214854, 28.770209], [77.216563, 28.749579], [77.219249, 28.74494], [77.228282, 28.738715], [77.230072, 28.732856], [77.229015, 28.721055], [77.223888, 28.700751], [77.223155, 28.693956]], [[77.223155, 28.693956], [77.222667, 28.688788], [77.222667, 28.694932], [77.223155, 28.693956]], [[77.223155, 28.693956], [77.22991, 28.681423], [77.244395, 28.660346], [77.250011, 28.647162], [77.253184, 28.610175], [77.259044, 28.592597], [77.289968, 28.578884], [77.303233, 28.562934], [77.327403, 28.519802], [77.335216, 28.507921], [77.343435, 28.498358], [77.352794, 28.491889], [77.363292, 28.489529], [77.376964, 28.484198], [77.37851, 28.47248], [77.375987, 28.460761], [77.377208, 28.45539], [77.384939, 28.457628], [77.402354, 28.467353], [77.407644, 28.469062], [77.415294, 28.465033], [77.417084, 28.459784], [77.417491, 28.453966], [77.424571, 28.441962], [77.425222, 28.435655], [77.428233, 28.430732], [77.438731, 28.428738], [77.456635, 28.434638], [77.465831, 28.434353], [77.469737, 28.424994], [77.468191, 28.396755], [77.475678, 28.391384], [77.497081, 28.393337], [77.471934, 28.340522], [77.466401, 28.315253], [77.487885, 28.299018], [77.489513, 28.286444], [77.48878, 28.272569], [77.490733, 28.263617], [77.503673, 28.256781], [77.528901, 28.253526], [77.538585, 28.243109], [77.532644, 28.241238], [77.528331, 28.237901], [77.52589, 28.232856], [77.524913, 28.225775], [77.5206, 28.217312], [77.511241, 28.213487], [77.501557, 28.211697], [77.497081, 28.209011], [77.501557, 28.196723], [77.528575, 28.192979], [77.538585, 28.181016], [77.507253, 28.170274], [77.494884, 28.151923], [77.495616, 28.126044], [77.503835, 28.092882], [77.469737, 28.11282], [77.470714, 28.099433], [77.476492, 28.07156], [77.468028, 28.046902], [77.479747, 28.036485], [77.495697, 28.028388], [77.503835, 28.02029], [77.512299, 27.99962], [77.526459, 27.974473], [77.529307, 27.952582], [77.503835, 27.941474], [77.510509, 27.91946], [77.519623, 27.898261], [77.53297, 27.879828], [77.551687, 27.866319], [77.565033, 27.863105], [77.575857, 27.863105], [77.585053, 27.859687], [77.593272, 27.845893], [77.59433, 27.833564], [77.591075, 27.820258], [77.5796, 27.797431], [77.605479, 27.798774], [77.650483, 27.811713], [77.668956, 27.811103], [77.679291, 27.807807], [77.68629, 27.804267], [77.689871, 27.797309], [77.689464, 27.7838], [77.684011, 27.784491], [77.67213, 27.772284], [77.664561, 27.757514], [77.67213, 27.750312], [77.676362, 27.744452], [77.687266, 27.715684], [77.689464, 27.704657], [77.687104, 27.691352], [77.677338, 27.673122], [77.675222, 27.663398], [77.678233, 27.654975], [77.685476, 27.649237], [77.692393, 27.642157], [77.69573, 27.629584], [77.690359, 27.621161], [77.66448, 27.614203], [77.655284, 27.605048], [77.664806, 27.602566], [77.687429, 27.602078], [77.69573, 27.599433], [77.705658, 27.587958], [77.7046, 27.578315], [77.698985, 27.567898], [77.693614, 27.546088], [77.684581, 27.532579], [77.682628, 27.527167], [77.684581, 27.514919], [77.689708, 27.508368], [77.6963, 27.503363], [77.703136, 27.495795], [77.720714, 27.436469], [77.72698, 27.426866], [77.732514, 27.423774], [77.73821, 27.416083], [77.742442, 27.406277], [77.747081, 27.383083], [77.754487, 27.380968], [77.771414, 27.385932], [77.783946, 27.392442], [77.791921, 27.391669], [77.798757, 27.379706], [77.796886, 27.371202], [77.78183, 27.352973], [77.77825, 27.341864], [77.782644, 27.332953], [77.792247, 27.323025], [77.802419, 27.314805], [77.808604, 27.311469], [77.821788, 27.309149], [77.827729, 27.303005], [77.831635, 27.294013], [77.838959, 27.283515], [77.860932, 27.26614], [77.865733, 27.275458], [77.868175, 27.293972], [77.884369, 27.304023], [77.898448, 27.292426], [77.902924, 27.26911], [77.90919, 27.251329], [77.928396, 27.256212], [77.933116, 27.266791], [77.933442, 27.280585], [77.937104, 27.29267], [77.952647, 27.297797], [77.959972, 27.291042], [77.959239, 27.275824], [77.961192, 27.259467], [77.976736, 27.249376], [77.980561, 27.270209], [77.993256, 27.273139], [78.008067, 27.265937], [78.018484, 27.256212], [78.028087, 27.237494], [78.031179, 27.219346], [78.029307, 27.200792], [78.024669, 27.180487], [78.045828, 27.187201], [78.055186, 27.19184], [78.062755, 27.197862], [78.074718, 27.202094], [78.087006, 27.195339], [78.099376, 27.185574], [78.11085, 27.180487], [78.158702, 27.173651], [78.168712, 27.178778], [78.17864, 27.188788], [78.188894, 27.195583], [78.199962, 27.191026], [78.210867, 27.169135], [78.20696, 27.150662], [78.198741, 27.132636], [78.197195, 27.11225], [78.213878, 27.086534], [78.235606, 27.083523], [78.24822, 27.093288], [78.236908, 27.106024], [78.236908, 27.11225], [78.251394, 27.112128], [78.261241, 27.10696], [78.26767, 27.097357], [78.272227, 27.084296], [78.28419, 27.094021], [78.294851, 27.116034], [78.306407, 27.125271], [78.309011, 27.12405], [78.330984, 27.124457], [78.333751, 27.125271], [78.341563, 27.125922], [78.348643, 27.127468], [78.354991, 27.124579], [78.360362, 27.11225], [78.341319, 27.109646], [78.322765, 27.09752], [78.307628, 27.080634], [78.29892, 27.063788], [78.310639, 27.063259], [78.330089, 27.074897], [78.343028, 27.07807], [78.357514, 27.075873], [78.379975, 27.066026], [78.391124, 27.063788], [78.411143, 27.055976], [78.429861, 27.037421], [78.44044, 27.015001], [78.435476, 26.996161], [78.456635, 26.993516], [78.479015, 26.981309], [78.497081, 26.965277], [78.504405, 26.951483], [78.507091, 26.940009], [78.513927, 26.929389], [78.52296, 26.925645], [78.531668, 26.934678], [78.527843, 26.94005], [78.511241, 26.981879], [78.531505, 26.976874], [78.555919, 26.975653], [78.5595, 26.970242], [78.562511, 26.946357], [78.583263, 26.929063], [78.590587, 26.926785], [78.593761, 26.937812], [78.591401, 26.939236], [78.586925, 26.9442], [78.583995, 26.950303], [78.586355, 26.955146], [78.591726, 26.956366], [78.598643, 26.956], [78.604747, 26.95421], [78.607432, 26.951483], [78.609955, 26.931708], [78.617198, 26.910427], [78.62794, 26.893256], [78.641612, 26.886298], [78.67571, 26.91413], [78.695567, 26.921454], [78.703624, 26.899929], [78.722341, 26.915961], [78.729015, 26.919013], [78.730968, 26.913601], [78.752371, 26.904079], [78.75823, 26.899929], [78.761974, 26.893866], [78.76946, 26.876492], [78.771902, 26.872016], [78.793712, 26.867947], [78.799327, 26.86579], [78.808197, 26.85045], [78.815033, 26.841742], [78.838878, 26.831488], [78.857921, 26.80329], [78.871511, 26.796942], [78.906505, 26.79324], [78.943289, 26.783271], [78.938731, 26.777899], [78.933442, 26.767524], [78.928966, 26.762152], [78.948985, 26.76203], [78.985362, 26.757514], [79.004649, 26.762152], [79.002859, 26.753852], [78.99879, 26.746894], [78.992198, 26.740912], [78.98349, 26.735419], [78.993663, 26.733344], [79.002533, 26.728787], [79.009044, 26.721503], [79.011485, 26.711534], [79.015717, 26.700548], [79.034597, 26.692084], [79.038829, 26.683946], [79.03769, 26.671169], [79.038178, 26.654364], [79.04599, 26.641181], [79.066661, 26.639228], [79.066661, 26.633083], [79.062022, 26.631049], [79.057058, 26.627794], [79.052419, 26.625596], [79.062022, 26.620185], [79.080577, 26.602159], [79.083507, 26.598253], [79.095225, 26.599636], [79.115489, 26.604763], [79.127533, 26.605089], [79.138601, 26.602362], [79.160248, 26.59337], [79.172862, 26.591417], [79.180268, 26.58751], [79.195404, 26.569444], [79.203217, 26.564154], [79.204031, 26.545193], [79.231212, 26.53559], [79.292735, 26.52322], [79.282156, 26.515326], [79.244884, 26.502061], [79.261974, 26.480414], [79.247651, 26.467149], [79.223562, 26.456977], [79.210704, 26.444363], [79.21933, 26.431016], [79.240001, 26.433132], [79.264903, 26.440009], [79.285818, 26.44123], [79.296641, 26.434109], [79.302664, 26.423774], [79.306895, 26.413438], [79.31308, 26.406521], [79.324718, 26.404364], [79.336843, 26.40705], [79.348237, 26.4112], [79.374441, 26.417589], [79.416026, 26.43655], [79.437266, 26.44123], [79.462576, 26.4383], [79.474213, 26.428778], [79.477143, 26.414333], [79.477061, 26.396552], [79.480235, 26.383857], [79.494884, 26.364814], [79.498057, 26.355292], [79.504161, 26.349677], [79.517019, 26.353827], [79.528819, 26.361029], [79.532237, 26.364936], [79.555431, 26.360378], [79.556163, 26.349189], [79.543956, 26.334784], [79.528575, 26.320583], [79.52296, 26.304999], [79.531993, 26.288031], [79.548595, 26.272813], [79.566417, 26.262519], [79.585541, 26.258368], [79.608165, 26.256049], [79.626882, 26.250922], [79.634695, 26.238593], [79.638438, 26.219021], [79.648936, 26.209662], [79.715017, 26.191352], [79.72405, 26.186794], [79.741303, 26.173122], [79.747976, 26.16413], [79.741466, 26.160102], [79.738536, 26.155788], [79.737315, 26.146104], [79.739838, 26.136501], [79.753429, 26.129421], [79.766368, 26.116238], [79.772472, 26.11164], [79.794526, 26.108995], [79.847097, 26.114691], [79.864838, 26.108222], [79.886485, 26.091579], [79.899913, 26.095282], [79.908702, 26.111436], [79.922374, 26.153388], [79.927419, 26.162462], [79.937022, 26.166287], [79.949474, 26.162665], [79.95574, 26.153591], [79.957774, 26.141425], [79.958018, 26.12873], [79.951671, 26.088324], [79.958507, 26.072374], [79.984793, 26.06391], [80.009207, 26.066026], [80.059093, 26.076239], [80.080333, 26.070665], [80.092784, 26.054999], [80.093028, 26.037055], [80.085216, 26.020535], [80.073416, 26.009304], [80.080496, 25.998847], [80.088308, 25.995063], [80.09726, 25.993272], [80.107514, 25.988796], [80.128429, 25.971869], [80.140636, 25.964138], [80.170095, 25.954942], [80.193858, 25.928046], [80.211192, 25.920478], [80.255951, 25.929511], [80.276866, 25.926337], [80.285737, 25.903144], [80.296886, 25.891872], [80.321788, 25.89643], [80.361501, 25.913031], [80.406668, 25.914903], [80.446381, 25.90587], [80.519135, 25.878933], [80.537039, 25.869086], [80.545502, 25.855333], [80.539968, 25.843207], [80.516043, 25.837958], [80.46933, 25.842353], [80.459076, 25.835273], [80.471446, 25.810614], [80.49171, 25.791327], [80.511322, 25.785834], [80.557221, 25.789578], [80.567556, 25.786241], [80.5678, 25.778347], [80.563487, 25.7685], [80.560639, 25.759467], [80.560557, 25.744574], [80.561697, 25.738145], [80.567475, 25.734483], [80.580577, 25.728095], [80.600515, 25.721951], [80.649099, 25.71365], [80.682872, 25.693874], [80.705658, 25.6883], [80.730479, 25.686469], [80.771983, 25.688422], [80.779552, 25.689887], [80.786632, 25.693305], [80.797944, 25.712022], [80.806407, 25.72309], [80.817393, 25.728095], [80.828868, 25.725409], [80.838634, 25.71837], [80.84547, 25.708441], [80.851166, 25.683905], [80.85906, 25.681708], [80.882253, 25.68712], [80.906342, 25.688096], [80.923432, 25.685492], [80.933523, 25.674343], [80.940522, 25.625434], [80.951264, 25.614285], [80.968679, 25.612901], [81.012787, 25.624783], [81.023204, 25.625678], [81.026541, 25.616889], [81.026866, 25.594306], [81.0206, 25.586737], [81.00823, 25.579169], [80.999115, 25.570665], [81.002696, 25.560167], [81.009939, 25.552191], [81.013438, 25.547065], [81.017345, 25.542548], [81.026866, 25.536322], [81.064871, 25.518622], [81.086843, 25.511298], [81.17099, 25.50019], [81.183849, 25.494696], [81.192149, 25.474392], [81.184255, 25.457831], [81.152843, 25.429877], [81.14796, 25.411444], [81.157807, 25.393012], [81.173106, 25.378363], [81.183849, 25.371161], [81.224864, 25.36164], [81.24407, 25.354112], [81.261241, 25.329413], [81.282237, 25.331732], [81.320404, 25.344509], [81.344493, 25.342393], [81.36671, 25.333767], [81.384776, 25.320258], [81.396251, 25.303534], [81.383311, 25.289984], [81.390636, 25.280341], [81.40919, 25.273749], [81.452891, 25.266059], [81.47226, 25.26557], [81.491466, 25.268581], [81.51295, 25.27558], [81.620128, 25.347927], [81.660574, 25.358181], [81.704112, 25.359442], [81.725597, 25.356757], [81.742198, 25.347927], [81.760265, 25.333848], [81.77825, 25.327704], [81.795421, 25.329942], [81.810802, 25.341091], [81.811697, 25.348822], [81.797374, 25.366156], [81.793386, 25.374579], [81.794932, 25.383612], [81.799083, 25.390204], [81.810802, 25.402208], [81.828298, 25.416368], [81.851329, 25.42536], [81.87558, 25.427069], [81.903087, 25.414618]]]}}, {"type": "Feature", "properties": {"name": "Narmada", "name_alt": null, "scalerank": 6.0}, "geometry": {"type": "MultiLineString", "coordinates": [[[81.574229, 22.75373], [81.498057, 22.757676], [81.461925, 22.765163], [81.437755, 22.787909], [81.421397, 22.826443], [81.407644, 22.842637], [81.385916, 22.849311], [81.366466, 22.851874], [81.314138, 22.870429], [81.289561, 22.874579], [81.280203, 22.877265], [81.271251, 22.882148], [81.24879, 22.897773], [81.233002, 22.900662], [81.190929, 22.916612], [81.176524, 22.925076], [81.174815, 22.929063], [81.175304, 22.93476], [81.174734, 22.940701], [81.170339, 22.945502], [81.162364, 22.948269], [81.157644, 22.947455], [81.153901, 22.945665], [81.149832, 22.945502], [81.128347, 22.950873], [81.105398, 22.952989], [81.084483, 22.959581], [81.059581, 22.972683], [81.035248, 22.981879], [81.016043, 22.976874], [81.013113, 22.96955], [81.006358, 22.935329], [81.000987, 22.930447], [80.989024, 22.932196], [80.931895, 22.952338], [80.911713, 22.955593], [80.889089, 22.952989], [80.8956, 22.970242], [80.900401, 22.987901], [80.900401, 23.004421], [80.892833, 23.017849], [80.851492, 23.050401], [80.841889, 23.055365], [80.828217, 23.050971], [80.817149, 23.039496], [80.809825, 23.024848], [80.802419, 22.995185], [80.79127, 22.998847], [80.765554, 23.021267], [80.75587, 23.01199], [80.737071, 23.005398], [80.678966, 22.998725], [80.665701, 22.994167], [80.642589, 22.973456], [80.629405, 22.964382], [80.621104, 22.965399], [80.610606, 22.970404], [80.591238, 22.973456], [80.572276, 22.970567], [80.538259, 22.957139], [80.519135, 22.952989], [80.531668, 22.928046], [80.533376, 22.91824], [80.531505, 22.905951], [80.521495, 22.886746], [80.519135, 22.880683], [80.513927, 22.878119], [80.481619, 22.853054], [80.476736, 22.842353], [80.480072, 22.833035], [80.491791, 22.815782], [80.498627, 22.796088], [80.499766, 22.787665], [80.499278, 22.774848], [80.495535, 22.760118], [80.490896, 22.753933], [80.491466, 22.748603], [80.510346, 22.726101], [80.508393, 22.721055], [80.502452, 22.715196], [80.499278, 22.702216], [80.497162, 22.696885], [80.492442, 22.69123], [80.481619, 22.681749], [80.477794, 22.674669], [80.481375, 22.669053], [80.487641, 22.663682], [80.495942, 22.651923], [80.501964, 22.645453], [80.506602, 22.636501], [80.505463, 22.623399], [80.499034, 22.613715], [80.45045, 22.578966], [80.429291, 22.574042], [80.40797, 22.575954], [80.389415, 22.583075], [80.372651, 22.594672], [80.354747, 22.611925], [80.340017, 22.632514], [80.334076, 22.654405], [80.335541, 22.687812], [80.333914, 22.710964], [80.32724, 22.726426], [80.31837, 22.729356], [80.295909, 22.728217], [80.285737, 22.733262], [80.28297, 22.741075], [80.279552, 22.778266], [80.268891, 22.795518], [80.244233, 22.801866], [80.216563, 22.800564], [80.197032, 22.794704], [80.192882, 22.789252], [80.190033, 22.781358], [80.185557, 22.773261], [80.175873, 22.767401], [80.16505, 22.766181], [80.157156, 22.76907], [80.149099, 22.772895], [80.138682, 22.774848], [80.07545, 22.773139], [80.059825, 22.774848], [80.031993, 22.784491], [80.025808, 22.787909], [80.007823, 22.817572], [79.930186, 22.877265], [79.929291, 22.889024], [79.934011, 22.89586], [79.940033, 22.900173], [79.943858, 22.904568], [79.945567, 22.915635], [79.943858, 22.942084], [79.940196, 22.943468], [79.914073, 22.977322], [79.910085, 22.985907], [79.908295, 22.995958], [79.909679, 23.007636], [79.91505, 23.015163], [79.936615, 23.038031], [79.943858, 23.048611], [79.946788, 23.060085], [79.949636, 23.078721], [79.948416, 23.096137], [79.94044, 23.103827], [79.906261, 23.111274], [79.886648, 23.113145], [79.854503, 23.101142], [79.834076, 23.106309], [79.792979, 23.128689], [79.79184, 23.131212], [79.789236, 23.131903], [79.778575, 23.130479], [79.769949, 23.128119], [79.759939, 23.120958], [79.751964, 23.117499], [79.743663, 23.116726], [79.726085, 23.118598], [79.717784, 23.117499], [79.709239, 23.112616], [79.692393, 23.099636], [79.686534, 23.096991], [79.668386, 23.099148], [79.641775, 23.108507], [79.625011, 23.110663], [79.604503, 23.110867], [79.590912, 23.113471], [79.581554, 23.121527], [79.573822, 23.137966], [79.553966, 23.130561], [79.516043, 23.136827], [79.494395, 23.127387], [79.476085, 23.115261], [79.4546, 23.105577], [79.431733, 23.099229], [79.409923, 23.096991], [79.372813, 23.104804], [79.348074, 23.106757], [79.330496, 23.100409], [79.322765, 23.095526], [79.311534, 23.092108], [79.266775, 23.08865], [79.202566, 23.073839], [79.158946, 23.069037], [79.137787, 23.075954], [79.126394, 23.075954], [79.121349, 23.065985], [79.117768, 23.06037], [79.103038, 23.027859], [79.100841, 23.021267], [79.085704, 23.015326], [79.062755, 23.013373], [79.038992, 23.016221], [79.021658, 23.024685], [79.003184, 23.038642], [78.983979, 23.045762], [78.964122, 23.048285], [78.771902, 23.041124], [78.759939, 23.043036], [78.742686, 23.048407], [78.730968, 23.048611], [78.72047, 23.045762], [78.698741, 23.036811], [78.674327, 23.032782], [78.655772, 23.023383], [78.644949, 23.021267], [78.607432, 23.021267], [78.49407, 23.005723], [78.474864, 23.000352], [78.442393, 22.980292], [78.435313, 22.977118], [78.41627, 22.970893], [78.394542, 22.959174], [78.392019, 22.954535], [78.38795, 22.941433], [78.384044, 22.938747], [78.370372, 22.935004], [78.328705, 22.91474], [78.312511, 22.904568], [78.306082, 22.898017], [78.291515, 22.875596], [78.285818, 22.863593], [78.273855, 22.868598], [78.262706, 22.867051], [78.25294, 22.863796], [78.244395, 22.863593], [78.236095, 22.869208], [78.227468, 22.878241], [78.221202, 22.886583], [78.22047, 22.890245], [78.187511, 22.888292], [78.17099, 22.882514], [78.154877, 22.870429], [78.143972, 22.857489], [78.135346, 22.842719], [78.130056, 22.825548], [78.128347, 22.805243], [78.120372, 22.788764], [78.102631, 22.791449], [78.072358, 22.808376], [78.062022, 22.808173], [78.042979, 22.80268], [78.031993, 22.80211], [78.020437, 22.80622], [78.003917, 22.819688], [77.993907, 22.822618], [77.982514, 22.82156], [77.96282, 22.816921], [77.952647, 22.815782], [77.946788, 22.813788], [77.942475, 22.810085], [77.938406, 22.808295], [77.93214, 22.812079], [77.926524, 22.820014], [77.927257, 22.825019], [77.929454, 22.829617], [77.925385, 22.84748], [77.925141, 22.855333], [77.921641, 22.860541], [77.908621, 22.863593], [77.906342, 22.860175], [77.884369, 22.839708], [77.875662, 22.837104], [77.870372, 22.84455], [77.867686, 22.856391], [77.866954, 22.867011], [77.860037, 22.873562], [77.844819, 22.867377], [77.819021, 22.849311], [77.771983, 22.785224], [77.761322, 22.774848], [77.739024, 22.771552], [77.639415, 22.731513], [77.622976, 22.720974], [77.588878, 22.686143], [77.580333, 22.680732], [77.554128, 22.676866], [77.544932, 22.672227], [77.524913, 22.657538], [77.457612, 22.633734], [77.438731, 22.630886], [77.424734, 22.626736], [77.359874, 22.596055], [77.332937, 22.570583], [77.312592, 22.559678], [77.294688, 22.565701], [77.27239, 22.594835], [77.262462, 22.596137], [77.223643, 22.581081], [77.179861, 22.570868], [77.158132, 22.569403], [77.140229, 22.562812], [77.086029, 22.514187], [77.049083, 22.501003], [76.964773, 22.500108], [76.921641, 22.493679], [76.903331, 22.483669], [76.872325, 22.457384], [76.856049, 22.452094], [76.833995, 22.448432], [76.816661, 22.43891], [76.802989, 22.425727], [76.792003, 22.41116], [76.783376, 22.394884], [76.781749, 22.380805], [76.784434, 22.345974], [76.778331, 22.327257], [76.76295, 22.309923], [76.722341, 22.281358], [76.688731, 22.263536], [76.667735, 22.258368], [76.651378, 22.263983], [76.635916, 22.263699], [76.585948, 22.234971], [76.56544, 22.226752], [76.543956, 22.231024], [76.52589, 22.242703], [76.511485, 22.254706], [76.500092, 22.260321], [76.500662, 22.264512], [76.491303, 22.273261], [76.480479, 22.280829], [76.476573, 22.281358], [76.47047, 22.293158], [76.468272, 22.301052], [76.47047, 22.309272], [76.476573, 22.322333], [76.463878, 22.323432], [76.445323, 22.332709], [76.435069, 22.336005], [76.422537, 22.335964], [76.370942, 22.32571], [76.332774, 22.308458], [76.311534, 22.301866], [76.241628, 22.292304], [76.225841, 22.284776], [76.202078, 22.251003], [76.18808, 22.242458], [76.160655, 22.240424], [76.11671, 22.24494], [76.096772, 22.242214], [76.075613, 22.229844], [76.065929, 22.226426], [76.043386, 22.22724], [76.034272, 22.22309], [76.017182, 22.210395], [75.996755, 22.198839], [75.954194, 22.187852], [75.817963, 22.185818], [75.795828, 22.180854], [75.758556, 22.162055], [75.739187, 22.157904], [75.69044, 22.154568], [75.653575, 22.171495], [75.63144, 22.172797], [75.468354, 22.153144], [75.424408, 22.140082], [75.404063, 22.137397], [75.340261, 22.139716], [75.254649, 22.124701], [75.232188, 22.123114], [75.222097, 22.120958], [75.202891, 22.111599], [75.191173, 22.109483], [75.157237, 22.110622], [75.146495, 22.109483], [75.136485, 22.106147], [75.122162, 22.097927], [75.112315, 22.095811], [75.067556, 22.102607], [75.047293, 22.099148], [74.982595, 22.075995], [74.960948, 22.074652], [74.896983, 22.082139], [74.875011, 22.079291], [74.83489, 22.068549], [74.81129, 22.068468], [74.781668, 22.076036], [74.769786, 22.075995], [74.758718, 22.072821], [74.736908, 22.063585], [74.725027, 22.061632], [74.700206, 22.050157], [74.589854, 22.022976], [74.567393, 22.020697], [74.557872, 22.023057], [74.547944, 22.028998], [74.540131, 22.036729], [74.537039, 22.044623], [74.530854, 22.049669], [74.517507, 22.04796], [74.495372, 22.041205], [74.432709, 22.039496], [74.413503, 22.03498], [74.396007, 22.02558], [74.35198, 21.986599], [74.342377, 21.982123], [74.320567, 21.976182], [74.306082, 21.969916], [74.294526, 21.967882], [74.289968, 21.966132], [74.288666, 21.96251], [74.288585, 21.95657], [74.287852, 21.950019], [74.284272, 21.945014], [74.26767, 21.935981], [74.249034, 21.929796], [74.228119, 21.926296], [74.204845, 21.925116], [74.182709, 21.929307], [74.151134, 21.947618], [74.128835, 21.951768], [74.061046, 21.940375], [73.97462, 21.90119], [73.964936, 21.887803], [73.942556, 21.87462], [73.917572, 21.86697], [73.899506, 21.8699], [73.870942, 21.854682], [73.832937, 21.843614], [73.792491, 21.837104], [73.756114, 21.835761], [73.73821, 21.837755], [73.717865, 21.842231], [73.699636, 21.848578], [73.687266, 21.856269], [73.683523, 21.864773], [73.681244, 21.876166], [73.677745, 21.886094], [73.669851, 21.890408], [73.660248, 21.892646], [73.640717, 21.902411], [73.628917, 21.904608], [73.607026, 21.912055], [73.596283, 21.928249], [73.588145, 21.944444], [73.573985, 21.951768], [73.563569, 21.95543], [73.552013, 21.973171], [73.543224, 21.979763], [73.531342, 21.981513], [73.524343, 21.978583], [73.519054, 21.974433], [73.512218, 21.972276], [73.501394, 21.973009], [73.461843, 21.985378], [73.4546, 21.986355], [73.443614, 21.986599], [73.434662, 21.954617], [73.425385, 21.93122], [73.412852, 21.91767], [73.373627, 21.928534], [73.336681, 21.88581], [73.303722, 21.890408], [73.288178, 21.905829], [73.278819, 21.923367], [73.268077, 21.936469], [73.249034, 21.938788], [73.231944, 21.929714], [73.227306, 21.914578], [73.230235, 21.896023], [73.245128, 21.844428], [73.239757, 21.835028], [73.221121, 21.828925], [73.198334, 21.830268], [73.182058, 21.839626], [73.168224, 21.85045], [73.153331, 21.856269], [73.13616, 21.843858], [73.149099, 21.811957], [73.158783, 21.776557], [73.131765, 21.75377]]]}}, {"type": "Feature", "properties": {"name": "Chenab", "name_alt": null, "scalerank": 6.0}, "geometry": {"type": "MultiLineString", "coordinates": [[[77.435557, 32.293077], [77.417247, 32.299831], [77.374115, 32.3074], [77.356456, 32.316718], [77.297781, 32.368232], [77.133881, 32.456977], [77.097911, 32.488349], [77.078705, 32.500434], [77.055268, 32.50491], [77.012706, 32.506781], [76.992198, 32.512803], [76.975841, 32.525173], [76.968191, 32.541612], [76.962901, 32.57807], [76.955089, 32.59455], [76.949474, 32.599799], [76.922293, 32.615058], [76.905528, 32.620429], [76.897553, 32.62405], [76.880951, 32.635443], [76.875092, 32.638699], [76.849701, 32.647732], [76.836436, 32.650458], [76.808849, 32.652859], [76.730479, 32.673407], [76.714447, 32.680447], [76.646576, 32.733751], [76.627371, 32.744737], [76.60906, 32.750596], [76.477061, 32.754462], [76.444347, 32.768256], [76.428233, 32.799628], [76.428233, 32.822862], [76.433035, 32.842312], [76.441417, 32.858588], [76.452159, 32.872178], [76.461518, 32.889594], [76.462413, 32.908759], [76.457123, 32.92768], [76.448741, 32.9442], [76.443289, 32.949774], [76.437266, 32.953721], [76.431895, 32.95954], [76.428233, 32.970893], [76.428233, 32.980292], [76.433604, 32.99726], [76.435069, 33.009101], [76.433116, 33.032904], [76.427013, 33.049506], [76.416433, 33.062079], [76.354747, 33.115912], [76.342459, 33.122341], [76.334239, 33.124335], [76.323985, 33.129014], [76.315196, 33.134589], [76.311534, 33.139106], [76.307628, 33.148871], [76.29835, 33.152696], [76.277354, 33.155829], [76.245535, 33.178982], [76.19866, 33.242458], [76.167491, 33.265692], [76.136485, 33.275458], [76.126475, 33.280056], [76.118744, 33.286566], [76.103282, 33.30329], [76.096202, 33.306708], [76.079519, 33.310492], [76.042491, 33.328559], [76.024099, 33.334581], [76.014252, 33.335395], [75.998139, 33.334174], [75.963878, 33.339179], [75.832612, 33.377265], [75.770763, 33.383002], [75.752371, 33.379503], [75.736339, 33.36697], [75.727468, 33.350857], [75.72519, 33.334744], [75.729584, 33.319037], [75.740489, 33.304063], [75.790619, 33.249538], [75.808442, 33.216864], [75.811127, 33.18126], [75.800141, 33.162055], [75.780935, 33.156114], [75.758718, 33.158637], [75.714122, 33.170844], [75.702729, 33.170966], [75.690196, 33.16767], [75.647472, 33.148139], [75.632091, 33.143866], [75.599539, 33.141425], [75.499929, 33.149685], [75.407725, 33.136013], [75.385671, 33.136501], [75.363536, 33.139919], [75.342784, 33.146267], [75.324636, 33.155829], [75.314871, 33.169745], [75.304861, 33.190619], [75.292003, 33.209581], [75.273367, 33.217882], [75.252208, 33.221869], [75.233409, 33.231757], [75.198416, 33.25727], [75.183523, 33.26557], [75.16269, 33.273057], [75.14267, 33.274359], [75.129975, 33.263943], [75.128673, 33.254096], [75.129649, 33.244086], [75.129161, 33.234442], [75.123546, 33.225775], [75.095876, 33.21072], [75.083507, 33.201117], [75.078217, 33.187283], [75.075857, 33.174099], [75.069428, 33.165961], [75.059581, 33.162543], [75.046641, 33.163438], [74.997569, 33.177802], [74.980724, 33.177924], [74.903575, 33.168321], [74.879161, 33.175076], [74.847667, 33.187567], [74.81837, 33.193386], [74.80071, 33.17947], [74.800873, 33.172878], [74.806163, 33.152411], [74.807546, 33.143988], [74.793712, 33.079169], [74.79184, 33.056708], [74.795421, 33.035264], [74.807872, 33.015896], [74.808523, 33.001899], [74.783295, 32.936794], [74.782807, 32.931912], [74.78419, 32.920966], [74.783295, 32.916287], [74.779796, 32.911973], [74.776785, 32.911648], [74.773529, 32.911892], [74.760671, 32.902859], [74.739675, 32.892117], [74.735606, 32.885565], [74.72462, 32.873155], [74.653087, 32.854804], [74.603282, 32.818712], [74.580333, 32.810126], [74.564708, 32.796454], [74.542247, 32.790391], [74.533376, 32.783067], [74.496104, 32.726426], [74.468679, 32.701117], [74.377533, 32.64407], [74.354503, 32.622341], [74.33839, 32.611518], [74.31601, 32.602566], [74.271658, 32.591376], [74.219819, 32.564643], [74.207042, 32.554999], [74.201752, 32.542914], [74.193126, 32.53616], [74.154552, 32.528428], [74.145925, 32.522488], [74.13323, 32.500312], [74.103526, 32.476833], [74.069347, 32.461615], [74.043468, 32.464423], [74.010346, 32.428778], [73.991303, 32.419257], [73.964366, 32.416042], [73.921153, 32.416856], [73.90504, 32.413153], [73.867931, 32.392279], [73.85255, 32.388495], [73.814057, 32.388699], [73.790538, 32.38288], [73.778087, 32.369208], [73.769135, 32.353583], [73.756114, 32.341498], [73.737722, 32.337958], [73.676687, 32.347113], [73.661225, 32.339911], [73.62794, 32.305243], [73.612234, 32.293077], [73.602143, 32.290717], [73.580333, 32.289333], [73.570567, 32.286241], [73.565196, 32.280585], [73.552419, 32.262763], [73.540619, 32.255683], [73.522065, 32.241156], [73.512218, 32.23786], [73.420421, 32.236192], [73.400483, 32.227362], [73.384695, 32.190009], [73.32545, 32.133002], [73.290538, 32.107286], [73.283214, 32.097276], [73.278901, 32.072699], [73.267345, 32.061225], [73.227957, 32.046698], [73.214122, 32.035102], [73.203298, 32.017686], [73.196381, 31.996649], [73.193858, 31.974392], [73.187755, 31.94953], [73.172944, 31.931993], [73.139171, 31.902126], [73.129405, 31.883246], [73.118093, 31.845526], [73.108165, 31.830105], [73.092784, 31.819037], [73.073985, 31.810858], [73.001394, 31.792263], [72.992768, 31.78738], [72.975515, 31.774929], [72.970876, 31.772325], [72.95989, 31.763495], [72.933035, 31.72252], [72.919444, 31.710273], [72.908376, 31.708035], [72.879161, 31.710273], [72.865652, 31.707587], [72.838145, 31.698554], [72.804779, 31.694444], [72.741954, 31.676134], [72.672293, 31.671902], [72.655935, 31.666205], [72.647716, 31.659939], [72.618337, 31.645087], [72.608165, 31.637641], [72.594005, 31.621894], [72.583588, 31.614691], [72.573741, 31.612006], [72.552989, 31.611599], [72.542735, 31.607856], [72.536143, 31.601508], [72.529389, 31.591986], [72.524343, 31.582587], [72.522227, 31.576524], [72.5171, 31.5692], [72.505056, 31.563788], [72.480886, 31.556342], [72.470225, 31.550889], [72.446381, 31.531521], [72.388194, 31.505561], [72.361339, 31.488064], [72.35019, 31.460476], [72.342865, 31.449164], [72.251231, 31.364569], [72.254649, 31.309638], [72.253022, 31.294053], [72.23406, 31.220242], [72.229991, 31.215155], [72.210216, 31.210273], [72.203136, 31.206895], [72.190196, 31.19831], [72.138601, 31.183295]], [[72.138764, 31.183295], [72.140391, 31.102891], [72.139252, 31.094062], [72.132823, 31.086778], [72.110037, 31.067328], [72.096446, 31.059027], [72.090831, 31.052314], [72.088145, 31.041938], [72.091319, 31.023871], [72.087413, 31.015082], [72.083425, 31.008816], [72.078217, 30.994737], [72.073416, 30.987494], [72.066987, 30.98196], [72.052664, 30.97248], [72.045909, 30.966986], [72.039643, 30.962999], [72.025645, 30.958319], [72.018484, 30.953396], [72.011648, 30.94363], [72.001475, 30.919867], [71.99464, 30.908962], [71.98585, 30.885688], [71.964366, 30.871283], [71.942475, 30.861029], [71.932628, 30.850287], [71.927257, 30.832302], [71.913829, 30.8192], [71.87794, 30.799099], [71.857921, 30.772895], [71.850597, 30.697862], [71.836925, 30.661933], [71.831635, 30.657294], [71.809011, 30.641466], [71.793875, 30.622911], [71.785167, 30.616563], [71.771495, 30.614122], [71.746511, 30.609198], [71.736827, 30.59748], [71.729747, 30.583848], [71.712901, 30.573188], [71.692556, 30.573798], [71.668224, 30.577094], [71.647716, 30.572455], [71.638927, 30.548936], [71.629487, 30.533474], [71.608328, 30.521023], [71.569347, 30.50491], [71.559174, 30.495225], [71.545502, 30.473009], [71.535248, 30.463324], [71.527843, 30.459174], [71.521007, 30.457139], [71.504649, 30.456488], [71.493582, 30.45421], [71.489838, 30.448432], [71.488536, 30.440619], [71.48406, 30.432237], [71.452729, 30.389106], [71.434988, 30.372667], [71.40504, 30.360297], [71.414073, 30.334499], [71.398204, 30.324042], [71.375499, 30.320665], [71.363862, 30.31623], [71.362641, 30.291449], [71.358653, 30.273505], [71.352306, 30.258979], [71.343435, 30.244208], [71.335704, 30.225938], [71.323009, 30.182725], [71.312511, 30.165107], [71.308849, 30.155544], [71.309988, 30.132636], [71.305675, 30.123806], [71.297862, 30.115749], [71.295421, 30.109809], [71.293956, 30.103217], [71.288992, 30.09337], [71.262706, 30.062527], [71.251882, 30.044298], [71.245046, 29.999538], [71.239268, 29.984442], [71.232514, 29.971462], [71.226736, 29.956163], [71.225597, 29.944892], [71.226085, 29.93476], [71.225108, 29.925157], [71.2199, 29.915229], [71.210053, 29.910183], [71.196381, 29.907253], [71.184174, 29.902289], [71.17685, 29.88642], [71.173432, 29.876003], [71.173839, 29.865424], [71.182546, 29.860663], [71.187999, 29.855292], [71.202159, 29.82921], [71.205658, 29.819648], [71.206065, 29.79328], [71.199229, 29.772244], [71.179128, 29.736436], [71.175222, 29.724799], [71.171641, 29.688747], [71.167491, 29.680243], [71.153901, 29.663886], [71.140636, 29.639838], [71.116222, 29.620917], [71.087901, 29.606024], [71.053803, 29.596503], [71.04892, 29.587592], [71.048757, 29.562364], [71.044688, 29.548529], [71.034597, 29.539984], [71.021414, 29.53498], [71.007742, 29.531684], [71.017345, 29.516669], [71.023692, 29.497748], [71.027192, 29.477729], [71.028087, 29.459337], [71.03004, 29.450507], [71.034272, 29.441026], [71.045665, 29.424872], [71.043712, 29.419786], [71.027761, 29.402289], [71.021983, 29.393866], [71.017996, 29.380398], [71.015636, 29.367377], [71.012625, 29.314032], [71.003673, 29.293321], [70.980398, 29.277777], [70.948822, 29.266221], [70.946218, 29.256415], [70.9463, 29.2331], [70.938894, 29.219184], [70.921479, 29.216417], [70.847585, 29.227851], [70.83017, 29.224677], [70.822765, 29.212673], [70.822683, 29.190985], [70.820323, 29.173611], [70.812022, 29.159369], [70.794851, 29.147488], [70.777354, 29.156806], [70.757416, 29.150499], [70.745942, 29.135769], [70.753917, 29.119493], [70.747081, 29.106472], [70.738292, 29.099392], [70.728526, 29.09394], [70.719737, 29.086005], [70.71339, 29.075303], [70.69866, 29.037624], [70.694347, 29.034532], [70.682384, 29.029486], [70.663666, 29.028266], [70.639171, 29.036811]]]}}, {"type": "Feature", "properties": {"name": "Jhelum", "name_alt": null, "scalerank": 7.0}, "geometry": {"type": "MultiLineString", "coordinates": [[[74.594168, 34.379584], [74.594005, 34.379706], [74.593842, 34.37991], [74.585704, 34.391059], [74.569021, 34.398464], [74.549734, 34.391384], [74.540538, 34.374864], [74.549246, 34.336453], [74.5442, 34.314073], [74.531749, 34.301622]], [[73.597748, 33.32099], [73.600027, 33.313829], [73.602061, 33.301093], [73.601492, 33.285102], [73.604503, 33.266384], [73.612804, 33.249294], [73.62558, 33.230333], [73.641043, 33.216986], [73.655365, 33.205512], [73.6692, 33.187812], [73.672862, 33.16828], [73.657237, 33.150662], [73.642996, 33.142198]]]}}, {"type": "Feature", "properties": {"name": "Jhelum", "name_alt": null, "scalerank": 7.0}, "geometry": {"type": "MultiLineString", "coordinates": [[[74.531749, 34.301622], [74.40797, 34.268907], [74.375906, 34.249538], [74.35255, 34.222113], [74.340343, 34.214423], [74.29892, 34.207343], [74.287527, 34.197292], [74.279226, 34.185899], [74.26946, 34.177517], [74.259939, 34.175849], [74.238292, 34.178168], [74.228526, 34.177517], [74.22047, 34.173896], [74.194347, 34.15705], [74.17392, 34.150906], [74.118663, 34.149604], [74.087901, 34.13642], [74.053722, 34.114325], [74.020437, 34.098822], [73.991954, 34.105251], [73.974864, 34.111518], [73.912852, 34.101833], [73.896251, 34.105251], [73.880626, 34.113837], [73.851736, 34.136542], [73.818614, 34.156033], [73.785167, 34.166205], [73.707612, 34.170681], [73.690929, 34.174994], [73.660248, 34.193712], [73.627452, 34.202989], [73.610769, 34.214871], [73.584076, 34.238959], [73.539236, 34.297431], [73.513438, 34.324042], [73.481049, 34.33515], [73.472585, 34.335801], [73.466807, 34.336982], [73.461192, 34.337185], [73.453868, 34.33515], [73.460216, 34.319037], [73.487885, 34.198025], [73.488862, 34.180935], [73.486908, 34.146186], [73.487885, 34.129096], [73.50587, 34.067939], [73.516124, 34.007351], [73.577403, 33.90998], [73.580089, 33.876247], [73.564708, 33.802924], [73.573985, 33.776557], [73.586029, 33.761746], [73.593354, 33.74494], [73.596934, 33.726833], [73.597748, 33.707953], [73.593272, 33.69477], [73.575125, 33.662624], [73.573985, 33.653347], [73.575857, 33.646918], [73.570567, 33.633002], [73.573985, 33.625759], [73.601166, 33.605251], [73.612234, 33.592475], [73.622651, 33.574774], [73.630463, 33.556098], [73.632498, 33.540066], [73.628673, 33.530463], [73.622, 33.527411], [73.615652, 33.525458], [73.612234, 33.518988], [73.612397, 33.509345], [73.620209, 33.476508], [73.623464, 33.46894], [73.625906, 33.460964], [73.625255, 33.45128], [73.619884, 33.447821], [73.610769, 33.44599], [73.601736, 33.440782], [73.592052, 33.410915], [73.580333, 33.398993], [73.5713, 33.386583], [73.573985, 33.36876], [73.584402, 33.354682], [73.595876, 33.342068], [73.600841, 33.332099], [73.597748, 33.32099]], [[75.366222, 33.444444], [75.356944, 33.47724], [75.35255, 33.484809], [75.342784, 33.492255], [75.324636, 33.49669], [75.314708, 33.502224], [75.249522, 33.553738], [75.207612, 33.569607], [75.188569, 33.582872], [75.180593, 33.605251], [75.174327, 33.615587], [75.132823, 33.669786], [75.109955, 33.69538], [75.105479, 33.704535], [75.106456, 33.717393], [75.110932, 33.726101], [75.116222, 33.733344], [75.118582, 33.742377], [75.116222, 33.763454], [75.110037, 33.782986], [75.101573, 33.800238], [75.091889, 33.814399], [75.085216, 33.820665], [75.066661, 33.833767], [75.019542, 33.879584], [75.007335, 33.898505], [74.994151, 33.935899], [74.982595, 33.950954], [74.963796, 33.957628], [74.916433, 33.964911], [74.90683, 33.975165], [74.905528, 34.000027], [74.900483, 34.014919], [74.890147, 34.026068], [74.717459, 34.140163], [74.639415, 34.238959], [74.625499, 34.251532], [74.620697, 34.25849], [74.618744, 34.270046], [74.621023, 34.28205], [74.630382, 34.302029], [74.632498, 34.310981], [74.629649, 34.333075], [74.622, 34.347602], [74.593842, 34.37991]], [[73.642996, 33.142198], [73.620046, 33.123562], [73.638113, 33.102322], [73.670421, 33.083848], [73.729747, 33.061632], [73.761241, 33.044704], [73.777924, 33.018175], [73.769786, 32.977729], [73.763682, 32.969509], [73.754161, 32.960395], [73.743907, 32.95246], [73.735362, 32.947333], [73.727957, 32.94005], [73.712901, 32.915798], [73.700776, 32.906317], [73.687755, 32.89879], [73.680268, 32.891466], [73.674571, 32.88406], [73.66684, 32.875922], [73.62379, 32.850613], [73.612234, 32.841173], [73.602061, 32.820421], [73.590343, 32.770616], [73.577403, 32.755479], [73.563243, 32.747097], [73.556244, 32.738837], [73.551362, 32.729438], [73.543224, 32.717637], [73.532725, 32.707099], [73.522227, 32.700141], [73.468842, 32.677436], [73.418549, 32.648261], [73.37672, 32.640326], [73.346934, 32.630479], [73.330333, 32.628241], [73.285167, 32.635525], [73.26946, 32.635118], [73.266612, 32.607449], [73.228119, 32.596991], [73.065684, 32.581122], [73.026541, 32.572333], [72.99171, 32.54975], [72.976085, 32.543728], [72.933035, 32.543158], [72.916026, 32.536444], [72.884858, 32.511786], [72.774832, 32.455878], [72.73349, 32.442003], [72.693451, 32.436469], [72.611339, 32.436469], [72.603933, 32.433621], [72.591726, 32.419013], [72.583914, 32.412909], [72.572358, 32.409125], [72.535818, 32.402371], [72.503917, 32.381415], [72.484467, 32.356553], [72.46339, 32.335883], [72.42628, 32.327257], [72.399913, 32.315863], [72.372813, 32.288886], [72.350108, 32.257148], [72.336518, 32.231635], [72.306082, 32.13821], [72.302419, 32.10753], [72.293956, 32.078192], [72.25351, 32.032823], [72.240326, 32.005723], [72.240733, 31.987494], [72.251882, 31.948554], [72.2553, 31.919053], [72.257091, 31.911404], [72.265066, 31.895209], [72.266856, 31.885077], [72.263194, 31.876899], [72.258067, 31.869249], [72.254649, 31.861111], [72.250906, 31.829291], [72.247488, 31.815863], [72.232921, 31.785956], [72.223155, 31.770819], [72.211681, 31.757188], [72.199718, 31.748114], [72.180919, 31.728827], [72.167247, 31.697455], [72.142589, 31.569281], [72.137625, 31.498481], [72.13144, 31.479804], [72.124929, 31.467393], [72.126475, 31.45954], [72.129893, 31.451239], [72.131765, 31.443061], [72.132823, 31.433458], [72.137625, 31.417304], [72.138601, 31.409247], [72.134939, 31.398993], [72.12672, 31.393622], [72.117442, 31.389187], [72.111339, 31.381293], [72.11085, 31.366563], [72.124929, 31.313056], [72.124929, 31.280707], [72.129324, 31.265652], [72.142019, 31.24787], [72.155528, 31.235541], [72.158295, 31.229438], [72.15919, 31.217108], [72.155854, 31.20954], [72.141694, 31.200507], [72.138601, 31.192939], [72.138764, 31.183295]]]}}, {"type": "Feature", "properties": {"name": "Cauvery", "name_alt": null, "scalerank": 7.0}, "geometry": {"type": "MultiLineString", "coordinates": [[[76.432221, 12.516303], [76.432384, 12.51614], [76.437592, 12.507595], [76.455007, 12.487087], [76.462169, 12.476874], [76.462494, 12.476142], [76.469005, 12.467231], [76.47462, 12.460883], [76.496593, 12.452501], [76.520518, 12.44599], [76.535248, 12.44127], [76.545339, 12.438544], [76.572276, 12.427354]], [[77.674897, 11.970526], [77.672374, 11.961208], [77.687429, 11.948188], [77.717459, 11.945665], [77.738292, 11.93948], [77.75172, 11.927273], [77.775483, 11.919623], [77.808442, 11.916205], [77.826427, 11.910956], [77.830577, 11.898505], [77.826427, 11.878689], [77.818614, 11.857042], [77.816417, 11.843858], [77.817149, 11.82864], [77.816824, 11.817084]]]}}, {"type": "Feature", "properties": {"name": "Cauvery", "name_alt": null, "scalerank": 7.0}, "geometry": {"type": "MultiLineString", "coordinates": [[[76.572276, 12.427354], [76.591889, 12.421413], [76.602143, 12.419542], [76.61321, 12.419949], [76.624604, 12.42418], [76.645518, 12.437567], [76.657644, 12.440375], [76.666596, 12.438341], [76.686697, 12.429389], [76.698741, 12.427354], [76.708425, 12.424506], [76.726085, 12.410956], [76.736501, 12.406277], [76.765147, 12.406358], [76.778738, 12.400458], [76.784434, 12.382351], [76.79241, 12.367011], [76.846446, 12.310085], [76.882742, 12.256374], [76.89088, 12.248603], [76.896902, 12.24433], [76.904307, 12.234931], [76.913666, 12.225531], [76.925304, 12.221259], [76.937999, 12.222846], [76.96933, 12.235541], [77.015554, 12.238145], [77.016368, 12.212592], [77.011322, 12.182888], [77.038992, 12.172878], [77.045909, 12.171698], [77.052175, 12.169704], [77.05657, 12.171942], [77.058116, 12.183702], [77.062266, 12.186835], [77.082286, 12.188096], [77.089854, 12.190538], [77.096446, 12.193874], [77.115245, 12.198554], [77.120209, 12.200792], [77.124766, 12.211737], [77.12322, 12.220893], [77.120372, 12.228705], [77.120209, 12.235541], [77.128998, 12.248155], [77.153331, 12.263007], [77.164968, 12.272773], [77.172537, 12.285712], [77.176768, 12.297471], [77.182872, 12.308132], [77.195893, 12.317491], [77.212494, 12.311143], [77.280935, 12.310085], [77.299327, 12.306342], [77.346202, 12.282742], [77.36614, 12.282904], [77.413259, 12.292589], [77.424897, 12.292996], [77.449229, 12.259467], [77.476573, 12.241767], [77.480398, 12.231553], [77.478445, 12.214626], [77.483409, 12.207628], [77.492198, 12.205512], [77.667735, 12.203925], [77.698416, 12.198065], [77.724539, 12.184882], [77.732921, 12.174628], [77.734955, 12.163601], [77.728445, 12.118109], [77.729421, 12.079291], [77.727306, 12.061103], [77.717214, 12.03913], [77.682628, 11.996853], [77.674897, 11.970526]], [[75.660411, 12.337958], [75.677419, 12.330593], [75.718354, 12.304877], [75.743582, 12.284491], [75.752045, 12.284206], [75.759369, 12.287462], [75.766856, 12.289578], [75.797537, 12.303819], [75.799734, 12.306423], [75.801768, 12.310858], [75.805186, 12.315212], [75.811127, 12.317491], [75.816987, 12.316677], [75.822358, 12.314073], [75.825857, 12.311387], [75.82545, 12.310085], [75.849213, 12.310858], [75.858979, 12.313666], [75.86964, 12.320624], [75.884207, 12.336371], [75.894216, 12.354112], [75.916921, 12.426296], [75.92099, 12.433539], [75.95517, 12.443793], [75.955658, 12.464464], [75.959727, 12.495185], [75.963796, 12.509345], [75.969493, 12.522976], [75.977957, 12.536648], [76.013601, 12.574164], [76.023367, 12.587714], [76.030284, 12.602484], [76.039236, 12.614325], [76.054779, 12.619167], [76.109386, 12.602566], [76.119151, 12.601752], [76.127696, 12.58751], [76.165701, 12.582302], [76.174327, 12.574164], [76.179698, 12.555609], [76.192556, 12.542914], [76.208588, 12.534735], [76.222748, 12.529731], [76.22698, 12.526231], [76.229096, 12.517279], [76.232595, 12.515489], [76.238862, 12.516669], [76.248057, 12.521796], [76.253184, 12.522976], [76.263113, 12.521064], [76.280365, 12.512152], [76.291026, 12.509304], [76.343191, 12.508002], [76.359304, 12.501817], [76.375987, 12.49197], [76.38974, 12.486029], [76.400076, 12.487982], [76.406993, 12.501817], [76.40325, 12.516181], [76.408214, 12.526475], [76.417898, 12.529649], [76.432384, 12.51614]], [[77.816824, 11.817084], [77.800304, 11.774685], [77.771414, 11.666368], [77.761729, 11.650417], [77.750499, 11.635769], [77.74114, 11.620144], [77.737234, 11.601508], [77.740001, 11.587022], [77.73935, 11.576606], [77.726736, 11.554389], [77.727306, 11.542548], [77.730235, 11.531684], [77.730398, 11.522406], [77.726085, 11.51557], [77.714122, 11.506863], [77.709972, 11.501899], [77.706554, 11.490749], [77.706472, 11.481635], [77.705333, 11.473212], [77.687755, 11.442816], [77.689708, 11.419989], [77.700857, 11.397773], [77.716807, 11.378363], [77.725597, 11.371894], [77.747569, 11.360216], [77.757742, 11.351101], [77.763194, 11.341417], [77.769135, 11.322048], [77.774832, 11.313544], [77.851085, 11.24372], [77.858897, 11.227403], [77.860037, 11.182888], [77.863292, 11.173407], [77.877452, 11.154649], [77.880626, 11.142198], [77.881928, 11.119005], [77.884288, 11.107978], [77.888113, 11.097846], [77.917003, 11.07156], [77.953624, 11.076036], [77.993582, 11.089545], [78.031993, 11.090399], [78.062511, 11.07746], [78.080577, 11.072089], [78.10377, 11.069892], [78.123464, 11.061957], [78.142345, 11.043036], [78.1692, 11.001003], [78.183035, 10.968573], [78.189057, 10.960028], [78.202403, 10.951036], [78.212332, 10.952012], [78.22169, 10.956977], [78.233816, 10.960028], [78.295828, 10.958808], [78.363048, 10.960517], [78.401378, 10.953477], [78.436615, 10.939521], [78.486827, 10.909451], [78.501557, 10.905585], [78.541921, 10.905463], [78.562429, 10.898627], [78.583995, 10.885565], [78.605968, 10.877305], [78.62794, 10.884955], [78.677989, 10.869412]], [[78.600027, 10.878119], [78.675792, 10.854193], [78.682628, 10.843858], [78.698741, 10.834296], [78.717214, 10.826931], [78.730968, 10.823513], [78.861746, 10.825751], [78.88559, 10.820299]], [[78.88559, 10.820299], [78.899832, 10.834011], [78.919526, 10.842108], [78.941661, 10.84455], [78.966807, 10.84455], [78.982351, 10.84748], [79.023692, 10.860785], [79.045665, 10.864447], [79.089122, 10.864325], [79.10906, 10.86697], [79.131602, 10.878526], [79.151459, 10.884223], [79.155528, 10.888048], [79.159434, 10.8935], [79.180186, 10.907986], [79.189545, 10.912869], [79.225678, 10.925849], [79.262706, 10.934027], [79.433604, 10.939561], [79.438975, 10.936387], [79.444347, 10.929307], [79.451182, 10.922227], [79.460541, 10.919053], [79.631847, 10.934394], [79.6421, 10.932685], [79.646983, 10.928005], [79.657644, 10.910468], [79.662608, 10.905463], [79.684011, 10.900662], [79.755382, 10.905463], [79.76767, 10.903144], [79.789806, 10.893378], [79.799815, 10.89114], [79.81129, 10.89411], [79.821788, 10.900214], [79.833263, 10.905382], [79.841238, 10.905463]], [[78.88559, 10.820299], [78.901541, 10.816677], [78.938406, 10.796698], [78.958914, 10.793891], [78.980479, 10.806098], [79.059255, 10.816677], [79.080089, 10.813259], [79.12322, 10.799262], [79.145274, 10.79621], [79.168386, 10.797878], [79.209727, 10.806098], [79.266531, 10.811103], [79.300141, 10.809394], [79.333263, 10.802598], [79.368337, 10.789374], [79.401866, 10.763007], [79.429861, 10.723822], [79.450857, 10.68122], [79.463959, 10.644721], [79.472667, 10.599392], [79.479991, 10.578315], [79.494395, 10.559394], [79.500011, 10.542996], [79.499441, 10.517198], [79.495372, 10.491238], [79.490733, 10.474066], [79.472097, 10.437527], [79.469249, 10.415798], [79.48463, 10.387641], [79.490326, 10.368109], [79.494395, 10.364203], [79.50058, 10.361925], [79.528575, 10.338324]], [[78.881765, 10.816677], [78.88559, 10.820299]]]}}, {"type": "Feature", "properties": {"name": "Chambal", "name_alt": null, "scalerank": 7.0}, "geometry": {"type": "MultiLineString", "coordinates": [[[75.507253, 24.743964], [75.507416, 24.756944], [75.509939, 24.766628], [75.526459, 24.774522], [75.548432, 24.781562], [75.569265, 24.793036], [75.592052, 24.810085], [75.599864, 24.834906], [75.595714, 24.859727], [75.588634, 24.876492], [75.577403, 24.910183], [75.571707, 24.918728]], [[75.385509, 24.22252], [75.372325, 24.241523], [75.367686, 24.252875], [75.358653, 24.268866], [75.354584, 24.286078], [75.352468, 24.306098], [75.364675, 24.321316], [75.39088, 24.330919], [75.406179, 24.33869], [75.445893, 24.366889], [75.455333, 24.385565], [75.467703, 24.402411], [75.490245, 24.427761], [75.506928, 24.444932], [75.52003, 24.453803], [75.536388, 24.4737], [75.577159, 24.516303], [75.596934, 24.541938], [75.59669, 24.565701], [75.587006, 24.586615], [75.582774, 24.603095], [75.583751, 24.641059], [75.581391, 24.647732]]]}}, {"type": "Feature", "properties": {"name": "Chambal", "name_alt": null, "scalerank": 7.0}, "geometry": {"type": "MultiLineString", "coordinates": [[[75.571707, 24.918728], [75.554454, 24.947333], [75.57366, 24.971137], [75.6338, 25.008734], [75.719005, 25.083441], [75.742931, 25.111151], [75.732921, 25.121527], [75.734955, 25.130805], [75.744151, 25.13878], [75.755951, 25.14529], [75.766205, 25.148708], [75.774018, 25.148301], [75.782237, 25.146348], [75.7942, 25.14529], [75.80714, 25.154975], [75.845307, 25.214179], [75.904389, 25.273261], [75.917735, 25.283026], [75.930919, 25.283718], [75.935476, 25.280829], [75.945323, 25.272488], [75.951752, 25.263739], [75.963878, 25.240343], [75.969493, 25.234646], [75.986339, 25.237494], [76.004324, 25.25019], [76.018321, 25.266221], [76.024099, 25.279364], [76.02296, 25.321845], [76.032481, 25.333441], [76.058197, 25.344509], [76.063406, 25.347764], [76.066905, 25.355496], [76.071869, 25.358181], [76.076182, 25.356309], [76.088634, 25.346625], [76.093028, 25.344509], [76.10491, 25.346055], [76.119151, 25.350409], [76.129893, 25.351345], [76.14088, 25.354682], [76.138438, 25.362901], [76.13087, 25.37287], [76.126475, 25.3817], [76.127859, 25.390245], [76.167491, 25.482856], [76.177745, 25.498399], [76.186046, 25.501736], [76.211681, 25.5008], [76.222748, 25.502143], [76.228282, 25.506619], [76.233409, 25.513251], [76.240815, 25.519355], [76.253184, 25.52204], [76.270518, 25.529486], [76.277192, 25.547227], [76.279226, 25.610663], [76.283621, 25.627387], [76.293386, 25.641303], [76.311534, 25.659206], [76.29713, 25.674384], [76.285248, 25.691596], [76.284923, 25.707953], [76.304698, 25.720649], [76.322276, 25.714464], [76.342296, 25.732693], [76.363292, 25.756903], [76.3838, 25.76907], [76.397065, 25.771348], [76.433849, 25.785224], [76.445567, 25.79328], [76.463308, 25.814276], [76.469819, 25.824286], [76.476573, 25.837958], [76.469168, 25.844184], [76.487315, 25.85163], [76.509776, 25.853461], [76.554779, 25.85163], [76.559255, 25.854356], [76.582774, 25.875515], [76.591889, 25.880683], [76.610606, 25.881537], [76.620616, 25.885118], [76.627452, 25.893093], [76.636241, 25.914252], [76.641043, 25.920478], [76.651785, 25.922675], [76.704356, 25.918769], [76.715587, 25.916124], [76.727061, 25.916327], [76.740001, 25.923285], [76.759939, 25.945909], [76.770274, 25.954047], [76.779063, 25.957953], [76.78769, 25.960273], [76.79599, 25.964626], [76.804291, 25.974473], [76.807546, 25.985419], [76.807546, 25.996894], [76.808849, 26.008328], [76.81544, 26.018866], [76.87322, 26.052029], [76.887462, 26.06391], [76.89267, 26.073757], [76.895274, 26.082587], [76.899099, 26.090766], [76.90797, 26.09866], [76.937511, 26.104315], [76.945567, 26.108222], [76.95989, 26.122911], [76.96933, 26.129462], [76.991791, 26.135932], [76.998627, 26.145087], [77.003673, 26.156317], [77.010346, 26.166287], [77.018972, 26.171698], [77.049083, 26.184353], [77.061941, 26.186794], [77.075694, 26.184597], [77.082286, 26.185329], [77.089854, 26.190497], [77.0949, 26.198757], [77.097097, 26.214911], [77.099864, 26.221503], [77.124766, 26.237901], [77.152354, 26.23961], [77.181082, 26.237413], [77.209727, 26.242011], [77.230072, 26.262519], [77.254161, 26.274726], [77.266368, 26.284491], [77.281179, 26.294257], [77.288097, 26.300076], [77.294444, 26.308295], [77.301362, 26.32449], [77.305186, 26.331366], [77.323334, 26.352078], [77.335704, 26.361151], [77.34962, 26.364936], [77.380463, 26.364203], [77.39503, 26.366238], [77.407644, 26.372382], [77.41505, 26.364936], [77.431244, 26.373725], [77.432384, 26.386257], [77.431407, 26.400214], [77.441824, 26.413357], [77.459565, 26.416815], [77.499929, 26.411689], [77.514415, 26.416449], [77.525971, 26.426337], [77.565359, 26.447455], [77.616791, 26.483018], [77.631114, 26.488389], [77.645763, 26.490546], [77.680756, 26.499945], [77.699311, 26.502061], [77.715017, 26.506049], [77.726573, 26.51557], [77.74407, 26.5362], [77.772716, 26.548529], [77.809011, 26.559353], [77.831472, 26.575792], [77.819021, 26.605089], [77.869884, 26.619412], [77.880626, 26.625596], [77.885916, 26.634223], [77.889089, 26.651679], [77.894216, 26.659735], [77.902599, 26.664089], [77.913585, 26.666083], [77.93214, 26.666571], [77.949962, 26.669867], [77.978282, 26.684394], [78.003673, 26.693874], [78.012787, 26.695624], [78.021495, 26.691107], [78.029063, 26.685329], [78.038259, 26.68183], [78.048839, 26.680284], [78.059255, 26.680243], [78.079275, 26.682969], [78.085053, 26.68948], [78.084972, 26.701606], [78.087332, 26.721218], [78.090017, 26.728054], [78.098562, 26.741034], [78.100352, 26.742947], [78.099864, 26.753485], [78.094249, 26.770331], [78.092784, 26.779853], [78.101166, 26.795193], [78.119884, 26.794704], [78.151459, 26.783271], [78.16505, 26.792019], [78.168956, 26.822211], [78.182221, 26.81741], [78.204194, 26.824774], [78.219249, 26.82392], [78.233816, 26.819851], [78.254893, 26.81741], [78.258067, 26.821357], [78.272227, 26.844672], [78.280284, 26.851508], [78.286062, 26.854926], [78.326101, 26.85989], [78.350597, 26.858507], [78.371349, 26.851101], [78.384858, 26.82685], [78.396007, 26.824246], [78.418712, 26.824815], [78.427989, 26.822577], [78.433523, 26.816718], [78.438243, 26.808783], [78.446056, 26.799994], [78.461518, 26.792344], [78.498627, 26.788275], [78.518077, 26.783271], [78.563487, 26.758572], [78.583263, 26.755927], [78.595225, 26.75849], [78.601573, 26.764431], [78.606537, 26.771186], [78.614268, 26.776435], [78.622569, 26.777371], [78.642589, 26.775214], [78.655203, 26.776435], [78.693289, 26.797919], [78.710053, 26.798936], [78.724132, 26.776435], [78.734304, 26.785468], [78.745372, 26.789252], [78.754487, 26.785753], [78.75823, 26.773017], [78.761974, 26.765245], [78.770763, 26.763617], [78.781993, 26.763943], [78.792491, 26.762152], [78.812022, 26.747748], [78.842296, 26.711982], [78.861339, 26.70128], [78.873464, 26.700629], [78.90504, 26.708197], [78.919363, 26.707872], [78.926036, 26.706244], [78.935802, 26.694525], [78.937755, 26.687038], [78.937755, 26.677802], [78.941173, 26.669867], [78.953136, 26.666571], [78.984793, 26.673774], [78.997162, 26.674018], [78.994233, 26.633653], [79.026296, 26.591498], [79.073171, 26.556179], [79.114513, 26.5362], [79.163178, 26.531358], [79.184988, 26.525214], [79.196381, 26.508897], [79.192882, 26.497626], [79.184825, 26.487657], [79.182628, 26.479682], [79.196381, 26.474799], [79.207449, 26.477566], [79.244884, 26.502061]], [[75.581391, 24.647732], [75.56894, 24.667548], [75.507253, 24.743964]], [[75.667247, 22.473212], [75.657644, 22.475165], [75.650076, 22.47781], [75.6338, 22.486843], [75.602794, 22.510443], [75.595225, 22.514187], [75.583751, 22.523017], [75.558116, 22.566677], [75.544363, 22.583075], [75.516856, 22.595811], [75.510183, 22.602891], [75.507253, 22.611396], [75.504324, 22.625271], [75.503429, 22.63821], [75.506765, 22.643866], [75.509776, 22.655341], [75.503347, 22.726426], [75.473155, 22.791205], [75.468679, 22.812079], [75.510183, 23.062852], [75.513601, 23.072089], [75.522716, 23.090033], [75.524506, 23.096991], [75.52239, 23.108954], [75.512462, 23.130398], [75.510183, 23.141384], [75.508311, 23.186306], [75.504324, 23.207953], [75.496511, 23.226671], [75.472179, 23.252509], [75.460541, 23.269232], [75.455577, 23.291856], [75.45045, 23.306098], [75.414073, 23.350206], [75.401134, 23.370632], [75.392589, 23.389675], [75.388113, 23.410346], [75.386648, 23.435574], [75.393158, 23.455512], [75.39503, 23.467719], [75.390066, 23.47309], [75.366222, 23.50788], [75.354584, 23.543891], [75.358816, 23.67239], [75.354584, 23.694525], [75.344168, 23.715766], [75.328217, 23.726386], [75.307628, 23.716742], [75.293386, 23.715644], [75.280691, 23.732611], [75.271983, 23.756171], [75.269949, 23.774766], [75.278738, 23.796942], [75.292979, 23.801825], [75.335216, 23.795233], [75.34962, 23.802354], [75.359304, 23.818915], [75.366222, 23.837429], [75.373057, 23.850531], [75.426036, 23.892198], [75.454356, 23.907742], [75.46339, 23.929796], [75.469249, 23.955024], [75.476085, 23.973985], [75.503022, 24.01435], [75.513113, 24.036078], [75.517019, 24.059353], [75.511729, 24.075629], [75.48585, 24.113837], [75.476085, 24.124823], [75.462494, 24.133979], [75.450694, 24.139268], [75.439545, 24.147569], [75.427664, 24.165839], [75.414236, 24.198676], [75.405284, 24.209825], [75.385509, 24.22252]]]}}, {"type": "Feature", "properties": {"name": "Gh?ghara", "name_alt": null, "scalerank": 7.0}, "geometry": {"type": "MultiLineString", "coordinates": [[[81.196666, 28.3558], [81.19752, 28.352362], [81.190033, 28.345526], [81.19752, 28.339301], [81.189545, 28.330878], [81.171886, 28.317084], [81.162852, 28.311387], [81.148936, 28.32213], [81.123627, 28.335395], [81.099213, 28.339382], [81.088308, 28.322292], [81.08546, 28.310818], [81.071381, 28.284288], [81.067312, 28.270453], [81.06544, 28.253526], [81.066661, 28.24494], [81.114675, 28.191962], [81.127452, 28.171576], [81.135509, 28.147528], [81.131847, 28.122748], [81.1338, 28.110948], [81.146088, 28.105902], [81.159923, 28.102729], [81.170828, 28.094509], [81.178722, 28.083279], [81.183849, 28.071153], [81.171641, 28.065375], [81.163015, 28.05626], [81.157725, 28.043647], [81.155935, 28.027126], [81.163829, 28.020372], [81.214366, 27.999538], [81.221772, 27.988105], [81.230479, 27.96015], [81.238536, 27.94831], [81.253184, 27.941596], [81.271495, 27.938178], [81.288829, 27.932807], [81.299897, 27.920356], [81.300385, 27.904079], [81.290538, 27.895819], [81.278412, 27.88878], [81.272716, 27.876288], [81.274832, 27.867703], [81.28419, 27.853095], [81.286388, 27.845893], [81.284272, 27.836778], [81.279552, 27.829901], [81.274913, 27.824897], [81.272716, 27.821357], [81.274506, 27.806586], [81.281179, 27.782782], [81.280203, 27.769558], [81.268321, 27.740017], [81.259939, 27.724799], [81.252208, 27.714911], [81.272878, 27.704047], [81.292979, 27.687038], [81.308197, 27.666124], [81.314138, 27.6435], [81.311046, 27.62287], [81.299327, 27.58161], [81.299897, 27.557888], [81.30657, 27.538682], [81.331635, 27.49494], [81.3449, 27.478705], [81.348643, 27.470526], [81.354747, 27.446234], [81.358653, 27.441189], [81.388601, 27.421495], [81.396251, 27.413886], [81.403087, 27.393826], [81.40504, 27.370876], [81.403575, 27.327948], [81.413829, 27.310248], [81.435313, 27.298407], [81.454682, 27.283393], [81.458263, 27.256212], [81.452159, 27.246405], [81.433604, 27.230292], [81.430268, 27.222113], [81.435476, 27.21129], [81.454112, 27.197211], [81.458263, 27.18419], [81.455089, 27.16474], [81.450125, 27.153144], [81.448985, 27.142361], [81.458263, 27.125271], [81.475515, 27.105821], [81.47877, 27.098578], [81.479015, 27.086982], [81.475678, 27.08161], [81.474539, 27.07685], [81.482188, 27.067206], [81.500906, 27.058661], [81.523855, 27.059597], [81.547455, 27.063503], [81.568126, 27.063788], [81.606944, 27.047146], [81.697276, 26.961371], [81.719249, 26.947781], [81.725108, 26.940945], [81.730479, 26.929267], [81.733409, 26.91828], [81.738048, 26.91002], [81.78712, 26.896552], [81.788666, 26.881374], [81.792979, 26.873847], [81.799327, 26.868191], [81.807709, 26.858344], [81.829519, 26.820665], [81.843679, 26.807969], [81.865733, 26.803087], [81.913829, 26.803087], [81.918549, 26.801459], [81.935313, 26.79324], [81.945567, 26.790066], [81.968842, 26.788886], [81.985769, 26.793769], [82.013113, 26.810574], [82.047374, 26.824815], [82.076915, 26.845649], [82.082042, 26.848456], [82.094493, 26.853095], [82.122325, 26.846869], [82.187022, 26.8192], [82.208588, 26.819607], [82.229503, 26.816352], [82.246511, 26.796942], [82.240001, 26.790717], [82.232188, 26.775662], [82.225352, 26.769599], [82.241466, 26.755805], [82.28004, 26.74372], [82.305268, 26.72663], [82.324636, 26.717149], [82.328298, 26.711534], [82.332449, 26.70307], [82.355072, 26.674018], [82.393077, 26.655951], [82.418549, 26.648301], [82.434581, 26.649766], [82.454845, 26.660753], [82.475597, 26.658637], [82.551199, 26.620307], [82.571707, 26.613796], [82.592214, 26.611355], [82.63323, 26.614854], [82.649018, 26.613593], [82.664154, 26.605089], [82.678966, 26.587999], [82.688975, 26.572374], [82.703136, 26.561103], [82.729503, 26.556708], [82.749034, 26.561591], [82.769054, 26.571479], [82.790294, 26.57921], [82.814464, 26.577826], [82.879975, 26.536241], [82.921479, 26.523464], [83.004324, 26.476101], [83.012706, 26.469916], [83.030772, 26.451199], [83.061534, 26.409939], [83.076589, 26.399522], [83.11085, 26.388983], [83.14796, 26.382839], [83.171397, 26.386013], [83.185069, 26.37995], [83.230479, 26.376044], [83.240245, 26.368598], [83.251557, 26.362372], [83.322765, 26.351874], [83.359386, 26.328192], [83.42864, 26.271064], [83.465587, 26.262519], [83.477061, 26.265245], [83.495942, 26.273627], [83.507253, 26.27615], [83.519623, 26.275702], [83.540294, 26.270087], [83.55128, 26.268663], [83.70753, 26.268012], [83.741222, 26.262519], [83.774669, 26.248847], [83.826671, 26.200873], [83.846446, 26.1942], [83.861827, 26.185126], [83.882416, 26.141059], [83.897472, 26.125312], [83.914968, 26.121609], [83.988048, 26.118232], [83.997, 26.116563], [84.001231, 26.115302], [84.038585, 26.096055], [84.054617, 26.091173], [84.063487, 26.090644], [84.084076, 26.092068], [84.096202, 26.091173], [84.107921, 26.086859], [84.129649, 26.073554], [84.14088, 26.070665], [84.150401, 26.066026], [84.160411, 26.055121], [84.168468, 26.042507], [84.175873, 26.022773], [84.185151, 26.020331], [84.196381, 26.019802], [84.206065, 26.015448], [84.210704, 26.007025], [84.219737, 25.974473], [84.225515, 25.96365], [84.230479, 25.956814], [84.243582, 25.943793], [84.261485, 25.931342], [84.279796, 25.92711], [84.298269, 25.928656], [84.332937, 25.938585], [84.3449, 25.940497], [84.374278, 25.940375], [84.3838, 25.935492], [84.396495, 25.923774], [84.407481, 25.909247], [84.41212, 25.896023], [84.419526, 25.889594], [84.456554, 25.869981], [84.470144, 25.865831], [84.502371, 25.867743], [84.519542, 25.866889], [84.531668, 25.862128], [84.605479, 25.799872], [84.610606, 25.791612], [84.622976, 25.759467], [84.630626, 25.74494], [84.641612, 25.733751], [84.65797, 25.728095], [84.671967, 25.730292], [84.701264, 25.742011], [84.713145, 25.741767]]]}}, {"type": "Feature", "properties": {"name": "Chindwin", "name_alt": null, "scalerank": 7.0}, "geometry": {"type": "MultiLineString", "coordinates": [[[96.903412, 25.631903], [96.897227, 25.669745], [96.894054, 25.674506], [96.886974, 25.682196], [96.879975, 25.692206], [96.876882, 25.704169], [96.879975, 25.713324], [96.894054, 25.72309], [96.897227, 25.731513], [96.898204, 25.795966], [96.901459, 25.81448], [96.907807, 25.83161], [96.917735, 25.85163], [96.955089, 25.928656], [96.971609, 25.935492], [96.97934, 25.940375], [96.987071, 25.950548], [96.999766, 25.981309], [97.0171, 26.011664], [97.020274, 26.028876], [97.013276, 26.050238], [97.027192, 26.062527], [97.034679, 26.074001], [97.056733, 26.125841], [97.060802, 26.140245], [97.061697, 26.177191], [97.053233, 26.191352], [97.014252, 26.22781], [96.993256, 26.24079], [96.95753, 26.293077], [96.952729, 26.297919], [96.945079, 26.303494], [96.940033, 26.304633], [96.921153, 26.303494], [96.915538, 26.305528], [96.913097, 26.310004], [96.91212, 26.314643], [96.910818, 26.317165], [96.857921, 26.329657], [96.848888, 26.334499], [96.844737, 26.345811], [96.834239, 26.36046], [96.819916, 26.373155], [96.804454, 26.378526], [96.793549, 26.375067], [96.783214, 26.368476], [96.773204, 26.364447], [96.763194, 26.368598], [96.744884, 26.384141], [96.739024, 26.392849], [96.732839, 26.384548], [96.722179, 26.377631], [96.709727, 26.373236], [96.69866, 26.372382], [96.685639, 26.37698], [96.672455, 26.390082], [96.661143, 26.392849], [96.634939, 26.392849], [96.62379, 26.395779], [96.602061, 26.41059], [96.580007, 26.414496], [96.56837, 26.419501], [96.541433, 26.449815], [96.515636, 26.48725], [96.486908, 26.509833], [96.451671, 26.495876], [96.443858, 26.50613], [96.435313, 26.50963], [96.414073, 26.508897], [96.403819, 26.51203], [96.406342, 26.519884], [96.413503, 26.529975], [96.417491, 26.539984], [96.413829, 26.550605], [96.404796, 26.550401], [96.393565, 26.545966], [96.383311, 26.543647], [96.367686, 26.545681], [96.361095, 26.548367], [96.340587, 26.575059], [96.338145, 26.581244], [96.33489, 26.584011], [96.324718, 26.584662], [96.297862, 26.581], [96.285655, 26.583441], [96.290538, 26.594835], [96.303233, 26.617499], [96.300792, 26.637397], [96.28712, 26.647244], [96.266043, 26.639228], [96.271495, 26.633734], [96.280284, 26.61876], [96.263194, 26.61461], [96.258393, 26.600369], [96.250906, 26.588406], [96.225678, 26.591417], [96.247569, 26.540107], [96.254649, 26.511827], [96.246104, 26.482204], [96.244151, 26.487372], [96.242117, 26.490587], [96.240489, 26.494656], [96.239268, 26.502061], [96.231944, 26.502061], [96.231456, 26.420356], [96.223643, 26.381619], [96.2046, 26.35871], [96.193614, 26.357367], [96.167979, 26.360785], [96.157319, 26.35871], [96.151134, 26.351833], [96.144216, 26.340033], [96.141612, 26.328925], [96.147065, 26.32392], [96.156749, 26.320746], [96.174734, 26.306667], [96.18629, 26.300482], [96.178233, 26.293769], [96.157319, 26.282986], [96.130056, 26.279975], [96.091401, 26.290391], [96.061697, 26.275499], [96.051768, 26.276394], [96.043956, 26.275255], [96.040619, 26.265652], [96.039073, 26.255886], [96.020274, 26.212348], [96.008718, 26.194607], [95.993337, 26.179877], [95.954112, 26.164903], [95.938569, 26.144558], [95.917247, 26.104844], [95.909923, 26.099473], [95.900076, 26.094102], [95.890554, 26.087226], [95.883067, 26.076931], [95.881358, 26.064643], [95.884044, 26.037177], [95.879649, 26.025987], [95.861746, 26.015082], [95.839936, 26.013739], [95.821869, 26.023749], [95.807872, 26.068712], [95.793224, 26.058702], [95.774913, 26.036648], [95.758881, 26.022284], [95.745616, 26.022813], [95.732026, 26.02794], [95.719249, 26.031114], [95.707612, 26.025987], [95.704031, 26.016059], [95.709483, 25.995063], [95.704194, 25.981309], [95.68629, 26.012234], [95.675222, 26.020453], [95.656505, 26.015448], [95.6421, 26.000352], [95.639252, 25.983222], [95.639903, 25.966742], [95.635916, 25.954047], [95.62322, 25.947618], [95.609874, 25.94831], [95.597667, 25.946723], [95.588878, 25.933539], [95.588796, 25.924018], [95.594005, 25.902777], [95.595714, 25.899441], [95.59075, 25.893622], [95.574636, 25.885199], [95.5678, 25.878933], [95.581065, 25.868964], [95.577891, 25.852607], [95.563731, 25.837266], [95.538015, 25.82864], [95.529877, 25.823513], [95.522878, 25.815985], [95.52003, 25.806912], [95.519054, 25.792019], [95.516124, 25.785224], [95.445079, 25.746446], [95.437429, 25.731513], [95.432709, 25.710639], [95.423269, 25.696234], [95.415701, 25.681464], [95.417003, 25.659206], [95.422781, 25.648627], [95.440115, 25.629421], [95.444835, 25.618232], [95.443858, 25.607733], [95.433686, 25.597113], [95.424897, 25.563666], [95.423839, 25.553046], [95.420828, 25.544013], [95.413585, 25.540961], [95.404796, 25.53974], [95.396495, 25.536322], [95.382498, 25.525499], [95.383067, 25.521348], [95.382823, 25.464301], [95.377045, 25.424994], [95.370372, 25.402045], [95.361501, 25.385443], [95.345714, 25.377061], [95.297374, 25.362616], [95.287201, 25.354763], [95.287039, 25.334581], [95.283783, 25.322292], [95.273448, 25.313422], [95.223399, 25.287706], [95.217703, 25.283026], [95.20045, 25.253607], [95.200694, 25.248318], [95.152843, 25.258653], [95.135753, 25.255154], [95.121104, 25.243964], [95.112315, 25.232611], [95.100515, 25.223904], [95.077403, 25.220323], [95.073741, 25.215766], [95.06837, 25.19245], [95.065929, 25.169135], [95.062266, 25.160102], [95.050792, 25.140448], [95.043224, 25.135443], [95.04005, 25.131619], [95.039806, 25.125515], [95.042572, 25.118964], [95.047537, 25.111151], [95.042979, 25.101915], [95.037039, 25.093085], [95.030203, 25.086371], [94.999034, 25.077338], [94.987071, 25.060858], [94.976329, 24.988064], [94.971934, 24.981391], [94.948985, 24.985541], [94.934011, 24.965155], [94.921641, 24.939032], [94.906749, 24.926134], [94.896983, 24.922878], [94.882091, 24.908311], [94.861257, 24.900824], [94.863373, 24.891628], [94.871104, 24.88227], [94.875662, 24.877753], [94.915945, 24.859565], [94.935964, 24.844346], [94.934093, 24.82685], [94.924327, 24.817979], [94.915538, 24.812934], [94.905935, 24.810614], [94.893077, 24.810085], [94.878835, 24.806342], [94.877208, 24.797227], [94.878998, 24.785956], [94.875662, 24.775336], [94.845632, 24.759385], [94.765717, 24.74254], [94.738455, 24.726915], [94.717052, 24.692939], [94.697683, 24.649522], [94.685069, 24.605496], [94.683849, 24.569892], [94.691335, 24.553046], [94.703054, 24.543647], [94.717214, 24.535509], [94.732351, 24.522732], [94.718028, 24.512966], [94.723399, 24.495469], [94.732351, 24.475165], [94.728608, 24.456895], [94.708751, 24.432196], [94.715017, 24.424628], [94.736095, 24.423692], [94.760265, 24.419053], [94.7671, 24.413113], [94.792735, 24.362413], [94.800304, 24.351833], [94.811046, 24.340522], [94.822683, 24.325263], [94.827159, 24.307563], [94.822765, 24.289984], [94.807384, 24.27501], [94.785574, 24.269802], [94.733979, 24.271796], [94.714366, 24.265082], [94.699311, 24.254259], [94.692882, 24.246934], [94.690033, 24.23782], [94.69752, 24.193142], [94.686046, 24.176296], [94.664806, 24.159247], [94.644542, 24.151435], [94.635509, 24.162136], [94.625987, 24.180365], [94.606619, 24.183621], [94.591401, 24.171698], [94.594493, 24.144721], [94.599539, 24.139187], [94.605968, 24.135199], [94.611746, 24.129218], [94.615001, 24.117377], [94.61321, 24.11046], [94.603526, 24.097602], [94.601329, 24.086371], [94.606944, 24.066433], [94.604747, 24.058905], [94.591075, 24.055976], [94.582123, 24.051866], [94.558686, 24.033271], [94.553396, 24.028022], [94.56129, 24.001899], [94.624115, 23.961005], [94.622488, 23.933051], [94.609955, 23.921454], [94.593272, 23.912665], [94.573009, 23.907091], [94.540457, 23.903591], [94.528575, 23.899604], [94.5171, 23.89411], [94.508881, 23.888048], [94.506358, 23.877021], [94.514252, 23.866156], [94.532481, 23.850531], [94.541921, 23.838324], [94.542735, 23.832465], [94.539968, 23.823188], [94.532237, 23.814724], [94.510265, 23.802843], [94.505789, 23.798651], [94.496755, 23.788357], [94.444347, 23.746853], [94.433849, 23.735378], [94.42628, 23.7237], [94.421397, 23.711941], [94.418712, 23.699897], [94.418549, 23.673651], [94.428152, 23.617296], [94.430593, 23.562364], [94.428396, 23.54328], [94.421397, 23.526882], [94.406505, 23.511013], [94.390066, 23.499376], [94.384369, 23.492987], [94.382335, 23.48371], [94.378184, 23.476752], [94.357026, 23.471625], [94.348074, 23.466905], [94.337983, 23.451931], [94.328298, 23.430854], [94.321869, 23.408881], [94.320811, 23.391181], [94.323741, 23.385077], [94.341319, 23.357042], [94.342377, 23.345649], [94.340017, 23.337104], [94.344493, 23.331651], [94.365489, 23.329698], [94.369721, 23.313788], [94.30714, 23.212429], [94.33546, 23.193915], [94.347341, 23.114814], [94.365489, 23.096991], [94.384207, 23.091864], [94.405691, 23.079291], [94.424897, 23.063503], [94.436697, 23.048611], [94.440847, 23.029079], [94.433686, 23.01203], [94.418224, 22.997748], [94.396495, 22.986518], [94.392589, 22.99079], [94.384939, 22.997016], [94.376069, 23.00141], [94.368582, 23.000108], [94.362641, 22.988959], [94.365652, 22.978542], [94.384776, 22.948025], [94.406749, 22.943183], [94.451182, 22.945502], [94.474539, 22.944159], [94.496349, 22.937283], [94.512462, 22.923407], [94.518891, 22.90119], [94.528087, 22.888373], [94.550141, 22.884589], [94.575206, 22.88642], [94.594493, 22.890245], [94.599539, 22.893093], [94.609304, 22.901557], [94.615001, 22.904568], [94.619884, 22.905056], [94.630626, 22.903876], [94.654877, 22.90766], [94.660655, 22.9112], [94.662852, 22.921658], [94.662608, 22.948106], [94.665701, 22.96955], [94.677989, 22.983222], [94.705007, 22.986518], [94.728038, 22.980048], [94.740245, 22.966254], [94.74464, 22.946316], [94.745372, 22.921658], [94.743582, 22.916042], [94.740001, 22.911689], [94.738292, 22.907253], [94.741954, 22.90119], [94.758067, 22.885769], [94.760265, 22.880683], [94.759369, 22.867703], [94.756602, 22.858222], [94.751964, 22.850653], [94.745372, 22.843126], [94.703217, 22.810818], [94.690033, 22.794704], [94.728608, 22.726426], [94.747162, 22.723741], [94.764171, 22.715399], [94.776296, 22.700629], [94.78004, 22.678656], [94.765554, 22.643175], [94.760671, 22.620551], [94.778738, 22.600369], [94.807384, 22.541449], [94.81308, 22.495185], [94.819428, 22.470323], [94.831391, 22.45954], [94.846202, 22.455675], [94.903575, 22.42475], [94.910167, 22.417914], [94.914073, 22.40998], [94.919688, 22.402533], [94.930186, 22.396837], [94.975597, 22.396837], [94.982188, 22.393622], [94.987641, 22.38581], [94.990896, 22.375922], [94.99464, 22.352078], [95.00058, 22.34394], [95.019623, 22.329169], [95.030365, 22.310736], [95.040538, 22.268378], [95.050792, 22.250067], [95.064952, 22.231472], [95.071544, 22.216091], [95.081147, 22.178331], [95.119233, 22.110785], [95.135183, 22.07335], [95.135753, 22.027533], [95.130382, 21.990058], [95.128917, 21.948432], [95.130626, 21.925971], [95.146902, 21.839626], [95.152192, 21.82331], [95.160492, 21.810411], [95.188975, 21.780382], [95.206716, 21.745876], [95.217703, 21.733344], [95.234386, 21.721259], [95.242605, 21.711941], [95.245372, 21.698676], [95.245616, 21.674669], [95.249929, 21.654405], [95.268565, 21.622138], [95.27296, 21.599229], [95.270763, 21.579047], [95.261322, 21.546983], [95.259288, 21.526679], [95.27296, 21.444688]]]}}, {"type": "Feature", "properties": {"name": "Sapt", "name_alt": null, "scalerank": 7.0}, "geometry": {"type": "MultiLineString", "coordinates": [[[86.986829, 26.659944], [86.981212, 26.639228], [86.966563, 26.617255], [86.961436, 26.604804], [86.964366, 26.594835], [86.967703, 26.587917], [86.969249, 26.57685], [86.969493, 26.565253], [86.968028, 26.556708], [86.960053, 26.546413], [86.937918, 26.528144], [86.933442, 26.516059], [86.931407, 26.504462], [86.926036, 26.496609], [86.863699, 26.460517], [86.754649, 26.364936], [86.738373, 26.366482], [86.714447, 26.35753], [86.691335, 26.344753], [86.676768, 26.334499], [86.665457, 26.329169], [86.650401, 26.324652], [86.637299, 26.318142], [86.631602, 26.306586], [86.626475, 26.295478], [86.59075, 26.262519], [86.548757, 26.205919], [86.542979, 26.190497], [86.538992, 26.169216], [86.528331, 26.154242], [86.461681, 26.090644], [86.4463, 26.068549], [86.435313, 26.02497], [86.418468, 25.98961], [86.419444, 25.967068], [86.422862, 25.961737], [86.435476, 25.94892], [86.439952, 25.940375], [86.439464, 25.930284], [86.436534, 25.919704], [86.436046, 25.908271], [86.44337, 25.896023], [86.453054, 25.874091], [86.444021, 25.853624], [86.428803, 25.833075], [86.419444, 25.810614], [86.422293, 25.795437], [86.431895, 25.78616], [86.443858, 25.778632], [86.453624, 25.76907], [86.4581, 25.757351], [86.462494, 25.732856], [86.467214, 25.720649], [86.495128, 25.700751], [86.523692, 25.673611], [86.567149, 25.642768], [86.592214, 25.629503], [86.636974, 25.633572], [86.659679, 25.625678], [86.664643, 25.619086], [86.680186, 25.590888], [86.704031, 25.565009], [86.718272, 25.552558], [86.73406, 25.543077], [86.72934, 25.527859], [86.742279, 25.522895], [86.759939, 25.518581], [86.768972, 25.505235], [86.77296, 25.493232], [86.783214, 25.482449], [86.796641, 25.47366], [86.809825, 25.467353], [86.821869, 25.463894], [86.837576, 25.461493], [86.85255, 25.462226], [86.861339, 25.468044], [86.867605, 25.475287], [86.874278, 25.474311], [86.881358, 25.469916], [86.888682, 25.467353], [86.895112, 25.46955], [86.907644, 25.478868], [86.916026, 25.481024], [86.928803, 25.47956], [86.974213, 25.467353], [86.990489, 25.458564], [87.023448, 25.431993], [87.036062, 25.426459], [87.054291, 25.428656], [87.098562, 25.446885], [87.187104, 25.461208], [87.224213, 25.442572], [87.259776, 25.434149], [87.296397, 25.43948], [87.320242, 25.45307], [87.331635, 25.455675], [87.474132, 25.425482], [87.488292, 25.419623], [87.516043, 25.411485], [87.540701, 25.395372], [87.544932, 25.393988], [87.553396, 25.384345], [87.55714, 25.385443], [87.56837, 25.375678], [87.581635, 25.371609], [87.608328, 25.371161], [87.614187, 25.363837], [87.631847, 25.331366], [87.64267, 25.324042], [87.674246, 25.317247], [87.70696, 25.299872], [87.735037, 25.275987], [87.758311, 25.244208]]]}}, {"type": "Feature", "properties": {"name": "Dihang", "name_alt": null, "scalerank": 2.0}, "geometry": {"type": "MultiLineString", "coordinates": [[[95.017502, 28.640398], [95.021495, 28.631374], [95.031993, 28.616034], [95.079031, 28.567206], [95.097992, 28.539374], [95.103526, 28.507351], [95.099213, 28.488471], [95.093679, 28.472235], [95.090424, 28.455756], [95.096202, 28.418036], [95.092459, 28.405788], [95.013438, 28.326768], [94.999766, 28.309353], [94.992931, 28.286444], [94.988699, 28.259385], [94.989513, 28.250556], [94.992931, 28.243109], [94.998139, 28.237169], [95.010265, 28.226386], [95.019054, 28.214545], [95.024913, 28.201728], [95.031993, 28.173651], [95.037201, 28.171658], [95.051768, 28.161241], [95.06601, 28.15587], [95.098888, 28.149359], [95.129893, 28.148057], [95.145274, 28.150336], [95.160085, 28.1553], [95.17335, 28.163601], [95.182546, 28.170844], [95.190847, 28.175727], [95.200125, 28.178331], [95.212169, 28.178494], [95.22698, 28.176622], [95.241466, 28.173163], [95.255056, 28.168036], [95.268158, 28.160956], [95.275971, 28.155341], [95.281342, 28.149359], [95.284923, 28.142157], [95.28948, 28.123155], [95.293468, 28.114529], [95.305756, 28.097683], [95.316173, 28.088731], [95.329031, 28.081651], [95.355479, 28.071153], [95.37672, 28.065741], [95.384044, 28.062608], [95.393077, 28.054389], [95.397472, 28.044949], [95.398204, 28.03205], [95.396495, 28.002956]]]}}, {"type": "Feature", "properties": {"name": "Mamas", "name_alt": null, "scalerank": 7.0}, "geometry": {"type": "MultiLineString", "coordinates": [[[91.216389, 27.007468], [91.192312, 26.969346], [91.172862, 26.905707], [91.162364, 26.890448], [91.14503, 26.883979], [91.025401, 26.879096], [90.97462, 26.866482], [90.945242, 26.838324], [90.95753, 26.787543], [90.955089, 26.785509], [90.952403, 26.784125], [90.946218, 26.782335], [90.936697, 26.778347], [90.930431, 26.771755], [90.919932, 26.754218], [90.908132, 26.728135], [90.907319, 26.704901], [90.91505, 26.653876], [90.910818, 26.639919], [90.889659, 26.609727], [90.881847, 26.594509], [90.859467, 26.51203], [90.853119, 26.501166], [90.846202, 26.492458], [90.84075, 26.482733], [90.838634, 26.469102], [90.841401, 26.458604], [90.853282, 26.439154], [90.856375, 26.429714], [90.856456, 26.41946], [90.854584, 26.417792], [90.84962, 26.416856], [90.840017, 26.408515], [90.822765, 26.385199], [90.809255, 26.360541], [90.803315, 26.339952], [90.799083, 26.331081], [90.789806, 26.32392], [90.776541, 26.320746], [90.750255, 26.318712], [90.739675, 26.311713], [90.733897, 26.299628], [90.730561, 26.274726], [90.722667, 26.263983], [90.712332, 26.258653], [90.677257, 26.251288], [90.667898, 26.247829], [90.660574, 26.243109], [90.655772, 26.236192], [90.653575, 26.226508], [90.655528, 26.20779], [90.654714, 26.19892], [90.648692, 26.192979]]]}}, {"type": "Feature", "properties": {"name": "Brahmaputra", "name_alt": null, "scalerank": 2.0}, "geometry": {"type": "MultiLineString", "coordinates": [[[95.396495, 28.002956], [95.401541, 27.971991], [95.418956, 27.941718], [95.441335, 27.915554], [95.461518, 27.896796], [95.47169, 27.871365], [95.459483, 27.843858], [95.437266, 27.824815], [95.417003, 27.824774], [95.403331, 27.809353], [95.38323, 27.793809], [95.360281, 27.781806], [95.33839, 27.776964], [95.330333, 27.772406], [95.293468, 27.742784], [95.254405, 27.730333], [95.217703, 27.725287], [95.149425, 27.701239], [95.108165, 27.696601], [95.098155, 27.691352], [95.090831, 27.679267], [95.085541, 27.653428], [95.081147, 27.640448], [95.093435, 27.650906], [95.104096, 27.666775], [95.116954, 27.68122], [95.135753, 27.687567], [95.144135, 27.680487], [95.148367, 27.663764], [95.147065, 27.644395], [95.139415, 27.629584], [95.102468, 27.60989], [95.024913, 27.606757], [94.992442, 27.599433], [94.954845, 27.574652], [94.94394, 27.569403], [94.933116, 27.569648], [94.92335, 27.571641], [94.916596, 27.57156], [94.906342, 27.561876], [94.88087, 27.528591], [94.875662, 27.520046], [94.868175, 27.502997], [94.850678, 27.501044], [94.831391, 27.503485], [94.817556, 27.499538], [94.761811, 27.458319], [94.752208, 27.448594], [94.76946, 27.435004], [94.757823, 27.419257], [94.721446, 27.396796], [94.703136, 27.382432], [94.66684, 27.363796], [94.649832, 27.351833], [94.654796, 27.349148], [94.664806, 27.341498], [94.670095, 27.338731], [94.667003, 27.334825], [94.665538, 27.331407], [94.66448, 27.327989], [94.662852, 27.32449], [94.646495, 27.328152], [94.631847, 27.316107], [94.620616, 27.29621], [94.615001, 27.276679], [94.622813, 27.287462], [94.634532, 27.29918], [94.648448, 27.308417], [94.662852, 27.311469], [94.681407, 27.305691], [94.684255, 27.294949], [94.676687, 27.282009], [94.662852, 27.269884], [94.658376, 27.269599], [94.654307, 27.272406], [94.648367, 27.273057], [94.631847, 27.260606], [94.61964, 27.253607], [94.615001, 27.249376], [94.60849, 27.23725], [94.601329, 27.194159], [94.592865, 27.199815], [94.587901, 27.207587], [94.586355, 27.217353], [94.587576, 27.228868], [94.571056, 27.218085], [94.565359, 27.197048], [94.566498, 27.150092], [94.565684, 27.139838], [94.560313, 27.115587], [94.554779, 27.101386], [94.542003, 27.09988], [94.518891, 27.106024], [94.500906, 27.096869], [94.471446, 27.069525], [94.4546, 27.063788], [94.448416, 27.059394], [94.445404, 27.049018], [94.444347, 27.026882], [94.440684, 27.016669], [94.432221, 27.007758], [94.417003, 26.996161], [94.406261, 26.985134], [94.399832, 26.980536], [94.389171, 26.975653], [94.359386, 26.969916], [94.351492, 26.965155], [94.325287, 26.938788], [94.308116, 26.927598], [94.286632, 26.920437], [94.264578, 26.919013], [94.20753, 26.927273], [94.196869, 26.92418], [94.184255, 26.916571], [94.173757, 26.906602], [94.169444, 26.896552], [94.164643, 26.896674], [94.155284, 26.883246], [94.147716, 26.86872], [94.148936, 26.86579], [94.143565, 26.862372], [94.121593, 26.852159], [94.121186, 26.855414], [94.121593, 26.86579], [94.114757, 26.858344], [94.113292, 26.869452], [94.119395, 26.883246], [94.135183, 26.906806], [94.113455, 26.912421], [94.093435, 26.901923], [94.076427, 26.88703], [94.063487, 26.879462], [94.044363, 26.875841], [94.0088, 26.858466], [93.991222, 26.852159], [93.945567, 26.841579], [93.927013, 26.831651], [93.906505, 26.813992], [93.877533, 26.778673], [93.863373, 26.765937], [93.841075, 26.755927], [93.763764, 26.739529], [93.751557, 26.732042], [93.656668, 26.714952], [93.635916, 26.718085], [93.61671, 26.724799], [93.59905, 26.734239], [93.583588, 26.746039], [93.567963, 26.75198], [93.5053, 26.755927], [93.462576, 26.766954], [93.439952, 26.768093], [93.415701, 26.762152], [93.410818, 26.759589], [93.406668, 26.756049], [93.377452, 26.723456], [93.368337, 26.718451], [93.357595, 26.718451], [93.346202, 26.723009], [93.325776, 26.734931], [93.313243, 26.739773], [93.300222, 26.741767], [93.28712, 26.740912], [93.274343, 26.737128], [93.248057, 26.724433], [93.183116, 26.674018], [93.141612, 26.654568], [93.119151, 26.647488], [93.10434, 26.649766], [93.086681, 26.656195], [93.062511, 26.654608], [93.018565, 26.646064], [92.898448, 26.65351], [92.884207, 26.650987], [92.880626, 26.644477], [92.879975, 26.635443], [92.874522, 26.625596], [92.85377, 26.612006], [92.833751, 26.608344], [92.732595, 26.613593], [92.710704, 26.611355], [92.67628, 26.600206], [92.657156, 26.590847], [92.648692, 26.581244], [92.644542, 26.5692], [92.623139, 26.53323], [92.614513, 26.52322], [92.594737, 26.517524], [92.508067, 26.515733], [92.478933, 26.519477], [92.429698, 26.534695], [92.401541, 26.5362], [92.391205, 26.53323], [92.353282, 26.515733], [92.325125, 26.508165], [92.313894, 26.502712], [92.302013, 26.492133], [92.292735, 26.487576], [92.255056, 26.474799], [92.249522, 26.473944], [92.24464, 26.471544], [92.240652, 26.468044], [92.237071, 26.463568], [92.234386, 26.458319], [92.232432, 26.452704], [92.230968, 26.446885], [92.230235, 26.44123], [92.22462, 26.44123], [92.202647, 26.454617], [92.172781, 26.442939], [92.124441, 26.403388], [92.110362, 26.394843], [92.075776, 26.380154], [92.065847, 26.372382], [92.063406, 26.358751], [92.069265, 26.326117], [92.065847, 26.309638], [92.056895, 26.30329], [92.040701, 26.297146], [92.022472, 26.292304], [92.007823, 26.290391], [91.997081, 26.287055], [91.970795, 26.272081], [91.952891, 26.268663], [91.933523, 26.269558], [91.924734, 26.268012], [91.915701, 26.262885], [91.911876, 26.258979], [91.902599, 26.246161], [91.897553, 26.24197], [91.891205, 26.238796], [91.884369, 26.236599], [91.878022, 26.235378], [91.869884, 26.235867], [91.854096, 26.239691], [91.846121, 26.239325], [91.692393, 26.171942], [91.665294, 26.166449], [91.619395, 26.171332], [91.606944, 26.1706], [91.595144, 26.16706], [91.542084, 26.144843], [91.529063, 26.141059], [91.498139, 26.139757], [91.39088, 26.170437], [91.37558, 26.172146], [91.360444, 26.171576], [91.329845, 26.164008], [91.316417, 26.162177], [91.302826, 26.162665], [91.288178, 26.165595], [91.275076, 26.170478], [91.250418, 26.183214], [91.198253, 26.202826], [91.135509, 26.213568], [91.119721, 26.211859], [91.062104, 26.186835], [91.029552, 26.179999], [90.963796, 26.17414], [90.932872, 26.162543], [90.902843, 26.142646], [90.887462, 26.134955], [90.869151, 26.130886], [90.84962, 26.130439], [90.839692, 26.1317], [90.831065, 26.134711], [90.825125, 26.139024], [90.813975, 26.149197], [90.807384, 26.15351], [90.7942, 26.157986], [90.752452, 26.160183], [90.739513, 26.162787], [90.728282, 26.167548], [90.706391, 26.180121], [90.682058, 26.190009], [90.583018, 26.205146], [90.506847, 26.228705], [90.490001, 26.228868], [90.473888, 26.224555], [90.459972, 26.214871], [90.434255, 26.178249], [90.421479, 26.168402], [90.402924, 26.161444], [90.364513, 26.154568], [90.346121, 26.148301], [90.308442, 26.125067], [90.294037, 26.119737], [90.242442, 26.11282], [90.226329, 26.106472], [90.1963, 26.084499], [90.176768, 26.077216], [90.135753, 26.067654], [90.045421, 26.034044], [89.97519, 26.018988], [89.954194, 26.010688], [89.936615, 25.99433], [89.904063, 25.941962], [89.889659, 25.926459], [89.859386, 25.902167], [89.846446, 25.888739], [89.836436, 25.871405], [89.812999, 25.815741], [89.744884, 25.709499], [89.736827, 25.69184], [89.722585, 25.630927], [89.7046, 25.592963], [89.697765, 25.572943], [89.697032, 25.550727], [89.70696, 25.506212], [89.707612, 25.483344], [89.698416, 25.438788], [89.699229, 25.417344], [89.697276, 25.399278], [89.691417, 25.382025], [89.675385, 25.348944], [89.670909, 25.324327], [89.678315, 25.305243], [89.690929, 25.287177], [89.700776, 25.265733], [89.702647, 25.241767], [89.696707, 25.219916], [89.685069, 25.200141], [89.662527, 25.173367], [89.65797, 25.163845], [89.649994, 25.130683], [89.626231, 25.074774], [89.612722, 24.959825], [89.612722, 24.94835], [89.614268, 24.937079], [89.618093, 24.926215], [89.624278, 24.915839], [89.647472, 24.889838], [89.658132, 24.8699], [89.665294, 24.848334], [89.670665, 24.802924], [89.673595, 24.791531], [89.679291, 24.780707], [89.7046, 24.750556], [89.715831, 24.726426], [89.731537, 24.651719], [89.759858, 24.586982], [89.767996, 24.549587], [89.768972, 24.53087], [89.767345, 24.511176], [89.759288, 24.479844], [89.758311, 24.442572], [89.749034, 24.370551], [89.749034, 24.360785], [89.7553, 24.322455], [89.754649, 24.283271], [89.751475, 24.268256], [89.749034, 24.26081], [89.734793, 24.232733], [89.733165, 24.22366], [89.734874, 24.216498], [89.741222, 24.201199], [89.743175, 24.193183], [89.743337, 24.183783], [89.739675, 24.156684], [89.740326, 24.131293], [89.739675, 24.122992], [89.734793, 24.105984], [89.701671, 24.035509], [89.696788, 24.016059], [89.695811, 23.997016], [89.700287, 23.958116], [89.726085, 23.884467], [89.744395, 23.858669], [89.785655, 23.796739], [89.803722, 23.779812], [89.843272, 23.756049], [89.855072, 23.746609], [89.908621, 23.67414], [89.920095, 23.665229], [89.934011, 23.659776], [89.969005, 23.652167], [89.985037, 23.644355], [90.142589, 23.544501], [90.170339, 23.520453], [90.19337, 23.506903], [90.212901, 23.495469], [90.225352, 23.483018], [90.235281, 23.474392], [90.249928, 23.462119]], [[89.755463, 24.274441], [89.75644, 24.272895], [89.75823, 24.271511], [89.763927, 24.268012], [89.765717, 24.264268], [89.792572, 24.237576], [89.803722, 24.2296], [89.806651, 24.226589], [89.807628, 24.221218], [89.808116, 24.199327], [89.826101, 24.195136], [89.829845, 24.185981], [89.827891, 24.176825], [89.828868, 24.172634], [89.832286, 24.166124], [89.828298, 24.151801], [89.826427, 24.137559], [89.835704, 24.131049], [89.8838, 24.131049], [89.907156, 24.089464], [89.913259, 24.08747], [89.922781, 24.086778], [89.931244, 24.085069], [89.935069, 24.079861], [89.936453, 24.071804], [89.940033, 24.065741], [89.961436, 24.039618], [89.970307, 24.034857], [89.996349, 24.035468], [90.026296, 24.030707], [90.038503, 24.03087], [90.050955, 24.035468], [90.044932, 24.021796], [90.066417, 24.015082], [90.083507, 24.013048], [90.094737, 24.005968], [90.103282, 23.967719], [90.114675, 23.955919], [90.146658, 23.939276], [90.148936, 23.936713], [90.151296, 23.932644], [90.154714, 23.928412], [90.160248, 23.925605], [90.166108, 23.925889], [90.169037, 23.932644], [90.174571, 23.933051], [90.194591, 23.925971], [90.205007, 23.920844], [90.212169, 23.915635], [90.22698, 23.898017], [90.238292, 23.880398], [90.246023, 23.86046], [90.250418, 23.836249], [90.240896, 23.797431], [90.222992, 23.757188], [90.220225, 23.729356], [90.256602, 23.727607], [90.276541, 23.737413], [90.290701, 23.749701], [90.302664, 23.756659], [90.315115, 23.750556], [90.347179, 23.715766], [90.35963, 23.706488], [90.378022, 23.697821], [90.405284, 23.693793], [90.421641, 23.686062], [90.466889, 23.643866], [90.476329, 23.631415], [90.457042, 23.625515], [90.458018, 23.608507], [90.476329, 23.582953]]]}}, {"type": "Feature", "properties": {"name": "Bhima", "name_alt": null, "scalerank": 7.0}, "geometry": {"type": "MultiLineString", "coordinates": [[[73.694021, 19.005398], [73.753835, 18.972032], [73.780772, 18.951972], [73.877452, 18.848822], [73.885834, 18.834093], [73.894135, 18.808173], [73.899506, 18.799994], [73.908132, 18.792914], [73.925792, 18.781806], [73.933604, 18.77204], [73.937266, 18.76199], [73.941417, 18.740017], [73.947276, 18.731024], [73.965587, 18.722764], [73.986501, 18.716742], [73.99822, 18.705837], [73.988292, 18.683295], [74.054291, 18.65412], [74.063975, 18.638861], [74.074636, 18.639431], [74.135916, 18.604763], [74.201752, 18.621853], [74.246349, 18.665473], [74.263194, 18.670233], [74.274343, 18.664862], [74.27532, 18.658271], [74.26946, 18.645697], [74.272716, 18.636094], [74.280854, 18.635281], [74.291026, 18.636257], [74.300548, 18.632107], [74.309988, 18.614569], [74.315684, 18.595323], [74.324229, 18.579779], [74.342052, 18.573432], [74.391368, 18.576972], [74.407237, 18.573432], [74.421479, 18.562771], [74.448009, 18.534735], [74.467377, 18.52558], [74.471934, 18.546251], [74.482595, 18.540391], [74.502859, 18.51199], [74.503673, 18.508328], [74.502696, 18.50377], [74.502371, 18.499945], [74.50587, 18.498318], [74.512136, 18.499457], [74.521088, 18.504584], [74.526134, 18.505723], [74.546641, 18.504462], [74.554291, 18.501247], [74.557384, 18.4949], [74.573741, 18.478827], [74.610037, 18.464667], [74.64739, 18.459581], [74.666596, 18.471015], [74.653087, 18.47781], [74.668712, 18.497016], [74.689382, 18.507188], [74.708914, 18.504259], [74.721202, 18.483995], [74.713145, 18.433132], [74.715831, 18.407091], [74.739024, 18.39586], [74.765554, 18.400214], [74.777761, 18.400743], [74.790701, 18.39586], [74.798432, 18.386583], [74.802419, 18.36225], [74.807872, 18.351182], [74.817963, 18.345974], [74.83017, 18.343695], [74.84075, 18.339219], [74.845307, 18.327582], [74.840587, 18.3133], [74.828298, 18.301215], [74.812429, 18.293402], [74.796967, 18.292263], [74.796967, 18.285997], [74.826427, 18.265448], [74.838471, 18.258734], [74.855398, 18.253607], [74.869721, 18.253607], [74.900645, 18.258734], [74.915131, 18.259101], [74.928803, 18.257676], [74.961518, 18.251288], [74.969249, 18.247382], [74.97698, 18.241482], [74.98463, 18.237982], [74.992198, 18.241319], [74.99822, 18.245876], [75.006114, 18.24905], [75.014659, 18.2508], [75.02296, 18.251288], [75.002533, 18.21308], [75.005626, 18.201117], [75.033214, 18.196641], [75.052745, 18.20307], [75.07252, 18.213894], [75.088959, 18.216091], [75.098643, 18.196641], [75.09726, 18.190009], [75.084483, 18.169298], [75.08253, 18.159776], [75.084483, 18.131781], [75.094005, 18.116319], [75.115733, 18.1164], [75.139171, 18.119818], [75.153901, 18.114691], [75.151866, 18.095649], [75.131602, 18.082384], [75.105968, 18.072455], [75.088145, 18.063178], [75.069753, 18.038398], [75.061046, 18.029079], [75.038097, 18.012641], [75.029796, 18.004828], [75.02003, 17.990994], [75.017345, 17.977729], [75.02532, 17.967841], [75.04713, 17.963894], [75.052013, 17.967068], [75.062592, 17.981228], [75.067556, 17.984402], [75.077729, 17.987738], [75.10434, 18.002021], [75.112315, 18.004828], [75.133067, 17.995551], [75.174815, 17.958116], [75.18808, 17.943427], [75.172862, 17.936225], [75.151296, 17.922471], [75.132416, 17.905382], [75.125987, 17.888129], [75.138764, 17.875352], [75.16212, 17.876817], [75.184255, 17.881456], [75.194347, 17.878241], [75.195811, 17.871527], [75.19866, 17.865749], [75.199148, 17.858262], [75.194347, 17.846544], [75.187755, 17.839626], [75.172862, 17.832302], [75.166921, 17.826728], [75.163503, 17.820421], [75.161388, 17.814073], [75.160085, 17.796332], [75.163259, 17.787177], [75.170339, 17.781928], [75.177419, 17.77851], [75.180593, 17.775214], [75.188569, 17.7685], [75.207449, 17.765692], [75.246104, 17.765245], [75.268891, 17.761176], [75.280528, 17.750312], [75.297944, 17.717475], [75.312266, 17.705756], [75.337901, 17.689805], [75.362234, 17.679999], [75.373057, 17.686469], [75.377859, 17.694444], [75.388764, 17.694648], [75.407725, 17.690131], [75.418956, 17.694159], [75.448171, 17.710639], [75.447683, 17.666612], [75.457123, 17.657172], [75.482188, 17.648546], [75.488048, 17.647773], [75.506765, 17.648546], [75.514903, 17.645697], [75.516043, 17.639757], [75.513194, 17.634833], [75.510183, 17.634874], [75.510509, 17.628363], [75.506358, 17.622992], [75.503184, 17.61754], [75.506765, 17.610704], [75.511974, 17.607042], [75.520518, 17.604193], [75.524506, 17.600775], [75.529389, 17.599473], [75.536062, 17.600898], [75.541921, 17.601345], [75.544363, 17.597032], [75.544688, 17.589138], [75.545665, 17.585639], [75.551768, 17.580268], [75.569835, 17.558173], [75.577891, 17.553005], [75.583507, 17.552843], [75.595876, 17.558376], [75.602631, 17.559841], [75.606456, 17.556993], [75.607026, 17.543647], [75.611908, 17.539374], [75.62379, 17.539415], [75.6338, 17.54267], [75.643321, 17.544216], [75.653575, 17.539374], [75.637218, 17.520941], [75.624604, 17.500352], [75.624034, 17.483588], [75.643321, 17.47663], [75.659597, 17.467149], [75.667003, 17.446234], [75.677989, 17.42532], [75.704682, 17.415839], [75.72991, 17.418321], [75.740652, 17.415717], [75.75294, 17.405585], [75.758556, 17.395575], [75.762787, 17.385199], [75.769949, 17.377265], [75.783946, 17.374823], [75.799327, 17.386013], [75.815929, 17.405829], [75.831716, 17.417019], [75.845307, 17.402167], [75.870046, 17.416205], [75.877533, 17.411973], [75.886974, 17.394721], [75.890717, 17.379259], [75.89267, 17.363959], [75.897553, 17.35224], [75.910818, 17.34752], [75.919688, 17.341661], [75.927013, 17.331081], [75.936534, 17.325954], [75.952078, 17.336697], [75.963308, 17.342637], [75.996674, 17.349311], [76.009858, 17.353787], [76.021007, 17.346381], [76.046153, 17.344184], [76.058197, 17.333279], [76.062592, 17.324083], [76.064057, 17.317979], [76.066905, 17.311957], [76.075613, 17.302558], [76.082612, 17.293077], [76.083914, 17.283474], [76.080089, 17.274115], [76.071869, 17.265652], [76.082449, 17.256863], [76.126475, 17.243923], [76.136729, 17.234198], [76.162201, 17.203315], [76.170909, 17.196723], [76.199799, 17.187364], [76.22698, 17.17003], [76.254405, 17.160997], [76.28419, 17.176215], [76.297862, 17.169298], [76.312104, 17.168321], [76.325287, 17.172146], [76.335704, 17.179307], [76.3449, 17.181464], [76.351085, 17.17121], [76.359304, 17.148301], [76.364757, 17.147569], [76.382823, 17.149278], [76.387218, 17.148301], [76.388276, 17.138617], [76.383881, 17.135321], [76.37672, 17.134141], [76.369884, 17.130927], [76.361908, 17.119208], [76.366466, 17.11282], [76.376964, 17.105902], [76.387218, 17.093085], [76.383067, 17.088162], [76.38087, 17.082831], [76.3803, 17.075995], [76.380382, 17.066352], [76.390391, 17.077216], [76.416108, 17.093085], [76.421397, 17.103949], [76.425304, 17.117743], [76.435313, 17.130154], [76.448416, 17.140448], [76.462413, 17.148301], [76.470225, 17.149604], [76.486501, 17.148301], [76.493663, 17.152045], [76.500011, 17.157172], [76.516205, 17.167019], [76.5206, 17.168769], [76.535818, 17.172309], [76.547455, 17.178819], [76.558604, 17.182196], [76.572276, 17.176215], [76.563569, 17.164578], [76.55071, 17.141669], [76.541515, 17.130927], [76.516856, 17.115668], [76.509939, 17.105577], [76.510753, 17.086859], [76.526459, 17.091661], [76.579031, 17.093085], [76.570079, 17.084011], [76.565847, 17.074042], [76.568126, 17.065212], [76.579031, 17.059597], [76.591889, 17.061876], [76.600597, 17.071479], [76.608002, 17.081977], [76.616791, 17.086859], [76.657644, 17.086859], [76.662852, 17.083197], [76.674897, 17.068142], [76.68214, 17.066352], [76.689952, 17.077582], [76.721446, 17.144802], [76.735362, 17.152167], [76.75172, 17.149726], [76.764659, 17.13406], [76.766368, 17.122992], [76.763682, 17.101589], [76.764659, 17.093085], [76.770518, 17.082343], [76.806651, 17.043647], [76.813731, 17.039862], [76.822276, 17.038438], [76.830333, 17.041368], [76.840912, 17.055203], [76.852631, 17.059597], [76.852468, 17.056993], [76.880056, 17.045925], [76.891368, 17.044786], [76.90032, 17.04621], [76.905854, 17.043036], [76.90976, 17.0185], [76.914073, 17.008409], [76.919851, 17.000596], [76.925304, 16.997423], [76.930431, 16.991563], [76.928396, 16.97838], [76.921641, 16.956488], [76.922293, 16.947211], [76.924408, 16.936225], [76.938731, 16.895087], [76.921397, 16.88935], [76.910737, 16.87519], [76.894216, 16.839871], [76.90683, 16.825466], [76.940196, 16.832465], [76.959483, 16.822781], [76.975352, 16.811062], [77.009695, 16.799506], [77.024018, 16.791368], [77.050385, 16.763373], [77.063487, 16.754421], [77.103282, 16.748114], [77.120616, 16.739691], [77.133718, 16.726589], [77.141368, 16.709499], [77.131114, 16.657172], [77.13087, 16.648017], [77.155691, 16.645575], [77.164073, 16.637519], [77.161876, 16.600206], [77.167247, 16.576606], [77.190684, 16.547471], [77.198171, 16.517646], [77.202729, 16.51081], [77.20753, 16.505723], [77.209727, 16.500596], [77.214122, 16.500312], [77.236908, 16.469916], [77.244151, 16.465277], [77.250987, 16.46308], [77.257498, 16.459174], [77.263682, 16.449408], [77.257416, 16.449408], [77.284679, 16.41531]]]}}, {"type": "Feature", "properties": {"name": "Tista", "name_alt": null, "scalerank": 7.0}, "geometry": {"type": "MultiLineString", "coordinates": [[[88.460089, 27.322594], [88.458995, 27.320176], [88.456391, 27.308295], [88.450694, 27.295844], [88.449474, 27.288642], [88.44752, 27.282294], [88.44044, 27.276679], [88.44044, 27.269884], [88.449474, 27.263536], [88.462332, 27.246161], [88.471446, 27.24254], [88.485769, 27.24018], [88.495372, 27.232937], [88.500662, 27.221055], [88.502452, 27.204698], [88.510916, 27.183621], [88.526378, 27.169013], [88.533214, 27.154324], [88.516124, 27.132676], [88.478282, 27.11225], [88.472667, 27.106879], [88.466238, 27.09516], [88.457123, 27.083441], [88.444428, 27.07807], [88.434662, 27.066596], [88.449474, 27.012966], [88.44044, 26.996161], [88.44044, 26.989325], [88.448416, 26.989325], [88.448416, 26.981879], [88.442393, 26.963324], [88.459727, 26.926947], [88.509288, 26.858344], [88.612315, 26.749091], [88.646088, 26.692694], [88.664154, 26.663601], [88.675141, 26.65058], [88.739187, 26.59516], [88.756358, 26.568305], [88.763113, 26.5362], [88.761974, 26.525702], [88.757091, 26.507921], [88.756277, 26.502061], [88.759044, 26.492784], [88.768077, 26.477566], [88.769949, 26.471381], [88.775076, 26.460069], [88.890717, 26.342068], [88.937266, 26.276679], [89.054454, 26.164659], [89.081716, 26.153754], [89.093435, 26.138495], [89.133067, 26.070665], [89.145274, 26.034613], [89.157725, 26.009467], [89.161062, 25.969428], [89.167247, 25.954047], [89.2199, 25.92654], [89.22934, 25.923285], [89.238292, 25.912421], [89.290619, 25.865831], [89.296397, 25.856309], [89.300792, 25.846503], [89.307058, 25.837592], [89.317963, 25.830512], [89.328868, 25.829372], [89.353445, 25.831366], [89.371186, 25.823798], [89.39503, 25.820014], [89.399913, 25.813747], [89.404714, 25.809394], [89.468028, 25.773383], [89.483002, 25.759792], [89.48935, 25.738349], [89.493663, 25.728095], [89.50294, 25.719591], [89.516612, 25.71072], [89.518077, 25.705837], [89.531668, 25.686143], [89.537852, 25.674384], [89.539154, 25.668524], [89.538829, 25.664333], [89.535492, 25.65115], [89.534272, 25.642442], [89.534679, 25.634101], [89.536632, 25.625922], [89.543468, 25.609076], [89.551524, 25.573554], [89.5595, 25.559353], [89.564138, 25.552598], [89.570079, 25.545925], [89.576264, 25.54206], [89.583507, 25.539984], [89.636974, 25.534369], [89.654063, 25.529568], [89.660737, 25.525662], [89.666108, 25.51907], [89.667491, 25.512071], [89.664968, 25.49669], [89.664561, 25.487372], [89.666108, 25.477403], [89.668956, 25.467637], [89.672862, 25.459011], [89.677664, 25.452216], [89.696544, 25.435085], [89.696218, 25.434394], [89.6963, 25.433946], [89.696788, 25.433417], [89.697032, 25.432644]]]}}, {"type": "Feature", "properties": {"name": "Sittong", "name_alt": null, "scalerank": 7.0}, "geometry": {"type": "MultiLineString", "coordinates": [[[95.786876, 20.218207], [95.815847, 20.198839], [95.831147, 20.193061], [95.852061, 20.190945], [95.871593, 20.193915], [95.908376, 20.205146], [95.930756, 20.204617], [95.990896, 20.180609], [96.009695, 20.176622], [96.014903, 20.174628], [96.020112, 20.170111], [96.026866, 20.165595], [96.037201, 20.163601], [96.083018, 20.163601], [96.100597, 20.161689], [96.121023, 20.155951], [96.141775, 20.146267], [96.160737, 20.132595], [96.167003, 20.125352], [96.174571, 20.112128], [96.181082, 20.105292], [96.189871, 20.100531], [96.209402, 20.097276], [96.218272, 20.094753], [96.240815, 20.069037], [96.247081, 20.029608], [96.239268, 19.943915], [96.241466, 19.884141], [96.239268, 19.861925], [96.228038, 19.839464], [96.225678, 19.827826], [96.231944, 19.786892], [96.247325, 19.76614], [96.282725, 19.731269], [96.293956, 19.711127], [96.296153, 19.688056], [96.292898, 19.668565], [96.29184, 19.649848], [96.300792, 19.629218], [96.27825, 19.62287], [96.283214, 19.59516], [96.307628, 19.536078], [96.290538, 19.498847], [96.283214, 19.492296], [96.279877, 19.477566], [96.279552, 19.461534], [96.280284, 19.451687], [96.29184, 19.402899], [96.302175, 19.37995], [96.317882, 19.358588], [96.321218, 19.350531], [96.316987, 19.344428], [96.310802, 19.338487], [96.307628, 19.330919], [96.309825, 19.323513], [96.319021, 19.317206], [96.325287, 19.299384], [96.334972, 19.288031], [96.346446, 19.281928], [96.355968, 19.286566], [96.411225, 19.196967], [96.424327, 19.163113], [96.430756, 19.158555], [96.435557, 19.154242], [96.437999, 19.15001], [96.43629, 19.143826], [96.431651, 19.138617], [96.426768, 19.135565], [96.424327, 19.135769], [96.424327, 19.115302], [96.425955, 19.108995], [96.430186, 19.108751], [96.434825, 19.110134], [96.437999, 19.108466], [96.442475, 19.088568], [96.437999, 19.032742], [96.451589, 19.033067], [96.457449, 19.014757], [96.45989, 18.951768], [96.463145, 18.941026], [96.469005, 18.93655], [96.477794, 18.932929], [96.479991, 18.924628], [96.479503, 18.909857], [96.498627, 18.875922], [96.50058, 18.856757], [96.482595, 18.848334], [96.459565, 18.844509], [96.449311, 18.833441], [96.448171, 18.815985], [96.45753, 18.763251], [96.458507, 18.738552], [96.45696, 18.731879], [96.452566, 18.720771], [96.451671, 18.71369], [96.454845, 18.692898], [96.46339, 18.679551], [96.485769, 18.656562], [96.505382, 18.620876], [96.520112, 18.602078], [96.558442, 18.585313], [96.578136, 18.565294], [96.593761, 18.542548], [96.604991, 18.52029], [96.607839, 18.517157], [96.615896, 18.51199], [96.612641, 18.508734], [96.605968, 18.501532], [96.602468, 18.498318], [96.609304, 18.488593], [96.629812, 18.471015], [96.63323, 18.461127], [96.637218, 18.436835], [96.66684, 18.375434], [96.671886, 18.367621], [96.678233, 18.361151], [96.673757, 18.3546], [96.670665, 18.346381], [96.670665, 18.337917], [96.674815, 18.330675], [96.684825, 18.319363], [96.684581, 18.313747], [96.680186, 18.308905], [96.678233, 18.299669], [96.681733, 18.258734], [96.698822, 18.196153], [96.705496, 18.1824], [96.717052, 18.1706], [96.726085, 18.17121], [96.73406, 18.175076], [96.742686, 18.172716], [96.745942, 18.165717], [96.739187, 18.150662], [96.739024, 18.141425], [96.743337, 18.137641], [96.750255, 18.13642], [96.756765, 18.133612], [96.759532, 18.125271], [96.757416, 18.122626], [96.75294, 18.120673], [96.74822, 18.116645], [96.746511, 18.107856], [96.756358, 18.077175], [96.773529, 18.058539], [96.780528, 18.05329], [96.795014, 18.056179], [96.803966, 18.053982], [96.807872, 18.042751], [96.808686, 18.015204], [96.812592, 18.004421], [96.821544, 17.997992], [96.811941, 17.993028], [96.807872, 17.991807], [96.807872, 17.984402], [96.828298, 17.976386], [96.834483, 17.960028], [96.835216, 17.943874], [96.838634, 17.936591], [96.854421, 17.939236], [96.857921, 17.935655], [96.86321, 17.922919], [96.864268, 17.914415], [96.86321, 17.881944], [96.878673, 17.794013], [96.887218, 17.775336], [96.889903, 17.765245], [96.889578, 17.753933], [96.884532, 17.734442], [96.883067, 17.7237], [96.882253, 17.720974], [96.88087, 17.711453], [96.881602, 17.701199], [96.886485, 17.696357], [96.891612, 17.693915], [96.897227, 17.687812], [96.901785, 17.680121], [96.903412, 17.672797], [96.902192, 17.656765], [96.8838, 17.569525], [96.883068, 17.457424]]]}}, {"type": "Feature", "properties": {"name": "Mahi", "name_alt": null, "scalerank": 7.0}, "geometry": {"type": "MultiLineString", "coordinates": [[[72.907319, 22.278632], [72.918224, 22.296332], [72.939708, 22.286404], [72.965343, 22.268175], [72.989024, 22.261501], [73.005463, 22.270697], [73.024669, 22.287665], [73.039806, 22.307237], [73.045421, 22.324286], [73.045014, 22.34573], [73.052745, 22.388048], [73.089773, 22.49079], [73.104584, 22.510199], [73.118907, 22.521796], [73.128429, 22.531846], [73.136322, 22.542914], [73.156179, 22.582139], [73.164073, 22.591335], [73.205007, 22.61461], [73.228445, 22.636786], [73.244884, 22.663275], [73.251475, 22.691677], [73.24464, 22.735704], [73.243663, 22.759101], [73.252045, 22.778022], [73.269623, 22.787055], [73.313406, 22.788764], [73.33253, 22.794989], [73.35906, 22.81627], [73.370535, 22.829901], [73.376882, 22.845079], [73.376475, 22.856065], [73.368744, 22.875556], [73.367605, 22.885525], [73.37379, 22.906114], [73.385671, 22.920681], [73.416921, 22.947821], [73.430431, 22.970771], [73.427826, 22.987372], [73.422537, 23.003445], [73.427826, 23.024766], [73.435802, 23.033149], [73.444835, 23.03559], [73.454682, 23.036241], [73.464692, 23.039089], [73.516694, 23.079372], [73.536388, 23.098822], [73.57545, 23.181342], [73.593761, 23.196641], [73.634207, 23.203437], [73.654552, 23.213731], [73.66212, 23.223578], [73.673106, 23.246609], [73.682546, 23.25613], [73.691824, 23.260281], [73.739024, 23.266303], [73.77532, 23.265204], [73.79241, 23.268256], [73.810313, 23.280829], [73.832123, 23.31623], [73.851166, 23.329698], [73.871349, 23.332628], [73.892589, 23.331855], [73.913178, 23.334744], [73.931244, 23.348456], [73.990001, 23.414496], [73.998464, 23.428738], [73.999766, 23.439399], [73.998627, 23.449815], [74.000011, 23.463162], [74.009939, 23.491238], [74.056163, 23.567816], [74.073253, 23.588935], [74.089854, 23.60338], [74.104096, 23.619005], [74.114675, 23.643663], [74.117931, 23.668036], [74.115245, 23.712104], [74.116628, 23.733954], [74.136811, 23.773953], [74.173269, 23.793647], [74.216238, 23.806016], [74.256602, 23.82392], [74.318289, 23.869656], [74.35198, 23.888861], [74.453136, 23.914496], [74.470876, 23.913357], [74.475515, 23.908149], [74.490733, 23.881415], [74.496511, 23.878689], [74.510916, 23.877753], [74.516531, 23.874294], [74.518972, 23.866482], [74.516531, 23.850531], [74.51767, 23.843777], [74.539561, 23.815497], [74.547944, 23.800727], [74.552013, 23.780056], [74.549734, 23.756619], [74.542491, 23.738145], [74.524913, 23.704535], [74.5206, 23.681464], [74.519054, 23.657904], [74.52003, 23.640408], [74.523692, 23.634955], [74.529552, 23.63227], [74.537201, 23.62287], [74.541515, 23.61286], [74.546967, 23.587755], [74.548106, 23.574815], [74.545421, 23.561876], [74.530528, 23.548122], [74.526541, 23.53852], [74.531179, 23.522406], [74.568126, 23.476752], [74.605479, 23.40766], [74.61964, 23.393256], [74.654552, 23.370307], [74.698253, 23.348578], [74.707612, 23.342149], [74.712332, 23.335883], [74.712901, 23.329372], [74.712576, 23.323269], [74.714773, 23.318061], [74.72047, 23.314317], [74.736827, 23.306667], [74.745535, 23.299831], [74.751964, 23.296332], [74.755626, 23.29206], [74.75172, 23.28616], [74.742768, 23.281195], [74.738048, 23.277899], [74.73642, 23.274482], [74.739675, 23.264472], [74.744884, 23.255439], [74.758393, 23.238105], [74.762625, 23.235867], [74.774099, 23.234239], [74.777273, 23.232489], [74.778738, 23.224962], [74.775808, 23.211493], [74.775971, 23.204291], [74.780528, 23.17536], [74.785085, 23.160997], [74.794526, 23.147406], [74.812266, 23.134589], [74.828298, 23.131415], [74.868582, 23.132107], [74.8838, 23.134223], [74.908702, 23.148749], [74.922781, 23.152289], [74.932221, 23.150946], [74.954194, 23.144355], [74.964936, 23.142361], [75.005382, 23.102362], [75.016694, 23.016791], [75.008311, 22.924099], [74.989268, 22.86282], [74.966563, 22.832465], [74.959727, 22.81684], [74.958507, 22.795356], [74.973399, 22.729804]]]}}, {"type": "Feature", "properties": {"name": "Tapi", "name_alt": null, "scalerank": 7.0}, "geometry": {"type": "MultiLineString", "coordinates": [[[78.130789, 21.700792], [78.027843, 21.681952], [77.997081, 21.68419], [77.951915, 21.715888], [77.924327, 21.725124], [77.839366, 21.724555], [77.811127, 21.727647], [77.807546, 21.733425], [77.808442, 21.760199], [77.807221, 21.773301], [77.778412, 21.811103], [77.728933, 21.821397], [77.395274, 21.807725], [77.368663, 21.805772], [77.312266, 21.808132], [77.296397, 21.804796], [77.302013, 21.787421], [77.285737, 21.777452], [77.239513, 21.763454], [77.227794, 21.754503], [77.2199, 21.747016], [77.211029, 21.74018], [77.196869, 21.733669], [77.177664, 21.729071], [77.115489, 21.724066], [77.069347, 21.712348], [77.028819, 21.693671], [76.91741, 21.618191], [76.899669, 21.612738], [76.843679, 21.613389], [76.813975, 21.600165], [76.793712, 21.577094], [76.788259, 21.546739], [76.771088, 21.512722], [76.726003, 21.479519], [76.67335, 21.453233], [76.634288, 21.440131], [76.606863, 21.438992], [76.527843, 21.453233], [76.492605, 21.45128], [76.388276, 21.422187], [76.343435, 21.399848], [76.234955, 21.297553], [76.173757, 21.258857], [76.16212, 21.248236], [76.143565, 21.224392], [76.099701, 21.188015], [76.072276, 21.171169], [76.067149, 21.160834], [76.064952, 21.150255], [76.057384, 21.139838], [76.000418, 21.102403], [75.935802, 21.075751], [75.867686, 21.060858], [75.799571, 21.058661], [75.771495, 21.062934], [75.718191, 21.082058], [75.692475, 21.09455], [75.664561, 21.104438], [75.578054, 21.117458], [75.440196, 21.17003], [75.387706, 21.172797], [75.370372, 21.170111], [75.31544, 21.150336], [75.303152, 21.148261], [75.239838, 21.149766], [75.225352, 21.153347], [75.209076, 21.159369], [75.187918, 21.174343], [75.177013, 21.178778], [75.121593, 21.166327], [75.066661, 21.170844], [75.014089, 21.186306], [74.971772, 21.215847], [74.955577, 21.220282], [74.948985, 21.2237], [74.941661, 21.232042], [74.932546, 21.245632], [74.923839, 21.25377], [74.902599, 21.264024], [74.851003, 21.273871], [74.827891, 21.280951], [74.807221, 21.297919], [74.783702, 21.34162], [74.762218, 21.36046], [74.704112, 21.382025], [74.694916, 21.388536], [74.688975, 21.394843], [74.681244, 21.399766], [74.404877, 21.444119], [74.383718, 21.455512], [74.360281, 21.475694], [74.331391, 21.506863], [74.313894, 21.517157], [74.291921, 21.517401], [74.260183, 21.511501], [74.226573, 21.509548], [74.192882, 21.511176], [74.160411, 21.516221], [74.134044, 21.515937], [73.94101, 21.473741], [73.906505, 21.461982], [73.884532, 21.451687], [73.864757, 21.439399], [73.847667, 21.424831], [73.806407, 21.369818], [73.790131, 21.356635], [73.727468, 21.324774], [73.713145, 21.310655], [73.703624, 21.289252], [73.7046, 21.280341], [73.708588, 21.272325], [73.71046, 21.264106], [73.704194, 21.254706], [73.691905, 21.247382], [73.679454, 21.245469], [73.62672, 21.249213], [73.524343, 21.271796], [73.388438, 21.280382], [73.36378, 21.279079], [73.341563, 21.272406], [73.331472, 21.265448], [73.324474, 21.257839], [73.316173, 21.250922], [73.302175, 21.245917], [73.286143, 21.244656], [73.252533, 21.245917], [73.235362, 21.243354], [73.197683, 21.228135], [73.183197, 21.227322], [73.163503, 21.23017], [73.147065, 21.234931], [73.132823, 21.243842], [73.106049, 21.273627], [73.089773, 21.285427], [73.071056, 21.293769], [73.010671, 21.307074], [72.998139, 21.308132], [72.981863, 21.305284], [72.97169, 21.299831], [72.962332, 21.29324], [72.92685, 21.276964], [72.877452, 21.229315], [72.857432, 21.227891], [72.819835, 21.2508], [72.801768, 21.244656], [72.798757, 21.230536], [72.812022, 21.202094], [72.805186, 21.190863], [72.751394, 21.155707], [72.728608, 21.148057]]]}}, {"type": "Feature", "properties": {"name": "Sankh", "name_alt": null, "scalerank": 7.0}, "geometry": {"type": "MultiLineString", "coordinates": [[[83.903412, 23.198065], [83.943858, 23.178331], [83.963145, 23.141913], [83.987722, 23.05626], [84.021088, 23.021186], [84.073009, 22.994493], [84.129324, 22.984565], [84.176036, 22.999579], [84.188731, 23.02851], [84.201182, 23.074774], [84.217296, 23.11282], [84.241466, 23.116767], [84.253835, 23.104071], [84.273692, 23.072089], [84.284923, 23.057888], [84.381114, 22.979844], [84.391368, 22.967597], [84.398204, 22.95364], [84.400076, 22.935858], [84.396251, 22.922187], [84.390391, 22.908881], [84.386485, 22.892198], [84.388438, 22.818223], [84.419932, 22.686347], [84.422862, 22.656114], [84.41448, 22.627387], [84.393565, 22.606269], [84.339936, 22.578315], [84.31894, 22.556464], [84.309093, 22.498725], [84.339936, 22.453925], [84.440033, 22.392605], [84.511974, 22.325385], [84.537364, 22.315009], [84.582937, 22.320095], [84.607921, 22.317939], [84.622081, 22.314399], [84.634044, 22.306952], [84.653575, 22.288642], [84.668061, 22.265204]]]}}, {"type": "Feature", "properties": {"name": "Ganges", "name_alt": null, "scalerank": 3.0}, "geometry": {"type": "MultiLineString", "coordinates": [[[79.84075, 30.888495], [79.820323, 30.856757], [79.813731, 30.840155], [79.813487, 30.819607], [79.818451, 30.802924], [79.83489, 30.768907], [79.84075, 30.750678], [79.840261, 30.744696], [79.837901, 30.740017], [79.836925, 30.733954], [79.84075, 30.723985], [79.849213, 30.714626], [79.868907, 30.700751], [79.874929, 30.689236], [79.856537, 30.684882], [79.847097, 30.675564], [79.833914, 30.648261], [79.824799, 30.637234], [79.807384, 30.626654], [79.796397, 30.61754], [79.779307, 30.595486], [79.753835, 30.546576], [79.738292, 30.524115], [79.715343, 30.508165], [79.684988, 30.500108], [79.654714, 30.501654], [79.631602, 30.514512], [79.593272, 30.550645], [79.568777, 30.56684], [79.545909, 30.573188], [79.522553, 30.563992], [79.436046, 30.482367], [79.409434, 30.439073], [79.388927, 30.42239], [79.340831, 30.409939], [79.3213, 30.398057], [79.31308, 30.372097], [79.31308, 30.371161], [79.306733, 30.345974], [79.290701, 30.323188], [79.268891, 30.30447], [79.218761, 30.2803], [79.205089, 30.277167], [79.189545, 30.277696], [79.177989, 30.282172], [79.170665, 30.288926], [79.165701, 30.295356], [79.162364, 30.298855], [79.136974, 30.304307], [79.020274, 30.307685], [79.000662, 30.306016], [78.903819, 30.267849], [78.878347, 30.264716], [78.858653, 30.25906], [78.803152, 30.235907], [78.789073, 30.233344], [78.779714, 30.238105], [78.770763, 30.236355], [78.762462, 30.232245], [78.754812, 30.229926], [78.741954, 30.232489], [78.70989, 30.242784], [78.696218, 30.244208], [78.687104, 30.240017], [78.642589, 30.204454], [78.594249, 30.145209], [78.582612, 30.122138], [78.578868, 30.097602], [78.586355, 30.072862], [78.537201, 30.077338], [78.528575, 30.076361], [78.517345, 30.073188], [78.46339, 30.072862], [78.453054, 30.07571], [78.441905, 30.081488], [78.433035, 30.090603], [78.42213, 30.122138], [78.40504, 30.132351], [78.384532, 30.133897], [78.367198, 30.126899], [78.357921, 30.13349], [78.34547, 30.139106], [78.332123, 30.142035], [78.320079, 30.14057], [78.285818, 30.096503], [78.28004, 30.071601], [78.265717, 30.054063], [78.230724, 30.024482], [78.164073, 29.949897], [78.154877, 29.925482], [78.156342, 29.89997], [78.160737, 29.877224], [78.19044, 29.79267], [78.197846, 29.748236], [78.189057, 29.706732], [78.154877, 29.675076], [78.107188, 29.654568], [78.094737, 29.646511], [78.090017, 29.642442], [78.084483, 29.641059], [78.069347, 29.640937], [78.042084, 29.634874], [78.018891, 29.619208], [78.000987, 29.597032], [77.990489, 29.572048], [77.991791, 29.531073], [78.011241, 29.497667], [78.035655, 29.467231], [78.052419, 29.434841], [78.053722, 29.419867], [78.050304, 29.389268], [78.052419, 29.373969], [78.062104, 29.363796], [78.075206, 29.35574], [78.082042, 29.344672], [78.072358, 29.325629], [78.103526, 29.27851], [78.117198, 29.25141], [78.117686, 29.2331], [78.113536, 29.222683], [78.115001, 29.211859], [78.118744, 29.201483], [78.120942, 29.192165], [78.115245, 29.179755], [78.088471, 29.153144], [78.079845, 29.140652], [78.076101, 29.058051], [78.079519, 29.046942], [78.072032, 28.991319], [78.072358, 28.969306], [78.0949, 28.935981], [78.105968, 28.913642], [78.10377, 28.897325], [78.096202, 28.88703], [78.095795, 28.877631], [78.098562, 28.867865], [78.100352, 28.856309], [78.099132, 28.851386], [78.094005, 28.841986], [78.092784, 28.835883], [78.095876, 28.828477], [78.103038, 28.824164], [78.110362, 28.821316], [78.114675, 28.818468], [78.118663, 28.814317], [78.123057, 28.813422], [78.12672, 28.811632], [78.128347, 28.804796], [78.126964, 28.799913], [78.121593, 28.788031], [78.120942, 28.784369], [78.12379, 28.778144], [78.13144, 28.770046], [78.134532, 28.763861], [78.140229, 28.74787], [78.146495, 28.738349], [78.165701, 28.719184], [78.182709, 28.692898], [78.183604, 28.67182], [78.177989, 28.649848], [78.176036, 28.620469], [78.195323, 28.570258], [78.264659, 28.488796], [78.279063, 28.441718], [78.27239, 28.43476], [78.267507, 28.428168], [78.26474, 28.421251], [78.2671, 28.419989], [78.271983, 28.414984], [78.276866, 28.407986], [78.279063, 28.400743], [78.275401, 28.390448], [78.268321, 28.381049], [78.263927, 28.372016], [78.268565, 28.36286], [78.275483, 28.355007], [78.280935, 28.344794], [78.284597, 28.333441], [78.285818, 28.322292], [78.290131, 28.306952], [78.300792, 28.296169], [78.326752, 28.277208], [78.345225, 28.251776], [78.353526, 28.243109], [78.37379, 28.229804], [78.382742, 28.221991], [78.406261, 28.186103], [78.441417, 28.150662], [78.456065, 28.12641], [78.46339, 28.105902], [78.477061, 28.092882], [78.543956, 28.045193], [78.556651, 28.03974], [78.569591, 28.037665], [78.584727, 28.032782], [78.595307, 28.021186], [78.604096, 28.007514], [78.614268, 27.996039], [78.62558, 27.989936], [78.669526, 27.975613], [78.711681, 27.96894], [78.720714, 27.965033], [78.73878, 27.952012], [78.759939, 27.945583], [78.806082, 27.941474], [78.877045, 27.922187], [78.895112, 27.913153], [78.939464, 27.882839], [78.945893, 27.872585], [78.950694, 27.848904], [78.956716, 27.838446], [78.981212, 27.827012], [79.032807, 27.83161], [79.055919, 27.821357], [79.076264, 27.815619], [79.130056, 27.827501], [79.155528, 27.817939], [79.161388, 27.810411], [79.163992, 27.802843], [79.165701, 27.794257], [79.1692, 27.7838], [79.192963, 27.735704], [79.195567, 27.723985], [79.195567, 27.711046], [79.197032, 27.699327], [79.203624, 27.691352], [79.265391, 27.6671], [79.298269, 27.649685], [79.33196, 27.636827], [79.368582, 27.634101], [79.409923, 27.646593], [79.443289, 27.60696], [79.464692, 27.586534], [79.480724, 27.577704], [79.493175, 27.573432], [79.515717, 27.554714], [79.528575, 27.550401], [79.546479, 27.548163], [79.554779, 27.541531], [79.557872, 27.530829], [79.561697, 27.486884], [79.566417, 27.475369], [79.576182, 27.46308], [79.598562, 27.448594], [79.611095, 27.437812], [79.622488, 27.417507], [79.626231, 27.394843], [79.628429, 27.351833], [79.631602, 27.340888], [79.636241, 27.330512], [79.648936, 27.311469], [79.684255, 27.276475], [79.689952, 27.266425], [79.697765, 27.241523], [79.716726, 27.225043], [79.765636, 27.201606], [79.819021, 27.156928], [79.837983, 27.145209], [79.850841, 27.141059], [79.857595, 27.139919], [79.864838, 27.139512], [79.91155, 27.148383], [79.930186, 27.143744], [79.950613, 27.119005], [79.990245, 27.049628], [80.008311, 27.026882], [80.012462, 27.017117], [80.010753, 27.006415], [80.007253, 26.995673], [80.005056, 26.985622], [80.009369, 26.97073], [80.019949, 26.957221], [80.089854, 26.896918], [80.107839, 26.873725], [80.115001, 26.848456], [80.117686, 26.8039], [80.121674, 26.781358], [80.128184, 26.762152], [80.141612, 26.742377], [80.162608, 26.722602], [80.186127, 26.707384], [80.231212, 26.69599], [80.245128, 26.681952], [80.253184, 26.662136], [80.262136, 26.62991], [80.290538, 26.570095], [80.296886, 26.548692], [80.305756, 26.541287], [80.317882, 26.53738], [80.330658, 26.5362], [80.336355, 26.530137], [80.343272, 26.500067], [80.347748, 26.488389], [80.403331, 26.441596], [80.414806, 26.436225], [80.42628, 26.432318], [80.509939, 26.381049], [80.525971, 26.364936], [80.532725, 26.348944], [80.553315, 26.262966], [80.553803, 26.25198], [80.558849, 26.238227], [80.570567, 26.232611], [80.584402, 26.229071], [80.5949, 26.221503], [80.59962, 26.210517], [80.599132, 26.202216], [80.596446, 26.194119], [80.5949, 26.183661], [80.597667, 26.174587], [80.604584, 26.169053], [80.622162, 26.160102], [80.673106, 26.114814], [80.69044, 26.104844], [80.700694, 26.103827], [80.718761, 26.10989], [80.728282, 26.11164], [80.742931, 26.110175], [80.750011, 26.106024], [80.755626, 26.099555], [80.765554, 26.091173], [80.788585, 26.080634], [80.796886, 26.07335], [80.800304, 26.060411], [80.797944, 26.049099], [80.795095, 26.040351], [80.798432, 26.034044], [80.813975, 26.029731], [80.832449, 26.047919], [80.853445, 26.058173], [80.877859, 26.062812], [80.906342, 26.06391], [80.925792, 26.066596], [80.961925, 26.076972], [80.985281, 26.076931], [81.010753, 26.071357], [81.032807, 26.060981], [81.04835, 26.044053], [81.05421, 26.018866], [81.065196, 26.000312], [81.090424, 25.984076], [81.117931, 25.972276], [81.135509, 25.967068], [81.163178, 25.962958], [81.187266, 25.955268], [81.204112, 25.939276], [81.213878, 25.882839], [81.224539, 25.868516], [81.243744, 25.860378], [81.294444, 25.84516], [81.302013, 25.840766], [81.358653, 25.78616], [81.366791, 25.780829], [81.384044, 25.777167], [81.392833, 25.772162], [81.402761, 25.758897], [81.400483, 25.749538], [81.392019, 25.740424], [81.382498, 25.728095], [81.37672, 25.704291], [81.382823, 25.682074], [81.399994, 25.665595], [81.44101, 25.654893], [81.464122, 25.636094], [81.47877, 25.631903], [81.51295, 25.631171], [81.515147, 25.62873], [81.515636, 25.624538], [81.526134, 25.60932], [81.530935, 25.599718], [81.538992, 25.591091], [81.553803, 25.584662], [81.566173, 25.584011], [81.598888, 25.590888], [81.630056, 25.586534], [81.639252, 25.574246], [81.642833, 25.554796], [81.657481, 25.529486], [81.663666, 25.524482], [81.676768, 25.519843], [81.684093, 25.515815], [81.704682, 25.494696], [81.716889, 25.493598], [81.745128, 25.495795], [81.75587, 25.491278], [81.778331, 25.477973], [81.798757, 25.480658], [81.841807, 25.502143], [81.885753, 25.512885], [81.90797, 25.511664], [81.917491, 25.498399], [81.913097, 25.477118], [81.904552, 25.45836], [81.898936, 25.438341], [81.90325, 25.412787], [81.918956, 25.376288], [81.937511, 25.344509], [81.95045, 25.333767], [81.9699, 25.32449], [81.991303, 25.320909], [82.009369, 25.327094], [82.025483, 25.335273], [82.042979, 25.335557], [82.060069, 25.329047], [82.075206, 25.316596], [82.082286, 25.300808], [82.08253, 25.287706], [82.08839, 25.278876], [82.112397, 25.27558], [82.129161, 25.282009], [82.159272, 25.310167], [82.181407, 25.316596], [82.191661, 25.314724], [82.204194, 25.309638], [82.214773, 25.302069], [82.219249, 25.29267], [82.217459, 25.280382], [82.213878, 25.272284], [82.208995, 25.264919], [82.205007, 25.255154], [82.196218, 25.218817], [82.196218, 25.202826], [82.201752, 25.189968], [82.216401, 25.183702], [82.236501, 25.185736], [82.273204, 25.193671], [82.264415, 25.203559], [82.239024, 25.213243], [82.225352, 25.220323], [82.243744, 25.239936], [82.253917, 25.257676], [82.266124, 25.270616], [82.290619, 25.27558], [82.312429, 25.263129], [82.327647, 25.215115], [82.348888, 25.214179], [82.360362, 25.224921], [82.372325, 25.253201], [82.383067, 25.26199], [82.397227, 25.26081], [82.414073, 25.252631], [82.430186, 25.241482], [82.441417, 25.231228], [82.47698, 25.186143], [82.496755, 25.169867], [82.527192, 25.159491], [82.551036, 25.157823], [82.578217, 25.1612], [82.592784, 25.173163], [82.567556, 25.2178], [82.585948, 25.225043], [82.615245, 25.224189], [82.636974, 25.220323], [82.684825, 25.193671], [82.730072, 25.155951], [82.778575, 25.124945], [82.835541, 25.118598], [82.871023, 25.137234], [82.920421, 25.194607], [82.961925, 25.206732], [82.995942, 25.204942], [83.008311, 25.21072], [83.019949, 25.22781], [83.025076, 25.246161], [83.023367, 25.262397], [83.016531, 25.276679], [83.006277, 25.289252], [83.041515, 25.323065], [83.134939, 25.326443], [83.171397, 25.351345], [83.179779, 25.378852], [83.177826, 25.410264], [83.163097, 25.436143], [83.1338, 25.446885], [83.123057, 25.452216], [83.130463, 25.464138], [83.153901, 25.484442], [83.161632, 25.49494], [83.174327, 25.519477], [83.185639, 25.529486], [83.212576, 25.535224], [83.23349, 25.524726], [83.253347, 25.509792], [83.290945, 25.49787], [83.311697, 25.479112], [83.325857, 25.47488], [83.342052, 25.477851], [83.368337, 25.491278], [83.383067, 25.494696], [83.409434, 25.487006], [83.436697, 25.467231], [83.482921, 25.423041], [83.507253, 25.406928], [83.53004, 25.401923], [83.543875, 25.411566], [83.54127, 25.43948], [83.503184, 25.48904], [83.490896, 25.517117], [83.510265, 25.529486], [83.536388, 25.534613], [83.558849, 25.547797], [83.59962, 25.584052], [83.617117, 25.597724], [83.634044, 25.604031], [83.664154, 25.611436], [83.692963, 25.614691], [83.705658, 25.608262], [83.711192, 25.601345], [83.723155, 25.594835], [83.735037, 25.586493], [83.740489, 25.573839], [83.745128, 25.550971], [83.749441, 25.537787], [83.75351, 25.529486], [83.771983, 25.517279], [83.793549, 25.515896], [83.839692, 25.52204], [83.88087, 25.52204], [83.897716, 25.523993], [83.904307, 25.529568], [83.908376, 25.538153], [83.917979, 25.549343], [83.981944, 25.589382], [84.003429, 25.608262], [84.058116, 25.673774], [84.143484, 25.736274], [84.179779, 25.745958], [84.212901, 25.728095], [84.217377, 25.713568], [84.22047, 25.695095], [84.229991, 25.681098], [84.253835, 25.679714], [84.272472, 25.692939], [84.308116, 25.738634], [84.326182, 25.748562], [84.339773, 25.752712], [84.355968, 25.760565], [84.372651, 25.765163], [84.387625, 25.759467], [84.419037, 25.73078], [84.437999, 25.718777], [84.463959, 25.711982], [84.479747, 25.703477], [84.486501, 25.700751], [84.49879, 25.699083], [84.560313, 25.701972], [84.577159, 25.700019], [84.595795, 25.693305], [84.617279, 25.702257], [84.668224, 25.705919], [84.688975, 25.717231], [84.709402, 25.737616], [84.728526, 25.749701], [84.749278, 25.753363], [84.775076, 25.748562], [84.853119, 25.712429], [84.881358, 25.707587], [84.904796, 25.711493], [84.949229, 25.729519], [84.973888, 25.734931], [84.996349, 25.73489], [85.058849, 25.728095], [85.085948, 25.721055], [85.102061, 25.703681], [85.124034, 25.659206], [85.142833, 25.641872], [85.162608, 25.638292], [85.182709, 25.637641], [85.20989, 25.626247], [85.233653, 25.619574], [85.237071, 25.618232], [85.244721, 25.613593], [85.251964, 25.603095], [85.261241, 25.584662], [85.272472, 25.56741], [85.284434, 25.554267], [85.299327, 25.546007], [85.319591, 25.543077], [85.333263, 25.537665], [85.369395, 25.51378], [85.388113, 25.508368], [85.421397, 25.517035], [85.456065, 25.537787], [85.515066, 25.584662], [85.559662, 25.523464], [85.576589, 25.508368], [85.621349, 25.482042], [85.634288, 25.471137], [85.651947, 25.463446], [85.670909, 25.469306], [85.72169, 25.504177], [85.737641, 25.510688], [85.755951, 25.514594], [85.778819, 25.515815], [85.830658, 25.50495], [85.872081, 25.478217], [85.946381, 25.412787], [85.997, 25.380316], [86.019135, 25.359158], [86.028331, 25.33393], [86.039154, 25.33039], [86.089447, 25.331977], [86.104096, 25.330186], [86.115896, 25.331488], [86.162201, 25.326199], [86.176036, 25.320258], [86.185802, 25.319281], [86.222585, 25.329413], [86.241222, 25.330186], [86.257904, 25.325385], [86.274425, 25.317572], [86.290294, 25.306708], [86.306163, 25.29267], [86.318126, 25.292507], [86.377859, 25.31037], [86.41505, 25.330878], [86.446056, 25.361884], [86.470225, 25.397773], [86.487722, 25.433214], [86.506847, 25.462673], [86.534434, 25.482856], [86.564382, 25.485216], [86.59075, 25.461208], [86.578868, 25.418769], [86.5796, 25.375067], [86.591075, 25.334988], [86.611257, 25.303534], [86.649669, 25.273057], [86.693858, 25.256415], [86.739675, 25.256374], [86.782481, 25.27558], [86.834727, 25.325954], [86.85849, 25.340644], [86.867931, 25.347927], [86.889903, 25.349962], [86.920421, 25.333319], [86.974213, 25.289252], [86.996186, 25.278388], [87.046886, 25.268907], [87.07724, 25.254218], [87.08782, 25.255927], [87.098155, 25.259792], [87.108409, 25.26199], [87.12379, 25.25727], [87.147065, 25.235175], [87.159923, 25.22781], [87.190115, 25.230292], [87.217703, 25.248358], [87.238536, 25.27501], [87.248627, 25.303534], [87.282156, 25.356147], [87.303722, 25.377061], [87.331554, 25.387274], [87.342459, 25.395819], [87.351085, 25.398505], [87.356619, 25.397813], [87.372325, 25.393337], [87.382091, 25.392279], [87.401378, 25.394395], [87.443858, 25.405951], [87.478282, 25.403754], [87.490652, 25.399685], [87.501882, 25.392279], [87.511974, 25.381944], [87.518077, 25.371365], [87.529796, 25.344509], [87.535737, 25.320136], [87.539806, 25.316596], [87.549734, 25.315253], [87.558116, 25.311957], [87.570242, 25.303534], [87.581472, 25.289984], [87.588634, 25.276882], [87.598643, 25.26671], [87.659597, 25.255154], [87.681163, 25.245469], [87.726085, 25.251654], [87.749522, 25.248318], [87.759776, 25.243516], [87.770112, 25.237006], [87.778819, 25.227607], [87.783702, 25.214179], [87.783376, 25.200303], [87.779063, 25.192003], [87.773204, 25.184597], [87.76946, 25.173163], [87.768647, 25.159288], [87.770437, 25.148017], [87.776296, 25.124783], [87.776459, 25.117987], [87.775076, 25.103339], [87.776296, 25.096869], [87.780935, 25.089911], [87.786876, 25.087592], [87.792572, 25.086615], [87.797374, 25.083808], [87.835541, 25.047187], [87.860606, 25.030788], [87.885509, 25.022325], [87.894054, 25.020819], [87.913097, 25.00373], [87.91627, 25.001899], [87.935313, 25.00434], [87.943858, 25.000596], [87.954275, 24.987616], [87.961192, 24.966173], [87.9581, 24.944159], [87.948985, 24.92414], [87.937022, 24.908759], [87.914806, 24.889024], [87.908702, 24.878363], [87.906668, 24.860948], [87.911143, 24.844428], [87.92213, 24.826524], [87.94752, 24.795762], [87.944916, 24.755316], [87.959483, 24.717231], [88.00587, 24.655544], [88.021495, 24.645819], [88.040457, 24.640652], [88.056733, 24.634304], [88.066905, 24.613878], [88.081472, 24.600124], [88.084727, 24.594062], [88.084727, 24.541938], [88.085541, 24.536933], [88.089692, 24.53323], [88.098399, 24.522732], [88.111257, 24.502061], [88.118907, 24.494167], [88.133393, 24.482489], [88.151378, 24.471706], [88.171153, 24.463731], [88.190847, 24.460639], [88.225108, 24.460639], [88.236257, 24.462755], [88.250906, 24.472195], [88.259776, 24.474311], [88.272227, 24.474962], [88.283376, 24.477118], [88.292898, 24.480577], [88.299734, 24.48546], [88.307872, 24.486151], [88.316417, 24.468451], [88.321707, 24.462755], [88.328136, 24.460639], [88.379487, 24.402289], [88.387218, 24.38878], [88.405284, 24.37169], [88.426687, 24.357001], [88.444428, 24.350775], [88.483328, 24.352973], [88.506114, 24.357978], [88.516124, 24.367499], [88.681407, 24.334052], [88.714285, 24.315619], [88.737071, 24.287299], [88.742686, 24.247748], [88.744558, 24.243679], [88.747081, 24.227159], [88.749278, 24.223456], [88.746104, 24.214219], [88.734386, 24.198594], [88.731212, 24.190009], [88.732188, 24.1824], [88.73585, 24.174587], [88.751475, 24.152655], [88.758067, 24.147406], [88.782481, 24.135769], [88.796967, 24.126003], [88.804779, 24.122097], [88.824474, 24.119086], [88.842784, 24.123236], [88.907319, 24.150987], [88.920909, 24.159451], [88.930675, 24.171576], [88.941173, 24.171942], [88.950694, 24.170437], [88.959727, 24.16706], [88.969005, 24.161973], [88.976736, 24.155951], [88.999929, 24.127794], [89.022553, 24.107204], [89.032725, 24.100043], [89.036632, 24.095323], [89.040457, 24.086046], [89.042491, 24.07807], [89.045421, 24.070583], [89.05185, 24.062323], [89.059255, 24.05504], [89.065684, 24.047065], [89.069753, 24.03795], [89.069753, 24.027452], [89.066498, 24.014838], [89.065033, 24.005316], [89.068126, 23.996446], [89.077566, 23.985867], [89.088715, 23.977159]], [[87.93808, 24.805732], [87.920014, 24.782009], [87.920421, 24.72663], [87.933197, 24.635077], [87.940929, 24.619452], [88.028087, 24.547878], [88.057384, 24.515896], [88.051768, 24.510321], [88.050385, 24.504991], [88.052745, 24.49962], [88.065359, 24.4831], [88.070567, 24.467393], [88.071056, 24.464057], [88.077891, 24.456163], [88.109304, 24.450954], [88.118907, 24.446967], [88.120372, 24.433214], [88.114757, 24.420762], [88.112804, 24.409369], [88.125662, 24.398546], [88.142182, 24.40823], [88.150076, 24.405829], [88.152843, 24.397244], [88.152924, 24.388292], [88.156261, 24.37169], [88.164806, 24.365587], [88.17685, 24.362331], [88.205333, 24.346503], [88.212332, 24.341417], [88.215017, 24.33336], [88.217052, 24.324327], [88.222179, 24.324164], [88.22877, 24.326199], [88.235606, 24.323513], [88.23878, 24.322699], [88.247325, 24.317654], [88.252452, 24.311876], [88.245942, 24.30919], [88.239024, 24.307481], [88.234386, 24.302924], [88.231212, 24.296454], [88.22877, 24.288682], [88.253022, 24.27143], [88.260346, 24.228135], [88.256602, 24.141303], [88.232188, 24.070258], [88.220714, 24.060655], [88.209727, 24.015692], [88.194591, 24.001329], [88.220144, 23.990261], [88.22877, 23.987657], [88.22877, 23.980251], [88.203217, 23.981147], [88.198741, 23.97309], [88.208263, 23.949774], [88.209483, 23.928168], [88.221283, 23.870958], [88.223643, 23.840155], [88.22755, 23.826768], [88.239024, 23.812608], [88.240489, 23.79914], [88.237804, 23.774766], [88.228119, 23.756456], [88.208263, 23.761094], [88.200125, 23.742214], [88.173595, 23.716986], [88.15976, 23.699652], [88.153087, 23.683214], [88.146902, 23.657742], [88.148204, 23.634304], [88.163178, 23.623969], [88.219005, 23.606513], [88.22877, 23.606879], [88.222992, 23.627061], [88.224132, 23.635281], [88.235606, 23.637559], [88.239268, 23.633165], [88.256602, 23.603461], [88.248057, 23.589789], [88.252615, 23.580919], [88.264171, 23.576606], [88.276459, 23.576768], [88.288178, 23.582099], [88.324962, 23.610297], [88.330007, 23.592149], [88.321381, 23.574286], [88.304454, 23.559027], [88.283295, 23.548855], [88.294688, 23.536444], [88.312999, 23.535712], [88.333751, 23.538194], [88.352306, 23.535183], [88.365001, 23.524115], [88.367931, 23.511786], [88.356944, 23.469346], [88.356537, 23.46247], [88.354991, 23.456814], [88.341319, 23.44123], [88.34075, 23.437567], [88.3449, 23.433946], [88.352306, 23.425971], [88.35906, 23.421576], [88.368256, 23.419216], [88.376069, 23.41413], [88.379487, 23.401719], [88.378998, 23.390937], [88.377452, 23.383612], [88.372081, 23.370714], [88.370372, 23.36046], [88.370372, 23.351752], [88.367198, 23.345649], [88.342703, 23.340644], [88.340831, 23.333808], [88.343679, 23.324978], [88.34547, 23.316107], [88.34547, 23.278184], [88.347748, 23.269802], [88.353526, 23.26671], [88.360281, 23.265163], [88.365896, 23.26085], [88.382253, 23.225287], [88.392182, 23.215766], [88.413097, 23.212429], [88.444347, 23.217393], [88.457449, 23.212429], [88.468272, 23.192572], [88.447276, 23.154405], [88.447276, 23.142361], [88.460948, 23.130479], [88.472341, 23.126288], [88.483653, 23.123887], [88.492198, 23.118964], [88.495616, 23.107245], [88.491791, 23.096991], [88.473643, 23.07449], [88.468272, 23.062852], [88.481619, 23.061835], [88.491954, 23.056749], [88.495128, 23.049343], [88.48878, 23.041124], [88.475027, 23.037543], [88.462169, 23.039496], [88.450694, 23.039089], [88.44044, 23.028103], [88.448416, 23.021267], [88.431082, 23.003526], [88.417735, 22.986518], [88.409272, 22.967068], [88.406912, 22.945502]], [[88.429128, 24.35578], [88.421641, 24.333279], [88.430105, 24.323554], [88.442312, 24.314643], [88.453298, 24.283393], [88.466238, 24.270087], [88.482514, 24.264472], [88.499034, 24.271674], [88.518077, 24.263454], [88.53712, 24.229926], [88.539643, 24.199246], [88.509288, 24.199327], [88.512625, 24.188585], [88.518891, 24.184516], [88.525645, 24.183051], [88.529714, 24.18004], [88.531749, 24.171983], [88.530854, 24.168158], [88.529389, 24.164862], [88.529714, 24.158393], [88.528738, 24.151964], [88.524913, 24.148017], [88.523448, 24.14411], [88.529714, 24.137885], [88.538259, 24.136583], [88.555675, 24.145819], [88.564545, 24.144721], [88.567393, 24.139228], [88.568614, 24.122423], [88.570811, 24.117377], [88.578136, 24.114691], [88.584727, 24.115749], [88.591238, 24.117621], [88.598643, 24.117377], [88.619721, 24.108466], [88.625906, 24.098456], [88.626964, 24.086208], [88.632823, 24.070258], [88.636322, 24.074286], [88.642996, 24.078966], [88.646414, 24.083279], [88.648529, 24.066596], [88.646658, 24.036444], [88.641124, 24.005723], [88.632823, 23.987657], [88.653575, 23.983507], [88.67921, 23.983669], [88.700613, 23.980496], [88.708507, 23.966579], [88.746511, 23.966742], [88.755382, 23.964789], [88.76295, 23.960476], [88.769949, 23.953559], [88.787201, 23.961697], [88.803966, 23.953396], [88.821788, 23.940009], [88.841889, 23.933051], [88.853038, 23.92536], [88.862722, 23.908026], [88.862885, 23.889512], [88.845714, 23.878445], [88.858816, 23.872097], [88.868663, 23.869005], [88.872976, 23.870958], [88.871104, 23.862372], [88.86614, 23.857611], [88.86085, 23.854438], [88.858653, 23.850531], [88.858653, 23.802069], [88.86964, 23.713813], [88.869558, 23.699652], [88.860444, 23.684516], [88.858653, 23.682644], [88.855968, 23.678046], [88.850027, 23.679755], [88.844249, 23.683783], [88.841889, 23.686062], [88.826915, 23.681179], [88.824962, 23.669379], [88.832042, 23.641303], [88.825776, 23.636746], [88.811615, 23.630683], [88.796641, 23.626532], [88.78712, 23.627712], [88.774099, 23.633734], [88.764415, 23.627061], [88.761729, 23.61286], [88.769949, 23.596625], [88.750418, 23.590644], [88.740164, 23.585517], [88.73585, 23.579901], [88.740001, 23.564276], [88.749522, 23.555935], [88.7588, 23.549262], [88.767507, 23.524522], [88.786143, 23.505683], [88.790538, 23.497016], [88.793712, 23.485216], [88.802257, 23.482937], [88.828298, 23.486762], [88.831065, 23.473741], [88.828136, 23.448106], [88.834727, 23.429958], [88.86614, 23.438992], [88.874441, 23.447943], [88.884532, 23.461534], [88.895763, 23.472439], [88.907237, 23.47309], [88.909109, 23.465359], [88.906261, 23.436143], [88.907237, 23.425971], [88.899913, 23.424099], [88.892833, 23.419501], [88.889415, 23.412909], [88.893565, 23.404853], [88.899994, 23.403266], [88.930675, 23.404853], [88.939138, 23.396511], [88.938243, 23.380194], [88.929454, 23.369452], [88.913992, 23.377509], [88.90504, 23.36225], [88.933035, 23.356269], [88.97047, 23.358466], [88.989024, 23.367255], [88.994884, 23.381659], [88.99464, 23.388373], [88.985362, 23.391181], [88.976329, 23.396796], [88.970632, 23.401394], [88.967865, 23.404853], [88.974376, 23.417426], [88.990001, 23.410956], [89.006765, 23.396511], [89.016368, 23.384955], [89.016775, 23.380194], [89.014171, 23.376532], [89.010753, 23.373481], [89.009532, 23.370714], [89.012136, 23.367255], [89.021088, 23.360541], [89.023204, 23.357042], [89.022065, 23.3487], [89.017507, 23.340196], [89.015147, 23.283393], [89.019786, 23.27143], [89.020763, 23.261908], [89.012706, 23.251654], [89.002045, 23.24197], [88.995942, 23.234158], [88.996755, 23.222846], [89.003022, 23.212836], [89.012706, 23.209988], [89.023204, 23.219835], [89.027192, 23.216579], [89.029796, 23.214911], [89.036876, 23.212429], [89.040619, 23.205186], [89.049571, 23.193915], [89.054698, 23.183458], [89.047374, 23.1789], [89.04127, 23.173529], [89.051199, 23.161322], [89.074718, 23.141384], [89.106212, 23.088202], [89.119395, 23.075873], [89.097992, 23.04739], [89.09075, 23.033026], [89.085216, 23.014431], [89.078136, 22.998969], [89.076427, 22.987413], [89.081554, 22.976874], [89.093272, 22.973009], [89.103526, 22.976996], [89.112315, 22.978339], [89.119395, 22.96662], [89.095225, 22.953315], [89.091401, 22.949286], [89.093272, 22.934272], [89.098155, 22.930487], [89.104747, 22.931708], [89.112071, 22.931912], [89.12379, 22.934272], [89.1303, 22.930203], [89.136811, 22.893622], [89.133393, 22.890082], [89.119395, 22.897773], [89.116954, 22.894355], [89.11671, 22.893256], [89.115733, 22.892605], [89.112071, 22.890245], [89.121755, 22.877753], [89.125906, 22.870632], [89.126557, 22.863959], [89.126231, 22.853054], [89.12851, 22.837755], [89.134776, 22.825995], [89.143565, 22.822089], [89.153575, 22.830105], [89.160492, 22.822618], [89.153331, 22.817979], [89.149994, 22.811632], [89.15032, 22.803778], [89.153575, 22.794704], [89.163829, 22.800401], [89.174246, 22.808376], [89.183604, 22.813788], [89.191417, 22.812079], [89.193289, 22.802802], [89.177745, 22.779893], [89.174083, 22.767401], [89.180756, 22.767401], [89.189464, 22.774522], [89.193777, 22.768256], [89.196788, 22.756456], [89.201264, 22.746894], [89.225597, 22.736436], [89.242198, 22.732204], [89.249766, 22.736396], [89.256114, 22.736843], [89.270274, 22.728135], [89.284434, 22.716864], [89.290619, 22.709337], [89.295909, 22.704657], [89.306082, 22.700303], [89.311697, 22.692816], [89.304291, 22.678656], [89.263438, 22.705919], [89.268647, 22.681586], [89.279063, 22.667792], [89.291921, 22.656114], [89.304291, 22.637722], [89.295665, 22.633124], [89.292491, 22.625352], [89.293549, 22.615098], [89.293142, 22.600124]], [[89.088308, 23.978339], [89.088715, 23.977159]], [[89.088715, 23.977159], [89.11614, 23.955756], [89.137462, 23.943061], [89.15919, 23.933539], [89.186453, 23.9289], [89.26946, 23.936794], [89.296479, 23.935004], [89.321381, 23.929877], [89.345144, 23.920478], [89.377859, 23.89997], [89.467296, 23.864854], [89.490001, 23.852729], [89.53004, 23.819444], [89.555675, 23.814805], [89.573171, 23.819932], [89.603282, 23.837755], [89.61964, 23.843695], [89.674897, 23.848456], [89.708914, 23.856798], [89.723399, 23.85574], [89.753673, 23.845486], [89.749278, 23.848009]], [[89.088715, 23.977159], [89.096202, 23.956], [89.097179, 23.95246], [89.09726, 23.948554], [89.098155, 23.9442], [89.104503, 23.934272], [89.11378, 23.926052], [89.156668, 23.898464], [89.177419, 23.881537], [89.182628, 23.873114], [89.184174, 23.865058], [89.187592, 23.859076], [89.210541, 23.853705], [89.2199, 23.846503], [89.249522, 23.816433], [89.255463, 23.806749], [89.255951, 23.771674], [89.261974, 23.751817], [89.276541, 23.739529], [89.311127, 23.72016], [89.35255, 23.671739], [89.381114, 23.673407], [89.397716, 23.678087], [89.410737, 23.679226], [89.42099, 23.674425], [89.480479, 23.593044], [89.493093, 23.579901], [89.499441, 23.570014], [89.503835, 23.55744], [89.509776, 23.546658], [89.52003, 23.54206], [89.525808, 23.537421], [89.516531, 23.527411], [89.503347, 23.517768], [89.496755, 23.514106], [89.495616, 23.506659], [89.496511, 23.499376], [89.499034, 23.492621], [89.50294, 23.486762], [89.518972, 23.508409], [89.548106, 23.505683], [89.578705, 23.490098], [89.598643, 23.47309], [89.607595, 23.45307], [89.626475, 23.370714], [89.613536, 23.376003], [89.609467, 23.379421], [89.605968, 23.384955], [89.598643, 23.384955], [89.597585, 23.353054], [89.612315, 23.315212], [89.637625, 23.288194], [89.667491, 23.288764], [89.656261, 23.273301], [89.636241, 23.255316], [89.627615, 23.240343], [89.680919, 23.226996], [89.683197, 23.209906], [89.680105, 23.189236], [89.694835, 23.171454], [89.707286, 23.17003], [89.716238, 23.175605], [89.72462, 23.182481], [89.736339, 23.185126], [89.750255, 23.179796], [89.755951, 23.170518], [89.752859, 23.161729], [89.740164, 23.157782], [89.733816, 23.153428], [89.718354, 23.133368], [89.710948, 23.119086], [89.700776, 23.122585], [89.681163, 23.137966], [89.680268, 23.126736], [89.681733, 23.11754], [89.684825, 23.109971], [89.689138, 23.103827], [89.697765, 23.096951], [89.714773, 23.093817], [89.722667, 23.089545], [89.732514, 23.07628], [89.756847, 23.028103], [89.77296, 23.010321], [89.804861, 22.9831], [89.81837, 22.96662], [89.82252, 22.957302], [89.828136, 22.939073], [89.83253, 22.931912], [89.838145, 22.928005], [89.853282, 22.92182], [89.859304, 22.91824], [89.879649, 22.896511], [89.887218, 22.890245], [89.928233, 22.870429], [89.942882, 22.857286], [89.99879, 22.768866], [90.006765, 22.750271], [90.010753, 22.726426], [90.009939, 22.686143], [90.013276, 22.667304], [90.024425, 22.651313], [90.01588, 22.627753], [90.014415, 22.596137], [90.017833, 22.566352], [90.024425, 22.548285], [90.019542, 22.538438], [90.011974, 22.511094], [90.010183, 22.490261]], [[90.087494, 23.57864], [90.083507, 23.557725], [90.069021, 23.527696], [90.067963, 23.519843], [90.06894, 23.511786], [90.0713, 23.503933], [90.079031, 23.488552], [90.112397, 23.438992], [90.093435, 23.427558], [90.082123, 23.388699], [90.064708, 23.391181], [90.074148, 23.377956], [90.095307, 23.375067], [90.116466, 23.369167], [90.126231, 23.346788], [90.127371, 23.335273], [90.132335, 23.311713], [90.133718, 23.298407], [90.129893, 23.290595], [90.121104, 23.290107], [90.111501, 23.294623], [90.105561, 23.301825], [90.098888, 23.301825], [90.098888, 23.26085], [90.105561, 23.26085], [90.108002, 23.274766], [90.116466, 23.280341], [90.128184, 23.277899], [90.140554, 23.267646], [90.145437, 23.253933], [90.143158, 23.243272], [90.145437, 23.236599], [90.164073, 23.234158], [90.180186, 23.233913], [90.197358, 23.231635], [90.212576, 23.225165], [90.22226, 23.212429], [90.219819, 23.204535], [90.212576, 23.191311]], [[90.212576, 23.191311], [90.212169, 23.190619], [90.201752, 23.177354], [90.191742, 23.171454], [90.175955, 23.173611], [90.171641, 23.179226], [90.174571, 23.19599], [90.177419, 23.199042], [90.184255, 23.199978], [90.198416, 23.199408], [90.208507, 23.197374], [90.212169, 23.192816], [90.212576, 23.191311]], [[90.212576, 23.191311], [90.21339, 23.188015], [90.215424, 23.185126], [90.235606, 23.182644], [90.245942, 23.180121], [90.250418, 23.175157], [90.254812, 23.149726], [90.253184, 23.139228], [90.242931, 23.130479], [90.242931, 23.124294], [90.266612, 23.122423], [90.2942, 23.116726], [90.318614, 23.106024], [90.332123, 23.089545], [90.325287, 23.089545], [90.331391, 23.075303], [90.324718, 23.0692], [90.312266, 23.065741], [90.301199, 23.059109], [90.292084, 23.042833], [90.30185, 23.041327], [90.317312, 23.043484], [90.325287, 23.038031], [90.326182, 23.020697], [90.325287, 23.021267], [90.323741, 23.015815], [90.319428, 23.010565], [90.317312, 23.004584], [90.322032, 22.997016], [90.334727, 22.988552], [90.346934, 22.982489], [90.355968, 22.975287], [90.35963, 22.962917], [90.364513, 22.955024], [90.375011, 22.945624], [90.384776, 22.933783], [90.387462, 22.91824], [90.384695, 22.914822], [90.373139, 22.906277], [90.370128, 22.904568], [90.366466, 22.901231], [90.365326, 22.84573], [90.36964, 22.81684], [90.379324, 22.79267], [90.394216, 22.774848]], [[88.406912, 22.945502], [88.444428, 22.945502], [88.455984, 22.943427], [88.475597, 22.934027], [88.485362, 22.931912], [88.495535, 22.934272], [88.503917, 22.940131], [88.528331, 22.968451], [88.53655, 22.980292], [88.546397, 22.984076], [88.555919, 22.985297], [88.565115, 22.983181], [88.574474, 22.976874], [88.585948, 22.971218], [88.598562, 22.970404], [88.609386, 22.971137], [88.615733, 22.970038], [88.620209, 22.961127], [88.620616, 22.952338], [88.622813, 22.944525], [88.632823, 22.938747], [88.639252, 22.938747], [88.644786, 22.94127], [88.649669, 22.944363], [88.653819, 22.945502], [88.655365, 22.945828], [88.668224, 22.945868], [88.667003, 22.945502], [88.704112, 22.946357], [88.724213, 22.943305], [88.739268, 22.935329], [88.746511, 22.920844], [88.750662, 22.884345], [88.756277, 22.870429], [88.773041, 22.855048], [88.788666, 22.849189], [88.828298, 22.849311], [88.829682, 22.845242], [88.838878, 22.836859], [88.848643, 22.829861], [88.85255, 22.830105], [88.854096, 22.818427], [88.851736, 22.810655], [88.838308, 22.794704], [88.84962, 22.788845], [88.851003, 22.783474], [88.847992, 22.777859], [88.845714, 22.771104], [88.840587, 22.745714], [88.838308, 22.739447], [88.830496, 22.736599], [88.821544, 22.739203], [88.813975, 22.739529], [88.810964, 22.729844], [88.812999, 22.721055], [88.81837, 22.715766], [88.825206, 22.711534], [88.832042, 22.705919], [88.868175, 22.663642], [88.879812, 22.657538], [88.900483, 22.658067], [88.916515, 22.662055], [88.929617, 22.658759], [88.941905, 22.637722], [88.951671, 22.612128], [88.956065, 22.585232], [88.949799, 22.562201], [88.927664, 22.548285], [88.958588, 22.536973], [88.970632, 22.528144], [88.979584, 22.491075], [88.997976, 22.451483], [89.002208, 22.428168], [89.000255, 22.420274], [88.991791, 22.407172], [88.989024, 22.396837], [88.989268, 22.38703], [89.000987, 22.333848], [89.00644, 22.321641], [89.023204, 22.29503], [89.008718, 22.285834], [89.018321, 22.264838], [89.061941, 22.211737], [89.070323, 22.195014], [89.075776, 22.175238], [89.077729, 22.151068], [89.060313, 22.130642]], [[88.406912, 22.945502], [88.403901, 22.9171], [88.39796, 22.896837], [88.379487, 22.856757], [88.365896, 22.815782], [88.348155, 22.788194], [88.34547, 22.778266], [88.348562, 22.758002], [88.362804, 22.721218], [88.365896, 22.698513], [88.364024, 22.656073], [88.356944, 22.612616], [88.342296, 22.57628], [88.317393, 22.555121], [88.296886, 22.554023], [88.271983, 22.55622], [88.251231, 22.553656], [88.242442, 22.538031], [88.241222, 22.526719], [88.237641, 22.521796], [88.230072, 22.520779], [88.218272, 22.521023], [88.206716, 22.51671], [88.199799, 22.506781], [88.194265, 22.495429], [88.187104, 22.486843], [88.170909, 22.480821], [88.150483, 22.475898], [88.133067, 22.468695], [88.125662, 22.455837], [88.137218, 22.418077], [88.139659, 22.398871], [88.129242, 22.390652], [88.106944, 22.383816], [88.101085, 22.367214], [88.105235, 22.329169], [88.103038, 22.314154], [88.099132, 22.299384], [88.09669, 22.293769], [88.082123, 22.271918], [88.080577, 22.268826], [88.0796, 22.265204], [88.077891, 22.248847], [88.075694, 22.241278], [88.073055, 22.237767]], [[88.406261, 22.945502], [88.406912, 22.945502]], [[89.293142, 22.600124], [89.290619, 22.606635], [89.288259, 22.616482], [89.281993, 22.627387], [89.273367, 22.635606], [89.263438, 22.637722], [89.257253, 22.63349], [89.255056, 22.626085], [89.255951, 22.606635], [89.259288, 22.598253], [89.265636, 22.589423], [89.27003, 22.580756], [89.266775, 22.572537], [89.255626, 22.561347], [89.250987, 22.553412], [89.249929, 22.545518], [89.249766, 22.534613], [89.252371, 22.512274], [89.261241, 22.495185], [89.290619, 22.465766], [89.271007, 22.458808], [89.258393, 22.443671], [89.255056, 22.424262], [89.263438, 22.404324], [89.251964, 22.393337], [89.25294, 22.381212], [89.262462, 22.368516], [89.277192, 22.355902], [89.265717, 22.337266], [89.27532, 22.31269], [89.295909, 22.291083], [89.317963, 22.281358], [89.30714, 22.260118], [89.305756, 22.24197], [89.342296, 22.130561], [89.351492, 22.127712], [89.358979, 22.120795], [89.364024, 22.112657], [89.365815, 22.106024], [89.368093, 22.103624], [89.383556, 22.092393], [89.387299, 22.086697], [89.385753, 22.08393], [89.382091, 22.082099], [89.380056, 22.079047], [89.376394, 22.063788], [89.367198, 22.048855], [89.345307, 22.020697], [89.350678, 22.012274], [89.35255, 22.000271], [89.352143, 21.972276]], [[89.293142, 22.600124], [89.293061, 22.597968]], [[89.475678, 22.29503], [89.454112, 22.317003], [89.444347, 22.334052], [89.441498, 22.352159], [89.440115, 22.398993], [89.431244, 22.464708], [89.420665, 22.492051], [89.42213, 22.503485], [89.427419, 22.516303], [89.425548, 22.5338], [89.408376, 22.562323], [89.393891, 22.575629], [89.354015, 22.594916], [89.345307, 22.602891], [89.330658, 22.593451], [89.312592, 22.586982], [89.297293, 22.589382], [89.293142, 22.600124]]]}}, {"type": "Feature", "properties": {"name": "Penner", "name_alt": null, "scalerank": 7.0}, "geometry": {"type": "MultiLineString", "coordinates": [[[77.572765, 13.406806], [77.597179, 13.420233], [77.609304, 13.434882], [77.613292, 13.451768], [77.613699, 13.471991], [77.610444, 13.477566], [77.596446, 13.494005], [77.593272, 13.499579], [77.589854, 13.51142], [77.582042, 13.516384], [77.572846, 13.518744], [77.565359, 13.522895], [77.561046, 13.529568], [77.555431, 13.544501], [77.551687, 13.550808], [77.532807, 13.562364], [77.522227, 13.571112], [77.517507, 13.581855], [77.514415, 13.599555], [77.487071, 13.663398], [77.479584, 13.694281], [77.473888, 13.759955], [77.463878, 13.802436], [77.462901, 13.82453], [77.471121, 13.842231], [77.485281, 13.863389], [77.494395, 13.884833], [77.487071, 13.903347], [77.480968, 13.912706], [77.47755, 13.935492], [77.473155, 13.944932], [77.464692, 13.952745], [77.441824, 13.969102], [77.429291, 13.983995], [77.418712, 14.004584], [77.415294, 14.027045], [77.434011, 14.064276], [77.433523, 14.083604], [77.396414, 14.179267], [77.390554, 14.188259], [77.372651, 14.195136], [77.365164, 14.211737], [77.347911, 14.320828], [77.342784, 14.335313], [77.340424, 14.339911], [77.338878, 14.350165], [77.335948, 14.352118], [77.331716, 14.35338], [77.319347, 14.360134], [77.31544, 14.362982], [77.312592, 14.367296], [77.311615, 14.372341], [77.312022, 14.383124], [77.310069, 14.391425], [77.306082, 14.392442], [77.301199, 14.391547], [77.297781, 14.393663], [77.283702, 14.439561], [77.280528, 14.465033], [77.288097, 14.476264], [77.307058, 14.481553], [77.312592, 14.495673], [77.305186, 14.537665], [77.285167, 14.577501], [77.278087, 14.598415], [77.284679, 14.61282], [77.271902, 14.642442], [77.266043, 14.669379], [77.271007, 14.692084], [77.291515, 14.709011], [77.282156, 14.726101], [77.283214, 14.739203], [77.288503, 14.753363], [77.293061, 14.788194], [77.29713, 14.801215], [77.310557, 14.833075], [77.312022, 14.842475], [77.328217, 14.866645], [77.365245, 14.8758], [77.406749, 14.881212], [77.435557, 14.893988], [77.442475, 14.888048], [77.44866, 14.888007], [77.462901, 14.893988], [77.465017, 14.895941], [77.501964, 14.914252], [77.513194, 14.914984], [77.53476, 14.913845], [77.539561, 14.916775], [77.559093, 14.935574], [77.572683, 14.94184], [77.59547, 14.949246], [77.619721, 14.952175], [77.63795, 14.945136], [77.653087, 14.937079], [77.696707, 14.932563], [77.716807, 14.928087], [77.757091, 14.903673], [77.781179, 14.898546], [77.791921, 14.917548], [77.796886, 14.92182], [77.821056, 14.927924], [77.829275, 14.93183], [77.866954, 14.95539], [77.904877, 14.962226], [77.930919, 14.963975], [77.942556, 14.958808], [77.950694, 14.945136], [77.969656, 14.937527], [78.010916, 14.928087], [78.032725, 14.915798], [78.052419, 14.900824], [78.074229, 14.871527], [78.076101, 14.866645], [78.085053, 14.864447], [78.11085, 14.852362], [78.145112, 14.853339], [78.154877, 14.852362], [78.17685, 14.841864], [78.218272, 14.810574], [78.240652, 14.803982], [78.247813, 14.806912], [78.272227, 14.821967], [78.277354, 14.824042], [78.306407, 14.831855], [78.3449, 14.861843], [78.356944, 14.866645], [78.36378, 14.861884], [78.369151, 14.850775], [78.372813, 14.83808], [78.374034, 14.828803], [78.377452, 14.823106], [78.401378, 14.811387], [78.432872, 14.78913], [78.449229, 14.780626], [78.466807, 14.777289], [78.479421, 14.772284], [78.538503, 14.736355], [78.549734, 14.725043], [78.567149, 14.701361], [78.580089, 14.688503], [78.594249, 14.679755], [78.641612, 14.66059], [78.672537, 14.63699], [78.685151, 14.617703], [78.689464, 14.61282], [78.703705, 14.604112], [78.716075, 14.602607], [78.747651, 14.605984], [78.756847, 14.602403], [78.761974, 14.594306], [78.766043, 14.58515], [78.771902, 14.57864], [78.778412, 14.577257], [78.802664, 14.57864], [78.815196, 14.574815], [78.832286, 14.565863], [78.847341, 14.555528], [78.857188, 14.543891], [78.878347, 14.506659], [78.89088, 14.495185], [78.928966, 14.468777], [78.941824, 14.475775], [78.964854, 14.47248], [78.977306, 14.476264], [78.991628, 14.465888], [79.007498, 14.456977], [79.024425, 14.45071], [79.042247, 14.44831], [79.083507, 14.465399], [79.095225, 14.472846], [79.105072, 14.473334], [79.113699, 14.46894], [79.121349, 14.461982], [79.12672, 14.452989], [79.12851, 14.443956], [79.131928, 14.435411], [79.141775, 14.427802], [79.150076, 14.426134], [79.156179, 14.428778], [79.162608, 14.432685], [79.172862, 14.434638], [79.189464, 14.442247], [79.206391, 14.475653], [79.224376, 14.4831], [79.233816, 14.479926], [79.243663, 14.465766], [79.251069, 14.461982], [79.26295, 14.462917], [79.273204, 14.467068], [79.281993, 14.47309], [79.289236, 14.479682], [79.306895, 14.492499], [79.346121, 14.508734], [79.416108, 14.547634], [79.426362, 14.560858], [79.45045, 14.567694], [79.498057, 14.571234], [79.539073, 14.57864], [79.550141, 14.575792], [79.564708, 14.566921], [79.570242, 14.565009], [79.572276, 14.563585], [79.578705, 14.55683], [79.582123, 14.550157], [79.587169, 14.552029], [79.592865, 14.555976], [79.597341, 14.558173], [79.605561, 14.559597], [79.651378, 14.582628], [79.669932, 14.589219], [79.689382, 14.592231], [79.714122, 14.592963], [79.735281, 14.587673], [79.752208, 14.575385], [79.778575, 14.550727], [79.819591, 14.531317], [79.839692, 14.515408], [79.848155, 14.492987], [79.916515, 14.476264], [79.923269, 14.477362], [79.937511, 14.482489], [79.943858, 14.4831], [79.951915, 14.479804], [79.95696, 14.474962], [79.963145, 14.470649], [79.974864, 14.468777], [79.998546, 14.4713], [80.01588, 14.478339], [80.046153, 14.502956], [80.052745, 14.509548], [80.060639, 14.519477], [80.066661, 14.523993], [80.075613, 14.527411], [80.092459, 14.528022], [80.101329, 14.530219], [80.115733, 14.539089], [80.1338, 14.557237], [80.149099, 14.565009]]]}}, {"type": "Feature", "properties": {"name": "Indus", "name_alt": null, "scalerank": 3.0}, "geometry": {"type": "MultiLineString", "coordinates": [[[72.781668, 34.622504], [72.783214, 34.61282], [72.802257, 34.576768], [72.801524, 34.558295], [72.789154, 34.52322], [72.788666, 34.514228], [72.801524, 34.503933], [72.826264, 34.498358], [72.836681, 34.481024], [72.832449, 34.459499], [72.829519, 34.440619], [72.826671, 34.414903], [72.827891, 34.393175], [72.838634, 34.375841], [72.845307, 34.35456], [72.85019, 34.321153], [72.852468, 34.287787], [72.842459, 34.255072], [72.836681, 34.221015], [72.838796, 34.194688], [72.8331, 34.168321], [72.813731, 34.144843], [72.789154, 34.127956], [72.760671, 34.115831], [72.740001, 34.105089], [72.721446, 34.09337], [72.707042, 34.085557]]]}}, {"type": "Feature", "properties": {"name": "Indus", "name_alt": null, "scalerank": 3.0}, "geometry": {"type": "MultiLineString", "coordinates": [[[72.70696, 34.085517], [72.667491, 34.05919], [72.651866, 34.043524], [72.645763, 34.023261], [72.63323, 34.01378], [72.604991, 34.013373], [72.509532, 34.02265], [72.467459, 34.020453], [72.430675, 34.011298], [72.398692, 33.993191], [72.36671, 33.969346], [72.348399, 33.961005], [72.254975, 33.944403], [72.240326, 33.937934], [72.225841, 33.901231], [72.241303, 33.804796], [72.23406, 33.765977], [72.223155, 33.774237], [72.210867, 33.776475], [72.198253, 33.773505], [72.186453, 33.765977], [72.171886, 33.773057], [72.152599, 33.777289], [72.114757, 33.779649], [72.087413, 33.789903], [72.082937, 33.788153], [72.062918, 33.765977], [72.052826, 33.76085], [72.031749, 33.753974], [72.021902, 33.746161], [72.010183, 33.71601], [72.004893, 33.711371], [71.999034, 33.703437], [71.97934, 33.664496], [71.974132, 33.64997], [71.971772, 33.598212], [71.953136, 33.570502], [71.953054, 33.559882], [71.955577, 33.547146], [71.953054, 33.526435], [71.944753, 33.515652], [71.901785, 33.488552], [71.897065, 33.481635], [71.892507, 33.467963], [71.888194, 33.461249], [71.879405, 33.45185], [71.873546, 33.443468], [71.872569, 33.434516], [71.87794, 33.423407], [71.867768, 33.420844], [71.863373, 33.41531], [71.859386, 33.408759], [71.850597, 33.40351], [71.841807, 33.402167], [71.812755, 33.40351], [71.796804, 33.40001], [71.740733, 33.375556], [71.723155, 33.355251], [71.722341, 33.336127], [71.725027, 33.318671], [71.716889, 33.303575], [71.704682, 33.289618], [71.698985, 33.272528], [71.703217, 33.256537], [71.720876, 33.245876], [71.712901, 33.245876], [71.726573, 33.231147], [71.740733, 33.219428], [71.751069, 33.20539], [71.754405, 33.183783], [71.749522, 33.163438], [71.740245, 33.14997], [71.729584, 33.139716], [71.720876, 33.129177], [71.712901, 33.110867], [71.710948, 33.094306], [71.712901, 33.054063], [71.718761, 33.037177], [71.718435, 33.029405], [71.699474, 33.022813], [71.694021, 33.015082], [71.690684, 33.005968], [71.685476, 32.998847], [71.649343, 32.978624], [71.611095, 32.964057], [71.599539, 32.961859], [71.572765, 32.960639], [71.549408, 32.954169], [71.551687, 32.955593], [71.541921, 32.952948], [71.533783, 32.949083], [71.526947, 32.943386], [71.512706, 32.920193], [71.506765, 32.914822], [71.498139, 32.910712], [71.461925, 32.897976], [71.448009, 32.887274], [71.437511, 32.868964], [71.430268, 32.842556], [71.426036, 32.83454], [71.409109, 32.816433], [71.40504, 32.808946], [71.403087, 32.790107], [71.412852, 32.753119], [71.414073, 32.734402], [71.411713, 32.725653], [71.407725, 32.718777], [71.402436, 32.713324], [71.396088, 32.709011], [71.364187, 32.695014], [71.354503, 32.68891], [71.340587, 32.673692], [71.331472, 32.656073], [71.325857, 32.636786], [71.322765, 32.616482], [71.323416, 32.593573], [71.329682, 32.574286], [71.348074, 32.535264], [71.350841, 32.52501], [71.346609, 32.432318], [71.340587, 32.415107], [71.331472, 32.399278], [71.293875, 32.356147], [71.283376, 32.339911], [71.278738, 32.322333], [71.278331, 32.302029], [71.276459, 32.292589], [71.271902, 32.282823], [71.251964, 32.254503], [71.247162, 32.243516], [71.236501, 32.20185], [71.22877, 32.181749], [71.215587, 32.165473], [71.206716, 32.159695], [71.177664, 32.147162], [71.167898, 32.140815], [71.132091, 32.105821], [71.123464, 32.094062], [71.117198, 32.081122], [71.114675, 32.066514], [71.11435, 32.047471], [71.112315, 32.039008], [71.106944, 32.030544], [71.070242, 31.999091], [71.054698, 31.982204], [71.036876, 31.940212], [71.023041, 31.925849], [71.007335, 31.912909], [70.992768, 31.897895], [70.983409, 31.879259], [70.973888, 31.83869], [70.966807, 31.818915], [70.923595, 31.744452], [70.905772, 31.721462], [70.899343, 31.709581], [70.899343, 31.695136], [70.904226, 31.678819], [70.904714, 31.672919], [70.903331, 31.663682], [70.826752, 31.489447], [70.801036, 31.453681], [70.795421, 31.440945], [70.791433, 31.426337], [70.788178, 31.379665], [70.767507, 31.263983], [70.768077, 31.249823], [70.771495, 31.235948], [70.781668, 31.209296], [70.784434, 31.195136], [70.788829, 31.138251], [70.793386, 31.125434], [70.814057, 31.09162], [70.818614, 31.078152], [70.835867, 30.977607], [70.835216, 30.948269], [70.829031, 30.919867], [70.819347, 30.883857], [70.814708, 30.872667], [70.796886, 30.846747], [70.765554, 30.813056], [70.757253, 30.801703], [70.75172, 30.789008], [70.750011, 30.774441], [70.751231, 30.766425], [70.759939, 30.74433], [70.762136, 30.736843], [70.765717, 30.695095], [70.771414, 30.677314], [70.780772, 30.661322], [70.814464, 30.625434], [70.830333, 30.599433], [70.841726, 30.57099], [70.848074, 30.542019], [70.849701, 30.522325], [70.84905, 30.502997], [70.84547, 30.484076], [70.835541, 30.456977], [70.829845, 30.416571], [70.815196, 30.363959], [70.811046, 30.356147], [70.805186, 30.349718], [70.785085, 30.33747], [70.779552, 30.331366], [70.774018, 30.315863], [70.775076, 30.298448], [70.780528, 30.28144], [70.80185, 30.237657], [70.812266, 30.225653], [70.815929, 30.219509], [70.817312, 30.210517], [70.816417, 30.20246], [70.805431, 30.171007], [70.803722, 30.162299], [70.80185, 30.109442], [70.806163, 30.093533], [70.835053, 30.053412], [70.838878, 30.018378], [70.834239, 29.946885], [70.83546, 29.938666], [70.843272, 29.916571], [70.844737, 29.908026], [70.844168, 29.89997], [70.830007, 29.854763], [70.823741, 29.841417], [70.812999, 29.829413], [70.805431, 29.824978], [70.788503, 29.819119], [70.780772, 29.814521], [70.775076, 29.808905], [70.770763, 29.802436], [70.76767, 29.795274], [70.763194, 29.771674], [70.760509, 29.765001], [70.755056, 29.758124], [70.728282, 29.732123], [70.701182, 29.696641], [70.689138, 29.686143], [70.668956, 29.673367], [70.663097, 29.66828], [70.658702, 29.661241], [70.653412, 29.637274], [70.635346, 29.600653], [70.6338, 29.591986], [70.633556, 29.582465], [70.635753, 29.564073], [70.644542, 29.545966], [70.659434, 29.53738], [70.676768, 29.531358], [70.692882, 29.521186], [70.700287, 29.506049], [70.702159, 29.486151], [70.700206, 29.448188], [70.701182, 29.438422], [70.704112, 29.431098], [70.714692, 29.416612], [70.718842, 29.40823], [70.720307, 29.399604], [70.719249, 29.390733], [70.716319, 29.381456], [70.708751, 29.366645], [70.680593, 29.32453], [70.67628, 29.307644], [70.675385, 29.272406], [70.67213, 29.254706], [70.668712, 29.248074], [70.659434, 29.236436], [70.648204, 29.215115], [70.649343, 29.187283], [70.651947, 29.173896], [70.661632, 29.14822], [70.667898, 29.123603], [70.667898, 29.083808], [70.665294, 29.070624], [70.660167, 29.058783], [70.652192, 29.049669], [70.641856, 29.043809], [70.630382, 29.040351], [70.59075, 29.033637], [70.577566, 29.029649], [70.565033, 29.023261], [70.555268, 29.015408], [70.525971, 28.975898], [70.476003, 28.922675], [70.466075, 28.916124], [70.436534, 28.911566], [70.404063, 28.915595], [70.373627, 28.914618], [70.350108, 28.895128], [70.34547, 28.883409], [70.339122, 28.858954], [70.333914, 28.84752], [70.326264, 28.837958], [70.276378, 28.792507], [70.252371, 28.777615], [70.156749, 28.745429], [70.144135, 28.738959], [70.132742, 28.728949], [70.107351, 28.69241], [70.095795, 28.682644], [70.054698, 28.666612], [70.043061, 28.659247], [70.037364, 28.650255], [70.035574, 28.639268], [70.03655, 28.625922], [70.028575, 28.597927], [70.003022, 28.586737], [69.940929, 28.581651], [69.926768, 28.576972], [69.91505, 28.569525], [69.893565, 28.550116], [69.882498, 28.542263], [69.871186, 28.538438], [69.82366, 28.533515], [69.801768, 28.528428], [69.781016, 28.520453], [69.762218, 28.509101], [69.752533, 28.499864], [69.746349, 28.489773], [69.724701, 28.416083], [69.716563, 28.40119], [69.708263, 28.391872], [69.678315, 28.37462], [69.6692, 28.366034], [69.66269, 28.355496], [69.652599, 28.332384], [69.64503, 28.320624], [69.585378, 28.258612], [69.573334, 28.250271], [69.561127, 28.245673], [69.535737, 28.239691], [69.523529, 28.234971], [69.500011, 28.220811], [69.487804, 28.21601], [69.473888, 28.215399], [69.432709, 28.231879], [69.419526, 28.232449], [69.410574, 28.225775], [69.405691, 28.214179], [69.400483, 28.189643], [69.395763, 28.176052], [69.388764, 28.16295], [69.378998, 28.152371], [69.365896, 28.146308], [69.338308, 28.150458], [69.312022, 28.164008], [69.288097, 28.169745], [69.2671, 28.150702], [69.259369, 28.138129], [69.25058, 28.12934], [69.23935, 28.124091], [69.224376, 28.121934], [69.194835, 28.121894], [69.180756, 28.11876], [69.1692, 28.110175], [69.162852, 28.098497], [69.153331, 28.073432], [69.144786, 28.062812], [69.131358, 28.056179], [69.116954, 28.054999], [69.074311, 28.064276], [69.06129, 28.065619], [69.048432, 28.065131], [69.034923, 28.06269], [69.036225, 28.034939], [69.035574, 28.030585], [69.026134, 28.001776], [69.021902, 27.992499], [69.016124, 27.984076], [68.998953, 27.972113], [68.980886, 27.970974], [68.932872, 27.985907], [68.927826, 27.986518], [68.922537, 27.98432], [68.918712, 27.979682], [68.917491, 27.974229], [68.918224, 27.968451], [68.920421, 27.962917], [68.926768, 27.952989], [68.942963, 27.936143], [68.949636, 27.926296], [68.953624, 27.915229], [68.955089, 27.903754], [68.953543, 27.880439], [68.949962, 27.868272], [68.943126, 27.86164], [68.933197, 27.858588], [68.895112, 27.853705], [68.882742, 27.849433], [68.87322, 27.842597], [68.870372, 27.837917], [68.862641, 27.820014], [68.860932, 27.813585], [68.860769, 27.807563], [68.863048, 27.794989], [68.87794, 27.782538], [68.884044, 27.782416], [68.890717, 27.780219], [68.896088, 27.77615], [68.898204, 27.770535], [68.917898, 27.766425], [68.940684, 27.758653], [68.955577, 27.745876], [68.951752, 27.726426], [68.932628, 27.710273], [68.882091, 27.691474], [68.835867, 27.667996], [68.813406, 27.663113], [68.791026, 27.666938], [68.768891, 27.680732], [68.749929, 27.699734], [68.734386, 27.721706], [68.717052, 27.766872], [68.699229, 27.784857], [68.676524, 27.790351], [68.65797, 27.781684], [68.65211, 27.757188], [68.655284, 27.732733], [68.653738, 27.721137], [68.646576, 27.711046], [68.635671, 27.705268], [68.623057, 27.703192], [68.609955, 27.703803], [68.575857, 27.710069], [68.565522, 27.70954], [68.554698, 27.705512], [68.542572, 27.696397], [68.522065, 27.674262], [68.510671, 27.66474], [68.48878, 27.662462], [68.468191, 27.672187], [68.449718, 27.676581], [68.433849, 27.658026], [68.424327, 27.635443], [68.416596, 27.627387], [68.404552, 27.623603], [68.37794, 27.624538], [68.365164, 27.623399], [68.352794, 27.617743], [68.344737, 27.609646], [68.332612, 27.590155], [68.325287, 27.581366], [68.29835, 27.56448], [68.291108, 27.556912], [68.289236, 27.534613], [68.326182, 27.499294], [68.331472, 27.477647], [68.324962, 27.464789], [68.305675, 27.442328], [68.29835, 27.429796], [68.296967, 27.418769], [68.300873, 27.409532], [68.315684, 27.393622], [68.326671, 27.374132], [68.316987, 27.364081], [68.296641, 27.361151], [68.274832, 27.362738], [68.247081, 27.368354], [68.232921, 27.369656], [68.219249, 27.367865], [68.20989, 27.363105], [68.15325, 27.300727], [68.146495, 27.27912], [68.162201, 27.259792], [68.19752, 27.244818], [68.205496, 27.235948], [68.206716, 27.224677], [68.201671, 27.214871], [68.192393, 27.207221], [68.182384, 27.202257], [68.161388, 27.200548], [68.134288, 27.201524], [68.108979, 27.198757], [68.094168, 27.185858], [68.094249, 27.175727], [68.099213, 27.165473], [68.111746, 27.147162], [68.117768, 27.133979], [68.120697, 27.120632], [68.119558, 27.107245], [68.113292, 27.094102], [68.074474, 27.053412], [68.051036, 27.021918], [68.040945, 27.013373], [68.000011, 26.991563], [67.976085, 26.969672], [67.966726, 26.964423], [67.955333, 26.962348], [67.943858, 26.963731], [67.92213, 26.972032], [67.913015, 26.965644], [67.908702, 26.957058], [67.908132, 26.947089], [67.917003, 26.914374], [67.917084, 26.90294], [67.914236, 26.891181], [67.904714, 26.867051], [67.901785, 26.861762], [67.894623, 26.852078], [67.892589, 26.846544], [67.891694, 26.83279], [67.902599, 26.794135], [67.905284, 26.768256], [67.904714, 26.742051], [67.902436, 26.717393], [67.900645, 26.711127], [67.890554, 26.694363], [67.884939, 26.681952], [67.881358, 26.669867], [67.879405, 26.657335], [67.878998, 26.643826], [67.88087, 26.63349], [67.884858, 26.624538], [67.891124, 26.616523], [67.911225, 26.598253], [67.920421, 26.586778], [67.926036, 26.573676], [67.927338, 26.557929], [67.922862, 26.537177], [67.922374, 26.530056], [67.924734, 26.505723], [67.927013, 26.498969], [67.919526, 26.471706], [67.918712, 26.46129], [67.91684, 26.451443], [67.913503, 26.442003], [67.908295, 26.432929], [67.88974, 26.410468], [67.886322, 26.401801], [67.889903, 26.385688], [67.917084, 26.358222], [67.927419, 26.34394], [67.931895, 26.325548], [67.9345, 26.287218], [67.939057, 26.26907], [67.952566, 26.255194], [67.972341, 26.24962], [67.993744, 26.246121], [68.012136, 26.238145], [68.018565, 26.230902], [68.02239, 26.222683], [68.02825, 26.204861], [68.033214, 26.19656], [68.039968, 26.190741], [68.047944, 26.186713], [68.094168, 26.174587], [68.110362, 26.166327], [68.124115, 26.152371], [68.128998, 26.143744], [68.132091, 26.134711], [68.133393, 26.125271], [68.133311, 26.115424], [68.127208, 26.088324], [68.127208, 26.079291], [68.13616, 26.062079], [68.153331, 26.047146], [68.207286, 26.012519], [68.221446, 25.999823], [68.233002, 25.98489], [68.241954, 25.966173], [68.252533, 25.932644], [68.259939, 25.916693], [68.271088, 25.903266], [68.28655, 25.893378], [68.318451, 25.878241], [68.331554, 25.865505], [68.341401, 25.852891], [68.347097, 25.847846], [68.35434, 25.843573], [68.38323, 25.832587], [68.391368, 25.82685], [68.397716, 25.809597], [68.385753, 25.795274], [68.365815, 25.784288], [68.349132, 25.777289], [68.331391, 25.765815], [68.321869, 25.750515], [68.322683, 25.732937], [68.33489, 25.714789], [68.353445, 25.702908], [68.396495, 25.689276], [68.41627, 25.678656], [68.426362, 25.661241], [68.416108, 25.646837], [68.39739, 25.633979], [68.382335, 25.621161], [68.378835, 25.603461], [68.393972, 25.567816], [68.39267, 25.54918], [68.380382, 25.535346], [68.362397, 25.527045], [68.343191, 25.520779], [68.325857, 25.512885], [68.314464, 25.498806], [68.315033, 25.48371], [68.327891, 25.451036], [68.326264, 25.435411], [68.310639, 25.409288], [68.309825, 25.395331], [68.315522, 25.385281], [68.332042, 25.371609], [68.339447, 25.363593], [68.344168, 25.352851], [68.349132, 25.279324], [68.347179, 25.272081], [68.343516, 25.265977], [68.332774, 25.25495], [68.313569, 25.241482], [68.30836, 25.236029], [68.304291, 25.228054], [68.301768, 25.218329], [68.301199, 25.208319], [68.302745, 25.19953], [68.311615, 25.188178], [68.355561, 25.16474], [68.360769, 25.160264], [68.365896, 25.154812], [68.369884, 25.148464], [68.370535, 25.141791], [68.366222, 25.134833], [68.358002, 25.131619], [68.348643, 25.130968], [68.32252, 25.134955], [68.306651, 25.135606], [68.294688, 25.129096], [68.28948, 25.110622], [68.288666, 25.10102], [68.287039, 25.093126], [68.283702, 25.085801], [68.272553, 25.070014], [68.268565, 25.06212], [68.266368, 25.053656], [68.266531, 25.044053], [68.273448, 25.00963], [68.273692, 24.992743], [68.2671, 24.976345], [68.260834, 24.969265], [68.253347, 24.964545], [68.245128, 24.963731], [68.237071, 24.968207], [68.231212, 24.976426], [68.222585, 24.995225], [68.215424, 25.002631], [68.197765, 25.006374], [68.180593, 24.998236], [68.165457, 24.98432], [68.142589, 24.956488], [68.134776, 24.941474], [68.132253, 24.925238], [68.136811, 24.907416], [68.144135, 24.895209], [68.146495, 24.888861], [68.145518, 24.881619], [68.140636, 24.874091], [68.133067, 24.869005], [68.123953, 24.866278], [68.115001, 24.86579], [68.078705, 24.875922], [68.060639, 24.877305], [68.044037, 24.868354], [68.037527, 24.853461], [68.042247, 24.839138], [68.050222, 24.824734], [68.053315, 24.809516], [68.047455, 24.790717], [68.036062, 24.77497], [68.009207, 24.746161], [68.001069, 24.732245], [67.986827, 24.687567], [67.970307, 24.656317], [67.968761, 24.64114], [67.978445, 24.625067], [68.003998, 24.601142], [68.010509, 24.587348], [68.006765, 24.569892], [68.002045, 24.562323], [67.996593, 24.555976], [67.990245, 24.550727], [67.966889, 24.53852], [67.960948, 24.532823], [67.957937, 24.524482], [67.958263, 24.516547], [67.967377, 24.494167], [67.97169, 24.479438], [67.974132, 24.464301], [67.974213, 24.45657], [67.973074, 24.44953], [67.970307, 24.442898], [67.966319, 24.436306], [67.956716, 24.43122], [67.943858, 24.432196], [67.920095, 24.436713], [67.915294, 24.435248], [67.900645, 24.427069], [67.877208, 24.420681], [67.858897, 24.418809], [67.849539, 24.416612], [67.843354, 24.411892], [67.842052, 24.403388], [67.846202, 24.396104], [67.858653, 24.383857], [67.863536, 24.375841], [67.867931, 24.366034], [67.870535, 24.35578], [67.870046, 24.346462], [67.854747, 24.333319], [67.830333, 24.339138], [67.805431, 24.348456], [67.788097, 24.3463], [67.784679, 24.336046], [67.78769, 24.325019], [67.794363, 24.314724], [67.801524, 24.306667], [67.819021, 24.29267], [67.826101, 24.284857], [67.830333, 24.273871], [67.8296, 24.263536], [67.824799, 24.255194], [67.816824, 24.2508], [67.80657, 24.252387], [67.788097, 24.266547], [67.778087, 24.271308], [67.766531, 24.269314], [67.758067, 24.261013], [67.755626, 24.250271], [67.756358, 24.227159], [67.753184, 24.20539], [67.749929, 24.19477], [67.745209, 24.185085], [67.737804, 24.17414], [67.729747, 24.166571], [67.719819, 24.163682], [67.707042, 24.166612], [67.687022, 24.174872], [67.676768, 24.175605], [67.666026, 24.171576], [67.659679, 24.166124], [67.65504, 24.159125], [67.652273, 24.15115], [67.651296, 24.14289], [67.653331, 24.132839], [67.661632, 24.114447], [67.663585, 24.106431]], [[79.437266, 32.738105], [79.422374, 32.752712], [79.399343, 32.792751], [79.356944, 32.850694], [79.336436, 32.860419], [79.327403, 32.868476], [79.317882, 32.908271], [79.308604, 32.928168], [79.289236, 32.936794], [79.284272, 32.94005], [79.273692, 32.954617], [79.268891, 32.957831], [79.224376, 32.970893], [79.181895, 32.989325], [79.152354, 33.015408], [79.100841, 33.080756], [78.955333, 33.201239], [78.935802, 33.211127], [78.924083, 33.212836], [78.91505, 33.210395], [78.906993, 33.206732], [78.898529, 33.204901], [78.797781, 33.153103], [78.78655, 33.14997], [78.771902, 33.149685], [78.760834, 33.152289], [78.734386, 33.163275], [78.710948, 33.165351], [78.592377, 33.207872], [78.576671, 33.211127], [78.570567, 33.216498], [78.559093, 33.240424], [78.548757, 33.245876], [78.538259, 33.247585], [78.511241, 33.259548], [78.433523, 33.282416], [78.406261, 33.299425], [78.366303, 33.344062], [78.353038, 33.354682], [78.335867, 33.360297], [78.3095, 33.361925], [78.291026, 33.365505], [78.276541, 33.374294], [78.25172, 33.396674], [78.195811, 33.432888], [78.162608, 33.461859], [78.152273, 33.46894], [78.149099, 33.479844], [78.158376, 33.525336], [78.157807, 33.54796], [78.149832, 33.566514], [78.131358, 33.574246], [78.100841, 33.577826], [78.092459, 33.588406], [78.090831, 33.605536], [78.079845, 33.628852], [78.066987, 33.638129], [78.022472, 33.659451], [78.007823, 33.663601], [77.996511, 33.673936], [77.958751, 33.722846], [77.942556, 33.738715], [77.884207, 33.769151], [77.870372, 33.773464], [77.858409, 33.780382], [77.733897, 33.921983], [77.660411, 34.029324], [77.593272, 34.088162], [77.556163, 34.113471], [77.53419, 34.124538], [77.5053, 34.131212], [77.497569, 34.135077], [77.488862, 34.136908], [77.466563, 34.130439], [77.433604, 34.128485], [77.421316, 34.129096], [77.339366, 34.160183], [77.333751, 34.1824], [77.319591, 34.196153], [77.299571, 34.202989], [77.277354, 34.20421], [77.272716, 34.202012], [77.269135, 34.193386], [77.263682, 34.191189], [77.257091, 34.19184], [77.252208, 34.193915], [77.248057, 34.196234], [77.23349, 34.20128], [77.217052, 34.209906], [77.196788, 34.212958], [77.184093, 34.216498], [77.172862, 34.221991], [77.167979, 34.229031], [77.164073, 34.237372], [77.154714, 34.23725], [77.143484, 34.233913], [77.133881, 34.232123], [77.112722, 34.237576], [77.07073, 34.255561], [77.043386, 34.26199], [77.036143, 34.268866], [77.032481, 34.278835], [77.031505, 34.290798], [76.990001, 34.307888], [76.904307, 34.307888], [76.887706, 34.311143], [76.842784, 34.330349], [76.788585, 34.37169], [76.772716, 34.389512], [76.770274, 34.403428], [76.737722, 34.424262], [76.694021, 34.44123], [76.6845, 34.447821], [76.625092, 34.518826], [76.611827, 34.54267], [76.600108, 34.554267], [76.584402, 34.5633], [76.538097, 34.574774], [76.523448, 34.582628], [76.490245, 34.608913], [76.449474, 34.631415], [76.435069, 34.636827], [76.387462, 34.64411], [76.372976, 34.649848], [76.372976, 34.643622], [76.334239, 34.657986], [76.316824, 34.667792], [76.300873, 34.680854], [76.242686, 34.746039], [76.234386, 34.752305], [76.220876, 34.760321], [76.215343, 34.766547], [76.210378, 34.777371], [76.203217, 34.802558], [76.189871, 34.829901], [76.190359, 34.853054], [76.195404, 34.87519], [76.201671, 34.890692], [76.206391, 34.897081], [76.218028, 34.908515], [76.222748, 34.917344], [76.224864, 34.931423], [76.221934, 34.941026], [76.217459, 34.948188], [76.215343, 34.954901], [76.210216, 34.95893], [76.185802, 34.965115], [76.177745, 34.968858], [76.15032, 34.989285], [76.12322, 35.016384], [76.075613, 35.051134], [76.06129, 35.066474], [76.052664, 35.072577], [76.041108, 35.075019], [76.038259, 35.077012], [76.03655, 35.087592], [76.034272, 35.092393], [76.027436, 35.096055], [76.011241, 35.09455], [76.003673, 35.096137], [75.957449, 35.148261], [75.945323, 35.157009], [75.921641, 35.165554], [75.914968, 35.185614], [75.915619, 35.208564], [75.914236, 35.225857], [75.90797, 35.234442], [75.90089, 35.238471], [75.893565, 35.241278], [75.886974, 35.246365], [75.882498, 35.254259], [75.874604, 35.275946], [75.859386, 35.303046], [75.85377, 35.324042], [75.843272, 35.341376], [75.817963, 35.349392], [75.79713, 35.34337], [75.768077, 35.31448], [75.746349, 35.307807], [75.726492, 35.308051], [75.721283, 35.311062], [75.712169, 35.318386], [75.699962, 35.322862], [75.689138, 35.319159], [75.67864, 35.312323], [75.667247, 35.307807], [75.635916, 35.314154], [75.486095, 35.415595], [75.46933, 35.431098], [75.462413, 35.448065], [75.451752, 35.46015], [75.427175, 35.471137], [75.399506, 35.476671], [75.379812, 35.472276], [75.362804, 35.485907], [75.352468, 35.505316], [75.347097, 35.527859], [75.345714, 35.551093], [75.339366, 35.575303], [75.323253, 35.585639], [75.105479, 35.602607], [75.085948, 35.601752], [75.080007, 35.603583], [75.07073, 35.609442], [75.061534, 35.618842], [75.055756, 35.627875], [75.048269, 35.63463], [75.033214, 35.637315], [74.989268, 35.640082], [74.967296, 35.644314], [74.948334, 35.650987], [74.938569, 35.657172], [74.920502, 35.678331], [74.88974, 35.701931], [74.872488, 35.711737], [74.850108, 35.716864], [74.772716, 35.717963], [74.76295, 35.719306], [74.745209, 35.724148], [74.739757, 35.728339], [74.742442, 35.749701], [74.747488, 35.768663], [74.747081, 35.777167], [74.72462, 35.785997], [74.722911, 35.798285], [74.728608, 35.822333], [74.726573, 35.836371], [74.72462, 35.841579], [74.656749, 35.842841], [74.638927, 35.836371], [74.630463, 35.820868], [74.629161, 35.802436], [74.632498, 35.786933], [74.639171, 35.777371], [74.64503, 35.77558], [74.648204, 35.772895], [74.646902, 35.760281], [74.641205, 35.759467], [74.629487, 35.749538], [74.621674, 35.737901], [74.629161, 35.732367], [74.635183, 35.728705], [74.644054, 35.720079], [74.650483, 35.710028], [74.649913, 35.701931], [74.611339, 35.671495], [74.609467, 35.660509], [74.611339, 35.649522], [74.624278, 35.620144], [74.628673, 35.613715], [74.631602, 35.606228], [74.632498, 35.527452], [74.607188, 35.495795], [74.564708, 35.483669], [74.516694, 35.478135], [74.474864, 35.466091], [74.459565, 35.453559], [74.443614, 35.437445], [74.42571, 35.423529], [74.403575, 35.41767], [74.317882, 35.41767], [74.27003, 35.427558], [74.246674, 35.426703], [74.207042, 35.404893], [74.183442, 35.402655], [74.15919, 35.405341], [74.139659, 35.410834], [74.129324, 35.417182], [74.10906, 35.433539], [74.098155, 35.438178], [74.087576, 35.437852], [74.046886, 35.431342], [74.029796, 35.434272], [73.967784, 35.458604], [73.923106, 35.489691], [73.910818, 35.494086], [73.862315, 35.492743], [73.836925, 35.49726], [73.756114, 35.527452], [73.627208, 35.543484], [73.563569, 35.542304], [73.502371, 35.534369], [73.463145, 35.558132], [73.439952, 35.562201], [73.395925, 35.543524], [73.344005, 35.548936], [73.323416, 35.548041], [73.312429, 35.541571], [73.307709, 35.533515], [73.303722, 35.513251], [73.304128, 35.512071], [73.29835, 35.486274], [73.296886, 35.482856], [73.294688, 35.473944], [73.285411, 35.453437], [73.283214, 35.44123], [73.280284, 35.434841], [73.266694, 35.414171], [73.262706, 35.403998], [73.262706, 35.343126], [73.260183, 35.337429], [73.251069, 35.324978], [73.249034, 35.318386], [73.258556, 35.306586], [73.276134, 35.298163], [73.285411, 35.285224], [73.26946, 35.260037], [73.250662, 35.248725], [73.201915, 35.233262], [73.118663, 35.184882], [73.053233, 35.126532], [73.038829, 35.116523], [73.003998, 35.099066], [72.988292, 35.08869], [72.950857, 35.050727], [72.927989, 35.034939], [72.90919, 35.037787], [72.899506, 35.042507], [72.892019, 35.036973], [72.887136, 35.026679], [72.885265, 35.016669], [72.888113, 35.008979], [72.893891, 35.00198], [72.898855, 34.992784], [72.898936, 34.978827], [72.891368, 34.961859], [72.869395, 34.929023], [72.864838, 34.906806], [72.872325, 34.892035], [72.890636, 34.884711], [72.933604, 34.87641], [72.969168, 34.856553], [72.986339, 34.840115], [72.98463, 34.824897], [72.975597, 34.821885], [72.962901, 34.82038], [72.951671, 34.817694], [72.946788, 34.81155], [72.943777, 34.806586], [72.927175, 34.787543], [72.919444, 34.780829], [72.888113, 34.771511], [72.854747, 34.769314], [72.824474, 34.76081], [72.802745, 34.732449], [72.80071, 34.717231], [72.809581, 34.674099], [72.804861, 34.657172], [72.785411, 34.637478], [72.781668, 34.622504]], [[79.494966, 32.676889], [79.461518, 32.707384], [79.429779, 32.744981]], [[67.663585, 24.106431], [67.661388, 24.1081]], [[67.663585, 24.106431], [67.664073, 24.104763], [67.658132, 24.083808], [67.63974, 24.070828], [67.616466, 24.065212], [67.573171, 24.068549], [67.552338, 24.066596], [67.532319, 24.060492]], [[67.71339, 24.066433], [67.701915, 24.078559], [67.663585, 24.106431]], [[67.71339, 24.066433], [67.723725, 24.062934], [67.737885, 24.056952], [67.753673, 24.054145], [67.760183, 24.052843]], [[67.925873, 23.982449], [67.9428, 23.986518], [67.95574, 23.994493], [67.954845, 24.004421], [67.945079, 24.017361], [67.932628, 24.045518], [67.924246, 24.055976], [67.911143, 24.063096], [67.868907, 24.076443], [67.853526, 24.075466], [67.828298, 24.065294], [67.811127, 24.062771], [67.794688, 24.06623], [67.777924, 24.071641], [67.764903, 24.071845], [67.759695, 24.059353], [67.7671, 24.023017], [67.786713, 24.002956], [67.815196, 23.994737], [67.883311, 23.993964], [67.900645, 23.990912], [67.913992, 23.983954], [67.925548, 23.982367], [67.925873, 23.982449]], [[67.925873, 23.982449], [67.926768, 23.984931]], [[68.024267, 23.935197], [68.022065, 23.949327], [68.016368, 23.968085], [68.016612, 23.978949], [68.02003, 23.994574], [68.018891, 24.001492], [68.013927, 24.00963], [68.007091, 24.015937], [67.999278, 24.018744], [67.990733, 24.018581], [67.981456, 24.015937], [67.973155, 24.010932], [67.966726, 24.005235], [67.956391, 23.999457]], [[67.65089, 23.93122], [67.668712, 23.943712], [67.707612, 23.947455], [67.725515, 23.953559], [67.731375, 23.965155], [67.728933, 23.980333], [67.722667, 23.997382], [67.719249, 24.015001], [67.719819, 24.049994], [67.71339, 24.066433]], [[67.857514, 23.909491], [67.857514, 23.915351], [67.86085, 23.9324], [67.862722, 23.938015], [67.868175, 23.944525], [67.875662, 23.949083], [67.884044, 23.952175], [67.910167, 23.957709], [67.915538, 23.960883], [67.919526, 23.965115], [67.925873, 23.982449]]]}}, {"type": "Feature", "properties": {"name": "Brahmani", "name_alt": null, "scalerank": 7.0}, "geometry": {"type": "MultiLineString", "coordinates": [[[84.668061, 22.265204], [84.679454, 22.247097], [84.709402, 22.244452], [84.772878, 22.252468], [84.796479, 22.238593], [84.817312, 22.209825], [84.863292, 22.098253], [84.867686, 22.092353], [84.873546, 22.087755], [84.878917, 22.082587], [84.881847, 22.074571], [84.879812, 22.069403], [84.869884, 22.062364], [84.867442, 22.058905], [84.874034, 21.982123], [84.875987, 21.973415], [84.885265, 21.957831], [84.886974, 21.950263], [84.88323, 21.937364], [84.876475, 21.929633], [84.86907, 21.922919], [84.863536, 21.913398], [84.862071, 21.888983], [84.871674, 21.869167], [84.888927, 21.853339], [84.91505, 21.837348], [84.926199, 21.827989], [84.931733, 21.82571], [84.938243, 21.826931], [84.944428, 21.830593], [84.949474, 21.834255], [84.952403, 21.835761], [84.964773, 21.834052], [84.970144, 21.832628], [84.973888, 21.82746], [84.988292, 21.799099], [84.995616, 21.778022], [84.999115, 21.756903], [84.995209, 21.741319], [84.967703, 21.729315], [84.931651, 21.724921], [84.904307, 21.712917], [84.903738, 21.677802], [84.925548, 21.655341], [84.992768, 21.628933], [85.010346, 21.603542], [85.009776, 21.570421], [85.001231, 21.534857], [84.987315, 21.5008], [84.970876, 21.47252], [84.940115, 21.439643], [84.933523, 21.423651], [84.939708, 21.399522], [84.962576, 21.356391], [84.976736, 21.339464], [84.997813, 21.320014], [85.015066, 21.299262], [85.041515, 21.250312], [85.057546, 21.231716], [85.075206, 21.223944], [85.113536, 21.21662], [85.129487, 21.203884], [85.135753, 21.187608], [85.13323, 21.172431], [85.126964, 21.156806], [85.122162, 21.139228], [85.127615, 21.107937], [85.149018, 21.08751], [85.204112, 21.055528], [85.229991, 21.029893], [85.243093, 21.005805], [85.246349, 20.979315], [85.240245, 20.926215], [85.24114, 20.915798], [85.244884, 20.906684], [85.253917, 20.898139], [85.275076, 20.886664], [85.283376, 20.87934], [85.288015, 20.870429], [85.291515, 20.851996], [85.295014, 20.843085], [85.310557, 20.825141], [85.331391, 20.808783], [85.354503, 20.796007], [85.552419, 20.741238], [85.580496, 20.739936], [85.607839, 20.754096], [85.62322, 20.773708], [85.631114, 20.790961], [85.641368, 20.806464], [85.764659, 20.875108], [85.812022, 20.887152], [85.878022, 20.876044], [85.920909, 20.868435], [86.073334, 20.867743], [86.110769, 20.875515], [86.131358, 20.873725], [86.197358, 20.847602], [86.206391, 20.842231], [86.221446, 20.826361], [86.22991, 20.819892], [86.266124, 20.80447], [86.444021, 20.683295], [86.47405, 20.672797], [86.508881, 20.67829], [86.557628, 20.700466], [86.571544, 20.704291], [86.591889, 20.700995], [86.62672, 20.68183], [86.647472, 20.681505], [86.666921, 20.684272], [86.688975, 20.683051], [86.710704, 20.678168], [86.729096, 20.670233], [86.743744, 20.658311], [86.749522, 20.646104], [86.749278, 20.611396], [86.761811, 20.621894], [86.773936, 20.628933], [86.787039, 20.633368], [86.802175, 20.636094], [86.810557, 20.640733], [86.810639, 20.658149], [86.817556, 20.66531], [86.8296, 20.665961], [86.843028, 20.662869], [86.857432, 20.661078], [86.872651, 20.665717], [86.902354, 20.686713], [86.917898, 20.695014], [86.940115, 20.698025]]]}}, {"type": "Feature", "properties": {"name": "Beas", "name_alt": null, "scalerank": 8.0}, "geometry": {"type": "MultiLineString", "coordinates": [[[76.200206, 31.88642], [76.168468, 31.899482], [76.144054, 31.921495], [76.117931, 31.941759], [76.084483, 31.954657], [76.040619, 31.965847], [75.99171, 31.974473], [75.9546, 31.970771], [75.934825, 31.964545]]]}}, {"type": "Feature", "properties": {"name": "Beas", "name_alt": null, "scalerank": 8.0}, "geometry": {"type": "MultiLineString", "coordinates": [[[77.195079, 32.258857], [77.199474, 32.240017], [77.203217, 32.193915], [77.201915, 32.186306], [77.200206, 32.180854], [77.198171, 32.176093], [77.156668, 32.116807], [77.135265, 31.99494], [77.120942, 31.953233], [77.119395, 31.939887], [77.120535, 31.929999], [77.123464, 31.923896], [77.140066, 31.908555], [77.154714, 31.891181], [77.160574, 31.879747], [77.169037, 31.855007], [77.172293, 31.849555], [77.184011, 31.83454], [77.187592, 31.826687], [77.192393, 31.807929], [77.195893, 31.794379], [77.205984, 31.776394], [77.209972, 31.765937], [77.214692, 31.737616], [77.200206, 31.722113], [77.17571, 31.715766], [77.105968, 31.715522], [77.091319, 31.712348], [77.067149, 31.700629], [77.059255, 31.699246], [77.049815, 31.701768], [77.043875, 31.706814], [77.038585, 31.712348], [77.031505, 31.716824], [77.009044, 31.720323], [76.988048, 31.717108], [76.967296, 31.711493], [76.945079, 31.707953], [76.939871, 31.709011], [76.93629, 31.711371], [76.934825, 31.713731], [76.934662, 31.717963], [76.935313, 31.722113], [76.937429, 31.729112], [76.938975, 31.738796], [76.939464, 31.74962], [76.938243, 31.759101], [76.936697, 31.76321], [76.9345, 31.768378], [76.930756, 31.772569], [76.856456, 31.820909], [76.850597, 31.822781], [76.781749, 31.836493], [76.777354, 31.839871], [76.769542, 31.847846], [76.764171, 31.855536], [76.760671, 31.863389], [76.755951, 31.870876], [76.747325, 31.877143], [76.682709, 31.898261], [76.593842, 31.903835], [76.573334, 31.894802], [76.554617, 31.881619], [76.531668, 31.86933], [76.524669, 31.862982], [76.521658, 31.852322], [76.517996, 31.848578], [76.444265, 31.808946], [76.422537, 31.804267], [76.383067, 31.803005], [76.369395, 31.799669], [76.337413, 31.785956], [76.320811, 31.782172], [76.302013, 31.784939], [76.29713, 31.787421], [76.292491, 31.79088], [76.289154, 31.795722], [76.28655, 31.801215], [76.28297, 31.818915], [76.280691, 31.824042], [76.276866, 31.827908], [76.272065, 31.83043], [76.250011, 31.837917], [76.245128, 31.840888], [76.240896, 31.844509], [76.237722, 31.848985], [76.235444, 31.854438], [76.232188, 31.872341], [76.229991, 31.878363], [76.226492, 31.882636], [76.220876, 31.885443], [76.21575, 31.886827], [76.200287, 31.886339]], [[75.934825, 31.964545], [75.917735, 31.958523], [75.898204, 31.962266], [75.861257, 31.982611], [75.801768, 32.005683], [75.75294, 32.032416], [75.706554, 32.049872], [75.687755, 32.067328], [75.694591, 32.097032], [75.693858, 32.105984], [75.688406, 32.111762], [75.679291, 32.112128], [75.660411, 32.104682], [75.642589, 32.102159], [75.603526, 32.089382], [75.59547, 32.085313], [75.588471, 32.079779], [75.569021, 32.05329], [75.555431, 32.038438], [75.549897, 32.026923], [75.545095, 32.010769], [75.53476, 31.940009], [75.537527, 31.920478], [75.560313, 31.870307], [75.562918, 31.858466], [75.561697, 31.851264], [75.559011, 31.843207], [75.55128, 31.828681], [75.548432, 31.820339], [75.548757, 31.809149], [75.556895, 31.792792], [75.559093, 31.784206], [75.558035, 31.777452], [75.545339, 31.765977], [75.54005, 31.758124], [75.537852, 31.743028], [75.528412, 31.711941], [75.395518, 31.594021], [75.376069, 31.581122], [75.370616, 31.575222], [75.35434, 31.549262], [75.319916, 31.509792], [75.298839, 31.503852], [75.293712, 31.496853], [75.290701, 31.493476], [75.276459, 31.483344], [75.240245, 31.467637], [75.227143, 31.456977], [75.185639, 31.397162], [75.174246, 31.368964], [75.172944, 31.360541], [75.168875, 31.346788], [75.162527, 31.337999], [75.141368, 31.322862], [75.134044, 31.315945], [75.128347, 31.307807], [75.118256, 31.289618], [75.036876, 31.198025], [75.002696, 31.176296]]]}}, {"type": "Feature", "properties": {"name": "Tungabhadra", "name_alt": null, "scalerank": 8.0}, "geometry": {"type": "MultiLineString", "coordinates": [[[75.893891, 15.092597], [75.893565, 15.102159], [75.892345, 15.121161], [75.903575, 15.131212], [75.922293, 15.134792], [75.948822, 15.141425], [75.983002, 15.1435], [76.020518, 15.147813], [76.063731, 15.159613], [76.084239, 15.172065], [76.097179, 15.191921], [76.123546, 15.210801], [76.155528, 15.227891], [76.184662, 15.229926], [76.22877, 15.225409], [76.265391, 15.236436], [76.283376, 15.250271], [76.304291, 15.257107], [76.31837, 15.270697], [76.318858, 15.271674], [76.319347, 15.272528]], [[75.631765, 13.712185], [75.580333, 13.69477], [75.567149, 13.686103], [75.555756, 13.676052], [75.551036, 13.664984], [75.54713, 13.65119], [75.549734, 13.636501], [75.562104, 13.623562], [75.567149, 13.61164], [75.569835, 13.595038], [75.573253, 13.579372], [75.578136, 13.569688], [75.570811, 13.558214], [75.55657, 13.549099], [75.549734, 13.537136], [75.53769, 13.510118], [75.530772, 13.496161]]]}}, {"type": "Feature", "properties": {"name": "Tungabhadra", "name_alt": null, "scalerank": 8.0}, "geometry": {"type": "MultiLineString", "coordinates": [[[76.31837, 15.270697], [76.326182, 15.284695], [76.331147, 15.305528], [76.339285, 15.32449], [76.355886, 15.33279], [76.421886, 15.335313], [76.505626, 15.360134], [76.5206, 15.369981], [76.536062, 15.392524], [76.538097, 15.39765], [76.542979, 15.402289], [76.568126, 15.404812], [76.579031, 15.407904], [76.585216, 15.415107], [76.589773, 15.424669], [76.595714, 15.434272], [76.606375, 15.441433], [76.617442, 15.44245], [76.641856, 15.440619], [76.651378, 15.445136], [76.678315, 15.476915], [76.694835, 15.489936], [76.715587, 15.496649], [76.759695, 15.492458], [76.782237, 15.494452], [76.792003, 15.507514], [76.795909, 15.525214], [76.82545, 15.586005], [76.835704, 15.62991], [76.844005, 15.651719], [76.856049, 15.66116], [76.864757, 15.665391], [76.875499, 15.68419], [76.8838, 15.688422], [76.896983, 15.690945], [76.902354, 15.697374], [76.90797, 15.716376], [76.928152, 15.747341], [77.073416, 15.921088], [77.143891, 15.960761], [77.163015, 15.967149], [77.226492, 15.976426], [77.235362, 15.974677], [77.25294, 15.965847], [77.263682, 15.962185], [77.306163, 15.957099], [77.428722, 15.955919], [77.492198, 15.9383], [77.563243, 15.932318], [77.58253, 15.928046], [77.641205, 15.900662], [77.660574, 15.895575], [77.686046, 15.893866], [77.749034, 15.897569], [77.794851, 15.889268], [77.849864, 15.893866], [77.857595, 15.895575], [77.864757, 15.899848], [77.877208, 15.911566], [77.88795, 15.919135], [77.8956, 15.917996], [77.903412, 15.912787], [77.914806, 15.908149], [77.939952, 15.903103], [77.950125, 15.899766], [78.087494, 15.832953], [78.100352, 15.829657], [78.114268, 15.839871], [78.123953, 15.849921], [78.131928, 15.876166], [78.141368, 15.888129], [78.153575, 15.897162], [78.165701, 15.900702], [78.185069, 15.908718], [78.213145, 15.92768], [78.235281, 15.950466], [78.236908, 15.969591]], [[75.631765, 13.712185], [75.646007, 13.719997], [75.654714, 13.72252], [75.661143, 13.726426], [75.667247, 13.735785], [75.664154, 13.743923], [75.657237, 13.754503], [75.656993, 13.760688], [75.674083, 13.755642], [75.69573, 13.775417], [75.700613, 13.788275], [75.701264, 13.810858], [75.695242, 13.887234], [75.699311, 13.939643], [75.695242, 13.955512], [75.686941, 13.966376], [75.675222, 13.978868], [75.664806, 13.993354], [75.660411, 14.010077], [75.665457, 14.030585], [75.677338, 14.042833], [75.692882, 14.052314], [75.7081, 14.064724], [75.714936, 14.069119], [75.72047, 14.070746], [75.720795, 14.073676], [75.712169, 14.081814], [75.691173, 14.111111], [75.687755, 14.112494], [75.685802, 14.120958], [75.686046, 14.122138], [75.689871, 14.122667], [75.698253, 14.129584], [75.707123, 14.142279], [75.704519, 14.147081], [75.695893, 14.149278], [75.669932, 14.166368], [75.667247, 14.17121], [75.666108, 14.190985], [75.664073, 14.199897], [75.660411, 14.208686], [75.673106, 14.209255], [75.681651, 14.213406], [75.68629, 14.221259], [75.687755, 14.232611], [75.681244, 14.242214], [75.653087, 14.243598], [75.646658, 14.253445], [75.643158, 14.27265], [75.619395, 14.338446], [75.618337, 14.364285], [75.630463, 14.408271], [75.635265, 14.439887], [75.63974, 14.448025], [75.653738, 14.463162], [75.671886, 14.481513], [75.678396, 14.491726], [75.68157, 14.502956], [75.692475, 14.495551], [75.699962, 14.483466], [75.7081, 14.4831], [75.717052, 14.48961], [75.72934, 14.511786], [75.752533, 14.521918], [75.794851, 14.548163], [75.805105, 14.558173], [75.807384, 14.572537], [75.804861, 14.582709], [75.800385, 14.592597], [75.797537, 14.605984], [75.797944, 14.620063], [75.803722, 14.638739], [75.805105, 14.650662], [75.797944, 14.673611], [75.780691, 14.68476], [75.735444, 14.695339], [75.74879, 14.715928], [75.75294, 14.727118], [75.749766, 14.736355], [75.737804, 14.739691], [75.72519, 14.734198], [75.713634, 14.726142], [75.704682, 14.722032], [75.700857, 14.729356], [75.708425, 14.764757], [75.7081, 14.777289], [75.695242, 14.790107], [75.681733, 14.798285], [75.671397, 14.810492], [75.667247, 14.835313], [75.669851, 14.844062], [75.67628, 14.853827], [75.691417, 14.869737], [75.69573, 14.879503], [75.692312, 14.891425], [75.68157, 14.913845], [75.67685, 14.935492], [75.678966, 14.945624], [75.687755, 14.95539], [75.698416, 14.958116], [75.722179, 14.953925], [75.732351, 14.958808], [75.809255, 15.032579], [75.827403, 15.041693], [75.864513, 15.048651], [75.881277, 15.0574], [75.894786, 15.070258], [75.89739, 15.083848], [75.893891, 15.092597]], [[75.31837, 13.228624], [75.333751, 13.239854], [75.34075, 13.246283], [75.342052, 13.249132], [75.376475, 13.249132], [75.394135, 13.251288], [75.455577, 13.269599], [75.471121, 13.278022], [75.481537, 13.289171], [75.487722, 13.303534], [75.489675, 13.321153], [75.484304, 13.34162], [75.47462, 13.354926], [75.470714, 13.367499], [75.482188, 13.386298], [75.490815, 13.389024], [75.499929, 13.386501], [75.507253, 13.38642], [75.510183, 13.396267], [75.507904, 13.406073], [75.498627, 13.426093], [75.496511, 13.437812], [75.501231, 13.450263], [75.523529, 13.484402], [75.530772, 13.496161]]]}}, {"type": "Feature", "properties": {"name": "Mytinge", "name_alt": null, "scalerank": 8.0}, "geometry": {"type": "MultiLineString", "coordinates": [[[95.987071, 21.873725], [95.988373, 21.859565], [95.991791, 21.843126], [95.99822, 21.82807], [96.009044, 21.817939], [96.022878, 21.814073], [96.031261, 21.81745], [96.038585, 21.824327], [96.048757, 21.831244], [96.068126, 21.834784], [96.080577, 21.828721], [96.092296, 21.812038], [96.09075, 21.809109], [96.086843, 21.803534], [96.08489, 21.796902], [96.088878, 21.790635], [96.093761, 21.791287], [96.107188, 21.801093], [96.112804, 21.804307], [96.125092, 21.805976], [96.133311, 21.803412], [96.139089, 21.79682], [96.144216, 21.786566], [96.154552, 21.772773], [96.163097, 21.775417], [96.203543, 21.828437], [96.219249, 21.837755], [96.239513, 21.835313], [96.249278, 21.828884], [96.276378, 21.802517], [96.309011, 21.784491], [96.318614, 21.776679], [96.379975, 21.703966], [96.392019, 21.697374], [96.4546, 21.685899], [96.477306, 21.684638], [96.497651, 21.691514], [96.511811, 21.709255], [96.514415, 21.730902], [96.510753, 21.776882], [96.516205, 21.794989], [96.527436, 21.804511], [96.594249, 21.818915], [96.603608, 21.823065], [96.612397, 21.832221], [96.623546, 21.854071], [96.631928, 21.864081], [96.643891, 21.872138], [96.684988, 21.887763], [96.716563, 21.898627], [96.730724, 21.906277], [96.743093, 21.916531], [96.752045, 21.934516], [96.750499, 21.974799], [96.754242, 21.994412], [96.765391, 22.008368], [96.775971, 22.006415], [96.801362, 21.984971], [96.81601, 21.978949], [96.846934, 21.971625], [96.894949, 21.951361], [96.930431, 21.953721], [96.959483, 21.971381], [96.973888, 22.00373], [96.97755, 22.059882], [96.974864, 22.11225], [96.964854, 22.163845], [96.946788, 22.217597], [96.94044, 22.253607], [96.953624, 22.272976], [96.980724, 22.277655], [97.059093, 22.256537], [97.081472, 22.253241], [97.149018, 22.252387], [97.168712, 22.247178], [97.189545, 22.236111], [97.240164, 22.221137], [97.292735, 22.233018], [97.331391, 22.267524], [97.340587, 22.320339], [97.315684, 22.386298], [97.305919, 22.402533], [97.280854, 22.431749], [97.242198, 22.524522], [97.238292, 22.560248], [97.260346, 22.595567], [97.302989, 22.617743], [97.354584, 22.637397], [97.388764, 22.663194], [97.379487, 22.703884], [97.377208, 22.702948], [97.354991, 22.715684], [97.35198, 22.71837], [97.325857, 22.72602], [97.31544, 22.730821], [97.302989, 22.740424], [97.287364, 22.755642], [97.272716, 22.774604], [97.264659, 22.795478], [97.268647, 22.816596], [97.276541, 22.825263], [97.298106, 22.839138], [97.306895, 22.847195], [97.310964, 22.854193], [97.31837, 22.873603], [97.322846, 22.882148], [97.361827, 22.93122], [97.372569, 22.949001], [97.379893, 22.972276], [97.378835, 22.992621], [97.368907, 23.035712], [97.375906, 23.066026], [97.398692, 23.081366], [97.422374, 23.092597], [97.432384, 23.110297], [97.426768, 23.123114], [97.406179, 23.146064], [97.401866, 23.159206], [97.410167, 23.179226], [97.428966, 23.193549], [97.45224, 23.201036], [97.474132, 23.200751], [97.513438, 23.193223], [97.555756, 23.190009], [97.598155, 23.192328], [97.637299, 23.201728], [97.800955, 23.279893], [97.85906, 23.294623], [97.892833, 23.295966], [97.925792, 23.297431], [97.943614, 23.301337], [97.993907, 23.320421], [98.032319, 23.327175], [98.108979, 23.328477], [98.146251, 23.334581], [98.217459, 23.360175], [98.255463, 23.366278], [98.289236, 23.356635]]]}}, {"type": "Feature", "properties": {"name": "Wainganga", "name_alt": null, "scalerank": 8.0}, "geometry": {"type": "MultiLineString", "coordinates": [[[79.532237, 22.013861], [79.523855, 22.027859], [79.51474, 22.039903], [79.507335, 22.055243], [79.501557, 22.091824], [79.494558, 22.09394], [79.473643, 22.088975], [79.470632, 22.09455], [79.458507, 22.173163], [79.463471, 22.191352], [79.491466, 22.203803], [79.50294, 22.216417], [79.513276, 22.233425], [79.521251, 22.251492], [79.524669, 22.264187], [79.52532, 22.269558], [79.524832, 22.273953], [79.513194, 22.289984], [79.492605, 22.304714], [79.472748, 22.315131], [79.463959, 22.318671], [79.468679, 22.338731], [79.481049, 22.35871], [79.49879, 22.374864], [79.519135, 22.383816], [79.532725, 22.38585], [79.539643, 22.384385], [79.559581, 22.370185], [79.577647, 22.353705], [79.589122, 22.348944], [79.59433, 22.359646], [79.599376, 22.363227], [79.631602, 22.380683], [79.640391, 22.389431], [79.644542, 22.394477], [79.646495, 22.400255], [79.648936, 22.41116], [79.649669, 22.433621], [79.654552, 22.442898], [79.669444, 22.452094], [79.681163, 22.45661], [79.692149, 22.458441], [79.702891, 22.456244], [79.714122, 22.448676], [79.743175, 22.417751], [79.757823, 22.405951], [79.778575, 22.396837], [79.813487, 22.390652], [79.838796, 22.379177], [79.851329, 22.377631], [79.862234, 22.379584], [79.881358, 22.388617], [79.892182, 22.390652], [79.904226, 22.389716], [79.930186, 22.383816], [79.941987, 22.383368], [79.949474, 22.384589], [79.988048, 22.398953], [80.000906, 22.401801], [80.008311, 22.40058], [80.016124, 22.396674], [80.027436, 22.395779], [80.049571, 22.396837], [80.061697, 22.393378], [80.067149, 22.384833], [80.069591, 22.373847], [80.073416, 22.363349], [80.078136, 22.358262], [80.09075, 22.347724], [80.094005, 22.342231], [80.093354, 22.33629], [80.088145, 22.325507], [80.087169, 22.322333], [80.094005, 22.277655], [80.090424, 22.249783], [80.080577, 22.235175], [80.065196, 22.22366], [80.046153, 22.205024], [80.036876, 22.18537], [80.035737, 22.162177], [80.042491, 22.139106], [80.066661, 22.104275], [80.087169, 22.041205], [80.091726, 22.035671], [80.097097, 22.030788], [80.102631, 22.024278], [80.107514, 22.013861], [80.110606, 22.0008], [80.107514, 21.969184], [80.116222, 21.952012], [80.156749, 21.918524], [80.169688, 21.904608], [80.173269, 21.884385], [80.162852, 21.818671], [80.166026, 21.80919], [80.180186, 21.795966], [80.183442, 21.784532], [80.189708, 21.654161], [80.188569, 21.646267], [80.186615, 21.639512], [80.182221, 21.632595], [80.174815, 21.626573], [80.164073, 21.621283], [80.108409, 21.604315], [80.088634, 21.591864], [80.080333, 21.571641], [80.005056, 21.548407], [79.989675, 21.547878], [79.984793, 21.548407], [79.97991, 21.551215], [79.978608, 21.555691], [79.97877, 21.559882], [79.977957, 21.562038], [79.965343, 21.562608], [79.945323, 21.556342], [79.933604, 21.554551], [79.927013, 21.551581], [79.923757, 21.543972], [79.922781, 21.523546], [79.92392, 21.501776], [79.920339, 21.494167], [79.880382, 21.442572], [79.858165, 21.421088], [79.841726, 21.409369], [79.80714, 21.391872], [79.792979, 21.37641], [79.792979, 21.373358], [79.779307, 21.321316], [79.774913, 21.311957], [79.763927, 21.296942], [79.753835, 21.272325], [79.751964, 21.263454], [79.748139, 21.257595], [79.73878, 21.25373], [79.727468, 21.250556], [79.694347, 21.235419], [79.689952, 21.232449], [79.68808, 21.225369], [79.689952, 21.209011], [79.680593, 21.189276], [79.679454, 21.174343], [79.674897, 21.161933], [79.637299, 21.148627], [79.614024, 21.128974], [79.598725, 21.104519], [79.600597, 21.082221], [79.598237, 21.070624], [79.616466, 21.0362], [79.621593, 21.01671], [79.625906, 21.006374], [79.644623, 20.986843], [79.648936, 20.975775], [79.648041, 20.962022], [79.645437, 20.951524], [79.634695, 20.930772], [79.610606, 20.898301], [79.606212, 20.879828], [79.623057, 20.850531], [79.62672, 20.83336], [79.631602, 20.824978], [79.647878, 20.802924], [79.655772, 20.794257], [79.688731, 20.767849], [79.817312, 20.69127], [79.835053, 20.686103], [79.903819, 20.68183], [79.924083, 20.671698], [79.937022, 20.649604], [79.925548, 20.585273], [79.923595, 20.54975], [79.94044, 20.534125], [79.94337, 20.515896], [79.939708, 20.435167], [79.954275, 20.416815], [79.963878, 20.40115], [79.959239, 20.36579], [79.943858, 20.308214], [79.952647, 20.282823], [79.972179, 20.253119], [79.984386, 20.225043], [79.97169, 20.204617], [79.959239, 20.208279], [79.947765, 20.203681], [79.937999, 20.194403], [79.930186, 20.184109], [79.921886, 20.170356], [79.920095, 20.161933], [79.922781, 20.139431], [79.947358, 20.124864], [79.954275, 20.122016], [79.960867, 20.118354], [79.965587, 20.109442], [79.97169, 20.088487], [79.975597, 20.047919], [79.964773, 20.011786], [79.941824, 19.98489], [79.909679, 19.971788], [79.884939, 19.977729], [79.875662, 19.996772], [79.868907, 20.017035], [79.851329, 20.026435], [79.841319, 20.030056], [79.830984, 20.036729], [79.820404, 20.040961], [79.810069, 20.036689], [79.778412, 20.00788], [79.772472, 19.999132], [79.770274, 19.979926], [79.773041, 19.952216], [79.781668, 19.927354], [79.796397, 19.916571], [79.798269, 19.90705], [79.785167, 19.862331], [79.778575, 19.848253], [79.773204, 19.844509], [79.757498, 19.838406], [79.751964, 19.834052], [79.747813, 19.826687], [79.745616, 19.818671], [79.744558, 19.797065], [79.747569, 19.772406], [79.7553, 19.754706], [79.772472, 19.724799], [79.783376, 19.681993], [79.788829, 19.64293], [79.797862, 19.607042], [79.86378, 19.513617], [79.87851, 19.505683], [79.902843, 19.502468], [79.919851, 19.493516], [79.932384, 19.480333], [79.962006, 19.434841], [79.969005, 19.41588], [79.97169, 19.392686], [79.967784, 19.373562], [79.96046, 19.35517], [79.957042, 19.335801], [79.964285, 19.31391], [79.942556, 19.280341], [79.935639, 19.264716], [79.931163, 19.249335], [79.929128, 19.231024], [79.930593, 19.211982], [79.935476, 19.191596], [79.943858, 19.169257], [79.919363, 19.158474], [79.893647, 19.137478], [79.872651, 19.110378], [79.861827, 19.081122], [79.864757, 19.048448], [79.881928, 19.042019], [79.933604, 19.053249], [79.941824, 19.038194], [79.954275, 18.968451], [79.964854, 18.935411], [79.964285, 18.885606], [79.960378, 18.867214], [79.950125, 18.855333], [79.916921, 18.826687]]]}}, {"type": "Feature", "properties": {"name": "Banas", "name_alt": null, "scalerank": 8.0}, "geometry": {"type": "MultiLineString", "coordinates": [[[73.542084, 24.867214], [73.57724, 24.87877], [73.669037, 24.929877], [73.851085, 24.968573], [73.871104, 24.977851], [73.901296, 25.002997], [73.918468, 25.013943], [74.048595, 25.063178], [74.059011, 25.065253], [74.076182, 25.065212], [74.085216, 25.06155], [74.093435, 25.055732], [74.108002, 25.048936], [74.140147, 25.042589], [74.283702, 25.042344], [74.310069, 25.047797], [74.411225, 25.112331], [74.432384, 25.130235], [74.473399, 25.178778], [74.491628, 25.191189], [74.541596, 25.206855], [74.554617, 25.209052], [74.580658, 25.208319], [74.593761, 25.209418], [74.605561, 25.214626], [74.623953, 25.232693], [74.634044, 25.240668], [74.659597, 25.248725], [74.678722, 25.244412], [74.697276, 25.236192], [74.721283, 25.23253], [74.823253, 25.256049], [74.859874, 25.257758], [74.905284, 25.246772], [74.919444, 25.248236], [74.92628, 25.255927], [74.931733, 25.265815], [74.941498, 25.273993], [74.955333, 25.272162], [75.019054, 25.248847], [75.039073, 25.253689], [75.054861, 25.275255], [75.065359, 25.302802], [75.06894, 25.325303], [75.066987, 25.332953], [75.058849, 25.349229], [75.056895, 25.358018], [75.059174, 25.371161], [75.069428, 25.39704], [75.069916, 25.410224], [75.059174, 25.444119], [75.062266, 25.456326], [75.077647, 25.475857], [75.189138, 25.581], [75.216563, 25.625312], [75.2199, 25.635525], [75.22169, 25.644355], [75.224376, 25.65294], [75.230479, 25.662543], [75.241222, 25.672187], [75.252045, 25.679023], [75.262462, 25.687567], [75.271495, 25.701972], [75.274913, 25.713243], [75.278901, 25.735907], [75.283376, 25.74726], [75.383556, 25.878119], [75.422537, 25.915066], [75.457612, 25.92532], [75.461925, 25.920762], [75.474864, 25.901882], [75.481456, 25.89529], [75.490815, 25.891954], [75.512787, 25.889268], [75.523204, 25.88642], [75.543061, 25.885443], [75.549734, 25.901475], [75.548106, 25.92414], [75.543468, 25.942939], [75.542003, 25.963935], [75.549408, 25.981513], [75.564057, 25.990424], [75.606212, 25.979926], [75.626882, 25.985663], [75.64503, 25.999132], [75.658946, 26.016628], [75.666108, 26.057318], [75.656993, 26.101182], [75.653738, 26.14114], [75.678803, 26.170193], [75.691905, 26.173651], [75.716807, 26.175605], [75.72991, 26.181708], [75.763113, 26.206122], [75.782156, 26.215766], [75.801199, 26.218126], [75.818614, 26.212755], [75.855886, 26.193712], [75.875011, 26.186469], [75.928396, 26.173163], [75.9428, 26.165107], [75.95574, 26.149929], [75.964773, 26.13406], [75.975678, 26.119981], [75.995209, 26.110378], [76.020112, 26.110134], [76.044851, 26.119005], [76.089122, 26.143134], [76.17099, 26.176337], [76.315684, 26.211249], [76.376231, 26.190863], [76.411632, 26.198594], [76.449229, 26.212429], [76.48585, 26.219021], [76.581391, 26.216173], [76.605968, 26.206977], [76.616222, 26.190985], [76.613292, 26.175116], [76.607188, 26.159695], [76.608165, 26.145046], [76.617605, 26.138129], [76.646251, 26.134548], [76.65919, 26.127305], [76.665619, 26.11697], [76.671316, 26.102118], [76.675304, 26.086737], [76.676524, 26.074734], [76.672537, 26.060004], [76.658783, 26.029161], [76.656668, 26.011908], [76.659923, 25.997016], [76.666596, 25.985378], [76.67685, 25.976426], [76.69044, 25.969916], [76.704112, 25.960273], [76.722667, 25.934434], [76.739513, 25.926093]]]}}, {"type": "Feature", "properties": {"name": "Tel", "name_alt": null, "scalerank": 8.0}, "geometry": {"type": "MultiLineString", "coordinates": [[[82.063487, 19.745632], [82.09962, 19.765896], [82.122813, 19.766791], [82.145763, 19.758246], [82.180593, 19.750067], [82.220307, 19.751899], [82.257498, 19.764187], [82.290701, 19.784369], [82.372569, 19.862372], [82.393077, 19.877265], [82.429698, 19.896674], [82.461925, 19.903022], [82.493663, 19.898627], [82.554861, 19.877387], [82.583751, 19.872992], [82.645763, 19.873643], [82.8213, 19.909044], [82.863373, 19.923611], [82.933197, 19.932563], [82.942556, 19.938096], [82.948171, 19.945136], [82.955333, 19.951483], [82.992605, 19.967963], [83.007335, 19.978583], [83.022065, 19.999335], [83.085867, 20.123969], [83.111908, 20.146308], [83.180675, 20.181505], [83.208018, 20.199571], [83.262787, 20.263048], [83.368663, 20.335557], [83.391531, 20.35696], [83.428396, 20.402167], [83.489268, 20.453925], [83.502452, 20.461859], [83.513601, 20.464871], [83.53712, 20.464301], [83.54835, 20.466579], [83.562022, 20.475043], [83.601085, 20.510321], [83.675304, 20.551215], [83.719249, 20.596747], [83.723155, 20.609402], [83.718028, 20.631212], [83.719737, 20.65351], [83.761485, 20.726996], [83.78297, 20.784491], [83.802826, 20.807807], [83.834076, 20.813747], [83.859874, 20.813096], [83.894216, 20.817165], [83.927989, 20.826117], [83.951427, 20.840155]]]}}, {"type": "Feature", "properties": {"name": "Palar", "name_alt": null, "scalerank": 8.0}, "geometry": {"type": "MultiLineString", "coordinates": [[[77.903738, 13.243964], [77.919037, 13.238308], [77.930105, 13.242784], [77.940684, 13.250678], [77.9546, 13.255316], [77.965424, 13.25377], [77.975597, 13.248969], [77.995046, 13.237128], [78.026296, 13.226508], [78.158376, 13.215277], [78.174897, 13.209337], [78.189952, 13.200954], [78.242279, 13.161322], [78.25587, 13.147813], [78.2671, 13.13227], [78.282319, 13.097724], [78.301036, 13.056586], [78.323822, 13.019802], [78.353119, 12.990668], [78.391124, 12.972846], [78.413829, 12.972724], [78.423595, 12.969672], [78.42921, 12.958279], [78.425792, 12.944851], [78.41448, 12.934027], [78.401866, 12.924384], [78.394054, 12.914252], [78.393158, 12.893622], [78.406993, 12.829779], [78.404877, 12.826524], [78.396251, 12.816759], [78.393972, 12.810736], [78.395112, 12.804226], [78.402436, 12.793077], [78.405284, 12.787299], [78.416515, 12.750312], [78.427664, 12.726915], [78.447846, 12.705268], [78.472179, 12.687608], [78.495616, 12.676215], [78.529714, 12.672797], [78.56129, 12.683458], [78.646658, 12.741075], [78.666108, 12.762966], [78.702647, 12.814399], [78.712901, 12.825263], [78.799327, 12.878445], [78.878917, 12.913031], [78.96339, 12.933661], [79.003429, 12.936347], [79.081716, 12.932929], [79.121186, 12.936469], [79.148041, 12.946316], [79.17213, 12.959784], [79.197032, 12.969672], [79.226329, 12.968777], [79.250011, 12.959255], [79.38616, 12.878282], [79.402354, 12.873114], [79.5206, 12.861843], [79.642182, 12.813788], [79.761648, 12.776638], [79.778412, 12.773505], [79.835053, 12.777167], [79.872325, 12.769314], [79.912852, 12.751003], [79.9463, 12.723578], [79.963471, 12.688341], [79.962576, 12.609402], [79.970225, 12.573106], [79.999766, 12.534613], [80.047781, 12.503445], [80.14879, 12.462516]]]}}, {"type": "Feature", "properties": {"name": "Luhit", "name_alt": null, "scalerank": 8.0}, "geometry": {"type": "MultiLineString", "coordinates": [[[97.054418, 28.448552], [97.050548, 28.435004], [97.041108, 28.379503], [97.038097, 28.323188], [97.052013, 28.186347], [97.044363, 28.147406], [96.993663, 28.047675], [96.987722, 28.026964], [96.98463, 27.975287], [96.979503, 27.958848], [96.959402, 27.935818], [96.927989, 27.91413], [96.893321, 27.899197], [96.864024, 27.896267], [96.845795, 27.903998], [96.821869, 27.9289], [96.807384, 27.940009], [96.784434, 27.948676], [96.711192, 27.965644], [96.685802, 27.97956], [96.590831, 28.073065], [96.574229, 28.085313], [96.552257, 28.091905], [96.513682, 28.089301], [96.480398, 28.073839], [96.453054, 28.048407], [96.432872, 28.015815], [96.425873, 27.983507], [96.423839, 27.947333], [96.417247, 27.91474], [96.396658, 27.8935], [96.377208, 27.889919], [96.318614, 27.902167], [96.301199, 27.902411], [96.250987, 27.896023], [96.191173, 27.902859], [96.160492, 27.906033], [96.14503, 27.905951], [96.128998, 27.90412], [96.094656, 27.895616], [95.91269, 27.822048], [95.887625, 27.816677], [95.876964, 27.817694], [95.869395, 27.821072], [95.861339, 27.823106], [95.84962, 27.819932], [95.79599, 27.795356], [95.765229, 27.77029], [95.752371, 27.766466], [95.739268, 27.767524], [95.732921, 27.771918], [95.728038, 27.777655], [95.720144, 27.782782], [95.641124, 27.808702], [95.624278, 27.810126], [95.568614, 27.806952], [95.553315, 27.81212], [95.539236, 27.818874], [95.520274, 27.823432], [95.501394, 27.821112], [95.486746, 27.816352], [95.476654, 27.818142], [95.472179, 27.835273], [95.459483, 27.843858]]]}}, {"type": "Feature", "properties": {"name": "Kolidam", "name_alt": null, "scalerank": 8.0}, "geometry": {"type": "MultiLineString", "coordinates": [[[78.677989, 10.869412], [78.717703, 10.862331], [78.732351, 10.852891], [78.740815, 10.850857], [78.785655, 10.850857], [78.827159, 10.84455], [78.864675, 10.84455], [78.885916, 10.847683], [78.959239, 10.878689], [78.974864, 10.882636], [79.014903, 10.884955], [79.035574, 10.882921], [79.044688, 10.885525], [79.068777, 10.906928], [79.079275, 10.913275], [79.151541, 10.937445], [79.194591, 10.94184], [79.208507, 10.948025], [79.397878, 11.073554], [79.413097, 11.086982], [79.4428, 11.132758], [79.466889, 11.144314], [79.511729, 11.179145], [79.542491, 11.190538], [79.554779, 11.197455], [79.570242, 11.210761], [79.577729, 11.215603], [79.598155, 11.222235], [79.607921, 11.227566], [79.60963, 11.231269], [79.612722, 11.244574], [79.614187, 11.248074], [79.628429, 11.255479], [79.630056, 11.253445], [79.635916, 11.249864], [79.643077, 11.247341], [79.648936, 11.248074], [79.651378, 11.253241], [79.651378, 11.260688], [79.650076, 11.267035], [79.648936, 11.26911], [79.65504, 11.281562], [79.664968, 11.291449], [79.67628, 11.296454]]]}}, {"type": "Feature", "properties": {"name": "Salween", "name_alt": null, "scalerank": 4.0}, "geometry": {"type": "MultiLineString", "coordinates": [[[98.507904, 20.951239], [98.494558, 20.924099], [98.49171, 20.876776], [98.500499, 20.787421], [98.512299, 20.747992], [98.593028, 20.611884], [98.649832, 20.484931], [98.656179, 20.460964], [98.65919, 20.43655], [98.654796, 20.420233], [98.64503, 20.401313], [98.644135, 20.377509], [98.649343, 20.353787], [98.658214, 20.334906], [98.673595, 20.317247], [98.686941, 20.306586], [98.6963, 20.293891], [98.699718, 20.270087], [98.695893, 20.224636], [98.689464, 20.201443], [98.678722, 20.184109], [98.661225, 20.172227], [98.622813, 20.157009], [98.606944, 20.146552], [98.599864, 20.144721], [98.565929, 20.14997], [98.535248, 20.129462], [98.505382, 20.095567], [98.488455, 20.085028], [98.462576, 20.081081], [98.399832, 20.080349], [98.377533, 20.074815], [98.343272, 20.057481], [98.276378, 20.014431], [98.233653, 19.999132], [98.14088, 19.990017], [98.020274, 19.953233], [98.002416, 19.951812]], [[97.96415, 19.957779], [97.940684, 19.964179], [97.917735, 19.964952], [97.897124, 19.957779]], [[97.860279, 19.926705], [97.858409, 19.924018], [97.847179, 19.891913], [97.829519, 19.861925], [97.814871, 19.851671], [97.800955, 19.850653], [97.764415, 19.85574], [97.751069, 19.846503], [97.745942, 19.824897], [97.743907, 19.79975], [97.740245, 19.780056], [97.693614, 19.72016], [97.681895, 19.711127], [97.663259, 19.705349], [97.655365, 19.690497], [97.65089, 19.649685], [97.637218, 19.60871], [97.634939, 19.595974], [97.637218, 19.564032], [97.633067, 19.547187], [97.603038, 19.485785], [97.58546, 19.419501], [97.579112, 19.409491], [97.558116, 19.404608], [97.539154, 19.391872], [97.525645, 19.374294], [97.520518, 19.354844], [97.52239, 19.347968], [97.530935, 19.330675], [97.53419, 19.320665], [97.534597, 19.150458], [97.528575, 19.137274], [97.510509, 19.118679], [97.503673, 19.103868], [97.490001, 19.05036], [97.476654, 18.901719], [97.465831, 18.862006], [97.460053, 18.851752], [97.441335, 18.827826], [97.431651, 18.820421], [97.386974, 18.823554], [97.365733, 18.856065], [97.351329, 18.87169], [97.33489, 18.875067], [97.32724, 18.850857], [97.33489, 18.710557], [97.359793, 18.624213], [97.362804, 18.587673], [97.34547, 18.561591], [97.357351, 18.540107], [97.378673, 18.520941], [97.390066, 18.502021], [97.39446, 18.487331], [97.417247, 18.441352], [97.4428, 18.40351], [97.446056, 18.381415], [97.446544, 18.358466], [97.452159, 18.333808], [97.466238, 18.311591], [97.485932, 18.292344], [97.507742, 18.276719], [97.527924, 18.26557], [97.537201, 18.272773], [97.53899, 18.275961]], [[97.685342, 17.881528], [97.685069, 17.880886], [97.698416, 17.833564], [97.675792, 17.830512], [97.675955, 17.815253], [97.686046, 17.794623], [97.692393, 17.775214], [97.695079, 17.752468], [97.712901, 17.690131], [97.720714, 17.591661], [97.72405, 17.581855], [97.729503, 17.573065], [97.737071, 17.563544], [97.743663, 17.55268], [97.753917, 17.518866], [97.771251, 17.492621], [97.774343, 17.484076], [97.772716, 17.47248], [97.760753, 17.44656], [97.761485, 17.419013], [97.759939, 17.405626], [97.750499, 17.398139], [97.726492, 17.388495], [97.690522, 17.361396], [97.674815, 17.323432], [97.671886, 17.237657], [97.676524, 17.199327], [97.674246, 17.182969], [97.655284, 17.173122], [97.652192, 17.165229], [97.65089, 17.155056], [97.65089, 17.12641], [97.61321, 17.055528], [97.609793, 17.03502], [97.612641, 17.01085], [97.637218, 16.956488], [97.640066, 16.932563], [97.634939, 16.912665], [97.62794, 16.893378], [97.616628, 16.829291], [97.619151, 16.818874], [97.629242, 16.80211], [97.630382, 16.791368], [97.624522, 16.771186], [97.606619, 16.729804], [97.603038, 16.706366], [97.605398, 16.684353], [97.61142, 16.665391], [97.620209, 16.648993], [97.656261, 16.599962], [97.664236, 16.585557], [97.673595, 16.554958]]]}}]}