{"type": "FeatureCollection", "features": [{"type": "Feature", "properties": {"fid": 2}, "geometry": {"type": "Polygon", "coordinates": [[[96.58052516980864, 28.025956031110873], [96.67107055538243, 27.72198223668456], [96.65166797275948, 27.469748662586134], [96.5093823668578, 27.36626822193037], [96.32182406816922, 27.456813607504163], [96.18600598980852, 27.45034607996318], [95.97904510849699, 27.29512541897953], [95.70094142423463, 27.139904757995883], [95.39696762980832, 26.887671183897453], [95.04772114259511, 26.58369738947114], [94.90543553669343, 26.18271068193005], [94.71140971046387, 25.943412162913592], [94.56469852131964, 25.684220690532413], [94.570692986592, 25.621485500855155], [94.56252811098351, 25.595130520257268], [94.55498335120062, 25.5776638865791], [94.53741336473495, 25.52490224943926], [94.53586307202312, 25.513688463451782], [94.54103071499547, 25.502526353408484], [94.5528129417638, 25.49033071549013], [94.59952843588853, 25.460771795781735], [94.61596154169177, 25.452400213698862], [94.64982717978044, 25.446738785366616], [94.6503600370001, 25.446649705000098], [94.63053348800007, 25.427389629000075], [94.6080025640001, 25.394626770000073], [94.55012496000006, 25.245281881], [94.55332889800013, 25.204147440000025], [94.57689335200013, 25.173606670000122], [94.61296350100012, 25.1613593550001], [94.65327111800008, 25.154124654000025], [94.68913456300004, 25.138518372000096], [94.70680790300014, 25.10994130500002], [94.71383589700012, 25.06826426200008], [94.70856490100009, 25.02588958700009], [94.68975467900002, 24.99509043400012], [94.67352828000008, 24.974807434000112], [94.6548214110001, 24.889153748000027], [94.63911177600004, 24.862798767000054], [94.59901086400004, 24.81347361200007], [94.59322310400006, 24.783785502000097], [94.59322310400006, 24.76593129500004], [94.58950240100006, 24.747250264000073], [94.58154423100012, 24.73011952800003], [94.56945194600013, 24.716399434], [94.55570601400007, 24.70885467600006], [94.54340702300004, 24.707330220000028], [94.53100468000007, 24.707485250000058], [94.51632857300007, 24.70495310500008], [94.50795699100013, 24.689010925000055], [94.48707971200014, 24.62046213800004], [94.47498742700003, 24.597388611000056], [94.43023563600006, 24.570904439000067], [94.4184534100001, 24.560310771000083], [94.41080529800013, 24.54594472300009], [94.39705936700005, 24.495069275000066], [94.38186649600003, 24.48631012000008], [94.37039432800003, 24.477731833000046], [94.36367639200012, 24.465820415], [94.36119592300012, 24.425409444000124], [94.35220422300011, 24.413937277000013], [94.34000858600005, 24.40600494400006], [94.32874312400003, 24.39448110000002], [94.32832971200001, 24.3884866340001], [94.33174035600011, 24.371097514000077], [94.33070682800012, 24.36285512300013], [94.32367883300003, 24.354664408000087], [94.30280155400004, 24.341021831000106], [94.29536014800004, 24.332598572], [94.28998580000005, 24.316759746000017], [94.28688521300005, 24.283066712000068], [94.28275109900011, 24.266426901000028], [94.23396854600009, 24.160335185000104], [94.22218632100002, 24.122637228000066], [94.21846561700005, 24.086670431000083], [94.21412479700007, 24.06917795900004], [94.20368615700004, 24.057757467000027], [94.19913863200003, 24.048093974000025], [94.19386763500006, 24.009672547000072], [94.19025028500009, 23.995280660000063], [94.14487837800004, 23.938875834000026], [94.13505985500005, 23.91900624600005], [94.13361291500007, 23.89916249600004], [94.13505985500005, 23.877303365], [94.13185591700011, 23.856968689000087], [94.12885926694156, 23.853904873511112], [94.11686975100012, 23.841646627000028], [94.09971317600007, 23.842628479000084], [94.08534712700009, 23.857511292000122], [94.07108443200006, 23.87611480800008], [94.05506473800004, 23.88794871], [93.99791060400013, 23.916965027000078], [93.97506962100003, 23.920918274000048], [93.94054976400014, 23.92887644500011], [93.91233443200008, 23.93900502500007], [93.88318892500007, 23.94530955000009], [93.80371057200006, 23.936059469000053], [93.78283329300007, 23.94546457900013], [93.74304244000007, 23.995280660000063], [93.71110640500012, 24.00546091700003], [93.66046350100002, 24.011222839000094], [93.61240441900007, 24.00905243000001], [93.58801314300005, 23.995228984000033], [93.58563602700006, 23.98729665100008], [93.58181197200008, 23.979596863], [93.57695438700004, 23.973008118], [93.57106327400002, 23.968021343000046], [93.56134810400009, 23.965695903000025], [93.55525028500006, 23.97099273700006], [93.54997928900012, 23.97802073200007], [93.54346805900012, 23.980888774000064], [93.52682824700013, 23.975385233000065], [93.49571903500009, 23.959132996000033], [93.47484175700009, 23.957505189000088], [93.45665165200005, 23.959959819000073], [93.44900354000008, 23.96892568], [93.44559289600004, 23.981612244000058], [93.4391850180001, 23.995228984000033], [93.40652551300013, 24.025847270000053], [93.39650028500012, 24.037526144000044], [93.36828495300006, 24.07847971600007], [93.34854455600008, 24.088892517000104], [93.32218957500004, 24.080055847], [93.30968387900003, 24.06398447700003], [93.30296594200011, 24.041143494000025], [93.30255946900013, 24.035774655000086], [93.30213992671622, 24.035768337139018], [93.29356163905832, 24.035639145929853], [93.25676801972827, 24.017655748314098], [93.28012955779054, 23.81092078011011], [93.28012955779054, 23.554779512632322], [93.28012955779054, 23.279664817933956], [93.25166941695969, 23.156337541000205], [93.11885542641564, 23.26069139071338], [92.96706800865103, 23.14685082738992], [93.01450157670247, 22.909682987132705], [93.08090857197449, 22.767382282978378], [93.09988199919506, 22.5871347243829], [92.94809458143045, 22.51124101550059], [92.80579387727612, 22.539701156331457], [92.5781127506292, 22.663028433265207], [92.5022190417469, 22.57764801077261], [92.54016589618804, 22.425860593007997], [92.5132968291471, 21.980478408024325], [92.48975490998669, 21.70739214576365], [92.51800521297918, 21.43430588350297], [92.6310064249491, 21.217720227227257], [92.4850465261546, 21.245970530219743], [92.23550218305434, 21.344846590693436], [92.23550218305434, 21.255387297883903], [92.26514733200008, 21.061102606000077], [92.25855553500003, 21.02252838700008], [92.25709069100003, 20.98110586100006], [92.26148522200003, 20.940252997000073], [92.27198326900003, 20.903509833000044], [92.30062910200007, 20.86237213700008], [92.30543053500003, 20.851955471000053], [92.30762780000003, 20.833197333000044], [92.32593834700003, 20.780585028000075], [92.33326256600003, 20.767726955000057], [92.33627363400007, 20.757147528000075], [92.33399498800003, 20.74640534100007], [92.32553144600007, 20.738714911000045], [92.31934655000003, 20.742010809000078], [92.31421959700003, 20.749253648000035], [92.30909264400003, 20.753241278000075], [92.30103600400008, 20.762274481000077], [92.27808678500003, 20.814113674000055], [92.20972741000003, 20.930812893000052], [92.19288170700008, 20.99567291900007], [92.18628991000003, 21.00584544500009], [92.13412519600007, 21.04751211100006], [92.12435957100007, 21.06045156500005], [92.10808353000004, 21.089911200000074], [92.09685306100005, 21.105861721000053], [92.05250084700003, 21.154771226000037], [92.04542076900003, 21.17096588700008], [92.04395592500003, 21.19204336100006], [92.05225670700008, 21.256659247000073], [92.05046634200005, 21.280462958000044], [92.04525800900007, 21.29954661700009], [91.98975670700008, 21.394232489000046], [91.98047936300003, 21.40375397300005], [91.96941165500004, 21.40961334800005], [91.95972741000003, 21.423976955000057], [91.95297285200007, 21.441839911000045], [91.94971764400003, 21.45840078300006], [91.95590254000007, 21.45840078300006], [91.95801842500003, 21.455023505000042], [91.95883222700007, 21.454413153000075], [91.96013431100005, 21.454250393000052], [91.96338951900003, 21.45213450700004], [91.97087649800005, 21.470038153000075], [91.98292076900003, 21.488836981000077], [91.99903405000003, 21.49949778900009], [92.01791425900007, 21.493109442000048], [92.00538170700008, 21.504299221000053], [91.99537194100003, 21.522609768000052], [91.98975670700008, 21.543402411000045], [91.99000084700003, 21.56199778900009], [91.99854576900003, 21.573187567000048], [92.01246178500003, 21.58539459800005], [92.02214603000004, 21.599351304000038], [92.01791425900007, 21.616034247000073], [92.03296959700003, 21.63300202000005], [92.03581790500004, 21.640448309000078], [92.03174889400003, 21.650132554000038], [92.03777103000004, 21.65957265800006], [92.03589928500003, 21.66815827000005], [92.02857506600003, 21.67479075700004], [92.02279707100007, 21.67682526200008], [92.02556399800005, 21.687241929000038], [92.02930748800003, 21.696234442000048], [92.02930748800003, 21.704901434000078], [92.02540123800003, 21.712836005000042], [92.02393639400003, 21.70465729400007], [92.02214603000004, 21.701564846000053], [92.01791425900007, 21.698553778000075], [92.02540123800003, 21.698553778000075], [92.01238040500004, 21.664211330000057], [92.00074303500003, 21.64980703300006], [91.98389733200008, 21.650132554000038], [91.97608483200008, 21.662054755000042], [91.97885175900007, 21.67772044500009], [91.98422285200007, 21.693508205000057], [91.98389733200008, 21.70538971600007], [91.97706139400003, 21.70538971600007], [91.97193444100003, 21.68821849200009], [91.96265709700003, 21.689520575000074], [91.95362389400003, 21.70140208500004], [91.94971764400003, 21.715969143000052], [91.95297285200007, 21.738348700000074], [91.96192467500003, 21.743841864000046], [91.97478274800005, 21.746486721000053], [91.99000084700003, 21.75999583500004], [91.98389733200008, 21.766831773000035], [91.96729576900003, 21.75543854400007], [91.96029707100007, 21.763820705000057], [91.96656334700003, 21.77887604400007], [91.99000084700003, 21.787909247000073], [91.99000084700003, 21.79482656500005], [91.94369550900007, 21.791408596000053], [91.92408287900008, 21.785223700000074], [91.90870201900003, 21.78115469000005], [91.89926191500007, 21.789496161000045], [91.90088951900003, 21.813299872000073], [91.91138756600003, 21.83470286700009], [91.92937259200005, 21.84316640800006], [91.92164147200003, 21.85342031500005], [91.92554772200003, 21.86286041900007], [91.93628991000003, 21.870835679000038], [91.94971764400003, 21.876695054000038], [91.94971764400003, 21.88418203300006], [91.93921959700003, 21.88304271000004], [91.92994225400008, 21.878648179000038], [91.92212975400008, 21.871568101000037], [91.91570071700005, 21.862453518000052], [91.91032962300005, 21.87490469000005], [91.90560957100007, 21.89557526200008], [91.90121504000007, 21.935370184000078], [91.89820397200003, 21.94489166900007], [91.88404381600003, 21.960150458000044], [91.88086998800003, 21.969183661000045], [91.88086998800003, 22.007025458000044], [91.85523522200003, 22.109198309000078], [91.85352623800003, 22.14362213700008], [91.86394290500004, 22.139593817000048], [91.86719811300003, 22.13739655200004], [91.86207116000003, 22.15062083500004], [91.85328209700003, 22.14874909100007], [91.84603925900007, 22.135972398000035], [91.84603925900007, 22.116888739000046], [91.83985436300003, 22.116888739000046], [91.82911217500003, 22.134100653000075], [91.81934655000003, 22.155951239000046], [91.81299889400003, 22.18032461100006], [91.81202233200008, 22.205023505000042], [91.81690514400003, 22.22028229400007], [91.82585696700005, 22.23004791900007], [91.83472741000003, 22.237616278000075], [91.83985436300003, 22.246649481000077], [91.83838951900003, 22.26308828300006], [91.82984459700003, 22.271307684000078], [91.81918379000007, 22.275824286000045], [91.81202233200008, 22.281398830000057], [91.80884850400008, 22.306341864000046], [91.82650800900007, 22.31826406500005], [91.85238691500007, 22.325344143000052], [91.87403405000003, 22.336004950000074], [91.88493899800005, 22.35382721600007], [91.90805097700007, 22.424750067000048], [91.90186608200008, 22.42405833500004], [91.88770592500003, 22.424750067000048], [91.88550866000003, 22.40965403900009], [91.87574303500003, 22.37107982000009], [91.87745201900003, 22.363348700000074], [91.87045332100007, 22.35809967700004], [91.85914147200003, 22.346625067000048], [91.84400475400008, 22.33494700700004], [91.82634524800005, 22.32916901200008], [91.82325280000003, 22.324164130000042], [91.79859459700003, 22.31191640800006], [91.79135175900007, 22.301906643000052], [91.79395592500003, 22.286037502000056], [91.80453535200007, 22.278469143000052], [91.81723066500007, 22.27407461100006], [91.82634524800005, 22.26776764500005], [91.82593834700003, 22.248480536000045], [91.80892988400007, 22.236273505000042], [91.78711998800003, 22.237941799000055], [91.77165774800005, 22.260321356000077], [91.75440514400003, 22.374660549000055], [91.74366295700008, 22.411078192000048], [91.67603600400008, 22.53461334800005], [91.54810631600003, 22.700344143000052], [91.51636803500003, 22.712225653000075], [91.49870853000004, 22.72728099200009], [91.48462975400008, 22.74551015800006], [91.47681725400008, 22.76117584800005], [91.46900475400008, 22.757066148000035], [91.46241295700008, 22.76190827000005], [91.45801842500003, 22.772284247000073], [91.45630944100003, 22.784816799000055], [91.45834394600007, 22.79706452000005], [91.46778405000003, 22.80931224200009], [91.47396894600007, 22.838324286000045], [91.49000084700003, 22.880560614000046], [91.49048912900008, 22.90452708500004], [91.48308353000004, 22.90452708500004], [91.47966556100005, 22.885891018000052], [91.46241295700008, 22.83344147300005], [91.45248457100007, 22.822658596000053], [91.43043053500003, 22.81631094000005], [91.41675866000003, 22.799994208000044], [91.41163170700008, 22.777818101000037], [91.41472415500004, 22.753729559000078], [91.39966881600003, 22.76430898600006], [91.38502037900008, 22.770697333000044], [91.36833743600005, 22.773993231000077], [91.34644616000003, 22.77484772300005], [91.34644616000003, 22.767401434000078], [91.36744225400008, 22.761664130000042], [91.37012780000003, 22.75218333500004], [91.36011803500003, 22.743394273000035], [91.34262129000007, 22.739447333000044], [91.29078209700003, 22.738430080000057], [91.30884850400008, 22.73309967700004], [91.32504316500007, 22.72614166900007], [91.33277428500003, 22.72020091400009], [91.32992597700007, 22.70571523600006], [91.31739342500003, 22.697211005000042], [91.30054772200003, 22.69326406500005], [91.28443444100003, 22.692287502000056], [91.28345787900008, 22.69334544500009], [91.25277754000007, 22.699286200000074], [91.24838300900007, 22.69822825700004], [91.24480228000004, 22.698391018000052], [91.24341881600003, 22.70221588700008], [91.24390709700003, 22.71743398600006], [91.24341881600003, 22.72020091400009], [91.23121178500003, 22.724310614000046], [91.21607506600003, 22.72606028900009], [91.18189537900008, 22.72646719000005], [91.18189537900008, 22.72020091400009], [91.19459069100003, 22.70966217700004], [91.19922936300003, 22.69879791900007], [91.19214928500003, 22.69163646000004], [91.16895592500003, 22.692287502000056], [91.16895592500003, 22.684881903000075], [91.22689863400007, 22.671087958000044], [91.25342858200008, 22.660711981000077], [91.26449629000007, 22.64081452000005], [91.26107832100007, 22.627875067000048], [91.25310306100005, 22.613836981000077], [91.24156880000004, 22.575395765000053], [91.22136457600004, 22.55719260500007], [91.20274304600008, 22.543219639000085], [91.17656568400008, 22.53641941400008], [91.12734345800004, 22.527025948000073], [91.08920058200005, 22.544430256000055], [91.06957967100004, 22.571556869000062], [91.05860436300003, 22.61432526200008], [91.04867597700007, 22.626166083000044], [91.03793379000007, 22.643866278000075], [91.02670332100007, 22.674261786000045], [91.01832116000003, 22.68309153900009], [91.00375410200007, 22.678656317000048], [91.01872806100005, 22.664455471000053], [91.03223717500003, 22.636867580000057], [91.04021243600005, 22.60773346600007], [91.03793379000007, 22.58860911700009], [91.01758873800003, 22.579291083000044], [90.98511803500003, 22.574367580000057], [90.95492597700007, 22.575832424000055], [90.94174238400007, 22.585882880000042], [90.93555748800003, 22.599676825000074], [90.90821373800003, 22.61786530200004], [90.90202884200005, 22.627101955000057], [90.89877363400007, 22.63617584800005], [90.88412519600007, 22.65448639500005], [90.87647545700008, 22.682806708000044], [90.86548912900008, 22.687160549000055], [90.83594811300003, 22.684881903000075], [90.83130944100003, 22.690578518000052], [90.81950931100005, 22.72646719000005], [90.81177819100003, 22.732367255000042], [90.80258222700007, 22.736395575000074], [90.79493248800003, 22.741359768000052], [90.78834069100003, 22.75922272300005], [90.77418053500003, 22.77806224200009], [90.77100670700008, 22.784816799000055], [90.76954186300003, 22.795355536000045], [90.75733483200008, 22.822658596000053], [90.75001061300003, 22.856756903000075], [90.74195397200003, 22.874212958000044], [90.73292076900003, 22.889064846000053], [90.72559655000003, 22.90570709800005], [90.72266686300003, 22.92845286700009], [90.71745853000004, 22.940619208000044], [90.64014733200008, 23.038031317000048], [90.62940514400003, 23.064398505000042], [90.62712649800005, 23.075873114000046], [90.62720787900008, 23.08665599200009], [90.63868248800003, 23.14789459800005], [90.64014733200008, 23.18886953300006], [90.64584394600007, 23.21092357000009], [90.65707441500007, 23.23037344000005], [90.66521243600005, 23.24876536700009], [90.66114342500003, 23.267645575000074], [90.66732832100007, 23.267645575000074], [90.65088951900003, 23.30023834800005], [90.65015709700003, 23.31354401200008], [90.66114342500003, 23.32225169500009], [90.65772545700008, 23.32322825700004], [90.65479576900003, 23.32330963700008], [90.65316816500007, 23.324652411000045], [90.65365644600007, 23.329738674000055], [90.62842858200008, 23.321519273000035], [90.61133873800003, 23.34247467700004], [90.60173587300005, 23.37246328300006], [90.59913170700008, 23.391180731000077], [90.60027103000004, 23.44993724200009], [90.60873457100007, 23.472723700000074], [90.63331139400003, 23.486761786000045], [90.69157962300005, 23.486476955000057], [90.71501712300005, 23.49835846600007], [90.71583092500003, 23.53514232000009], [90.71119225400008, 23.54881419500009], [90.70557701900003, 23.554510809000078], [90.69581139400003, 23.555487372000073], [90.67823326900003, 23.555080471000053], [90.67546634200005, 23.550930080000057], [90.68433678500003, 23.54173411700009], [90.70215905000003, 23.52838776200008], [90.69532311300003, 23.507879950000074], [90.67774498800003, 23.517279364000046], [90.66675866000003, 23.51821523600006], [90.64747155000003, 23.507879950000074], [90.62208092500003, 23.500067450000074], [90.60775800900007, 23.491115627000056], [90.60336347700007, 23.494696356000077], [90.58814537900008, 23.53416575700004], [90.59205162900008, 23.56248607000009], [90.60816491000003, 23.585760809000078], [90.63331139400003, 23.596625067000048], [90.62712649800005, 23.603461005000042], [90.62533613400007, 23.599351304000038], [90.62525475400008, 23.59833405200004], [90.62403405000003, 23.598089911000045], [90.61963951900003, 23.596625067000048], [90.61198978000004, 23.60610586100006], [90.59546959700003, 23.604396877000056], [90.55876712300005, 23.590399481000077], [90.56446373800003, 23.57640208500004], [90.55941816500007, 23.56793854400007], [90.54721113400007, 23.563788153000075], [90.53150475400008, 23.56248607000009], [90.51465905000003, 23.563788153000075], [90.50171959700003, 23.56793854400007], [90.47632897200003, 23.582953192000048], [90.48438561300003, 23.56745026200008], [90.49838300900007, 23.55727773600006], [90.51498457100007, 23.55141836100006], [90.53150475400008, 23.54881419500009], [90.56869550900007, 23.54751211100006], [90.57683353000004, 23.539496161000045], [90.57894941500007, 23.44985586100006], [90.57593834700003, 23.43895091400009], [90.56812584700003, 23.432928778000075], [90.55990644600007, 23.418402411000045], [90.55372155000003, 23.40070221600007], [90.55193118600005, 23.38495514500005], [90.51832116000003, 23.398260809000078], [90.32243899800005, 23.433294989000046], [90.28443444100003, 23.446193752000056], [90.25033613400007, 23.466945705000057], [90.24935957100007, 23.45538971600007], [90.25879967500003, 23.444566148000035], [90.38851972700007, 23.372381903000075], [90.40414472700007, 23.36041901200008], [90.41342207100007, 23.34796784100007], [90.41968834700003, 23.335598049000055], [90.42847741000003, 23.326117255000042], [90.46021569100003, 23.31972890800006], [90.48796634200005, 23.30683014500005], [90.50359134200005, 23.30174388200004], [90.56910241000003, 23.294989325000074], [90.57732181100005, 23.288397528000075], [90.60661868600005, 23.247219143000052], [90.61085045700008, 23.23078034100007], [90.61451256600003, 23.195461330000057], [90.61036217500003, 23.20115794500009], [90.60271243600005, 23.211004950000074], [90.59351647200003, 23.219875393000052], [90.59839928500003, 23.200425523000035], [90.60287519600007, 23.14130280200004], [90.59913170700008, 23.11749909100007], [90.57195071700005, 23.081732489000046], [90.56560306100005, 23.075873114000046], [90.55372155000003, 23.078558661000045], [90.55128014400003, 23.08690013200004], [90.55591881600003, 23.096828518000052], [90.56560306100005, 23.10382721600007], [90.56560306100005, 23.110663153000075], [90.55876712300005, 23.110663153000075], [90.54761803500003, 23.09674713700008], [90.53663170700008, 23.086818752000056], [90.52279707100007, 23.080145575000074], [90.50359134200005, 23.075873114000046], [90.46607506600003, 23.07684967700004], [90.45362389400003, 23.072333075000074], [90.44890384200005, 23.05573151200008], [90.45012454500005, 23.049343166000085], [90.45435631600003, 23.02753327000005], [90.46827233200008, 22.99607982000009], [90.48698978000004, 22.966131903000075], [90.50700931100005, 22.94208405200004], [90.50928795700008, 22.93699778900009], [90.50757897200003, 22.92536041900007], [90.51042728000004, 22.91819896000004], [90.51295006600003, 22.91705963700008], [90.51685631600003, 22.916815497000073], [90.52100670700008, 22.915676174000055], [90.52409915500004, 22.91201406500005], [90.53598066500007, 22.90338776200008], [90.54004967500003, 22.896551825000074], [90.53492272200003, 22.887152411000045], [90.52003014400003, 22.880194403000075], [90.50513756600003, 22.881659247000073], [90.49048912900008, 22.885199286000045], [90.47632897200003, 22.884100653000075], [90.45720462300005, 22.861761786000045], [90.44809004000007, 22.82843659100007], [90.43604576900003, 22.800604559000078], [90.40796959700003, 22.794663804000038], [90.42400149800005, 22.781683661000045], [90.41993248800003, 22.76825592700004], [90.40642337300005, 22.76308828300006], [90.39429772200003, 22.77484772300005], [90.37256920700008, 22.761419989000046], [90.38721764400003, 22.751288153000075], [90.41578209700003, 22.74249909100007], [90.43523196700005, 22.733303127000056], [90.44459069100003, 22.751654364000046], [90.46168053500003, 22.748846747000073], [90.47901451900003, 22.73501211100006], [90.48991946700005, 22.72020091400009], [90.49293053500003, 22.709906317000048], [90.49675540500004, 22.678656317000048], [90.50896243600005, 22.646429755000042], [90.51270592500003, 22.611476955000057], [90.51002037900008, 22.60423411700009], [90.50017337300005, 22.592352606000077], [90.49138431100005, 22.587836005000042], [90.46859785200007, 22.58470286700009], [90.45923912900008, 22.579291083000044], [90.45346113400007, 22.564195054000038], [90.44214928500003, 22.508734442000048], [90.44206790500004, 22.49363841400009], [90.44499759200005, 22.50413646000004], [90.45118248800003, 22.510158596000053], [90.45801842500003, 22.51463450700004], [90.46265709700003, 22.52098216400009], [90.46355228000004, 22.53143952000005], [90.46045983200008, 22.551174221000053], [90.46265709700003, 22.56195709800005], [90.47250410200007, 22.57558828300006], [90.48731530000003, 22.583726304000038], [90.50513756600003, 22.58624909100007], [90.52409915500004, 22.58307526200008], [90.55974368600005, 22.562323309000078], [90.57781009200005, 22.533677476000037], [90.58969160200007, 22.500433661000045], [90.60661868600005, 22.465765692000048], [90.59131920700008, 22.470526434000078], [90.58619225400008, 22.473211981000077], [90.58643639400003, 22.45058828300006], [90.59359785200007, 22.43231842700004], [90.61345462300005, 22.396877346000053], [90.61841881600003, 22.376654364000046], [90.61931399800005, 22.355902411000045], [90.61345462300005, 22.314886786000045], [90.58155358200008, 22.238226630000042], [90.55795332100007, 22.20335521000004], [90.53834069100003, 22.198879299000055], [90.51172936300003, 22.185288804000038], [90.50114993600005, 22.176703192000048], [90.49675540500004, 22.167792059000078], [90.49439537900008, 22.154242255000042], [90.48829186300003, 22.138617255000042], [90.45964603000004, 22.091945705000057], [90.45004316500007, 22.08079661700009], [90.43864993600005, 22.075995184000078], [90.42546634200005, 22.07884349200009], [90.40845787900008, 22.08592357000009], [90.39380944100003, 22.09471263200004], [90.38746178500003, 22.10260651200008], [90.39323978000004, 22.127386786000045], [90.41749108200008, 22.175034898000035], [90.42164147200003, 22.198879299000055], [90.41000410200007, 22.22728099200009], [90.40796959700003, 22.24042389500005], [90.41407311300003, 22.27179596600007], [90.41089928500003, 22.28424713700008], [90.39429772200003, 22.288234768000052], [90.39869225400008, 22.26748281500005], [90.38868248800003, 22.223211981000077], [90.39087975400008, 22.208807684000078], [90.39909915500004, 22.20221588700008], [90.40552819100003, 22.19953034100007], [90.41049238400007, 22.195705471000053], [90.41423587300005, 22.18577708500004], [90.41285241000003, 22.17804596600007], [90.40821373800003, 22.171210028000075], [90.40056399800005, 22.16404857000009], [90.39918053500003, 22.16233958500004], [90.39714603000004, 22.160630601000037], [90.39519290500004, 22.15721263200004], [90.39258873800003, 22.143011786000045], [90.38868248800003, 22.143459377000056], [90.38379967500003, 22.145738023000035], [90.38005618600005, 22.14362213700008], [90.37712649800005, 22.133612372000073], [90.37378991000003, 22.10260651200008], [90.36988366000003, 22.08982982000009], [90.36573326900003, 22.081203518000052], [90.34742272200003, 22.05532461100006], [90.33472741000003, 22.041815497000073], [90.33220462300005, 22.03807200700004], [90.32789147200003, 22.02049388200004], [90.30860436300003, 21.984035549000055], [90.30437259200005, 21.965765692000048], [90.29997806100005, 21.927679755000042], [90.29070071700005, 21.890326239000046], [90.28288821700005, 21.870794989000046], [90.27271569100003, 21.85740794500009], [90.21762129000007, 21.81346263200004], [90.20378665500004, 21.80459219000005], [90.18482506600003, 21.80097077000005], [90.16439863400007, 21.80426666900007], [90.12680097700007, 21.818793036000045], [90.10906009200005, 21.822088934000078], [90.09294681100005, 21.83026764500005], [90.08855228000004, 21.84674713700008], [90.09538821700005, 21.859442450000074], [90.11247806100005, 21.856268622000073], [90.10499108200008, 21.870266018000052], [90.11085045700008, 21.880113023000035], [90.12086022200003, 21.88930898600006], [90.12623131600003, 21.901190497000073], [90.12452233200008, 21.90973541900007], [90.12183678500003, 21.915350653000075], [90.12134850400008, 21.921576239000046], [90.12623131600003, 21.93195221600007], [90.11622155000003, 21.91933828300006], [90.09848066500007, 21.878607489000046], [90.08887780000003, 21.86985911700009], [90.07935631600003, 21.866929429000038], [90.06690514400003, 21.85342031500005], [90.05787194100003, 21.849351304000038], [90.04932701900003, 21.85101959800005], [90.03630618600005, 21.861151434000078], [90.02442467500003, 21.862453518000052], [90.03126061300003, 21.889227606000077], [90.03394616000003, 21.94354889500005], [90.04493248800003, 21.966131903000075], [90.05420983200008, 21.97337474200009], [90.06576582100007, 21.97988515800006], [90.07715905000003, 21.987982489000046], [90.08578535200007, 22.00023021000004], [90.09058678500003, 22.015448309000078], [90.09253991000003, 22.02798086100006], [90.09595787900008, 22.04010651200008], [90.10564212300005, 22.05426666900007], [90.14673912900008, 22.089016018000052], [90.15162194100003, 22.094875393000052], [90.15886478000004, 22.10691966400009], [90.16407311300003, 22.113226630000042], [90.17286217500003, 22.117010809000078], [90.18181399800005, 22.11481354400007], [90.18970787900008, 22.11082591400009], [90.19507897200003, 22.109523830000057], [90.21615644600007, 22.12323639500005], [90.23170006600003, 22.145656643000052], [90.23910566500007, 22.172267971000053], [90.23609459700003, 22.198879299000055], [90.21827233200008, 22.15570709800005], [90.20582116000003, 22.132961330000057], [90.19166100400008, 22.123114325000074], [90.16480553500003, 22.11981842700004], [90.14828535200007, 22.11078522300005], [90.08887780000003, 22.051174221000053], [90.08179772200003, 22.04100169500009], [90.07374108200008, 22.019232489000046], [90.06104576900003, 22.000799872000073], [90.05795332100007, 21.99371979400007], [90.05241946700005, 21.98899974200009], [90.03809655000003, 21.98655833500004], [90.02816816500007, 21.988104559000078], [89.99634850400008, 22.00023021000004], [90.00212649800005, 22.014105536000045], [90.00318444100003, 22.029364325000074], [90.01075280000003, 22.04120514500005], [90.02019290500004, 22.04881419500009], [90.02898196700005, 22.05296458500004], [90.03541100400008, 22.059800523000035], [90.03809655000003, 22.075344143000052], [90.03467858200008, 22.105169989000046], [90.03907311300003, 22.11627838700008], [90.04273522200003, 22.131252346000053], [90.05209394600007, 22.141099351000037], [90.06324303500003, 22.145738023000035], [90.07260175900007, 22.152044989000046], [90.07837975400008, 22.16404857000009], [90.05258222700007, 22.155462958000044], [90.04004967500003, 22.13808828300006], [90.02442467500003, 22.089016018000052], [90.01539147200003, 22.077866929000038], [89.98853600400008, 22.05304596600007], [89.98275800900007, 22.044623114000046], [89.98519941500007, 21.99941640800006], [89.98275800900007, 21.98655833500004], [89.96778405000003, 21.974554755000042], [89.94971764400003, 21.980902411000045], [89.93441816500007, 21.997707424000055], [89.92823326900003, 22.017279364000046], [89.92628014400003, 22.027167059000078], [89.91749108200008, 22.04987213700008], [89.91456139400003, 22.061672268000052], [89.91236412900008, 22.135565497000073], [89.90308678500003, 22.176906643000052], [89.90088951900003, 22.201971747000073], [89.89828535200007, 22.21165599200009], [89.88550866000003, 22.230617580000057], [89.88038170700008, 22.24042389500005], [89.87663821700005, 22.25348541900007], [89.87533613400007, 22.26398346600007], [89.87680097700007, 22.274725653000075], [89.88038170700008, 22.288234768000052], [89.90015709700003, 22.333929755000042], [89.98275800900007, 22.445257880000042], [89.98829186300003, 22.45774974200009], [89.99195397200003, 22.469875393000052], [89.99789472700007, 22.480861721000053], [90.01010175900007, 22.49022044500009], [89.98275800900007, 22.473211981000077], [89.97950280000003, 22.470078843000067], [89.94743899800005, 22.43968333500004], [89.93360436300003, 22.423529364000046], [89.92823326900003, 22.40770091400009], [89.92042076900003, 22.391831773000035], [89.90308678500003, 22.396429755000042], [89.87289472700007, 22.41860586100006], [89.87484785200007, 22.397650458000044], [89.88054446700005, 22.380601304000038], [89.88412519600007, 22.36351146000004], [89.88038170700008, 22.342230536000045], [89.83871504000007, 22.26776764500005], [89.85084069100003, 22.246527411000045], [89.86133873800003, 22.211004950000074], [89.87289472700007, 22.14362213700008], [89.87427819100003, 22.10883209800005], [89.87134850400008, 22.091864325000074], [89.86296634200005, 22.079046942000048], [89.84620201900003, 22.07062409100007], [89.83155358200008, 22.071966864000046], [89.81617272200003, 22.075995184000078], [89.79721113400007, 22.075995184000078], [89.79721113400007, 22.068508205000057], [89.81836998800003, 22.06004466400009], [89.83594811300003, 22.04946523600006], [89.84791100400008, 22.03388092700004], [89.85238691500007, 22.01044342700004], [89.85108483200008, 22.000881252000056], [89.84595787900008, 21.982896226000037], [89.84620201900003, 21.972316799000055], [89.85027103000004, 21.96312083500004], [89.86378014400003, 21.943304755000042], [89.87183678500003, 21.924261786000045], [89.88160241000003, 21.912990627000056], [89.88721764400003, 21.900091864000046], [89.88038170700008, 21.88418203300006], [89.87322024800005, 21.88157786700009], [89.85092207100007, 21.877508856000077], [89.82520592500003, 21.856268622000073], [89.81959069100003, 21.849554755000042], [89.81763756600003, 21.844916083000044], [89.81421959700003, 21.84080638200004], [89.80469811300003, 21.835760809000078], [89.78638756600003, 21.828924872000073], [89.77572675900007, 21.82758209800005], [89.77116946700005, 21.83234284100007], [89.76587975400008, 21.84674713700008], [89.75342858200008, 21.843898830000057], [89.73845462300005, 21.834418036000045], [89.72584069100003, 21.828924872000073], [89.70915774800005, 21.83006419500009], [89.69044030000003, 21.833726304000038], [89.67335045700008, 21.84007396000004], [89.66130618600005, 21.849351304000038], [89.65691165500004, 21.857123114000046], [89.65316816500007, 21.867743231000077], [89.65259850400008, 21.878851630000042], [89.66334069100003, 21.896307684000078], [89.66130618600005, 21.90582916900007], [89.64698326900003, 21.925116278000075], [89.61898847700007, 21.86985911700009], [89.63038170700008, 21.85146719000005], [89.64975019600007, 21.82636139500005], [89.67204837300005, 21.80426666900007], [89.69206790500004, 21.79482656500005], [89.70069420700008, 21.784857489000046], [89.68995201900003, 21.76520416900007], [89.66822350400008, 21.750881252000056], [89.64356530000003, 21.75690338700008], [89.63152103000004, 21.764064846000053], [89.62037194100003, 21.76434967700004], [89.59546959700003, 21.75999583500004], [89.59278405000003, 21.754380601000037], [89.60377037900008, 21.727687893000052], [89.60596764400003, 21.71906159100007], [89.58692467500003, 21.700832424000055], [89.56568444100003, 21.713364976000037], [89.53711998800003, 21.75381094000005], [89.53891035200007, 21.77147044500009], [89.52735436300003, 21.81281159100007], [89.53028405000003, 21.835760809000078], [89.53834069100003, 21.84861888200004], [89.55689537900008, 21.868801174000055], [89.56446373800003, 21.88418203300006], [89.56763756600003, 21.90070221600007], [89.56348717500003, 21.973130601000037], [89.57129967500003, 22.03123607000009], [89.57667076900003, 22.051703192000048], [89.60059655000003, 22.09125397300005], [89.60596764400003, 22.113226630000042], [89.60254967500003, 22.134507554000038], [89.59376061300003, 22.155422268000052], [89.58139082100007, 22.17405833500004], [89.56788170700008, 22.18891022300005], [89.56723066500007, 22.202826239000046], [89.59791100400008, 22.240301825000074], [89.60596764400003, 22.25690338700008], [89.60710696700005, 22.278265692000048], [89.61060631600003, 22.298895575000074], [89.61695397200003, 22.318426825000074], [89.62647545700008, 22.336004950000074], [89.61548912900008, 22.328273830000057], [89.60621178500003, 22.315619208000044], [89.59245853000004, 22.288234768000052], [89.58082116000003, 22.27724844000005], [89.57715905000003, 22.268500067000048], [89.58619225400008, 22.245428778000075], [89.58033287900008, 22.236761786000045], [89.56104576900003, 22.223089911000045], [89.54916425900007, 22.20526764500005], [89.55030358200008, 22.19212474200009], [89.57129967500003, 22.157904364000046], [89.57634524800005, 22.14549388200004], [89.57878665500004, 22.135891018000052], [89.57935631600003, 22.113226630000042], [89.57699629000007, 22.101263739000046], [89.56674238400007, 22.082098700000074], [89.56446373800003, 22.072211005000042], [89.55648847700007, 22.00844961100006], [89.55144290500004, 21.99404531500005], [89.53288821700005, 21.98468659100007], [89.52475019600007, 22.000148830000057], [89.52344811300003, 22.044623114000046], [89.52613366000003, 22.055121161000045], [89.53646894600007, 22.075832424000055], [89.53711998800003, 22.089016018000052], [89.49203535200007, 22.188381252000056], [89.48943118600005, 22.208807684000078], [89.49415123800003, 22.253566799000055], [89.49301191500007, 22.273504950000074], [89.48316491000003, 22.295070705000057], [89.47575931100005, 22.295070705000057], [89.46745853000004, 22.228989976000037], [89.47575931100005, 22.10260651200008], [89.48316491000003, 22.10260651200008], [89.48406009200005, 22.11668528900009], [89.48878014400003, 22.12958405200004], [89.49415123800003, 22.136867580000057], [89.49683678500003, 22.133978583000044], [89.49822024800005, 22.12531159100007], [89.50171959700003, 22.113104559000078], [89.50684655000003, 22.10101959800005], [89.51295006600003, 22.09243398600006], [89.51832116000003, 22.081000067000048], [89.51742597700007, 22.066473700000074], [89.50912519600007, 22.04120514500005], [89.50416100400008, 22.03668854400007], [89.49187259200005, 22.03457265800006], [89.48943118600005, 22.03123607000009], [89.49040774800005, 22.023993231000077], [89.49268639400003, 22.019191799000055], [89.49683678500003, 22.01386139500005], [89.50049889400003, 22.00259023600006], [89.51270592500003, 21.97809479400007], [89.52003014400003, 21.969183661000045], [89.52182050900007, 21.96230703300006], [89.51254316500007, 21.909125067000048], [89.50228925900007, 21.89752838700008], [89.48910566500007, 21.888373114000046], [89.47575931100005, 21.876695054000038], [89.46461022200003, 21.859198309000078], [89.46363366000003, 21.845038153000075], [89.46705162900008, 21.828599351000037], [89.46949303500003, 21.804388739000046], [89.46583092500003, 21.781317450000074], [89.45622806100005, 21.76239655200004], [89.44271894600007, 21.746649481000077], [89.40642337300005, 21.717352606000077], [89.39519290500004, 21.71637604400007], [89.36963951900003, 21.743312893000052], [89.36426842500003, 21.758205471000053], [89.36280358200008, 21.78384023600006], [89.36589603000004, 21.828924872000073], [89.37126712300005, 21.84715403900009], [89.38428795700008, 21.877834377000056], [89.38697350400008, 21.901190497000073], [89.38266035200007, 21.92133209800005], [89.36402428500003, 21.95506419500009], [89.35962975400008, 21.972316799000055], [89.35222415500004, 21.972316799000055], [89.34595787900008, 21.95701732000009], [89.34880618600005, 21.944159247000073], [89.35523522200003, 21.93162669500009], [89.35962975400008, 21.917669989000046], [89.35962975400008, 21.901678778000075], [89.35596764400003, 21.892523505000042], [89.33912194100003, 21.876695054000038], [89.32886803500003, 21.86465078300006], [89.32260175900007, 21.854641018000052], [89.30616295700008, 21.817613023000035], [89.30128014400003, 21.809393622000073], [89.29623457100007, 21.809068101000037], [89.29070071700005, 21.822088934000078], [89.28394616000003, 21.822088934000078], [89.28443444100003, 21.796820380000042], [89.29468834700003, 21.75779857000009], [89.29070071700005, 21.733343817000048], [89.27369225400008, 21.69879791900007], [89.27662194100003, 21.687567450000074], [89.29753665500004, 21.678127346000053], [89.28589928500003, 21.66559479400007], [89.26872806100005, 21.653998114000046], [89.24870853000004, 21.64590078300006], [89.22925866000003, 21.64394765800006], [89.21045983200008, 21.654120184000078], [89.20443769600007, 21.672674872000073], [89.20826256600003, 21.690619208000044], [89.21859785200007, 21.698553778000075], [89.22071373800003, 21.709418036000045], [89.18970787900008, 21.79124583500004], [89.18824303500003, 21.799709377000056], [89.18767337300005, 21.81150950700004], [89.18336022200003, 21.815619208000044], [89.17408287900008, 21.81004466400009], [89.16456139400003, 21.80019765800006], [89.16041100400008, 21.79132721600007], [89.15455162900008, 21.786851304000038], [89.14128665500004, 21.790228583000044], [89.11939537900008, 21.80097077000005], [89.10906009200005, 21.809515692000048], [89.10466556100005, 21.81586334800005], [89.07992597700007, 21.897406317000048], [89.07781009200005, 21.91425202000005], [89.08041425900007, 21.934881903000075], [89.09107506600003, 21.97679271000004], [89.09148196700005, 22.00023021000004], [89.08423912900008, 22.021185614000046], [89.06202233200008, 22.04950592700004], [89.05738366000003, 22.06509023600006], [89.06348717500003, 22.111029364000046], [89.06039472700007, 22.12986888200004], [89.06031334700003, 22.130601304000038], [89.04371178500003, 22.13739655200004], [89.04859459700003, 22.12295156500005], [89.04566491000003, 22.11204661700009], [89.03988691500007, 22.100897528000075], [89.03687584700003, 22.085598049000055], [89.04004967500003, 22.069525458000044], [89.05404707100007, 22.04364655200004], [89.05738366000003, 22.03123607000009], [89.06560306100005, 21.96710846600007], [89.06088300900007, 21.93846263200004], [89.03687584700003, 21.925116278000075], [89.02312259200005, 21.93109772300005], [89.01303144600007, 21.929429429000038], [89.00806725400008, 21.92055898600006], [89.00953209700003, 21.90460846600007], [88.99301191500007, 21.912665106000077], [88.96045983200008, 21.93431224200009], [88.94467207100007, 21.938788153000075], [88.93783613400007, 21.94871653900009], [88.93458092500003, 21.969305731000077], [88.92872155000003, 21.98655833500004], [88.91391035200007, 21.98655833500004], [88.90503991000003, 21.96942780200004], [88.91081790500004, 21.946478583000044], [88.92408287900008, 21.926336981000077], [88.93783613400007, 21.917669989000046], [88.95191491000003, 21.913885809000078], [88.96827233200008, 21.904730536000045], [88.99586022200003, 21.88418203300006], [89.01587975400008, 21.853338934000078], [89.03093509200005, 21.770453192000048], [89.04371178500003, 21.733343817000048], [89.04786217500003, 21.72801341400009], [89.06788170700008, 21.709133205000057], [89.08277428500003, 21.678208726000037], [89.08521569100003, 21.674709377000056], [89.08822675900007, 21.633734442000048], [89.08269290500004, 21.617336330000057], [89.06421959700003, 21.609198309000078], [89.05323326900003, 21.609808661000045], [89.04468834700003, 21.61351146000004], [89.03882897200003, 21.61945221600007], [89.03687584700003, 21.626898505000042], [89.03394616000003, 21.633246161000045], [89.02759850400008, 21.62457916900007], [89.02165774800005, 21.611802476000037], [89.01978600400008, 21.60610586100006], [89.00025475400008, 21.60342031500005], [88.97575931100005, 21.61591217700004], [88.93384850400008, 21.64394765800006], [88.89698326900003, 21.650132554000038], [88.89161217500003, 21.653509833000044], [88.88607832100007, 21.661810614000046], [88.88160241000003, 21.672023830000057], [88.87208092500003, 21.74900950700004], [88.86605879000007, 21.766831773000035], [88.85865319100003, 21.766831773000035], [88.85572350400008, 21.748846747000073], [88.84156334700003, 21.71625397300005], [88.83822675900007, 21.701971747000073], [88.84294681100005, 21.684149481000077], [88.85987389400003, 21.65257396000004], [88.85865319100003, 21.636542059000078], [88.84424889400003, 21.622219143000052], [88.82398522200003, 21.617254950000074], [88.80583743600005, 21.622870184000078], [88.79786217500003, 21.64020416900007], [88.81478925900007, 21.65387604400007], [88.81836998800003, 21.65761953300006], [88.81853274800005, 21.665838934000078], [88.81666100400008, 21.675034898000035], [88.81088300900007, 21.69171784100007], [88.80494225400008, 21.67186107000009], [88.80046634200005, 21.661851304000038], [88.79420006600003, 21.65761953300006], [88.78402754000007, 21.655951239000046], [88.77906334700003, 21.651190497000073], [88.77711022200003, 21.64354075700004], [88.77686608200008, 21.63344961100006], [88.78174889400003, 21.61424388200004], [88.79102623800003, 21.598863023000035], [88.79664147200003, 21.584418036000045], [88.79053795700008, 21.56826406500005], [88.76246178500003, 21.555853583000044], [88.72787519600007, 21.559881903000075], [88.70753014400003, 21.57831452000005], [88.72217858200008, 21.609198309000078], [88.68799889400003, 21.678127346000053], [88.68490644600007, 21.697211005000042], [88.70362389400003, 21.810614325000074], [88.69800866000003, 21.825506903000075], [88.69450931100005, 21.83982982000009], [88.71469160200007, 21.89785390800006], [88.71697024800005, 21.951971747000073], [88.72217858200008, 21.966131903000075], [88.73316491000003, 21.97719961100006], [88.74683678500003, 21.987127997000073], [88.75831139400003, 21.99945709800005], [88.76303144600007, 22.017279364000046], [88.75464928500003, 22.037583726000037], [88.71705162900008, 22.05805084800005], [88.70850670700008, 22.072211005000042], [88.71485436300003, 22.08698151200008], [88.73015384200005, 22.103583075000074], [88.76303144600007, 22.130560614000046], [88.74390709700003, 22.129339911000045], [88.72657311300003, 22.121161200000074], [88.71216881600003, 22.109035549000055], [88.70167076900003, 22.095851955000057], [88.69483483200008, 22.08152903900009], [88.69288170700008, 22.06586334800005], [88.69947350400008, 22.053208726000037], [88.71851647200003, 22.048041083000044], [88.73072350400008, 22.037176825000074], [88.72331790500004, 22.01308828300006], [88.70167076900003, 21.97601959800005], [88.69841556100005, 21.962591864000046], [88.68995201900003, 21.94599030200004], [88.67872155000003, 21.936672268000052], [88.66700280000003, 21.945013739000046], [88.65626061300003, 21.941066799000055], [88.64258873800003, 21.94090403900009], [88.63086998800003, 21.945461330000057], [88.62598717500003, 21.955511786000045], [88.62745201900003, 21.970404364000046], [88.63168379000007, 21.979803778000075], [88.64633222700007, 22.00023021000004], [88.65349368600005, 22.018011786000045], [88.65259850400008, 22.031805731000077], [88.64877363400007, 22.046047268000052], [88.64503014400003, 22.075140692000048], [88.63949629000007, 22.09723541900007], [88.63949629000007, 22.109523830000057], [88.65699303500003, 22.15106842700004], [88.67400149800005, 22.162054755000042], [88.68311608200008, 22.18496328300006], [88.67994225400008, 22.204413153000075], [88.66016686300003, 22.205023505000042], [88.66114342500003, 22.198960679000038], [88.65601647200003, 22.183254299000055], [88.64966881600003, 22.169094143000052], [88.64633222700007, 22.167792059000078], [88.64429772200003, 22.16229889500005], [88.63493899800005, 22.144964911000045], [88.63086998800003, 22.125799872000073], [88.62208092500003, 22.116034247000073], [88.61915123800003, 22.109523830000057], [88.61833743600005, 22.10297272300005], [88.61996504000007, 22.07831452000005], [88.62549889400003, 22.05927155200004], [88.62598717500003, 22.048041083000044], [88.62037194100003, 22.02997467700004], [88.60254967500003, 22.006415106000077], [88.59864342500003, 21.990301825000074], [88.60027103000004, 21.947211005000042], [88.59839928500003, 21.929348049000055], [88.56706790500004, 21.850816148000035], [88.56462649800005, 21.83234284100007], [88.56544030000003, 21.771185614000046], [88.56462649800005, 21.766831773000035], [88.58130944100003, 21.76943594000005], [88.60417728000004, 21.77875397300005], [88.62403405000003, 21.77802155200004], [88.63282311300003, 21.750067450000074], [88.63021894600007, 21.731756903000075], [88.62338300900007, 21.710272528000075], [88.61264082100007, 21.69749583500004], [88.59864342500003, 21.70538971600007], [88.59180748800003, 21.70538971600007], [88.59961998800003, 21.637274481000077], [88.59506269600007, 21.612127997000073], [88.57813561300003, 21.623439846000053], [88.57813561300003, 21.57168203300006], [88.57227623800003, 21.557928778000075], [88.55892988400007, 21.555568752000056], [88.54476972700007, 21.56199778900009], [88.53646894600007, 21.575100002000056], [88.53028405000003, 21.564398505000042], [88.52963300900007, 21.55337148600006], [88.53443444100003, 21.542914130000042], [88.54395592500003, 21.534084377000056], [88.51295006600003, 21.524644273000035], [88.49390709700003, 21.534816799000055], [88.48796634200005, 21.55654531500005], [88.49561608200008, 21.581854559000078], [88.50212649800005, 21.58934153900009], [88.50879967500003, 21.59438711100006], [88.51400800900007, 21.600816148000035], [88.51612389400003, 21.612616278000075], [88.51661217500003, 21.62641022300005], [88.51880944100003, 21.639146226000037], [88.52295983200008, 21.64988841400009], [88.52963300900007, 21.65761953300006], [88.50953209700003, 21.71230703300006], [88.50489342500003, 21.741522528000075], [88.51270592500003, 21.763413804000038], [88.53288821700005, 21.795314846000053], [88.53101647200003, 21.82412344000005], [88.51587975400008, 21.850816148000035], [88.49561608200008, 21.876695054000038], [88.51465905000003, 21.91620514500005], [88.51498457100007, 21.937201239000046], [88.49561608200008, 21.95180898600006], [88.49984785200007, 21.933661200000074], [88.49236087300005, 21.922023830000057], [88.48121178500003, 21.909898179000038], [88.47445722700007, 21.890326239000046], [88.47706139400003, 21.87181224200009], [88.49203535200007, 21.837144273000035], [88.49561608200008, 21.81867096600007], [88.49350019600007, 21.805161851000037], [88.48829186300003, 21.803656317000048], [88.48145592500003, 21.805161851000037], [88.47445722700007, 21.80097077000005], [88.46827233200008, 21.77724844000005], [88.45769290500004, 21.75885651200008], [88.45337975400008, 21.74176666900007], [88.45215905000003, 21.722805080000057], [88.45476321700005, 21.70538971600007], [88.46859785200007, 21.67715078300006], [88.47217858200008, 21.663275458000044], [88.46827233200008, 21.64394765800006], [88.45630944100003, 21.62400950700004], [88.44190514400003, 21.616156317000048], [88.42611738400007, 21.611029364000046], [88.40967858200008, 21.599269924000055], [88.39307701900003, 21.60024648600006], [88.38355553500003, 21.631415106000077], [88.38282311300003, 21.67133209800005], [88.39258873800003, 21.698553778000075], [88.38062584700003, 21.696193752000056], [88.36451256600003, 21.68695709800005], [88.35572350400008, 21.68496328300006], [88.34620201900003, 21.688625393000052], [88.34066816500007, 21.69749583500004], [88.33643639400003, 21.708726304000038], [88.33122806100005, 21.71906159100007], [88.32634524800005, 21.711086330000057], [88.32471764400003, 21.70136139500005], [88.32740319100003, 21.691107489000046], [88.34571373800003, 21.67059967700004], [88.34945722700007, 21.660956122000073], [88.34880618600005, 21.65029531500005], [88.34546959700003, 21.636542059000078], [88.33545983200008, 21.615790106000077], [88.32178795700008, 21.60565827000005], [88.30974368600005, 21.610174872000073], [88.30445397200003, 21.63344961100006], [88.30201256600003, 21.74518463700008], [88.29818769600007, 21.764105536000045], [88.28980553500003, 21.780218817000048], [88.27312259200005, 21.79791901200008], [88.26156660200007, 21.798651434000078], [88.26417076900003, 21.77529531500005], [88.29542076900003, 21.676581122000073], [88.29704837300005, 21.65387604400007], [88.29444420700008, 21.64280833500004], [88.28419030000003, 21.621242580000057], [88.28337649800005, 21.609198309000078], [88.28760826900003, 21.60028717700004], [88.30062910200007, 21.58934153900009], [88.30445397200003, 21.581854559000078], [88.30583743600005, 21.57168203300006], [88.30372155000003, 21.568793036000045], [88.29786217500003, 21.566555080000057], [88.28711998800003, 21.558294989000046], [88.27898196700005, 21.555161851000037], [88.26612389400003, 21.553859768000052], [88.25440514400003, 21.55467357000009], [88.24927819100003, 21.558294989000046], [88.24594160200007, 21.579901434000078], [88.23747806100005, 21.601711330000057], [88.22437584700003, 21.613023179000038], [88.20826256600003, 21.60297272300005], [88.18946373800003, 21.641791083000044], [88.18189537900008, 21.665228583000044], [88.18091881600003, 21.68496328300006], [88.19044030000003, 21.70408763200004], [88.20346113400007, 21.724351304000038], [88.21045983200008, 21.747259833000044], [88.20142662900008, 21.774318752000056], [88.20972741000003, 21.78856028900009], [88.20378665500004, 21.80540599200009], [88.15406334700003, 21.88808828300006], [88.15642337300005, 21.89785390800006], [88.15943444100003, 21.90615469000005], [88.14673912900008, 21.95921458500004], [88.14991295700008, 21.976385809000078], [88.15626061300003, 21.99087148600006], [88.16431725400008, 22.003119208000044], [88.20679772200003, 22.05337148600006], [88.22242272200003, 22.077948309000078], [88.21273847700007, 22.100043036000045], [88.20337975400008, 22.15176015800006], [88.19800866000003, 22.167792059000078], [88.16529381600003, 22.18500397300005], [88.11841881600003, 22.20018138200004], [88.08130944100003, 22.217352606000077], [88.07732181100005, 22.24042389500005], [88.05974368600005, 22.22947825700004], [88.04346764400003, 22.224758205000057], [88.02702884200005, 22.227850653000075], [88.00904381600003, 22.24042389500005], [87.98511803500003, 22.26593659100007], [87.97266686300003, 22.28318919500009], [87.96745853000004, 22.298488674000055], [87.96420332100007, 22.319281317000048], [87.95069420700008, 22.35618724200009], [87.94752037900008, 22.373846747000073], [87.94613691500007, 22.394924221000053], [87.94044030000003, 22.413031317000048], [87.92798912900008, 22.424221096000053], [87.90658613400007, 22.424750067000048], [87.90658613400007, 22.41860586100006], [87.92286217500003, 22.397772528000075], [87.93580162900008, 22.355169989000046], [87.94752037900008, 22.27765534100007], [87.95281009200005, 22.26243724200009], [87.96534264400003, 22.24481842700004], [87.99195397200003, 22.21588776200008], [88.00847415500004, 22.204901434000078], [88.02540123800003, 22.200913804000038], [88.05738366000003, 22.198879299000055], [88.09546959700003, 22.191229559000078], [88.13257897200003, 22.17914459800005], [88.16098066500007, 22.15656159100007], [88.17351321700005, 22.116888739000046], [88.16431725400008, 22.089789130000042], [88.14063561300003, 22.06012604400007], [88.11117597700007, 22.034857489000046], [88.08472741000003, 22.020697333000044], [88.04859459700003, 22.020738023000035], [88.04314212300005, 22.017279364000046], [88.04517662900008, 22.00653717700004], [88.04900149800005, 21.995428778000075], [88.05079186300003, 21.98501211100006], [88.04688561300003, 21.97601959800005], [88.03239993600005, 21.957180080000057], [87.98365319100003, 21.85419342700004], [87.97046959700003, 21.836493231000077], [87.95777428500003, 21.828924872000073], [87.94800866000003, 21.825384833000044], [87.90902754000007, 21.79881419500009], [87.90219160200007, 21.796820380000042], [87.89918053500003, 21.79482656500005], [87.89568118600005, 21.78937409100007], [87.89478600400008, 21.77875397300005], [87.89291425900007, 21.774318752000056], [87.86719811300003, 21.750799872000073], [87.83399498800003, 21.729315497000073], [87.75570722700007, 21.69171784100007], [87.70378665500004, 21.655503648000035], [87.68384850400008, 21.650132554000038], [87.64210045700008, 21.652085679000038], [87.62134850400008, 21.65062083500004], [87.47738691500007, 21.61359284100007], [87.46876061300003, 21.611395575000074], [87.40495853000004, 21.58665599200009], [87.34180748800003, 21.56240469000005], [87.29346764400003, 21.553656317000048], [87.25611412900008, 21.56199778900009], [87.24594160200007, 21.556586005000042], [87.23519941500007, 21.554510809000078], [87.21143639400003, 21.55459219000005], [87.20093834700003, 21.551988023000035], [87.11304772200003, 21.507961330000057], [87.06373131600003, 21.475002346000053], [86.91765384200005, 21.327378648000035], [86.86695397200003, 21.25604889500005], [86.83725019600007, 21.174709377000056], [86.84400475400008, 21.08222077000005], [86.95215905000003, 20.84910716400009], [86.96566816500007, 20.805975653000075], [86.95386803500003, 20.780585028000075], [86.93628991000003, 20.787502346000053], [86.91651451900003, 20.78807200700004], [86.87875410200007, 20.780585028000075], [86.88933353000004, 20.764471747000073], [86.91065514400003, 20.756415106000077], [86.95720462300005, 20.753241278000075], [86.97999108200008, 20.755560614000046], [86.98658287900008, 20.75185781500005], [86.99488366000003, 20.73895905200004], [87.00001061300003, 20.728216864000046], [87.00180097700007, 20.71898021000004], [86.99870853000004, 20.71112702000005], [86.98861738400007, 20.704250393000052], [86.97575931100005, 20.710679429000038], [86.96119225400008, 20.712836005000042], [86.94825280000003, 20.709051825000074], [86.94019616000003, 20.69798411700009], [86.95191491000003, 20.697007554000038], [86.96119225400008, 20.695054429000038], [86.96851647200003, 20.691148179000038], [86.97429446700005, 20.684393622000073], [86.98170006600003, 20.685370184000078], [86.98650149800005, 20.684393622000073], [86.99024498800003, 20.67999909100007], [86.99488366000003, 20.670721747000073], [87.01937910200007, 20.68036530200004], [87.03337649800005, 20.69017161700009], [87.04322350400008, 20.69798411700009], [87.02751712300005, 20.67967357000009], [87.00359134200005, 20.657049872000073], [86.97624759200005, 20.637884833000044], [86.92318769600007, 20.62173086100006], [86.77418053500003, 20.51194896000004], [86.75147545700008, 20.489162502000056], [86.73389733200008, 20.462225653000075], [86.72461998800003, 20.43195221600007], [86.72046959700003, 20.368475653000075], [86.74195397200003, 20.37954336100006], [86.75635826900003, 20.393744208000044], [86.76978600400008, 20.40070221600007], [86.78874759200005, 20.39012278900009], [86.78825931100005, 20.402818101000037], [86.78980553500003, 20.41469961100006], [86.79615319100003, 20.437323309000078], [86.80982506600003, 20.41510651200008], [86.79420006600003, 20.378159898000035], [86.76832116000003, 20.343451239000046], [86.75147545700008, 20.328070380000042], [86.73926842500003, 20.32420482000009], [86.71973717500003, 20.31509023600006], [86.70167076900003, 20.30377838700008], [86.69369550900007, 20.29393138200004], [86.70167076900003, 20.28465403900009], [86.71973717500003, 20.29173411700009], [86.75464928500003, 20.31443919500009], [86.71745853000004, 20.286932684000078], [86.62818444100003, 20.235256252000056], [86.58383222700007, 20.21820709800005], [86.53419030000003, 20.20612213700008], [86.51148522200003, 20.19745514500005], [86.49512780000003, 20.184068101000037], [86.49040774800005, 20.17405833500004], [86.47885175900007, 20.129339911000045], [86.46851647200003, 20.10927969000005], [86.46713300900007, 20.094671942000048], [86.41504967500003, 20.036322333000044], [86.39144941500007, 20.02020905200004], [86.39673912900008, 20.00995514500005], [86.40414472700007, 20.00263092700004], [86.41407311300003, 19.998846747000073], [86.42628014400003, 19.999172268000052], [86.39722741000003, 19.982855536000045], [86.34839928500003, 20.00885651200008], [86.27540123800003, 20.06736888200004], [86.23129316500007, 20.064886786000045], [86.20915774800005, 20.06663646000004], [86.19971764400003, 20.077948309000078], [86.19597415500004, 20.08030833500004], [86.17302493600005, 20.10219961100006], [86.16846764400003, 20.11318594000005], [86.16309655000003, 20.134833075000074], [86.15870201900003, 20.143133856000077], [86.15251712300005, 20.143133856000077], [86.14503014400003, 20.122015692000048], [86.15430748800003, 20.089992580000057], [86.15870201900003, 20.08104075700004], [86.16773522200003, 20.07294342700004], [86.18775475400008, 20.063666083000044], [86.21371504000007, 20.04242584800005], [86.23023522200003, 20.035305080000057], [86.26856530000003, 20.02643463700008], [86.27344811300003, 20.026190497000073], [86.28467858200008, 20.027492580000057], [86.28907311300003, 20.02643463700008], [86.29322350400008, 20.021429755000042], [86.29411868600005, 20.015692450000074], [86.29420006600003, 20.01040273600006], [86.29590905000003, 20.00657786700009], [86.30290774800005, 19.99909088700008], [86.30811608200008, 19.99209219000005], [86.31495201900003, 19.986883856000077], [86.32667076900003, 19.984849351000037], [86.34156334700003, 19.97988515800006], [86.35645592500003, 19.970404364000046], [86.37240644600007, 19.964992580000057], [86.26856530000003, 19.91034577000005], [86.11158287900008, 19.85569896000004], [86.08904056100005, 19.844224351000037], [86.07837975400008, 19.843573309000078], [86.06674238400007, 19.851996161000045], [86.05665123800003, 19.85687897300005], [86.04656009200005, 19.85252513200004], [86.03793379000007, 19.84528229400007], [86.03207441500007, 19.841498114000046], [86.01351972700007, 19.839056708000044], [85.88884524800005, 19.80296458500004], [85.84636478000004, 19.795843817000048], [85.80860436300003, 19.773382880000042], [85.78882897200003, 19.765692450000074], [85.77808678500003, 19.76463450700004], [85.74439537900008, 19.765692450000074], [85.73438561300003, 19.763617255000042], [85.71485436300003, 19.75421784100007], [85.68458092500003, 19.747748114000046], [85.62427819100003, 19.718573309000078], [85.62598717500003, 19.72288646000004], [85.63599694100003, 19.726629950000074], [85.63795006600003, 19.731634833000044], [85.61426842500003, 19.72793203300006], [85.54916425900007, 19.690619208000044], [85.48047936300003, 19.66632721600007], [85.45679772200003, 19.663316148000035], [85.44988040500004, 19.66669342700004], [85.44752037900008, 19.674627997000073], [85.44678795700008, 19.690619208000044], [85.44312584700003, 19.69245026200008], [85.43685957100007, 19.691351630000042], [85.43043053500003, 19.69171784100007], [85.42628014400003, 19.69745514500005], [85.42701256600003, 19.70408763200004], [85.43165123800003, 19.704901434000078], [85.43685957100007, 19.70465729400007], [85.43930097700007, 19.70799388200004], [85.45085696700005, 19.71629466400009], [85.47754967500003, 19.723863023000035], [85.52198326900003, 19.739081122000073], [85.52556399800005, 19.734035549000055], [85.52344811300003, 19.72870514500005], [85.51889082100007, 19.721584377000056], [85.51498457100007, 19.71112702000005], [85.55884850400008, 19.738104559000078], [85.57650800900007, 19.745835679000038], [85.56763756600003, 19.750799872000073], [85.56324303500003, 19.75690338700008], [85.56413821700005, 19.76439036700009], [85.57032311300003, 19.773179429000038], [85.56714928500003, 19.79165273600006], [85.57032311300003, 19.87563711100006], [85.55713951900003, 19.881781317000048], [85.51498457100007, 19.88930898600006], [85.47681725400008, 19.90102773600006], [85.46355228000004, 19.902899481000077], [85.44011478000004, 19.896226304000038], [85.41627037900008, 19.879787502000056], [85.37452233200008, 19.83779531500005], [85.31959069100003, 19.79364655200004], [85.30420983200008, 19.792669989000046], [85.29029381600003, 19.789943752000056], [85.27808678500003, 19.785589911000045], [85.26807701900003, 19.78001536700009], [85.24683678500003, 19.762640692000048], [85.22095787900008, 19.736029364000046], [85.20337975400008, 19.70726146000004], [85.20655358200008, 19.68378327000005], [85.18995201900003, 19.67096588700008], [85.17514082100007, 19.63690827000005], [85.16553795700008, 19.625799872000073], [85.15015709700003, 19.61347077000005], [85.14014733200008, 19.596584377000056], [85.13933353000004, 19.579779364000046], [85.15137780000003, 19.56777578300006], [85.15137780000003, 19.560288804000038], [85.13917076900003, 19.557074286000045], [85.12289472700007, 19.54901764500005], [85.10889733200008, 19.53896719000005], [85.10287519600007, 19.52960846600007], [85.10450280000003, 19.514878648000035], [85.10873457100007, 19.506781317000048], [85.11548912900008, 19.507473049000055], [85.12403405000003, 19.519354559000078], [85.12875410200007, 19.509507554000038], [85.13021894600007, 19.49872467700004], [85.12867272200003, 19.487982489000046], [85.12403405000003, 19.478338934000078], [85.13575280000003, 19.481594143000052], [85.14177493600005, 19.487127997000073], [85.14576256600003, 19.493475653000075], [85.15137780000003, 19.498846747000073], [85.16244550900007, 19.50348541900007], [85.17115319100003, 19.504461981000077], [85.17855879000007, 19.504299221000053], [85.18555748800003, 19.505682684000078], [85.20289147200003, 19.51715729400007], [85.20191491000003, 19.527085679000038], [85.19629967500003, 19.53847890800006], [85.19922936300003, 19.55410390800006], [85.20630944100003, 19.548000393000052], [85.21452884200005, 19.547267971000053], [85.22364342500003, 19.549953518000052], [85.23324629000007, 19.55410390800006], [85.20378665500004, 19.57050202000005], [85.19304446700005, 19.573919989000046], [85.19304446700005, 19.58079661700009], [85.21290123800003, 19.58112213700008], [85.22364342500003, 19.590236721000053], [85.23259524800005, 19.60154857000009], [85.24756920700008, 19.608710028000075], [85.24756920700008, 19.614935614000046], [85.24187259200005, 19.617010809000078], [85.23731530000003, 19.62055084800005], [85.23438561300003, 19.62567780200004], [85.23324629000007, 19.632554429000038], [85.23633873800003, 19.635321356000077], [85.24781334700003, 19.653143622000073], [85.24756920700008, 19.65648021000004], [85.26075280000003, 19.656073309000078], [85.30909264400003, 19.642238674000055], [85.35059655000003, 19.67763906500005], [85.36378014400003, 19.67804596600007], [85.37435957100007, 19.674709377000056], [85.38306725400008, 19.67609284100007], [85.39144941500007, 19.690619208000044], [85.39918053500003, 19.67914459800005], [85.40316816500007, 19.67129140800006], [85.40495853000004, 19.661932684000078], [85.40528405000003, 19.64594147300005], [85.40219160200007, 19.64398834800005], [85.38868248800003, 19.63825104400007], [85.38461347700007, 19.635972398000035], [85.38217207100007, 19.63108958500004], [85.38038170700008, 19.619614976000037], [85.37794030000003, 19.614935614000046], [85.36841881600003, 19.60809967700004], [85.35230553500003, 19.599432684000078], [85.33676191500007, 19.596096096000053], [85.33008873800003, 19.60496653900009], [85.32642662900008, 19.618801174000055], [85.31836998800003, 19.619533596000053], [85.31104576900003, 19.610500393000052], [85.30909264400003, 19.595038153000075], [85.30347741000003, 19.597479559000078], [85.29379316500007, 19.599554755000042], [85.28842207100007, 19.601263739000046], [85.30250084700003, 19.58665599200009], [85.30583743600005, 19.580145575000074], [85.30290774800005, 19.573919989000046], [85.33057701900003, 19.57640208500004], [85.57650800900007, 19.690619208000044], [85.54029381600003, 19.669582424000055], [85.46338951900003, 19.63104889500005], [85.38021894600007, 19.593817450000074], [85.33668053500003, 19.57518138200004], [85.28541100400008, 19.536281643000052], [85.24057050900007, 19.518052476000037], [85.18043053500003, 19.475002346000053], [85.06950931100005, 19.37213776200008], [84.99586022200003, 19.32330963700008], [84.87208092500003, 19.219875393000052], [84.79102623800003, 19.12059153900009], [84.77776126400005, 19.11619700700004], [84.77515709700003, 19.115301825000074], [84.76441491000003, 19.123439846000053], [84.75066165500004, 19.138373114000046], [84.73878014400003, 19.147650458000044], [84.73365319100003, 19.139146226000037], [84.73121178500003, 19.12881094000005], [84.72095787900008, 19.11424388200004], [84.71998131600003, 19.101629950000074], [84.72282962300005, 19.09601471600007], [84.73536217500003, 19.083197333000044], [84.74048912900008, 19.07367584800005], [84.75684655000003, 19.09764232000009], [84.76099694100003, 19.101629950000074], [84.76783287900008, 19.10179271000004], [84.77523847700007, 19.100490627000056], [84.78003991000003, 19.09707265800006], [84.77833092500003, 19.091009833000044], [84.75114993600005, 19.053900458000044], [84.74105879000007, 19.028143622000073], [84.69947350400008, 18.977484442000048], [84.67953535200007, 18.945705471000053], [84.66504967500003, 18.930121161000045], [84.63086998800003, 18.915716864000046], [84.54786217500003, 18.796087958000044], [84.54184004000007, 18.775783596000053], [84.44825280000003, 18.68065013200004], [84.43718509200005, 18.66278717700004], [84.43262780000003, 18.645697333000044], [84.42367597700007, 18.636460679000038], [84.37045332100007, 18.601304429000038], [84.34945722700007, 18.56981028900009], [84.33285566500007, 18.55369700700004], [84.31226647200003, 18.546698309000078], [84.30632571700005, 18.54368724200009], [84.28858483200008, 18.529771226000037], [84.28174889400003, 18.52558014500005], [84.27271569100003, 18.524318752000056], [84.25001061300003, 18.524237372000073], [84.24691816500007, 18.52558014500005], [84.23764082100007, 18.510931708000044], [84.24935957100007, 18.501654364000046], [84.27100670700008, 18.50018952000005], [84.29769941500007, 18.51630280200004], [84.32618248800003, 18.53742096600007], [84.34994550900007, 18.55292389500005], [84.33122806100005, 18.53864166900007], [84.28793379000007, 18.50576406500005], [84.24008222700007, 18.460760809000078], [84.23047936300003, 18.446234442000048], [84.18832441500007, 18.418036200000074], [84.17448978000004, 18.39984772300005], [84.15284264400003, 18.383612372000073], [84.14389082100007, 18.374823309000078], [84.13892662900008, 18.364162502000056], [84.13648522200003, 18.353583075000074], [84.13282311300003, 18.343410549000055], [84.12403405000003, 18.333807684000078], [84.11312910200007, 18.29828522300005], [84.07740319100003, 18.271551825000074], [83.77515709700003, 18.139593817000048], [83.61394290500004, 18.04515208500004], [83.58228600400008, 18.01911041900007], [83.57618248800003, 18.00975169500009], [83.56283613400007, 17.98309967700004], [83.55836022200003, 17.97752513200004], [83.55665123800003, 17.973456122000073], [83.53891035200007, 17.956284898000092], [83.53443444100003, 17.95331452000005], [83.52613366000003, 17.942531643000052], [83.48658287900008, 17.916896877000056], [83.47291100400008, 17.902492580000057], [83.46558678500003, 17.902492580000057], [83.46290123800003, 17.90851471600007], [83.45191491000003, 17.92291901200008], [83.44898522200003, 17.90688711100006], [83.45240319100003, 17.88621653900009], [83.45297285200007, 17.868475653000075], [83.43116295700008, 17.85423411700009], [83.42530358200008, 17.83860911700009], [83.41773522200003, 17.80621979400007], [83.40235436300003, 17.784491278000075], [83.34131920700008, 17.71743398600006], [83.31910241000003, 17.703192450000074], [83.31324303500003, 17.70115794500009], [83.30437259200005, 17.692206122000073], [83.29859459700003, 17.69013092700004], [83.29273522200003, 17.691148179000038], [83.28956139400003, 17.69326406500005], [83.28744550900007, 17.695379950000074], [83.28467858200008, 17.69635651200008], [83.28223717500003, 17.699286200000074], [83.28028405000003, 17.705959377000056], [83.27637780000003, 17.71308014500005], [83.26823978000004, 17.71747467700004], [83.24691816500007, 17.71625397300005], [83.24203535200007, 17.70652903900009], [83.24927819100003, 17.695379950000074], [83.27198326900003, 17.68813711100006], [83.29249108200008, 17.677476304000038], [83.29859459700003, 17.672796942000048], [83.29908287900008, 17.66429271000004], [83.28923587300005, 17.65761953300006], [83.26823978000004, 17.648586330000057], [83.25513756600003, 17.63812897300005], [83.24691816500007, 17.63422272300005], [83.21290123800003, 17.634914455000057], [83.23389733200008, 17.60773346600007], [83.23894290500004, 17.592962958000044], [83.22291100400008, 17.586493231000077], [83.20923912900008, 17.583685614000046], [83.19613691500007, 17.57680898600006], [83.17139733200008, 17.559800523000092], [83.08822675900007, 17.53070709800005], [83.05323326900003, 17.50649648600006], [83.01986738400007, 17.49091217700004], [82.99642988400007, 17.473456122000073], [82.97584069100003, 17.453680731000077], [82.96957441500007, 17.450100002000056], [82.95281009200005, 17.44594961100006], [82.94548587300005, 17.443101304000038], [82.89682050900007, 17.409328518000052], [82.88868248800003, 17.41014232000009], [82.88331139400003, 17.42206452000005], [82.86915123800003, 17.414007880000042], [82.85425866000008, 17.402818101000037], [82.83765709700003, 17.39276764500005], [82.79639733200008, 17.38304271000004], [82.75814863400007, 17.359198309000078], [82.71851647200003, 17.34861888200004], [82.47486412900008, 17.205959377000056], [82.45191491000008, 17.182440497000073], [82.43506920700008, 17.15379466400009], [82.42286217500003, 17.139960028000075], [82.38770592500003, 17.12693919500009], [82.37037194100003, 17.11009349200009], [82.34205162900008, 17.073187567000048], [82.31169681100005, 17.046616929000038], [82.29932701900003, 17.03034088700008], [82.28777392092665, 17.003793140053347], [82.27734675443001, 16.982504341789394], [82.2847326640318, 16.97729075854108], [82.27473996280587, 16.949919446487424], [82.26127153941438, 16.9390578147201], [82.25269616000008, 16.92918528900009], [82.25074303500008, 16.907863674000055], [82.25953367833161, 16.89083216967319], [82.27039531009893, 16.877798211552403], [82.29602876106982, 16.869108906138543], [82.30355879000007, 16.85419342700004], [82.30811608200008, 16.849554755000042], [82.31421959700003, 16.846625067000048], [82.31959069100003, 16.84723541900007], [82.32715905000003, 16.849432684000078], [82.33334394600007, 16.852118231000077], [82.33464603000004, 16.854071356000077], [82.35206139400003, 16.845404364000046], [82.3525092462599, 16.860854065995376], [82.36117597700007, 16.89134349200009], [82.36099404751315, 16.92526651235304], [82.35578046426483, 16.95481015076016], [82.34660705252884, 16.966624721002074], [82.3399097534098, 16.967732522585834], [82.3333927743494, 16.980766480706624], [82.32488378899419, 16.98834798453672], [82.33531095549083, 16.99269263724365], [82.35529635794269, 16.976182956957317], [82.36224780227379, 16.955328623964057], [82.36654707100007, 16.908636786000045], [82.35902622532029, 16.859985135453993], [82.35008277469439, 16.812824015176783], [82.34121272493938, 16.761958484471418], [82.34121272493938, 16.738497359854], [82.31449311079177, 16.73198038079361], [82.31083809901398, 16.730842714454024], [82.31088883103156, 16.73271979910463], [82.31104369414072, 16.736052962353224], [82.30561287825707, 16.748380914409136], [82.30398363349197, 16.74686028596171], [82.3030060866329, 16.74604566357916], [82.30213715609152, 16.743764720908022], [82.30099668475596, 16.742950098525473], [82.2998562134204, 16.742841482207798], [82.29866143392599, 16.74202685982525], [82.29871574208482, 16.73990884163062], [82.29784681154344, 16.739420068201092], [82.29681495652554, 16.73659604394159], [82.29686926468437, 16.734803874699978], [82.29529432807811, 16.73301170545837], [82.29507709544278, 16.73170830964629], [82.29388231594837, 16.731002303581416], [82.29295907724814, 16.729861832245845], [82.29209014670676, 16.72812397116308], [82.29105829168886, 16.727743814051223], [82.29073244273583, 16.727037807986346], [82.28877734901772, 16.725788720333103], [82.28595332475821, 16.725788720333103], [82.28323791681638, 16.726603342715652], [82.27954496201549, 16.727200732462855], [82.27655801327948, 16.727092116145183], [82.274059837973, 16.726277493762634], [82.27248490136672, 16.723887934773824], [82.27052980764861, 16.72149837578501], [82.26819455681864, 16.7213354513085], [82.2636869796352, 16.721715608420357], [82.26189481039358, 16.720792369720137], [82.2587992453399, 16.72008636365526], [82.25689845978063, 16.720357904449436], [82.25456320895066, 16.720846677878967], [82.24788330541375, 16.722150073691047], [82.24234387321242, 16.721552683943845], [82.2387595347292, 16.72176991657919], [82.23289425357484, 16.72443101636219], [82.23289425357484, 16.72600595296845], [82.23256840462182, 16.727037807986346], [82.23137362512742, 16.72796104668657], [82.22958145588579, 16.728341203798426], [82.2169445201059, 16.733431320841884], [82.21737315149234, 16.734126825915112], [82.2179162330807, 16.735864686997886], [82.2179162330807, 16.737602548080655], [82.21769900044535, 16.739123176528082], [82.2179162330807, 16.741295502881545], [82.21878516362209, 16.742924747646644], [82.22074025734021, 16.744879841364764], [82.22171780419926, 16.746183237176844], [82.22182642051693, 16.747812481941942], [82.22345566528203, 16.749007261436347], [82.22530214268248, 16.74976757566006], [82.2256279916355, 16.750310657248423], [82.22497629372945, 16.75107097147214], [82.22399874687041, 16.751939902013522], [82.22378151423506, 16.75356914677862], [82.22584522427084, 16.754546693637682], [82.22801755062432, 16.754981158908375], [82.22975541170709, 16.755089775226047], [82.23192773806055, 16.755089775226047], [82.23225358701357, 16.75617593840278], [82.23192773806055, 16.75791379948555], [82.23084157488381, 16.75986889320367], [82.22942956275406, 16.761389521651093], [82.22769170167129, 16.76193260323946], [82.22627968954154, 16.761172289015747], [82.22617107322387, 16.759434427932977], [82.2256279916355, 16.75715348526184], [82.22454182845877, 16.7565017873558], [82.2232384326467, 16.75715348526184], [82.22139195524625, 16.75856549739159], [82.22106610629322, 16.758239648438572], [82.2199799431165, 16.756719019991145], [82.22019717575184, 16.75585008944976], [82.22171780419926, 16.756393171038127], [82.22302120001135, 16.75617593840278], [82.22182642051693, 16.75346053046095], [82.22019717575184, 16.751939902013522], [82.22019717575184, 16.750202040930752], [82.21900239625744, 16.74987619197773], [82.21759038412767, 16.75117958778981], [82.21585252304492, 16.751396820425157], [82.21552667409189, 16.752591599919562], [82.21444051091515, 16.752917448872584], [82.21129063770263, 16.74976757566006], [82.21172510297333, 16.748790028801], [82.21074755611427, 16.74607462085917], [82.20716321763105, 16.742924747646644], [82.20770629921942, 16.741512735516892], [82.20868384607847, 16.740317956022487], [82.20705460131337, 16.73836286230437], [82.2053167402306, 16.73466990750348], [82.20173240174739, 16.73466990750348], [82.19651881849907, 16.735104372774174], [82.19336894528655, 16.73640776858625], [82.1915224678861, 16.737602548080655], [82.18935014153264, 16.736842233856944], [82.18848121099126, 16.73738531544531], [82.1863088846378, 16.736516384903926], [82.1858744193671, 16.73271481378536], [82.18654945281003, 16.729806993733916], [82.18924152521497, 16.729782173208186], [82.18933592606214, 16.72976329303875], [82.14206067580182, 16.72069828507779], [82.11861567391904, 16.718346911513162], [82.07430021630836, 16.715305654618312], [82.0773414732032, 16.70444402285099], [82.10775404215171, 16.697927043790596], [82.17944081181604, 16.707050814475146], [82.23244557484057, 16.711395467182076], [82.25156204675106, 16.699664904873366], [82.29761536544451, 16.696623647978516], [82.33758617034826, 16.713133328264846], [82.33814537900008, 16.67841217700004], [82.31421959700003, 16.628159898000092], [82.31234785200007, 16.61985911700009], [82.31381269600007, 16.612982489000046], [82.31283613400007, 16.60814036700009], [82.30396569100003, 16.60643138200004], [82.29932701900003, 16.61009349200009], [82.29379316500007, 16.62563711100006], [82.28687584700003, 16.628159898000092], [82.28093509200005, 16.620835679000038], [82.28549238400007, 16.60651276200008], [82.29607181100005, 16.591009833000044], [82.30738366000008, 16.579779364000046], [82.25904381600003, 16.56549713700008], [82.20346113400007, 16.51268138200004], [82.18824303500008, 16.504055080000057], [82.17302493600005, 16.500921942000048], [82.12289472700007, 16.477362372000073], [82.09066816500007, 16.454779364000046], [82.06861412900008, 16.444281317000048], [82.03736412900008, 16.447658596000053], [82.02271569100003, 16.43573639500005], [82.00782311300003, 16.419582424000055], [81.99268639400003, 16.40843333500004], [81.98170006600003, 16.407863674000055], [81.96794681100005, 16.40892161700009], [81.95622806100005, 16.407171942000048], [81.94809004000007, 16.391546942000048], [81.94076582100007, 16.388373114000046], [81.89991295700008, 16.38580963700008], [81.88054446700005, 16.381659247000073], [81.86166425900007, 16.375392971000053], [81.78321373800003, 16.33856842700004], [81.76295006600003, 16.32257721600007], [81.71762129000007, 16.312201239000046], [81.71159915500004, 16.312201239000046], [81.69605553500008, 16.314927476000037], [81.67693118600005, 16.327378648000092], [81.65626061300003, 16.33734772300005], [81.63640384200005, 16.33270905200004], [81.62094160200007, 16.339504299000055], [81.58497155000003, 16.34210846600007], [81.56812584700003, 16.34638092700004], [81.57390384200005, 16.358343817000048], [81.56918379000007, 16.367580471000053], [81.55697675900007, 16.37303294500009], [81.54021243600005, 16.37368398600006], [81.54908287900008, 16.352362372000073], [81.53598066500007, 16.350043036000045], [81.49586022200003, 16.360663153000075], [81.47535241000008, 16.358628648000092], [81.41667728000004, 16.34015534100007], [81.42115319100003, 16.35097890800006], [81.42611738400007, 16.358710028000075], [81.42823326900003, 16.365668036000045], [81.42408287900008, 16.37368398600006], [81.41138756600003, 16.382513739000046], [81.39893639400003, 16.382635809000078], [81.38697350400008, 16.376776434000078], [81.37574303500008, 16.36749909100007], [81.35962975400008, 16.374335028000075], [81.34522545700008, 16.373602606000077], [81.33155358200008, 16.36977773600006], [81.31739342500003, 16.36749909100007], [81.25961347700007, 16.33270905200004], [81.24854576900003, 16.320135809000078], [81.24984785200007, 16.311021226000037], [81.25603274800005, 16.30182526200008], [81.25961347700007, 16.28864166900007], [81.25416100400008, 16.271307684000078], [81.23031660200007, 16.24359772300005], [81.21851647200003, 16.19944896000004], [81.19027754000007, 16.13886139500005], [81.18002363400007, 16.086737372000073], [81.16195722700007, 16.057074286000045], [81.15601647200003, 16.03851959800005], [81.15544681100005, 15.985500393000052], [81.14975019600007, 15.969631252000056], [81.13510175900007, 15.966498114000046], [81.08822675900007, 15.921210028000075], [81.04330488400007, 15.894110419000071], [81.02686608200008, 15.88084544500009], [80.99887129000007, 15.84674713700008], [80.99838300900007, 15.83470286700009], [81.00294030000003, 15.82526276200008], [81.00879967500003, 15.81781647300005], [81.01254316500007, 15.81195709800005], [81.01921634200005, 15.792385158000059], [81.01905358200008, 15.78416575700004], [81.01254316500007, 15.777818101000037], [81.00473066500007, 15.778509833000044], [80.99586022200003, 15.784328518000052], [80.98829186300003, 15.791205145000049], [80.97901451900003, 15.803412177000041], [80.94947350400008, 15.827866929000038], [80.94068444100003, 15.83299388200004], [80.92164147200003, 15.83860911700009], [80.91000410200007, 15.852687893000052], [80.90430748800003, 15.871283270000049], [80.90267988400007, 15.890814520000049], [80.91016686300003, 15.96588776200008], [80.90894616000008, 15.98346588700008], [80.90601647200003, 15.999823309000078], [80.89649498800003, 16.031073309000078], [80.89226321700005, 16.02094147300005], [80.89649498800003, 16.010565497000073], [80.88900800900007, 16.003729559000078], [80.88575280000003, 16.008693752000056], [80.88282311300003, 16.011460679000038], [80.87533613400007, 16.017401434000078], [80.89128665500004, 15.978257554000038], [80.89576256600003, 15.936021226000037], [80.89014733200008, 15.89524974200009], [80.85572350400008, 15.822699286000045], [80.83025149800005, 15.747626044000071], [80.82007897200003, 15.72687409100007], [80.80713951900003, 15.716376044000071], [80.80836022200003, 15.803941148000092], [80.80274498800003, 15.84243398600006], [80.77613366000008, 15.884263414000088], [80.76010175900007, 15.892971096000053], [80.73633873800003, 15.897609768000052], [80.69044030000003, 15.90070221600007], [80.68246504000007, 15.903265692000048], [80.67628014400003, 15.907171942000048], [80.67017662900008, 15.907700914000088], [80.66309655000003, 15.90070221600007], [80.66041100400008, 15.893947658000059], [80.66285241000008, 15.889349677000041], [80.61841881600003, 15.88768138200004], [80.60010826900003, 15.882228908000059], [80.58432050900007, 15.872544664000088], [80.57113691500007, 15.868719794000071], [80.56072024800005, 15.88084544500009], [80.55388431100005, 15.88084544500009], [80.54167728000004, 15.868068752000056], [80.52588951900003, 15.856919664000088], [80.49187259200005, 15.839260158000059], [80.48267662900008, 15.836411851000037], [80.47559655000003, 15.83592357000009], [80.46908613400007, 15.834662177000041], [80.46143639400003, 15.829657294000071], [80.44548587300005, 15.814398505000042], [80.43628991000008, 15.808294989000046], [80.39332116000008, 15.797023830000057], [80.35962975400008, 15.775824286000045], [80.27963300900007, 15.700669664000088], [80.26319420700008, 15.67454661700009], [80.21949303500008, 15.56745026200008], [80.21745853000004, 15.548163153000075], [80.20134524800005, 15.51829661700009], [80.19760175900007, 15.503078518000052], [80.21119225400008, 15.496649481000077], [80.20045006600003, 15.482163804000038], [80.18384850400008, 15.452297268000052], [80.17286217500003, 15.438299872000073], [80.14031009200005, 15.406398830000057], [80.12680097700007, 15.38812897300005], [80.12126712300005, 15.370021877000056], [80.09058678500008, 15.304877020000049], [80.09253991000008, 15.296576239000046], [80.08236738400007, 15.20408763200004], [80.05298912900008, 15.092596747000073], [80.05453535200007, 15.014146226000037], [80.06153405000003, 14.974676825000074], [80.07341556100005, 14.94204336100006], [80.07300866000008, 14.92055898600006], [80.10515384200005, 14.763861395000049], [80.10816491000008, 14.714341539000088], [80.11068769600007, 14.704779364000046], [80.11695397200003, 14.698146877000056], [80.12818444100003, 14.68846263200004], [80.15186608200008, 14.672796942000048], [80.15984134200005, 14.662665106000077], [80.16635175900007, 14.628159898000092], [80.17359459700003, 14.616522528000075], [80.17847741000008, 14.60578034100007], [80.17595462300005, 14.592962958000044], [80.16968834700003, 14.58584219000005], [80.16089928500008, 14.579820054000038], [80.14185631600003, 14.571234442000048], [80.14918053500008, 14.565008856000077], [80.15935306100005, 14.565741278000075], [80.18327884200005, 14.571112372000073], [80.19019616000008, 14.571234442000048], [80.19695071700005, 14.565008856000077], [80.19605553500008, 14.559027411000045], [80.19239342500003, 14.553208726000037], [80.19019616000008, 14.54759349200009], [80.18824303500008, 14.52570221600007], [80.17595462300005, 14.46873607000009], [80.17872155000003, 14.38939036700009], [80.17497806100005, 14.344549872000073], [80.15943444100003, 14.324774481000077], [80.13705488400007, 14.269924221000053], [80.12818444100003, 14.256537177000041], [80.09791100400008, 14.254299221000053], [80.08716881600003, 14.25031159100007], [80.07178795700008, 14.232245184000078], [80.07007897200003, 14.229193427000041], [80.05502363400007, 14.221584377000056], [80.04664147200003, 14.206610419000071], [80.05062910200007, 14.196112372000073], [80.07349694100003, 14.201849677000041], [80.09099368600005, 14.216742255000042], [80.10661868600005, 14.234035549000055], [80.12110436300003, 14.242010809000078], [80.13559004000007, 14.229193427000041], [80.12338300900007, 14.193508205000057], [80.12582441500007, 14.148504950000074], [80.14966881600003, 14.027736721000053], [80.16391035200007, 13.987982489000046], [80.23715254000007, 13.839667059000078], [80.24927819100003, 13.800279039000088], [80.24545332100007, 13.755601304000038], [80.22738691500007, 13.720526434000078], [80.22095787900008, 13.696966864000046], [80.22771243600005, 13.677069403000075], [80.23804772200003, 13.660223700000074], [80.25904381600003, 13.591742255000042], [80.28809655000003, 13.527085679000038], [80.30958092500003, 13.479315497000073], [80.31373131600003, 13.440904039000088], [80.30689537900008, 13.440904039000088], [80.27776126400005, 13.512518622000073], [80.24545332100007, 13.591742255000042], [80.19727623800003, 13.64362213700008], [80.18360436300003, 13.679185289000088], [80.15251712300005, 13.718939520000049], [80.14185631600003, 13.728949286000045], [80.14177493600005, 13.649115302000041], [80.13559004000007, 13.619086005000042], [80.12126712300005, 13.62726471600007], [80.11768639400003, 13.638861395000049], [80.12126712300005, 13.663763739000046], [80.11784915500004, 13.674505927000041], [80.10987389400003, 13.68073151200008], [80.10084069100003, 13.68626536700009], [80.09400475400008, 13.69476959800005], [80.09359785200007, 13.67133209800005], [80.09131920700008, 13.659125067000048], [80.07553144600007, 13.648382880000042], [80.05298912900008, 13.619086005000042], [80.05648847700007, 13.59516022300005], [80.06950931100005, 13.574408270000049], [80.10132897200003, 13.53709544500009], [80.11207116000008, 13.511542059000078], [80.11939537900008, 13.500677802000041], [80.13184655000003, 13.496161200000074], [80.15308678500008, 13.494208075000074], [80.17595462300005, 13.48932526200008], [80.21973717500003, 13.487779039000088], [80.22771243600005, 13.485581773000092], [80.23511803500008, 13.478094794000071], [80.24341881600003, 13.472154039000088], [80.25342858200008, 13.46865469000005], [80.26018313900005, 13.468451239000046], [80.26587975400008, 13.468247789000088], [80.26238040500004, 13.451239325000074], [80.27475019600007, 13.440008856000077], [80.29314212300005, 13.42914459800005], [80.30689537900008, 13.413031317000048], [80.31226647200003, 13.423163153000075], [80.31373131600003, 13.427232164000088], [80.32699629000007, 13.430365302000041], [80.33399498800003, 13.413031317000048], [80.34400475400008, 13.375433661000045], [80.34782962300005, 13.34906647300005], [80.34555097700007, 13.321234442000048], [80.33627363400007, 13.27094147300005], [80.33415774800005, 13.24290599200009], [80.32374108200008, 13.246893622000073], [80.31983483200008, 13.249172268000052], [80.31804446700005, 13.230902411000045], [80.31373131600003, 13.215033270000049], [80.31820722700007, 13.216986395000049], [80.33415774800005, 13.221177476000037], [80.33277428500008, 13.198146877000056], [80.32422936300003, 13.180365302000041], [80.31381269600007, 13.16429271000004], [80.30689537900008, 13.146063544000071], [80.30713951900003, 13.135646877000056], [80.31373131600003, 13.10578034100007], [80.30795332100007, 13.09601471600007], [80.28972415500004, 13.076727606000077], [80.28581790500004, 13.067572333000044], [80.28272545700008, 13.029364325000074], [80.26905358200008, 12.95726146000004], [80.26319420700008, 12.835353908000059], [80.25171959700003, 12.762518622000073], [80.23365319100003, 12.711004950000074], [80.22868899800005, 12.674994208000044], [80.22217858200008, 12.659979559000078], [80.20386803500008, 12.632147528000075], [80.19646243600005, 12.613714911000045], [80.18506920700008, 12.56712474200009], [80.18336022200003, 12.546820380000042], [80.17969811300003, 12.532619533000059], [80.15601647200003, 12.47451406500005], [80.12126712300005, 12.416815497000073], [80.11703535200007, 12.400946356000077], [80.09595787900008, 12.362250067000048], [80.08716881600003, 12.35101959800005], [80.06373131600003, 12.337469794000071], [80.05982506600003, 12.33421458500004], [80.05746504000007, 12.331244208000044], [80.02572675900007, 12.276516018000052], [80.00513756600003, 12.256048895000049], [79.95215905000003, 12.22992584800005], [79.94385826900003, 12.21784088700008], [79.95313561300003, 12.213568427000041], [79.97380618600005, 12.222398179000038], [80.00513756600003, 12.241766669000071], [79.94760175900007, 12.153631903000075], [79.93360436300003, 12.138739325000074], [79.92750084700003, 12.12986888200004], [79.89698326900003, 12.068752346000053], [79.87423067882187, 12.041924638316988], [79.86894232492011, 12.044936062066599], [79.849845491386, 12.050885460206073], [79.84529163108171, 12.037370778012699], [79.84411644132577, 12.031568278592719], [79.84455713748424, 12.024590589416793], [79.84250055541132, 12.012691793137844], [79.8452916310817, 12.01122280594291], [79.84874375098978, 12.011296255302657], [79.85388520617205, 12.0082113821933], [79.85865941455558, 12.009019325150513], [79.86052493600005, 12.011542059000078], [79.84766633949177, 11.978817289310458], [79.84524475252049, 11.971821593615621], [79.84134330684452, 11.958233800054492], [79.83811452421614, 11.947874789121752], [79.84111775232479, 11.957930669666712], [79.83840234438296, 11.95847375125508], [79.83753341384157, 11.956735890172308], [79.83231983059326, 11.956735890172308], [79.82797517788633, 11.958256518619732], [79.82373914149707, 11.961949473420622], [79.82352190886172, 11.964339032409432], [79.82210989673197, 11.965642428221512], [79.81722216243668, 11.978567770024625], [79.81526706871857, 11.979762549519032], [79.81048795074094, 11.976829908941854], [79.80690361225774, 11.96966123197542], [79.80570883276333, 11.964990730315472], [79.80527436749264, 11.95847375125508], [79.80494851853962, 11.953694633277456], [79.8022331105978, 11.953368784324438], [79.78746129139424, 11.96053746129087], [79.78289940605195, 11.956735890172308], [79.77344978641439, 11.950001678476568], [79.77116884374325, 11.943593315733846], [79.76033860888026, 11.944053237953993], [79.76175062101001, 11.928955569797415], [79.75718873566773, 11.928086639256028], [79.75642842144401, 11.920917962289595], [79.75023729133665, 11.920483497018902], [79.74502370808831, 11.96447310567656], [79.7251469219541, 11.971315933689974], [79.72590723617783, 11.985653287622839], [79.73014327256709, 11.985979136575859], [79.73188113364985, 11.981308634915909], [79.73611717003911, 11.979244924880117], [79.74339446332321, 11.978158761703385], [79.74828219761851, 11.984675740763779], [79.75186653610173, 11.984567124446105], [79.75631980512634, 11.989129009788382], [79.76077307415093, 11.989672091376747], [79.76305401682207, 12.002923282132882], [79.74708741812411, 12.00791963274585], [79.74458924281763, 12.003031898450555], [79.73459654159169, 11.997709698884567], [79.73329314577961, 11.993690895130657], [79.72047642029416, 11.992821964589272], [79.71591453495189, 11.984892973399125], [79.71254742910402, 11.986196369211203], [79.70950617220917, 11.975769202714574], [79.71591453495189, 11.971424550007645], [79.7147197554575, 11.967188513618392], [79.7114612659273, 11.967731595206757], [79.7098320211622, 11.965559268853294], [79.70440120527853, 11.966971280983046], [79.69788422621814, 11.96078015087567], [79.695603283547, 11.96371279145285], [79.6915844797931, 11.951221914920428], [79.69788422621814, 11.94155506264751], [79.7041839726432, 11.939708585247065], [79.70722522953804, 11.934386385681076], [79.71080956802126, 11.932757140915978], [79.70809416007943, 11.941011981059143], [79.70809416007943, 11.946768645895824], [79.7093975558915, 11.94959267015533], [79.72123673451789, 11.945030784813053], [79.71732654708165, 11.929607267703455], [79.74046182274603, 11.905603061497672], [79.73742056585117, 11.9038652004149], [79.73036050520241, 11.903430735144207], [79.73036050520241, 11.890722625976439], [79.72319182823598, 11.891700172835499], [79.72525553827177, 11.888550299622976], [79.72373490982434, 11.887898601716936], [79.72123673451786, 11.89039677702342], [79.71884717552905, 11.890288160705747], [79.7170006981286, 11.892894952329904], [79.7117871148803, 11.890288160705747], [79.7052701358199, 11.893872499188964], [79.70624768267895, 11.899303315072626], [79.70918032325613, 11.903430735144207], [79.7064649153143, 11.905059979909305], [79.70700799690268, 11.913314820052472], [79.71873855921137, 11.91396651795851], [79.7186299428937, 11.91863701961846], [79.69571189986465, 11.918745635936133], [79.69538605091164, 11.894958662365696], [79.68691397813313, 11.894850046048022], [79.68713121076847, 11.88909338121134], [79.68202624383784, 11.889201997529014], [79.68202624383784, 11.891917405470846], [79.673662787377, 11.891265707564806], [79.67398863633001, 11.880729924750502], [79.68441580282665, 11.880729924750502], [79.68495888441501, 11.885834891681144], [79.6959291325, 11.88670382222253], [79.69647221408837, 11.888658915940649], [79.70983202116217, 11.88909338121134], [79.71102680065658, 11.887572752763916], [79.70874585798545, 11.881707471609563], [79.70809416007941, 11.869325211394814], [79.71265604542168, 11.866283954499963], [79.71330774332772, 11.860310057027936], [79.71928164079975, 11.852924147426156], [79.7211281182002, 11.862482383381401], [79.73242421523821, 11.862373767063728], [79.73253283155589, 11.865415023958578], [79.74154798592276, 11.864328860781844], [79.74426339386459, 11.854227543238235], [79.74230830014648, 11.848253645766208], [79.7487166628892, 11.849122576307593], [79.75012867501894, 11.847819180495515], [79.75382162981984, 11.84933980894294], [79.75523364194957, 11.867370117676696], [79.7591438293858, 11.86780458294739], [79.75762320093838, 11.876276655725901], [79.76924514692942, 11.87486464359615], [79.77011407747081, 11.859441126486551], [79.76674697162295, 11.857268800133088], [79.76511772685785, 11.851729367931753], [79.76272816786904, 11.851403518978733], [79.76251093523369, 11.84792779681319], [79.7669642042583, 11.839998805623045], [79.77293810173033, 11.837066165045867], [79.77771721970795, 11.839347107717005], [79.77684828916657, 11.846515784683438], [79.78054124396745, 11.84857949471923], [79.78130155819116, 11.855748171685663], [79.80052664641933, 11.855530939050317], [79.80645769135978, 11.84684333076642], [79.80819555244256, 11.845757167589687], [79.8060236503716, 11.841885165577633], [79.80634949932461, 11.836888814964665], [79.80797874408971, 11.836671582329318], [79.81069372774904, 11.845322702318995], [79.82032311300003, 11.878648179000038], [79.80909957552842, 11.839724091766781], [79.80398131891766, 11.820586262700516], [79.80323326900003, 11.796087958000044], [79.79743448019467, 11.791660200444454], [79.8058734543698, 11.829032800362958], [79.80689258091299, 11.831892464351697], [79.80200484661769, 11.834064790705161], [79.80135314871166, 11.837649129188378], [79.79961528762888, 11.837866361823723], [79.7995066713112, 11.83504233756422], [79.79461893701591, 11.830914917492636], [79.79928943867586, 11.831892464351697], [79.8011359160763, 11.830914917492636], [79.8011359160763, 11.82830812586848], [79.79809465918146, 11.823854856843877], [79.79657403073402, 11.824397938432243], [79.79700849600472, 11.826244415832688], [79.79527063492195, 11.827221962691748], [79.79277245961546, 11.826244415832688], [79.78419177051929, 11.832544162257735], [79.77876095463562, 11.832218313304717], [79.77300428979893, 11.822334228396452], [79.76876825340968, 11.822551461031798], [79.76572699651483, 11.824832403702937], [79.76561838019715, 11.832109696987043], [79.75606014424191, 11.837974978141396], [79.73922461500256, 11.841342083989268], [79.74037781481286, 11.836201477329388], [79.73310052152875, 11.834354999928943], [79.73842272109475, 11.812631736394296], [79.73809687214171, 11.80730953682831], [79.73342637048177, 11.80698368787529], [79.73060234622226, 11.808830165275735], [79.72712662405671, 11.808830165275735], [79.72712662405671, 11.804051047298113], [79.72549737929161, 11.795687590837273], [79.71735115546612, 11.794492811342868], [79.7162649922894, 11.788953379141534], [79.72093549394934, 11.784825959069952], [79.7308195788576, 11.781567469539754], [79.73592454578825, 11.778308980009557], [79.73929165163612, 11.780698538998369], [79.75341177293363, 11.775593572067727], [79.75775642564057, 11.77602803733842], [79.75808227459359, 11.780698538998369], [79.76253554361818, 11.789061995459207], [79.7681835921372, 11.790582623906634], [79.77079038376137, 11.788410297553169], [79.77122484903207, 11.781676085857429], [79.78154339921102, 11.781241620586735], [79.7861052845533, 11.787758599647129], [79.78903792513047, 11.785369040658319], [79.79174126813109, 11.785326800923935], [79.78589928500008, 11.769191799000055], [79.76710045700008, 11.673651434000078], [79.76343834700003, 11.634263414000088], [79.75416100400008, 11.596991278000075], [79.75196373800003, 11.576971747000073], [79.75733483200008, 11.536078192000048], [79.78077233200008, 11.46507396000004], [79.78598066500007, 11.426174221000053], [79.79297936300003, 11.426174221000053], [79.79737389400003, 11.434881903000075], [79.79916425900007, 11.442206122000073], [79.79761803500008, 11.44830963700008], [79.79297936300003, 11.453517971000053], [79.80933678500008, 11.451361395000049], [79.81666100400008, 11.443060614000046], [79.82195071700005, 11.391058661000045], [79.81934655000003, 11.38149648600006], [79.81031334700003, 11.37889232000009], [79.78272545700008, 11.37889232000009], [79.77605228000004, 11.380357164000088], [79.76929772200003, 11.380926825000074], [79.75879967500003, 11.37836334800005], [79.74984785200007, 11.37368398600006], [79.74040774800005, 11.366441148000092], [79.68433678500008, 11.312201239000046], [79.67628014400003, 11.296454169000071], [79.68311608200008, 11.296454169000071], [79.69629967500003, 11.303412177000041], [79.74203535200007, 11.335598049000055], [79.75196373800003, 11.340521552000041], [79.75928795700008, 11.358343817000048], [79.77637780000003, 11.362982489000046], [79.79688561300003, 11.359035549000055], [79.82374108200008, 11.34666575700004], [79.82992597700007, 11.346096096000053], [79.83301842500003, 11.341986395000049], [79.83497155000003, 11.263861395000049], [79.85531660200007, 11.159857489000046], [79.85527818045904, 11.00571750599872], [79.8543024404103, 10.983452892159313], [79.85188604194423, 10.984258358314667], [79.85014818086145, 10.988603011021597], [79.85166880930888, 10.99446829217595], [79.84058994490621, 10.995988920623375], [79.84015547963551, 11.00250589968377], [79.83146617422166, 11.003374830225155], [79.82820768469146, 10.999464642788919], [79.82516642779662, 10.997292316435455], [79.82299410144314, 11.000985271236345], [79.82125624036037, 11.000333573330305], [79.82103900772503, 10.997509549070802], [79.81495649393533, 11.003157597589809], [79.81452202866464, 10.999247410153574], [79.80648442115681, 10.999030177518227], [79.804094862168, 10.996423385894069], [79.80561549061542, 10.994251059540604], [79.80366039689731, 10.986647917303479], [79.79931574419038, 10.985344521491399], [79.79996744209642, 10.982737729867242], [79.79388492830672, 10.982303264596549], [79.78541285552821, 10.990992570010407], [79.78888857769375, 10.991861500551794], [79.78649901870494, 10.997075083800109], [79.78432669235147, 10.995554455352684], [79.77303059531346, 10.997726781706147], [79.76412405726425, 10.998595712247534], [79.76325512672287, 11.001636969142384], [79.7615172656401, 11.001419736507037], [79.76130003300476, 10.999247410153574], [79.75738984556851, 11.001636969142384], [79.75673814766247, 11.003592062860502], [79.7550002865797, 11.003592062860502], [79.75413135603831, 11.00185420177773], [79.74717991170724, 11.002940364954462], [79.74739714434259, 10.988603011021597], [79.7517417970495, 10.988168545750904], [79.7521762623202, 10.983389427773282], [79.75695538029782, 10.983823893043974], [79.75717261293318, 10.980782636149124], [79.75087286650812, 10.979044775066352], [79.75391412340298, 10.97296226127665], [79.75760707820386, 10.971658865464573], [79.76043110246337, 10.96818314329903], [79.7615172656401, 10.961231698967943], [79.74544205062446, 10.956018115719628], [79.74500758535376, 10.964924653768833], [79.74044570001149, 10.966662514851604], [79.73870783892872, 10.965359119039526], [79.73305979040971, 10.969269306475763], [79.72046029755961, 10.967748678028336], [79.71980859965358, 10.951456230377353], [79.73219085986833, 10.951456230377353], [79.73175639459764, 10.95710427889636], [79.73566658203387, 10.95710427889636], [79.73653551257526, 10.949501136659235], [79.73023576615022, 10.947546042941116], [79.72936683560883, 10.94428755341092], [79.72263262391309, 10.944070320775573], [79.72371878708981, 10.938639504891912], [79.72806343979674, 10.936032713267753], [79.72437048499586, 10.933643154278943], [79.72328432181912, 10.9301674321134], [79.7428352590003, 10.924953848865082], [79.743269724271, 10.919957498252113], [79.74088016528219, 10.918002404533995], [79.74174909582356, 10.91713347399261], [79.74413865481239, 10.918871335075382], [79.74479035271843, 10.916916241357264], [79.74305249163565, 10.91648177608657], [79.74348695690634, 10.91409221709776], [79.75326242549693, 10.914526682368452], [79.75391412340298, 10.91648177608657], [79.7586932413806, 10.91648177608657], [79.76260342881683, 10.91409221709776], [79.76086556773406, 10.913006053921027], [79.75717261293318, 10.907575238037365], [79.75977940455732, 10.901927189518357], [79.75928999470406, 10.901105778615955], [79.75766074993896, 10.901866092839668], [79.75706336019176, 10.896489585114843], [79.75776936625664, 10.89670681775019], [79.75793229073315, 10.898444678832961], [79.7597787681336, 10.898498986991799], [79.76021323340429, 10.90056269702759], [79.76113647210451, 10.899096376739001], [79.76238555975775, 10.90039977255108], [79.76053908235731, 10.900779929662937], [79.76113647210451, 10.90170316836316], [79.76184247816938, 10.901648860204322], [79.76233125159891, 10.900834237821773], [79.76347172293448, 10.90007392359806], [79.76222263528125, 10.898227446197614], [79.75950722733941, 10.896815434067863], [79.75863829679803, 10.89703266670321], [79.75863829679803, 10.895946503526478], [79.75749782546245, 10.895403421938111], [79.75760644178013, 10.894914648508582], [79.7560858133327, 10.894751724032071], [79.75586858069735, 10.893448328219993], [79.75657458676223, 10.8930138629493], [79.75619442965038, 10.891764775296059], [79.75744351730361, 10.891601850819548], [79.75820383152733, 10.892796630313955], [79.76184247816938, 10.892742322155117], [79.76368895556983, 10.891819083454894], [79.76461219427006, 10.892633705837444], [79.76792499195909, 10.892688013996281], [79.76776206748258, 10.893611252696504], [79.7652638921761, 10.894534491396726], [79.76515527585842, 10.89621804432066], [79.7768315300083, 10.896652509591354], [79.7763970647376, 10.905396123164047], [79.7792210889971, 10.90550473948172], [79.7792210889971, 10.906210745546597], [79.77737461159666, 10.90745983319984], [79.77737461159666, 10.908926153488428], [79.77998140322082, 10.90876322901192], [79.78177357246243, 10.906427978181943], [79.79068011051163, 10.908654612694244], [79.7956764611246, 10.903006564175238], [79.79486183874205, 10.902300558110362], [79.79133180841767, 10.904853041575683], [79.79106026762348, 10.90262640706338], [79.7919835063237, 10.899965307280386], [79.79366705924764, 10.89893345226249], [79.79252658791206, 10.898390370674123], [79.79106026762348, 10.89605511984415], [79.78943102285838, 10.896815434067861], [79.78785608625212, 10.895783579049965], [79.78258819484496, 10.895512038255783], [79.78226234589195, 10.894751724032071], [79.78182788062125, 10.890461379483977], [79.78318558459216, 10.889157983671899], [79.7853036027868, 10.888886442877716], [79.79029995339977, 10.890841536595834], [79.79013702892325, 10.894860340349743], [79.79176627368835, 10.89458879955556], [79.79334121029461, 10.893231095584644], [79.79366705924764, 10.891656158978384], [79.79540492033041, 10.890732920278161], [79.79556784480691, 10.88834336128935], [79.79926079960781, 10.887257198112618], [79.80094435253173, 10.890026914213285], [79.80414853390309, 10.890895844754672], [79.80604931946237, 10.88883213471888], [79.80626655209772, 10.887583047065638], [79.80849318661002, 10.887365814430291], [79.80909057635722, 10.88818043681284], [79.82022374891874, 10.886116726777049], [79.82114698761895, 10.885356412553337], [79.82885874617375, 10.883944400423585], [79.8290759788091, 10.882641004611505], [79.8284785890619, 10.88177207407012], [79.82397101187846, 10.880468678258042], [79.82049528971291, 10.881011759846407], [79.81625925332365, 10.880360061940369], [79.8112629027107, 10.880360061940369], [79.8109913619165, 10.875418019486236], [79.82250469158987, 10.874114623674158], [79.82337362213126, 10.869824279126066], [79.82473132610217, 10.86879242410817], [79.82483994241984, 10.864990852989607], [79.81940912653619, 10.864176230607058], [79.81169736798138, 10.859885886058965], [79.80941642531025, 10.863578840859855], [79.80968796610443, 10.86591409168983], [79.80691825000376, 10.865045161148444], [79.80718979079795, 10.85966865342362], [79.80789579686282, 10.855541233352037], [79.80985089058095, 10.85244566829835], [79.8128921474758, 10.850490574580231], [79.8157161717353, 10.849567335880009], [79.81712818386505, 10.847720858479564], [79.82125560393663, 10.845439915808427], [79.82391670371963, 10.846471770826321], [79.82733811772633, 10.850164725627211], [79.82864151353841, 10.849513027721173], [79.83027075830351, 10.837782465412465], [79.82983629303281, 10.833329196387862], [79.83097676436839, 10.827844072345364], [79.85123370761444, 10.827681147868855], [79.85193018546879, 10.827634716011897], [79.85114354758511, 10.818679146259191], [79.85092631494976, 10.797607580630585], [79.84986412900008, 10.755194403000075], [79.85027103000004, 10.59210846600007], [79.85962975400008, 10.551459052000041], [79.86378014400003, 10.378729559000078], [79.85670006600003, 10.29328034100007], [79.85132897200003, 10.28221263200004], [79.83432050900007, 10.27875397300005], [79.81462649800005, 10.272406317000048], [79.79509524800005, 10.269232489000046], [79.77857506600003, 10.27537669500009], [79.78003991000008, 10.296616929000038], [79.75709069100003, 10.309068101000037], [79.63314863400007, 10.328599351000037], [79.62126712300005, 10.324164130000042], [79.61410566500007, 10.30955638200004], [79.63038170700008, 10.310492255000042], [79.64649498800003, 10.30963776200008], [79.66179446700005, 10.307074286000045], [79.67628014400003, 10.30272044500009], [79.68458092500003, 10.29873281500005], [79.69467207100007, 10.29165273600006], [79.70362389400003, 10.28904857000009], [79.73080488400007, 10.28904857000009], [79.75896243600005, 10.28221263200004], [79.77369225400008, 10.27366771000004], [79.77247155000003, 10.26170482000009], [79.75977623800003, 10.258246161000045], [79.58008873800003, 10.29588450700004], [79.56348717500003, 10.29710521000004], [79.55665123800003, 10.298651434000078], [79.55274498800003, 10.30272044500009], [79.55176842500003, 10.313299872000073], [79.55689537900008, 10.316066799000055], [79.56519616000008, 10.315741278000075], [79.57390384200005, 10.316961981000077], [79.60401451900003, 10.32908763200004], [79.60710696700005, 10.336004950000074], [79.58692467500003, 10.343695380000042], [79.56771894600007, 10.335882880000042], [79.52857506600003, 10.338324286000045], [79.53223717500003, 10.330023505000042], [79.53223717500003, 10.323187567000048], [79.51148522200003, 10.316595770000049], [79.45972741000008, 10.308294989000046], [79.43726647200003, 10.30955638200004], [79.41195722700007, 10.320990302000041], [79.39812259200005, 10.324652411000045], [79.38550866000008, 10.320135809000078], [79.36378014400003, 10.301906643000052], [79.30494225400008, 10.268133856000077], [79.28614342500003, 10.252834377000056], [79.27222741000008, 10.234442450000074], [79.27027428500008, 10.223334052000041], [79.27068118600005, 10.209540106000077], [79.26921634200005, 10.197821356000077], [79.26197350400008, 10.192857164000088], [79.24830162900008, 10.189195054000038], [79.24000084700003, 10.179754950000074], [79.23633873800003, 10.166571356000077], [79.23747806100005, 10.151922919000071], [79.24431399800005, 10.08494700700004], [79.25416100400008, 10.054266669000071], [79.27906334700003, 10.035834052000041], [79.24073326900003, 10.010565497000073], [79.20036868600005, 9.970282294000071], [79.14185631600003, 9.891180731000077], [79.12134850400008, 9.85024648600006], [79.10352623800003, 9.830145575000074], [79.10084069100003, 9.82607656500005], [79.09408613400007, 9.802313544000071], [79.07781009200005, 9.782171942000048], [79.03882897200003, 9.747219143000052], [78.98080488400007, 9.667181708000044], [78.97982832100007, 9.658636786000045], [78.98023522200003, 9.649115302000041], [78.97730553500008, 9.637925523000092], [78.97282962300005, 9.631293036000045], [78.96208743600005, 9.622707424000055], [78.95679772200003, 9.61749909100007], [78.94752037900008, 9.602850653000075], [78.93832441500007, 9.583685614000046], [78.93148847700007, 9.561672268000052], [78.92530358200008, 9.513617255000042], [78.91325931100005, 9.474269924000055], [78.91529381600003, 9.45302969000005], [78.93344160200007, 9.416449286000045], [78.95972741000008, 9.384955145000049], [79.03988691500007, 9.31468333500004], [79.07471764400003, 9.29987213700008], [79.11557050900007, 9.29124583500004], [79.25171959700003, 9.28851959800005], [79.27377363400007, 9.296698309000078], [79.29712975400008, 9.312648830000057], [79.32007897200003, 9.32330963700008], [79.34107506600003, 9.31586334800005], [79.34571373800003, 9.30654531500005], [79.34253991000008, 9.299017645000049], [79.33668053500008, 9.29047272300005], [79.33366946700005, 9.278265692000048], [79.33570397200003, 9.267645575000074], [79.34058678500008, 9.260931708000044], [79.34522545700008, 9.255926825000074], [79.34734134200005, 9.25031159100007], [79.35352623800003, 9.240912177000041], [79.36793053500008, 9.22760651200008], [79.43824303500008, 9.176336981000077], [79.45362389400003, 9.159002997000073], [79.44027754000007, 9.15135325700004], [79.42400149800005, 9.159084377000056], [79.36101321700005, 9.213446356000077], [79.29273522200003, 9.25031159100007], [79.23243248800003, 9.257879950000074], [79.21697024800005, 9.267401434000078], [79.20101972700007, 9.266506252000056], [79.18409264400003, 9.27179596600007], [79.16537519600007, 9.274237372000073], [79.12940514400003, 9.256333726000037], [79.09864342500003, 9.257228908000059], [79.08716881600003, 9.25381094000005], [79.06080162900008, 9.264593817000048], [79.02572675900007, 9.27374909100007], [78.98894290500004, 9.278265692000048], [78.95679772200003, 9.27484772300005], [78.94898522200003, 9.27049388200004], [78.92896569100003, 9.25381094000005], [78.91846764400003, 9.251613674000055], [78.91130618600005, 9.252142645000049], [78.90447024800005, 9.253566799000055], [78.89551842500003, 9.25381094000005], [78.86101321700005, 9.248968817000048], [78.84376061300003, 9.243963934000078], [78.81519616000008, 9.22842031500005], [78.77711022200003, 9.21938711100006], [78.76156660200007, 9.20970286700009], [78.75196373800003, 9.200588283000059], [78.74073326900003, 9.19281647300005], [78.72779381600003, 9.187445380000042], [78.67628014400003, 9.184149481000077], [78.66130618600005, 9.17719147300005], [78.65512129000007, 9.16156647300005], [78.64893639400003, 9.15143463700008], [78.63477623800003, 9.144598700000074], [78.61882571700005, 9.14052969000005], [78.48585045700008, 9.124823309000078], [78.44988040500004, 9.116603908000059], [78.41211998800003, 9.09983958500004], [78.37745201900003, 9.077460028000075], [78.23975670700008, 8.96556224200009], [78.21762129000007, 8.938950914000088], [78.18279056100005, 8.877101955000057], [78.17790774800005, 8.861070054000038], [78.17448978000004, 8.794419664000088], [78.17042076900003, 8.771877346000053], [78.16236412900008, 8.753485419000071], [78.17579186300003, 8.76390208500004], [78.18873131600003, 8.765448309000078], [78.20045006600003, 8.769680080000057], [78.21021569100003, 8.788275458000044], [78.21517988400007, 8.765448309000078], [78.20460045700008, 8.753322658000059], [78.18653405000003, 8.744940497000073], [78.16920006600003, 8.733628648000092], [78.16480553500008, 8.726507880000042], [78.15495853000004, 8.698879299000055], [78.14047285200007, 8.680609442000048], [78.13672936300003, 8.669867255000042], [78.14258873800003, 8.657904364000046], [78.11459394600007, 8.657904364000046], [78.13550866000008, 8.625799872000073], [78.14234459700003, 8.593085028000075], [78.12826582100007, 8.488023179000038], [78.12330162900008, 8.47752513200004], [78.11459394600007, 8.466131903000075], [78.08716881600003, 8.44049713700008], [78.07984459700003, 8.43195221600007], [78.06275475400008, 8.373195705000057], [78.05591881600003, 8.363714911000045], [78.03882897200003, 8.360907294000071], [77.99976647200003, 8.344916083000044], [77.80616295700008, 8.228664455000057], [77.79346764400003, 8.215318101000037], [77.76832116000008, 8.18154531500005], [77.75245201900003, 8.17381419500009], [77.67406163324553, 8.160749130226614], [77.64380944100003, 8.15570709800005], [77.63086671930547, 8.151251940211875], [77.59522545700008, 8.13898346600007], [77.56104576900003, 8.114569403000075], [77.56527754000007, 8.082505601000037], [77.51091556100005, 8.075995184000078], [77.44971764400003, 8.087469794000071], [77.31560306100005, 8.127752997000073], [77.29468834700003, 8.147040106000077], [77.28679446700005, 8.153509833000044], [77.26295006600003, 8.168402411000045], [77.23894290500004, 8.175116278000075], [77.22527103000004, 8.18439362200007], [77.12875410200006, 8.27179596600007], [77.11033066412881, 8.28517355701405], [76.99586022200002, 8.368109442000046], [76.96257571700005, 8.404689846000053], [76.88013756570439, 8.520697333270789], [76.86655699706324, 8.533134764586936], [76.8660647, 8.5337935], [76.86499179999998, 8.5351251], [76.86280849999999, 8.5379261], [76.8610972, 8.5400481], [76.8602067, 8.541178], [76.85934039999998, 8.542231], [76.8591445, 8.5424008], [76.8588441, 8.5427456], [76.858525, 8.5430719], [76.858195, 8.5434856], [76.8570605, 8.5449551], [76.8568379, 8.5452575], [76.8566072, 8.5455333], [76.85641409999998, 8.5457455], [76.85611369999998, 8.5461169], [76.85583469999999, 8.5464776], [76.85546989999999, 8.546955], [76.8550086, 8.5475598], [76.85456869999999, 8.5481327], [76.8540645, 8.5487587], [76.8536138, 8.5493104], [76.8531659, 8.5499125], [76.85251409999998, 8.5507374], [76.8518865, 8.5514933], [76.8513769, 8.5521034], [76.85083509999998, 8.5527585], [76.84983329999999, 8.5539706], [76.8497059, 8.5541139], [76.8471444, 8.5572874], [76.8467836, 8.5577303], [76.8466522, 8.5578723], [76.8461037, 8.5585181], [76.84564369999998, 8.5590897], [76.8452963, 8.5595021], [76.84490739999998, 8.5599689], [76.844155, 8.5608773], [76.8437634, 8.5613534], [76.8436012, 8.5615577], [76.8431452, 8.5621147], [76.8426731, 8.5626862], [76.8421058, 8.5633533], [76.84082779999999, 8.5648744], [76.8397361, 8.5662045], [76.8394625, 8.566548], [76.83927739999999, 8.5667482], [76.8390749, 8.5669776], [76.8386699, 8.5674803], [76.83849829999998, 8.5676885], [76.83832119999998, 8.5679099], [76.8381388, 8.5681248], [76.8378907, 8.5684271], [76.83761979999998, 8.5687494], [76.8375139, 8.5688952], [76.8373449, 8.5690769], [76.83714639999998, 8.5693236], [76.8368353, 8.5696896], [76.8364182, 8.570171], [76.8361875, 8.5704495], [76.8358737, 8.5708513], [76.8355478, 8.5712438], [76.8353373, 8.5715037], [76.8351562, 8.5717212], [76.8347633, 8.572196], [76.8344602, 8.572558], [76.83408669999999, 8.5730268], [76.833732, 8.5734571], [76.83359789999999, 8.5736295], [76.8333632, 8.5739053], [76.8332961, 8.5739902], [76.8323708, 8.5750935], [76.8274999, 8.5810637], [76.827296, 8.5812838], [76.82626339999999, 8.582586], [76.8255928, 8.583432], [76.8253756, 8.5836787], [76.8250671, 8.5840686], [76.82496519999998, 8.5842065], [76.82490079999998, 8.5842927], [76.82474929999998, 8.5844598], [76.82463789999998, 8.5845818], [76.82439119999998, 8.5849173], [76.8236428, 8.5858243], [76.8232861, 8.5862964], [76.8229482, 8.5866703], [76.822004, 8.5878134], [76.82134419999998, 8.588678], [76.8210894, 8.5890095], [76.82052079999998, 8.5897256], [76.8192118, 8.5913301], [76.8181899, 8.5926323], [76.8177903, 8.5931415], [76.8164411, 8.5947964], [76.81625791960826, 8.595043995185662], [76.81373131600002, 8.601263739000043], [76.7417098313024, 8.684515693569821], [76.7380762903927, 8.692691160355029], [76.7371202, 8.6938389], [76.7364115, 8.6948426], [76.73511039999998, 8.6965184], [76.73112269999999, 8.7017108], [76.7297977, 8.7033149], [76.7252706, 8.7088047], [76.72430989999998, 8.7099696], [76.7239988, 8.7103832], [76.7236555, 8.7108604], [76.72331209999999, 8.7112422], [76.72297949999998, 8.7116134], [76.722368, 8.7124857], [76.7216894, 8.7133182], [76.7212844, 8.7138033], [76.7208499, 8.7142753], [76.72013909999998, 8.7150097], [76.7191842, 8.7161497], [76.71849489999998, 8.7170538], [76.7180352, 8.7175949], [76.7176997, 8.7180284], [76.71739039999999, 8.7183388], [76.7170452, 8.7186975], [76.7166283, 8.7191108], [76.71620429999999, 8.7196898], [76.7157199, 8.72042], [76.71553959999999, 8.7206427], [76.7153592, 8.7208553], [76.71508529999998, 8.7211787], [76.7147354, 8.7215492], [76.7141363, 8.7221732], [76.7135838, 8.7227671], [76.712768, 8.7237085], [76.7121323, 8.7244282], [76.71110229999998, 8.7257854], [76.71015252110472, 8.726849452860177], [76.69564863400007, 8.739813544000071], [76.66032962300005, 8.799750067000046], [76.65243574300004, 8.809373276500054], [76.64454186300003, 8.81899648600006], [76.58151510412377, 8.871578469830515], [76.58096459999999, 8.8718902], [76.5793258, 8.8727906], [76.57777679999998, 8.8737033], [76.57638339999998, 8.8744559], [76.5752746, 8.8749243], [76.5748031, 8.8750955], [76.57317949999998, 8.8758277], [76.5709982, 8.8767807], [76.5706358, 8.8769291], [76.5704103, 8.8770049], [76.5701986, 8.8770638], [76.56992459999998, 8.8771825], [76.56981939999999, 8.8773131], [76.5686955, 8.8782085], [76.5672629, 8.8794189], [76.5667865, 8.8798325], [76.5665197, 8.8798902], [76.5662245, 8.8798961], [76.56587059999998, 8.879841], [76.5656187, 8.8799711], [76.565413, 8.8801946], [76.565347, 8.8803478], [76.56526759999998, 8.8808385], [76.56518159999999, 8.8809387], [76.56506869999998, 8.8810126], [76.56497869999998, 8.8814101], [76.56511009999998, 8.881831], [76.5649854, 8.8819853], [76.5646648, 8.8820049], [76.56439539999998, 8.8821923], [76.5641939, 8.8825453], [76.5636348, 8.8835641], [76.56321119999998, 8.8835589], [76.5626384, 8.8836629], [76.5621623, 8.8851432], [76.5621677, 8.8852969], [76.56221329999998, 8.8854771], [76.56218379999999, 8.8855672], [76.562157, 8.8856096], [76.56208189999998, 8.8856361], [76.5620604, 8.885713], [76.5620846, 8.8860919], [76.5621167, 8.8863649], [76.56206849999998, 8.8865451], [76.5619585, 8.88672], [76.56178149999998, 8.8868657], [76.5616073, 8.887023], [76.56159369999999, 8.8870353], [76.56139249999998, 8.8871705], [76.561271, 8.8871413], [76.5611941, 8.8871228], [76.5610331, 8.8871387], [76.5609312, 8.8872447], [76.5609366, 8.8874408], [76.5610278, 8.8875733], [76.5610144, 8.8877164], [76.56075689999999, 8.8879284], [76.5605959, 8.8880609], [76.5605316, 8.8882676], [76.5604457, 8.8883709], [76.56029019999998, 8.8885034], [76.5598851, 8.8888175], [76.55919719999999, 8.88926], [76.5588579, 8.8895012], [76.5587264, 8.8896959], [76.558603, 8.8897993], [76.55842469999999, 8.8898708], [76.55814439999999, 8.8899437], [76.5579151, 8.8900126], [76.5578064, 8.8901159], [76.5577139, 8.8903359], [76.557517, 8.8905481], [76.557278, 8.8906923], [76.5569749, 8.8907705], [76.55681, 8.8908632], [76.5566475, 8.8910879], [76.5566222, 8.8911229], [76.5565552, 8.8913071], [76.5563419, 8.8915893], [76.5561166, 8.8917338], [76.5557921, 8.8919471], [76.5557036, 8.8919817], [76.55541519999998, 8.8920942], [76.5549217, 8.8922757], [76.554761, 8.8923924], [76.55470149999998, 8.8924356], [76.55436249999998, 8.8931356], [76.55423719999999, 8.8933693], [76.55421759999999, 8.8934059], [76.55418029999998, 8.8935002], [76.5541694, 8.8935278], [76.5541452, 8.8936338], [76.55415729999999, 8.8936894], [76.5542659, 8.8937332], [76.5542659, 8.893814], [76.5542391, 8.8938855], [76.5541734, 8.8940154], [76.55407409999998, 8.8941081], [76.553999, 8.8941201], [76.5539467, 8.8941307], [76.5539092, 8.8941386], [76.553817, 8.8943061], [76.5537925, 8.8943506], [76.5536356, 8.8945957], [76.55348269999999, 8.8948607], [76.5532064, 8.8951946], [76.55295429999998, 8.8954066], [76.552797, 8.8954786], [76.5524983, 8.8956027], [76.552214, 8.895714], [76.5521161, 8.8958187], [76.5520585, 8.8960903], [76.55198629999998, 8.8961909], [76.5518492, 8.8963818], [76.5515649, 8.8966309], [76.5515274, 8.8967397], [76.551404, 8.8970973], [76.5512762, 8.8973932], [76.5509105, 8.8982897], [76.550712, 8.8986925], [76.550535, 8.898878], [76.5503257, 8.8999274], [76.5501729, 8.9003709], [76.5499042, 8.9007694], [76.5498644, 8.9008284], [76.5495533, 8.9010828], [76.5492529, 8.9012683], [76.5489609, 8.9013629], [76.54889339999998, 8.9013848], [76.54833019999998, 8.9016339], [76.54809409999999, 8.9017876], [76.5474182, 8.9022752], [76.5472539, 8.9024407], [76.5471393, 8.9025561], [76.54688719999999, 8.9028688], [76.5468172, 8.9029934], [76.54667259999998, 8.9032504], [76.546517, 8.9036585], [76.5465025, 8.9038548], [76.5464848, 8.904093], [76.54651159999999, 8.9043527], [76.5464526, 8.904676], [76.54635609999998, 8.9050576], [76.5461306, 8.9057212], [76.5460986, 8.9058155], [76.5457123, 8.9066157], [76.54534219999998, 8.9072146], [76.54509, 8.9076428], [76.54482719999999, 8.908089], [76.5440708, 8.9090695], [76.54381329999998, 8.9093716], [76.5436865, 8.9095736], [76.54348069999999, 8.9099015], [76.5433091, 8.9103149], [76.5433003, 8.9103601], [76.54325009999998, 8.910617], [76.543116, 8.911094], [76.5429014, 8.9115391], [76.5426761, 8.9119578], [76.542601, 8.9122387], [76.5426211, 8.9123233], [76.5426439, 8.9124189], [76.54263849999998, 8.9126733], [76.5425581, 8.9128694], [76.5424883, 8.9129488], [76.5421182, 8.9145493], [76.5418043, 8.9161688], [76.5417802, 8.9162929], [76.5416622, 8.9170243], [76.5417373, 8.9171302], [76.5417427, 8.9172998], [76.54167829999999, 8.9175595], [76.54151739999999, 8.9177609], [76.54149589999999, 8.9179782], [76.5414745, 8.9182591], [76.5412974, 8.9193402], [76.541174, 8.9201404], [76.5410078, 8.9213487], [76.5410346, 8.9219528], [76.5408254, 8.9254876], [76.54065909999998, 8.9265475], [76.5405303, 8.9269714], [76.5403318, 8.9277769], [76.5401468, 8.9285003], [76.5399241, 8.929388], [76.5397793, 8.9302862], [76.5398088, 8.9303631], [76.5398759, 8.9304611], [76.5398625, 8.9306704], [76.5397418, 8.9311951], [76.5396506, 8.931672], [76.53954859999999, 8.9320642], [76.5394548, 8.9322152], [76.53928849999998, 8.9323424], [76.5388942, 8.9324696], [76.5378883, 8.9327557], [76.5365902, 8.9330737], [76.536279, 8.9331373], [76.5355521, 8.9332804], [76.53546359999999, 8.9333413], [76.53544489999999, 8.9334208], [76.53545829999999, 8.9335692], [76.5355146, 8.9336116], [76.53559769999998, 8.9336195], [76.53661429999998, 8.9332671], [76.5373439, 8.9330551], [76.5387112, 8.932647], [76.53981149999998, 8.9323185], [76.54068319999999, 8.9320695], [76.54076369999999, 8.9320827], [76.54083879999999, 8.9321489], [76.540879, 8.9323132], [76.5404096, 8.9326232], [76.5402064, 8.9343466], [76.5400738, 8.9357596], [76.5400453, 8.9358338], [76.54013089999998, 8.9361925], [76.540183, 8.9362405], [76.540185, 8.9363939], [76.54031039999998, 8.9366693], [76.5410509, 8.9375339], [76.5410614, 8.9377], [76.54103729999999, 8.9378113], [76.54100809999998, 8.9379155], [76.5402467, 8.9387552], [76.5402232, 8.9387731], [76.540195, 8.9387764], [76.5401286, 8.9387064], [76.5374754, 8.9360478], [76.5375503, 8.9355479], [76.53773219999998, 8.935383], [76.5377891, 8.9354412], [76.53784009999998, 8.9354571], [76.5378723, 8.9354345], [76.5379018, 8.9353789], [76.5376724, 8.9350821], [76.53745109999998, 8.9350358], [76.5373814, 8.9350556], [76.53735459999999, 8.9350835], [76.5373565, 8.9351136], [76.5373975, 8.9351788], [76.5374163, 8.9352292], [76.53741489999999, 8.9352583], [76.53737739999998, 8.9353312], [76.53727809999998, 8.9354531], [76.53681949999998, 8.9358784], [76.5363675, 8.9362572], [76.5362965, 8.9362228], [76.53615919999999, 8.9360913], [76.5359425, 8.9357323], [76.53581349999999, 8.9356079], [76.5356609, 8.9356106], [76.5355515, 8.9357145], [76.53560609999998, 8.9359876], [76.5360388, 8.9362477], [76.537285, 8.9374166], [76.5371883, 8.9377821], [76.5369764, 8.9385982], [76.5368909, 8.938868], [76.53682489999998, 8.9390765], [76.53642919999999, 8.940037], [76.53622616787806, 8.940581087688239], [76.52808678500008, 8.946966864000046], [76.52149498800003, 8.961330471000053], [76.51791425900007, 8.977443752000056], [76.51685631600003, 8.990627346000053], [76.51384524800004, 9.002142645000047], [76.50017337300004, 9.022284247000073], [76.48926842500002, 9.055568752000053], [76.46045983200007, 9.114935614000045], [76.46209798373143, 9.134559410534948], [76.4615875, 9.1346631], [76.4611021, 9.1347372], [76.460292, 9.1348643], [76.4580122, 9.1357621], [76.4579934, 9.1358415], [76.4580443, 9.1359051], [76.458165, 9.1359289], [76.4587859, 9.1364928], [76.4595743, 9.1372128], [76.4599192, 9.1374172], [76.4612523, 9.1383017], [76.46161439999999, 9.1385585], [76.4616264, 9.1385847], [76.4616814, 9.1387042], [76.4617002, 9.1388763], [76.46166259999998, 9.1392735], [76.4615875, 9.1396284], [76.4614212, 9.1400044], [76.461035, 9.1409313], [76.46037519999999, 9.142213], [76.4600211, 9.1431769], [76.4594203, 9.1446546], [76.4590019, 9.1456397], [76.4586157, 9.1467201], [76.4583474, 9.1474457], [76.4579236, 9.1485049], [76.4577252, 9.1489074], [76.4575267, 9.1493894], [76.4573765, 9.1498289], [76.4570278, 9.1503109], [76.4554882, 9.1536527], [76.4552307, 9.1541691], [76.4552414, 9.1544842], [76.4551556, 9.1547649], [76.45485519999998, 9.1554269], [76.45468349999999, 9.1557738], [76.45446089999999, 9.1561022], [76.4541712, 9.156698], [76.4535543, 9.1582418], [76.4535329, 9.1584351], [76.4534873, 9.1585913], [76.4529026, 9.1597008], [76.452629, 9.1602199], [76.4524841, 9.1604052], [76.4524037, 9.1606171], [76.4522079, 9.1609984], [76.4518753, 9.1614829], [76.4516768, 9.1619331], [76.4514139, 9.1627699], [76.4510089, 9.1636252], [76.45048319999998, 9.1645228], [76.4501533, 9.1652563], [76.4500058, 9.1656376], [76.44986629999998, 9.1659289], [76.4496034, 9.1663234], [76.4492896, 9.166718], [76.44917959999998, 9.1670834], [76.4489999, 9.1673694], [76.44873169999998, 9.1677057], [76.4485976, 9.167854], [76.4484608, 9.1679943], [76.448037, 9.1687675], [76.44733969999999, 9.1701179], [76.4471412, 9.1707376], [76.4468998, 9.1711983], [76.446594, 9.1719768], [76.446315, 9.172464], [76.4462614, 9.1727076], [76.4460576, 9.1731525], [76.4457679, 9.1735338], [76.445666, 9.1737244], [76.4456499, 9.1738992], [76.4454406, 9.1741587], [76.44521, 9.17454], [76.444931, 9.1748895], [76.4448935, 9.1751437], [76.44477009999999, 9.1756362], [76.4446092, 9.1760704], [76.443311, 9.1790043], [76.443252, 9.1792532], [76.4431125, 9.1795392], [76.4429569, 9.1797881], [76.4425117, 9.1807042], [76.44225419999998, 9.1812444], [76.4419162, 9.1821605], [76.4417714, 9.1827219], [76.4417821, 9.1832567], [76.4416856, 9.1836327], [76.44152459999998, 9.1839664], [76.4411277, 9.1846124], [76.440897, 9.1849407], [76.44037129999998, 9.1859946], [76.4397758, 9.1871808], [76.4387941, 9.189029], [76.437791, 9.1911419], [76.43747449999998, 9.1918144], [76.4371473, 9.1929609], [76.4367825, 9.193644], [76.43642039999999, 9.1944675], [76.43573369999999, 9.1958681], [76.43545749999998, 9.1966571], [76.43508459999998, 9.1975441], [76.4348352, 9.1980604], [76.4345911, 9.1986218], [76.4341941, 9.1995326], [76.43325, 9.2017434], [76.4331427, 9.2021114], [76.43311859999999, 9.2022385], [76.4331038, 9.2023007], [76.43311049999998, 9.2023285], [76.4331695, 9.2023736], [76.43321509999998, 9.2024768], [76.4332446, 9.2026516], [76.4332259, 9.2028951], [76.433199, 9.2030778], [76.43309979999998, 9.2033691], [76.4328477, 9.2039039], [76.4326492, 9.2043037], [76.4324588, 9.2046003], [76.432043, 9.2052728], [76.4318177, 9.2055958], [76.431587, 9.2059823], [76.4313939, 9.206398], [76.4311016, 9.2070864], [76.4309058, 9.2074862], [76.42996969999999, 9.2095355], [76.4295486, 9.2103774], [76.4283738, 9.2128477], [76.4274886, 9.2148042], [76.4271346, 9.21558], [76.4264828, 9.2169382], [76.42631919999998, 9.2172056], [76.4262333, 9.2175101], [76.4261958, 9.2176848], [76.42593559999999, 9.2181825], [76.4257559, 9.2184605], [76.4256003, 9.2187677], [76.4254327, 9.2191794], [76.4251497, 9.2197711], [76.4249915, 9.220065], [76.4248976, 9.2202662], [76.4248386, 9.2204727], [76.4248091, 9.2207374], [76.4247394, 9.2209466], [76.42465079999998, 9.2211822], [76.4244068, 9.2215608], [76.42413319999999, 9.222048], [76.4238569, 9.222731], [76.4236397, 9.2232314], [76.4234224, 9.2236656], [76.4231354, 9.2241025], [76.422886, 9.2247193], [76.42269549999999, 9.2251138], [76.42257209999998, 9.2253177], [76.42221269999999, 9.2261278], [76.4217246, 9.2272186], [76.4211103, 9.2283544], [76.4208716, 9.22886], [76.42059269999999, 9.2294478], [76.42050149999999, 9.2296834], [76.420362, 9.2299985], [76.42009649999999, 9.2305491], [76.41997579999999, 9.2307662], [76.4198014, 9.2311766], [76.4197397, 9.2315181], [76.41967, 9.2316584], [76.4194554, 9.231849], [76.4193079, 9.2320529], [76.41921939999999, 9.2321985], [76.41907449999998, 9.2325877], [76.4190128, 9.2328286], [76.4189914, 9.2329398], [76.41893769999999, 9.2330272], [76.41884389999998, 9.2331039], [76.4187607, 9.2331648], [76.4186588, 9.2333554], [76.4186078, 9.2335434], [76.418514, 9.2339299], [76.418345, 9.2343297], [76.4182216, 9.2346156], [76.41790239999999, 9.2352087], [76.4176342, 9.235664], [76.4175323, 9.235807], [76.4173043, 9.2361141], [76.4169341, 9.2368739], [76.4164084, 9.2380255], [76.4159846, 9.2389203], [76.41551337430764, 9.24004670224449], [76.4154884, 9.2401064], [76.4150619, 9.2410118], [76.4144075, 9.2424308], [76.4139461, 9.243323], [76.413812, 9.2436168], [76.4137557, 9.2438233], [76.4135626, 9.2442443], [76.41340169999998, 9.2445487], [76.4131576, 9.2450411], [76.41271229999998, 9.2461451], [76.4120498, 9.2475667], [76.4114571, 9.2489195], [76.4109421, 9.2499678], [76.4094105, 9.253269], [76.40842349999998, 9.255191], [76.4077407, 9.2567473], [76.4074445, 9.2574226], [76.4073104, 9.2577297], [76.407305, 9.2578515], [76.407313, 9.2580024], [76.4073211, 9.2581903], [76.40728089999999, 9.2583809], [76.40718969999999, 9.2585133], [76.4070636, 9.2586801], [76.4069295, 9.258786], [76.4068329, 9.2588892], [76.4067471, 9.2590084], [76.4061034, 9.2604855], [76.40593169999998, 9.26088], [76.4051405, 9.2626668], [76.4044753, 9.2640487], [76.404191, 9.2647317], [76.4035284, 9.2660632], [76.4025387, 9.2681386], [76.40147119999999, 9.2703993], [76.400401, 9.2726441], [76.3987139, 9.2765646], [76.3984403, 9.2772899], [76.3983706, 9.2775493], [76.3983223, 9.2777981], [76.3982499, 9.2780284], [76.39818549999998, 9.2781608], [76.39801649999998, 9.278452], [76.3978368, 9.278984], [76.3970885, 9.2804479], [76.3969356, 9.2807682], [76.396839, 9.2812076], [76.39676389999998, 9.2816788], [76.3963079, 9.2827376], [76.396029, 9.2832882], [76.395514, 9.2841723], [76.3953102, 9.284617], [76.39499369999999, 9.2850644], [76.39479249999998, 9.2854244], [76.39468789999998, 9.2855488], [76.39460469999999, 9.2855912], [76.3943928, 9.2858612], [76.3940468, 9.2865388], [76.3932905, 9.2882197], [76.3928667, 9.2893685], [76.392408, 9.2902897], [76.3914934, 9.2920632], [76.3908604, 9.2934978], [76.38738689999998, 9.3006473], [76.3865018, 9.3023785], [76.3857291, 9.3034791], [76.3843857, 9.3056344], [76.38301759999999, 9.3082278], [76.382824, 9.3084248], [76.3823862, 9.3093719], [76.3823256, 9.3095714], [76.38237139999998, 9.3097344], [76.3826788, 9.3101291], [76.38276559999998, 9.3104108], [76.3827662, 9.3106498], [76.3826399, 9.310907], [76.3826096, 9.311072], [76.3819871, 9.3120685], [76.3811517, 9.3133603], [76.38071089999998, 9.3140247], [76.3797319, 9.3153614], [76.37884939999998, 9.3166054], [76.37842919999999, 9.3174879], [76.3781473, 9.3174287], [76.3779497, 9.3174027], [76.37783279999998, 9.3174176], [76.3777219, 9.3174479], [76.3775677, 9.3175181], [76.37743709999998, 9.3176097], [76.3773274, 9.3177324], [76.3772452, 9.3178511], [76.37670749999998, 9.3189814], [76.3764585, 9.3194608], [76.37637519999998, 9.3195722], [76.3762501, 9.3196972], [76.3761609, 9.3197541], [76.3761405, 9.319769], [76.3761261, 9.3197897], [76.3761193, 9.3198139], [76.37612079999998, 9.3198389], [76.37613049999999, 9.3198621], [76.3761472, 9.3198809], [76.37616929999999, 9.3198933], [76.3761943, 9.3198979], [76.3762194, 9.3198943], [76.376242, 9.3198828], [76.3764023, 9.3197789], [76.3765011, 9.3196612], [76.3766636, 9.3194262], [76.3767081, 9.3194256], [76.37674269999998, 9.3194036], [76.37675419999998, 9.3193544], [76.3767454, 9.319304], [76.3768552, 9.3190643], [76.3771623, 9.3183947], [76.3774503, 9.317926], [76.37765159999998, 9.3177799], [76.3778431, 9.3176999], [76.37810819999999, 9.3176672], [76.3786027, 9.3178177], [76.3796487, 9.3183258], [76.37967559999998, 9.3183761], [76.3796487, 9.3184582], [76.3792169, 9.3194018], [76.379166, 9.3194375], [76.3790921, 9.3194282], [76.37877839999999, 9.3192939], [76.3788267, 9.3191728], [76.37831159999999, 9.3189333], [76.37816009999999, 9.3189902], [76.3780394, 9.3190537], [76.37798709999998, 9.3191333], [76.3778852, 9.3190888], [76.37781949999999, 9.3190981], [76.3777638, 9.3191497], [76.3777518, 9.319192], [76.3777578, 9.3192575], [76.3777953, 9.3193184], [76.3782728, 9.3195249], [76.37846049999999, 9.3196545], [76.378541, 9.3199748], [76.3785973, 9.3202633], [76.37861879999998, 9.3205333], [76.3786027, 9.3207953], [76.37855169999999, 9.3210388], [76.3784712, 9.3212664], [76.3769692, 9.3247231], [76.3768351, 9.325099], [76.3764408, 9.3260095], [76.3759983, 9.3269729], [76.3749227, 9.3292888], [76.3742924, 9.330673], [76.3733429, 9.3328963], [76.3710925, 9.338367], [76.37029589999999, 9.340254], [76.3691211, 9.3428689], [76.36811259999999, 9.3449703], [76.3659668, 9.3495542], [76.36437359999998, 9.3529524], [76.3639605, 9.3538787], [76.36332749999998, 9.3553237], [76.36312359999998, 9.3559006], [76.3628608, 9.3564935], [76.36211509999998, 9.3579252], [76.3616726, 9.3588436], [76.3613319, 9.3596005], [76.3599479, 9.3626439], [76.3590413, 9.3645018], [76.3586873, 9.3652428], [76.357314, 9.3683074], [76.35687409999998, 9.3694559], [76.356217, 9.3710173], [76.3556939, 9.3722611], [76.35523259999998, 9.3733091], [76.35487319999999, 9.3742565], [76.3543689, 9.3752409], [76.3534355, 9.3766594], [76.3529098, 9.3774533], [76.35268989999999, 9.3778185], [76.35226609999998, 9.378795], [76.3520756, 9.3794778], [76.3520434, 9.3797689], [76.3519603, 9.3800044], [76.3518476, 9.380224], [76.3517323, 9.3803855], [76.35077469999999, 9.3826349], [76.34988429999999, 9.3847043], [76.3490045, 9.3869378], [76.3483715, 9.3885308], [76.3481951, 9.389021], [76.3476097, 9.3906478], [76.3463679, 9.3941965], [76.3454372, 9.3968162], [76.3451984, 9.3975439], [76.3447666, 9.3987453], [76.3445547, 9.3993248], [76.34449569999998, 9.3995709], [76.344426, 9.3998911], [76.344434, 9.4000023], [76.344485, 9.4002642], [76.3444287, 9.4004865], [76.3442543, 9.4009549], [76.344198, 9.4011189], [76.34410139999999, 9.4013518], [76.34398339999998, 9.4015794], [76.3439083, 9.4016138], [76.3435033, 9.4025135], [76.34313579999998, 9.4033629], [76.3428783, 9.4039133], [76.3426638, 9.4044611], [76.34254569999999, 9.4047521], [76.3423151, 9.4053449], [76.3421595, 9.4056412], [76.3417464, 9.4064457], [76.3411456, 9.4080969], [76.34082909999998, 9.4090124], [76.340695, 9.4094358], [76.3405502, 9.4099227], [76.34046429999998, 9.4102879], [76.34033559999999, 9.4106424], [76.34025509999998, 9.4110764], [76.3400781, 9.4113992], [76.3399601, 9.4119231], [76.33979379999998, 9.412627], [76.33980449999999, 9.412844], [76.3397402, 9.4130451], [76.3396275, 9.413188], [76.3394344, 9.4136008], [76.3390106, 9.4149132], [76.33879059999998, 9.4155906], [76.338619, 9.4160563], [76.33846879999999, 9.4162627], [76.3383347, 9.4165803], [76.337927, 9.4177922], [76.3376641, 9.4186071], [76.33747639999999, 9.4194168], [76.3373315, 9.4199037], [76.3371491, 9.4203747], [76.3366663, 9.4215601], [76.3362265, 9.4225233], [76.335336, 9.424783], [76.335175, 9.4253598], [76.334444, 9.4272163], [76.33429979999998, 9.4278074], [76.33416549999998, 9.4282817], [76.3327973, 9.4320538], [76.33136959999999, 9.4360574], [76.3312573, 9.4363738], [76.33108089999999, 9.4365796], [76.33066909999998, 9.4372758], [76.3304071, 9.4381515], [76.3302254, 9.439064], [76.3301286, 9.4395566], [76.3294606, 9.4429568], [76.32895809999998, 9.4452934], [76.32825219999998, 9.4478147], [76.327001, 9.4520977], [76.3257663, 9.4570165], [76.3248355, 9.4607057], [76.324033, 9.4642929], [76.32399759999998, 9.4644511], [76.32397409999999, 9.4645404], [76.3238888, 9.4648637], [76.3236376, 9.4658008], [76.3232339, 9.468016], [76.3224452, 9.4713099], [76.3220362, 9.4732191], [76.3216618, 9.4746617], [76.3208116, 9.4782455], [76.32039989999998, 9.4798014], [76.3199213, 9.4817159], [76.319023, 9.4855423], [76.318656, 9.4873632], [76.31713819999999, 9.4931959], [76.3157209, 9.4984239], [76.3151043, 9.5011811], [76.3149949, 9.5017988], [76.3147969, 9.5027643], [76.3141852, 9.5061565], [76.3140046, 9.5070205], [76.31391249999999, 9.5074844], [76.3137957, 9.5081993], [76.3135091, 9.5096873], [76.3133202, 9.5109649], [76.3131812, 9.5118614], [76.31316519999999, 9.5121014], [76.3130689, 9.5124494], [76.31298609999999, 9.5128608], [76.31258429999998, 9.5145569], [76.31230979999998, 9.5162529], [76.31205919999998, 9.5177357], [76.3120215, 9.5179236], [76.3119904, 9.5180786], [76.3117721, 9.5191302], [76.311665, 9.5197758], [76.31152549999999, 9.5201446], [76.31127079999999, 9.5211578], [76.31092689999998, 9.5230811], [76.3108667, 9.5233538], [76.3108111, 9.5236844], [76.31069979999998, 9.5247137], [76.3106319, 9.5248265], [76.3105732, 9.5251114], [76.3104619, 9.5260093], [76.310102, 9.5279885], [76.3099784, 9.5284455], [76.3099259, 9.5287898], [76.30982549999999, 9.5296633], [76.3097606, 9.529946], [76.30964939999998, 9.5304808], [76.30957689999998, 9.5306965], [76.3094282, 9.531827], [76.3093013, 9.5327155], [76.3091738, 9.5335488], [76.308975, 9.5344878], [76.30862579999999, 9.5364776], [76.3084541, 9.5374403], [76.30812439999998, 9.5390301], [76.30791129999999, 9.5399044], [76.3078266, 9.5409676], [76.30755089999998, 9.5421977], [76.30739589999999, 9.5427845], [76.30734789999998, 9.5430508], [76.307314, 9.5431886], [76.307197, 9.5436034], [76.3071633, 9.5437916], [76.30716239999998, 9.5441997], [76.30712279999999, 9.5448388], [76.3070792, 9.5452201], [76.30698379999998, 9.5457008], [76.30692229999998, 9.5461068], [76.3070663, 9.5470342], [76.3068111, 9.5479526], [76.3064488, 9.5497299], [76.306278, 9.5503412], [76.30624319999998, 9.5509951], [76.306294, 9.5510794], [76.30620239999999, 9.5511881], [76.3061583, 9.5514898], [76.30631, 9.5516632], [76.30628079999998, 9.5518229], [76.3061978, 9.5521507], [76.306131, 9.5528855], [76.30578069999999, 9.5544911], [76.30552429999999, 9.5557409], [76.30574069999999, 9.5558418], [76.3056965, 9.5564015], [76.30565339999998, 9.5567566], [76.3058069, 9.556836], [76.3057161, 9.5570657], [76.3050007, 9.5592234], [76.3045963, 9.5609715], [76.3043633, 9.5621659], [76.304246, 9.562767], [76.3040215, 9.5639559], [76.3037408, 9.5650976], [76.30351889999999, 9.5666135], [76.30346269999998, 9.5673174], [76.3031419, 9.5689625], [76.3029387, 9.5703809], [76.3027861, 9.5716917], [76.302734, 9.5721374], [76.30214729999999, 9.5754215], [76.3019281, 9.5769084], [76.3015698, 9.5785904], [76.3015103, 9.5790077], [76.30123819999999, 9.5809157], [76.3010843, 9.5817635], [76.3009014, 9.5827716], [76.30090769999998, 9.5829643], [76.3001849, 9.5883868], [76.30019389999998, 9.5884726], [76.2997357, 9.5910125], [76.2992219, 9.5943963], [76.2984685, 9.5993587], [76.2984528, 9.5994574], [76.2983815, 9.5999052], [76.2982959, 9.6004431], [76.298244, 9.6007688], [76.2980699, 9.6018616], [76.2979918, 9.6023523], [76.29727139999999, 9.6062515], [76.2972493, 9.6063708], [76.2970523, 9.6078173], [76.296464, 9.6121364], [76.2959761, 9.6157184], [76.2956918, 9.6178051], [76.2956558, 9.6180696], [76.2955449, 9.6185982], [76.29554129999998, 9.6186153], [76.2953215, 9.6196625], [76.2953029, 9.6197513], [76.2948559, 9.6210241], [76.2946809, 9.6214272], [76.2944303, 9.6220047], [76.2942295, 9.6223041], [76.2942166, 9.6223234], [76.2939929, 9.622302], [76.29397219999998, 9.6224347], [76.29476089999999, 9.6225814], [76.2946879, 9.6229015], [76.2945633, 9.6233203], [76.2939773, 9.6231517], [76.29381659999999, 9.6231417], [76.29378049999998, 9.6232295], [76.29408709999998, 9.6233286], [76.29466079999999, 9.6234252], [76.2947925, 9.6234478], [76.2954206, 9.623556], [76.2955756, 9.6241956], [76.2956825, 9.6245699], [76.2957146, 9.6248916], [76.2957467, 9.6251604], [76.2957467, 9.6253765], [76.29570929999998, 9.6257192], [76.2953083, 9.6279993], [76.2952976, 9.6288665], [76.2953617, 9.6292936], [76.2954286, 9.6294754], [76.2955622, 9.6300474], [76.29561579999998, 9.6303505], [76.2956131, 9.630659], [76.2953671, 9.6318767], [76.2952868, 9.6320112], [76.2952868, 9.6322114], [76.2952762, 9.6329153], [76.295025, 9.6333356], [76.2949741, 9.6337746], [76.2951722, 9.6339642], [76.2951565, 9.6343775], [76.29512429999998, 9.6347742], [76.2950646, 9.6355653], [76.295009, 9.6360831], [76.29492039999998, 9.6366173], [76.2947178, 9.6376571], [76.2946603, 9.6379871], [76.2946039, 9.6383123], [76.2945396, 9.6389417], [76.2944725, 9.6395975], [76.2943354, 9.6402244], [76.29431959999998, 9.6406341], [76.2942874, 9.6410545], [76.2941828, 9.6418795], [76.2940135, 9.6435112], [76.2940085, 9.6436949], [76.2939696, 9.6438667], [76.2939093, 9.6441682], [76.2938704, 9.6447433], [76.2938421945755, 9.644844757194303], [76.29712975400008, 9.65843333500004], [76.27735436300003, 9.809271552000041], [76.25318444100003, 9.883734442000048], [76.24675540500004, 9.893744208000044], [76.24024498800003, 9.939398505000042], [76.23633873800003, 9.95270416900007], [76.23833606796926, 9.954078694574683], [76.2382802, 9.9540672], [76.23820509999999, 9.9540672], [76.23816759999998, 9.9540831], [76.2381595, 9.9541095], [76.238181, 9.9541465], [76.2382239, 9.9541756], [76.2380657, 9.9551345], [76.23800929999999, 9.9552772], [76.2379637, 9.9552904], [76.2378135, 9.9553063], [76.2377706, 9.9553195], [76.2377652, 9.9553485], [76.2377894, 9.955375], [76.2378591, 9.9553934], [76.2378833, 9.9558135], [76.2378028, 9.9563841], [76.2377384, 9.9565981], [76.2375104, 9.9565955], [76.23748089999998, 9.9566193], [76.2374917, 9.9566615], [76.237666, 9.9567196], [76.237658, 9.9571846], [76.2375185, 9.9578503], [76.2373066, 9.9578556], [76.237261, 9.9578979], [76.2372744, 9.9579349], [76.2373468, 9.9579719], [76.23749429999998, 9.958022], [76.2372959, 9.9591633], [76.2371135, 9.9591765], [76.23706519999999, 9.9591976], [76.23706519999999, 9.9592373], [76.2371027, 9.9592611], [76.23725029999999, 9.959298], [76.2372744, 9.9593324], [76.2372234, 9.960154], [76.2371752, 9.9604974], [76.2371269, 9.9605291], [76.2370035, 9.9605344], [76.236974, 9.9605555], [76.236966, 9.9606163], [76.2369874, 9.960648], [76.23717249999999, 9.9606929], [76.2371859, 9.9607537], [76.2371108, 9.9613692], [76.237092, 9.9614062], [76.23695519999998, 9.9614088], [76.2369445, 9.9614405], [76.23696059999999, 9.9614801], [76.237084, 9.9615145], [76.2369767, 9.9625791], [76.236982, 9.9626372], [76.237033, 9.9626795], [76.2370545, 9.9627535], [76.2371108, 9.9631682], [76.2371108, 9.9632713], [76.2371349, 9.963295], [76.2371752, 9.963295], [76.23724489999998, 9.963266], [76.2373576, 9.963266], [76.2374005, 9.9633188], [76.2375131, 9.9639343], [76.2375131, 9.9642038], [76.2374514, 9.9642302], [76.23743, 9.9642672], [76.2374139, 9.9643412], [76.2374273, 9.9644046], [76.23791269999998, 9.9652737], [76.2379798, 9.9655775], [76.23801439999998, 9.965634], [76.2379781, 9.9656636], [76.23801219999999, 9.9657146], [76.238068, 9.9656886], [76.23813039999999, 9.9658254], [76.23825859999998, 9.9660285], [76.2386343, 9.9663377], [76.2387948, 9.9665218], [76.2387896, 9.9665614], [76.23882369999998, 9.9665888], [76.2389126, 9.9665185], [76.2393558, 9.9669169], [76.2398359, 9.9674426], [76.2406433, 9.9678943], [76.240697, 9.9679392], [76.240823, 9.9677516], [76.2413728, 9.9679525], [76.242844, 9.9683408], [76.2433577, 9.9685442], [76.24412209999998, 9.9688295], [76.2443573, 9.9689548], [76.24413439999998, 9.9713002], [76.2439113, 9.97262], [76.2432658, 9.9724594], [76.2427434, 9.9723535], [76.24225259999999, 9.9724143], [76.2418449, 9.9723614], [76.24151769999999, 9.9724354], [76.2408364, 9.9725728], [76.2402222, 9.9728317], [76.23994, 9.9729289], [76.23962079999998, 9.9730166], [76.239571, 9.9730303], [76.2392968, 9.9731057], [76.2390721, 9.9730531], [76.2386271, 9.9729347], [76.2380339, 9.9730313], [76.237737, 9.9730977], [76.2375212, 9.9731249], [76.2367219, 9.9733045], [76.2354237, 9.9735845], [76.234104, 9.9738064], [76.2337661, 9.9739015], [76.2330472, 9.9741076], [76.2328514, 9.9743559], [76.23275759999999, 9.9746993], [76.23272, 9.9750216], [76.23255369999998, 9.9751193], [76.2323732, 9.9751153], [76.2319905, 9.9752805], [76.231792, 9.9752593], [76.2317598, 9.9751695], [76.23174369999998, 9.975048], [76.2314755, 9.9750374], [76.2307405, 9.9749159], [76.2303811, 9.9749106], [76.2301236, 9.9749159], [76.22965159999998, 9.9747152], [76.2293887, 9.9746465], [76.2291688, 9.9746201], [76.2287203, 9.9745022], [76.2281495, 9.9742925], [76.2275541, 9.9739068], [76.2272859, 9.9738064], [76.2269962, 9.97378], [76.2267441, 9.9738381], [76.2260842, 9.9740019], [76.2255951, 9.974029], [76.22538849999998, 9.9740658], [76.2252179, 9.974023], [76.22474479999998, 9.9738174], [76.2245674, 9.9738528], [76.2243998, 9.9743506], [76.224201, 9.974879], [76.22390629999998, 9.9757718], [76.2236327, 9.9765855], [76.22319819999998, 9.9777319], [76.22298689999998, 9.9784119], [76.2228173, 9.9789577], [76.2221146, 9.9811713], [76.221959, 9.9818159], [76.2218356, 9.9835435], [76.22168, 9.9842726], [76.22154589999998, 9.9847903], [76.22107389999998, 9.9864968], [76.2207252, 9.9875534], [76.2202638, 9.9886681], [76.2198991, 9.9900787], [76.2196845, 9.9910297], [76.2194109, 9.9923187], [76.2190293, 9.9942853], [76.218912, 9.9949444], [76.2184453, 9.9971897], [76.218338, 9.9976916], [76.2184185, 9.9977655], [76.2184185, 9.997998], [76.2182066, 9.9989542], [76.21810729999999, 9.9994772], [76.218043, 9.999604], [76.2176835, 10.0013685], [76.2176233, 10.0016854], [76.21717929999998, 10.0033548], [76.2168923, 10.0045356], [76.21649639999998, 10.0063645], [76.21601519999999, 10.0085531], [76.2156274, 10.0105994], [76.2141913, 10.0168628], [76.2139191, 10.0180268], [76.21371919999999, 10.0189812], [76.2133062, 10.0207614], [76.2129253, 10.0222458], [76.21216889999998, 10.0245596], [76.2118041, 10.0256266], [76.2116003, 10.0260281], [76.2113874, 10.0260126], [76.2112972, 10.0260387], [76.2111524, 10.026147], [76.2107581, 10.0269156], [76.210514, 10.0277185], [76.2097925, 10.0304178], [76.2093097, 10.032161], [76.2087854, 10.0342507], [76.2082587, 10.0361607], [76.2071693, 10.0401109], [76.2068846, 10.0411361], [76.2065436, 10.042364], [76.20641829999998, 10.0428154], [76.2062252, 10.0435972], [76.2064129, 10.0437768], [76.2063968, 10.0439036], [76.20632709999998, 10.0440779], [76.2061983, 10.0441149], [76.2060749, 10.0441677], [76.2058815, 10.0448618], [76.2055899, 10.0459088], [76.2052435, 10.0471521], [76.2044227, 10.0498249], [76.20439909999999, 10.0499053], [76.2042832, 10.0503003], [76.2042355, 10.0503773], [76.2041458, 10.0505224], [76.20405009999999, 10.0506116], [76.2039024, 10.0507493], [76.2035673, 10.0510058], [76.2034678, 10.051082], [76.2026954, 10.0515521], [76.20250219999998, 10.0518268], [76.2024301, 10.0519639], [76.2023467, 10.0521226], [76.20197119999999, 10.0531896], [76.201843, 10.0535975], [76.20132209999998, 10.0552548], [76.20111679999998, 10.0559405], [76.20070519999999, 10.0573148], [76.20043689999999, 10.0581969], [76.20035629999998, 10.0585091], [76.19973979999999, 10.0608978], [76.1996967, 10.061065], [76.1993703, 10.0623619], [76.1992407, 10.0628767], [76.19896190965505, 10.063898663117184], [76.19895968636628, 10.063906813037589], [76.198929, 10.0640193], [76.1987284, 10.0647544], [76.1987311, 10.0648231], [76.198833, 10.0648627], [76.1988279, 10.0649394], [76.19881689999998, 10.0651057], [76.1986667, 10.0658715], [76.1985594, 10.0660405], [76.19838239999999, 10.0663469], [76.1982839, 10.0665281], [76.1981785, 10.0667219], [76.19813579999999, 10.0668595], [76.19767429999999, 10.0683487], [76.1975148, 10.0690323], [76.1973256, 10.0698435], [76.19712719999998, 10.0709924], [76.1970574, 10.0713963], [76.1968083, 10.0723536], [76.19635729999999, 10.0744201], [76.1962554, 10.0747423], [76.1961052, 10.0751305], [76.1959416, 10.075796], [76.195845, 10.0761366], [76.195783, 10.0763723], [76.19571089999998, 10.0766463], [76.1955714, 10.077185], [76.1954534, 10.0776657], [76.19531389999999, 10.0780512], [76.195153, 10.0787695], [76.1949921, 10.0792819], [76.19465929999998, 10.0807706], [76.1943698, 10.0820653], [76.1941928, 10.0828152], [76.1939889, 10.0834807], [76.1939084, 10.0836128], [76.19381459999998, 10.0836893], [76.1936644, 10.0838293], [76.19361069999998, 10.0839402], [76.1935973, 10.0840775], [76.1935812, 10.0843997], [76.1935168, 10.0846849], [76.1934793, 10.0847853], [76.19340419999999, 10.0848883], [76.1933345, 10.0849252], [76.19322179999999, 10.0848988], [76.1931735, 10.0849358], [76.1931494, 10.0850361], [76.1931413, 10.0855564], [76.1927926, 10.0862535], [76.19271749999999, 10.0866919], [76.19259949999999, 10.0871091], [76.1924198, 10.0873706], [76.1923555, 10.0875264], [76.1923581, 10.0878142], [76.1923233, 10.0880783], [76.1918995, 10.0897367], [76.1914757, 10.0914399], [76.1913979, 10.0917463], [76.1912772, 10.0920869], [76.191076, 10.0925807], [76.190604, 10.0942127], [76.190207, 10.0959186], [76.19011039999998, 10.0960664], [76.18983339999998, 10.0961136], [76.18977639999999, 10.0962444], [76.1898129, 10.0963186], [76.1897745, 10.0965226], [76.1896614, 10.0971225], [76.1895884, 10.0971419], [76.1895618, 10.0972976], [76.18953219999999, 10.0977502], [76.1893118, 10.0990659], [76.1888877, 10.1011332], [76.18877689999998, 10.1016798], [76.1884996, 10.1030476], [76.18827609999998, 10.1038387], [76.187749, 10.1062376], [76.1873113, 10.108103], [76.1871842, 10.1093118], [76.1869839, 10.1101269], [76.1869041, 10.1104516], [76.1863684, 10.1126315], [76.1852626, 10.1171317], [76.1836141, 10.1238029], [76.18268202658781, 10.12710538606674], [76.18490644590209, 10.135809636616669], [76.18458092500003, 10.144924221000053], [76.17774498800003, 10.15534088700008], [76.17750084700003, 10.17064036700009], [76.22413170700007, 10.196926174000053], [76.23494311708895, 10.20874664912508], [76.23633873800003, 10.210272528000075], [76.23731530000003, 10.216986395000049], [76.24170983200008, 10.223944403000075], [76.24268639400002, 10.231024481000075], [76.24033218105615, 10.238675674514074], [76.24024498800003, 10.238959052000041], [76.23731530050003, 10.238450425500048], [76.23438561300003, 10.237941799000055], [76.23108971450003, 10.236110744500053], [76.22779381600003, 10.234279690000053], [76.22386114148354, 10.234408629810488], [76.22282962300005, 10.234442450000074], [76.21338951900003, 10.253241278000075], [76.20630944100003, 10.262884833000044], [76.19483483200008, 10.268622137000078], [76.20785566500005, 10.234564520000049], [76.20948326900002, 10.216009833000042], [76.20167076900003, 10.199693101000037], [76.18409264400003, 10.18935781500005], [76.17058353000004, 10.193752346000053], [76.16049238400007, 10.206244208000044], [76.15316816500007, 10.22016022300005], [76.13819420700008, 10.261053778000075], [76.12061608200008, 10.343573309000078], [76.10613040500004, 10.38467031500005], [76.0845199334532, 10.413525820108037], [76.08441529999999, 10.4138451], [76.08410949999998, 10.4145627], [76.0839162, 10.415056], [76.0831708, 10.416958], [76.08208719999999, 10.4197701], [76.0815883, 10.4210363], [76.0811216, 10.4222445], [76.0805798, 10.4235371], [76.08030969999999, 10.4241536], [76.079995, 10.4248719], [76.07919569999999, 10.4267817], [76.07836959999999, 10.4286019], [76.07772629999998, 10.4302606], [76.0766258, 10.4329723], [76.0760871, 10.4342997], [76.0760768, 10.4343249], [76.07587739999998, 10.434812], [76.0750115, 10.436927], [76.0743624, 10.4385097], [76.0740503, 10.439185], [76.073893, 10.4395253], [76.0732278, 10.4410262], [76.072707, 10.4422104], [76.0726431, 10.4423556], [76.0723615, 10.4429438], [76.07138249999998, 10.4451648], [76.0709506, 10.4462252], [76.0707521, 10.4467396], [76.0706607, 10.4469816], [76.070645, 10.4470232], [76.07058639999998, 10.4471783], [76.0704732, 10.4474782], [76.0700172, 10.4484779], [76.0695425, 10.449562], [76.0692608, 10.4501449], [76.0688424, 10.4511024], [76.0682335, 10.4523975], [76.067614, 10.4537032], [76.0669927, 10.4550977], [76.0667359, 10.4556742], [76.06652229999999, 10.4561536], [76.06609579999999, 10.4569792], [76.0659693, 10.4571923], [76.0655031, 10.4585222], [76.0654958, 10.4585393], [76.0652724, 10.4590603], [76.0649586, 10.4597513], [76.06474189999999, 10.46019], [76.0647306, 10.4602129], [76.06332441500852, 10.470160222904106], [76.05241946700005, 10.51398346600007], [76.04460696700005, 10.52928294500009], [76.01872805992697, 10.5534121783762], [76.01379613098646, 10.559737170651346], [76.01358029999999, 10.5602055], [76.01309, 10.5610385], [76.01206, 10.5628368], [76.0114125, 10.5641295], [76.0108423, 10.5652679], [76.0100699, 10.5669449], [76.0098162, 10.567746], [76.0078114, 10.5716171], [76.007275, 10.5725715], [76.0066326609611, 10.573665072965115], [75.99968509200005, 10.605536200000074], [75.93913821700005, 10.726060289000088], [75.93818685152903, 10.730015502914585], [75.93474368600005, 10.744330145000049], [75.93213951900003, 10.75096263200004], [75.92693118600005, 10.75771719000005], [75.92204837300005, 10.765570380000042], [75.92107181100005, 10.77570221600007], [75.92408287900008, 10.78070709800005], [75.93653405000003, 10.790716864000046], [75.94157962300005, 10.796210028000075], [75.91114342500003, 10.80923086100006], [75.89454186300003, 10.849758205000057], [75.88013756600003, 10.93268463700008], [75.83277428500008, 11.097845770000049], [75.74293053500008, 11.310126044000071], [75.73780358200008, 11.319484768000052], [75.73365319100003, 11.32518138200004], [75.73080488400007, 11.331732489000046], [75.72925866000008, 11.34365469000005], [75.73951256600003, 11.350734768000052], [75.74244225400008, 11.358710028000075], [75.73552493600005, 11.371527411000045], [75.72217858200008, 11.36749909100007], [75.71119225400008, 11.381781317000048], [75.69516035200007, 11.419989325000074], [75.67709394600007, 11.450100002000056], [75.66480553500008, 11.462632554000038], [75.65015709700003, 11.46775950700004], [75.63013756600003, 11.46873607000009], [75.61654707100007, 11.47361888200004], [75.60889733200008, 11.484930731000077], [75.60629316500007, 11.50531647300005], [75.60084069100003, 11.523382880000042], [75.58187910200007, 11.54979075700004], [75.58529707100007, 11.563381252000056], [75.54250987843963, 11.684520380758048], [75.53627674436564, 11.692574535283011], [75.53996969916653, 11.697027804307613], [75.54235925815534, 11.697353653260633], [75.54192479288464, 11.700177677520136], [75.54322818869673, 11.700394910155483], [75.54464020082648, 11.704522330227066], [75.54344542133208, 11.70495679549776], [75.54203340920232, 11.706042958674491], [75.53964385021351, 11.708106668710283], [75.53758014017772, 11.709518680840034], [75.53508196487124, 11.70875836661632], [75.53410441801218, 11.706694656580531], [75.53193209165872, 11.704196481274046], [75.53101554287309, 11.703250366398557], [75.53047340845497, 11.704042042447353], [75.52693574104575, 11.707454970804243], [75.52498064732762, 11.706803272898204], [75.5049286325247, 11.733397723711], [75.49949781664102, 11.73274602580496], [75.37973066500007, 11.864976304000038], [75.37256920700008, 11.864732164000088], [75.35580488400007, 11.85765208500004], [75.35254967500003, 11.86155833500004], [75.34937584700003, 11.871975002000056], [75.32455488400007, 11.899115302000041], [75.30762780000003, 11.932196356000077], [75.32650800900007, 11.93585846600007], [75.40023847700007, 11.92023346600007], [75.40023847700007, 11.926459052000041], [75.38656660200007, 11.935126044000071], [75.38282311300003, 11.945502020000049], [75.38599694100003, 11.958319403000075], [75.39340254000007, 11.97483958500004], [75.38021894600007, 11.968695380000042], [75.36133873800003, 11.951239325000074], [75.34913170700008, 11.94757721600007], [75.33171634200005, 11.94953034100007], [75.31609134200005, 11.955633856000077], [75.30225670700008, 11.966050523000092], [75.29037519600007, 11.98110586100006], [75.27881920700008, 12.003241278000075], [75.28109785200007, 12.010646877000056], [75.31470787900008, 12.008368231000077], [75.32976321700005, 12.012640692000048], [75.32496178500008, 12.022650458000044], [75.30559329500005, 12.041774807000081], [75.30420983200008, 12.043158270000049], [75.26433353000004, 12.013332424000055], [75.26050866000008, 11.997788804000038], [75.27670332100007, 11.96743398600006], [75.24561608200008, 12.00291575700004], [75.23926842500003, 12.008368231000077], [75.23324629000007, 12.01048411700009], [75.22820071700005, 12.01508209800005], [75.22445722700007, 12.019354559000078], [75.22217858200008, 12.022040106000077], [75.21648196700005, 12.021063544000071], [75.21062259200005, 12.016994533000059], [75.20704186300003, 12.01203034100007], [75.20850670700008, 12.008368231000077], [75.19369550900007, 12.022284247000073], [75.18628991000008, 12.041571356000077], [75.18051191500007, 12.077297268000052], [75.14380944100003, 12.161322333000044], [75.13086998800003, 12.207831122000073], [75.13965905000003, 12.241766669000071], [75.13965905000003, 12.248602606000077], [75.12671959700003, 12.245835679000038], [75.11963951900003, 12.23899974200009], [75.11394290500004, 12.230169989000046], [75.10547936300003, 12.221258856000077], [75.10613040500004, 12.233710028000075], [75.10474694100003, 12.24607982000009], [75.09864342500003, 12.269029039000088], [75.08285566500007, 12.305894273000092], [75.01840254000007, 12.414740302000041], [75.01099694100003, 12.43577708500004], [75.00993899800005, 12.443793036000045], [75.00660241000008, 12.44944896000004], [74.99935957100007, 12.454901434000078], [74.99203535200007, 12.461737372000073], [74.98878014400003, 12.471380927000041], [74.98536217500003, 12.491359768000052], [74.97673587300005, 12.507025458000044], [74.95525149800005, 12.537258205000057], [74.87964928500008, 12.725490627000056], [74.87012780000003, 12.742865302000041], [74.85572350400008, 12.759426174000055], [74.85425866000008, 12.765285549000055], [74.85474694100003, 12.78701406500005], [74.85230553500008, 12.797308661000045], [74.84400475400008, 12.808010158000059], [74.83497155000003, 12.815822658000059], [74.82764733200008, 12.824652411000045], [74.82496178500008, 12.83820221600007], [74.85141035200007, 12.825506903000075], [74.85914147200003, 12.824611721000053], [74.86695397200003, 12.830023505000042], [74.88111412900008, 12.848049221000053], [74.88982181100005, 12.85187409100007], [74.90113366000008, 12.85342031500005], [74.91749108200008, 12.85814036700009], [74.93287194100003, 12.866441148000092], [74.94092858200008, 12.878607489000046], [74.89478600400008, 12.871161200000074], [74.85059655000003, 12.857163804000038], [74.81755618600005, 12.861761786000045], [74.77027428500008, 13.052435614000046], [74.78337649800005, 13.084662177000041], [74.77409915500004, 13.093410549000055], [74.76921634200005, 13.099554755000042], [74.76295006600003, 13.118801174000055], [74.76189212300005, 13.143133856000077], [74.75977623800003, 13.155218817000048], [74.75294030000003, 13.16038646000004], [74.74878991000008, 13.170843817000048], [74.73780358200008, 13.221380927000041], [74.73340905000003, 13.26276276200008], [74.71509850400008, 13.33104075700004], [74.70720462300005, 13.34837474200009], [74.69613691500007, 13.36595286700009], [74.68946373800003, 13.38157786700009], [74.69459069100003, 13.393133856000077], [74.68751061300003, 13.410345770000049], [74.68336022200003, 13.44281647300005], [74.68091881600003, 13.468247789000088], [74.69076582100007, 13.439113674000055], [74.69369550900007, 13.415269273000092], [74.70826256600003, 13.413031317000048], [74.70191491000008, 13.420355536000045], [74.70240319100003, 13.442613023000092], [74.70142662900008, 13.461371161000045], [74.67709394600007, 13.526760158000059], [74.67798912900008, 13.54913971600007], [74.67139733200008, 13.603949286000045], [74.67351321700005, 13.619086005000042], [74.66993248800003, 13.622015692000048], [74.66797936300003, 13.625148830000057], [74.66716556100005, 13.628607489000046], [74.66667728000004, 13.632757880000042], [74.67286217500003, 13.62889232000009], [74.67709394600007, 13.63031647300005], [74.67969811300003, 13.636460679000038], [74.68091881600003, 13.646958726000037], [74.68718509200005, 13.646958726000037], [74.69678795700008, 13.640448309000078], [74.70997155000003, 13.640570380000042], [74.72380618600005, 13.64557526200008], [74.73560631600003, 13.653794664000088], [74.72055097700007, 13.652289130000042], [74.71290123800003, 13.656195380000042], [74.70142662900008, 13.67373281500005], [74.68832441500007, 13.685939846000053], [74.68897545700008, 13.69086334800005], [74.70142662900008, 13.69476959800005], [74.68775475400008, 13.711818752000056], [74.67603600400008, 13.70107656500005], [74.66049238400007, 13.66006094000005], [74.64698326900003, 13.692084052000041], [74.62305748800003, 13.77415599200009], [74.61459394600007, 13.835516669000071], [74.59595787900008, 13.871486721000053], [74.58399498800003, 13.903876044000071], [74.55079186300003, 13.945502020000049], [74.53638756600003, 13.969875393000052], [74.50473066500007, 14.010239976000037], [74.49537194100003, 14.030585028000075], [74.49480228000004, 14.040716864000046], [74.49626712300005, 14.06150950700004], [74.49537194100003, 14.071519273000092], [74.49138431100005, 14.080633856000077], [74.47917728000004, 14.095648505000042], [74.47486412900008, 14.10569896000004], [74.47315514400003, 14.161688544000071], [74.46745853000004, 14.181382554000038], [74.43873131600003, 14.220119533000059], [74.42904707100007, 14.240423895000049], [74.43336022200003, 14.263373114000046], [74.44703209700003, 14.253973700000074], [74.47103925900007, 14.24868398600006], [74.49496504000007, 14.247463283000059], [74.50896243600005, 14.25031159100007], [74.50001061300003, 14.257961330000057], [74.43637129000007, 14.279689846000053], [74.42774498800003, 14.28384023600006], [74.41537519600007, 14.30109284100007], [74.41260826900003, 14.34479401200008], [74.40357506600003, 14.362982489000046], [74.39698326900003, 14.372748114000046], [74.39437910200007, 14.384914455000057], [74.39421634200005, 14.41079336100006], [74.39185631600003, 14.41901276200008], [74.38672936300003, 14.424221096000053], [74.38160241000008, 14.431219794000071], [74.37427819100003, 14.467271226000037], [74.35385175900007, 14.505072333000044], [74.35189863400007, 14.530218817000048], [74.36703535200007, 14.51235586100006], [74.37745201900003, 14.48460521000004], [74.38884524800005, 14.462713934000078], [74.40723717500003, 14.46198151200008], [74.39763431100005, 14.475409247000073], [74.40113366000008, 14.479722398000092], [74.42774498800003, 14.476263739000046], [74.38542728000004, 14.524115302000041], [74.37240644600007, 14.530218817000048], [74.37468509200005, 14.533758856000077], [74.37712649800005, 14.54100169500009], [74.37924238400007, 14.544582424000055], [74.36833743600005, 14.549709377000056], [74.36410566500007, 14.54913971600007], [74.35873457100007, 14.544582424000055], [74.35547936300003, 14.557074286000045], [74.35580488400007, 14.56240469000005], [74.35873457100007, 14.571234442000048], [74.34294681100005, 14.563666083000044], [74.34099368600005, 14.551174221000053], [74.34294681100005, 14.536851304000038], [74.33904056100005, 14.523993231000077], [74.32488040500004, 14.517238674000055], [74.30982506600003, 14.51943594000005], [74.30054772200003, 14.527411200000074], [74.30355879000007, 14.537665106000077], [74.29590905000003, 14.565008856000077], [74.29517662900008, 14.587307033000059], [74.30738366000008, 14.60187409100007], [74.33904056100005, 14.605943101000037], [74.33904056100005, 14.612779039000088], [74.32390384200005, 14.61859772300005], [74.31226647200003, 14.61546458500004], [74.30111738400007, 14.609320380000042], [74.28711998800003, 14.605943101000037], [74.27588951900003, 14.610174872000073], [74.26807701900003, 14.619940497000073], [74.26685631600003, 14.631293036000045], [74.27621504000007, 14.64008209800005], [74.26921634200005, 14.65892161700009], [74.26319420700008, 14.701605536000045], [74.25294030000003, 14.718939520000049], [74.23406009200005, 14.734076239000046], [74.22046959700003, 14.738104559000078], [74.20875084700003, 14.731838283000059], [74.19434655000003, 14.71580638200004], [74.18067467500003, 14.74217357000009], [74.17383873800003, 14.749945380000042], [74.16944420700008, 14.750881252000056], [74.15772545700008, 14.748968817000048], [74.15333092500003, 14.749945380000042], [74.14649498800003, 14.761867580000057], [74.14584394600007, 14.763617255000042], [74.11133873800003, 14.78034088700008], [74.09644616000008, 14.793361721000053], [74.09131920700008, 14.811428127000056], [74.10914147200003, 14.80263906500005], [74.11402428500008, 14.808417059000078], [74.11426842500003, 14.82094961100006], [74.11866295700008, 14.831854559000078], [74.12875410200007, 14.837469794000071], [74.14047285200007, 14.838771877000056], [74.15154056100005, 14.835109768000052], [74.15951582100007, 14.825669664000088], [74.16968834700003, 14.84446849200009], [74.17896569100003, 14.856268622000073], [74.19068444100003, 14.863104559000078], [74.20801842500003, 14.86664459800005], [74.21810957100007, 14.865383205000057], [74.22689863400007, 14.86273834800005], [74.23308353000004, 14.864569403000075], [74.23519941500007, 14.876532294000071], [74.27792611594302, 14.921359724652397], [74.31668687005792, 14.973040730138937], [74.36513781270156, 15.040872049840024], [74.3425273728012, 15.153924249341832], [74.35544762417284, 15.276666637372367], [74.35221756132992, 15.422019465303263], [74.32314699574374, 15.518921350590528], [74.21332485908485, 15.551221979019617], [74.06797203115394, 15.557682104705435], [73.92584926606597, 15.557682104705435], [73.89031857479397, 15.703034932636331], [73.7966467523496, 15.725645372536693], [73.70085696700005, 15.723211981000077], [73.68987063900005, 15.72447337400007], [73.67237389400003, 15.726507880000042], [73.65601647200003, 15.730292059000078], [73.64625084700003, 15.736883856000077], [73.64356530000003, 15.74909088700008], [73.64625084700003, 15.792141018000052], [73.64060052033443, 15.81126520032586], [73.64045728752637, 15.811749988285651], [73.640412829898, 15.81190046025675], [73.64036006892901, 15.812079035841903], [73.64021496109561, 15.812570170041251], [73.64010318765666, 15.81294848013763], [73.63997171780792, 15.81339345500485], [73.63884524800005, 15.817206122000073], [73.63874640430976, 15.817390159540658], [73.61755309990127, 15.856850074568237], [73.60466556100005, 15.88084544500009], [73.60138359850734, 15.885080739304994], [73.60031750252384, 15.886456510739738], [73.59912485803638, 15.887995590000017], [73.58757571700005, 15.902899481000077], [73.57595742088293, 15.912073094087415], [73.52898196700005, 15.949164130000042], [73.51010175900007, 15.967596747000073], [73.49097741000008, 15.993475653000075], [73.48919229144103, 16.003591323047225], [73.4892039, 16.0037457], [73.48959009999999, 16.00509979999999], [73.48972019999998, 16.0093792], [73.48989029999998, 16.0102929], [73.4898692, 16.0114238], [73.4897165, 16.0126871], [73.48943, 16.0141746], [73.48935745093118, 16.014453867026567], [73.4890045, 16.0158125], [73.4885968, 16.0169142], [73.4879714, 16.0185089], [73.4875532, 16.0197433], [73.48707419999998, 16.0209443], [73.4862204, 16.0232962], [73.48596729999998, 16.024307], [73.4856099, 16.0253178], [73.484795, 16.027395], [73.48459068409738, 16.028048912574228], [73.48389733200008, 16.028225002000056], [73.47250410200007, 16.036363023000092], [73.46878129429169, 16.04663521518893], [73.4682993960884, 16.04796489733947], [73.46810957100007, 16.048488674000055], [73.46485436300003, 16.051662502000056], [73.45883670370972, 16.053735251685477], [73.45753014400003, 16.05418528900009], [73.45539812064142, 16.055590486254314], [73.45036868600005, 16.05890534100007], [73.44703209700003, 16.068915106000077], [73.45297285200007, 16.074164130000042], [73.45753014400003, 16.07953522300005], [73.4579354021883, 16.080402891283686], [73.4602585295345, 16.085376767137376], [73.46070397200003, 16.086330471000053], [73.46070397200003, 16.094735011677592], [73.4606892, 16.094784], [73.4606355, 16.0950778], [73.4605658, 16.0958767], [73.46009369999999, 16.097526], [73.4599006, 16.0980311], [73.45957339999998, 16.0987475], [73.4593502, 16.0992841], [73.4591893, 16.0998196], [73.45889209999999, 16.1003762], [73.4585702, 16.1011596], [73.45821079999999, 16.1022471], [73.458022, 16.1028301], [73.45771729999998, 16.1037314], [73.4574491, 16.1044993], [73.457374, 16.104891], [73.4573311, 16.1055095], [73.4572935, 16.1061383], [73.45733639999999, 16.1073906], [73.4575832, 16.1091378], [73.457669, 16.1097717], [73.4578139, 16.1111838], [73.4578675, 16.1121012], [73.457728, 16.1149099], [73.45770009999998, 16.1158552], [73.4575242, 16.1171518], [73.4572795, 16.1185578], [73.4569609, 16.120146], [73.4567195, 16.1210942], [73.4565908, 16.1215426], [73.4564781, 16.1216662], [73.45644059999998, 16.1218415], [73.456285, 16.1225835], [73.45605969999998, 16.1233514], [73.4556198, 16.1245882], [73.455534, 16.1251912], [73.4554267, 16.125588], [73.455255, 16.1258147], [73.4551156, 16.1259745], [73.4549975, 16.1261085], [73.45464349999999, 16.1273092], [73.45455229999999, 16.1275153], [73.4544289, 16.1276648], [73.4539998, 16.1287779], [73.453694, 16.1298498], [73.453517, 16.1303908], [73.45321649999998, 16.1311123], [73.45296439999998, 16.1322821], [73.4527123, 16.1334106], [73.4524763, 16.1348586], [73.45231, 16.1360232], [73.4521115, 16.1372239], [73.45177889999998, 16.1385586], [73.4516662, 16.139821], [73.4514463, 16.1416297], [73.45146239999998, 16.1421862], [73.45137119999998, 16.1427221], [73.4513175, 16.1432374], [73.4511298, 16.1439073], [73.4510493, 16.1441418], [73.4508133, 16.1449405], [73.45074889999998, 16.1451054], [73.4505343, 16.1454635], [73.45047, 16.1456155], [73.4502768, 16.1467414], [73.4497785, 16.1485656], [73.4496948, 16.1488721], [73.4495366, 16.1494208], [73.44942186414907, 16.150147064475295], [73.44800866000008, 16.14329661700009], [73.44703209700003, 16.11359284100007], [73.44019616000008, 16.16201406500005], [73.44019616000008, 16.202337958000044], [73.43523196700005, 16.21784088700008], [73.43083743600005, 16.21873607000009], [73.42595462300005, 16.21515534100007], [73.41968834700003, 16.21670156500005], [73.41358483200008, 16.223944403000075], [73.41041100400008, 16.23045482000009], [73.40609785200007, 16.250799872000073], [73.37867272200003, 16.33270905200004], [73.37777754000007, 16.337958075000074], [73.37867272200003, 16.35691966400009], [73.37566165500004, 16.360256252000056], [73.35824629000007, 16.36749909100007], [73.35938561300003, 16.380601304000038], [73.36443118600005, 16.38930898600006], [73.37305748800003, 16.395656643000052], [73.38493899800005, 16.401597398000092], [73.36744225400008, 16.408636786000045], [73.35206139400003, 16.418117580000057], [73.34131920700008, 16.432074286000045], [73.33399498800003, 16.46816640800006], [73.31918379000007, 16.50975169500009], [73.31381269600007, 16.51829661700009], [73.30583743600005, 16.522650458000044], [73.30298912900008, 16.533026434000078], [73.30372155000003, 16.555568752000056], [73.30730228000004, 16.56317780200004], [73.31495201900003, 16.55760325700004], [73.32195071700005, 16.548488674000055], [73.32349694100003, 16.544989325000074], [73.34400475400008, 16.523586330000057], [73.35572350400008, 16.51943594000005], [73.37867272200003, 16.51829661700009], [73.36947675900007, 16.52147044500009], [73.36231530000003, 16.525458075000074], [73.35621178500008, 16.53074778900009], [73.35084069100003, 16.53815338700008], [73.35434004000007, 16.54315827000005], [73.36500084700003, 16.554388739000046], [73.37126712300005, 16.55927155200004], [73.35401451900003, 16.55963776200008], [73.33643639400003, 16.565619208000044], [73.32276451900003, 16.57615794500009], [73.31723066500007, 16.590277411000045], [73.31609134200005, 16.59829336100006], [73.31462649800005, 16.599432684000078], [73.31609134200005, 16.600043036000045], [73.32349694100003, 16.60643138200004], [73.32699629000007, 16.607123114000046], [73.35824629000007, 16.62067291900007], [73.35840905000003, 16.603949286000045], [73.36304772200003, 16.596828518000052], [73.36866295700008, 16.59902578300006], [73.37126712300005, 16.610174872000073], [73.36646569100003, 16.628078518000052], [73.35425866000008, 16.63467031500005], [73.33887780000003, 16.631659247000073], [73.32349694100003, 16.62067291900007], [73.31218509200005, 16.64472077000005], [73.31055748800003, 16.65143463700008], [73.31251061300003, 16.65839264500005], [73.32146243600005, 16.670843817000048], [73.32349694100003, 16.67910390800006], [73.32162519600007, 16.69245026200008], [73.31657962300005, 16.69989655200004], [73.30030358200008, 16.71320221600007], [73.28956139400003, 16.74022044500009], [73.29525800900007, 16.768052476000037], [73.30445397200003, 16.793524481000077], [73.30372155000003, 16.81313711100006], [73.29688561300003, 16.80565013200004], [73.28663170700008, 16.820868231000077], [73.27466881600003, 16.848822333000044], [73.26937910200007, 16.87563711100006], [73.27955162900008, 16.887640692000048], [73.27906334700003, 16.891913153000075], [73.26937910200007, 16.92918528900009], [73.27051842500003, 16.945013739000046], [73.27491295700008, 16.958644924000055], [73.28939863400007, 16.98383209800005], [73.26238040500004, 16.996975002000056], [73.25456790500004, 17.006740627000056], [73.26270592500003, 17.01854075700004], [73.25123131600003, 17.032171942000048], [73.25147545700008, 17.04242584800005], [73.25896243600005, 17.044094143000052], [73.26937910200007, 17.031642971000053], [73.27735436300003, 17.05467357000009], [73.27572675900007, 17.078599351000037], [73.26742597700007, 17.101385809000078], [73.25513756600003, 17.12099844000005], [73.26197350400008, 17.13495514500005], [73.26059004000007, 17.150539455000057], [73.25513756600003, 17.165187893000052], [73.23617597700007, 17.19920482000009], [73.23601321700005, 17.22060781500005], [73.21802819100003, 17.253241278000075], [73.21485436300003, 17.268744208000044], [73.21119225400008, 17.275091864000046], [73.19312584700003, 17.29401276200008], [73.18702233200008, 17.305975653000075], [73.20346113400007, 17.29873281500005], [73.21713300900007, 17.286851304000038], [73.23121178500008, 17.27928294500009], [73.24903405000003, 17.284857489000046], [73.23471113400007, 17.30231354400007], [73.20736738400007, 17.35374583500004], [73.19597415500004, 17.36937083500004], [73.17058353000004, 17.38971588700008], [73.16651451900003, 17.402167059000078], [73.16529381600003, 17.413031317000048], [73.17709394600007, 17.426662502000056], [73.18539472700007, 17.441880601000037], [73.17335045700008, 17.457424221000053], [73.18067467500003, 17.477687893000052], [73.16553795700008, 17.50340403900009], [73.13168379000007, 17.53937409100007], [73.12598717500003, 17.55654531500005], [73.12794030000003, 17.56468333500004], [73.13640384200005, 17.567206122000073], [73.14942467500003, 17.567287502000056], [73.16342207100007, 17.569484768000052], [73.20069420700008, 17.586493231000077], [73.18588300900007, 17.59251536700009], [73.15406334700003, 17.59560781500005], [73.13917076900003, 17.600775458000044], [73.12818444100003, 17.61155833500004], [73.12134850400008, 17.62641022300005], [73.12029056100005, 17.64203522300005], [73.12614993600005, 17.655422268000052], [73.11890709700003, 17.66347890800006], [73.11052493600005, 17.675726630000042], [73.10547936300003, 17.68891022300005], [73.10816491000008, 17.699774481000077], [73.11736087300005, 17.71124909100007], [73.12322024800005, 17.72333405200004], [73.12330162900008, 17.73578522300005], [73.11500084700003, 17.748195705000057], [73.10987389400003, 17.758286851000037], [73.10661868600005, 17.785549221000053], [73.10132897200003, 17.79633209800005], [73.08545983200008, 17.813666083000044], [73.07943769600007, 17.824611721000053], [73.07374108200008, 17.857123114000046], [73.06519616000008, 17.87836334800005], [73.01856530000003, 17.951727606000077], [73.01710045700008, 17.97211334800005], [73.03541100400008, 17.991848049000055], [73.01889082100007, 17.99249909100007], [73.00863691500007, 18.00023021000004], [73.00521894600007, 18.01235586100006], [73.00879967500003, 18.025946356000077], [73.01954186300003, 18.03587474200009], [73.03248131600003, 18.041083075000074], [73.04224694100003, 18.048976955000057], [73.04346764400003, 18.066961981000077], [73.03199303500008, 18.06391022300005], [73.02271569100003, 18.05768463700008], [73.01514733200008, 18.04913971600007], [73.00879967500003, 18.039007880000042], [73.00114993600005, 18.052069403000075], [72.98731530000003, 18.066555080000057], [72.98096764400003, 18.080552476000037], [72.98316491000008, 18.081732489000046], [72.98666425900007, 18.087713934000078], [72.98812910200007, 18.09601471600007], [72.98462975400008, 18.10419342700004], [72.97836347700007, 18.111883856000077], [72.97608483200008, 18.11863841400009], [72.96729576900003, 18.19599030200004], [72.95484459700003, 18.21751536700009], [72.92693118600005, 18.223944403000075], [72.93523196700005, 18.24477773600006], [72.93995201900003, 18.251288153000075], [72.93482506600003, 18.257879950000074], [72.93327884200005, 18.26658763200004], [72.93506920700008, 18.276312567000048], [72.93995201900003, 18.286037502000056], [72.95313561300003, 18.281317450000074], [72.95753014400003, 18.274603583000044], [72.95923912900008, 18.26585521000004], [72.96452884200005, 18.25495026200008], [72.97266686300003, 18.244696356000077], [72.97673587300005, 18.242580471000053], [72.98226972700007, 18.244208075000074], [72.99512780000003, 18.245062567000048], [73.01246178500008, 18.24315013200004], [73.03239993600005, 18.23786041900007], [73.05095462300005, 18.227484442000048], [73.06348717500003, 18.21035390800006], [73.04761803500008, 18.20115794500009], [73.04761803500008, 18.188788153000075], [73.05746504000007, 18.185614325000074], [73.07154381600003, 18.20408763200004], [73.07398522200003, 18.22418854400007], [73.06527754000007, 18.257554429000038], [73.07154381600003, 18.27301666900007], [73.05697675900007, 18.280951239000046], [73.04297936300003, 18.282375393000052], [73.01246178500008, 18.27920156500005], [72.99488366000008, 18.283596096000053], [72.97738691500007, 18.295070705000057], [72.96802819100003, 18.310614325000074], [72.97478274800005, 18.32758209800005], [72.95875084700003, 18.32811107000009], [72.95085696700005, 18.332953192000048], [72.93360436300003, 18.35492584800005], [72.92790774800005, 18.357570705000057], [72.92253665500004, 18.356634833000044], [72.91732832100007, 18.356390692000048], [72.91260826900003, 18.361151434000078], [72.90984134200005, 18.368068752000056], [72.91016686300003, 18.37250397300005], [72.91163170700008, 18.377346096000053], [72.91260826900003, 18.385646877000056], [72.91016686300003, 18.399237372000073], [72.90430748800003, 18.40851471600007], [72.89722741000008, 18.417303778000075], [72.89144941500007, 18.429388739000046], [72.88965905000003, 18.44131094000005], [72.89144941500007, 18.480902411000045], [72.89576256600003, 18.50299713700008], [72.90723717500003, 18.523586330000057], [72.92465254000007, 18.535630601000037], [72.94678795700008, 18.532416083000044], [72.96111087300005, 18.517726955000057], [72.99024498800003, 18.469956773000092], [73.00879967500003, 18.450506903000075], [73.01498457100007, 18.469956773000092], [73.00440514400003, 18.48004791900007], [72.98878014400003, 18.489935614000046], [72.98096764400003, 18.50885651200008], [72.97787519600007, 18.52411530200004], [72.97038821700005, 18.54100169500009], [72.96029707100007, 18.55467357000009], [72.95020592500003, 18.560370184000078], [72.92115319100003, 18.55487702000005], [72.91016686300003, 18.558986721000053], [72.90577233200008, 18.57713450700004], [72.88217207100007, 18.63548411700009], [72.86451256600003, 18.648911851000037], [72.85531660200007, 18.68113841400009], [72.85173587300005, 18.719671942000048], [72.85238691500007, 18.769924221000053], [72.85694420700008, 18.78620026200008], [72.86557050900007, 18.799383856000077], [72.87916100400008, 18.80735911700009], [72.88705488400007, 18.807033596000053], [72.90202884200005, 18.79950592700004], [72.91260826900003, 18.799994208000044], [72.92693118600005, 18.826646226000037], [72.93897545700008, 18.816961981000077], [72.97478274800005, 18.77948639500005], [72.96631920700008, 18.761419989000046], [72.96957441500007, 18.746975002000056], [72.98064212300005, 18.736761786000045], [72.99512780000003, 18.731024481000077], [72.98804772200003, 18.753851630000042], [72.99170983200008, 18.779364325000074], [73.00245201900003, 18.80145905200004], [73.01628665500004, 18.813625393000052], [72.98796634200005, 18.82493724200009], [72.98129316500007, 18.83270905200004], [72.97478274800005, 18.84833405200004], [72.97608483200008, 18.854396877000056], [72.97974694100003, 18.863348700000074], [72.98170006600003, 18.871486721000053], [72.97779381600003, 18.87498607000009], [72.97217858200008, 18.874253648000035], [72.96697024800005, 18.87213776200008], [72.96314537900008, 18.868963934000078], [72.96168053500008, 18.86513906500005], [72.94613691500007, 18.858303127000056], [72.91627037900008, 18.87051015800006], [72.89682050900007, 18.894476630000042], [72.91260826900003, 18.923488674000055], [72.92807050900007, 18.911363023000035], [72.93458092500003, 18.920803127000056], [72.93677819100003, 18.947414455000057], [72.94922936300003, 18.95148346600007], [72.96338951900003, 18.94798411700009], [72.97722415500004, 18.948431708000044], [72.98829186300003, 18.96442291900007], [72.95362389400003, 18.96442291900007], [72.95362389400003, 18.971258856000077], [72.96827233200008, 18.972601630000042], [72.99203535200007, 18.982489325000074], [73.04216556100005, 18.995754299000055], [73.04664147200003, 18.99518463700008], [73.05681399800005, 19.015326239000046], [73.03980553500008, 19.017523505000042], [73.01189212300005, 19.009426174000055], [72.98829186300003, 18.998602606000077], [72.98357181100005, 19.01044342700004], [72.98780358200008, 19.036932684000078], [72.98096764400003, 19.04637278900009], [72.99187259200005, 19.067206122000073], [72.98568769600007, 19.074286200000074], [72.97380618600005, 19.078558661000045], [72.96729576900003, 19.091009833000044], [72.97478274800005, 19.16307200700004], [72.96729576900003, 19.16307200700004], [72.95004316500007, 19.12791575700004], [72.93555748800003, 19.115057684000078], [72.93392988400007, 19.08030833500004], [72.92693118600005, 19.066839911000045], [72.94336998800003, 19.055121161000045], [72.93425540500004, 19.034084377000056], [72.89144941500007, 18.99176666900007], [72.89144941500007, 19.00136953300006], [72.88526451900003, 19.025864976000037], [72.86931399800005, 19.011419989000046], [72.85108483200008, 18.987127997000073], [72.83627363400007, 18.959133205000057], [72.82764733200008, 18.918361721000053], [72.82129967500003, 18.90330638200004], [72.81251061300003, 18.89744700700004], [72.80274498800003, 18.909816799000055], [72.80201256600003, 18.920477606000077], [72.80534915500004, 18.930975653000075], [72.80738366000008, 18.94281647300005], [72.80274498800003, 18.957586981000077], [72.79590905000003, 18.957586981000077], [72.79232832100007, 18.951239325000074], [72.78825931100005, 18.946519273000035], [72.77540123800003, 18.93650950700004], [72.77035566500007, 18.948187567000048], [72.77605228000004, 18.95970286700009], [72.79590905000003, 18.984930731000077], [72.80241946700005, 18.999660549000055], [72.80494225400008, 19.011053778000075], [72.80274498800003, 19.040187893000052], [72.81299889400003, 19.035549221000053], [72.81706790500004, 19.03270091400009], [72.82178795700008, 19.04197825700004], [72.82422936300003, 19.053534247000073], [72.82129967500003, 19.06317780200004], [72.80958092500003, 19.066839911000045], [72.82195071700005, 19.09711334800005], [72.82309004000007, 19.10846588700008], [72.82105553500008, 19.119208075000074], [72.81177819100003, 19.13735586100006], [72.80958092500003, 19.146307684000078], [72.81218509200005, 19.15371328300006], [72.82243899800005, 19.163763739000046], [72.82309004000007, 19.169256903000075], [72.81804446700005, 19.17536041900007], [72.81120853000004, 19.175523179000038], [72.80518639400003, 19.171820380000042], [72.79957116000008, 19.15688711100006], [72.79216556100005, 19.150458075000074], [72.78492272200003, 19.15037669500009], [72.78158613400007, 19.15965403900009], [72.78337649800005, 19.16864655200004], [72.80250084700003, 19.21161530200004], [72.81983483200008, 19.240627346000053], [72.83008873800003, 19.252427476000037], [72.81511478000004, 19.253648179000038], [72.80209394600007, 19.23786041900007], [72.78939863400007, 19.217352606000077], [72.77540123800003, 19.20465729400007], [72.77222741000008, 19.26512278900009], [72.77564537900008, 19.29901764500005], [72.78541100400008, 19.31391022300005], [72.83936608200008, 19.31907786700009], [72.86703535200007, 19.316799221000053], [72.88550866000008, 19.296047268000052], [72.90056399800005, 19.290757554000038], [72.93034915500004, 19.28656647300005], [72.94654381600003, 19.289862372000073], [72.95972741000008, 19.29482656500005], [72.97266686300003, 19.29368724200009], [72.98829186300003, 19.279120184000078], [73.01050866000008, 19.224310614000046], [73.02662194100003, 19.205511786000045], [73.04965254000007, 19.217718817000048], [73.03003991000008, 19.227728583000044], [73.02800540500004, 19.244086005000042], [73.02914472700007, 19.25934479400007], [73.01929772200003, 19.266058661000045], [73.01246178500008, 19.27244700700004], [73.00180097700007, 19.28656647300005], [72.98780358200008, 19.30068594000005], [72.97095787900008, 19.307033596000053], [72.91675866000008, 19.30337148600006], [72.89893639400003, 19.307033596000053], [72.88355553500008, 19.31639232000009], [72.85531660200007, 19.339504299000055], [72.83692467500003, 19.348049221000053], [72.81853274800005, 19.33026764500005], [72.80209394600007, 19.33193594000005], [72.78760826900003, 19.34520091400009], [72.76343834700003, 19.380194403000075], [72.75977623800003, 19.38898346600007], [72.74822024800005, 19.444240627000056], [72.74683678500008, 19.467962958000044], [72.75440514400003, 19.481756903000075], [72.76921634200005, 19.49046458500004], [72.87916100400008, 19.532375393000052], [72.85670006600003, 19.54132721600007], [72.83594811300003, 19.53668854400007], [72.81592858200008, 19.528509833000044], [72.79590905000003, 19.52680084800005], [72.78785241000008, 19.53025950700004], [72.78126061300003, 19.53656647300005], [72.77702884200005, 19.54555898600006], [72.77540123800003, 19.557196356000077], [72.77068118600005, 19.566148179000038], [72.76002037900008, 19.573065497000073], [72.74195397200003, 19.58079661700009], [72.73454837300005, 19.58079661700009], [72.73829186300003, 19.570257880000042], [72.74073326900003, 19.56073639500005], [72.73975670700008, 19.552679755000042], [72.73454837300005, 19.546616929000038], [72.74927819100003, 19.53424713700008], [72.75489342500003, 19.527044989000046], [72.75562584700003, 19.519354559000078], [72.74919681100005, 19.512600002000056], [72.74154707100007, 19.516017971000053], [72.72250410200007, 19.536281643000052], [72.71078535200007, 19.587591864000046], [72.71802819100003, 19.606675523000035], [72.70964603000004, 19.64996979400007], [72.68669681100005, 19.72479889500005], [72.69410241000008, 19.72020091400009], [72.69996178500008, 19.714178778000075], [72.70460045700008, 19.70652903900009], [72.70777428500008, 19.69745514500005], [72.72641035200007, 19.70579661700009], [72.72641035200007, 19.715236721000053], [72.71859785200007, 19.72793203300006], [72.71404056100005, 19.745835679000038], [72.71729576900003, 19.75153229400007], [72.72437584700003, 19.75267161700009], [72.73129316500007, 19.75458405200004], [72.73454837300005, 19.762640692000048], [72.73406009200005, 19.771918036000045], [72.73275800900007, 19.779730536000045], [72.72828209700003, 19.79364655200004], [72.69011478000004, 19.748968817000048], [72.67790774800005, 19.746568101000037], [72.67579186300003, 19.764146226000037], [72.67986087300005, 19.800482489000046], [72.67286217500003, 19.81281159100007], [72.65007571700005, 19.84198639500005], [72.64918053500008, 19.851996161000045], [72.65919030000003, 19.866441148000035], [72.66423587300005, 19.88157786700009], [72.66618899800005, 19.916571356000077], [72.66277103000004, 19.941799221000053], [72.66521243600005, 19.952948309000078], [72.67644290500004, 19.957505601000037], [72.68433678500008, 19.964016018000052], [72.69450931100005, 19.979315497000073], [72.70337975400008, 19.99762604400007], [72.70777428500008, 20.01276276200008], [72.70777428500008, 20.071112372000073], [72.70952719034933, 20.079311446752712], [72.71029707100007, 20.08291250200006], [72.72828209700002, 20.129461981000073], [72.73454837300004, 20.17352936400005], [72.73764082100007, 20.18427155200004], [72.7460103764292, 20.195408008209238], [72.74614329999999, 20.1971944], [72.7464598, 20.1995858], [72.74652959999999, 20.2000137], [72.7466154, 20.2005172], [72.7467549, 20.2008092], [72.7470928, 20.2011717], [72.7474683, 20.201514], [72.74825159999999, 20.2019369], [72.7486324, 20.2020829], [72.74906429999999, 20.2021144], [72.7494512, 20.2020992], [72.74989309999998, 20.2020432], [72.7501626, 20.2020703], [72.749995, 20.2029941], [72.749877, 20.2040715], [72.7496302, 20.2040614], [72.7486002, 20.2045346], [72.7483535, 20.2046555], [72.7478492, 20.2047863], [72.7472752, 20.2049122], [72.7468622, 20.2050381], [72.74657249999998, 20.2052948], [72.74648129999999, 20.2054458], [72.74648129999999, 20.2056069], [72.7465939, 20.2058083], [72.7467495, 20.2061808], [72.7468622, 20.2064829], [72.7469104, 20.2068756], [72.7469963, 20.2084311], [72.746948, 20.2092366], [72.7469158, 20.2097753], [72.74692649999999, 20.21048], [72.7469641, 20.2119903], [72.7469426, 20.2123427], [72.74681929999998, 20.2133847], [72.7467549, 20.2137774], [72.74667979999998, 20.2151315], [72.7465924, 20.2158752], [72.74643839999999, 20.2173968], [72.7462614, 20.2186955], [72.74621813556298, 20.2189713947909], [72.7459717, 20.2205429], [72.74525279999999, 20.2246605], [72.7448559, 20.2269055], [72.7445125, 20.2281841], [72.7436435, 20.2311941], [72.7424741, 20.234496], [72.74216289999998, 20.2354121], [72.74195397200003, 20.236039663252345], [72.74195397200003, 20.24555084800005], [72.74301191500007, 20.247748114000046], [72.74822024800005, 20.28034088700008], [72.75660241000008, 20.29596588700008], [72.76783287900008, 20.31195709800005], [72.7768908006098, 20.33594389675904], [72.7897848690513, 20.35198984859734], [72.79924051924172, 20.350557174326063], [72.81070191341195, 20.353135988014362], [72.82044409845662, 20.367749265581384], [72.82846707437577, 20.367462730727127], [72.83734965485769, 20.374339567229256], [72.89207781202046, 20.370328079269683], [72.89780850910556, 20.380070264314362], [72.90239306677364, 20.417892865076066], [72.89150474231195, 20.427348515266488], [72.87091833268225, 20.42284821017643], [72.86121186636143, 20.426424276715675], [72.88522259883923, 20.44149484284535], [72.8862445037579, 20.451406153425697], [72.88574720757111, 20.462843965721884], [72.85491484399009, 20.469308816150164], [72.85777940052401, 20.483098659588087], [72.87916100400007, 20.51243724200009], [72.88648522200003, 20.53156159100007], [72.89039147200002, 20.552679755000042], [72.89143710232052, 20.57487928441992], [72.89144941500007, 20.575140692000044], [72.89063561300003, 20.58706289300005], [72.88624108200008, 20.608465887000076], [72.88526451900002, 20.61920807500007], [72.88726887432654, 20.625067025969003], [72.8871578, 20.6254192], [72.8866732, 20.6269263], [72.88619509999998, 20.6287387], [72.88607219999999, 20.6294202], [72.8860008, 20.6299521], [72.88600039999999, 20.6301661], [72.886137, 20.6307285], [72.8864443, 20.63177], [72.8865163, 20.6318822], [72.8873684, 20.6330781], [72.88754249999998, 20.6332058], [72.88770809999998, 20.6332797], [72.8878781, 20.6332911], [72.8879943, 20.634038], [72.88812239999999, 20.6348617], [72.8878555, 20.6349446], [72.8877108, 20.6350059], [72.8875965, 20.6351786], [72.8868911, 20.636719], [72.8861833, 20.63822], [72.8861578, 20.6382937], [72.8861634, 20.6383397], [72.88618169999998, 20.6383778], [72.88630949999998, 20.6384461], [72.8863502, 20.6384514], [72.8863924, 20.6384369], [72.8864317, 20.6384106], [72.8864486, 20.6383909], [72.8864972, 20.6385134], [72.8864939, 20.6386404], [72.8864154, 20.6388073], [72.8860474, 20.639431], [72.8855482, 20.6400477], [72.8851405, 20.6404428], [72.88473629999999, 20.6402689], [72.8843039, 20.6400803], [72.88408449999999, 20.6398463], [72.8834947, 20.6396399], [72.88316909999999, 20.6394344], [72.8829664, 20.6394675], [72.8819292, 20.6408847], [72.8798246, 20.6451338], [72.8791866, 20.6463946], [72.8782287, 20.6478771], [72.8779203, 20.6484042], [72.877357, 20.6494157], [72.87716919999998, 20.6497043], [72.8769118, 20.6500708], [72.87646919999999, 20.6506556], [72.87615539999999, 20.6511149], [72.8756458, 20.6519432], [72.8752702, 20.6526534], [72.8750154, 20.6531403], [72.8746533, 20.6540439], [72.8744066, 20.6546262], [72.87417589999998, 20.6551432], [72.8740632, 20.6555749], [72.8739935, 20.6561772], [72.8739077, 20.6566842], [72.8738648, 20.6574371], [72.8739077, 20.6586719], [72.8736448, 20.6607048], [72.8734678, 20.6614878], [72.8728614, 20.6635164], [72.8719711, 20.6664469], [72.8715205, 20.6681183], [72.8708982, 20.670141], [72.87049589999998, 20.6714409], [72.8696054, 20.6740257], [72.8689027, 20.6759932], [72.868098, 20.6781613], [72.8675079, 20.6797774], [72.8668105, 20.6816243], [72.86563039999999, 20.6848161], [72.86455749999999, 20.6880682], [72.8639996, 20.6899049], [72.8631949, 20.6924643], [72.8627658, 20.6938092], [72.8620899, 20.6962782], [72.8617358, 20.6974224], [72.8613603, 20.6986769], [72.8610277, 20.6997809], [72.8607166, 20.7010254], [72.860266, 20.7027215], [72.85984749999999, 20.7042319], [72.8595954, 20.7050549], [72.8592253, 20.7061036], [72.8589463, 20.7070068], [72.8586674, 20.7082111], [72.85842059999999, 20.7091645], [72.858088, 20.7102383], [72.8577769, 20.711272], [72.857573, 20.7119343], [72.8574121, 20.7124963], [72.85726189999998, 20.7130382], [72.8571492, 20.7136704], [72.85701509999998, 20.7142725], [72.85681659999999, 20.7151055], [72.8565645, 20.716109], [72.8561515, 20.717554], [72.85579739999999, 20.7191747], [72.8555238, 20.7205419], [72.8554002, 20.7212935], [72.854963, 20.7229962], [72.8547251, 20.7244527], [72.85451639999998, 20.7252815], [72.8540781, 20.7268577], [72.8538413, 20.7279043], [72.8536849, 20.7284527], [72.85321759999998, 20.7305322], [72.8530723, 20.7311918], [72.85292579999998, 20.7318155], [72.8530347, 20.7326862], [72.8535068, 20.7346528], [72.85388229999998, 20.7365593], [72.8542471, 20.7385058], [72.8544724, 20.7395995], [72.854585, 20.7408788], [72.8547192, 20.7417266], [72.85488009999999, 20.7417667], [72.8550088, 20.7415359], [72.8551161, 20.740944], [72.8553843, 20.7393587], [72.8563928, 20.7370911], [72.8576588, 20.7357867], [72.85858149999999, 20.7351947], [72.859354, 20.7347632], [72.859869, 20.7342916], [72.86018549999999, 20.7336394], [72.8604805, 20.733218], [72.86196109999999, 20.7320139], [72.862755, 20.7315724], [72.8639459, 20.731151], [72.86512609999998, 20.7308399], [72.86611319999999, 20.7307395], [72.8673041, 20.7307596], [72.8687203, 20.7312011], [72.8692245, 20.7315021], [72.86980389999998, 20.7321544], [72.8711557, 20.7333986], [72.872293, 20.7343217], [72.8741397, 20.7361767], [72.8770456, 20.7400654], [72.8776199, 20.7445861], [72.8748894, 20.7451781], [72.873044, 20.746071], [72.8714025, 20.7473653], [72.8698361, 20.7482281], [72.868613, 20.7485592], [72.8669929, 20.7488602], [72.86565179999998, 20.7491512], [72.86483639999999, 20.7493518], [72.8638387, 20.7490809], [72.8635061, 20.7487699], [72.86355969999998, 20.7484087], [72.8637689, 20.7478469], [72.8634953, 20.7476763], [72.8631735, 20.7477064], [72.86240639999998, 20.7484639], [72.8617788, 20.7492314], [72.8596759, 20.752141], [72.8584099, 20.7531743], [72.8579593, 20.7535756], [72.8573263, 20.7537964], [72.85540039999998, 20.7543281], [72.8534585, 20.7550805], [72.8522193, 20.7554116], [72.851302, 20.755527], [72.8506529, 20.7558229], [72.85011649999998, 20.7565152], [72.8488183, 20.7593543], [72.8482067, 20.7601971], [72.8481102, 20.7607087], [72.84817459999998, 20.7614511], [72.8479171, 20.7638588], [72.8475952, 20.7652933], [72.84777759999999, 20.7664069], [72.8477991, 20.7670289], [72.8478632, 20.767411], [72.8474712, 20.7676827], [72.8470051, 20.7675204], [72.8467476, 20.7675505], [72.8465867, 20.7679317], [72.8467798, 20.7685737], [72.84640429999999, 20.7694766], [72.84568549999999, 20.770871], [72.8448701, 20.7722353], [72.84428, 20.7730277], [72.8435504, 20.7735494], [72.8409004, 20.7748133], [72.8396022, 20.7755958], [72.83867949999998, 20.7764986], [72.8376496, 20.7783242], [72.8370166, 20.7801097], [72.836287, 20.7811128], [72.8358257, 20.7822262], [72.8354287, 20.7832694], [72.835418, 20.7838813], [72.8357828, 20.7840418], [72.8365874, 20.7838011], [72.8374779, 20.7834099], [72.8384328, 20.7834801], [72.8395593, 20.7838813], [72.8403103, 20.7845233], [72.8406, 20.7856868], [72.8405142, 20.7863689], [72.8400743, 20.7871613], [72.8393233, 20.7886659], [72.8392053, 20.7889267], [72.8389907, 20.789057], [72.8387976, 20.789057], [72.8385508, 20.7886759], [72.8382611, 20.7884753], [72.838068, 20.7885656], [72.83789629999998, 20.7889066], [72.83781049999999, 20.7894783], [72.8377569, 20.7903008], [72.837789, 20.7910129], [72.837789, 20.7923871], [72.8377139, 20.7935104], [72.8377139, 20.795035], [72.8377783, 20.7954964], [72.8379178, 20.7959678], [72.8382933, 20.7962988], [72.8400528, 20.7968504], [72.8404605, 20.7971613], [72.84116959999999, 20.7996174], [72.8414424, 20.8024031], [72.8410935, 20.8033596], [72.84021379999999, 20.8043525], [72.8394842, 20.8048139], [72.838465, 20.8049242], [72.837789, 20.8051047], [72.8368986, 20.8053554], [72.8359411, 20.8055792], [72.83569689999999, 20.8056363], [72.8347018, 20.8057967], [72.8342888, 20.8060525], [72.83394279999999, 20.8063609], [72.83377379999999, 20.8065389], [72.833358, 20.8069074], [72.83281359999998, 20.807256], [72.8326633, 20.8073412], [72.8325051, 20.8074741], [72.8317165, 20.8082664], [72.830539, 20.8091539], [72.8296244, 20.8099236], [72.8288197, 20.8109366], [72.8281331, 20.8116336], [72.8278649, 20.8120749], [72.8274572, 20.8126064], [72.8272104, 20.8130777], [72.82691, 20.8140706], [72.8265291, 20.8154746], [72.8260946, 20.8169387], [72.8256923, 20.8182525], [72.8241634, 20.8229256], [72.8239113, 20.8235524], [72.823627, 20.8243245], [72.8231067, 20.8256934], [72.821551, 20.8296794], [72.81712529999999, 20.8403333], [72.81649229999998, 20.8418574], [72.8117555, 20.8531873], [72.8114605, 20.8539292], [72.80997449999998, 20.8573831], [72.8091162, 20.859298], [72.8084242, 20.860837], [72.8081346, 20.8614836], [72.8075874, 20.8631679], [72.8069705, 20.8645965], [72.8063697, 20.8660953], [72.8051841, 20.8685715], [72.80361229999998, 20.8718496], [72.79838739999998, 20.883513], [72.7978563, 20.8846608], [72.797631, 20.8852672], [72.7974701, 20.885588], [72.7971107, 20.8860792], [72.7967727, 20.8865703], [72.7953592, 20.8897554], [72.7948281, 20.8907853], [72.79422729999999, 20.8919204], [72.7938598, 20.8925695], [72.7934468, 20.8931358], [72.7930203, 20.8936971], [72.79243289999998, 20.8946343], [72.79194469999999, 20.8955063], [72.7917302, 20.8958797], [72.7916524, 20.8961703], [72.7913573, 20.8970023], [72.7912342, 20.8978455], [72.7912366, 20.8986962], [72.7912044, 20.8990871], [72.791073, 20.8998889], [72.79087189999998, 20.9020939], [72.7902449, 20.9026923], [72.7813179, 20.9106567], [72.7770317, 20.9143788], [72.7764416, 20.9146394], [72.7758622, 20.914905], [72.7745659, 20.9150722], [72.7741617, 20.9150503], [72.7737138, 20.9151054], [72.7727857, 20.915356], [72.7725738, 20.9154412], [72.77223319999999, 20.9156817], [72.771399, 20.9164308], [72.77095909999998, 20.9168668], [72.7705246, 20.9173303], [72.7700365, 20.9179967], [72.7694222, 20.9188937], [72.7680624, 20.920913], [72.7673596, 20.9218776], [72.7666944, 20.9228697], [72.7660507, 20.923942], [72.765466, 20.924879], [72.7650771, 20.9255329], [72.7647445, 20.9260415], [72.7645567, 20.9264724], [72.764326, 20.9269383], [72.7641168, 20.9272665], [72.7639827, 20.9275371], [72.7637172, 20.9280281], [72.7633363, 20.9286394], [72.7630037, 20.9292657], [72.7624351, 20.9303731], [72.7621025, 20.9309743], [72.7616733, 20.9315555], [72.7611476, 20.9323672], [72.7607453, 20.9330236], [72.7604395, 20.933239], [72.76026249999998, 20.9333693], [72.760064, 20.933725], [72.7590813, 20.935487], [72.7588624, 20.9358343], [72.7585181, 20.9365091], [72.75825079999998, 20.9369817], [72.7573958, 20.9382959], [72.7569258, 20.9391962], [72.7563304, 20.9403285], [72.7558261, 20.9410199], [72.75558469999999, 20.9415209], [72.754603, 20.9431642], [72.75397, 20.9443215], [72.7533209, 20.9455139], [72.75238749999998, 20.9470419], [72.7519423, 20.9478785], [72.7512449, 20.9494266], [72.750982, 20.9499827], [72.7507085, 20.9506991], [72.7503544, 20.9517361], [72.74990379999998, 20.9531588], [72.7494854, 20.9540856], [72.74852509999998, 20.9561847], [72.747758, 20.9575823], [72.7473396, 20.9584039], [72.7468729, 20.9593607], [72.74623449999999, 20.9604427], [72.7458322, 20.9613845], [72.74541379999998, 20.9624665], [72.7448076, 20.9642599], [72.7446359, 20.9651415], [72.744298, 20.9662035], [72.74413169999998, 20.9665642], [72.7438688, 20.9673155], [72.74340209999998, 20.9688484], [72.7431768, 20.9694144], [72.74261889999998, 20.9710624], [72.7422649, 20.9721794], [72.74217369999998, 20.972495], [72.742061, 20.9730334], [72.74178209999998, 20.9742982], [72.7414602, 20.9754853], [72.7407682, 20.9771683], [72.74031759999998, 20.9782703], [72.7398562, 20.9795626], [72.7393573, 20.9807797], [72.7389336, 20.9818716], [72.738542, 20.9827431], [72.73800009999998, 20.9839302], [72.73715259999999, 20.9860989], [72.7369004, 20.9869153], [72.736659, 20.9877718], [72.73610109999998, 20.9895999], [72.7357632, 20.9905765], [72.7354145, 20.9920089], [72.73513549999998, 20.9938069], [72.734803, 20.995094], [72.7345616, 20.9960106], [72.7344328, 20.9972225], [72.7342236, 20.9980739], [72.73341859999998, 21.0032332], [72.732651, 21.0069886], [72.7318599, 21.0102402], [72.73074069999998, 21.0147421], [72.7303317, 21.0164228], [72.72773749999999, 21.0225085], [72.7272545, 21.0240008], [72.7267617, 21.0258492], [72.7259606, 21.0287137], [72.725112, 21.0313119], [72.7242804, 21.0331746], [72.7236785, 21.0350056], [72.7228584, 21.0377535], [72.72249539999999, 21.0392135], [72.7223571, 21.0405133], [72.7224369, 21.041793], [72.7226479, 21.0428834], [72.7230418, 21.0441702], [72.7235797, 21.045893], [72.7237028, 21.0474125], [72.7237028, 21.0483936], [72.72331929999999, 21.0493083], [72.72294759999998, 21.0498796], [72.722953, 21.0503502], [72.7230388, 21.0506656], [72.72341429999999, 21.0512213], [72.7238113, 21.0516418], [72.7244925, 21.0526982], [72.7247447, 21.0531487], [72.7250344, 21.0536043], [72.7253374, 21.0538722], [72.7257344, 21.0540799], [72.72602409999999, 21.0542777], [72.7261314, 21.0543152], [72.72588169999999, 21.0606351], [72.7255084, 21.0608705], [72.7253653, 21.0612631], [72.7244969, 21.0754079], [72.7233169, 21.075514], [72.7219421, 21.0757529], [72.7208549, 21.0759599], [72.7192622, 21.0760059], [72.7189779, 21.0759759], [72.7188545, 21.0758207], [72.7188492, 21.0756505], [72.7188867, 21.0754403], [72.7188116, 21.0753351], [72.718699, 21.0753351], [72.7184039, 21.0755254], [72.7180177, 21.0757907], [72.71715939999999, 21.0758157], [72.7153784, 21.0756004], [72.7140802, 21.0759408], [72.713356, 21.0759608], [72.71040559999999, 21.0766666], [72.7090377, 21.0774925], [72.70834559999999, 21.0780682], [72.70820769758355, 21.078212080518906], [72.7077343, 21.078706], [72.707182, 21.0791974], [72.7066425, 21.079367], [72.7064534, 21.0795335], [72.7010649607516, 21.078806639253184], [72.6902709, 21.0773506], [72.6791793, 21.0755127], [72.66058519999999, 21.0724314], [72.6576837, 21.072023], [72.65780289999998, 21.0632646], [72.65723639999999, 21.0573374], [72.65768269999998, 21.0566966], [72.6576484, 21.0557835], [72.65745959999998, 21.0553509], [72.6566013, 21.0551106], [72.6559833, 21.05463], [72.6540264, 21.0545339], [72.6530822, 21.0542295], [72.65169179999998, 21.0534605], [72.6512454, 21.0524833], [72.6507305, 21.0518425], [72.65012959999999, 21.0517143], [72.649649, 21.0520828], [72.6493228, 21.0528037], [72.6491683, 21.0534285], [72.64832719999998, 21.0541815], [72.6475204, 21.0551427], [72.6426452, 21.0593559], [72.6399845, 21.0640335], [72.63205369999999, 21.0725074], [72.6283126, 21.0743435], [72.6277975, 21.0747176], [72.6275025, 21.0751186], [72.62494249999999, 21.0797122], [72.6231339, 21.0821373], [72.620522, 21.0851656], [72.620022, 21.0848105], [72.6196947, 21.0846645], [72.61941029999998, 21.0845639], [72.6191649, 21.0845164], [72.6186579, 21.0845038], [72.6181725, 21.0845201], [72.6179337, 21.0845677], [72.6177219, 21.0846265], [72.6174979, 21.084694], [72.6172793, 21.0847773], [72.6171921, 21.0847453], [72.6171056, 21.0847328], [72.6170178, 21.0847554], [72.61696709999998, 21.0848063], [72.6169521, 21.084858], [72.6169628, 21.0849118], [72.61698289999998, 21.0849606], [72.61701639999998, 21.0849868], [72.61709559999998, 21.0850119], [72.6171774, 21.0850019], [72.6172417, 21.0849631], [72.617288, 21.0849099], [72.617453, 21.0848361], [72.6177768, 21.0847091], [72.61818189999998, 21.0846215], [72.618611, 21.0846077], [72.6190248, 21.0846728], [72.61937039999998, 21.0848181], [72.619759, 21.0849856], [72.6208015, 21.0857092], [72.6210709, 21.0859473], [72.621337, 21.0861185], [72.6214041, 21.0862319], [72.6214416, 21.0862825], [72.6216112, 21.0863785], [72.6217235, 21.0863891], [72.62182049999998, 21.0863563], [72.621897, 21.0862982], [72.62191749999998, 21.0862211], [72.6218578, 21.086078], [72.6218149, 21.0859341], [72.621835, 21.085819], [72.6218685, 21.0857501], [72.6219289, 21.0856838], [72.62224139999998, 21.085401], [72.6225056, 21.0853247], [72.6229495, 21.0849255], [72.62377559999999, 21.0842448], [72.62421009999998, 21.0838644], [72.6246875, 21.0837343], [72.6249289, 21.083439], [72.6250201, 21.0832137], [72.6249504, 21.0830686], [72.6261413, 21.0822127], [72.6277828, 21.0808312], [72.6285875, 21.0800904], [72.6294994, 21.0795097], [72.62981589999998, 21.0791544], [72.6301539, 21.0790492], [72.6304811, 21.078854], [72.63074129999998, 21.0784536], [72.6309264, 21.0782459], [72.6311339, 21.0781875], [72.6312783, 21.0781131], [72.6316952, 21.0777989], [72.6319435, 21.0776953], [72.6325197, 21.077746], [72.6326324, 21.0778105], [72.6337969, 21.0791394], [72.6342544, 21.0796571], [72.6344379, 21.0798891], [72.6348049, 21.0800172], [72.635455, 21.0804246], [72.63563949999998, 21.0807167], [72.63556879999999, 21.0809786], [72.6352676, 21.081183], [72.6353124, 21.0816022], [72.6350936, 21.0818496], [72.6345333, 21.0824159], [72.6339997, 21.0833036], [72.63382449999999, 21.0836674], [72.6337644, 21.0837346], [72.6337043, 21.083765], [72.63358159999999, 21.0837836], [72.6334527, 21.0837794], [72.6333764, 21.0837405], [72.6332096, 21.0835387], [72.63315329999999, 21.0835217], [72.6331038, 21.083514], [72.6327032, 21.0830835], [72.627576, 21.0872776], [72.6275065, 21.0873345], [72.6279973, 21.0878685], [72.6276165, 21.0881689], [72.6272517, 21.0883841], [72.6266295, 21.0889347], [72.62640419999998, 21.089255], [72.6258731, 21.0895103], [72.62565309999998, 21.0900846], [72.6256639, 21.0902923], [72.6256639, 21.0904675], [72.62558879999999, 21.0906064], [72.62539569999998, 21.0907165], [72.6251435, 21.0908166], [72.62460169999999, 21.0916825], [72.6240706, 21.0926234], [72.6239768, 21.0928537], [72.6240331, 21.0931314], [72.6243845, 21.0935093], [72.6244515, 21.0935794], [72.6244488, 21.0937395], [72.6243335, 21.0940523], [72.6241243, 21.0944052], [72.6239178, 21.094673], [72.623671, 21.0949157], [72.62348059999998, 21.0950633], [72.62328209999998, 21.0951609], [72.6231614, 21.0951134], [72.6231399, 21.0950183], [72.6229629, 21.0949382], [72.6228341, 21.0950233], [72.62278849999998, 21.0951434], [72.6228663, 21.0952435], [72.6232526, 21.0954212], [72.6230326, 21.0957615], [72.6227295, 21.0956514], [72.62256859999998, 21.0957149], [72.6224615, 21.0958239], [72.6222602, 21.0961094], [72.62224409999999, 21.0962395], [72.6223326, 21.0964272], [72.6224935, 21.0965873], [72.621662, 21.0976709], [72.6213321, 21.0977535], [72.62112019999998, 21.0976884], [72.6208061, 21.0975499], [72.61512, 21.0935968], [72.614935, 21.0935594], [72.61476469999998, 21.0936207], [72.6146293, 21.0935493], [72.6141787, 21.093204], [72.61402909999998, 21.0929713], [72.6139507, 21.0926685], [72.61392919999999, 21.0922005], [72.6140258, 21.0909618], [72.6140231, 21.0908529], [72.614015, 21.0907691], [72.6139131, 21.090694], [72.6138273, 21.0906915], [72.61373339999999, 21.090754], [72.6137026, 21.0908028], [72.6136932, 21.0908566], [72.6137173, 21.0909242], [72.613783, 21.090968], [72.6139078, 21.0910055], [72.6139131, 21.0911144], [72.6138192, 21.092208], [72.6138326, 21.0926635], [72.6139265, 21.0930088], [72.614107, 21.093262], [72.6146252, 21.093662], [72.6147071, 21.0937033], [72.6146615, 21.0938521], [72.614691, 21.0939472], [72.6148197, 21.0940574], [72.6153427, 21.0944277], [72.6154232, 21.0945528], [72.6180786, 21.0963496], [72.61824489999998, 21.0964897], [72.6183897, 21.0966274], [72.6207212, 21.0981831], [72.62086639999998, 21.0984429], [72.6209134, 21.0986167], [72.62082109999999, 21.0987353], [72.6206722, 21.0988347], [72.6204573, 21.0989192], [72.6203563, 21.0991558], [72.62040300410413, 21.09925908470342], [72.6205516, 21.0995877], [72.6210907, 21.0999981], [72.6217934, 21.1004035], [72.6221824, 21.1006487], [72.6222709, 21.1008039], [72.62275639999999, 21.1011142], [72.6228154, 21.1012668], [72.6227295, 21.1016772], [72.6225793, 21.1021076], [72.6223862, 21.1030185], [72.62212229999999, 21.1036549], [72.6217103, 21.1050403], [72.6213884, 21.1071823], [72.6214957, 21.1081832], [72.6218068, 21.1099748], [72.622, 21.1104151], [72.62190339999998, 21.112547], [72.6218927, 21.1150792], [72.6219356, 21.1157197], [72.62230039999999, 21.1165804], [72.62240769999998, 21.117221], [72.6226169, 21.1197981], [72.6224613, 21.1212243], [72.6221824, 21.1223952], [72.6220214, 21.1229556], [72.62215019999998, 21.1237563], [72.6221716, 21.1245219], [72.6221555, 21.1252925], [72.6222628, 21.1255777], [72.6224667, 21.1260481], [72.62240769999998, 21.1271089], [72.622385648482, 21.127299077812257], [72.63038170700008, 21.135972398000035], [72.69353274800004, 21.17845286700009], [72.71176191500007, 21.19403717700004], [72.72103925900007, 21.19879791900007], [72.73454837300004, 21.198919989000046], [72.72364342500003, 21.209133205000054], [72.68767337300004, 21.220445054000038], [72.67986087300005, 21.228989976000037], [72.67318769600007, 21.239081122000073], [72.65935306100005, 21.244696356000077], [72.64698326900003, 21.253607489000046], [72.64576256600003, 21.273382880000042], [72.62517337300005, 21.25934479400007], [72.61841881600003, 21.25291575700004], [72.60613040500004, 21.26658763200004], [72.60206139400003, 21.27765534100007], [72.60206139394003, 21.277655341432382], [72.59824627159146, 21.305146893784176], [72.5984663, 21.3053032], [72.5987667, 21.3056181], [72.5990081, 21.3059579], [72.5988203, 21.3067826], [72.5987828, 21.3068775], [72.59884179999999, 21.3070324], [72.5989544, 21.3074872], [72.5992246, 21.3080555], [72.5992791, 21.3090319], [72.5993836, 21.3112005], [72.59942109999999, 21.3129796], [72.5995392, 21.3139741], [72.5998717, 21.3154434], [72.6002794, 21.3164779], [72.6007622, 21.3172175], [72.60104659999999, 21.3178721], [72.6015401, 21.3187817], [72.6017976, 21.3193664], [72.6020765, 21.3196312], [72.6028436, 21.3202659], [72.6036107, 21.3208555], [72.6040935, 21.3210504], [72.6043671, 21.3213703], [72.6050645, 21.3221798], [72.60525759999999, 21.3225846], [72.605442, 21.3228774], [72.60566, 21.3231493], [72.6060355, 21.3234341], [72.6063895, 21.3235391], [72.6065183, 21.323724], [72.6066202, 21.323704], [72.6066846, 21.3235291], [72.606706, 21.3233592], [72.6070923, 21.3233342], [72.6071566, 21.3234541], [72.6072639, 21.3235191], [72.607398, 21.3234872], [72.6076287, 21.3229194], [72.6080049, 21.322694], [72.6086073, 21.3233204], [72.6090288, 21.3239938], [72.6093507, 21.3242437], [72.6096656, 21.3243172], [72.6100212, 21.3241887], [72.6102136, 21.324272], [72.61027339999998, 21.3246784], [72.6102465, 21.3249083], [72.6103592, 21.3251631], [72.6105094, 21.325473], [72.6108366, 21.3256329], [72.611239, 21.3259477], [72.61158759999998, 21.3261676], [72.6119685, 21.3262975], [72.6125532, 21.3262075], [72.6130159, 21.3258205], [72.61385139999999, 21.3252031], [72.61413309999999, 21.3251806], [72.61437449999998, 21.3250682], [72.6145327, 21.3249682], [72.6148573, 21.3249083], [72.6151094, 21.3248458], [72.6153883, 21.3246534], [72.6155949, 21.3248733], [72.6156753, 21.3249583], [72.6158255, 21.3249632], [72.6159838, 21.3249208], [72.6161045, 21.3249957], [72.6163673, 21.3250782], [72.6165551, 21.3252231], [72.6166409, 21.325308], [72.6166838, 21.325448], [72.61678039999998, 21.3257278], [72.6168716, 21.3258677], [72.6170486, 21.3260426], [72.6171344, 21.3262525], [72.6174188, 21.3265124], [72.6174939, 21.3264724], [72.61761189999999, 21.3264824], [72.6176602, 21.3265873], [72.6176763, 21.3267072], [72.6178318, 21.3268322], [72.617864, 21.3269521], [72.6178962, 21.327132], [72.6177514, 21.3273768], [72.6177245, 21.3275218], [72.61779959999998, 21.3275867], [72.6179177, 21.3276017], [72.61815909999999, 21.3275517], [72.6183683, 21.3276617], [72.6184541, 21.3278066], [72.6184648, 21.3280714], [72.6183146, 21.3283113], [72.6180249, 21.328736], [72.6173919, 21.3292757], [72.61722029999999, 21.3292707], [72.6168984, 21.3292557], [72.61675889999998, 21.3292857], [72.6166838, 21.3293756], [72.61702719999998, 21.3298004], [72.61747239999998, 21.3303101], [72.617864, 21.3307998], [72.618202, 21.3312845], [72.618497, 21.3318092], [72.61941429999999, 21.3332932], [72.6197074, 21.3339554], [72.6200341, 21.3347142], [72.6202673, 21.335297], [72.62066419999998, 21.3362913], [72.62084839999999, 21.3368574], [72.62123289999998, 21.3376754], [72.6215279, 21.338295], [72.62170489999998, 21.3387047], [72.621882, 21.3389695], [72.6220697, 21.3392993], [72.62225209999998, 21.3396941], [72.6230475, 21.3408484], [72.623502, 21.3416177], [72.6236415, 21.3420624], [72.6239043, 21.3424871], [72.6242745, 21.3431717], [72.62475729999998, 21.344186], [72.6252293, 21.3450853], [72.6255995, 21.3459547], [72.62610909999998, 21.3470789], [72.62723029999998, 21.3488626], [72.6281047, 21.3506013], [72.62836749999998, 21.3513257], [72.6286465, 21.3518903], [72.6289362, 21.352325], [72.6288879, 21.3526497], [72.62877789999999, 21.3529745], [72.62870549999998, 21.3531868], [72.62861429999998, 21.3533292], [72.6284453, 21.3534216], [72.62824949999998, 21.3534991], [72.6281288, 21.353569], [72.6280618, 21.353674], [72.6280859, 21.3537764], [72.6281959, 21.3539238], [72.6284909, 21.3541336], [72.6288181, 21.3542835], [72.62918829999998, 21.3543334], [72.6296335, 21.3543834], [72.63027189999998, 21.3544633], [72.63057769999999, 21.3546532], [72.6309317, 21.3548431], [72.63137159999998, 21.3551578], [72.63154859999999, 21.3553926], [72.6317042, 21.3557473], [72.6316827, 21.3560671], [72.63180549842106, 21.356320657841852], [72.6318061, 21.3563219], [72.6319832, 21.3564968], [72.6318169, 21.3566067], [72.6316559, 21.3566317], [72.6313287, 21.3566167], [72.63058839999998, 21.3567466], [72.6305509, 21.3568065], [72.6305723, 21.3569114], [72.6306796, 21.3569914], [72.6310497, 21.3570813], [72.631554, 21.3573211], [72.6319295, 21.3576758], [72.6320797, 21.3579706], [72.63227819999999, 21.3582703], [72.6323587, 21.3584002], [72.6323587, 21.3587], [72.6322246, 21.3588449], [72.63224059999999, 21.3589448], [72.6326913, 21.3593545], [72.6332116, 21.3596642], [72.6342148, 21.3601488], [72.63472439999998, 21.3602687], [72.635234, 21.3604786], [72.6353788, 21.3606334], [72.63565239999998, 21.3608632], [72.636264, 21.3610431], [72.6365805, 21.3612379], [72.63702029999999, 21.3614078], [72.63717049999998, 21.3616226], [72.63759969999998, 21.3620273], [72.63829169999998, 21.3634861], [72.638517, 21.3639007], [72.6388067, 21.3642604], [72.63907489999998, 21.3644902], [72.6393163, 21.3649748], [72.6394075, 21.3660239], [72.639488, 21.3666084], [72.63948139999998, 21.3672521], [72.639547, 21.3676475], [72.63967039999999, 21.3678574], [72.63950939999998, 21.3683219], [72.63907489999998, 21.3691163], [72.6387101, 21.3694859], [72.63815469999999, 21.3699011], [72.6368487, 21.3699156], [72.6360751, 21.3698343], [72.63542969999999, 21.3704576], [72.6318635, 21.3701288], [72.6315153, 21.3694531], [72.6312192, 21.3691893], [72.6306903, 21.3691862], [72.630111, 21.369446], [72.6297891, 21.3698806], [72.6297194, 21.3700954], [72.6297569, 21.3703602], [72.6298535, 21.3706549], [72.62986959146806, 21.370680054971388], [72.6300037, 21.3708897], [72.63001979999999, 21.3711994], [72.6300305, 21.3715441], [72.6297891, 21.3719388], [72.6301217, 21.3723034], [72.6302844, 21.3730204], [72.629891, 21.3742267], [72.6300681, 21.3755805], [72.63018609999999, 21.37609], [72.6302612, 21.3764846], [72.63050789999998, 21.3772589], [72.63070639999998, 21.3778583], [72.6309371, 21.3783828], [72.6312321, 21.3789923], [72.6316345, 21.3796966], [72.6322487, 21.3804159], [72.6333457, 21.3816148], [72.6335227, 21.3817896], [72.6343006, 21.3829335], [72.63475119999998, 21.3835879], [72.6353466, 21.3842872], [72.6358804, 21.3848242], [72.6360494, 21.385009], [72.6365483, 21.3856483], [72.6372349, 21.3866049], [72.63824879999999, 21.3880634], [72.63849559999998, 21.3883132], [72.638855, 21.3886503], [72.63927339999998, 21.3889725], [72.63964089999999, 21.3892847], [72.64015889999999, 21.3900057], [72.640475, 21.390491], [72.6409846, 21.3913751], [72.641218, 21.3918396], [72.6415962, 21.3922791], [72.64220239999999, 21.3929235], [72.64302849999999, 21.3935029], [72.643742, 21.3940723], [72.6448792, 21.3949114], [72.6458019, 21.3960102], [72.6461345, 21.3968044], [72.6465046, 21.3974387], [72.6480442, 21.3997812], [72.6485538, 21.4007202], [72.648688, 21.4009349], [72.6498198, 21.4022934], [72.6510107, 21.4038967], [72.65133259999999, 21.4044111], [72.6519495, 21.4050903], [72.6520005, 21.4053051], [72.651971, 21.4054774], [72.65172959999998, 21.4057171], [72.65158469999999, 21.4058295], [72.6514453, 21.4059943], [72.6510644, 21.4063839], [72.6509115, 21.406731], [72.6509249, 21.4069033], [72.6510859, 21.4071705], [72.6513862, 21.4074177], [72.65153109999999, 21.4077523], [72.6514184, 21.4082867], [72.651161, 21.4087762], [72.65100539999999, 21.4092157], [72.6510939, 21.4093904], [72.6511878, 21.4094179], [72.6513568, 21.4094254], [72.65181, 21.4092007], [72.652443, 21.4090159], [72.6529419, 21.4091108], [72.6534784, 21.4093805], [72.653752, 21.4096052], [72.6537734, 21.4098949], [72.6537198, 21.4102445], [72.6536608, 21.4105042], [72.6535267, 21.4107788], [72.6530063, 21.4109786], [72.6527113, 21.4111184], [72.65265229999999, 21.4112133], [72.65247519999998, 21.4116628], [72.65251279999998, 21.4117527], [72.65265229999999, 21.4118401], [72.65287489999999, 21.4117727], [72.653127, 21.4116204], [72.65332009999999, 21.411473], [72.6534972, 21.411478], [72.653693, 21.4116204], [72.65315220690637, 21.417337837369942], [72.6524423, 21.4248432], [72.651981, 21.4301285], [72.6518553, 21.4302247], [72.6513916, 21.4304147], [72.6505601, 21.4305895], [72.6498789, 21.4305845], [72.6492619, 21.4306295], [72.64865039999998, 21.4308342], [72.6482534, 21.431004], [72.6478833, 21.4312636], [72.6476043, 21.4316082], [72.6474971, 21.4319378], [72.6474166, 21.4323173], [72.6474059, 21.4327941], [72.6474729, 21.4328266], [72.64763379999998, 21.4327392], [72.6477277, 21.4327417], [72.6477921, 21.4328765], [72.6477921, 21.4330613], [72.6475614, 21.4334807], [72.64689619999999, 21.434774], [72.6467273, 21.4350362], [72.6465851, 21.4351485], [72.646341, 21.4351935], [72.6462847, 21.4352784], [72.6462793, 21.4353982], [72.6463652, 21.4355879], [72.646392, 21.4357727], [72.6465422, 21.4367364], [72.6465422, 21.4374005], [72.64631689999999, 21.4385839], [72.6461881, 21.4391432], [72.6458716, 21.4397024], [72.6457053, 21.4401518], [72.6456678, 21.4404314], [72.6457858, 21.440716], [72.646231, 21.4412803], [72.6466602, 21.4419194], [72.6471537, 21.4425036], [72.647835, 21.4430778], [72.64845189999998, 21.4434697], [72.648696, 21.443627], [72.6487979, 21.4437269], [72.6489294, 21.4441114], [72.6493156, 21.4449302], [72.6493961, 21.4451699], [72.6494497, 21.4456143], [72.6495141, 21.4463333], [72.64978290315774, 21.446952329843132], [72.6498198, 21.4470373], [72.6501471, 21.4476414], [72.6503831, 21.4479959], [72.6506352, 21.4484428], [72.6508552, 21.4487349], [72.6509973, 21.4490968], [72.6511395, 21.4494688], [72.65125749999999, 21.4496935], [72.65143449999998, 21.4501379], [72.6514882, 21.4504474], [72.65150429999998, 21.4505498], [72.6515794, 21.4508443], [72.65161959999999, 21.4510515], [72.65159819999998, 21.4513012], [72.6515686, 21.4517605], [72.6516062, 21.4519752], [72.6517376, 21.4523672], [72.65177519999999, 21.4525269], [72.65183149999999, 21.4530462], [72.6518677, 21.4533407], [72.65185159999999, 21.4537352], [72.65184489999999, 21.4541458], [72.651861, 21.454856], [72.6519026, 21.4550844], [72.651967, 21.4554289], [72.6520742, 21.4560006], [72.6521534, 21.4563463], [72.6521735, 21.4565011], [72.6521574, 21.4570253], [72.6522244, 21.4578029], [72.65223789999999, 21.4579864], [72.6523076, 21.4590561], [72.6524176, 21.4599747], [72.65246849999998, 21.4602967], [72.6526697, 21.4607997], [72.6527797, 21.4611866], [72.6527944, 21.4614737], [72.6528601, 21.4618369], [72.6529272, 21.462084], [72.6530036, 21.462255], [72.6532853, 21.4627443], [72.6533791, 21.4629639], [72.6534998, 21.4634133], [72.65363389999999, 21.4638601], [72.6537439, 21.4641097], [72.653929, 21.4644916], [72.6540497, 21.4647562], [72.6543394, 21.4653952], [72.65444929999998, 21.4657796], [72.6545754, 21.4662065], [72.654672, 21.466546], [72.6547524, 21.4668355], [72.6547471, 21.4671201], [72.6548088, 21.4674171], [72.6550072, 21.4677067], [72.6551869, 21.4679039], [72.65535589999999, 21.4679613], [72.6557153, 21.4680686], [72.6560372, 21.4680062], [72.6562571, 21.4678215], [72.6564556, 21.4677366], [72.6566917, 21.4678115], [72.6570086, 21.4680632], [72.65722539999999, 21.4682059], [72.6577833, 21.4684979], [72.65863359999999, 21.4689622], [72.6588803, 21.4691195], [72.65924779999999, 21.469409], [72.6594812, 21.4697859], [72.6595777, 21.4699681], [72.65961529999998, 21.4700605], [72.6599291, 21.47038], [72.6601946, 21.4708093], [72.66055669999999, 21.471351], [72.6607083, 21.4715207], [72.6608746, 21.4715606], [72.6609215, 21.4715544], [72.66107979999998, 21.4714458], [72.6611133, 21.4714446], [72.6611589, 21.4714733], [72.6612005, 21.4715219], [72.6612219, 21.4715819], [72.6611897, 21.4716517], [72.6611441, 21.4719076], [72.66114949999998, 21.4720424], [72.6612514, 21.4722096], [72.6614767, 21.4723818], [72.661981, 21.4725241], [72.6627427, 21.4727088], [72.6635514, 21.4728149], [72.6636426, 21.4728311], [72.6637043, 21.4728611], [72.6638907, 21.4734876], [72.6646578, 21.4759961], [72.6649153, 21.4767573], [72.6651326, 21.4774762], [72.6654357, 21.4784621], [72.6658213, 21.4795182], [72.6661054, 21.480345], [72.6663825, 21.4811327], [72.6666212, 21.481894], [72.6670235, 21.483062], [72.66763509999998, 21.4849888], [72.6682144, 21.4868258], [72.6684692, 21.4876144], [72.6686825, 21.4883544], [72.6686905, 21.4883944], [72.668649, 21.488443], [72.6677558, 21.4886751], [72.6676994, 21.4887425], [72.6677209, 21.4888523], [72.6710951, 21.4946524], [72.6711488, 21.4947173], [72.6712909, 21.4947048], [72.67427619999998, 21.4921168], [72.674523, 21.4921168], [72.6752579, 21.4926558], [72.6762021, 21.4932872], [72.67646489999998, 21.4934719], [72.676658, 21.4935992], [72.6769048, 21.4937689], [72.6774761, 21.4941932], [72.6780394, 21.4945326], [72.678372, 21.4947347], [72.67880379999998, 21.4949768], [72.6795521, 21.4954185], [72.681022, 21.4962496], [72.6812822, 21.4963844], [72.6813358, 21.4964492], [72.6814565, 21.4966813], [72.6817194, 21.4973377], [72.6819393, 21.4980165], [72.6822317, 21.49886], [72.68234969999999, 21.499142], [72.6825643, 21.4997834], [72.68299609999998, 21.5009513], [72.6833206, 21.5017149], [72.6837069, 21.5023039], [72.6842782, 21.5032098], [72.6846296, 21.5037812], [72.6850533, 21.5043951], [72.6853511, 21.5048518], [72.6856676, 21.5052436], [72.6859868, 21.5057427], [72.686491, 21.5063266], [72.6873439, 21.5074047], [72.6879059, 21.5080847], [72.687934, 21.5081533], [72.687926, 21.5082082], [72.6872447, 21.5085675], [72.6867606, 21.5087921], [72.6863676, 21.5090754], [72.6861163, 21.5092433], [72.6855281, 21.5095782], [72.68525449999999, 21.5097379], [72.6849031, 21.50993], [72.68393749999998, 21.510494], [72.6838222, 21.5105813], [72.6837712, 21.5106911], [72.6842031, 21.511587], [72.6884651, 21.5119812], [72.6911098, 21.5105788], [72.69144239999999, 21.5103992], [72.6915067, 21.5103992], [72.6916006, 21.5104541], [72.6917401, 21.5106462], [72.6921129, 21.511305], [72.69211429999999, 21.5113649], [72.69209009999999, 21.5114023], [72.82384371610871, 21.61038059790053], [73.00595103282944, 21.684092235215473], [73.01964733880682, 21.697576166410375], [73.05063097505834, 21.72807937071039], [73.04102623800003, 21.730169989000046], [73.02247155000003, 21.716009833000044], [73.01246178500008, 21.712836005000042], [72.99146569100003, 21.70844147300005], [72.95020592500003, 21.689154364000046], [72.92693118600005, 21.68496328300006], [72.88282311300003, 21.693019924000055], [72.85816491000008, 21.694973049000055], [72.84034264400003, 21.688381252000056], [72.81918379000007, 21.675034898000035], [72.79810631600003, 21.673529364000046], [72.75562584700003, 21.68496328300006], [72.73324629000007, 21.68748607000009], [72.67644290500004, 21.678127346000053], [72.65300540500004, 21.680568752000056], [72.63493899800005, 21.68463776200008], [72.61605879000007, 21.68545156500005], [72.57048587300005, 21.670477606000077], [72.55030358200008, 21.66669342700004], [72.53467858200008, 21.67291901200008], [72.52849368600005, 21.695135809000078], [72.53207441500007, 21.71385325700004], [72.55014082100007, 21.75193919500009], [72.55632571700005, 21.774318752000056], [72.56275475400008, 21.83942291900007], [72.56690514400003, 21.849351304000038], [72.58545983200008, 21.85887278900009], [72.59880618600005, 21.881008205000057], [72.61841881600003, 21.925116278000075], [72.63404381600003, 21.93748607000009], [72.65211022200003, 21.941066799000055], [72.69011478000004, 21.938788153000075], [72.70232181100005, 21.94757721600007], [72.70679772200003, 21.966131903000075], [72.71404056100005, 21.982977606000077], [72.73454837300005, 21.98655833500004], [72.73454837300005, 21.99404531500005], [72.72641035200007, 21.995754299000055], [72.71989993600005, 21.99632396000004], [72.71371504000007, 21.995794989000046], [72.70777428500008, 21.99404531500005], [72.70093834700003, 21.98891836100006], [72.69752037900008, 21.982123114000046], [72.69564863400007, 21.975897528000075], [72.69353274800005, 21.972316799000055], [72.62305748800003, 21.966620184000078], [72.61158287900008, 21.955511786000045], [72.60271243600005, 21.94358958500004], [72.58179772200003, 21.928168036000045], [72.55860436300003, 21.915269273000035], [72.54273522200003, 21.91083405200004], [72.53337649800005, 21.920314846000053], [72.50709069100003, 21.96230703300006], [72.50171959700003, 21.97601959800005], [72.50456790500004, 21.994208075000074], [72.51775149800005, 22.032131252000056], [72.52222741000008, 22.05426666900007], [72.52149498800003, 22.066148179000038], [72.51954186300003, 22.07754140800006], [72.51954186300003, 22.088446356000077], [72.53003991000008, 22.107489325000074], [72.53337649800005, 22.11855703300006], [72.53589928500008, 22.14052969000005], [72.54216556100005, 22.156724351000037], [72.55738366000008, 22.176662502000056], [72.57545006600003, 22.194525458000044], [72.59050540500004, 22.205023505000042], [72.61410566500007, 22.211737372000073], [72.63445071700005, 22.21039459800005], [72.65235436300003, 22.202337958000044], [72.66960696700005, 22.18891022300005], [72.68189537900008, 22.181586005000042], [72.69166100400008, 22.18195221600007], [72.69971764400003, 22.18496328300006], [72.70777428500008, 22.18577708500004], [72.71941165500004, 22.182196356000077], [72.72925866000008, 22.177435614000046], [72.74822024800005, 22.16404857000009], [72.79021243600005, 22.217230536000045], [72.81226647200003, 22.234116929000038], [72.84742272200003, 22.24042389500005], [72.86508222700007, 22.23346588700008], [72.89722741000008, 22.213039455000057], [72.91761743909551, 22.226590553097243], [72.90608573011161, 22.256110590426275], [72.89933269961924, 22.26902374082202], [72.88607832100007, 22.26239655200004], [72.86947675900007, 22.26239655200004], [72.85425866000008, 22.270819403000075], [72.83863366000008, 22.276556708000044], [72.81820722700007, 22.27342357000009], [72.79867597700007, 22.265570380000042], [72.78541100400008, 22.25690338700008], [72.75660241000008, 22.24371979400007], [72.72657311300003, 22.248928127000056], [72.65943444100003, 22.273911851000037], [72.64649498800004, 22.273911851000037], [72.64649498800003, 22.273911851000037], [72.63526451900003, 22.271633205000057], [72.63039391296753, 22.271517238483803], [72.62501061300003, 22.271389065000054], [72.61581464950004, 22.277614650500055], [72.60661868600005, 22.283840236000056], [72.59636478000003, 22.28693268400007], [72.57374108200008, 22.28823476800005], [72.55307050900007, 22.28245677300003], [72.53943342219345, 22.269915523701673], [72.52116946700004, 22.25311920800004], [72.50916914635374, 22.24528636250005], [72.50171959700003, 22.24042389500005], [72.47901451900003, 22.23338450700004], [72.46615644600007, 22.232570705000057], [72.45704186300003, 22.236721096000053], [72.45484459700003, 22.245306708000044], [72.46697024800004, 22.25584544500009], [72.46387780000002, 22.263983466000067], [72.44874108200008, 22.266831773000035], [72.43230228000004, 22.25584544500009], [72.41374759200005, 22.24632396000004], [72.39185631600003, 22.25348541900007], [72.38624108200008, 22.266506252000056], [72.3856701898645, 22.269075266281344], [72.3739813, 22.2659047], [72.3608705, 22.2614867], [72.3541653, 22.2592273], [72.3472023, 22.2596294], [72.3409581, 22.259411], [72.33683819999999, 22.2582592], [72.3328256, 22.2562336], [72.328856, 22.2526589], [72.3253369, 22.2509509], [72.32392069999999, 22.2496998], [72.3221934, 22.2479719], [72.3215389, 22.2464824], [72.3202729, 22.2409611], [72.3184061, 22.2381606], [72.3157024, 22.2343968], [72.31508009999999, 22.2340492], [72.3084283, 22.2334534], [72.302227, 22.2318048], [72.2959613, 22.230037], [72.29335533006835, 22.22859355267748], [72.2933435, 22.228587], [72.29263539999998, 22.2273555], [72.29132649999998, 22.2240781], [72.29094029999999, 22.2209495], [72.29084369999998, 22.218089], [72.291289, 22.2151639], [72.2919166, 22.2138479], [72.29236719999999, 22.2126659], [72.2929788, 22.211762], [72.2933435, 22.2109376], [72.29341859999998, 22.2100437], [72.29318259999998, 22.2079975], [72.2933757, 22.2043421], [72.29366539999998, 22.202584], [72.2951889, 22.198849], [72.2950387, 22.1979947], [72.2948241, 22.1974384], [72.2942394, 22.1960576], [72.2939819, 22.1954367], [72.29381019999998, 22.1947165], [72.2937995, 22.1942496], [72.29380489999998, 22.1938672], [72.29380489999998, 22.1935294], [72.2938263, 22.1932364], [72.2938371, 22.1925062], [72.2939283, 22.1914532], [72.2939873, 22.1908075], [72.2940999, 22.1900823], [72.294454, 22.1889498], [72.29479729999998, 22.1882743], [72.29512449999999, 22.1878669], [72.29558049999999, 22.1874646], [72.2960955, 22.1870374], [72.29695919999999, 22.1865308], [72.29796769999999, 22.1862526], [72.2994912, 22.1858503], [72.3001134, 22.1855622], [72.3010093, 22.1851995], [72.3021412, 22.1845439], [72.3067546, 22.1821794], [72.3083639, 22.1812058], [72.3089433, 22.1804706], [72.3092651, 22.1793778], [72.3093295, 22.1774305], [72.30799909999999, 22.1759601], [72.30586949999999, 22.17427], [72.3024201, 22.1689258], [72.300682, 22.165806], [72.3003387, 22.1649713], [72.2999686, 22.1638187], [72.2998828, 22.1619209], [72.3000491, 22.160351], [72.3004031, 22.1591189], [72.3011756, 22.1570124], [72.3019481, 22.1541208], [72.30231279999998, 22.1527297], [72.30336429999998, 22.1507721], [72.30355739999999, 22.150305], [72.3039222, 22.1490927], [72.3038149, 22.1461712], [72.30364319999998, 22.142077], [72.305038, 22.1393739], [72.3096943, 22.13359], [72.311368, 22.1216239], [72.3107028, 22.1187813], [72.3071837, 22.1104122], [72.3052311, 22.1071916], [72.3002958, 22.1015058], [72.29815, 22.098961], [72.2948039, 22.0924412], [72.2914767, 22.0859581], [72.2906504, 22.0803243], [72.290141, 22.0768513], [72.28985119999999, 22.0757229], [72.2877431, 22.0707466], [72.285254, 22.0657752], [72.281928, 22.0606645], [72.27924579999998, 22.0572439], [72.2784948, 22.0555734], [72.2787952, 22.0510191], [72.2807264, 22.0454702], [72.281928, 22.0412736], [72.28194240074677, 22.041130580066792], [72.28207819999999, 22.0397819], [72.28179929999999, 22.0380714], [72.2789239, 22.0302346], [72.27639189999998, 22.0240285], [72.2689891, 22.0030012], [72.2677016, 21.9983855], [72.266221, 21.9924367], [72.26497649999999, 21.9877212], [72.2640323, 21.9836622], [72.26363, 21.9831672], [72.2614789, 21.9826076], [72.2529279, 21.9845278], [72.2478318, 21.9844382], [72.2227746, 21.9852888], [72.2219807, 21.9835975], [72.2217125, 21.9827021], [72.2214442, 21.9821449], [72.2208863, 21.9807919], [72.220028, 21.9795433], [72.21951309999999, 21.9787275], [72.2192502, 21.9781156], [72.21869229999999, 21.9772749], [72.2177951, 21.9752888], [72.2174209, 21.9746582], [72.2171152, 21.9740414], [72.21676109999999, 21.9726335], [72.21658939999999, 21.9722803], [72.2160208, 21.9706237], [72.21572039999998, 21.9699372], [72.2154897, 21.9693302], [72.2153234, 21.9684646], [72.215082, 21.967191], [72.2148299, 21.9662557], [72.214625, 21.9653162], [72.2133762, 21.9631115], [72.212884, 21.9620581], [72.21296309999998, 21.9604199], [72.21412179999999, 21.955783], [72.21774819999999, 21.9461479], [72.2188854, 21.9441153], [72.2197491, 21.9420703], [72.2202051, 21.940886], [72.2207093, 21.9398262], [72.221455, 21.9386021], [72.2217017, 21.938005], [72.22197, 21.9375273], [72.22273709999999, 21.9366415], [72.2232467, 21.9359648], [72.2239923, 21.9346312], [72.2246361, 21.9337554], [72.22479159999999, 21.9334718], [72.2248775, 21.9332479], [72.2250196, 21.9326084], [72.22497939999998, 21.9322924], [72.22497939999998, 21.9316853], [72.22506519999999, 21.9312474], [72.22542459999998, 21.9301129], [72.22552119999999, 21.9296351], [72.2258967, 21.9285204], [72.2264814, 21.9271072], [72.2269857, 21.9259079], [72.22782249999999, 21.9246439], [72.2286701, 21.9236187], [72.2300595, 21.9218719], [72.2308212, 21.920807], [72.2316152, 21.919742], [72.2320926, 21.9192443], [72.2331709, 21.9182341], [72.2349894, 21.9167012], [72.2367811, 21.9153177], [72.2382402, 21.9146359], [72.23880889999998, 21.9145961], [72.23980129999998, 21.914397], [72.240445, 21.9139541], [72.2412229, 21.9135509], [72.241711, 21.9130333], [72.2422743, 21.9123167], [72.2428536, 21.9113611], [72.24361, 21.9099327], [72.2460616, 21.9055878], [72.2493875, 21.8986944], [72.25147959999998, 21.8946527], [72.2543764, 21.8880225], [72.2555351, 21.8837416], [72.2562003, 21.8797393], [72.25583549999999, 21.876414], [72.2541189, 21.8673535], [72.253164, 21.8617775], [72.2528529, 21.8575058], [72.25322839999998, 21.8546679], [72.25357169999998, 21.8508142], [72.2539258, 21.8478168], [72.254473, 21.8441521], [72.2551918, 21.8398101], [72.2552669, 21.8378084], [72.255342, 21.8372009], [72.25562089999998, 21.8361253], [72.2567582, 21.8333368], [72.2572625, 21.8292434], [72.25707809999999, 21.824329], [72.25615689999998, 21.809255], [72.2560114, 21.8079359], [72.2546553, 21.7945103], [72.2546553, 21.7932551], [72.2557926, 21.7860623], [72.2571015, 21.7779327], [72.2580993, 21.7730905], [72.2589469, 21.7686069], [72.2597301, 21.7647808], [72.2609532, 21.7589716], [72.26165059999998, 21.7552847], [72.2622621, 21.7525743], [72.26212259999998, 21.7520462], [72.259799, 21.7483351], [72.2594833, 21.747831], [72.25476439999998, 21.7454858], [72.2513723, 21.7443331], [72.2523594, 21.7410396], [72.2534698, 21.7379651], [72.2549128, 21.7336698], [72.25529909999999, 21.7317762], [72.2561574, 21.7300021], [72.25768089999998, 21.7271916], [72.2593546, 21.7235238], [72.2603416, 21.7216102], [72.2617578, 21.7186798], [72.2659635, 21.7115033], [72.26710079999998, 21.708792], [72.2675085, 21.7068981], [72.2685921, 21.7051138], [72.2697991, 21.7029258], [72.2710329, 21.7007178], [72.2720039, 21.6988387], [72.2739404, 21.6958282], [72.2760969, 21.6930169], [72.2765368, 21.6924886], [72.276907, 21.6924038], [72.2771859, 21.6923963], [72.27730259999998, 21.692359], [72.2774984, 21.6920449], [72.2775467, 21.6919752], [72.2776405, 21.6919577], [72.277725, 21.6919963], [72.277894, 21.692025], [72.2780442, 21.69202], [72.2781703, 21.6918954], [72.2783071, 21.6916113], [72.2785512, 21.691215], [72.2789907, 21.6906024], [72.2791412, 21.6902829], [72.2795603, 21.6895826], [72.2797474, 21.6891763], [72.280626, 21.6876489], [72.2806873, 21.6875687], [72.2808034, 21.6875326], [72.2808466, 21.687559], [72.2809081, 21.6875715], [72.28098129999998, 21.6875395], [72.2810249, 21.6874863], [72.28104209999998, 21.6874103], [72.2810321, 21.6873299], [72.280982, 21.6872682], [72.28094359999999, 21.6872348], [72.28097859999998, 21.6871276], [72.2810456, 21.6870454], [72.28113149999999, 21.6869681], [72.2813139, 21.6864946], [72.281338, 21.686193], [72.2815016, 21.6856758], [72.2816599, 21.6852458], [72.2817189, 21.6851773], [72.2817832, 21.6850913], [72.281912, 21.6846402], [72.2820355, 21.6844772], [72.2821814, 21.6843928], [72.28232239999998, 21.6843835], [72.28295, 21.6846016], [72.28293859999998, 21.6846612], [72.283233, 21.6847159], [72.28330669999998, 21.6843916], [72.2825799, 21.6842264], [72.28275949999998, 21.683576], [72.2828848, 21.6834299], [72.282907, 21.683404], [72.28301159999998, 21.6830525], [72.2837063, 21.6831847], [72.2837546, 21.6829554], [72.2827784, 21.6827659], [72.2824565, 21.6826662], [72.2824189, 21.6826014], [72.2824243, 21.6824045], [72.2823197, 21.6821727], [72.2825047, 21.6816468], [72.2825316, 21.681415], [72.2825825, 21.6812057], [72.2827461, 21.680782], [72.2830117, 21.6805128], [72.283068, 21.680428], [72.28311359999998, 21.6802187], [72.283186, 21.6800043], [72.2835186, 21.6794584], [72.28369029999999, 21.6792117], [72.2837198, 21.6791269], [72.2837412, 21.6788578], [72.2837815, 21.6783269], [72.2838432, 21.6781175], [72.28395849999998, 21.6778957], [72.2841087, 21.677771], [72.2844976, 21.6772401], [72.2846961, 21.6769036], [72.2847256, 21.676794], [72.2846425, 21.676612], [72.2847065, 21.6765173], [72.2847487, 21.6764888], [72.28910019999998, 21.6780805], [72.289172, 21.6780967], [72.28924559999999, 21.678091], [72.2893134, 21.6780639], [72.28936849999998, 21.6780182], [72.2893755, 21.678004], [72.28941889999999, 21.6779039], [72.2894195, 21.6778948], [72.28941239999999, 21.67783], [72.2893846, 21.6777701], [72.28933869999999, 21.6777208], [72.2892789, 21.6776867], [72.2848455, 21.6760917], [72.2847918, 21.6759943], [72.2849043, 21.6758008], [72.2849677, 21.6755972], [72.2850027, 21.675341], [72.28499859999998, 21.6750455], [72.2849893, 21.6748684], [72.28498569999998, 21.6747781], [72.28503269999999, 21.6746079], [72.2851644, 21.674335], [72.2851994, 21.6742496], [72.2852806, 21.6737052], [72.2853547, 21.6730918], [72.2854027, 21.6730322], [72.2861765, 21.6729251], [72.28650249999998, 21.6729169], [72.2865568, 21.6728943], [72.28660059999999, 21.6728568], [72.2866293, 21.6728083], [72.2866399, 21.6727539], [72.28663119999999, 21.6726991], [72.2866065, 21.6726528], [72.2865682, 21.6726155], [72.2865196, 21.6725904], [72.2864651, 21.67258], [72.2864098, 21.6725851], [72.2861313, 21.6726906], [72.2853953, 21.6728419], [72.28532209999999, 21.6728184], [72.2852376, 21.6727389], [72.2851719, 21.6725938], [72.2849991, 21.6721511], [72.28500209999999, 21.6720465], [72.28502479999999, 21.6719597], [72.2850264, 21.6718217], [72.2849661, 21.6716575], [72.2849529, 21.6714517], [72.28498879999998, 21.6710639], [72.284971, 21.6708792], [72.284929, 21.6707128], [72.2847149, 21.670388], [72.2845674, 21.6698222], [72.2844815, 21.6694907], [72.28434739999999, 21.6682393], [72.2842857, 21.6674915], [72.284326, 21.6670678], [72.2842991, 21.666325], [72.2842804, 21.6662427], [72.28424859364958, 21.666160842946447], [72.28541100381868, 21.665025132177274], [72.28541100400008, 21.66502513200004], [72.29249108200008, 21.659491278000075], [72.29566491000008, 21.65387604400007], [72.29664147200003, 21.64215729400007], [72.29851321700005, 21.63397858300004], [72.29883873800003, 21.626288153000075], [72.29566491000008, 21.616034247000073], [72.29200280000003, 21.611761786000045], [72.27914472700007, 21.600531317000048], [72.27515709700003, 21.595526434000075], [72.27515709699607, 21.59552643398629], [72.26368079227325, 21.555571891424513], [72.26365149999998, 21.5553493], [72.2636729, 21.5548478], [72.263732, 21.5539149], [72.2637829, 21.5534982], [72.2637936, 21.553371], [72.263917, 21.5530766], [72.2640136, 21.5526975], [72.264035, 21.5524655], [72.2640431, 21.5522684], [72.26417989999999, 21.5514551], [72.264204, 21.5512281], [72.26419329999999, 21.5503075], [72.26421209999998, 21.5501179], [72.2643033, 21.5497587], [72.2643757, 21.5495092], [72.2644508, 21.5490727], [72.2645527, 21.5480723], [72.2645956, 21.5478976], [72.2646975, 21.5477355], [72.264955, 21.5474211], [72.2650462, 21.547269], [72.265352, 21.5465879], [72.2655398, 21.5461139], [72.2656041, 21.5457995], [72.26565239999998, 21.5454403], [72.2656041, 21.5441679], [72.2655398, 21.5431051], [72.26555049999999, 21.5425912], [72.2655076, 21.5423317], [72.2651803, 21.5412789], [72.2650248, 21.5408448], [72.2647941, 21.5399916], [72.2644454, 21.5390585], [72.26421469999998, 21.5385295], [72.2640055, 21.537811], [72.2638285, 21.5372921], [72.2634691, 21.5362716], [72.2630668, 21.5355182], [72.2626966, 21.5346274], [72.26256519999998, 21.5342233], [72.2625062, 21.5340012], [72.2624686, 21.5338266], [72.2624552, 21.533597], [72.2624579, 21.532871], [72.2624767, 21.5325965], [72.262466, 21.5322547], [72.2623533, 21.531833], [72.2623238, 21.5314363], [72.2622809, 21.5311294], [72.2622192, 21.5309248], [72.262069, 21.5305905], [72.2618464, 21.5301938], [72.2614413, 21.5295176], [72.26106049999999, 21.5289488], [72.2608325, 21.5286044], [72.2607359, 21.5284323], [72.26035509999998, 21.5277736], [72.2601539, 21.5272571], [72.26000639999998, 21.5268953], [72.2588557, 21.5238088], [72.25852039999998, 21.5230353], [72.25845069999998, 21.5228831], [72.2582898, 21.5224814], [72.25799469999998, 21.5218177], [72.2578633, 21.5214858], [72.257807, 21.5212487], [72.2576943, 21.5205326], [72.257646, 21.5196867], [72.2576487, 21.5194497], [72.25771039999998, 21.5191278], [72.2577909, 21.5185339], [72.2577962, 21.5183867], [72.2577614, 21.5182195], [72.25762459999999, 21.517698], [72.2573242, 21.5168796], [72.2570667, 21.5162782], [72.25683059999999, 21.5156219], [72.25673409999999, 21.5154248], [72.2562271, 21.5144192], [72.2560662, 21.5141073], [72.2560018, 21.5138303], [72.255865, 21.5132589], [72.2554788, 21.5120237], [72.2553474, 21.5116918], [72.2551274, 21.5112875], [72.2550684, 21.5111303], [72.2550684, 21.5109157], [72.25506569999999, 21.5105664], [72.25502819999998, 21.5101022], [72.2547895, 21.5092064], [72.2546044, 21.5087223], [72.2543871, 21.5083055], [72.254135, 21.5076717], [72.25400889999999, 21.5071975], [72.25398749999998, 21.5066885], [72.25397409999998, 21.5061794], [72.253966, 21.5058375], [72.2539365, 21.5056603], [72.2539607, 21.5054906], [72.2540063, 21.5053309], [72.2541296, 21.5050415], [72.2541457, 21.5048842], [72.25411359999998, 21.5043153], [72.254068, 21.5035991], [72.2540599, 21.5033221], [72.2539258, 21.5028254], [72.253781, 21.5024786], [72.2535127, 21.5018372], [72.2534028, 21.5016351], [72.2533518, 21.5014953], [72.25329279999998, 21.5009987], [72.2531989, 21.5007217], [72.2530889, 21.5005595], [72.2529736, 21.5003648], [72.25274559999998, 21.4999007], [72.2523621, 21.4991121], [72.2519517, 21.4982411], [72.25162979999999, 21.4975348], [72.2515118, 21.4972354], [72.2514904, 21.4971106], [72.251485, 21.4968136], [72.251434, 21.4966489], [72.2513965, 21.4964742], [72.2512892, 21.4961722], [72.251206, 21.4959401], [72.25113629999998, 21.4957205], [72.2510612, 21.4950741], [72.2510666, 21.494605], [72.2510746, 21.4944452], [72.2511564, 21.4942605], [72.2511631, 21.4942094], [72.251135, 21.494147], [72.2511001, 21.4940522], [72.2510424, 21.4938213], [72.2506374, 21.4930876], [72.25047919999999, 21.4927881], [72.25040669999998, 21.4925435], [72.25037719999999, 21.4923464], [72.25016, 21.4916925], [72.2499883, 21.4913855], [72.2496933, 21.4909363], [72.2492775, 21.4903672], [72.2489503, 21.4898132], [72.2487089, 21.4892916], [72.2483441, 21.4887899], [72.2479606, 21.4880487], [72.247856, 21.4877966], [72.2477701, 21.4876094], [72.2474697, 21.486651], [72.2473458, 21.4863142], [72.2468957, 21.4855105], [72.2468072, 21.4852958], [72.2462413, 21.4838882], [72.24619159999999, 21.4837509], [72.2461756, 21.483681], [72.2461782, 21.4836548], [72.2463325, 21.4835687], [72.2464089, 21.4835075], [72.2463995, 21.4834464], [72.2463512, 21.4832917], [72.2462225, 21.4831294], [72.2461367, 21.4831169], [72.24597839999998, 21.4832293], [72.2458684, 21.4832293], [72.2457746, 21.4831918], [72.2457236, 21.4831169], [72.2457263, 21.482795], [72.2456217, 21.4826402], [72.24549489999998, 21.4824244], [72.245096, 21.4817342], [72.2449002, 21.4813823], [72.2445729, 21.4807808], [72.24442, 21.480374], [72.2444281, 21.4801893], [72.2444308, 21.4800195], [72.2443664, 21.4798249], [72.2441357, 21.4793282], [72.2440767, 21.4792408], [72.24385139999998, 21.4787341], [72.243256, 21.4774113], [72.2430441, 21.4769995], [72.2428054, 21.4765801], [72.2425425, 21.4762182], [72.2423601, 21.4758338], [72.2423233, 21.4756828], [72.2423281, 21.4754256], [72.24244859999999, 21.4751799], [72.2427651, 21.4748454], [72.24291259999998, 21.4746557], [72.2429073, 21.4745634], [72.2427919, 21.4743312], [72.2426391, 21.4741715], [72.2425398, 21.4739968], [72.2422609, 21.4733154], [72.24212139999999, 21.4731307], [72.2418344, 21.4725591], [72.2413516, 21.4717603], [72.2412577, 21.4715706], [72.241137, 21.471361], [72.2409171, 21.4711014], [72.24063279999999, 21.4708018], [72.2402331, 21.4703525], [72.2400776, 21.4701703], [72.2396859, 21.4695937], [72.239466, 21.4692418], [72.2392622, 21.4690121], [72.2391039, 21.4688923], [72.2387794, 21.4686202], [72.2382939, 21.4681984], [72.2379425, 21.4676967], [72.2373149, 21.4669029], [72.23721829999998, 21.4667906], [72.2369742, 21.4664611], [72.2368509, 21.4662414], [72.23660139999998, 21.465535], [72.2362554, 21.4648261], [72.2362018, 21.4647013], [72.2355205, 21.4637952], [72.2354481, 21.4636878], [72.23534079999999, 21.4634257], [72.23508329999999, 21.4627293], [72.2349814, 21.4624472], [72.23478019999999, 21.4620054], [72.23460049999998, 21.4614437], [72.23456559999998, 21.4612765], [72.23451729999998, 21.4609844], [72.23454419999999, 21.4604253], [72.2345924, 21.4601232], [72.234638, 21.4599685], [72.2346836, 21.4596315], [72.2347748, 21.4594318], [72.2349089, 21.459272], [72.2349773, 21.4590698], [72.2350042, 21.4589475], [72.2352254, 21.458296], [72.2352871, 21.4579265], [72.2352362, 21.4576494], [72.2351986, 21.4572924], [72.235153, 21.4571027], [72.23509129999998, 21.4568606], [72.2348553, 21.456234], [72.234123, 21.4551781], [72.2339648, 21.4549584], [72.233482, 21.4541321], [72.2333586, 21.4539723], [72.2327367, 21.4533775], [72.2324118, 21.4531186], [72.2317547, 21.4524495], [72.2312933, 21.4520152], [72.2308229, 21.4515655], [72.2297161, 21.4504605], [72.22865049999999, 21.4492635], [72.2277212, 21.4481671], [72.2261086, 21.4463058], [72.2256178, 21.4456093], [72.225202, 21.4449252], [72.224915, 21.4445158], [72.2245851, 21.4436245], [72.22449659999998, 21.4432351], [72.22448049999998, 21.4428856], [72.22455829999998, 21.4426459], [72.2246951, 21.4425086], [72.22481579999999, 21.4424337], [72.2251216, 21.4424137], [72.22529319999998, 21.4423138], [72.2254059, 21.4420667], [72.2254327, 21.4417571], [72.2253334, 21.441505], [72.2250223, 21.441078], [72.2249767, 21.4409857], [72.22494009999998, 21.4408957], [72.22490159999998, 21.4408009], [72.224459, 21.4399196], [72.2243223, 21.4397848], [72.2240648, 21.4394927], [72.2238234, 21.439248], [72.22365979999998, 21.4390758], [72.2235131, 21.4388841], [72.2234586, 21.4387961], [72.2231112, 21.4384316], [72.22283359999999, 21.438147], [72.2226714, 21.4380047], [72.2223911, 21.4377838], [72.222371, 21.4377301], [72.2223669, 21.4376752], [72.2223817, 21.4376377], [72.2223629, 21.437614], [72.22232, 21.4376052], [72.2222677, 21.437624], [72.2222368, 21.4376215], [72.22216309999999, 21.4375541], [72.2218131, 21.4372145], [72.2216615, 21.4370859], [72.2210956, 21.4366852], [72.22096819999999, 21.4365629], [72.2207281, 21.4362246], [72.2204009, 21.4359225], [72.2201434, 21.4356429], [72.21985909999998, 21.4352609], [72.2196418, 21.4349338], [72.21937629999998, 21.4346442], [72.2188318, 21.4341349], [72.21861319999998, 21.4338765], [72.2185589, 21.4335712], [72.2185662, 21.4333809], [72.2185206, 21.4331287], [72.2183812, 21.4328091], [72.21809289999999, 21.4322236], [72.21739679999999, 21.4311263], [72.21701459999998, 21.4304609], [72.216619, 21.4297456], [72.21644729999998, 21.429456], [72.2163423, 21.4292638], [72.2162917, 21.4291713], [72.21615759999999, 21.4288043], [72.2160637, 21.4285421], [72.21560779999999, 21.4279304], [72.2152752, 21.4274985], [72.2151223, 21.4273062], [72.2148889, 21.4269117], [72.21456709999998, 21.4263275], [72.2142398, 21.4259255], [72.21385089999998, 21.4255485], [72.21358539999999, 21.4251589], [72.2132206, 21.4245622], [72.2128156, 21.4240678], [72.21235689999999, 21.4234835], [72.2120109, 21.4230291], [72.2113323, 21.4224398], [72.21098629999999, 21.4221702], [72.210592, 21.4217782], [72.2101629, 21.4212089], [72.2099, 21.4209367], [72.209495, 21.4205372], [72.2091436, 21.4202401], [72.2087628, 21.4199254], [72.2081888, 21.4196008], [72.2074136, 21.4192238], [72.2070327, 21.4190091], [72.2065929, 21.4187044], [72.2060242, 21.4182625], [72.2053617, 21.4177631], [72.2051311, 21.4175783], [72.2046778, 21.4171363], [72.20425669999999, 21.4167618], [72.2041333, 21.4166145], [72.20395089999998, 21.4161625], [72.2037926, 21.4158928], [72.2033259, 21.4153834], [72.2030148, 21.4150488], [72.20271969999999, 21.4148141], [72.20225969999998, 21.4145568], [72.2015859, 21.4139019], [72.20093389999998, 21.4132955], [72.2006772, 21.41301], [72.2005552, 21.4128489], [72.2002736, 21.4125405], [72.2000335, 21.4123233], [72.1999302, 21.4122197], [72.1996888, 21.411975], [72.1992141, 21.4114905], [72.19887369999998, 21.4110991], [72.1987917, 21.4110048], [72.19837859999998, 21.4103905], [72.1981319, 21.4101658], [72.1973487, 21.4097912], [72.1965614, 21.409333], [72.19617519999998, 21.4090034], [72.1955111, 21.4082693], [72.19524139999999, 21.4080076], [72.1943647, 21.4070182], [72.1932543, 21.4058994], [72.1923584, 21.4051852], [72.1914411, 21.404521], [72.1905345, 21.4037968], [72.1897821, 21.4032461], [72.18887949999998, 21.4026306], [72.187981, 21.4020063], [72.1870302, 21.4012733], [72.1867499, 21.4011023], [72.1863744, 21.4009025], [72.1859103, 21.4005978], [72.1856797, 21.4004654], [72.1850574, 21.3999285], [72.18495009999998, 21.3998486], [72.1842876, 21.3994241], [72.1836948, 21.3989621], [72.1834722, 21.3987723], [72.1832952, 21.3985775], [72.1830605, 21.3983215], [72.18199159999999, 21.3974937], [72.1818146, 21.3973463], [72.1809697, 21.3964523], [72.1802283, 21.3957917], [72.179697, 21.3953247], [72.17874349999998, 21.394342], [72.1785825, 21.3941822], [72.177515, 21.3932631], [72.1767721, 21.3925838], [72.1763375, 21.3921518], [72.17573269999998, 21.3915137], [72.17457, 21.3902387], [72.174114, 21.3897392], [72.1739209, 21.389497], [72.1729714, 21.3880659], [72.17220289999999, 21.3870282], [72.1714666, 21.3861978], [72.1708336, 21.3854985], [72.1701148, 21.384512], [72.1697742, 21.3838726], [72.1697098, 21.3836328], [72.1697152, 21.3832182], [72.1697742, 21.3825813], [72.1697581, 21.3823765], [72.1695274, 21.3817921], [72.16953279999998, 21.3817534], [72.16955689999999, 21.3817197], [72.1696709, 21.3816398], [72.16970639999998, 21.3816054], [72.1697105, 21.3815636], [72.1696159, 21.381365], [72.16951, 21.3812002], [72.1694791, 21.3811839], [72.1693987, 21.3811802], [72.1693665, 21.3811771], [72.1693423, 21.3811677], [72.1692458, 21.3809779], [72.16915729999998, 21.380833], [72.16915189999999, 21.3807581], [72.1691841, 21.3806682], [72.16926189999998, 21.3805308], [72.1692753, 21.3804409], [72.1691895, 21.3802786], [72.168818, 21.3796054], [72.1679154, 21.3783304], [72.167615, 21.3779383], [72.1671295, 21.3771915], [72.16693369999999, 21.3769242], [72.1668301, 21.3766095], [72.1667415, 21.3766245], [72.1664589, 21.3761146], [72.1657616, 21.3756354], [72.1649891, 21.3748162], [72.1643454, 21.3741218], [72.1639377, 21.3736272], [72.163589, 21.3732176], [72.16304179999999, 21.3725382], [72.1627146, 21.3721686], [72.1623981, 21.3717739], [72.1618845, 21.3711794], [72.1612769, 21.370525], [72.160821, 21.3700604], [72.1604294, 21.3696208], [72.1597856, 21.3689364], [72.15911509999998, 21.368307], [72.1581548, 21.3673678], [72.157723, 21.3668882], [72.1572, 21.3662912], [72.15703369999999, 21.3660739], [72.1567842, 21.3657641], [72.1565562, 21.3654244], [72.15623969999999, 21.3650123], [72.1558589, 21.3643354], [72.1555772, 21.363606], [72.1555209, 21.3632862], [72.1554351, 21.3627217], [72.1552312, 21.3620373], [72.155081, 21.3618449], [72.154904, 21.3616626], [72.1543568, 21.361163], [72.1540081, 21.3607533], [72.1531686, 21.3598765], [72.1520609, 21.35869], [72.1514091, 21.358043], [72.1506849, 21.3572936], [72.1497676, 21.356232], [72.1492338, 21.3555425], [72.1482682, 21.3544284], [72.1475708, 21.353664], [72.14640679999998, 21.3526248], [72.14607949999998, 21.352305], [72.1457362, 21.3519053], [72.1454304, 21.3516055], [72.1447143, 21.3510072], [72.1445145, 21.3508024], [72.1436387, 21.3498668], [72.14244779999999, 21.3487627], [72.1409565, 21.3474186], [72.139779, 21.3462595], [72.1387035, 21.3452377], [72.1373275, 21.3439037], [72.1361634, 21.3428319], [72.1352595, 21.3419725], [72.1346453, 21.3413379], [72.1341035, 21.3407983], [72.1327785, 21.3393518], [72.1322393, 21.3387397], [72.1313408, 21.3377354], [72.1309277, 21.3372407], [72.1306568, 21.3369484], [72.1301445, 21.3363413], [72.1298736, 21.3360265], [72.1296832, 21.335764099999988], [72.1292755, 21.3352845], [72.1286103, 21.33451], [72.12799069999998, 21.3337854], [72.1274033, 21.3330684], [72.12693429999999, 21.3325], [72.126317, 21.3317692], [72.1260461, 21.3314044], [72.1257484, 21.3310396], [72.1251449, 21.3302626], [72.1246701, 21.3296455], [72.12408009999999, 21.3287785], [72.12362409999999, 21.3280439], [72.12330489999998, 21.3274793], [72.1230742, 21.327162], [72.122747, 21.3265798], [72.1226075, 21.3263674], [72.12205229999998, 21.3255004], [72.1215481, 21.3247734], [72.1210492, 21.3241212], [72.120679, 21.323684], [72.11987439999999, 21.3226595], [72.11960079999999, 21.3222723], [72.1188819, 21.3211554], [72.11865129999998, 21.3207956], [72.11806649999998, 21.3198511], [72.1178198, 21.3194563], [72.11714389999999, 21.3182569], [72.1169561, 21.3179071], [72.1163633, 21.3168102], [72.11612949999999, 21.3163645], [72.1158242, 21.3158132], [72.1154729, 21.3152023], [72.1151778, 21.3145926], [72.11499539999998, 21.3142453], [72.1148452, 21.3139517], [72.114585, 21.3134419], [72.1141022, 21.3124674], [72.11388179999999, 21.3119523], [72.1133083, 21.3106708], [72.1131635, 21.3103109], [72.11284159999998, 21.3095488], [72.1124178, 21.3084318], [72.111707, 21.3067801], [72.1111652, 21.3054432], [72.1108863, 21.3044761], [72.11063149999998, 21.303559], [72.1121888, 21.2998043], [72.11229439999998, 21.2992408], [72.1125466, 21.2982062], [72.1133298, 21.2981712], [72.11367309999999, 21.2979813], [72.11396279999998, 21.2976664], [72.1140969, 21.2973615], [72.1141398, 21.2971266], [72.113952, 21.2958871], [72.11350679999998, 21.2940877], [72.1132654, 21.2935679], [72.1127289, 21.2931281], [72.11248219999999, 21.2929181], [72.1119618, 21.2923533], [72.1114308, 21.2916486], [72.1108031, 21.2906489], [72.11039009999999, 21.2900841], [72.1096551, 21.2888145], [72.1092796, 21.2879698], [72.1091241, 21.2876149], [72.1088612, 21.2872351], [72.1086413, 21.2869751], [72.108255, 21.2867502], [72.1076703, 21.2865153], [72.1073216, 21.2863253], [72.1071392, 21.2859954], [72.10715529999999, 21.2858005], [72.1072251, 21.2852707], [72.1069461, 21.2844659], [72.1066511, 21.2838411], [72.10640159999998, 21.2832663], [72.10613069999998, 21.2827214], [72.1059269, 21.2824115], [72.1056721, 21.2820091], [72.1054119, 21.2815143], [72.1052456, 21.2811219], [72.10484859999998, 21.2802121], [72.1043122, 21.2792024], [72.1041888, 21.2789674], [72.1040976, 21.2786075], [72.1039367, 21.2774728], [72.1038026, 21.2760632], [72.103765, 21.2755433], [72.10374889999999, 21.2751934], [72.10359329999999, 21.2742186], [72.1034646, 21.2730889], [72.1033198, 21.2720641], [72.1030676, 21.2707244], [72.1028745, 21.2703844], [72.1025151, 21.2699195], [72.101528, 21.2686548], [72.1008307, 21.267505], [72.1000528, 21.2662402], [72.09969601912307, 21.265912334848252], [72.09937584704146, 21.264960028123294], [72.09937584700003, 21.264960028000072], [72.09359785200007, 21.25820547100005], [72.09083092500003, 21.252915757000036], [72.09351647200003, 21.24355703300006], [72.10450280000003, 21.22215403900009], [72.10474694100003, 21.205064195000094], [72.09778893300003, 21.198268947500083], [72.09083092500003, 21.191473700000074], [72.0887088393871, 21.190498687653314], [72.08480879000005, 21.188706773000035], [72.07954228350589, 21.1870123316236], [72.07545006600003, 21.185695705000054], [72.06666100400008, 21.181341864000046], [72.06283613400005, 21.17470937700005], [72.05502363400007, 21.168361721000053], [71.99073326900003, 21.136379299000055], [71.97242272200003, 21.13226959800005], [71.92628014400003, 21.130031643000052], [71.80616295700008, 21.06207916900007], [71.78858483200008, 21.04751211100006], [71.77576744900006, 21.03990306150007], [71.76295006600003, 21.03229401200008], [71.75320370175926, 21.02990882581028], [71.74366295700007, 21.02757396000004], [71.73023522200003, 21.03070709800005], [71.71762129000007, 21.032049872000073], [71.68336022200003, 21.011460679000038], [71.63998457100007, 20.996812242000086], [71.61174563900008, 20.977525132500062], [71.58350670700008, 20.95823802300004], [71.5563426290691, 20.95263586516123], [71.556235, 20.9527831], [71.5559721, 20.9529434], [71.555492, 20.9531037], [71.55488039999999, 20.9531839], [71.5544271, 20.9531413], [71.5537915, 20.9529033], [71.5533918, 20.9527055], [71.5528876, 20.9523297], [71.552681, 20.9521569], [71.55256569999999, 20.9521369], [71.5524369, 20.9521995], [71.5520562, 20.9524743], [71.5516001, 20.9526253], [71.5509671, 20.952748], [71.55066129999999, 20.9527255], [71.55034006150385, 20.95270833153634], [71.5500981, 20.9526954], [71.5492505, 20.95248], [71.548883, 20.9523297], [71.5486765, 20.9521794], [71.5482527, 20.9515507], [71.5479523, 20.9511625], [71.5479067, 20.9511224], [71.54783159999998, 20.9511199], [71.5477297, 20.9511875], [71.54759559999998, 20.9512251], [71.5470967, 20.9512376], [71.5465388, 20.95117], [71.54610829999999, 20.9510673], [71.5457421, 20.9509445], [71.5456, 20.9508619], [71.5454417, 20.9506014], [71.5453801, 20.9505638], [71.545195, 20.9505087], [71.5440309, 20.9501079], [71.543591, 20.9500027], [71.5429956, 20.9498023], [71.5425181, 20.9496821], [71.5422124, 20.9495769], [71.5419549, 20.9494216], [71.5414184, 20.9491034], [71.54108849999999, 20.9488379], [71.5408766, 20.9486225], [71.5407506, 20.9482242], [71.5405896, 20.9479136], [71.5402383, 20.9476406], [71.5401015, 20.9474352], [71.5400156, 20.9473826], [71.5396267, 20.94736], [71.5394363, 20.9472949], [71.53918149999998, 20.9471546], [71.5390474, 20.947102], [71.5383178, 20.9469367], [71.5381059, 20.9468114], [71.5373066, 20.9462804], [71.5371859, 20.9461977], [71.5370572, 20.9460299], [71.5369177, 20.9459848], [71.536231, 20.9457644], [71.53588229999998, 20.9454938], [71.5353298, 20.9451081], [71.5350884, 20.9450529], [71.53486849999999, 20.945098], [71.5344715, 20.9451582], [71.5322828, 20.9457994], [71.52687819999998, 20.9476998], [71.51953079495429, 20.95030852842983], [71.5089491712231, 20.945009940995103], [71.50476506126815, 20.935354302637542], [71.51796110035681, 20.926342373503818], [71.50573062510391, 20.91668673514626], [71.48438561300009, 20.917141018000052], [71.48072350400008, 20.90037669500009], [71.46225019600007, 20.885321356000077], [71.37810306100005, 20.859442450000074], [71.31861412900008, 20.849310614000043], [71.22390877240562, 20.804815985000044], [71.20511841757188, 20.799531656407865], [71.20222172606461, 20.790197872662226], [71.1552309527245, 20.778289252021235], [71.1468627328146, 20.76766804982792], [71.14366664545419, 20.758067608921934], [71.12396839477155, 20.754127958785407], [71.11011803500007, 20.75946686400005], [71.09599687880221, 20.756885713880976], [71.08326256600003, 20.75653717700004], [71.07038915291479, 20.73521763813008], [71.06234785200007, 20.73895905200004], [71.04714521710927, 20.733247813061816], [71.0278409314403, 20.73797539322565], [71.00766035200007, 20.74160390800006], [70.98568667497945, 20.745854693498703], [70.97071600446066, 20.743096938403134], [70.94353241851861, 20.744278833444092], [70.91634883257657, 20.74546072848505], [70.91477297252197, 20.740339183307565], [70.88325577142976, 20.73561160314373], [70.86867906592461, 20.719459037583974], [70.87261871606113, 20.704094402051517], [70.84017988400007, 20.70189036700009], [70.81967207100007, 20.702948309000078], [70.80160566500007, 20.709051825000074], [70.78516686300009, 20.72215403900009], [70.77458743600005, 20.727362372000073], [70.76319420700008, 20.724554755000042], [70.76319420700007, 20.72455475500004], [70.7578989372708, 20.72229869153773], [70.75753749999998, 20.7223808], [70.7566792, 20.722421], [70.7559442, 20.7223708], [70.7555097, 20.7223206], [70.7550055, 20.7221751], [70.75488479999999, 20.7220898], [70.75464069999998, 20.7218264], [70.7545254, 20.7217662], [70.75441, 20.7217888], [70.7541847, 20.7219644], [70.7540184, 20.7220221], [70.7537878, 20.7220045], [70.7533371, 20.7219493], [70.7530528, 20.7218038], [70.7529134, 20.7216784], [70.7528329, 20.7215128], [70.7526827, 20.7214024], [70.7524896, 20.7213171], [70.751819, 20.720981], [70.7512322, 20.720727], [70.75082659999998, 20.7205445], [70.7503492, 20.720276], [70.7499924, 20.7202359], [70.74962759999998, 20.7201757], [70.7490402, 20.7201631], [70.7486647, 20.7202284], [70.7484019, 20.7202284], [70.747565, 20.720123], [70.7472646, 20.7200477], [70.7470393, 20.7200979], [70.74655119999998, 20.7203638], [70.74628289999998, 20.7204893], [70.746004, 20.7205394], [70.74574649999998, 20.7207], [70.7455265, 20.7208004], [70.7452798, 20.7208054], [70.7449686, 20.7207151], [70.744561, 20.7205194], [70.74432489999998, 20.7205043], [70.7441264, 20.7204893], [70.74383679999998, 20.7205946], [70.7430273, 20.7210678], [70.74223279999998, 20.7214275], [70.741455, 20.7219092], [70.7409829, 20.7221952], [70.74082459999998, 20.7222629], [70.74040079999999, 20.7223281], [70.7399985, 20.7225489], [70.7397249, 20.7228299], [70.7393682, 20.7230632], [70.73912409999998, 20.7232363], [70.7386413, 20.7234395], [70.73828459999999, 20.7235173], [70.7379895, 20.7235499], [70.73725459999999, 20.7238559], [70.7369596, 20.7239161], [70.7365143, 20.7239563], [70.7363695, 20.7240366], [70.73621929999999, 20.724177], [70.7360369, 20.7242674], [70.7356292, 20.7243978], [70.7353342, 20.724443], [70.7350767, 20.7244179], [70.7350069, 20.7245283], [70.73498549999998, 20.7247992], [70.73494259999998, 20.7251303], [70.7347172, 20.7254314], [70.7342505, 20.7257826], [70.73289329999999, 20.7264875], [70.7324776, 20.7267057], [70.73213429999998, 20.7270193], [70.731968, 20.7271322], [70.7312304, 20.7275085], [70.730769, 20.727812], [70.7301897, 20.7279952], [70.7299737, 20.7281502], [70.7297659, 20.7282761], [70.7294306, 20.7283288], [70.7287735, 20.7284442], [70.72825309999999, 20.7286349], [70.72722319999998, 20.7288581], [70.7266921, 20.729114], [70.72628969999998, 20.7292645], [70.7257587, 20.729405], [70.7251739, 20.7294652], [70.7246321, 20.7294351], [70.7244497, 20.7294853], [70.7239509, 20.7298666], [70.7233286, 20.7300723], [70.722776, 20.730273], [70.7223254, 20.7303332], [70.72223419999999, 20.7304084], [70.7222182, 20.730569], [70.7219607, 20.7308148], [70.72146179999999, 20.7310406], [70.7209977, 20.7312463], [70.7203594, 20.7316125], [70.7193938, 20.7320339], [70.7182324, 20.7325708], [70.71745597326311, 20.732819582904636], [70.69857832100007, 20.74640534100007], [70.54151451900003, 20.807847398000035], [70.48414147200003, 20.84393952000005], [70.48414147200002, 20.843939520000053], [70.46306399800005, 20.848863023000035], [70.45142662900008, 20.85590241100005], [70.43421471450006, 20.87317536000006], [70.41700280000003, 20.890448309000075], [70.39877363400007, 20.903509833000044], [70.33668053500008, 20.927069403000075], [70.29997806100005, 20.95856354400007], [70.26351972700007, 20.980414130000042], [70.15219160200007, 21.078517971000053], [70.05762780000003, 21.149237372000073], [69.98380973597388, 21.23883387323697], [69.97120201900003, 21.25413646000004], [69.97059810872373, 21.25524687568096], [69.96615644600007, 21.263413804000038], [69.95826256600003, 21.27334219000005], [69.91163170700008, 21.315008856000077], [69.84498131600003, 21.389593817000048], [69.81470787900008, 21.433661200000074], [69.80860436300009, 21.46580638200004], [69.78874759200005, 21.469305731000077], [69.77149498800009, 21.47842031500005], [69.75635826900003, 21.49042389500005], [69.62973066500007, 21.616034247000073], [69.56820722700007, 21.650132554000038], [69.55274498800009, 21.665187893000052], [69.51978600400008, 21.704779364000046], [69.49935957100007, 21.72020091400009], [69.47852623800009, 21.75263092700004], [69.44629967500003, 21.76630280200004], [69.42741946700005, 21.78123607000009], [69.39771569100003, 21.815252997000073], [69.39177493600005, 21.832180080000057], [69.39519290500004, 21.861314195000087], [69.39087975400008, 21.876695054000034], [69.36784915500004, 21.856105861000056], [69.35547936300009, 21.853176174000055], [69.33619225400008, 21.862453518000052], [69.24390709700003, 21.94594961100006], [69.21225019600007, 21.96747467700004], [69.21225019453603, 21.967474678296153], [69.2015293125815, 21.976965904165038], [69.2008772, 21.9777301], [69.2002228, 21.978429], [69.1992652, 21.9794339], [69.1981092, 21.980476], [69.1977391, 21.9808317], [69.1972294, 21.9814784], [69.1969773, 21.9817097], [69.19676314819594, 21.981849140543627], [69.1966984, 21.9818913], [69.1960614, 21.9822083], [69.1953519, 21.9826449], [69.1945311, 21.9832244], [69.1943437, 21.9833415], [69.19428439999999, 21.9833786], [69.1939598, 21.9835925], [69.19386789999999, 21.9836511], [69.1935816, 21.9838338], [69.1931766, 21.9840974], [69.1928279, 21.9843163], [69.19249269999999, 21.9845426], [69.1921279, 21.9847839], [69.1918087, 21.9849953], [69.1915271, 21.9852415], [69.1911676, 21.9855922], [69.1909745, 21.9857787], [69.1907144, 21.9859653], [69.1899338, 21.9866293], [69.1892955, 21.987281], [69.18892, 21.9877237], [69.18825209999999, 21.9884076], [69.1877881, 21.9889622], [69.18743129999999, 21.9893005], [69.18702359999999, 21.9896984], [69.1866294, 21.9900839], [69.18625659999998, 21.9904445], [69.1856369, 21.9911658], [69.1850066, 21.9918472], [69.1846713, 21.9922626], [69.1842851, 21.992658], [69.1840142, 21.9929316], [69.1836736, 21.9932723], [69.1833195, 21.9936578], [69.18290909999999, 21.994088], [69.1822574, 21.9949187], [69.1819409, 21.9952197], [69.1815734, 21.9956176], [69.1810638, 21.9961846], [69.1806453, 21.9965402], [69.1802698, 21.9969033], [69.1799695, 21.9972241], [69.17967169999999, 21.9975847], [69.1793928, 21.9978981], [69.1790467, 21.9982562], [69.17863909999998, 21.9986715], [69.17818309999998, 21.9991963], [69.1778773, 21.9995046], [69.1774267, 21.9999125], [69.1769519, 22.0003104], [69.17660329999998, 22.0005728], [69.17653619999999, 22.0006374], [69.1764423, 22.0007754], [69.176386, 22.000947], [69.1762532, 22.0012741], [69.17619559999999, 22.0013623], [69.1757181, 22.0018473], [69.1753211, 22.0022228], [69.175002, 22.0025113], [69.17422409999999, 22.0034836], [69.1729367, 22.0047793], [69.17197369999998, 22.0058311], [69.171448, 22.0063236], [69.1707104, 22.0070423], [69.17006129999999, 22.0077485], [69.1696858, 22.0081638], [69.1691065, 22.0088079], [69.16863979999998, 22.0093525], [69.1683099, 22.0097528], [69.1678646, 22.0102178], [69.167583, 22.0105262], [69.1670009, 22.0111926], [69.1665852, 22.011675], [69.16621509999999, 22.0120282], [69.1659361, 22.0123042], [69.1654587, 22.0127468], [69.1648686, 22.0134854], [69.1642329, 22.0141194], [69.16363749999998, 22.0146789], [69.1630447, 22.0153056], [69.1627309, 22.015696], [69.1623352, 22.0161821], [69.1622769, 22.0162616], [69.1611108, 22.0174416], [69.1602311, 22.0184039], [69.1599306, 22.0187023], [69.1596436, 22.0190653], [69.1593915, 22.0194408], [69.1591153, 22.0198212], [69.1586298, 22.0203235], [69.158316, 22.0206542], [69.15798069999998, 22.0210595], [69.1577232, 22.021343], [69.157294, 22.0219273], [69.15690779999998, 22.0223799], [69.1564786, 22.0229543], [69.1557571, 22.023822], [69.1550115, 22.0246824], [69.15458769999998, 22.0252269], [69.1542336, 22.0257292], [69.1538769, 22.0260872], [69.1534424, 22.0264328], [69.15226219999998, 22.0273926], [69.1515005, 22.0280391], [69.1507816, 22.028693], [69.15014859999998, 22.0293618], [69.1497199, 22.0298391], [69.14913479999998, 22.030431], [69.1485903, 22.0309879], [69.1482389, 22.0313683], [69.1476381, 22.0320769], [69.1469595, 22.0329944], [69.146753, 22.0332231], [69.146533, 22.0334245], [69.1459107, 22.0338845], [69.1454446, 22.0343485], [69.1451686, 22.0346061], [69.1449156, 22.0348691], [69.14472249999999, 22.0350704], [69.1443577, 22.0354583], [69.1440386, 22.0357865], [69.1435584, 22.036239], [69.1430542, 22.0367536], [69.1425365, 22.0373205], [69.1421717, 22.0377457], [69.1417667, 22.03811359999999], [69.1412222, 22.038591], [69.1404068, 22.0394139], [69.1398302, 22.0401051], [69.13932049999998, 22.0407067], [69.1388405, 22.0411095], [69.13830669999999, 22.0416092], [69.1379178, 22.0420716], [69.1376227, 22.0425241], [69.1375034, 22.0427706], [69.1374591, 22.0428622], [69.1373062, 22.0430984], [69.13715059999998, 22.0432899], [69.1368824, 22.0435509], [69.1362441, 22.0440506], [69.13586319999999, 22.0443738], [69.1355976, 22.0446647], [69.13512559999998, 22.0451743], [69.1346455, 22.0457039], [69.1340929, 22.0464099], [69.1334841, 22.0471284], [69.1330844, 22.0475088], [69.13255069999998, 22.0479911], [69.1320813, 22.0484783], [69.1314268, 22.0492092], [69.1304693, 22.0502012], [69.1301662, 22.0505045], [69.1298658, 22.0507928], [69.1295439, 22.0511334], [69.12912819999998, 22.0516008], [69.1288197, 22.0519513], [69.1284871, 22.0523143], [69.1278166, 22.0530675], [69.127425, 22.0535473], [69.12708159999998, 22.0538481], [69.1265666, 22.0542633], [69.1262394, 22.0546188], [69.1256279, 22.0553446], [69.1252094, 22.0558244], [69.124724, 22.0563589], [69.1241553, 22.0570947], [69.1237986, 22.0575571], [69.1235787, 22.0578405], [69.1233051, 22.0581189], [69.1228008, 22.0584694], [69.1221424, 22.0590999], [69.12207129999999, 22.059168], [69.1215375, 22.0597521], [69.12080529999999, 22.0604606], [69.1199604, 22.0614052], [69.11933264906713, 22.062066743029387], [69.1188848, 22.0625387], [69.1186166, 22.0629887], [69.11850659999999, 22.0631378], [69.1183376, 22.0632944], [69.118107, 22.0635206], [69.1172567, 22.064326], [69.1168088, 22.0648157], [69.1166157, 22.0650022], [69.1162884, 22.0653129], [69.1157815, 22.065805], [69.1154784, 22.0660835], [69.1149929, 22.0665433], [69.1146174, 22.0669261], [69.114258, 22.0673064], [69.1140193, 22.0675898], [69.1134292, 22.0682237], [69.11302149999999, 22.0687133], [69.112713, 22.0690241], [69.11231609999999, 22.0694615], [69.111962, 22.0699537], [69.1117743, 22.070242], [69.1113746, 22.0707168], [69.1107899, 22.0712736], [69.11047339999999, 22.0715843], [69.1101086, 22.0719969], [69.11005729999998, 22.0720612], [69.1097438, 22.0724543], [69.1094005, 22.0728395], [69.1089865, 22.073415], [69.108848, 22.0736076], [69.108451, 22.0741345], [69.1080487, 22.0747882], [69.1076383, 22.0752804], [69.10686579999998, 22.0761578], [69.1064948, 22.0765893], [69.1062355, 22.076891], [69.1056937, 22.0775149], [69.10534769999998, 22.0778853], [69.1050473, 22.0782606], [69.1048854, 22.0784645], [69.1047415, 22.0786458], [69.10430969999999, 22.0792374], [69.10394759999998, 22.0796798], [69.1036123, 22.0800924], [69.1031805, 22.080587], [69.1027862, 22.0811065], [69.1021606, 22.0818991], [69.1019171, 22.0822075], [69.1015243, 22.0828289], [69.1011581, 22.083408], [69.10085229999999, 22.0839101], [69.10051429999999, 22.0844544], [69.1004791, 22.0845076], [69.0998921, 22.0853963], [69.0992212, 22.0862662], [69.0989171, 22.0866446], [69.09806279999998, 22.0877077], [69.0974137, 22.0885155], [69.09712274769882, 22.088871442799082], [69.09205162900008, 22.09959544500009], [69.04818769600007, 22.157904364000046], [69.01254316500007, 22.185614325000074], [68.99415123800009, 22.203924872000073], [68.98047936300009, 22.235541083000044], [68.95329837300005, 22.27602773600006], [68.94459069100003, 22.295070705000057], [68.94402103000004, 22.318264065000047], [68.95142662900008, 22.334865627000056], [68.96062259200005, 22.34951406500005], [68.96501712300005, 22.36676666900007], [68.96762129000007, 22.387193101000037], [68.97437584700003, 22.404730536000045], [68.98324629000007, 22.419378973000047], [68.98808841250008, 22.425482489000046], [68.99293053500008, 22.431586005000042], [69.00021406350007, 22.43738434450006], [69.00749759200005, 22.443182684000075], [69.04753665500004, 22.464016018000052], [69.07357832100007, 22.48187897300005], [69.08139082100006, 22.48053620000007], [69.08521569100003, 22.47288646000004], [69.08228600400008, 22.459540106000077], [69.07447350400007, 22.449448960000037], [69.0672126060024, 22.446458238000044], [69.05600019600007, 22.44183991100004], [69.05209394600007, 22.436712958000044], [69.04818769600007, 22.431586005000042], [69.04999588327154, 22.42851835781792], [69.06226647200003, 22.40770091400009], [69.07178795700008, 22.39948151200008], [69.08855228000003, 22.396877346000053], [69.09742272200003, 22.398871161000045], [69.11378014400003, 22.40786367400005], [69.12273196700005, 22.411078192000048], [69.13200931100005, 22.410467841000067], [69.13982181100003, 22.40713125200006], [69.14698326900003, 22.404852606000077], [69.15463300900007, 22.40770091400009], [69.16879316500007, 22.42064036700009], [69.17603319734994, 22.42582905691258], [69.17855879000007, 22.427639065000047], [69.18824303500008, 22.426418361000056], [69.20215905000003, 22.414862372000066], [69.20573978000004, 22.39866771000004], [69.18213951900003, 22.366441148000035], [69.18531334700003, 22.349676825000074], [69.16968834700003, 22.32794830900007], [69.17383873800009, 22.308294989000046], [69.19044030000003, 22.292303778000075], [69.21208743600005, 22.281398830000057], [69.21208743600005, 22.273911851000037], [69.28646894600007, 22.28461334800005], [69.33570397200003, 22.30613841400009], [69.34644616000008, 22.32489655200004], [69.35987389400003, 22.32916901200008], [69.43539472700007, 22.33038971600007], [69.46892337300005, 22.337836005000042], [69.47707261959218, 22.341169787352], [69.47966556100003, 22.34223053600004], [69.48384017915015, 22.34613678650005], [69.48536217500003, 22.34756094000005], [69.50001061300009, 22.36676666900007], [69.50269616000008, 22.372259833000044], [69.50855553500008, 22.374253648000032], [69.51275975265726, 22.374850542835738], [69.51514733200007, 22.37518952000005], [69.51832938986499, 22.37683541253381], [69.51986738400007, 22.37763092700004], [69.52564537900008, 22.39207591400009], [69.52279707100006, 22.403876044000068], [69.51750473229976, 22.41490174939992], [69.51693769600007, 22.416083075000078], [69.51368248800009, 22.431586005000046], [69.51482181100008, 22.43986644100005], [69.51596113400007, 22.448146877000053], [69.52198326900003, 22.448919989000046], [69.53077233200008, 22.446112372000073], [69.54102623800007, 22.45209381700004], [69.54786217500002, 22.45209381700004], [69.55982506600003, 22.411525783000055], [69.56169681100003, 22.39158763200004], [69.55547776074918, 22.379185689562753], [69.55469811300009, 22.37763092700004], [69.56902103000004, 22.37055084800005], [69.60108483200008, 22.363836981000077], [69.61605879000007, 22.355902411000045], [69.61744225400008, 22.365057684000078], [69.61988366000008, 22.371039130000042], [69.62973066500007, 22.38377513200004], [69.64039147200003, 22.37596263200004], [69.64722741000008, 22.38043854400007], [69.65235436300009, 22.389878648000035], [69.65772545700008, 22.396877346000053], [69.66130618600005, 22.400213934000078], [69.66521243600005, 22.40497467700004], [69.66839633962411, 22.408189194250067], [69.66944420700008, 22.409247137000076], [69.67465254000007, 22.411078192000048], [69.68083743600005, 22.40961334800005], [69.69450931100005, 22.403957424000055], [69.69817142000005, 22.404201564750082], [69.69939212300005, 22.404282945000094], [69.70899498800007, 22.41889069200004], [69.72535241000008, 22.464544989000046], [69.73340905000003, 22.48004791900006], [69.74219811300007, 22.47296784100007], [69.78874759200005, 22.423163153000075], [69.79493248800009, 22.41860586100006], [69.80697675900007, 22.420965887000083], [69.80998782650005, 22.42523834800008], [69.81299889400003, 22.429510809000078], [69.81333134079043, 22.430487371500075], [69.81690514400003, 22.44098541900007], [69.82111776665634, 22.44969788783595], [69.82227623800009, 22.45209381700004], [69.82578251286651, 22.4558338435668], [69.83326256600003, 22.463812567000048], [69.8379234328761, 22.46521082728105], [69.84180748800009, 22.466376044000068], [69.85108483200007, 22.465236721000053], [69.85108483200008, 22.465236721000053], [69.86378014400002, 22.465765692000048], [69.87633855530444, 22.47043858917394], [69.88477623800009, 22.473578192000048], [69.90528405000003, 22.486395575000074], [69.92176317056874, 22.500596421500074], [69.96208743600005, 22.53534577000005], [69.97299238400007, 22.541449286000045], [69.97388756600003, 22.539984442000048], [69.99626712300005, 22.541449286000045], [70.00269616000008, 22.54315827000005], [70.02084394600007, 22.55512116100004], [70.05909264400003, 22.558417059000078], [70.14470462199824, 22.54779694212432], [70.14470462300005, 22.547796942000048], [70.17847741000008, 22.56195709800005], [70.18970787900008, 22.577785549000055], [70.20728600400008, 22.614976304000038], [70.23487389400003, 22.648871161000045], [70.26726321700005, 22.705959377000056], [70.31910241000007, 22.778265692000048], [70.32284018818218, 22.78673066145455], [70.32325280000003, 22.787665106000077], [70.32154381600003, 22.81171295800004], [70.32154381600003, 22.811712958000044], [70.32156559808557, 22.811957098750053], [70.32252037900008, 22.822658596000053], [70.32486412864004, 22.825588283250067], [70.32545006600003, 22.826320705000057], [70.34294681100005, 22.84316640800006], [70.37525475400008, 22.902655341000067], [70.3752547546773, 22.902655341509092], [70.38518790343173, 22.910121486377495], [70.37124453925493, 22.93876652893645], [70.37059602198266, 22.938761501683462], [70.3691898, 22.9383254], [70.3592749, 22.9339584], [70.3543175, 22.9323704], [70.34900623745986, 22.93201249740159], [70.3458007466297, 22.93179649348753], [70.3454803, 22.9317749], [70.33664309999999, 22.9341569], [70.32478829999998, 22.9375314], [70.3144423, 22.9418983], [70.31330201593146, 22.942662008254764], [70.3097004, 22.9450742], [70.3068984, 22.9496393], [70.3004321, 22.9486469], [70.29703701381264, 22.947628988850322], [70.29363040666759, 22.951402083153077], [70.29363040500004, 22.95140208500004], [70.29175866000008, 22.95302969000005], [70.26929772200003, 22.95856354400007], [70.26929772160497, 22.958563544478533], [70.26634353809371, 22.962141388977187], [70.2652931, 22.9623646], [70.26454209999999, 22.9632932], [70.26366229999998, 22.9637081], [70.2621174, 22.9637081], [70.2547374, 22.9706766], [70.2521609, 22.9728555], [70.2499293, 22.9741198], [70.2470111, 22.9762534], [70.2419471, 22.9802044], [70.2369689, 22.9817058], [70.23465149999998, 22.9862888], [70.2329778, 22.990595], [70.2327638767184, 22.993070793730297], [70.23194420700621, 22.97492096613564], [70.22505789613093, 22.963999020454565], [70.2236062, 22.9626412], [70.2233648, 22.9615743], [70.222485, 22.9603691], [70.2211547, 22.9592429], [70.21795859999999, 22.9578798], [70.2160692, 22.9574055], [70.2135801, 22.9567337], [70.211606, 22.9559433], [70.21104809999999, 22.9557853], [70.20997519999999, 22.9554691], [70.2083444, 22.955074], [70.2077436, 22.9549554], [70.20435329999998, 22.954007], [70.2030658, 22.9536909], [70.2017784, 22.9534933], [70.2012205, 22.9534933], [70.19722929999999, 22.9526239], [70.19613607882467, 22.952469097218444], [70.17847752958984, 22.953029686203546], [70.17847741000008, 22.953029690000047], [70.17847740136001, 22.953029688646787], [70.17625824266274, 22.952682109514353], [70.1754283, 22.9520707], [70.174055, 22.950648], [70.173025, 22.9507271], [70.17208089999998, 22.9504109], [70.1711368, 22.9499367], [70.17036429999999, 22.9492254], [70.1677035, 22.9459848], [70.1669311, 22.9451944], [70.1660728, 22.9444831], [70.1652145, 22.9439298], [70.1640987, 22.9440879], [70.1630687, 22.9445621], [70.1621245, 22.9451154], [70.1613521, 22.9458267], [70.1604079, 22.946301], [70.1582622, 22.9466962], [70.1572322, 22.9467752], [70.1562022, 22.9471704], [70.14963619999999, 22.9513396], [70.1488209, 22.9517545], [70.14770509999998, 22.9520706], [70.1460957, 22.9522485], [70.144937, 22.9522485], [70.1428556, 22.9515174], [70.139637, 22.9499762], [70.1391649, 22.9489882], [70.1384997, 22.9474075], [70.1380491, 22.9459057], [70.1385641, 22.9420328], [70.1402378, 22.938792], [70.1412677, 22.9328636], [70.1407527, 22.9274093], [70.1388216, 22.92235], [70.1363754, 22.9177649], [70.1339292, 22.9144445], [70.1136302, 22.9065385], [70.104618, 22.903297], [70.0788688, 22.8995809], [70.06530749999999, 22.8970507], [70.0482272, 22.8929392], [70.0399875, 22.8919113], [70.03046029999999, 22.891674], [70.0175856, 22.8905671], [70.002651, 22.8855065], [69.9926948, 22.8815526], [69.986, 22.8798129], [69.9700355, 22.8751472], [69.95784749999999, 22.8703232], [69.9496936, 22.8684252], [69.92351519999998, 22.8607538], [69.9112414, 22.8578275], [69.90441789999998, 22.8564829], [69.89746569999998, 22.8564038], [69.8921442, 22.8584206], [69.88725179999999, 22.8601211], [69.88467689999999, 22.8598838], [69.8817157, 22.8575902], [69.8787546, 22.8564434], [69.87635129999998, 22.8562852], [69.8740768, 22.8560875], [69.8720169, 22.8577879], [69.87064359999998, 22.8579856], [69.8698711, 22.8573529], [69.8703861, 22.8553756], [69.8696994, 22.8535961], [69.86785409999999, 22.8522119], [69.8661375, 22.8496314], [69.8659658, 22.8494732], [69.8656976, 22.8494732], [69.8638844, 22.8504224], [69.8620605, 22.852726], [69.8609447, 22.8541102], [69.8596572, 22.8541893], [69.85845559999998, 22.8515792], [69.85639559999998, 22.8496018], [69.8492717, 22.8488109], [69.84755509999998, 22.8465962], [69.844551, 22.8453306], [69.84086029999999, 22.8435114], [69.8376845, 22.8409011], [69.83304969999999, 22.8405847], [69.8304748, 22.8399519], [69.82867229999998, 22.8378161], [69.82378, 22.8378161], [69.8209476, 22.8363923], [69.818201, 22.8329117], [69.81073369999999, 22.8300639], [69.799919, 22.8228651], [69.7901343, 22.817169], [69.78481279999998, 22.8113144], [69.7758864, 22.8034024], [69.7671316, 22.796756], [69.7589778, 22.7857965], [69.7574148, 22.7854297], [69.7542572, 22.7846886], [69.7494077, 22.7830466], [69.7483778, 22.7838379], [69.74788429999998, 22.7854601], [69.7472405, 22.7856184], [69.74640450654654, 22.784882701157073], [69.72885175900007, 22.754828192000048], [69.71583092500003, 22.746893622000073], [69.71583092500002, 22.746893622000073], [69.70460045700013, 22.74836123987931], [69.69434655000003, 22.749701239000046], [69.69434655000002, 22.74970123900005], [69.69189961398021, 22.750352281250105], [69.65381920700008, 22.76048411700009], [69.58570397200003, 22.76117584800005], [69.57569420700008, 22.76434967700004], [69.55697675900007, 22.778509833000044], [69.54444420700007, 22.781683661000045], [69.53972415500003, 22.781518345175723], [69.51075280000003, 22.780503648000035], [69.50001061300009, 22.781683661000045], [69.48943118600005, 22.784735419000068], [69.48259524800005, 22.78847890800005], [69.47730553500007, 22.79205963700008], [69.47217858200007, 22.794663804000034], [69.42465254000007, 22.804266669000068], [69.40593509200005, 22.813666083000044], [69.37256920700008, 22.81899648600006], [69.33814537900008, 22.83307526200008], [69.23878014400003, 22.841945705000057], [69.20191491000008, 22.85224030200004], [69.13559004000007, 22.888373114000046], [69.03988691500007, 22.950506903000075], [68.86622155000003, 23.019964911000045], [68.69125410200007, 23.130519924000055], [68.66665368834413, 23.149591787672083], [68.66065514400003, 23.154242255000042], [68.65735924550003, 23.156012274500057], [68.65406334700003, 23.15778229400007], [68.65064537900008, 23.162054755000042], [68.65113366000008, 23.17145416900007], [68.64966881600003, 23.180853583000044], [68.62256920700008, 23.191555080000057], [68.60914147200003, 23.206773179000038], [68.59994550900007, 23.225043036000045], [68.59994550295409, 23.225043057916732], [68.59588681036006, 23.23975585231281], [68.59613333959304, 23.239832477939512], [68.59831790368843, 23.236965237721556], [68.59831790500004, 23.23696523600006], [68.60938561300009, 23.226711330000057], [68.62012780000003, 23.245428778000075], [68.62033542017998, 23.24614998495509], [68.62322024800004, 23.25617096600007], [68.62305748800007, 23.267645575000067], [68.60531660200007, 23.259588934000078], [68.57781009200005, 23.25527578300006], [68.55225670700008, 23.259711005000042], [68.54102623800009, 23.278225002000056], [68.56104576900003, 23.316107489000046], [68.56853274800005, 23.318426825000074], [68.59913170700008, 23.32225169500009], [68.60694420700007, 23.325588283000055], [68.60303795700007, 23.332831122000073], [68.59205162900007, 23.34007396000004], [68.57837975400007, 23.34341054900005], [68.57105553500008, 23.346380927000038], [68.56666100400007, 23.352972723000047], [68.56373131600003, 23.359930731000077], [68.56104576900003, 23.36391836100006], [68.55518639400003, 23.36395905200004], [68.54851321700005, 23.36151764500005], [68.54314212300005, 23.358587958000044], [68.54102623800009, 23.35700104400007], [68.52947024800005, 23.363104559000078], [68.52068118600005, 23.369208075000074], [68.51514733200008, 23.377020575000074], [68.51319420700008, 23.38808828300006], [68.51327233199848, 23.388537501750854], [68.51514733200008, 23.399318752000056], [68.52076256600003, 23.407538153000075], [68.52955162900008, 23.411932684000078], [68.54102623800007, 23.41168854400007], [68.53638756600003, 23.42133209800005], [68.53012129000007, 23.425685940000047], [68.52214603000004, 23.42475006700004], [68.51319420700008, 23.41852448100007], [68.50147545700008, 23.423285223000047], [68.49642988400007, 23.41787344000005], [68.49048912900008, 23.409328518000052], [68.47535241000008, 23.404852606000077], [68.46257571700005, 23.409125067000048], [68.45883222700007, 23.41982656500005], [68.45893382269068, 23.420421625422694], [68.46111087300005, 23.43317291900007], [68.46550540500004, 23.445786851000037], [68.45191491000008, 23.43773021000004], [68.44499759400007, 23.43564520403279], [68.44044030000003, 23.43427155200004], [68.43331454444656, 23.436007312334976], [68.43091881600003, 23.436590887000083], [68.42367597700007, 23.44578685100004], [68.43295332100007, 23.46588776200008], [68.4453562432244, 23.484352787443967], [68.44743899800005, 23.48745351800005], [68.46558678500008, 23.50527578300006], [68.48585045700008, 23.51410553600005], [68.48129316500007, 23.525132554000038], [68.47559655000003, 23.52411530200004], [68.46802819100003, 23.51984284100007], [68.45866946700005, 23.52147044500009], [68.45639082100004, 23.523871161000073], [68.45411217500003, 23.526271877000056], [68.45265378116784, 23.52843006479201], [68.44402103000003, 23.54120514500005], [68.44402102841526, 23.54120514680709], [68.43941591158455, 23.5464561028315], [68.43823915288651, 23.54514221864171], [68.44141686293833, 23.53204987225454], [68.44141686300009, 23.532049872000073], [68.44743899800005, 23.51634349200009], [68.44695071700005, 23.50299713700008], [68.43116295700008, 23.493597723000054], [68.42465254033341, 23.49396393400006], [68.41163170700008, 23.494696356000077], [68.40609785200007, 23.508734442000048], [68.41081790500004, 23.54881419500009], [68.40495853000004, 23.597601630000042], [68.40886478000004, 23.62132396000004], [68.42750084700003, 23.63141510600007], [68.47152754000007, 23.618638414000085], [68.49146569100003, 23.618841864000046], [68.49268639400002, 23.637600002000053], [68.48617597700006, 23.641424872000066], [68.47689863400007, 23.63934967700004], [68.46876061300009, 23.64081452000005], [68.46550540500004, 23.65525950700004], [68.46941165500004, 23.65924713700008], [68.48894290500004, 23.66478099200009], [68.50473066500007, 23.67422109600005], [68.517100458, 23.67532179768757], [68.52393639400002, 23.675930080000057], [68.53353925900007, 23.679185289000092], [68.53882897200002, 23.684027411000038], [68.55469811300009, 23.706488348000054], [68.56910241000008, 23.72089264500005], [68.58350670700008, 23.735296942000048], [68.60173587300005, 23.74868398600006], [68.63786868600003, 23.761542059000075], [68.63786868600005, 23.761542059000078], [68.65455162900008, 23.79905833500004], [68.67074629000007, 23.815741278000075], [68.68018639400003, 23.817775783000055], [68.71558678500007, 23.815741278000075], [68.71558678500008, 23.815741278000075], [68.72559655000003, 23.818915106000077], [68.74179986934884, 23.830662512320558], [68.74512780000003, 23.83307526200008], [68.75652103000004, 23.83624909100007], [68.76880944100003, 23.841131903000075], [68.82162519600007, 23.87840403900009], [68.80567467500003, 23.884426174000055], [68.78003991000008, 23.87409088700008], [68.76693769600007, 23.87840403900009], [68.74024498800009, 23.853461005000042], [68.71778405000003, 23.841009833000044], [68.69190514400003, 23.83665599200009], [68.65406334700003, 23.83624909100007], [68.63347415500004, 23.83307526200008], [68.62305748800009, 23.82440827000005], [68.60938561300009, 23.79523346600007], [68.59888756600003, 23.78188711100006], [68.58773847700007, 23.77570221600007], [68.55469811300009, 23.76854075700004], [68.53834069100003, 23.76129791900007], [68.52475019600007, 23.752020575000074], [68.51002037900008, 23.744086005000042], [68.47282962300005, 23.737494208000044], [68.44971764400003, 23.72333405200004], [68.42774498800009, 23.71430084800005], [68.41081790500004, 23.700506903000075], [68.34197024800005, 23.623968817000048], [68.35157311300009, 23.61782461100006], [68.35303795700008, 23.610663153000075], [68.34888756600003, 23.60342031500005], [68.34197024800005, 23.596625067000048], [68.32732181100005, 23.58690013200004], [68.31763756600003, 23.58612702000005], [68.30811608200008, 23.589056708000044], [68.29411868600005, 23.590399481000077], [68.23080488400007, 23.58808014500005], [68.18140709700003, 23.59406159100007], [68.15739993600005, 23.600816148000035], [68.14340254000007, 23.61269765800006], [68.15007571700005, 23.631415106000077], [68.15414472700007, 23.63231028900009], [68.17432701900003, 23.631415106000077], [68.17823326900003, 23.63434479400007], [68.18189537900008, 23.64785390800006], [68.18425540500004, 23.65192291900007], [68.19809004000007, 23.659084377000056], [68.20932050900007, 23.66274648600006], [68.22006269600007, 23.65924713700008], [68.23267662900008, 23.645005601000037], [68.24512780000003, 23.659125067000048], [68.26189212300005, 23.661444403000075], [68.27588951900003, 23.665838934000078], [68.28044681100005, 23.685980536000045], [68.25896243600005, 23.674709377000056], [68.24097741000008, 23.67401764500005], [68.22486412900008, 23.68187083500004], [68.20875084700003, 23.696234442000048], [68.19752037900008, 23.714544989000046], [68.19581139400003, 23.73346588700008], [68.19792728000004, 23.75340403900009], [68.19776451900003, 23.77480703300006], [68.17823326900003, 23.754299221000053], [68.16814212300005, 23.74746328300006], [68.16374759200005, 23.75771719000005], [68.16602623800009, 23.773179429000038], [68.17562910200007, 23.79824453300006], [68.17969811300009, 23.827460028000075], [68.18246504000007, 23.835760809000078], [68.18303470100005, 23.84210846600007], [68.18311608200008, 23.843451239000046], [68.15748131600003, 23.905096747000073], [68.15642337300005, 23.87400950700004], [68.15748131600003, 23.864162502000056], [68.16016686300009, 23.857855536000045], [68.16871178500008, 23.84479401200008], [68.17058353000004, 23.839911200000074], [68.16675866000008, 23.820013739000046], [68.14869225400008, 23.780910549000055], [68.14332116000008, 23.76113515800006], [68.14421634200005, 23.74315013200004], [68.15479576900003, 23.71430084800005], [68.15748131600003, 23.696234442000048], [68.14909915500004, 23.694525458000044], [68.13038170700008, 23.708197333000044], [68.10222415500004, 23.73383209800005], [68.09888756600003, 23.70929596600007], [68.08171634200005, 23.708685614000046], [68.06275475400008, 23.723130601000037], [68.05388431100005, 23.74371979400007], [68.05697675900007, 23.75096263200004], [68.07105553500008, 23.760646877000056], [68.07439212300005, 23.764837958000044], [68.07325280000003, 23.78343333500004], [68.07439212300005, 23.788397528000075], [68.08171634200005, 23.80565013200004], [68.08822675900007, 23.809515692000048], [68.10222415500004, 23.809515692000048], [68.10222415500004, 23.815741278000075], [68.08838951900003, 23.82607656500005], [68.07252037900008, 23.841864325000074], [68.05941816500007, 23.861883856000077], [68.05388431100005, 23.88467031500005], [68.06169681100005, 23.911281643000052], [68.06373131600003, 23.923163153000075], [68.04769941500007, 23.921210028000075], [68.02418053500008, 23.935248114000046], [68.01351972700007, 23.939276434000078], [68.04151451900003, 23.85224030200004], [68.05388431100005, 23.829413153000075], [68.03565514400003, 23.79242584800005], [68.02442467500003, 23.774603583000044], [68.01351972700007, 23.76854075700004], [68.00798587300005, 23.774237372000073], [68.00342858200008, 23.785305080000057], [68.00033613400007, 23.797308661000045], [67.99927819100003, 23.805812893000052], [67.99415123800009, 23.81118398600006], [67.98316491000008, 23.80963776200008], [67.97339928500008, 23.805243231000077], [67.97193444100003, 23.802069403000075], [67.96192467500003, 23.80467357000009], [67.95085696700005, 23.80890534100007], [67.94166100400008, 23.81586334800005], [67.93775475400008, 23.826320705000057], [67.93425540500004, 23.83299388200004], [67.92603600400008, 23.834051825000074], [67.91675866000008, 23.833644924000055], [67.90992272200003, 23.83624909100007], [67.90463300900007, 23.846258856000077], [67.90593509200005, 23.85927969000005], [67.89991295700008, 23.867580471000053], [67.89193769600007, 23.869574286000045], [67.88347415500004, 23.86481354400007], [67.86890709700003, 23.850490627000056], [67.86451256600003, 23.865790106000077], [67.86329186300009, 23.902818101000037], [67.85523522200003, 23.911932684000078], [67.84913170700008, 23.889471747000073], [67.83904056100005, 23.823391018000052], [67.83171634200005, 23.809515692000048], [67.80258222700007, 23.81281159100007], [67.77320397200003, 23.821112372000073], [67.71859785200007, 23.843695380000042], [67.73072350400008, 23.835598049000055], [67.74105879000007, 23.823065497000073], [67.74366295700008, 23.80878327000005], [67.73226972700007, 23.79523346600007], [67.71566816500007, 23.79169342700004], [67.69361412900008, 23.793443101000037], [67.65658613400007, 23.802069403000075], [67.64649498800009, 23.802883205000057], [67.63770592500003, 23.80174388200004], [67.63160241000008, 23.80345286700009], [67.62924238400007, 23.812648830000057], [67.63070722700007, 23.824774481000077], [67.63428795700008, 23.83307526200008], [67.63884524800005, 23.840643622000073], [67.64291425900007, 23.850490627000056], [67.65105228000004, 23.907049872000073], [67.65658613400007, 23.91937897300005], [67.65658613400007, 23.925604559000078], [67.65202884200005, 23.92527903900009], [67.65105228000004, 23.926906643000052], [67.65121504000007, 23.929754950000074], [67.65040123800009, 23.93305084800005], [67.63803144600007, 23.91592031500005], [67.63738040500004, 23.874253648000035], [67.62924238400007, 23.856675523000035], [67.61451256600003, 23.850083726000037], [67.59961998800009, 23.85423411700009], [67.58936608200008, 23.866522528000075], [67.58838951900003, 23.88467031500005], [67.57455488400007, 23.87177155200004], [67.56609134200005, 23.87645091400009], [67.55811608200008, 23.88865794500009], [67.54664147200003, 23.898260809000078], [67.53256269600007, 23.89915599200009], [67.53012129000007, 23.89126211100006], [67.53589928500008, 23.880031643000052], [67.54664147200003, 23.87099844000005], [67.49105879000007, 23.88312409100007], [67.47852623800009, 23.891506252000056], [67.48804772200003, 23.893052476000037], [67.49529056100005, 23.892279364000046], [67.50261478000004, 23.89288971600007], [67.51254316500007, 23.898260809000078], [67.52051842500003, 23.907049872000073], [67.53223717500003, 23.92914459800005], [67.54053795700008, 23.939276434000078], [67.53052819100003, 23.935492255000042], [67.51986738400007, 23.928290106000077], [67.50904381600003, 23.92324453300006], [67.49887129000007, 23.925604559000078], [67.49691816500007, 23.935614325000074], [67.49976647200003, 23.951646226000037], [67.50635826900003, 23.97402578300006], [67.46363366000008, 23.98200104400007], [67.45118248800009, 23.98769765800006], [67.46810957100007, 24.021958726000037], [67.47820071700005, 24.032416083000044], [67.49219811300009, 24.02802155200004], [67.51986738400007, 24.045070705000057], [67.52979576900003, 24.05491771000004], [67.53305097700007, 24.070257880000042], [67.50977623800009, 24.052069403000075], [67.48910566500007, 24.05410390800006], [67.46729576900003, 24.064154364000046], [67.44068444100003, 24.070257880000042], [67.38355553500008, 24.066799221000053], [67.35401451900003, 24.070868231000077], [67.34131920700008, 24.086371161000045], [67.33708743600005, 24.118963934000078], [67.32642662900008, 24.143784898000035], [67.30030358200008, 24.18626536700009], [67.29558353000004, 24.19920482000009], [67.29330488400007, 24.212225653000075], [67.29232832100007, 24.261867580000057], [67.28842207100007, 24.269964911000045], [67.27914472700007, 24.28123607000009], [67.28386478000004, 24.287909247000073], [67.28931725400008, 24.298651434000078], [67.29281660200007, 24.30296458500004], [67.28598066500007, 24.32957591400009], [67.30591881600003, 24.34284088700008], [67.33643639400003, 24.34642161700009], [67.36247806100005, 24.34393952000005], [67.34253991000008, 24.35382721600007], [67.32536868600005, 24.35761139500005], [67.28296959700003, 24.35761139500005], [67.27165774800005, 24.369086005000042], [67.27361087300005, 24.395086981000077], [67.28663170700008, 24.439520575000074], [67.28052819100003, 24.43231842700004], [67.27361087300005, 24.426947333000044], [67.25879967500003, 24.419094143000052], [67.25684655000003, 24.444973049000055], [67.24683678500008, 24.467962958000044], [67.23072350400008, 24.488836981000077], [67.21094811300009, 24.50844961100006], [67.23080488400007, 24.525091864000046], [67.22673587300005, 24.532375393000052], [67.20411217500003, 24.535101630000042], [67.19459069100003, 24.547267971000053], [67.18864993600005, 24.561346747000073], [67.18523196700005, 24.576117255000042], [67.18360436300009, 24.590318101000037], [67.19947350400008, 24.584784247000073], [67.21810957100007, 24.582424221000053], [67.23666425900007, 24.58397044500009], [67.25261478000004, 24.590318101000037], [67.22388756600003, 24.607163804000038], [67.20899498800009, 24.613755601000037], [67.19044030000003, 24.617661851000037], [67.17269941500007, 24.61587148600006], [67.15992272200003, 24.612250067000048], [67.15211022200003, 24.615708726000037], [67.14958743600005, 24.63507721600007], [67.15699303500008, 24.662909247000073], [67.17554772200003, 24.688706773000035], [67.19996178500008, 24.710638739000046], [67.22461998800009, 24.726955471000053], [67.25294030000003, 24.740383205000057], [67.25554446700005, 24.747992255000042], [67.24512780000003, 24.761664130000042], [67.23267662900008, 24.770738023000035], [67.22380618600005, 24.76972077000005], [67.21265709700003, 24.76471588700008], [67.17603600400008, 24.75771719000005], [67.16732832100007, 24.760158596000053], [67.16163170700008, 24.781398830000057], [67.15601647200003, 24.791571356000077], [67.14820397200003, 24.79979075700004], [67.13965905000003, 24.803290106000077], [67.12183678500008, 24.801214911000045], [67.11109459700003, 24.797756252000056], [67.09994550900007, 24.79706452000005], [67.08122806100005, 24.803290106000077], [67.07374108200008, 24.795803127000056], [67.08253014400003, 24.77415599200009], [67.06373131600003, 24.781683661000045], [67.02295983200008, 24.81004466400009], [67.00505618600005, 24.81354401200008], [66.98731530000003, 24.822211005000042], [66.97299238400007, 24.833156643000052], [66.96509850400008, 24.843573309000078], [66.95769290500004, 24.843573309000078], [66.95785566500007, 24.825425523000035], [66.96021569100003, 24.81781647300005], [66.96509850400008, 24.81004466400009], [66.94117272200003, 24.812567450000074], [66.92188561300009, 24.824286200000074], [66.90333092500003, 24.839178778000075], [66.88209069100003, 24.85101959800005], [66.85377037900008, 24.85224030200004], [66.82732181100005, 24.844142971000053], [66.80250084700003, 24.839544989000046], [66.77963300900007, 24.85101959800005], [66.76929772200003, 24.84723541900007], [66.71631920700008, 24.841538804000038], [66.69141686300009, 24.832586981000077], [66.67969811300009, 24.830552476000037], [66.65414472700007, 24.839178778000075], [66.65674889400003, 24.858710028000075], [66.67701256600003, 24.87954336100006], [66.70443769600007, 24.89203522300005], [66.70443769600007, 24.898871161000045], [66.68132571700005, 24.910549221000053], [66.68132571700005, 24.948879299000055], [66.69703209700003, 25.025458075000074], [66.69955488400007, 25.085272528000075], [66.70443769600007, 25.104315497000073], [66.71355228000004, 25.120754299000055], [66.73226972700007, 25.14325592700004], [66.73796634200005, 25.159491278000075], [66.73715254000007, 25.18109772300005], [66.72144616000008, 25.212591864000046], [66.71975737690313, 25.22063117537228], [66.7189052, 25.2216802], [66.7153749, 25.225792], [66.7138051, 25.2276799], [66.71225539999999, 25.2294796], [66.7083968, 25.2336115], [66.7071791, 25.2348869], [66.7048242, 25.2369065], [66.7045162, 25.237244], [66.7037809, 25.2379659], [66.7034537, 25.2383347], [66.7032927, 25.23849], [66.7028582, 25.2389364], [66.70224129999998, 25.2395332], [66.7017746, 25.2400282], [66.700986, 25.24079], [66.7000043, 25.2417556], [66.69927479999998, 25.2425319], [66.6982073, 25.2435897], [66.6969413, 25.2448512], [66.6954231, 25.2463748], [66.69388349999998, 25.2478789], [66.6928482, 25.2489123], [66.6919202, 25.2498245], [66.69095989999998, 25.2506736], [66.6901982, 25.2513965], [66.68861029999998, 25.2530898], [66.6874623, 25.2544386], [66.6860783, 25.2558941], [66.6839754, 25.2577377], [66.6817975, 25.2596201], [66.67930839999998, 25.2618905], [66.6770553, 25.2639378], [66.6744912, 25.2661306], [66.6724741, 25.2677024], [66.6702747, 25.2694294], [66.668129, 25.2711855], [66.66683812224338, 25.272287155323717], [66.6654575, 25.2734654], [66.6640842, 25.2745714], [66.6626894, 25.2756289], [66.6605329, 25.2772879], [66.6589129, 25.2786655], [66.6569066, 25.2803827], [66.6544229, 25.2825654], [66.6528887, 25.283812], [66.65150459999998, 25.2850198], [66.6500187, 25.2862227], [66.64815189999999, 25.2876099], [66.6464138, 25.289065], [66.6449547, 25.2902582], [66.6433132, 25.2916454], [66.64215439999998, 25.2925475], [66.6406631, 25.2938086], [66.6392577, 25.2949726], [66.6384208, 25.2957001], [66.63756249999999, 25.2964276], [66.6366506, 25.2971454], [66.63579219999998, 25.2979117], [66.63395759999999, 25.2994249], [66.63259509999999, 25.3006276], [66.63158649999998, 25.3014327], [66.63027759999999, 25.3024415], [66.629194, 25.3032853], [66.6280138, 25.3042456], [66.6268337, 25.3052058], [66.6256857, 25.3060788], [66.62456989999998, 25.306942], [66.6230357, 25.308038], [66.6222739, 25.308649], [66.62119029999998, 25.3094444], [66.6200638, 25.310327], [66.6189802, 25.3110738], [66.61804669999998, 25.3117721], [66.616888, 25.3126353], [66.6150534, 25.3140028], [66.6137928, 25.3148805], [66.6126555, 25.3156515], [66.6115344, 25.3164517], [66.6104025, 25.3172857], [66.6088575, 25.3183768], [66.60792819082859, 25.318965942418544], [66.59522545700008, 25.330226955000057], [66.56072024800005, 25.349676825000074], [66.54786217500003, 25.365627346000053], [66.55336582679739, 25.38424039087465], [66.55372155000003, 25.38544342700004], [66.55900594399596, 25.384189645551558], [66.5608226844478, 25.38375860360484], [66.56123120376711, 25.383661677837324], [66.56176117011425, 25.38353593740713], [66.57927493600005, 25.379380601000037], [66.5824994966937, 25.38486898024355], [66.58604470509904, 25.390903119487398], [66.58649731070153, 25.39167347905891], [66.59115644600007, 25.399603583000044], [66.59025290102385, 25.405512767721856], [66.59019724482879, 25.405876759273127], [66.58836291822823, 25.41787325641276], [66.58831224511884, 25.418204658580553], [66.58803755792255, 25.420001113019804], [66.58793021354171, 25.420703145339065], [66.58787772568073, 25.42104641598347], [66.58708743600005, 25.426214911000045], [66.56421959700003, 25.43943919500009], [66.55054772200003, 25.457098700000074], [66.54167728000004, 25.49217357000009], [66.53101647200003, 25.518133856000077], [66.51270592500003, 25.508368231000077], [66.51059004000007, 25.512925523000035], [66.50733483200008, 25.51756419500009], [66.50586998800009, 25.522040106000077], [66.49284915500004, 25.518052476000037], [66.48658287900008, 25.52562083500004], [66.48292076900003, 25.538234768000052], [66.47787519600007, 25.549302476000037], [66.46324324468948, 25.563687623507843], [66.46141223040468, 25.565487753238777], [66.46027430401362, 25.566606485705897], [66.44410241000008, 25.582505601000037], [66.43702233200008, 25.597723700000074], [66.41211998800009, 25.59056224200009], [66.38770592500003, 25.59243398600006], [66.37256920700008, 25.603908596000053], [66.37394628326375, 25.614141039555296], [66.37520610120723, 25.62350218848847], [66.37523582990845, 25.623723089294934], [66.37534307968711, 25.624520014879547], [66.375339, 25.6245213], [66.3752237, 25.6244972], [66.3750789, 25.6243956], [66.3746846, 25.6240885], [66.3741937, 25.6236822], [66.3737619, 25.6233242], [66.373271, 25.6230243], [66.3729894, 25.6228115], [66.3728043, 25.6226713], [66.3726327, 25.6225914], [66.3724878, 25.6226011], [66.3723832, 25.622664], [66.3723028, 25.6227873], [66.3723135, 25.6229615], [66.3723725, 25.6232033], [66.3724396, 25.6234621], [66.37247120082762, 25.623666653075055], [66.35974249472022, 25.615211594340032], [66.35865319100003, 25.614488023000035], [66.35830754913003, 25.614378173259514], [66.35377278817822, 25.612936963854253], [66.34956876854746, 25.61160086859011], [66.33855228000004, 25.60809967700004], [66.32626717727761, 25.606868335753227], [66.32106301004062, 25.606346719783133], [66.3119998518991, 25.605438315458137], [66.31058337971334, 25.605296341828232], [66.30323326900003, 25.60455963700008], [66.29127037900008, 25.605943101000037], [66.27312288490893, 25.61092476619901], [66.27051842500003, 25.61163971600007], [66.25814863400007, 25.61200592700004], [66.25424238400007, 25.60960521000004], [66.24838300900007, 25.604681708000044], [66.23975670700008, 25.59992096600007], [66.23864796555512, 25.599713076955915], [66.235849585709, 25.599188380676154], [66.20394941500007, 25.59320709800005], [66.18344160200007, 25.58161041900007], [66.16716556100005, 25.566066799000055], [66.16032690129391, 25.55600419952091], [66.15577233200008, 25.549302476000037], [66.13738040500004, 25.513820705000057], [66.13160241000008, 25.508368231000077], [66.13032003808095, 25.50791648644984], [66.12086022200003, 25.50458405200004], [66.10962975400008, 25.495428778000075], [66.09994550900007, 25.48436107000009], [66.0986862120811, 25.482194338329087], [66.09441165500004, 25.47483958500004], [66.12110436300009, 25.475165106000077], [66.17176274766669, 25.48327044787873], [66.17805061634297, 25.484276506908145], [66.17879995898247, 25.484396401735374], [66.18698412316223, 25.485705868057774], [66.1880159980095, 25.4858709680401], [66.18983588414591, 25.486162149833852], [66.19229428384132, 25.486555493801227], [66.20045006600003, 25.48786041900007], [66.21306399800005, 25.491359768000052], [66.21554753223333, 25.493270179002913], [66.22364342500003, 25.49949778900009], [66.23845462300005, 25.51581452000005], [66.24154707100007, 25.518459377000056], [66.24512780000003, 25.520412502000056], [66.24968509200005, 25.521633205000057], [66.25513756600003, 25.522040106000077], [66.25879967500003, 25.52484772300005], [66.25831139400003, 25.531398830000057], [66.25684655000003, 25.53847890800006], [66.25814863400007, 25.543117580000057], [66.27914472700007, 25.549994208000044], [66.30933678500008, 25.554022528000075], [66.33643639400003, 25.55337148600006], [66.34831790500004, 25.546210028000075], [66.34937856402348, 25.54363694770056], [66.34949570314345, 25.543352776864097], [66.35271243600005, 25.535549221000053], [66.36353600400008, 25.53034088700008], [66.37696373800009, 25.527044989000046], [66.3781268647151, 25.526541240413685], [66.38851972700007, 25.522040106000077], [66.39154470130502, 25.518829638482302], [66.39714603000004, 25.512884833000044], [66.40918580448812, 25.49518900929154], [66.4092073, 25.4951985], [66.4092837, 25.4952167], [66.4093763, 25.4952239], [66.4094393, 25.4952239], [66.4095117, 25.4952106], [66.4095761, 25.4951792], [66.4096458, 25.4951549], [66.4097303, 25.4951441], [66.4099288, 25.4951247], [66.4101407, 25.4951041], [66.41024529999999, 25.4950981], [66.4103164, 25.4951041], [66.4103754, 25.4951114], [66.4104398, 25.4951295], [66.4105082, 25.4951501], [66.4105685, 25.4951634], [66.4106315, 25.4951719], [66.41072, 25.4951937], [66.410771, 25.4951997], [66.4108086, 25.4951985], [66.41086219999998, 25.4951901], [66.410991, 25.4951198], [66.4110218, 25.4951089], [66.4110647, 25.4951089], [66.4111023, 25.4951174], [66.4111412, 25.4951416], [66.4112109, 25.4951671], [66.4112605, 25.4951816], [66.4113155, 25.4951931], [66.4113792, 25.4952058], [66.4114389, 25.4952131], [66.4114898, 25.4952118], [66.4115354, 25.4952034], [66.4117286, 25.4951162], [66.41177419999998, 25.4950993], [66.4118184, 25.4950872], [66.41186469999998, 25.4950823], [66.4119297, 25.4950835], [66.4120826, 25.4950841], [66.41211409999998, 25.4950884], [66.41215229999999, 25.4950956], [66.41238029999998, 25.4950545], [66.4126942, 25.4949794], [66.4130294, 25.4949068], [66.4134505, 25.4948342], [66.4138234, 25.4947857], [66.4142847, 25.4947058], [66.4147434, 25.4945969], [66.4151001, 25.4944952], [66.4154488, 25.4943669], [66.4156097, 25.4942894], [66.41573579999998, 25.494212], [66.4158913, 25.4940982], [66.41604419999999, 25.4939965], [66.4162803, 25.4938657], [66.41654309999998, 25.4937544], [66.4168167, 25.4936357], [66.4171118, 25.4934881], [66.4173666, 25.4933501], [66.4176777, 25.4931346], [66.4179861, 25.4928876], [66.4183778, 25.4926359], [66.4188445, 25.4923356], [66.419169, 25.4920935], [66.4193916, 25.4919604], [66.4195767, 25.491849], [66.41968939999998, 25.4917691], [66.4198181, 25.4916553], [66.42003, 25.4914544], [66.42021509999998, 25.4913067], [66.4203519, 25.491234], [66.42061469999999, 25.4911227], [66.4208052, 25.4910452], [66.42092849999999, 25.490975], [66.4210358, 25.4908806], [66.4210948, 25.490791], [66.421178, 25.4906118], [66.421237, 25.4904641], [66.4213201, 25.4903407], [66.42142469999999, 25.4902365], [66.4215562, 25.490147], [66.42172519999998, 25.4900864], [66.4218888, 25.4900598], [66.4220095, 25.4900211], [66.4221194, 25.4899484], [66.42223749999998, 25.4898346], [66.422326, 25.4897475], [66.4224118, 25.4896385], [66.42250839999998, 25.4894884], [66.4225861, 25.4893746], [66.4227122, 25.4892899], [66.4228249, 25.4892342], [66.4229831, 25.4891906], [66.4231414, 25.4891422], [66.4232486, 25.4890962], [66.4233667, 25.4890187], [66.4234807, 25.4889098], [66.42355709999998, 25.4887887], [66.42363349999998, 25.4886713], [66.4237073, 25.4885805], [66.4237945, 25.4884655], [66.4238843, 25.4883759], [66.4239889, 25.4883154], [66.424111, 25.4882633], [66.42423839999998, 25.4882222], [66.4244127, 25.4881592], [66.424571, 25.4880866], [66.424689, 25.4880043], [66.4247963, 25.487905], [66.4248848, 25.4878154], [66.4250189, 25.4876968], [66.4251557, 25.4875878], [66.42527909999998, 25.4874571], [66.4253783, 25.4873263], [66.4254776, 25.487215], [66.4256009, 25.4871181], [66.42579139999998, 25.4869801], [66.4259925, 25.486859], [66.4262608, 25.4867428], [66.4264297, 25.4866532], [66.4265853, 25.486537], [66.4267731, 25.4863869], [66.4269823, 25.4861787], [66.42713779999998, 25.486031], [66.4273176, 25.4859075], [66.4275348, 25.4857961], [66.42767159999998, 25.4857138], [66.4277977, 25.4856121], [66.42791839999998, 25.4854959], [66.4280471, 25.4854112], [66.4281759, 25.4853482], [66.4283583, 25.4852974], [66.4285648, 25.4852223], [66.42872839999998, 25.4851424], [66.42878544439117, 25.48510145372939], [66.43726647200003, 25.49127838700008], [66.45622806100005, 25.496039130000042], [66.47584069100003, 25.493312893000052], [66.48002375559408, 25.490170391623366], [66.48200858160999, 25.48867930336804], [66.49219811300009, 25.481024481000077], [66.48797081172965, 25.477700194788333], [66.45753014400003, 25.45376211100006], [66.49789472700007, 25.430487372000073], [66.51156660200007, 25.414211330000057], [66.49941729256885, 25.399737152083297], [66.4986241, 25.4002462], [66.4978087, 25.4009004], [66.49697719999999, 25.4015498], [66.496194, 25.402015], [66.4953679, 25.4023638], [66.4943379, 25.4026788], [66.4932543, 25.4029308], [66.4918381, 25.4032991], [66.49075449999998, 25.4036092], [66.48963869999999, 25.4040308], [66.4885282, 25.4045299], [66.487509, 25.4050532], [66.4866131, 25.4055717], [66.48552949999998, 25.4062356], [66.4843869, 25.4070012], [66.4833194, 25.4076553], [66.4821929, 25.4083482], [66.480884, 25.4090896], [66.47980029999998, 25.4096468], [66.4788026, 25.4100975], [66.4779389, 25.4104027], [66.4768164, 25.4107916], [66.47552359999999, 25.4112507], [66.4745405, 25.4115705], [66.47333889999999, 25.4120574], [66.47250739999998, 25.4125323], [66.4718851, 25.4128787], [66.4712334, 25.4132966], [66.4705722, 25.4137085], [66.4697099, 25.4142475], [66.46894279999998, 25.4147078], [66.4679772, 25.4152335], [66.4669955, 25.4157568], [66.46575359999999, 25.4163068], [66.46482559999998, 25.4166895], [66.4638036, 25.4171183], [66.4628246, 25.4175883], [66.4620334, 25.4179674], [66.4609082, 25.4184992], [66.4598876, 25.4189122], [66.4589328, 25.4192902], [66.45798059999998, 25.4196523], [66.456968, 25.420069], [66.4552528, 25.4207497], [66.453858, 25.4213626], [66.452356, 25.4220506], [66.45083192218846, 25.42275901068961], [66.45070909999998, 25.4228161], [66.4492339, 25.4235477], [66.4478123, 25.4242405], [66.4465249, 25.4248607], [66.4449423, 25.4256746], [66.4430594, 25.4265709], [66.44138039999999, 25.4273848], [66.43991589999999, 25.4281164], [66.4383602, 25.4288915], [66.4370835, 25.4295165], [66.4359409, 25.4300688], [66.4344549, 25.4307713], [66.4328241, 25.4314883], [66.431306, 25.4321811], [66.4299166, 25.4328496], [66.4284414, 25.4335763], [66.4268964, 25.4343272], [66.4251637, 25.4351265], [66.4232272, 25.4360034], [66.4212584, 25.4369044], [66.4193273, 25.4377716], [66.4177072, 25.438474], [66.4164305, 25.4390069], [66.4150572, 25.4395785], [66.4136517, 25.440184], [66.4124125, 25.4407266], [66.4108998, 25.4414096], [66.4093763, 25.4421072], [66.40789569999998, 25.442795], [66.4063561, 25.4435168], [66.4049292, 25.4441466], [66.4038536, 25.4445922], [66.4027002, 25.445079], [66.4015013, 25.4455804], [66.4002889, 25.4460309], [66.39905509999998, 25.4464475], [66.3978374, 25.4468834], [66.3963836, 25.4473969], [66.3951176, 25.4478619], [66.3937658, 25.4483512], [66.3925534, 25.448821], [66.39135179999998, 25.4492618], [66.39024139999998, 25.4496784], [66.3892409, 25.4500223], [66.387881, 25.4504776], [66.3862824, 25.4510153], [66.385062, 25.4514125], [66.383678, 25.4518097], [66.38225639999999, 25.4522383], [66.3808161, 25.4526864], [66.379534, 25.4531078], [66.3783324, 25.4535486], [66.3770127, 25.4540329], [66.37552679999999, 25.4545173], [66.37396039999999, 25.4550114], [66.3724744, 25.4554618], [66.3712943, 25.4557912], [66.3699907, 25.4561254], [66.3684618, 25.456508], [66.3674265, 25.4567987], [66.3663107, 25.4571765], [66.36510909999998, 25.4576075], [66.36379479999998, 25.4580192], [66.3622391, 25.458397], [66.360662, 25.4587264], [66.3588113, 25.45908], [66.357277, 25.4593803], [66.35572129999998, 25.4597193], [66.3540477, 25.4601213], [66.35244369999998, 25.46047], [66.3511562, 25.4607655], [66.34974, 25.4611288], [66.3485491, 25.4614484], [66.3473099, 25.4617923], [66.3460815, 25.4620393], [66.3449335, 25.462204], [66.3436246, 25.462359], [66.3422942, 25.4625527], [66.3405776, 25.4628336], [66.3386893, 25.4631484], [66.3364685, 25.4635504], [66.33313709999999, 25.4641026], [66.3311738, 25.464398], [66.3294518, 25.4646983], [66.3278425, 25.4649356], [66.3260776, 25.4651584], [66.32466669999998, 25.465294], [66.3235134, 25.465386], [66.3227355, 25.4655216], [66.32179679999999, 25.4657347], [66.3206059, 25.4660496], [66.31920039999999, 25.4663498], [66.3180578, 25.4665629], [66.3171136, 25.4666501], [66.3160676, 25.466655], [66.31503759999998, 25.4666501], [66.3140881, 25.466684], [66.3131493, 25.466776], [66.3120013, 25.4669504], [66.3105905, 25.4671151], [66.3092226, 25.4671829], [66.3078332, 25.4672361], [66.3066155, 25.4673185], [66.3052958, 25.4674299], [66.3038796, 25.4674831], [66.3021684, 25.4675413], [66.3006663, 25.4676042], [66.29900869999999, 25.4677205], [66.2972653, 25.4677834], [66.2951946, 25.4677544], [66.2934083, 25.4676526], [66.29138589999998, 25.46758], [66.2894762, 25.4675752], [66.28827449999999, 25.4676139], [66.2866008, 25.4675945], [66.2851363, 25.4674831], [66.28394539999998, 25.4673814], [66.2827706, 25.467241], [66.28156359999998, 25.4670618], [66.28048, 25.466902], [66.2794125, 25.4667228], [66.2783423, 25.4665484], [66.277138, 25.4663692], [66.2758183, 25.4662384], [66.2744933, 25.4661755], [66.2731683, 25.4661513], [66.27198279999999, 25.4661222], [66.2704754, 25.4660011], [66.2693059, 25.4658849], [66.268056, 25.4657299], [66.2669456, 25.4655265], [66.26576009999998, 25.4653521], [66.2645423, 25.4652698], [66.2633944, 25.4652504], [66.261667, 25.4651584], [66.2597787, 25.464955], [66.2577188, 25.464645], [66.25597, 25.4642576], [66.25334139999998, 25.4638023], [66.2506699, 25.4634245], [66.2482667, 25.4630855], [66.24602439999998, 25.4628433], [66.2437498, 25.4624849], [66.24158259999999, 25.4620974], [66.2394422, 25.4617439], [66.237613, 25.4614823], [66.23595, 25.4612111], [66.2342656, 25.4608769], [66.2326348, 25.4605427], [66.2309879, 25.4601988], [66.2295234, 25.4599227], [66.22808579999999, 25.459729], [66.2267661, 25.4595062], [66.225602, 25.459327], [66.22392829999998, 25.4590945], [66.22221169999999, 25.4588765], [66.2210262, 25.4587409], [66.2198889, 25.4586198], [66.21884549999999, 25.4585109], [66.2178692, 25.4584091], [66.2170243, 25.4583123], [66.21613379999998, 25.4581645], [66.2152782, 25.4580265], [66.214326, 25.4578957], [66.2132424, 25.4577528], [66.212258, 25.457656], [66.2111101, 25.4575543], [66.2099835, 25.4574404], [66.2088865, 25.4573218], [66.20808179999999, 25.4572201], [66.2071592, 25.4571038], [66.2062499, 25.4569633], [66.2053728, 25.456835], [66.20450909999998, 25.4567139], [66.2035301, 25.4566219], [66.2026209, 25.4565274], [66.20186719999998, 25.4564184], [66.20094719999999, 25.4563143], [66.20013979999999, 25.4562295], [66.1992091, 25.4561908], [66.198273, 25.456106], [66.1972699, 25.4559946], [66.1963928, 25.4559123], [66.1956015, 25.4558517], [66.1948881, 25.4557791], [66.19464077289918, 25.455755103114324], [66.1940646, 25.4556992], [66.1932975, 25.4556217], [66.19235339999999, 25.4555248], [66.19149239999999, 25.45544], [66.1905804, 25.4553553], [66.18974629999998, 25.4552875], [66.1889926, 25.455239], [66.1883032, 25.4551882], [66.1876622, 25.4551179], [66.1869219, 25.4550429], [66.1861843, 25.4549532], [66.1854252, 25.4548588], [66.1847413, 25.4547643], [66.1838856, 25.4546554], [66.1829951, 25.4545706], [66.1822468, 25.4545052], [66.1814421, 25.4544277], [66.1807635, 25.4544083], [66.1799052, 25.4543429], [66.1789155, 25.4542776], [66.1781645, 25.4542146], [66.177569, 25.4541516], [66.17695749999999, 25.454079], [66.1762199, 25.4539845], [66.1753079, 25.4538925], [66.1743772, 25.4538319], [66.1735886, 25.4537762], [66.1728886, 25.4537181], [66.1723092, 25.4536866], [66.17185589999998, 25.4536527], [66.1714965, 25.4536188], [66.1711425, 25.4536067], [66.1707669, 25.4535752], [66.17028409999999, 25.4535098], [66.16979059999998, 25.4534614], [66.1693507, 25.4534105], [66.1688599, 25.4533633], [66.16840389999999, 25.453333], [66.1679828, 25.4533052], [66.1676127, 25.4532664], [66.1671111, 25.4532192], [66.1665586, 25.4531538], [66.1660355, 25.453109], [66.1655071, 25.4530545], [66.1649975, 25.4530146], [66.1644852, 25.4529831], [66.1639823, 25.4529528], [66.1635384, 25.452931], [66.1631629, 25.4529153], [66.16272569999998, 25.4528838], [66.16223749999999, 25.4528438], [66.1617427, 25.4527905], [66.161288, 25.4527457], [66.1608924, 25.4527033], [66.1600649, 25.4526089], [66.15904569999998, 25.4524878], [66.1573559, 25.4523304], [66.1559746, 25.4522383], [66.1545825, 25.4521302], [66.1532789, 25.4520373], [66.1519271, 25.4519211], [66.1512566, 25.4518266], [66.1505163, 25.4517079], [66.1499289, 25.4516304], [66.1491667, 25.4515685], [66.1481076, 25.4514924], [66.1469328, 25.4513834], [66.1451599, 25.4511872], [66.14361229999999, 25.4509765], [66.1425528, 25.4508119], [66.1420271, 25.4507343], [66.14125189999999, 25.4505769], [66.14037819999999, 25.4503736], [66.1391813, 25.450124], [66.1379475, 25.4498673], [66.1364454, 25.4496106], [66.1349454, 25.4493756], [66.13338769999999, 25.4491601], [66.1314672, 25.4489566], [66.1303139, 25.4488186], [66.1294529, 25.4486915], [66.128667, 25.4485691], [66.1279159, 25.448436], [66.1264127, 25.4481359], [66.12395639999998, 25.4476902], [66.12047019999999, 25.4471208], [66.1172821406633, 25.44660467627833], [66.06902103000004, 25.446234442000048], [66.00464928500008, 25.429632880000042], [65.92448978000004, 25.41860586100006], [65.88152103000004, 25.419623114000046], [65.85840905000003, 25.41754791900007], [65.85772565560268, 25.417244188159007], [65.82398522200003, 25.40224844000005], [65.80030358200008, 25.395819403000075], [65.76539147200003, 25.37799713700008], [65.72437584700003, 25.371161200000074], [65.67164147200003, 25.347398179000038], [65.65211022200003, 25.34446849200009], [65.62973066500007, 25.346909898000035], [65.51937042239607, 25.375134213046557], [65.50876568224773, 25.377846344878375], [65.4995321739863, 25.380207788093852], [65.48812910200007, 25.38312409100007], [65.48228694741701, 25.383790096643203], [65.4813856, 25.3841036], [65.48006329999998, 25.3846052], [65.47800329999998, 25.3853419], [65.4766917, 25.3858822], [65.4751334, 25.3863717], [65.4744333, 25.3866068], [65.47362859999998, 25.386883], [65.4722661, 25.3873531], [65.471051, 25.3877118], [65.469431, 25.3882594], [65.4678109, 25.3888531], [65.4669204, 25.389156], [65.4660138, 25.3894371], [65.4651582, 25.3896963], [65.4635623, 25.3901567], [65.462704, 25.3904063], [65.461961, 25.3906825], [65.460467, 25.3911211], [65.45930029999998, 25.3914749], [65.45865389999999, 25.3915985], [65.4579458, 25.391676], [65.4575193, 25.3915718], [65.45742, 25.3915185], [65.456724, 25.3908267], [65.4567012, 25.3907674], [65.4566985, 25.3906329], [65.4567173, 25.3905711], [65.4567535, 25.3905287], [65.4567978, 25.3905044], [65.45696139999998, 25.3904948], [65.457015, 25.390479], [65.457066, 25.3904511], [65.45709009999999, 25.3904196], [65.45710089999999, 25.3903542], [65.4570942, 25.3902936], [65.457056, 25.3902403], [65.45636729999998, 25.389597], [65.4563506, 25.3895885], [65.45633069999998, 25.3895867], [65.45631359999999, 25.3895903], [65.4561362, 25.3897197], [65.4561338, 25.3897253], [65.4561338, 25.3897313], [65.45613579999998, 25.3897363], [65.456488, 25.3900496], [65.4564914, 25.3900767], [65.4564866, 25.3901016], [65.4564718, 25.3901301], [65.45622979999999, 25.39029], [65.45620129999999, 25.3902964], [65.4561882, 25.390297], [65.4561769, 25.3902942], [65.455859, 25.3901131], [65.45524479999999, 25.3895679], [65.4548666, 25.3892093], [65.4547298, 25.3890324], [65.4546681, 25.3889609], [65.454601, 25.3888979], [65.4545514, 25.3888737], [65.4544978, 25.3888603], [65.4541317, 25.3888918], [65.453791, 25.3888725], [65.4536261, 25.3888603], [65.45352949999999, 25.3888252], [65.4534477, 25.388778], [65.4531151, 25.3884605], [65.452989, 25.3883515], [65.4527664, 25.3881552], [65.45258139999999, 25.3880074], [65.45223129999998, 25.3878281], [65.4519054, 25.3877008], [65.4515541, 25.3874937], [65.4514655, 25.3874585], [65.4513864, 25.3874404], [65.4509559, 25.387484], [65.4509378, 25.3874888], [65.45092239999998, 25.3874997], [65.4508017, 25.3876221], [65.4507668, 25.3876427], [65.4507295, 25.387654], [65.4502076, 25.3875833], [65.4498348, 25.3874646], [65.4496846, 25.3873277], [65.4496659, 25.3872857], [65.4496685, 25.3872465], [65.4497838, 25.3870163], [65.4497892, 25.3869824], [65.4497288, 25.3868418], [65.4496666, 25.3867407], [65.4487833, 25.3857986], [65.4482456, 25.3853903], [65.44820669999999, 25.3853794], [65.4481745, 25.3853831], [65.44814089999998, 25.3853952], [65.4481208, 25.3854218], [65.4480645, 25.385623], [65.44797869999998, 25.3857659], [65.447913, 25.385835], [65.4478794, 25.3858483], [65.4478419, 25.3858435], [65.4478016, 25.3858277], [65.4475549, 25.3856242], [65.4475281, 25.3856133], [65.4475059, 25.3856145], [65.44747639999999, 25.385626], [65.447453, 25.3856478], [65.4474436, 25.3856678], [65.447461, 25.3857974], [65.44747709999999, 25.3859404], [65.447461, 25.3859768], [65.4474248, 25.3860083], [65.4473899, 25.3860325], [65.44688159999998, 25.3862348], [65.4467998, 25.3862469], [65.4467435, 25.3862445], [65.44668319999998, 25.38623], [65.4463465, 25.3859986], [65.446195, 25.3858532], [65.4456988, 25.3853346], [65.44557539999998, 25.3852365], [65.4454493, 25.3851771], [65.4453219, 25.3851625], [65.4452053, 25.3851577], [65.4451181, 25.385131], [65.4448056, 25.3849033], [65.44462319999998, 25.3847773], [65.4444623, 25.3847046], [65.444001, 25.3846537], [65.4436415, 25.3845834], [65.4429039, 25.3843386], [65.4426196, 25.3843071], [65.44221729999998, 25.3843217], [65.4418606, 25.3844307], [65.4415789, 25.3844768], [65.4413938, 25.3844501], [65.4411176, 25.3843701], [65.4409164, 25.3842563], [65.4408132, 25.3841727], [65.4407635, 25.3841666], [65.4406093, 25.3841823], [65.4404376, 25.3841642], [65.439932, 25.384043], [65.4396638, 25.3840139], [65.4394385, 25.384043], [65.4392293, 25.3840333], [65.43892889999998, 25.3839291], [65.4384904, 25.3836044], [65.4382798, 25.3834905], [65.438076, 25.3834348], [65.437514, 25.3833912], [65.43727669999998, 25.383379], [65.43663759999998, 25.383313], [65.4366168, 25.3833039], [65.4365927, 25.3832821], [65.4365766, 25.3832506], [65.4365753, 25.3832239], [65.4365914, 25.3831731], [65.43660879999999, 25.383144], [65.4367241, 25.3830107], [65.4367342, 25.3830037], [65.43674559999998, 25.3829992], [65.436934, 25.3829686], [65.4369417, 25.382965], [65.4369457, 25.3829592], [65.43694709999998, 25.3829492], [65.4369119, 25.3828144], [65.4369226, 25.3827805], [65.43694, 25.382749], [65.4369628, 25.3827296], [65.4370634, 25.382686], [65.4370849, 25.3826727], [65.4371023, 25.3826496], [65.4371479, 25.382526], [65.4371466, 25.3824958], [65.4371291, 25.3824667], [65.4366329, 25.3819226], [65.436126, 25.381484], [65.4355466, 25.3810745], [65.43504369999998, 25.3807122], [65.4348801, 25.3806444], [65.4347111, 25.3806055], [65.4345408, 25.3806189], [65.43425919999999, 25.3807692], [65.434109, 25.3808297], [65.43395609999999, 25.3808443], [65.4337496, 25.3808031], [65.4333314, 25.3806924], [65.4330187, 25.3805898], [65.43283359999998, 25.3804844], [65.4326619, 25.3804118], [65.4325211, 25.3803863], [65.4322207, 25.3803863], [65.4316574, 25.380333], [65.4315864, 25.3803426], [65.4307133, 25.3806347], [65.430602, 25.3806492], [65.430496, 25.3806347], [65.4300427, 25.3804759], [65.4294459, 25.3801839], [65.4292113, 25.3800349], [65.4290007, 25.3798567], [65.4286319, 25.3795429], [65.42818929999999, 25.3791843], [65.4276046, 25.3785421], [65.4270655, 25.3779338], [65.4266015, 25.3774782], [65.4264727, 25.3773243], [65.4264258, 25.3773074], [65.4263882, 25.3773134], [65.42636539999998, 25.3773377], [65.4261951, 25.3777109], [65.4261079, 25.3778987], [65.4260583, 25.3779617], [65.4260007, 25.3779956], [65.4259416, 25.3780126], [65.42576329999999, 25.3780235], [65.425656, 25.3780259], [65.4255702, 25.3780102], [65.4252872, 25.3778878], [65.42485, 25.3775824], [65.4244798, 25.3773328], [65.4239139, 25.377042], [65.4235706, 25.3767948], [65.4232246, 25.3765137], [65.4229268, 25.3763926], [65.422664, 25.3763417], [65.4223984, 25.3763392], [65.4221785, 25.3763901], [65.4220055, 25.3765016], [65.4217896, 25.3766785], [65.4214261, 25.3769196], [65.4211405, 25.3770142], [65.420824, 25.3770711], [65.4206496, 25.3771281], [65.4200193, 25.3774298], [65.419448, 25.377643], [65.4189652, 25.3778078], [65.4187506, 25.377872], [65.4186474, 25.377872], [65.41844349999998, 25.3778321], [65.4180184, 25.3776576], [65.4174069, 25.3773789], [65.41733979999998, 25.3773643], [65.4170568, 25.3773619], [65.4169965, 25.3773486], [65.4168168, 25.3772674], [65.4158512, 25.3767246], [65.4153818, 25.3764386], [65.4150411, 25.3761938], [65.41466829999999, 25.3759854], [65.4139576, 25.3756728], [65.4138824, 25.3756595], [65.41383009999998, 25.375668], [65.4137711, 25.375697], [65.4135498, 25.3759248], [65.4133648, 25.3760509], [65.4129919, 25.3762229], [65.4127398, 25.3763489], [65.4125118, 25.3765065], [65.4123187, 25.3765501], [65.4121765, 25.3765477], [65.4119566, 25.3764725], [65.411573, 25.376235], [65.4109025, 25.3757831], [65.4108468, 25.3757691], [65.41079589999998, 25.3757716], [65.4107724, 25.3757831], [65.4107536, 25.3758067], [65.4107442, 25.3758424], [65.4107107, 25.3760109], [65.4106691, 25.3763707], [65.4106209, 25.3765622], [65.410594, 25.3766022], [65.41054839999998, 25.3766446], [65.41038079999998, 25.3766955], [65.4101743, 25.3767488], [65.4086789, 25.3771026], [65.40745589999999, 25.3773086], [65.4069596, 25.377408], [65.4063589, 25.3776236], [65.4055837, 25.3778708], [65.4008388, 25.3791261], [65.399825, 25.3793757], [65.398567, 25.379841], [65.3956863, 25.3804832], [65.39496479999998, 25.3807061], [65.3939992, 25.3811011], [65.39271179999999, 25.3813992], [65.3915155, 25.3816852], [65.3907806, 25.3818887], [65.38999494386114, 25.382130425126707], [65.38879569999999, 25.3824994], [65.3869638, 25.383001], [65.38646489999998, 25.3831658], [65.3863066, 25.3831924], [65.38612689999998, 25.383161], [65.3859472, 25.3830592], [65.385856, 25.3830107], [65.3857648, 25.383001], [65.3856629, 25.3830228], [65.3853625, 25.3831537], [65.38511839999998, 25.3832264], [65.38431639999999, 25.3833306], [65.3834125, 25.3833572], [65.3829512, 25.3832942], [65.3826749, 25.3833015], [65.382235, 25.3833597], [65.38123189999999, 25.3834348], [65.38097439999999, 25.3834081], [65.38070349999998, 25.3833088], [65.3804514, 25.3832918], [65.3800839, 25.3833572], [65.3798345, 25.383442], [65.3796548, 25.3835487], [65.3795019, 25.3836819], [65.379408, 25.3837038], [65.3793007, 25.3836989], [65.3785953, 25.3833839], [65.37844509999998, 25.3833572], [65.3783244, 25.3833717], [65.37759209999999, 25.3835414], [65.376986, 25.3836165], [65.3765354, 25.3836141], [65.37579239999998, 25.3837425], [65.3738639, 25.3839606], [65.3723833, 25.384232], [65.3717744, 25.3842611], [65.3713265, 25.3843483], [65.3709859, 25.3843847], [65.3706908, 25.3843871], [65.37024419999999, 25.3844041], [65.36996259999998, 25.3844707], [65.36949859999999, 25.3846622], [65.3692116, 25.3847833], [65.3690734, 25.3848233], [65.3689541, 25.384839], [65.3686202, 25.3847918], [65.36855579999998, 25.384793], [65.368474, 25.3848136], [65.3679778, 25.385039], [65.3678879, 25.3850547], [65.3673515, 25.384959], [65.3672039, 25.3849687], [65.3670993, 25.3850244], [65.3668767, 25.3851868], [65.36679089999998, 25.3852001], [65.3667091, 25.3851904], [65.3662223, 25.384942], [65.3660908, 25.384913], [65.365954, 25.3849517], [65.3654256, 25.3852401], [65.3653023, 25.3852546], [65.3651547, 25.3852183], [65.3640658, 25.3847506], [65.3632879, 25.3844889], [65.36184489999998, 25.3838128], [65.3601739, 25.383024], [65.3601122, 25.3830059], [65.3600545, 25.383001], [65.3599955, 25.383024], [65.3598567, 25.3831197], [65.3598285, 25.383127], [65.3598011, 25.3831258], [65.35977149999998, 25.3831149], [65.359447, 25.3828774], [65.35941479999998, 25.3828544], [65.3593706, 25.3828338], [65.35930349999998, 25.3828253], [65.35920289999999, 25.3828326], [65.3589749, 25.3828762], [65.3588757, 25.3828823], [65.3587925, 25.3828659], [65.3578404, 25.382354], [65.35740049999998, 25.3821601], [65.3570572, 25.3820317], [65.3568707, 25.381999], [65.356801, 25.3819941], [65.3566347, 25.3820244], [65.3564966, 25.382045], [65.3564161, 25.382039], [65.3560232, 25.3819529], [65.3559279, 25.3819057], [65.3558984, 25.3818802], [65.35586619999998, 25.3818245], [65.35576029999999, 25.3814489], [65.3557402, 25.3814125], [65.3556959, 25.3813726], [65.3552815, 25.3811399], [65.3548403, 25.3809327], [65.3547357, 25.3808903], [65.3546673, 25.3808758], [65.354615, 25.3808757], [65.35450369999998, 25.3808891], [65.3543696, 25.3808927], [65.3541912, 25.3808661], [65.35395379999999, 25.3808055], [65.3536776, 25.3807352], [65.3532779, 25.3806189], [65.3529561, 25.380522], [65.3526315, 25.3804202], [65.3523016, 25.3803063], [65.35197969999999, 25.3801754], [65.3517263, 25.3800627], [65.3515238, 25.3799622], [65.3510329, 25.3797077], [65.35066009999998, 25.3795066], [65.3505287, 25.3794363], [65.35039449999998, 25.3793733], [65.3501934, 25.3793127], [65.3500646, 25.3792521], [65.3498554, 25.3791067], [65.3496328, 25.3789759], [65.3493994, 25.3788886], [65.348981, 25.3787481], [65.3486189, 25.3786439], [65.3482649, 25.3785712], [65.3478304, 25.3784864], [65.3474495, 25.378404], [65.3469667, 25.3783167], [65.3464919, 25.3782537], [65.34599569999999, 25.378198], [65.3455451, 25.3781519], [65.3451669, 25.3781083], [65.3448397, 25.3780768], [65.34444, 25.3780356], [65.3440672, 25.378009], [65.34363, 25.3779871], [65.3432599, 25.3779775], [65.3428602, 25.377952], [65.34242839999999, 25.377929], [65.3420408, 25.3779132], [65.34158349999998, 25.3779072], [65.3411409, 25.3779144], [65.340803, 25.3779193], [65.3401995, 25.3779241], [65.3397328, 25.3779581], [65.3392419, 25.3779726], [65.3387833, 25.377975], [65.3382012, 25.3779387], [65.3377131, 25.3779338], [65.3369728, 25.3779508], [65.3362834, 25.3779411], [65.3354225, 25.3779508], [65.3345615, 25.3779799], [65.3339928, 25.3780017], [65.3334698, 25.3780138], [65.3327778, 25.3780477], [65.3320831, 25.3780526], [65.331257, 25.3780477], [65.3305382, 25.3780453], [65.3294626, 25.3780623], [65.3283602, 25.3780695], [65.3273866, 25.3780817], [65.3263754, 25.3781447], [65.32552239999998, 25.3782004], [65.3244683, 25.3782271], [65.3234383, 25.3782271], [65.32241369999998, 25.3782731], [65.3214884, 25.3783167], [65.32059249999999, 25.378341], [65.3200266, 25.3783773], [65.3193909, 25.3784476], [65.3184789, 25.378513], [65.31778988919677, 25.378534668879688], [65.3175536, 25.3785421], [65.3168321, 25.3785857], [65.31615079999999, 25.3786003], [65.3148741, 25.378639], [65.3137234, 25.3786439], [65.3121597, 25.3787432], [65.3114516, 25.3787699], [65.3107247, 25.3787917], [65.3097108, 25.3788547], [65.3089356, 25.3789371], [65.3082222, 25.3790583], [65.3075409, 25.3791431], [65.3069749, 25.3791794], [65.3064358, 25.3791794], [65.30582429999998, 25.3791673], [65.3051484, 25.3791213], [65.3043008, 25.3790631], [65.3032601, 25.3790292], [65.3030536, 25.3790365], [65.3028792, 25.3790752], [65.3027344, 25.3791528], [65.3025573, 25.3792424], [65.3022757, 25.3793273], [65.3019378, 25.3793563], [65.3012377, 25.37932], [65.300315, 25.3792667], [65.2995855, 25.3792909], [65.2986011, 25.3792958], [65.29795739999999, 25.3793103], [65.29750939999998, 25.3793588], [65.296981, 25.3794678], [65.2964419, 25.3795042], [65.2958009, 25.3795017], [65.2950418, 25.3794921], [65.2943096, 25.3794945], [65.2937677, 25.3795066], [65.2932206, 25.3795526], [65.2926251, 25.3796205], [65.2919573, 25.3797053], [65.2913457, 25.3797901], [65.29063759999998, 25.3798434], [65.28961839999998, 25.3799016], [65.2887493, 25.3799258], [65.2881351, 25.3799379], [65.2875128, 25.3799549], [65.2869549, 25.3799549], [65.28636749999998, 25.3799452], [65.285807, 25.3799283], [65.2851632, 25.3798943], [65.2845168, 25.3799355], [65.2837658, 25.3799525], [65.2833527, 25.379984], [65.28301479999999, 25.3799937], [65.28267409999998, 25.3799985], [65.2823657, 25.3799767], [65.28211349999998, 25.3799476], [65.281848, 25.3799161], [65.2814323, 25.3798846], [65.28106479999998, 25.3798604], [65.2806893, 25.379858], [65.2800965, 25.3798483], [65.2789485, 25.3797853], [65.278455, 25.3797417], [65.2781278, 25.3797392], [65.27771739999999, 25.3797077], [65.27700929999999, 25.3796253], [65.2761805, 25.3795211], [65.2753973, 25.379429], [65.274657, 25.3793103], [65.2739409, 25.3791794], [65.2732703, 25.379068], [65.27254879999998, 25.3789371], [65.2717844, 25.3788281], [65.2710253, 25.3786948], [65.27022329999998, 25.3785324], [65.2696305, 25.3784088], [65.26889289999998, 25.3782876], [65.26815529999999, 25.378181], [65.2673346, 25.3780356], [65.26654059999998, 25.3778781], [65.26583789999998, 25.3777012], [65.26564416095255, 25.377651280493993], [65.25977623800009, 25.38043854400007], [65.23226972700007, 25.37067291900007], [65.21111087300005, 25.34784577000005], [65.18799889400003, 25.311021226000037], [65.18139557700223, 25.304796223915325], [65.181064, 25.3048688], [65.1808146, 25.3049221], [65.180431, 25.3049561], [65.18014129999999, 25.3049148], [65.1798865, 25.304893], [65.1795244, 25.3049294], [65.1792508, 25.3049754], [65.1788056, 25.30507], [65.1785535, 25.3051355], [65.17831469999999, 25.3051355], [65.177958, 25.3051088], [65.17754489999999, 25.3050652], [65.1772204, 25.3050215], [65.17685289999999, 25.3049439], [65.17654719999999, 25.3048882], [65.1761341, 25.3048081], [65.1756647, 25.304733], [65.1753375, 25.3046966], [65.1751605, 25.3046578], [65.1748654, 25.3045996], [65.1746294, 25.3045608], [65.1743799, 25.304556], [65.1741466, 25.3045996], [65.1739883, 25.304636], [65.1738703, 25.3046554], [65.1737255, 25.3046578], [65.1735485, 25.304619], [65.1733419, 25.3045196], [65.17317029999998, 25.3044371], [65.17300669999999, 25.3043765], [65.1727089, 25.3043086], [65.1724514, 25.3042116], [65.1721296, 25.3041316], [65.1717755, 25.3040952], [65.1714885, 25.3041025], [65.1712713, 25.304134], [65.1711157, 25.3041704], [65.1708636, 25.3042771], [65.17058459999998, 25.304345], [65.170472, 25.3043741], [65.1702118, 25.3043886], [65.1700187, 25.3044129], [65.169729, 25.3044493], [65.1694205, 25.3044177], [65.1688734, 25.3043232], [65.1686615, 25.3043013], [65.16845759999998, 25.3043086], [65.1682538, 25.3043474], [65.1679185, 25.304408], [65.1676369, 25.3044371], [65.167307, 25.3044784], [65.1670428, 25.3045329], [65.1670079, 25.3045208], [65.16696359999999, 25.3044856], [65.1669274, 25.3044274], [65.1668832, 25.304385], [65.1668134, 25.3043668], [65.1667115, 25.3043668], [65.1666391, 25.3043886], [65.1666096, 25.3044396], [65.1665747, 25.3045099], [65.1665452, 25.3045608], [65.1665103, 25.3045838], [65.1663615, 25.3046408], [65.1659256, 25.3046626], [65.16537839999998, 25.3047402], [65.1648205, 25.3048178], [65.164091, 25.3049148], [65.1631898, 25.3049876], [65.1624924, 25.3049221], [65.1621839, 25.3049027], [65.16205789999998, 25.3049027], [65.1619077, 25.3049245], [65.161728, 25.3049948], [65.1616019, 25.3050215], [65.16130149999998, 25.3050361], [65.1608187, 25.3050361], [65.1603466, 25.3051331], [65.1599362, 25.3051961], [65.1597217, 25.3052301], [65.1594213, 25.3053028], [65.1591665, 25.3053464], [65.1589519, 25.3053586], [65.1587802, 25.3053198], [65.158622, 25.3052955], [65.1583403, 25.305298], [65.1577315, 25.305361], [65.15703679999999, 25.3053367], [65.15648419999998, 25.3052907], [65.156047, 25.3052519], [65.1549742, 25.3052422], [65.1539335, 25.3051791], [65.1530537, 25.3050676], [65.1525226, 25.3050264], [65.1521632, 25.3049245], [65.15195939999998, 25.3048324], [65.1518199, 25.3047184], [65.1516724, 25.3046117], [65.15149, 25.3044856], [65.1513264, 25.3043862], [65.1512217, 25.3043401], [65.151085, 25.3043304], [65.1509508, 25.3043474], [65.1507175, 25.3043911], [65.1503339, 25.3043838], [65.149937, 25.3043523], [65.14962049999998, 25.3043353], [65.149245, 25.3042698], [65.149017, 25.3042019], [65.1487997, 25.304088], [65.1486146, 25.3039861], [65.1484376, 25.3039134], [65.14822039999999, 25.3037994], [65.1480648, 25.3037145], [65.1479816, 25.3036588], [65.1478878, 25.3035957], [65.147759, 25.3034939], [65.1476839, 25.3033847], [65.147582, 25.303198], [65.14747469999999, 25.3030913], [65.1473889, 25.3030234], [65.1472628, 25.3029725], [65.1470482, 25.3029095], [65.1468122, 25.3028391], [65.146611, 25.3027713], [65.1464072, 25.302684], [65.14625969999999, 25.3026403], [65.1460853, 25.3026185], [65.1459458, 25.3026306], [65.1457769, 25.3026815], [65.1455757, 25.3027349], [65.14534769999999, 25.302781], [65.1449481, 25.3028197], [65.1445806, 25.302844], [65.1441112, 25.3028925], [65.1436982, 25.3028973], [65.14336559999998, 25.3028998], [65.14281839999998, 25.3029264], [65.1424375, 25.3029434], [65.1421103, 25.3029774], [65.1418287, 25.3030259], [65.1415148, 25.303101], [65.1411554, 25.3031592], [65.14054119999999, 25.303215], [65.14004769999998, 25.3032756], [65.1396319, 25.3033047], [65.1389909, 25.3033193], [65.1385564, 25.303278], [65.13820229999999, 25.3032659], [65.1379421, 25.3032417], [65.1377141, 25.3032465], [65.1373118, 25.3032732], [65.1370382, 25.3032902], [65.1366976, 25.3033556], [65.1364723, 25.3033944], [65.1361477, 25.3034284], [65.1356757, 25.3034696], [65.1352411, 25.3034454], [65.13472079999998, 25.3034502], [65.1340771, 25.3034502], [65.13325629999999, 25.3034939], [65.1324463, 25.3035399], [65.13160939999999, 25.3036151], [65.1310891, 25.3036588], [65.130617, 25.3036879], [65.1300377, 25.3036782], [65.12876089999999, 25.3036418], [65.1281413, 25.3036054], [65.1277015, 25.3035739], [65.1274145, 25.303569], [65.1270416, 25.3035618], [65.126591, 25.3035884], [65.1262772, 25.3035981], [65.12594189999999, 25.3036078], [65.1255825, 25.3036054], [65.12523649999999, 25.3036054], [65.12492269999998, 25.3035957], [65.1245552, 25.3035787], [65.123933, 25.3035618], [65.12363519999998, 25.3035327], [65.1233643, 25.3034696], [65.1230451, 25.3033362], [65.1228011, 25.3032417], [65.1225167, 25.3031568], [65.12231829999999, 25.3031253], [65.12199909999998, 25.3031471], [65.121645, 25.3031811], [65.1213634, 25.3032296], [65.1211059, 25.3032829], [65.1208296, 25.3033144], [65.1205507, 25.3033726], [65.12025829999999, 25.3034066], [65.12000079999999, 25.3034114], [65.119577, 25.3034066], [65.119282, 25.3033799], [65.1190406, 25.3033484], [65.1187509, 25.303295], [65.11859, 25.3032853], [65.1183888, 25.3033023], [65.11820379999999, 25.3033459], [65.11792749999998, 25.303409], [65.1176646, 25.3034526], [65.11742859999998, 25.3034793], [65.1171979, 25.3034842], [65.1168439, 25.303472], [65.1166454, 25.3034308], [65.11643349999999, 25.3033459], [65.1162055, 25.3032538], [65.116066, 25.3032296], [65.1159748, 25.303232], [65.115838, 25.3032684], [65.11560739999999, 25.3033484], [65.11511379999999, 25.3035278], [65.114615, 25.3036733], [65.1140135, 25.3038094], [65.1128554, 25.3039109], [65.11167529999999, 25.3039885], [65.1108277, 25.3040176], [65.1104307, 25.3040807], [65.1099747, 25.304168], [65.10961, 25.3042795], [65.10931489999999, 25.3043474], [65.1089609, 25.3043765], [65.1084888, 25.3044299], [65.1079202, 25.3044832], [65.1072603, 25.3045366], [65.1066488, 25.3046238], [65.1052272, 25.304876], [65.1041758, 25.3049924], [65.10280249999998, 25.3051282], [65.10162229999999, 25.3052349], [65.1001954, 25.3054483], [65.098911, 25.3056924], [65.098511, 25.3057684], [65.0962366, 25.305999], [65.0958071, 25.3060555], [65.0936079, 25.3067771], [65.0908935, 25.3072815], [65.0893164, 25.3075724], [65.0869238, 25.3079604], [65.0853252, 25.3082902], [65.0828254, 25.3087266], [65.081377, 25.3089982], [65.0796604, 25.3093377], [65.07787939999999, 25.3097256], [65.0765061, 25.3100845], [65.074929, 25.3104627], [65.07375949999998, 25.3107634], [65.0720966, 25.3111223], [65.06967189999999, 25.311549], [65.0682235, 25.3119564], [65.06606568517239, 25.312420337022026], [65.0660133, 25.3124316], [65.0633097, 25.3130135], [65.0590396, 25.3139543], [65.0575375, 25.3142259], [65.0551986, 25.3146429], [65.0524843, 25.3151278], [65.0513255, 25.3153315], [65.0506174, 25.3154673], [65.0496626, 25.3156419], [65.04953171016174, 25.315668295747695], [65.0483644, 25.3159037], [65.04686239999998, 25.3161753], [65.0439656, 25.3166602], [65.04217389999998, 25.3169317], [65.04060739999998, 25.3171257], [65.03905179999998, 25.3173488], [65.0368416, 25.3176785], [65.0326359, 25.3182022], [65.0292563, 25.3185417], [65.02432109999998, 25.318949], [65.01964329999998, 25.319269], [65.0163603, 25.3195891], [65.0115538, 25.3199091], [65.00864619999999, 25.3201225], [65.0045478, 25.3203067], [65.0028419, 25.3204231], [65.0013077, 25.3204813], [64.9992478, 25.3206753], [64.99494549999999, 25.3209468], [64.9907505, 25.3212281], [64.9849033, 25.3215675], [64.9823177, 25.3217615], [64.97906679999998, 25.3219554], [64.9771786, 25.3220621], [64.9747324, 25.3221785], [64.9727046, 25.3223336], [64.96796249999998, 25.3226731], [64.96456149999999, 25.3227603], [64.9612892, 25.3228767], [64.9583816, 25.3229834], [64.95154739999998, 25.323478], [64.9458718, 25.323992], [64.9428141, 25.3243411], [64.93861909999998, 25.3246999], [64.9325251, 25.3252236], [64.93049994857135, 25.325338333926084], [64.9291026, 25.3254175], [64.9260235, 25.3256406], [64.9221718, 25.3258152], [64.91687179999998, 25.3260091], [64.9129021, 25.3261061], [64.90928649999998, 25.326174], [64.9038148, 25.3262612], [64.8981714, 25.3263582], [64.89581109999999, 25.3264358], [64.8905969, 25.3268237], [64.8872709, 25.3269207], [64.88605669949693, 25.326872191067377], [64.8847228, 25.3268189], [64.88027039999999, 25.3266831], [64.87811979999998, 25.3266224], [64.87707849999998, 25.326591], [64.8755926, 25.3265182], [64.87370429999999, 25.3264067], [64.8716497, 25.3262612], [64.8682487, 25.3260673], [64.86652129999999, 25.3260382], [64.8651695, 25.3260382], [64.863646, 25.3261061], [64.8601055, 25.3260091], [64.85792759999998, 25.3259218], [64.8557281, 25.3258152], [64.8534429, 25.3257279], [64.8499346, 25.3255727], [64.8466086, 25.3254272], [64.8438728, 25.3253691], [64.8418128, 25.3253206], [64.83931163850187, 25.325268615284912], [64.8380792, 25.325243], [64.8335838, 25.3249036], [64.8271356, 25.324516], [64.8183652, 25.3237021], [64.81440069999998, 25.3232549], [64.8108226, 25.3228525], [64.80811359999998, 25.3225761], [64.806751, 25.3225276], [64.80583369999998, 25.3224791], [64.8050022, 25.3224985], [64.8042405, 25.322644], [64.8039374, 25.3226343], [64.8036289, 25.322644], [64.8026526, 25.3226828], [64.80164249999999, 25.3227279], [64.79988459999998, 25.3225324], [64.79973429999998, 25.3224888], [64.797492, 25.3222076], [64.7964191, 25.3221397], [64.79518529999999, 25.3220621], [64.7914195, 25.3218875], [64.786967, 25.3215481], [64.7778153, 25.3208595], [64.7728264, 25.3204037], [64.767095, 25.3198788], [64.7646081, 25.3195794], [64.75877159999999, 25.3189296], [64.75408309999999, 25.318435], [64.745028, 25.3171839], [64.737196, 25.3159716], [64.73256109999998, 25.3152733], [64.7235274, 25.3136245], [64.71483050149595, 25.311650660479952], [64.69597415500004, 25.29759349200009], [64.67855879000007, 25.27680084800005], [64.66863040500004, 25.255113023000035], [64.66277103000004, 25.229071356000077], [64.66334069100003, 25.21702708500004], [64.66863040500004, 25.206732489000046], [64.67278494864651, 25.204790691458335], [64.67474733585408, 25.20387348875695], [64.67511976279967, 25.203699419643964], [64.67554776419753, 25.20349937551567], [64.67986087300005, 25.20148346600007], [64.68408533222602, 25.20035415491942], [64.68436080207337, 25.20028051445224], [64.6841866, 25.2000177], [64.6842178, 25.1996164], [64.6843791, 25.1994351], [64.68686569999998, 25.1977718], [64.6870925, 25.1975707], [64.6873056, 25.1969799], [64.6884823, 25.1933108], [64.6889027, 25.1928697], [64.6889646, 25.1928124], [64.6891373, 25.1923849], [64.6894365, 25.1916753], [64.6895868, 25.1914423], [64.6897745, 25.1910734], [64.6899033, 25.1908356], [64.69007489999998, 25.1906123], [64.6902895, 25.1904812], [64.6904772, 25.190423], [64.6906543, 25.190389], [64.6911424, 25.1903696], [64.6913087, 25.1903501], [64.69160379999998, 25.1903744], [64.6918076, 25.1904084], [64.6919256, 25.1904715], [64.6921134, 25.1904666], [64.6923977, 25.1903744], [64.6926498, 25.1903259], [64.69315949999998, 25.1903938], [64.69348669999998, 25.1904181], [64.6938676, 25.1904521], [64.6942913, 25.1903987], [64.6947795, 25.1904327], [64.6952462, 25.1903696], [64.6959382, 25.1902628], [64.6961474, 25.1900346], [64.6965873, 25.189787], [64.6966034, 25.1894764], [64.6965605, 25.1890395], [64.6964908, 25.1882531], [64.6964318, 25.1880201], [64.6963674, 25.1878113], [64.6963888, 25.1876463], [64.6964908, 25.1875492], [64.6961884, 25.1866042], [64.6959543, 25.1863647], [64.6956123, 25.185839], [64.6953374, 25.1854375], [64.695214, 25.1851608], [64.6951014, 25.1849133], [64.695037, 25.1847967], [64.6947956, 25.1845734], [64.6943173, 25.1841809], [64.6936369, 25.1836802], [64.6934384, 25.1834763], [64.6932775, 25.1834229], [64.6930736, 25.183287], [64.6927947, 25.1830006], [64.6921724, 25.1827336], [64.69186129999999, 25.1826753], [64.691695, 25.182651], [64.6914321, 25.1825491], [64.6910942, 25.1821802], [64.6908849, 25.1820345], [64.69067039999999, 25.1819568], [64.690547, 25.1818695], [64.6902788, 25.181884], [64.6894044, 25.1818452], [64.688074, 25.1817966], [64.6875375, 25.1818161], [64.687205, 25.1819229], [64.68699569999998, 25.1819957], [64.6868938, 25.1821268], [64.6867704, 25.1822044], [64.6866149, 25.1822141], [64.6865344, 25.1822093], [64.6862876, 25.1820879], [64.6861106, 25.1820151], [64.6856654, 25.18185], [64.6848768, 25.1817432], [64.684512, 25.1817578], [64.6843618, 25.1818355], [64.6842116, 25.1818646], [64.68357319999998, 25.1815685], [64.6830046, 25.1814568], [64.682318, 25.1813257], [64.6821356, 25.1813015], [64.6818781, 25.1812287], [64.6815509, 25.181151], [64.681347, 25.1810151], [64.681009, 25.1808985], [64.68075159999998, 25.1808209], [64.6806174, 25.1807238], [64.6802795, 25.1807383], [64.67999519999998, 25.180651], [64.6797323, 25.1804762], [64.6792924, 25.1803694], [64.6788579, 25.1802383], [64.6785629, 25.1801558], [64.6778065, 25.1801121], [64.6774685, 25.1800101], [64.67697639999999, 25.1798511], [64.6768221, 25.1798244], [64.6765687, 25.1797977], [64.6763085, 25.179771], [64.676169, 25.1797771], [64.6756862, 25.1798232], [64.6755119, 25.1798402], [64.6753603, 25.1798439], [64.6752101, 25.1798159], [64.675139, 25.1797977], [64.6750566, 25.1797856], [64.6749546, 25.1797941], [64.6748219, 25.1798129], [64.67470849999998, 25.1798196], [64.67458919999999, 25.1798329], [64.6744125, 25.1798363], [64.6742908, 25.1798184], [64.67422369999998, 25.1798035], [64.6741547, 25.1797871], [64.6740474, 25.1797771], [64.6738717, 25.1797625], [64.6734197, 25.1797589], [64.67325209999998, 25.1797638], [64.67317159999999, 25.179748], [64.6730697, 25.1797055], [64.6729101, 25.1796278], [64.67261509999999, 25.1794798], [64.6724461, 25.1794094], [64.6723388, 25.1793778], [64.67221539999998, 25.1793584], [64.67208, 25.1793463], [64.67157169999999, 25.1792783], [64.6713652, 25.1792504], [64.6712686, 25.1792346], [64.6711385, 25.1791945], [64.67103789999999, 25.1791533], [64.67091319999999, 25.1791363], [64.6707965, 25.1791411], [64.6705739, 25.1791715], [64.6704023, 25.1791958], [64.6703379, 25.1791921], [64.6703044, 25.1791594], [64.6702869, 25.1791217], [64.67025469999999, 25.1790477], [64.6701917, 25.1789858], [64.6700576, 25.1789118], [64.6699342, 25.1788511], [64.6698497, 25.1788171], [64.6697746, 25.1787952], [64.6696754, 25.1787807], [64.6695198, 25.1787783], [64.66932, 25.1787928], [64.6691054, 25.1788159], [64.66893239999999, 25.178845], [64.6688868, 25.1788511], [64.6688372, 25.1788559], [64.6687809, 25.1788426], [64.6686696, 25.1788025], [64.6685328, 25.1787722], [64.6683986, 25.1787503], [64.6682042, 25.1787358], [64.668109, 25.1787176], [64.6680205, 25.1786678], [64.6679091, 25.1785829], [64.6677777, 25.1784433], [64.6675819, 25.1782272], [64.6675269, 25.1781799], [64.66744309999999, 25.1781417], [64.6672849, 25.1781041], [64.6670441, 25.1780003], [64.66685909999998, 25.1779032], [64.66665659999998, 25.1778025], [64.6664755, 25.1777199], [64.6664044, 25.1776726], [64.66631189999998, 25.1775816], [64.66622469999999, 25.1774675], [64.6661161, 25.1773947], [64.66605709999999, 25.1773728], [64.665982, 25.1773728], [64.665868, 25.1773607], [64.6657419, 25.1773024], [64.6656547, 25.1772393], [64.66548979999999, 25.1770973], [64.66535029999999, 25.1770148], [64.6652484, 25.1769808], [64.66516259999999, 25.1769735], [64.6650707, 25.1769723], [64.66491919999999, 25.1769705], [64.66477029999999, 25.176962], [64.6645302, 25.1769292], [64.6643975, 25.1769086], [64.6641742, 25.1768716], [64.6639898, 25.1768376], [64.6638671, 25.1768121], [64.6637236, 25.1767368], [64.6635948, 25.1766664], [64.6635331, 25.1766604], [64.6634848, 25.1766689], [64.6634231, 25.176681], [64.6633226, 25.1766859], [64.6632689, 25.1766883], [64.6632394, 25.1766968], [64.6631764, 25.1767308], [64.6631321, 25.176749], [64.663049, 25.1767635], [64.6629685, 25.1767635], [64.6629015, 25.1767453], [64.66280219999999, 25.1766846], [64.6626762, 25.1765997], [64.6625125, 25.1764856], [64.6623201, 25.1763224], [64.6622651, 25.1762938], [64.6622034, 25.1762841], [64.66215449999999, 25.1762884], [64.6620975, 25.1763157], [64.66204109999998, 25.1763685], [64.6619694, 25.1764191], [64.661897, 25.1764273], [64.6618474, 25.176414], [64.661791, 25.1763897], [64.66173469999998, 25.1763424], [64.6616703, 25.1763181], [64.6616274, 25.1763169], [64.6615805, 25.1763315], [64.66150129999998, 25.1763484], [64.6614343, 25.176346], [64.6613672, 25.1763145], [64.6613042, 25.1762659], [64.6612412, 25.1762064], [64.66119689999998, 25.1761409], [64.6611473, 25.1761045], [64.66110039999998, 25.1760839], [64.6609837, 25.1760487], [64.6608134, 25.1760135], [64.6606578, 25.1759771], [64.660407, 25.1758897], [64.6602662, 25.1758108], [64.660175, 25.175744], [64.6600221, 25.1755474], [64.6599001, 25.1754139], [64.6597686, 25.1753253], [64.65947559999998, 25.1751827], [64.659377, 25.1751536], [64.65927709999998, 25.1751444], [64.6588446, 25.1751457], [64.6584396, 25.1751493], [64.6577758, 25.1751299], [64.6576805, 25.1751129], [64.6576242, 25.1750886], [64.6575746, 25.1750522], [64.6574928, 25.1749915], [64.6573909, 25.1749248], [64.6572259, 25.174841], [64.6570958, 25.1747864], [64.65698579999999, 25.1747646], [64.65687189999998, 25.1747585], [64.65677129999999, 25.1747439], [64.6566492, 25.1747124], [64.65650309999998, 25.174659], [64.6563475, 25.1745958], [64.6561638, 25.1745582], [64.65598809999999, 25.1745279], [64.65578819999999, 25.1745085], [64.6556863, 25.1745121], [64.6555683, 25.1745303], [64.6550855, 25.1746213], [64.6549071, 25.1746577], [64.6547918, 25.1746541], [64.6547073, 25.174642], [64.654592, 25.1746056], [64.6544713, 25.1745509], [64.6538946, 25.1741128], [64.6538772, 25.1741128], [64.6538584, 25.1741189], [64.6538034, 25.174182], [64.653731, 25.1742414], [64.6536948, 25.1742487], [64.6536559, 25.1742475], [64.6535633, 25.174222], [64.653495, 25.1742099], [64.6534011, 25.1742172], [64.6533327, 25.1742317], [64.6532536, 25.174256], [64.65320259999999, 25.1742851], [64.6531315, 25.1743215], [64.653051, 25.1743349], [64.652992, 25.1743276], [64.6529129, 25.1742961], [64.6528217, 25.1742815], [64.6527426, 25.17429], [64.6526501, 25.1743106], [64.6525481, 25.1743252], [64.6524476, 25.1743179], [64.652347, 25.1742961], [64.6522571, 25.1742742], [64.6520948, 25.1742269], [64.651667, 25.1741079], [64.65114269999998, 25.1739052], [64.6506532, 25.1737802], [64.6500966, 25.1736382], [64.64940729999998, 25.1733676], [64.6490841, 25.173265], [64.6487897, 25.1732001], [64.648266, 25.1731345], [64.6480621, 25.1731042], [64.6476558, 25.1730107], [64.6472776, 25.1729124], [64.6464622, 25.1727668], [64.6462516, 25.1727595], [64.6461926, 25.1727668], [64.6461269, 25.1727922], [64.64606389999999, 25.17280679999999], [64.6460009, 25.172808], [64.6458399, 25.1727898], [64.645569, 25.1727401], [64.6454215, 25.1727121], [64.6452324, 25.1726636], [64.6447389, 25.172541], [64.6442239, 25.172456], [64.6438242, 25.1723881], [64.64374909999998, 25.1723602], [64.6436633, 25.1723104], [64.6434112, 25.1721599], [64.6432838, 25.1721186], [64.643151, 25.1721028], [64.6430263, 25.1720992], [64.64270839999999, 25.1720907], [64.6424255, 25.1720798], [64.6421291, 25.1720519], [64.64207949999998, 25.1720324], [64.6420567, 25.172007], [64.642054, 25.171973], [64.6420701, 25.1719366], [64.6420768, 25.1719111], [64.6420634, 25.1718941], [64.64203659999998, 25.1718892], [64.642003, 25.1719026], [64.6419521, 25.1719378], [64.641889, 25.171962], [64.641818, 25.1719754], [64.64137809999998, 25.1719657], [64.6410388, 25.1719535], [64.640843, 25.1719378], [64.6405895, 25.1719086], [64.6402502, 25.1718577], [64.64011209999998, 25.1718346], [64.64001419999998, 25.1718273], [64.6399243, 25.1718249], [64.63983039999998, 25.1718285], [64.6396252, 25.1718382], [64.6394093, 25.1718382], [64.6392283, 25.1718249], [64.63911969999998, 25.1718043], [64.63905259999999, 25.1717788], [64.6389829, 25.1717363], [64.63854829999998, 25.1714074], [64.6383794, 25.1712993], [64.638193, 25.1712132], [64.6380213, 25.1711513], [64.6378201, 25.1711015], [64.6373937, 25.1710311], [64.6372864, 25.1710141], [64.6371, 25.1709656], [64.6369846, 25.1709534], [64.6368854, 25.1709558], [64.6367902, 25.1709728], [64.6366735, 25.1709728], [64.6364401, 25.1709437], [64.6362121, 25.1709073], [64.63593049999999, 25.1708393], [64.6357924, 25.1707956], [64.63568369999999, 25.1707641], [64.6355523, 25.1707362], [64.6354169, 25.1707155], [64.63506549999998, 25.1706827], [64.63452369999999, 25.1706427], [64.6343225, 25.1706366], [64.6342649, 25.1706306], [64.6342206, 25.1706148], [64.63416559999999, 25.1705869], [64.6341267, 25.1705735], [64.634061, 25.1705626], [64.6339135, 25.1705359], [64.6338478, 25.170508], [64.6337901, 25.1704558], [64.6337445, 25.1704218], [64.6336748, 25.1703951], [64.6336077, 25.1703854], [64.63349369999999, 25.1703854], [64.6334414, 25.1703647], [64.6334065, 25.1703332], [64.6333837, 25.1702871], [64.63334749999999, 25.170264], [64.6332966, 25.1702507], [64.6331812, 25.1702324], [64.633133, 25.1702118], [64.6330927, 25.1701693], [64.63304979999998, 25.1701487], [64.6330096, 25.1701366], [64.6329667, 25.1701305], [64.6328916, 25.1701438], [64.63279769999998, 25.1701681], [64.6327226, 25.1701778], [64.63266629999998, 25.1701778], [64.63235779999998, 25.1701608], [64.6320721, 25.1701183], [64.6319541, 25.1701147], [64.63182, 25.1701208], [64.6317087, 25.1701329], [64.6316108, 25.1701475], [64.6314459, 25.1701487], [64.6313506, 25.1701268], [64.6312407, 25.1701001], [64.63106229999998, 25.1700249], [64.6309389, 25.1699618], [64.6308517, 25.1698987], [64.63077259999999, 25.1698355], [64.63067469999999, 25.1697724], [64.6305245, 25.1696753], [64.6304709, 25.1696219], [64.630432, 25.1695673], [64.6304078, 25.1695139], [64.6303757, 25.1694666], [64.6303394, 25.1694568], [64.6302979, 25.1694568], [64.63022279999998, 25.1694568], [64.6301463, 25.1694435], [64.6300417, 25.1694168], [64.6298969, 25.1693719], [64.62986396085918, 25.16936784266661], [64.61524498800009, 25.173163153000075], [64.60035241000008, 25.173163153000075], [64.62696373800009, 25.21161530200004], [64.62769616000008, 25.228461005000042], [64.61060631600003, 25.251695054000038], [64.59302819100003, 25.26129791900007], [64.56544030000003, 25.27024974200009], [64.53711998800009, 25.275864976000037], [64.51840254000007, 25.27558014500005], [64.51716619995639, 25.274672074557788], [64.50660241000008, 25.266913153000075], [64.49203535200007, 25.24567291900007], [64.48023522200003, 25.241441148000035], [64.46753991000008, 25.240383205000057], [64.44800866000008, 25.23574453300006], [64.43930097700007, 25.23460521000004], [64.42443849753943, 25.238903129247085], [64.41749108200008, 25.24091217700004], [64.38282311300009, 25.27147044500009], [64.36068769600007, 25.283026434000078], [64.31820722700007, 25.292303778000075], [64.27507571700005, 25.296087958000044], [64.26579837300005, 25.298651434000078], [64.25277754000007, 25.31159088700008], [64.24463951900003, 25.31659577000005], [64.18961480967243, 25.318476642067537], [64.18873249999999, 25.3185611], [64.1879117, 25.3186871], [64.1870186, 25.3188496], [64.1861281, 25.3189829], [64.1853234, 25.3190872], [64.1844088, 25.3191769], [64.1835424, 25.3192739], [64.1827512, 25.3193709], [64.1819787, 25.3194387], [64.1813886, 25.3195042], [64.1807824, 25.3195794], [64.1802219, 25.3196303], [64.1794306, 25.3196521], [64.1786689, 25.3197079], [64.17844911452588, 25.319725727364073], [64.09449303500008, 25.335882880000042], [64.09456724778927, 25.34015012632257], [64.09457084852932, 25.340357169405547], [64.09457365574542, 25.340518584746068], [64.09457856294496, 25.340800749443282], [64.09459744833401, 25.341886662098524], [64.09460227857174, 25.342164401480705], [64.09461293555246, 25.342777179443136], [64.09461980367811, 25.343172097681233], [64.09465224920218, 25.34503772010017], [64.09473717500003, 25.34992096600007], [64.10368899800005, 25.36786530200004], [64.10403848942148, 25.369752555289256], [64.10694420700008, 25.38544342700004], [64.1028011450239, 25.389748326104154], [64.10217591601892, 25.39039797793144], [64.10189047017987, 25.390694573913805], [64.10173587300005, 25.39085521000004], [64.10125079800031, 25.39111865595469], [64.10082603954048, 25.391349343782352], [64.10008756035624, 25.391750414449323], [64.0990200548749, 25.392330180466484], [64.09229576900003, 25.39598216400009], [64.08350670700008, 25.403509833000044], [64.07960045700008, 25.41620514500005], [64.08375084700003, 25.42674388200004], [64.09376061300009, 25.431789455000057], [64.10621178500008, 25.433254299000055], [64.11744225400008, 25.433254299000055], [64.14087975400008, 25.428859768000052], [64.15088951900003, 25.432114976000037], [64.15528405000003, 25.446926174000055], [64.15072675900007, 25.45140208500004], [64.14063561300009, 25.45335521000004], [64.12728925900007, 25.45376211100006], [64.08155358200008, 25.443752346000053], [64.05648847700007, 25.44171784100007], [64.04542076900003, 25.450344143000052], [63.98959394600007, 25.425441799000055], [63.976573113000086, 25.41278717700004], [63.99138431100005, 25.41665273600006], [63.997080925000034, 25.419623114000046], [64.00424238400007, 25.402044989000046], [64.01172936300009, 25.397284247000073], [64.02149498800009, 25.402736721000053], [64.03516686300009, 25.41620514500005], [64.04883873800009, 25.416489976000037], [64.06169681100005, 25.39915599200009], [64.07960045700008, 25.364976304000038], [64.07140671583656, 25.35304870612801], [64.07057384099257, 25.351836293382892], [64.06998259611125, 25.350975620456133], [64.06974312332737, 25.350627020834736], [64.0683681977249, 25.34862554686053], [64.06674238400007, 25.346258856000077], [64.06641928289858, 25.346179959237734], [64.06557617296727, 25.345974083604457], [64.06530460757207, 25.345907771139576], [64.05992189103851, 25.344593387173816], [64.05974368600005, 25.344549872000073], [64.05969795354203, 25.3445496622187], [64.05894246372154, 25.34454619667805], [64.05822096449587, 25.344542887057155], [64.04200280000003, 25.34446849200009], [64.04136398620501, 25.34437463120054], [64.00489342500003, 25.339016018000052], [63.987071160000085, 25.338324286000045], [63.969737175000034, 25.34446849200009], [63.949594761082544, 25.336955051295536], [63.9476582, 25.3371997], [63.9456814, 25.3374421], [63.9429161, 25.3376821], [63.9401132, 25.338053], [63.9374256, 25.3383972], [63.9348936, 25.3386881], [63.9335793, 25.338819], [63.93214170000001, 25.3389403], [63.9300549, 25.3391293], [63.92771059999998, 25.339299], [63.92566679999999, 25.3394408], [63.92277139999999, 25.3396457], [63.91972569999999, 25.3399439], [63.917083699999985, 25.3401135], [63.914541, 25.3403317], [63.9127439, 25.3404335], [63.91057386893887, 25.340542893735513], [63.906586134000065, 25.34121328300006], [63.80494225400008, 25.37498607000009], [63.73780358200008, 25.385321356000077], [63.72972972021512, 25.385118057367396], [63.726185549984, 25.38502881569084], [63.69909912113531, 25.384346783461925], [63.669932488000086, 25.383612372000073], [63.60466556100005, 25.37441640800006], [63.57252037900008, 25.364976304000038], [63.56069509739035, 25.359249262282244], [63.55437259200005, 25.35618724200009], [63.547771960210085, 25.351573208150434], [63.5449809, 25.3506629], [63.541832, 25.3496061], [63.5391068, 25.3487674], [63.5362315, 25.3478366], [63.5332596, 25.3468476], [63.5303092, 25.3458004], [63.526361, 25.34422], [63.52372170000001, 25.3431534], [63.5216832, 25.3422662], [63.5187113, 25.3408262], [63.51675869999998, 25.3397523], [63.5161284, 25.339379], [63.5151735, 25.338819], [63.5144091, 25.3384094], [63.5136728, 25.3379742], [63.513017, 25.3375161], [63.512508699999984, 25.3371536], [63.5117322, 25.3367173], [63.5109732, 25.3362349], [63.5105333, 25.3359512], [63.510058499999985, 25.3356797], [63.509632, 25.3354082], [63.5091358, 25.3351149], [63.5085297, 25.3347852], [63.5078189, 25.3342955], [63.5069579, 25.3337355], [63.5061291, 25.3331488], [63.5053673, 25.3325985], [63.5045198, 25.3319124], [63.50362659999998, 25.3312651], [63.5028273, 25.330693], [63.5020092, 25.3300117], [63.50146740000001, 25.3295535], [63.5011053, 25.3292311], [63.5006359, 25.3288868], [63.5002685, 25.328579], [63.500082, 25.3284129], [63.4991433, 25.3276516], [63.49835869999998, 25.3269401], [63.4972563, 25.3259485], [63.4964222, 25.3251399], [63.4957033, 25.3244405], [63.4950784, 25.3237568], [63.4945084, 25.3230937], [63.49361119999999, 25.3219796], [63.4934597, 25.3216378], [63.4933926, 25.321439], [63.493325599999984, 25.321245], [63.4931459, 25.3209274], [63.4929876, 25.3206692], [63.4926872, 25.3203704], [63.4922567, 25.3198703], [63.4895946, 25.3167608], [63.4871203, 25.3137749], [63.4857792, 25.312034], [63.4842449, 25.3099778], [63.4829199, 25.3081059], [63.4817076, 25.3061951], [63.4813964, 25.3053852], [63.4809673, 25.3040322], [63.4807259, 25.3028779], [63.4805489, 25.3016704], [63.4804201, 25.3006567], [63.48023769999999, 25.2992842], [63.4801251, 25.2981833], [63.4800339, 25.2976886], [63.4798139, 25.2969174], [63.4788001, 25.2944294], [63.4784943, 25.2934787], [63.47812409999999, 25.2924166], [63.47757159999998, 25.2914174], [63.4765819, 25.2900836], [63.4757552, 25.2891781], [63.4747982, 25.2883084], [63.4742323, 25.2878549], [63.47414189603028, 25.287794734707074], [63.47124606350462, 25.28870249558079], [63.469493035000085, 25.28925202000005], [63.470311432348346, 25.286409166174174], [63.47050318701221, 25.285743071054284], [63.4739774789895, 25.2736744783825], [63.47413170700008, 25.273138739000046], [63.47717969111912, 25.267911282199034], [63.478692187425445, 25.265317269633933], [63.47873423240555, 25.26524516023027], [63.4789771, 25.264828629235097], [63.47921567201375, 25.264419465392006], [63.4799606305971, 25.263141821329278], [63.48044135338178, 25.26231735588194], [63.48170006600003, 25.260158596000053], [63.51197350400008, 25.226711330000057], [63.51685631600003, 25.223578192000048], [63.51872806100005, 25.220851955000057], [63.517914259000065, 25.214178778000075], [63.51539147200003, 25.206854559000078], [63.511729363000086, 25.20026276200008], [63.506602410000085, 25.19550202000005], [63.50049889400003, 25.19367096600007], [63.468760613000086, 25.199042059000078], [63.430786794269146, 25.214489035976907], [63.42943669999999, 25.2147695], [63.4253489, 25.2155897], [63.422881299999986, 25.2160604], [63.420341299999976, 25.21648989999999], [63.4178012, 25.2169485], [63.4151513, 25.2174484], [63.413145, 25.2178464], [63.4098672, 25.2185695], [63.4078341, 25.2189966], [63.40643, 25.2192611], [63.40450279999998, 25.2195886], [63.402619899999976, 25.2199138], [63.4011997, 25.2201722], [63.40025959999998, 25.220313], [63.3992243, 25.2204768], [63.3981078, 25.2206242], [63.3968586, 25.2208213], [63.3955926, 25.221013], [63.3941925, 25.2212824], [63.3929479, 25.2214814], [63.3911616, 25.2217628], [63.3893001, 25.222054], [63.3873582, 25.2223064], [63.3842039, 25.2227383], [63.3806151, 25.2233157], [63.3776486, 25.2237574], [63.3729762, 25.2244174], [63.3699185, 25.2247328], [63.3684245, 25.2248663], [63.3660239, 25.2250774], [63.36033769999998, 25.2258539], [63.35982283045618, 25.2259255110604], [63.3556974, 25.2264993], [63.3522802, 25.2269797], [63.3485144, 25.2274698], [63.3454674, 25.2278338], [63.3429033, 25.2281371], [63.33927149999999, 25.2285084], [63.3350475, 25.2290819], [63.3327699, 25.2293624], [63.3307555, 25.229605], [63.3291221, 25.2297506], [63.32763879999999, 25.2298962], [63.3259892, 25.2300806], [63.3241466, 25.2302553], [63.3226794, 25.2303936], [63.3208353, 25.2305664], [63.3177683, 25.2307818], [63.3142519, 25.2310196], [63.31058259999999, 25.231255], [63.30614089999999, 25.2316771], [63.3025548, 25.2320265], [63.2924254, 25.2330613], [63.2921934, 25.2330965], [63.2899189, 25.2334386], [63.2874486, 25.2338025], [63.2867861, 25.2338947], [63.2860538, 25.2339918], [63.2849836, 25.2341276], [63.2821378, 25.2344989], [63.28158530000001, 25.2345765], [63.278482, 25.235063], [63.2758265, 25.2354815], [63.27227, 25.2360929], [63.2703334, 25.2363986], [63.2688421, 25.2366], [63.2673696, 25.2368329], [63.2656583, 25.2370949], [63.2595509, 25.238029], [63.2579926, 25.2382643], [63.2564342, 25.2385021], [63.2537466, 25.2388927], [63.2513541, 25.2392263], [63.24896444046529, 25.23954076286574], [63.2489482, 25.2395429], [63.2471886, 25.2398171], [63.2447505, 25.2401834], [63.242771, 25.2404649], [63.241159, 25.2406517], [63.2400727, 25.2408021], [63.2382005, 25.2410204], [63.2359529, 25.2413043], [63.2315701, 25.2417434], [63.23036049999998, 25.2418962], [63.22938679999998, 25.2419788], [63.2284749, 25.2420685], [63.2276541, 25.2421534], [63.226771699999986, 25.242299], [63.225967, 25.2424446], [63.2251516, 25.2425877], [63.2245105, 25.2426969], [63.2238132, 25.2427721], [63.22313459999999, 25.2428109], [63.2225311, 25.2428521], [63.2219437, 25.2429443], [63.2212597, 25.2430559], [63.2204121, 25.2431336], [63.21945190000001, 25.2431942], [63.2184407, 25.2433058], [63.2174805, 25.2433932], [63.2167697, 25.2434587], [63.2161716, 25.2435217], [63.21552509999999, 25.2436236], [63.21489889999998, 25.2437364], [63.2142699, 25.2438396], [63.213653, 25.2438662], [63.213033399999986, 25.2439633], [63.21243789999998, 25.2441307], [63.2118505, 25.244286], [63.211298, 25.2443733], [63.2106328, 25.2444339], [63.209876399999985, 25.2444873], [63.2090664, 25.244662], [63.2084441, 25.2448828], [63.2078835, 25.2450987], [63.2073203, 25.2452709], [63.206647, 25.2454238], [63.2057941, 25.2456373], [63.2047963, 25.2459866], [63.2010815, 25.246581], [63.20059329999999, 25.2465397], [63.2001641, 25.2465058], [63.1996626, 25.2465446], [63.1989893, 25.2466174], [63.1985441, 25.2466538], [63.1979701, 25.2467071], [63.1975651, 25.2467678], [63.1971386, 25.2468503], [63.196637, 25.2469934], [63.196173, 25.2470832], [63.1956795, 25.2471559], [63.1950733, 25.2472166], [63.1943813, 25.2473161], [63.1936491, 25.2474228], [63.1929892, 25.2475223], [63.1922838, 25.2476387], [63.1916857, 25.247743], [63.1910902, 25.2478473], [63.190443799999976, 25.247942], [63.1898698, 25.2480536], [63.1891644, 25.2481627], [63.1883571, 25.2482937], [63.1876355, 25.2484005], [63.1868818, 25.2485363], [63.1862327, 25.2486576], [63.185412, 25.2488177], [63.184765599999984, 25.2489318], [63.1840736, 25.2490336], [63.1832153, 25.2491695], [63.1824589, 25.2493199], [63.18152280000001, 25.2495116], [63.1804714, 25.2497008], [63.1796533, 25.2498439], [63.178955899999984, 25.2499579], [63.1782237, 25.2500817], [63.1773573, 25.2502102], [63.17655, 25.2503291], [63.1756327, 25.2504892], [63.17462679999998, 25.2506857], [63.173444, 25.2508798], [63.1724113, 25.2510763], [63.1713867, 25.2512704], [63.1702763, 25.2514644], [63.1694743, 25.2516197], [63.1686026, 25.2517458], [63.1679133, 25.2518598], [63.16707909999999, 25.2519957], [63.1662798, 25.2521218], [63.1656307, 25.2522383], [63.1649923, 25.2523644], [63.1644291, 25.2524687], [63.1637129, 25.2525925], [63.1630558, 25.2526992], [63.16236639999998, 25.2528084], [63.16157519999999, 25.2529321], [63.1608993, 25.2530607], [63.1603307, 25.2531747], [63.159748599999986, 25.253262], [63.1588876, 25.25341], [63.1581634, 25.2534876], [63.1573346, 25.2535847], [63.1567606, 25.2536744], [63.1562403, 25.2537714], [63.1556743, 25.2538806], [63.15504940000001, 25.2539704], [63.1543601, 25.2540698], [63.1537324, 25.2541693], [63.153035, 25.2542542], [63.1524101, 25.2543585], [63.1518495, 25.2544483], [63.1513292, 25.2545259], [63.1509054, 25.254572], [63.15035550000001, 25.2546253], [63.1497681, 25.2546908], [63.1490171, 25.2548121], [63.148258, 25.254948], [63.1475285, 25.2550741], [63.1466836, 25.2552464], [63.1459755, 25.2553895], [63.1449884, 25.2555641], [63.144001399999986, 25.255734], [63.142971399999986, 25.2558892], [63.1420594, 25.2560202], [63.14078809999999, 25.2562143], [63.1396884, 25.2563841], [63.1386638, 25.2565539], [63.1375936, 25.2567334], [63.1365395, 25.2569153], [63.13539679999999, 25.2570778], [63.1344178, 25.2572137], [63.1333637, 25.2573592], [63.1323874, 25.2574902], [63.1315076, 25.2576164], [63.1306493, 25.257728], [63.1298286, 25.2578444], [63.1291473, 25.2579366], [63.12860244551133, 25.258024454713322], [63.11312910200007, 25.255113023000035], [63.07839772386877, 25.237838253819245], [63.06462981149154, 25.23099033930463], [63.05095462300005, 25.22418854400007], [63.02784264400003, 25.220363674000055], [63.016667318263615, 25.221332202233157], [62.942393425000034, 25.227769273000035], [62.770518425000034, 25.26190827000005], [62.64770178231209, 25.26494133168934], [62.60495896500004, 25.26599690200004], [62.52747944100008, 25.264187572000083], [62.47818995195897, 25.259166566454255], [62.4778855, 25.2590597], [62.477644099999985, 25.2589627], [62.47735439999999, 25.2588487], [62.4770004, 25.2586958], [62.47696479004987, 25.25867949296618], [62.46501712300005, 25.237250067000048], [62.466518213859764, 25.229345886513702], [62.46762129000007, 25.223537502000056], [62.471142489028416, 25.22202653973525], [62.48943118600005, 25.214178778000075], [62.469493035000085, 25.206732489000046], [62.444346550000034, 25.21393463700008], [62.41382897200003, 25.20652903900009], [62.38526451900003, 25.19245026200008], [62.365896030000044, 25.179388739000046], [62.35474694100003, 25.16941966400009], [62.34310957100007, 25.155462958000044], [62.33619225400008, 25.139837958000044], [62.33912194100003, 25.124741929000038], [62.35199035100004, 25.112829499000043], [62.37322237900008, 25.10839416300007], [62.38140699633732, 25.10441331094808], [62.384687808976196, 25.102817582132968], [62.384719, 25.1020411], [62.3847645, 25.1017059], [62.3847431, 25.1015359], [62.3844078, 25.1006639], [62.3842549, 25.1003069], [62.384024299999986, 25.1000033], [62.3839357, 25.0996584], [62.3837131, 25.0992357], [62.38345289999999, 25.0989297], [62.3830081, 25.0985283], [62.3824847, 25.0980771], [62.3817658, 25.0977225], [62.38137159999999, 25.0976618], [62.3808619, 25.0977322], [62.3805588, 25.0977832], [62.3802289, 25.0977565], [62.3794565, 25.0975233], [62.3787215, 25.0974116], [62.3779196, 25.0971735], [62.3770773, 25.0968262], [62.3766214, 25.096406], [62.376097, 25.0959255], [62.3758079, 25.0955707], [62.3755029, 25.0951963], [62.3749724, 25.0947622], [62.374312, 25.0945308], [62.3730617, 25.0946168], [62.37266289999999, 25.0949034], [62.372995, 25.0956967], [62.3732096, 25.0959785], [62.37315859999998, 25.0960926], [62.37311839999999, 25.0962287], [62.3730165, 25.0963258], [62.3729119, 25.0963137], [62.3726651, 25.0964351], [62.3722091, 25.0967266], [62.3718336, 25.0968723], [62.3716593, 25.0969136], [62.3711845, 25.0970788], [62.3707849, 25.0970084], [62.37028329999998, 25.0970691], [62.36974690000001, 25.0969598], [62.369149, 25.0966818], [62.3685882, 25.0964552], [62.3682572, 25.0962135], [62.3669493, 25.0958765], [62.3667589, 25.0958133], [62.3665416, 25.0956797], [62.36634849999999, 25.0955704], [62.36612319999998, 25.0955777], [62.3659837, 25.0956093], [62.365774499999986, 25.0956336], [62.3656225, 25.0955491], [62.3651791, 25.0952401], [62.3649028, 25.0951842], [62.3647204, 25.0950943], [62.3646004, 25.0948748], [62.36432339999999, 25.094798], [62.3640981, 25.094781], [62.363956, 25.0947032], [62.3638138, 25.0945745], [62.363561699999984, 25.0943705], [62.36347319999999, 25.0942636], [62.3633042, 25.0941664], [62.3630977, 25.0940984], [62.3628563, 25.0939891], [62.3627651, 25.0938191], [62.3624808, 25.0934693], [62.362074, 25.0929911], [62.36171189999999, 25.0928679], [62.36030920000001, 25.0924902], [62.3598946, 25.0926612], [62.3597851, 25.0928062], [62.3595374, 25.0927645], [62.3591772, 25.0927524], [62.3581424, 25.0924768], [62.35680519999998, 25.0924977], [62.3564994, 25.0925778], [62.3562098, 25.0925948], [62.35600319999999, 25.0924734], [62.3557565, 25.0923762], [62.355271, 25.0922499], [62.3543744, 25.0922836], [62.35346049999998, 25.0925461], [62.352902599999986, 25.0926774], [62.3522959, 25.0926444], [62.35170229999998, 25.0929851], [62.351266399999986, 25.0931705], [62.3510197, 25.0932094], [62.3508695, 25.0931972], [62.35075149999998, 25.0931268], [62.3505825, 25.0930588], [62.3501389, 25.0930664], [62.349664899999986, 25.0933357], [62.349118, 25.0937899], [62.349059, 25.0938847], [62.3489222, 25.0939624], [62.3486647, 25.093926], [62.3484635, 25.0938191], [62.3480961, 25.0937413], [62.3474684, 25.0937316], [62.3472217, 25.0938677], [62.3469964, 25.0939211], [62.34660479999999, 25.0938871], [62.3460549, 25.0938094], [62.3455882, 25.0937996], [62.34534949999998, 25.0938531], [62.3448667, 25.0939794], [62.3446977, 25.0940037], [62.3444858, 25.0939454], [62.344172, 25.0938336], [62.3437992, 25.0937608], [62.343142, 25.0938166], [62.3404251, 25.0935484], [62.3397619, 25.0938202], [62.3396015, 25.0938798], [62.3393467, 25.0939138], [62.3390114, 25.0938555], [62.3387271, 25.0938604], [62.3384133, 25.0938944], [62.3379841, 25.0939211], [62.33796, 25.0940183], [62.3377025, 25.0941348], [62.3375148, 25.0941446], [62.337361899999976, 25.094062], [62.3372868, 25.0939648], [62.3371232, 25.0938652], [62.3366484, 25.0938604], [62.3364311, 25.0938628], [62.3359939, 25.0938336], [62.3357338, 25.0939017], [62.33555409999999, 25.0939381], [62.33507130000001, 25.0938992], [62.33459650000001, 25.0938166], [62.333706, 25.0938361], [62.33352630000001, 25.0938482], [62.333132, 25.0938822], [62.3326841, 25.0939162], [62.331681, 25.0940401], [62.3314637, 25.0940693], [62.33132149999999, 25.0941081], [62.330777, 25.0942952], [62.3302862, 25.0943802], [62.3300663, 25.0943948], [62.329709499999986, 25.0943753], [62.3289451, 25.0943219], [62.3284757, 25.0942879], [62.3280761, 25.0942587], [62.3276147, 25.0942053], [62.327317, 25.0941543], [62.32671349999998, 25.0940936], [62.3263139, 25.0941106], [62.32597590000001, 25.0941008], [62.3256648, 25.094045], [62.3252678, 25.0939721], [62.325077399999984, 25.0939794], [62.324726, 25.0939988], [62.3244336, 25.0940085], [62.3237014, 25.094028], [62.3236075, 25.0940425], [62.3235834, 25.094045], [62.3234761, 25.0940717], [62.3233607, 25.0941203], [62.3232132, 25.0941397], [62.3231301, 25.0941421], [62.3229799, 25.0941397], [62.3228136, 25.0941543], [62.3226902, 25.0941931], [62.322548, 25.094215], [62.32245949999998, 25.094215], [62.3221001, 25.0941907], [62.3219633, 25.0941786], [62.3217997, 25.0941761], [62.3216227, 25.094198], [62.3213813, 25.0942174], [62.3211211, 25.0942101], [62.3207805, 25.0942101], [62.3203513, 25.0942223], [62.3200858, 25.094232], [62.319876499999985, 25.094232], [62.319383, 25.094232], [62.31917109999998, 25.0942393], [62.319029, 25.0942612], [62.31888139999998, 25.0943025], [62.3185435, 25.094283], [62.3184469, 25.0942502], [62.3183665, 25.0942186], [62.31829669999998, 25.0942041], [62.3181693, 25.0942101], [62.3180446, 25.0942077], [62.3177791, 25.0942004], [62.317657, 25.0942162], [62.3174947, 25.0942429], [62.3173821, 25.0942563], [62.3173271, 25.0942502], [62.317142, 25.0942417], [62.3170093, 25.0942405], [62.3169167, 25.0942612], [62.3167866, 25.0942782], [62.31667, 25.0942879], [62.3165761, 25.0942939], [62.3165023, 25.0942854], [62.3164085, 25.0942599], [62.3162609, 25.0942502], [62.3161335, 25.0942442], [62.3159672, 25.0942466], [62.3158331, 25.0942417], [62.3157111, 25.0942296], [62.315522, 25.0942259], [62.3154415, 25.0942186], [62.3153302, 25.0942174], [62.3152149, 25.0942296], [62.3150714, 25.0942539], [62.314897, 25.0942794], [62.314729399999976, 25.094283], [62.3146301, 25.0942575], [62.31443969999999, 25.0942041], [62.3143244, 25.0941895], [62.3141702, 25.094198], [62.3140642, 25.0942004], [62.3140146, 25.0942041], [62.31389389999998, 25.0942065], [62.3136538, 25.0942101], [62.3135573, 25.0942223], [62.3134567, 25.0942442], [62.3133776, 25.0943037], [62.31329839999998, 25.094351], [62.3131952, 25.0943717], [62.3131013, 25.0943814], [62.3129712, 25.0943899], [62.3128653, 25.0943911], [62.3127486, 25.0943863], [62.3126695, 25.0943535], [62.3126172, 25.0943182], [62.3125407, 25.0942952], [62.3124562, 25.0942927], [62.312358299999985, 25.0943073], [62.312184, 25.0943437], [62.3120041, 25.0943557], [62.31184329999998, 25.0944142], [62.3116904, 25.0945113], [62.31157779999999, 25.0945648], [62.3114437, 25.0946207], [62.3112345, 25.0946449], [62.3109984, 25.0946231], [62.3107678, 25.0945575], [62.3106712, 25.0945186], [62.31058269999998, 25.0944749], [62.310513, 25.094402], [62.310403, 25.0943292], [62.3102984, 25.0943], [62.3101965, 25.0942757], [62.3101214, 25.0942466], [62.3099604, 25.0942004], [62.3098397, 25.0941907], [62.30978609999998, 25.094181], [62.3096117, 25.0941543], [62.3095232, 25.0941203], [62.3093328, 25.094062], [62.3092175, 25.0940693], [62.3090458, 25.0940984], [62.3088339, 25.0940984], [62.30872389999998, 25.0940936], [62.3085898, 25.0940668], [62.308477199999984, 25.0940255], [62.3083216, 25.0940013], [62.3082572, 25.0940013], [62.3080426, 25.0940134], [62.3077905, 25.0940377], [62.3076376, 25.094062], [62.3073882, 25.0941251], [62.307270199999984, 25.0941446], [62.3071736, 25.0941883], [62.3070422, 25.0942903], [62.3069215, 25.0944458], [62.3067981, 25.0946717], [62.306731, 25.0947834], [62.3066345, 25.0948878], [62.3063984, 25.0950336], [62.306141, 25.0951453], [62.305862, 25.0952692], [62.305693, 25.0952959], [62.3055267, 25.0952741], [62.30532019999998, 25.0952376], [62.3050144, 25.0952182], [62.3046443, 25.0951963], [62.3044673, 25.0951793], [62.3042339, 25.0951745], [62.3040944, 25.0951429], [62.303893299999984, 25.0951429], [62.3037082, 25.0951672], [62.303614299999985, 25.0951745], [62.3034963, 25.0952061], [62.3034266, 25.0952449], [62.3033193, 25.0953129], [62.3032308, 25.0953907], [62.3031208, 25.0954392], [62.3030913, 25.0954344], [62.30299739999999, 25.0953979], [62.3029545, 25.0953494], [62.3029143, 25.0953324], [62.302815, 25.0953445], [62.3027024, 25.0953639], [62.302595099999984, 25.0953737], [62.302490499999976, 25.0953664], [62.3023912, 25.0953445], [62.302302699999984, 25.0953154], [62.3021176, 25.0952838], [62.3020425, 25.0952741], [62.3019755, 25.0952643], [62.3018226, 25.0952571], [62.3017716, 25.0952716], [62.3016697, 25.0952838], [62.3015517, 25.0952668], [62.3014578, 25.0952741], [62.3013639, 25.0952716], [62.3013023, 25.0952619], [62.3012218, 25.0952328], [62.3011494, 25.0952085], [62.301026, 25.0952231], [62.300908, 25.0952911], [62.3008221, 25.0953858], [62.3007765, 25.0954514], [62.300747, 25.0955388], [62.30072829999999, 25.0956263], [62.3006988, 25.0956846], [62.3006183, 25.0957672], [62.3005673, 25.0957914], [62.3005083, 25.0958643], [62.3004788, 25.0959299], [62.3004413, 25.0959712], [62.3003554, 25.0960343], [62.3002803, 25.0960854], [62.3000362, 25.096355], [62.2999236, 25.0965153], [62.2998834, 25.0965954], [62.2998539, 25.0966853], [62.2998109, 25.0967533], [62.29974119999998, 25.0968043], [62.29963930000001, 25.0968456], [62.2995508, 25.0968821], [62.2993872, 25.0969064], [62.2992209, 25.0968918], [62.2989795, 25.0968918], [62.29860930000001, 25.0970788], [62.2984028, 25.0971128], [62.2982553, 25.0971201], [62.2981104, 25.0971152], [62.2979656, 25.0971152], [62.2979227, 25.0971201], [62.2977939, 25.0971663], [62.2976705, 25.0972027], [62.297515, 25.0972245], [62.29728969999998, 25.0972464], [62.297080499999986, 25.0972343], [62.29692759999999, 25.0972343], [62.296823, 25.0972221], [62.2966406, 25.0971978], [62.2964475, 25.09721], [62.2963697, 25.09721], [62.2962543, 25.0972027], [62.2961524, 25.097176], [62.2960559, 25.0971614], [62.2959673, 25.097159], [62.2958413, 25.0971711], [62.2956857, 25.0972051], [62.295506, 25.0972221], [62.295211, 25.097261], [62.2949186, 25.097244], [62.2947496, 25.0972343], [62.294645, 25.0972173], [62.2945431, 25.0971978], [62.294427699999986, 25.0972027], [62.2943714, 25.0972148], [62.2943097, 25.0972488], [62.2942775, 25.0972658], [62.29424, 25.0972756], [62.2941488, 25.0972658], [62.2940415, 25.097261], [62.2938645, 25.0972707], [62.2935936, 25.097295], [62.29339779999999, 25.0973314], [62.2932047, 25.0973533], [62.29290429999998, 25.0973897], [62.2927353, 25.0974213], [62.2924054, 25.0974164], [62.29223909999999, 25.097397], [62.2919601, 25.0973363], [62.291759, 25.0972756], [62.2916624, 25.0972683], [62.2915176, 25.0972901], [62.2913432, 25.0973533], [62.29119570000001, 25.0973824], [62.2910643, 25.0973921], [62.2909382, 25.0974067], [62.2907799, 25.0974602], [62.29068070000001, 25.0975185], [62.2905064, 25.097584], [62.2903186, 25.0976132], [62.2901925, 25.0976302], [62.2900611, 25.0976618], [62.2899887, 25.0976909], [62.28986529999999, 25.0977249], [62.2897366, 25.0977444], [62.2895837, 25.0977614], [62.2894791, 25.0977954], [62.2894388, 25.0978002], [62.289353, 25.0977808], [62.28926989999998, 25.0977444], [62.2891492, 25.0977225], [62.2890606, 25.0977225], [62.2888675, 25.0977516], [62.2885752, 25.0978026], [62.2884196, 25.0978221], [62.2883972, 25.0978197], [62.2882614, 25.0978051], [62.2881326, 25.0977856], [62.28800649999999, 25.0977978], [62.2879288, 25.0978124], [62.2878027, 25.0978318], [62.2876337, 25.0978585], [62.2875103, 25.0978537], [62.2873709, 25.0978464], [62.28728229999999, 25.0978342], [62.287188499999985, 25.0978172], [62.2870275, 25.0978196], [62.2869498, 25.0978318], [62.2868532, 25.0978585], [62.2868273, 25.0978599], [62.2867164, 25.0978658], [62.2865716, 25.0978731], [62.28632480000001, 25.0979047], [62.28622019999999, 25.0979095], [62.286137, 25.0978852], [62.2860646, 25.0978561], [62.28598149999998, 25.0978658], [62.2858849, 25.0978877], [62.2857857, 25.0978877], [62.2856757, 25.0978998], [62.2855094, 25.0978974], [62.2853351, 25.0979095], [62.2852063, 25.097929], [62.2850186, 25.0979265], [62.2848684, 25.0979217], [62.284605499999984, 25.0979387], [62.2842836, 25.09798], [62.2840717, 25.0979678], [62.2838733, 25.0980188], [62.2836935, 25.098014], [62.2835219, 25.0980067], [62.2833046, 25.0979921], [62.2831652, 25.0979872], [62.2831142, 25.0979945], [62.28303910000001, 25.0980285], [62.2830015, 25.0980868], [62.2829398, 25.0981767], [62.2828513, 25.0982059], [62.2827172, 25.0982301], [62.2825912, 25.098218], [62.282508, 25.0981986], [62.2824168, 25.0981548], [62.282290799999984, 25.0980674], [62.282154, 25.0980042], [62.28202249999999, 25.0979994], [62.281875, 25.0980285], [62.2816014, 25.0980747], [62.281419, 25.098116], [62.2812045, 25.098116], [62.2809765, 25.0981524], [62.2807163, 25.0982131], [62.280491, 25.0982447], [62.2803864, 25.0982399], [62.2802871, 25.0982617], [62.2801611, 25.0983443], [62.2799358, 25.0984585], [62.2797856, 25.0985095], [62.2795576, 25.0985386], [62.2793618, 25.0985095], [62.27907479999999, 25.0984293], [62.27886560000001, 25.0984147], [62.278769, 25.0984317], [62.27863219999998, 25.0984876], [62.2784284, 25.0985459], [62.27818429999998, 25.0985848], [62.2779214, 25.0985508], [62.2777498, 25.0985022], [62.2774333, 25.098456], [62.2772697, 25.0984463], [62.277122099999985, 25.0984803], [62.2770041, 25.0985896], [62.2769424, 25.0986941], [62.2768056, 25.0988009], [62.2765589, 25.0988568], [62.27634969999998, 25.0988155], [62.2761995, 25.0987329], [62.2759822, 25.0986698], [62.2758186, 25.0986795], [62.2756684, 25.0987354], [62.275537, 25.0987427], [62.275427, 25.0987062], [62.2753921, 25.0986601], [62.2752902, 25.0985848], [62.2751561, 25.0985823], [62.274995099999984, 25.0985969], [62.274743, 25.0986091], [62.2745338, 25.0986212], [62.2743916, 25.0986139], [62.2742844, 25.0985775], [62.2741422, 25.0985605], [62.2739974, 25.0985702], [62.273823, 25.0985629], [62.2736943, 25.0985338], [62.2735628, 25.0985265], [62.2733295, 25.0985751], [62.2731873, 25.0985945], [62.272972799999984, 25.0986285], [62.2728842, 25.0986601], [62.27276089999999, 25.0986674], [62.2726428, 25.0986528], [62.27241489999999, 25.0986309], [62.272152, 25.0986261], [62.27197769999999, 25.0986382], [62.2717684, 25.0986601], [62.2716451, 25.0986698], [62.2715056, 25.0986674], [62.2713339, 25.0986771], [62.2712508, 25.0986844], [62.2711676, 25.0986989], [62.2710845, 25.0987111], [62.2709933, 25.0987232], [62.270912799999984, 25.0987645], [62.2707599, 25.0988228], [62.2706151, 25.098852], [62.27046760000001, 25.0988544], [62.2703925, 25.0988908], [62.2703603, 25.09892], [62.2702718, 25.0990608], [62.2702154, 25.0991483], [62.2701511, 25.0992333], [62.2700357, 25.0992819], [62.2699338, 25.099277], [62.2698131, 25.0992527], [62.2696951, 25.0992479], [62.2695851, 25.0992503], [62.2694778, 25.0992187], [62.2694483, 25.0991871], [62.2694054, 25.0991167], [62.269381299999985, 25.0990754], [62.2692659, 25.0990341], [62.2691667, 25.0990293], [62.269011099999986, 25.0990268], [62.2688904, 25.0990706], [62.2688395, 25.0991046], [62.2688073, 25.099158], [62.2688073, 25.0993086], [62.2687671, 25.0994009], [62.2686705, 25.0994811], [62.2685605, 25.0995491], [62.2683781, 25.0996559], [62.2682118, 25.0998187], [62.268126, 25.1000251], [62.2680777, 25.1001927], [62.2680348, 25.1003506], [62.26791140000001, 25.1005231], [62.2678363, 25.1005886], [62.2678122, 25.1006712], [62.267831, 25.1008728], [62.267828299999984, 25.1010501], [62.267782699999984, 25.1011764], [62.2676969, 25.1012784], [62.2676164, 25.1013197], [62.26753859999999, 25.1013149], [62.267434, 25.101276], [62.267383, 25.1012614], [62.2673213, 25.101276], [62.2672811, 25.1013222], [62.2672757, 25.1013805], [62.26729989999998, 25.1014533], [62.2673857, 25.1015626], [62.2674018, 25.1016136], [62.2673991, 25.1016938], [62.26735080000001, 25.1017958], [62.2672972, 25.1018832], [62.2672033, 25.1020411], [62.2671175, 25.1021626], [62.26693239999999, 25.1023642], [62.2668171, 25.1024735], [62.2667339, 25.1025293], [62.2665757, 25.1026216], [62.2664818, 25.1026775], [62.2664148, 25.1027528], [62.2662565, 25.1029714], [62.2661653, 25.103105], [62.2660312, 25.1032046], [62.2657925, 25.1033576], [62.265586, 25.1034572], [62.2652882, 25.1035592], [62.265105799999986, 25.1036199], [62.2648644, 25.1036879], [62.26468469999999, 25.1037122], [62.2645667, 25.1037219], [62.2643414, 25.1037608], [62.264151, 25.1038118], [62.2638908, 25.1038919], [62.2637272, 25.1039502], [62.2633141, 25.1040109], [62.26331179739355, 25.10401133566288], [62.26684914208966, 25.10663587054344], [62.280284050000034, 25.11660390800006], [62.283946160000085, 25.119940497000073], [62.287771030000044, 25.122259833000044], [62.29078209700003, 25.124741929000038], [62.29932701900003, 25.12881094000005], [62.30827884200005, 25.128159898000035], [62.31527754000007, 25.130194403000075], [62.31812584700003, 25.141831773000035], [62.303977272000054, 25.166923435000058], [62.2985612911754, 25.182100595233408], [62.2978449, 25.1827676], [62.2974211, 25.1831462], [62.2970027, 25.1835394], [62.29655209999998, 25.1839666], [62.296096099999986, 25.1843938], [62.2953182, 25.185122], [62.29447069999998, 25.1859473], [62.2938484, 25.1865201], [62.2932154, 25.1870589], [62.2921532, 25.1878793], [62.2913432, 25.1884812], [62.2907263, 25.1889812], [62.290163, 25.1893599], [62.2896266, 25.1897336], [62.2888917, 25.190287], [62.2882801, 25.1907385], [62.2877705, 25.191088], [62.2871643, 25.19152], [62.2865313, 25.1920054], [62.285893, 25.1925782], [62.2853404, 25.1930831], [62.284757692247624, 25.1935533570961], [62.28030221642605, 25.19650251539604], [62.27686544296918, 25.19877737657165], [62.27518383900008, 25.199890460000063], [62.26910161265162, 25.203413413219728], [62.2688287, 25.2035287], [62.2680254, 25.2038697], [62.265913199999986, 25.2047883], [62.2649208, 25.2051741], [62.26392569999999, 25.2055746], [62.2629708, 25.2059264], [62.2619784, 25.2063269], [62.26107179999999, 25.20672], [62.2598112, 25.2072175], [62.2587275, 25.2076883], [62.2578049, 25.2081251], [62.25682849999998, 25.2085959], [62.2558495, 25.2090327], [62.2543985, 25.2096588], [62.2529849, 25.2102097], [62.2518289, 25.2106344], [62.2503966, 25.211144], [62.24872830000001, 25.2116973], [62.2477519, 25.2119982], [62.2468507, 25.2122894], [62.24558515429254, 25.212646331645946], [62.22579194300005, 25.214054004000047], [62.19305303329188, 25.219860024938], [62.190385549626455, 25.220029676613755], [62.161038312940434, 25.218978246194116], [62.1609932, 25.2189723], [62.1598828, 25.2188364], [62.1591425, 25.2187442], [62.1581125, 25.2186375], [62.157163, 25.2185113], [62.1563315, 25.2184288], [62.1555269, 25.2183171], [62.154218, 25.2181327], [62.1532255, 25.2180017], [62.1523833, 25.2179435], [62.15150889999999, 25.2178367], [62.1510905, 25.2177833], [62.1504682, 25.2176959], [62.1493685, 25.2175649], [62.14891249999999, 25.2175018], [62.1482474, 25.2174145], [62.1473515, 25.2173077], [62.1467507, 25.21723], [62.1459621, 25.2170893], [62.1450716, 25.2169534], [62.14440110000001, 25.2168369], [62.14352129999999, 25.216701], [62.1424484, 25.2165457], [62.1415579, 25.2164098], [62.139675, 25.2160847], [62.138688, 25.2159148], [62.1379262, 25.2157547], [62.1373361, 25.215643], [62.13675139999998, 25.2155799], [62.1359736, 25.2155193], [62.13590938099633, 25.215511670822945], [62.10271243600005, 25.205145575000074], [62.08456066504836, 25.198748765645238], [62.0844188, 25.1986555], [62.0840433, 25.1984274], [62.0836195, 25.1982575], [62.0832521, 25.1981191], [62.0829034, 25.1979128], [62.0822999, 25.1975027], [62.0819566, 25.1972891], [62.0815837, 25.1970682], [62.08047329999999, 25.1964032], [62.07960959999998, 25.1958402], [62.07892702772097, 25.195401616570123], [62.06804520900005, 25.17814229000004], [62.05898864100004, 25.161635844000045], [62.07309004000007, 25.15058014500005], [62.07782756900008, 25.127713096000036], [62.08890159400005, 25.11842151600007], [62.09717858200008, 25.107123114000046], [62.08501193444278, 25.103537083393924], [62.08197036260453, 25.10264060228429], [62.0816857, 25.1026265], [62.0810473, 25.1025888], [62.0806798, 25.1026326], [62.0804572, 25.1026763], [62.0802426, 25.102754], [62.0800616, 25.1028621], [62.0799167, 25.1029216], [62.0797478, 25.1029592], [62.0788546, 25.1030673], [62.0786306, 25.1030831], [62.07843479999999, 25.103054], [62.0782685, 25.1030491], [62.0779735, 25.1030394], [62.0776033, 25.1030394], [62.0770079, 25.1031074], [62.0760798, 25.1032094], [62.0751572, 25.1033066], [62.074095, 25.1033746], [62.0732152, 25.1034232], [62.0726842, 25.1033964], [62.0724991, 25.1033649], [62.07238379999998, 25.1033114], [62.0722765, 25.1032264], [62.0722094, 25.1031633], [62.0721236, 25.1031268], [62.0720512, 25.1031293], [62.0719466, 25.1031875], [62.071844599999984, 25.1032823], [62.0717347, 25.103394], [62.0716059, 25.103513], [62.0713967, 25.1036466], [62.0710722, 25.1037972], [62.0707288, 25.1038895], [62.0703775, 25.1039429], [62.06957819999999, 25.1039769], [62.0680439, 25.1040158], [62.0670944, 25.1040304], [62.0661128, 25.1040547], [62.0651954, 25.1041081], [62.0642406, 25.1041615], [62.063334, 25.1041955], [62.0623684, 25.104215], [62.0612955, 25.104249], [62.0601475, 25.1042733], [62.0587957, 25.1043315], [62.0574331, 25.1043996], [62.0562529, 25.1044578], [62.0549118, 25.104555], [62.053163, 25.1047007], [62.049783499999975, 25.1049825], [62.045685, 25.1053031], [62.0409965, 25.1057888], [62.0372093, 25.1060512], [62.0327783, 25.1063718], [62.0293558, 25.1066632], [62.0253968, 25.1070227], [62.0220601, 25.1072753], [62.0183802, 25.107557], [62.0149469, 25.1077804], [62.0116317, 25.1080573], [62.0079839, 25.1083925], [62.0052481, 25.1086354], [62.0024908, 25.1088102], [61.9997442, 25.1090045], [61.9977593, 25.1092426], [61.9956994, 25.1094903], [61.994133, 25.1096554], [61.99272209999998, 25.1097623], [61.9907534, 25.1098789], [61.9887364, 25.1100392], [61.9872826, 25.1101363], [61.9845468, 25.1103355], [61.982422499999984, 25.1104763], [61.9782168, 25.1107775], [61.9758564, 25.1109087], [61.973893, 25.1110107], [61.9720477, 25.111103], [61.9700521, 25.1112584], [61.96787949999999, 25.1113361], [61.9649988, 25.111341], [61.9621718, 25.1114381], [61.9599187, 25.111511], [61.9571292, 25.1115644], [61.95483329999998, 25.1116907], [61.9532347, 25.1117247], [61.9513839, 25.1117976], [61.9500804, 25.1117927], [61.94881440000001, 25.1117733], [61.9478005, 25.1117733], [61.9468993, 25.1118364], [61.946566699999984, 25.1118437], [61.94629039999999, 25.1118146], [61.946006099999984, 25.1117781], [61.9457057, 25.111766], [61.9453919, 25.1117684], [61.94414729999998, 25.1117781], [61.9430423, 25.1117587], [61.941728, 25.111715], [61.9404995, 25.1116907], [61.9389278, 25.1116858], [61.93639839999999, 25.1116956], [61.935462399999984, 25.1116956], [61.935119, 25.1117053], [61.9348294, 25.1116883], [61.9345075, 25.1116348], [61.93420170000001, 25.1115984], [61.93385029999999, 25.1115717], [61.9321847, 25.1115596], [61.9301838, 25.1115353], [61.9277912, 25.1113944], [61.9259512, 25.1113313], [61.9239986, 25.1111564], [61.921632899999985, 25.1108601], [61.9192725, 25.1105589], [61.917303799999985, 25.1103015], [61.9152439, 25.1100149], [61.9135326, 25.1097332], [61.9118643, 25.1094223], [61.9102013, 25.1091211], [61.9086617, 25.1087957], [61.907385, 25.1085188], [61.9062531, 25.1082516], [61.9051909, 25.1079845], [61.90394639999999, 25.107693], [61.9025356, 25.1074016], [61.90100670000001, 25.1070664], [61.8992579, 25.1066486], [61.8977559, 25.1062746], [61.8963343, 25.1059297], [61.89495559999999, 25.1055557], [61.8935072, 25.1051185], [61.8922949, 25.104725], [61.8911898, 25.104385], [61.89114729016096, 25.104371558186806], [61.8901759, 25.1040644], [61.8891084, 25.1037292], [61.8879712, 25.1033551], [61.8867803, 25.1029617], [61.88569660000001, 25.102573], [61.8846452, 25.102233], [61.8837064, 25.1019464], [61.88282670000001, 25.1016355], [61.8817699, 25.1013246], [61.8806863, 25.1010088], [61.879784216151684, 25.100748707383435], [61.869883660000085, 25.08388906500005], [61.86849737058441, 25.080536178879328], [61.86642932948536, 25.07553440492099], [61.86638431100005, 25.075425523000035], [61.85809009556846, 25.06747061643628], [61.857432488000086, 25.066839911000045], [61.85618944119753, 25.06327617608026], [61.85600573064237, 25.062749489780746], [61.84734134200005, 25.037909247000073], [61.83521569100003, 25.038397528000075], [61.82193178479467, 25.03042719915079], [61.81485303300008, 25.026179956000078], [61.79047766500008, 25.01776278500006], [61.78021920689272, 25.016525337758758], [61.77801173300972, 25.01625905676037], [61.75486833000008, 25.013467337000066], [61.729551205000064, 25.02178265300006], [61.720064069000045, 25.037436401000036], [61.72575931100005, 25.05890534100007], [61.73585045700008, 25.069525458000044], [61.728526238000086, 25.08307526200008], [61.732432488000086, 25.091620184000078], [61.74952233200008, 25.104315497000073], [61.759762059296705, 25.11511086795988], [61.76002037900008, 25.115383205000057], [61.762705925000034, 25.121975002000056], [61.763035065446076, 25.12573660672619], [61.76384524800005, 25.13499583500004], [61.76677493600005, 25.145656643000052], [61.77648758029764, 25.157945506960804], [61.77841201686046, 25.160380388584894], [61.78012129000007, 25.162543036000045], [61.781612245907525, 25.166965075807926], [61.78215812736536, 25.168584110633077], [61.783117034076966, 25.17142814084857], [61.78370201900003, 25.173163153000075], [61.78305097700007, 25.187974351000037], [61.77955162900008, 25.191066799000055], [61.77369225400008, 25.188421942000048], [61.769127804653934, 25.186954798091996], [61.76847099246083, 25.186743679962564], [61.76685631600003, 25.18622467700004], [61.76675824388783, 25.186159295580747], [61.76579352762519, 25.18551615129588], [61.76392662900008, 25.18427155200004], [61.75513756600003, 25.175604559000078], [61.74952233200008, 25.173163153000075], [61.74431399800005, 25.174953518000052], [61.74390124146086, 25.17523888055146], [61.743658015472406, 25.17540703679381], [61.731130405000044, 25.184068101000037], [61.725352410000085, 25.18622467700004], [61.713633660000085, 25.188055731000077], [61.70753014400003, 25.192206122000073], [61.70248457100007, 25.197007554000038], [61.69418379000007, 25.200506903000075], [61.68279056100005, 25.201646226000037], [61.65015709700003, 25.200506903000075], [61.63412519600007, 25.203924872000073], [61.62419681100005, 25.204413153000075], [61.61247806100005, 25.200506903000075], [61.588226759000065, 25.202093817000048], [61.58187910200007, 25.21670156500005], [61.57976321700005, 25.23346588700008], [61.56234785200007, 25.24481842700004], [61.559255405000044, 25.25096263200004], [61.55445397200003, 25.25409577000005], [61.54468834700003, 25.24827708500004], [61.54184004000007, 25.242580471000053], [61.54037519600007, 25.226507880000042], [61.53728274800005, 25.220363674000055], [61.54281660200007, 25.215643622000073], [61.552744988000086, 25.20506419500009], [61.55836022200003, 25.200506903000075], [61.54985061669185, 25.20138051281109], [61.39220376970432, 25.301641245439768], [61.38045491056106, 25.407812601756255], [61.49794350199379, 25.598685562822155], [61.54493893856687, 25.810409837839636], [61.54493893856687, 25.990078577476122], [61.59193437513996, 26.169473065298725], [61.69767410742942, 26.359119759039384], [61.80341383971887, 26.47486218818483], [62.0501398817276, 26.47486218818483], [62.214623909733426, 26.516921521200686], [62.24987048716325, 26.653507914259663], [62.42610337431234, 26.705997708683014], [62.67282941632104, 26.74797213593198], [62.86081116261342, 26.76895354101037], [63.04879290890579, 26.737479980862435], [63.24852351434142, 26.789931070926205], [63.319016669201055, 26.978554112865606], [63.342514387487604, 27.229560346837697], [63.24852351434142, 27.407015047936955], [63.04879290890579, 27.386152767609055], [62.90780659918649, 27.396584399893328], [62.82556458518359, 27.43830108409668], [62.80206686689706, 27.58418523149807], [62.86081116261342, 27.885756551498382], [62.766380249000115, 28.211483257000047], [62.847436822091986, 28.274319662810708], [62.7465061513742, 28.322590853154], [62.606080870375536, 28.41474494380937], [62.391054658846336, 28.5376170646832], [62.206746477535596, 28.58588825502649], [62.057544616474516, 28.642936025432196], [61.895177885319825, 28.78774959646207], [61.772305764445996, 28.875515397086236], [61.69331654388425, 28.993999227928857], [61.561667842948005, 29.178307409239597], [61.54411468282317, 29.349450720456716], [61.473902042323836, 29.524982321705043], [61.355418211481215, 29.71367879304699], [61.258875830794636, 29.797056303639945], [61.19743977035772, 29.994529355044314], [61.70209312394667, 29.7707265634527], [62.43932584918964, 29.524982321705043], [62.57097455012589, 29.498652581517796], [62.737729571311796, 29.507429161580212], [62.829883661967166, 29.551312061892293], [63.64171731774067, 29.59958325223558], [63.94450932989404, 29.652242732610077], [64.18147699157927, 29.678572472797327], [64.33945543270278, 29.64346615254766], [64.71684837538668, 29.5557003519235], [64.80022588597963, 29.52937061173625], [65.02841696760245, 29.542535481829876], [65.5901180915971, 29.595194962204374], [65.9148515539065, 29.718067083078203], [66.12110118537329, 29.89359868432653], [66.19131382587263, 30.170060956292645], [66.17376066574779, 30.529900738851715], [66.26591475640316, 30.83708104103629], [66.52043557821324, 31.07404870272153], [66.70913204955518, 31.183755953501734], [66.91976997105317, 31.42072361518698], [67.17867908289446, 31.359287554750065], [67.38931700439245, 31.25396859400107], [67.56046031560957, 31.24958030396986], [67.63944953617131, 31.289074914250737], [67.63506124614011, 31.407558745093358], [67.50780083523507, 31.504101125779936], [67.59556663585923, 31.626973246653765], [67.72721533679548, 31.61819666659135], [67.87202890782534, 31.65769127687222], [67.98612444863676, 31.76739852765243], [68.13971459972903, 31.89904722858867], [68.2801398807277, 31.942930128900755], [68.47761293213208, 31.938541838869547], [68.64436795331798, 31.863940908339007], [68.72774546391094, 31.76739852765243], [68.8681707449096, 31.705962467215514], [69.00859602590826, 31.719127337309136], [69.10513840659485, 31.824446298058135], [69.1885159171878, 32.035084219556126], [69.25104903100004, 32.130649720000065], [69.25998905400007, 32.23681894900003], [69.26443322800007, 32.32236928400008], [69.22800134300007, 32.42130381300008], [69.25156579600008, 32.500549621000104], [69.34354984600009, 32.55605011000007], [69.41910079000006, 32.70045990000001], [69.38323734600004, 32.74446238300008], [69.38716475400014, 32.785338440000075], [69.48721032700011, 32.8858749390001], [69.46850345900003, 32.99429209500006], [69.51418542500004, 33.056691386000104], [69.65019779400005, 33.08185780900005], [69.77184411600011, 33.11477569599998], [69.88093306500008, 33.089247539000056], [69.9947245680001, 33.1273330690001], [70.12479414900014, 33.199034119000075], [70.29444787600005, 33.31894928000006], [70.5151928944556, 33.572679404601445], [70.5445650423138, 33.67051361165792], [70.26259242287526, 33.74381632617367], [70.18622483844399, 33.82681706236883], [70.21884525600007, 33.98069183400006], [70.27558597800004, 33.97617014600003], [70.30989912900003, 33.9616749070001], [70.3281925870001, 33.957282410000104], [70.40896285000014, 33.95441436800002], [70.49149011200005, 33.93960907000009], [70.52197920700007, 33.938704732000055], [70.65618290200013, 33.9547502650001], [70.79131677300005, 33.95356170700008], [70.86221683700012, 33.964775492000044], [70.87999353000004, 33.994256898000046], [70.88433435100012, 34.00704681500012], [70.89430790300014, 34.00937225400008], [70.92123132300014, 34.00224090600001], [70.93973148600008, 34.00092315700007], [70.95399418200003, 34.00482472700013], [70.96572473200013, 34.013816427000066], [70.97714522300004, 34.02740732800006], [70.99771244300013, 34.03332428000006], [71.04670170100013, 34.041876729000094], [71.06261804200004, 34.05425323500004], [71.0672689210001, 34.073011780000044], [71.06385827700007, 34.08892812100008], [71.06277307100008, 34.10530955000003], [71.07388350400002, 34.125256653000044], [71.10178877800006, 34.15181833900005], [71.1080933020001, 34.165228373], [71.1094885660001, 34.189206238], [71.10654301000011, 34.20938588500009], [71.09687951700005, 34.244344991], [71.09708622300013, 34.26245758100003], [71.12638675900006, 34.332220764000056], [71.12204593900009, 34.35681874600006], [71.05093916900005, 34.38978831000009], [71.01982995600012, 34.41443796900002], [70.99151127200014, 34.4430667110001], [70.97084069800012, 34.4688790900001], [70.96122888200011, 34.48761179600008], [70.95564782700006, 34.51001352999999], [70.95699141500006, 34.53200185200005], [70.96867028900003, 34.549726868000064], [70.9833559470001, 34.55525610700006], [70.98582686400009, 34.55618642200004], [71.00696252500012, 34.55634145100008], [71.04752852400013, 34.55112213200005], [71.06582198100011, 34.55846018500004], [71.07657067900003, 34.578510641], [71.07987797100003, 34.60290191600002], [71.07626062000013, 34.623624166000056], [71.06876753700003, 34.64594838500001], [71.0701628010001, 34.66124460900006], [71.08060144100006, 34.672923483000055], [71.15093306500006, 34.72031077100002], [71.18953536000004, 34.73705393500008], [71.20307458500012, 34.748164368000076], [71.2556295170001, 34.81022776300004], [71.2708223880001, 34.844282532000086], [71.2894775800001, 34.87503000900007], [71.32492761200012, 34.89756093400008], [71.4452387970001, 34.93775674800012], [71.45995813000013, 34.94267445900004], [71.46956994700014, 34.94970245400004], [71.47670129500005, 34.96029612300001], [71.48538293500013, 34.98349884100012], [71.49334110500007, 34.994040833], [71.49334110500007, 34.994144185000025], [71.4934444580001, 34.994144185000025], [71.50429650900013, 35.000603739000084], [71.51132450400006, 35.00871693900007], [71.51297815000004, 35.01812205000003], [71.50750044800003, 35.028198954000075], [71.50894738800014, 35.07202056900009], [71.5349923100001, 35.098582256], [71.60413537600009, 35.13816640200006], [71.62925012200003, 35.17010243800002], [71.6379317630001, 35.189687806000066], [71.63369429600004, 35.20312367800001], [71.60320520000003, 35.22338084000002], [71.54780806400008, 35.275625712000085], [71.52982466700006, 35.30089548800007], [71.53158166500009, 35.327922262000115], [71.56227746600013, 35.360581767], [71.61106001800005, 35.395463359000054], [71.62087854000004, 35.41013946500006], [71.62242883300007, 35.429621481000034], [71.61395389800003, 35.44321238200006], [71.60072473100006, 35.45545969600006], [71.59342197900014, 35.46419378800003], [71.58780562400005, 35.470910950000054], [71.58170780500005, 35.49313181600008], [71.58604862500005, 35.512097066000074], [71.5928699140001, 35.530183817000065], [71.5934900310001, 35.549355774000084], [71.58418827400004, 35.56418691100003], [71.56785852100012, 35.57421213800005], [71.51277144300006, 35.596277975000035], [71.49272098800002, 35.60955881800006], [71.48331587700004, 35.62656036400007], [71.49592492600009, 35.64661082000002], [71.51401167800009, 35.66557607100005], [71.51979943800006, 35.68376617500008], [71.51535526600007, 35.701491191], [71.50274621600005, 35.719061178000075], [71.49613163300005, 35.72459055600008], [71.4813521730001, 35.73409902000007], [71.47556441300003, 35.74102366100005], [71.47112024000006, 35.75228912400011], [71.47101688700013, 35.76133250000008], [71.47205041500006, 35.76996246300002], [71.47091353400009, 35.779936015000125], [71.46440230300003, 35.79471547400006], [71.43101932800003, 35.84370473300005], [71.41670495600005, 35.85884592700008], [71.37133304900004, 35.88514923100011], [71.36068770400003, 35.90029042600012], [71.35639856000004, 35.933053284000025], [71.34156742400006, 35.94726430300009], [71.31252526900005, 35.957392883000054], [71.28430993600011, 35.962457174], [71.25743819200011, 35.97155222600009], [71.23191003400005, 35.99397979800009], [71.21785404400003, 36.00271311400006], [71.18188724800007, 36.01883616200005], [71.17093184400011, 36.02700103700006], [71.16991342200004, 36.03080174600002], [71.16591923000003, 36.045707906000025], [71.17537601700008, 36.061159159000034], [71.20762211100003, 36.087617493000025], [71.21263472600002, 36.096815898000024], [71.2176990160001, 36.118054912], [71.22307336400006, 36.125392965000096], [71.26229577600003, 36.146115215000016], [71.29268151800005, 36.15789744100003], [71.30208662900002, 36.1633234670001], [71.30901127100007, 36.17272857700005], [71.31397220900004, 36.19401926700003], [71.31913985200002, 36.20058217400009], [71.38244348100004, 36.218565573000014], [71.40275232000003, 36.231381327000086], [71.4790784100001, 36.30052439400008], [71.49582157400005, 36.30961944600004], [71.51463179500007, 36.315200501000064], [71.53891971800005, 36.319282939000075], [71.55835005700004, 36.32786122700009], [71.55266565000011, 36.34098704100007], [71.54222701000008, 36.35638661800006], [71.5471879480001, 36.371631165000096], [71.57230269400002, 36.39168162000006], [71.58036421700011, 36.40232696500003], [71.58873579900012, 36.41845001300002], [71.60072473100006, 36.4493008430001], [71.61043990000007, 36.45793080600006], [71.6291467690001, 36.459532776000074], [71.64930057800005, 36.45276316300005], [71.7068681230001, 36.42144724500004], [71.73632369000012, 36.3959190880001], [71.75099979700008, 36.3911131790001], [71.76691613800011, 36.39183665000009], [71.78262577300005, 36.39653920500005], [71.794408, 36.407597962000075], [71.7915141200001, 36.421292216], [71.77456425000008, 36.448422343000075], [71.77322066200014, 36.48004832000004], [71.7937878820001, 36.49074534100004], [71.85859012900004, 36.494155986000074], [71.87471317600011, 36.49906524600003], [71.88763228300013, 36.50800526900007], [71.89972456900011, 36.51834055600007], [71.91347050000012, 36.527590637000074], [71.96090946500004, 36.54960479700004], [71.97703251100012, 36.56304067000009], [71.99780643800005, 36.572445780000045], [72.03883752500006, 36.580455627000035], [72.0549605710001, 36.592857972], [72.05630415900004, 36.601901347000066], [72.05217004400004, 36.610376282000075], [72.05041304500014, 36.61864451200001], [72.0590946860001, 36.627119446], [72.07087691200007, 36.63228708900002], [72.09609501100005, 36.6389016720001], [72.15417932100013, 36.64546457900009], [72.17164595600008, 36.653629456000104], [72.16461796100008, 36.67006256200007], [72.14963179600011, 36.6893378700001], [72.15345585200002, 36.70210194900009], [72.16968225100004, 36.711352031], [72.2136072190001, 36.726441549000086], [72.3019739180001, 36.742719625000014], [72.34620894400011, 36.74489003500009], [72.38734338400006, 36.75579376200007], [72.43312870300012, 36.75341664600005], [72.45410933400012, 36.757964173000076], [72.51674117000003, 36.80059722900005], [72.56521366400011, 36.82059600800009], [72.62960249900009, 36.83294667600005], [72.69585168500004, 36.836719055000074], [72.77936079900007, 36.826797180000064], [72.86772749800012, 36.830414531000045], [72.89687300600013, 36.83697743700013], [72.92105757600011, 36.847364400000046], [72.94586226400013, 36.85222198500008], [72.97676477100003, 36.84209340400012], [72.99051070200005, 36.84157664100008], [73.00229292800007, 36.846124166000024], [73.02627079300008, 36.85945668500004], [73.0424971920001, 36.86426259400003], [73.19184208200004, 36.877026673000024], [73.2234680580001, 36.87433949799998], [73.25271691900014, 36.86803497300006], [73.26749637900012, 36.86653635700007], [73.28186242700012, 36.867983297000066], [73.33178186100008, 36.882090963000095], [73.37973759000005, 36.87924875900002], [73.44588342300011, 36.88648346000009], [73.47688928200012, 36.882866109000084], [73.50934208200003, 36.87868031800006], [73.64008345600007, 36.89663787800004], [73.70948256500003, 36.89422106100001], [73.71112830200012, 36.894163748000054], [73.71133490400007, 36.89415655300009], [73.71184199056079, 36.89413889401534], [73.71184199061537, 36.89413889439441], [73.77289188700007, 36.89201283800009], [73.83407678300004, 36.882866109000084], [73.86508264200012, 36.8725824990001], [73.94693811000013, 36.830879618000075], [73.97670373600003, 36.82483347600005], [74.00636600700011, 36.81573842400006], [74.03530480900014, 36.81558339400003], [74.0943192950001, 36.83124135400008], [74.1039311120001, 36.84131825800002], [74.10878869600003, 36.875631409000036], [74.11529992700008, 36.889532369], [74.12966597500008, 36.89842071600013], [74.14599572800012, 36.9017021690001], [74.2117281500001, 36.89513926200002], [74.2357060150001, 36.90216725700004], [74.28459191900009, 36.93423248300006], [74.36810103300007, 36.976762187000126], [74.39404260300012, 36.9940221150001], [74.43559045400013, 37.003220521000095], [74.45698449700012, 37.004383240000024], [74.47662154100004, 36.999318950000045], [74.48034224400008, 36.996915995000094], [74.48364953600009, 36.99397043900008], [74.50173628700009, 36.97242136700005], [74.52137333100012, 36.95849456800006], [74.53739302600006, 36.96224110900006], [74.54421431500003, 36.9940221150001], [74.5481417240001, 37.00164439000006], [74.54927860600002, 37.00893076600006], [74.54741825400009, 37.01567454000009], [74.54235396300002, 37.021669006000124], [74.56178430200009, 37.02967885400009], [74.62606978300005, 37.04275299100006], [74.66244999200006, 37.054483541000046], [74.67795292100004, 37.05169301400006], [74.69221561700004, 37.03588002600007], [74.71919071500007, 37.01644968700001], [74.79257124800012, 37.01515777600003], [74.82430057800012, 36.99412546800003], [74.82450728400009, 36.99412546800003], [74.8532393800001, 36.95898549400009], [74.86088749200007, 36.94689320900001], [74.86677860500008, 36.91655914300007], [74.87235966000007, 36.907102356000095], [74.88579553300012, 36.91144317600008], [74.8919967040001, 36.92097747800006], [74.90078169800012, 36.949916280000124], [74.91049686700006, 36.96255116800005], [74.92496626800009, 36.970871074], [74.91681108922918, 36.978285452611736], [74.9508731319355, 36.98954563201878], [74.99464707938037, 36.993782494446066], [75.03293168936432, 37.01630285326016], [75.04869594053419, 37.0027906379717], [75.10274480168799, 37.008983736645575], [75.14215542961264, 37.024184978845085], [75.16129773460462, 37.00729470973452], [75.15623065387145, 36.997160548268184], [75.17818800371518, 36.97970727018726], [75.21647261369912, 36.971825144602334], [75.23730394560216, 36.95718691137318], [75.27784059146751, 36.97126213563198], [75.3790722434414, 36.94999315222464], [75.42298694312886, 36.877928004019566], [75.42636499695098, 36.796854712288855], [75.4205215796298, 36.776104752776064], [75.43487830837378, 36.7533028894768], [75.44476783732095, 36.74452909961987], [75.45514663130646, 36.720366864711195], [75.46464960693493, 36.71803345643955], [75.5018763758457, 36.73275306205894], [75.50188195800013, 36.73796539300004], [75.51478049746113, 36.725033681254516], [75.53364129796792, 36.72081111397687], [75.53898988318628, 36.74304996830578], [75.52829271274958, 36.75712519256459], [75.53533032487898, 36.77288944373445], [75.58400750864958, 36.76983028171196], [75.66733283626169, 36.772082317593366], [75.75403621769594, 36.73267168966871], [75.84411765295228, 36.6774968105742], [75.93870315997145, 36.60543166236912], [76.12337010224695, 36.560390944740945], [76.21457755544401, 36.52886244240123], [76.2866427036491, 36.50071199388362], [76.41062154700346, 36.525247062594694], [76.7173661530936, 36.39238630759659], [77.08756166755376, 36.44033744326914], [77.28052024272644, 36.38475264038059], [77.47941244685308, 36.29997735457068], [77.54250230534713, 36.09406750023543], [77.74019652552492, 36.05363655377273], [77.91301287421611, 35.99584689524306], [78.13821646235697, 35.95080617761489], [78.39269651695615, 35.9530582134963], [78.62015214097843, 35.940672016148554], [78.8746321955776, 35.86973288588418], [79.0600151450291, 35.92844765435397], [79.22271924794582, 35.86936538558997], [79.44152821393726, 35.90118439487722], [79.61739238194617, 35.77879455368027], [80.0163231184195, 35.612163979336316], [80.11541269720149, 35.54009883113124], [80.20099006069502, 35.508570328791514], [80.25684362179108, 35.47707475563879], [80.24528014007008, 35.43497923573844], [80.25053485008601, 35.16175680305458], [80.21468371442127, 35.12286519902451], [80.11784617152071, 35.0688163378707], [80.07398205467041, 35.08099580536215], [80.03226880802718, 35.04066588935309], [80.04015093361211, 34.9899950820214], [80.03677287978999, 34.90441771852787], [79.99511021598393, 34.888653467358004], [79.99398419804322, 34.8616290367811], [79.94876204197725, 34.83746363613172], [79.93464393226962, 34.80207324413604], [79.92619879771433, 34.78405695708477], [79.9171906541887, 34.76547766106315], [79.89861135816709, 34.718747916523924], [79.876090999353, 34.63373356200074], [79.86088975715349, 34.53520699218911], [79.79397220205543, 34.43102529638031], [79.66050144915694, 34.269950594016734], [79.48484265040706, 34.06276329292714], [79.363232712811, 33.9771859294336], [79.11100469409322, 33.98619407295924], [78.95336218239461, 34.013218503536145], [78.795719670696, 34.026730718824595], [78.63357308723458, 34.02222664706178], [78.6921260201512, 33.86008006360036], [78.84976853184982, 33.6664049777992], [78.95244509356401, 33.37712118215285], [79.02993140236251, 33.16194894036366], [79.10650062233042, 33.06285936158168], [79.19207798582394, 32.97277792632533], [79.29116756460593, 32.8872005628318], [79.3362082822341, 32.82414355815236], [79.44867152331581, 32.7104393881194], [79.4216470927389, 32.657516544906294], [79.40700885950974, 32.61472786315952], [79.41376496715397, 32.523520409962465], [79.33678999900006, 32.53566375800004], [79.28652493985437, 32.54153669701374], [79.2437362581076, 32.51901633819965], [79.21524703000006, 32.507913513000105], [79.19116581200011, 32.504270325], [79.16140018800013, 32.496467184], [79.13287479700011, 32.4854601040001], [79.11292769400006, 32.47238596700005], [79.10290246600003, 32.449855042000124], [79.09174035700009, 32.390556335000035], [79.07530725100013, 32.370790100000036], [79.0663155520001, 32.37006663100006], [79.03965051300008, 32.37598358100005], [79.02817834500006, 32.37709462600004], [79.01474247300007, 32.373994039000095], [78.98983443200012, 32.36409800300002], [78.97619185400002, 32.36161753300006], [78.94342899600014, 32.346372986000105], [78.9112862550001, 32.354744568000065], [78.73266266601657, 32.342207879530896], [78.65158937428585, 32.373736381870614], [78.53898758021542, 32.35572009481935], [78.48944279082443, 32.207085726646376], [78.50295500611288, 31.977378066742688], [78.59754051313205, 31.828743698569713], [78.67861380486276, 31.68461340215956], [78.69663009191403, 31.572011608089124], [78.69331413680615, 31.471139473798072], [78.73106029908644, 31.255551777567078], [78.8993133212408, 31.054043355365128], [78.98939475649715, 30.887392700140882], [79.14703726819576, 30.815327551935805], [79.27315127755465, 30.819831623698622], [79.43980193277888, 30.87388048485243], [79.69393819810067, 30.881727792780236], [79.95647062749235, 30.785224474308947], [80.02868072546808, 30.73656952463278], [80.265144493016, 30.551902582357258], [80.74095851455999, 30.238722661207554], [80.74095851455999, 30.238722661207554], [80.61159564923491, 30.00042264613505], [80.46861564019142, 29.857442637091545], [80.38691277788084, 29.748505487344115], [80.29840134371106, 29.58509976272297], [80.24393276883734, 29.41488546624261], [80.27797562813342, 29.24467116976225], [80.2235070532597, 29.115308304437175], [80.1826556221044, 28.9382854360976], [80.1349956190899, 28.856582573787026], [80.16903847838599, 28.78168828333567], [80.35286991858477, 28.78168828333567], [80.81585280501136, 28.482111121530234], [80.9247899547588, 28.3731739717828], [81.13585568239445, 28.3731739717828], [81.27883569143795, 28.332322540627516], [81.56479570952494, 28.025936806962868], [81.81671286831589, 27.835296794904863], [82.11629003012132, 27.76721107631272], [82.30012147032011, 27.76721107631272], [82.6677843507177, 27.760402504453506], [82.94012722508627, 27.59699677983236], [83.25332153061014, 27.50848534566257], [83.44396154266813, 27.590188207973142], [83.757155848192, 27.549336776817857], [84.01588157884214, 27.522102489381], [84.24056445019622, 27.55614534867707], [84.39035303109894, 27.501676773803357], [84.5605673275793, 27.454016770788854], [84.70354733662279, 27.242951043153216], [84.73078162405966, 27.12720532154657], [84.94865592355451, 27.12720532154657], [85.0848273607388, 27.05231103109521], [85.75887597480104, 26.745925297430563], [85.9290902712814, 26.745925297430563], [86.24228457680526, 26.684648150697633], [86.52143602303305, 26.58932814466863], [86.8278217566977, 26.562093857231773], [87.00484462503728, 26.671031006979206], [87.09335605920707, 26.732308153712133], [87.18867606523607, 26.657413863260775], [87.27718749940585, 26.582519572809417], [87.40655036473092, 26.54847671351335], [87.5835732330705, 26.59613671652785], [87.71974467025478, 26.602945288387065], [87.917193254172, 26.541668141654135], [88.12583395125084, 26.547957076075704], [88.14734265332135, 26.68631653053975], [88.13029128887128, 26.929516612447358], [88.06498224831043, 27.031984245051458], [88.05372206890338, 27.107427447078653], [88.08578718916796, 27.20816206769589], [88.06723428419183, 27.42271247047589], [88.11464183808923, 27.433591055211224], [88.23038755969587, 27.372313908478294], [88.34613328130251, 27.31784533360458], [88.50953900592366, 27.324653905463794], [88.65251901496715, 27.270185330590078], [88.76145616471459, 27.22252532757558], [88.91124474561731, 27.13401389340579], [89.03379903908316, 27.07273674667286], [89.46273906621366, 27.025076743658357], [89.72146479686381, 27.01145959993993], [90.32742769233391, 26.9978424562215], [90.74955914760521, 26.9978424562215], [91.409990617949, 27.011459599939926], [92.13169923502574, 27.045502459235998], [92.83979070838404, 27.16124818084264], [93.2891564510922, 27.31103676174536], [93.64320218777134, 27.59018820797315], [93.94958792143598, 27.828488223045653], [94.2423565113822, 28.066788238118157], [94.63044510735742, 28.37317397178281], [94.8619365505707, 28.57743112755924], [95.14789656865771, 28.693176849165887], [95.42023944302629, 28.686368277306673], [95.76066803598701, 28.611473986855312], [96.02620233849638, 28.454876834093383], [96.25769378170966, 28.359556828064385], [96.41796374967448, 28.397716344246486], [96.47057720161189, 28.29112466029127], [96.58052516980864, 28.025956031110873]], [[72.96503134165641, 20.350889585813004], [72.96094741252901, 20.351297978725743], [72.95604669757613, 20.352523157463963], [72.95032919679777, 20.352114764551224], [72.94420330310668, 20.350481192900265], [72.940527766892, 20.345988870860122], [72.94093615980475, 20.34190494173272], [72.93766901650282, 20.33904619134354], [72.93235990863721, 20.32189368900846], [72.93644383776461, 20.316176188230095], [72.94175294563023, 20.316176188230095], [72.94992080388504, 20.315767795317356], [72.95441312592517, 20.312092259102695], [72.9597222337908, 20.308416722888033], [72.96298937709271, 20.307599937062555], [72.96870687787107, 20.313317437840915], [72.9903517022463, 20.32189368900846], [72.9985195605011, 20.326794403961337], [73.0005615250648, 20.33496226221614], [72.99974473923932, 20.340271370081762], [72.99157688098452, 20.342721727558203], [72.98994330933355, 20.350072799987522], [72.98667616603164, 20.348439228336563], [72.9862677731189, 20.357015479504106], [72.97850830777683, 20.355790300765886], [72.98055027234054, 20.360691015718764], [72.97728312903861, 20.359874229893286], [72.97564955738765, 20.362732980282466], [72.96911527078382, 20.362732980282466], [72.96707330622012, 20.354973514940404], [72.96503134165641, 20.350889585813004]], [[73.08368950010994, 20.34356886388466], [73.05470095594742, 20.349366572717162], [73.0363415446445, 20.337771155052156], [73.01121813970366, 20.311681465305895], [72.99382501320615, 20.29042319958672], [72.9455107729353, 20.284625490754216], [72.90782566552403, 20.277861497116294], [72.91458965916195, 20.239210104899612], [72.94261191851903, 20.244041528926697], [72.96097132982197, 20.238243820094194], [72.96966789307072, 20.220850693596688], [72.97256674748697, 20.19282843423959], [72.97546560190322, 20.16577245968791], [72.97643188670864, 20.147413048384987], [72.99672386762239, 20.138716485136236], [73.00638671567657, 20.120357073833308], [73.01508327892532, 20.092334814476214], [73.04117296867159, 20.074941687978704], [73.07982436088827, 20.08653710564371], [73.09045349374786, 20.07687425758954], [73.11074547466161, 20.07397540317329], [73.14070030362954, 20.075907972784123], [73.15036315168372, 20.07397540317329], [73.19384596792749, 20.078806827200374], [73.21993565767374, 20.09040224486538], [73.22090194247916, 20.11359308019539], [73.19964367675999, 20.131952491498314], [73.1948122527329, 20.151278187606657], [73.18708197428957, 20.177367877352918], [73.1832168350679, 20.202491282293764], [73.17645284142998, 20.208288991126263], [73.1493968668783, 20.2102215607371], [73.13683516440788, 20.198626143072094], [73.13586887960246, 20.182199301380003], [73.10784662024537, 20.19282843423959], [73.08852092413703, 20.20345756709918], [73.08272321530453, 20.228580972040024], [73.0991500569966, 20.238243820094194], [73.12040832271579, 20.261434655424207], [73.13683516440788, 20.31361403491673], [73.11654318349412, 20.36965855363092], [73.09141977855327, 20.35999570557675], [73.08368950010994, 20.34356886388466]], [[75.52975976530524, 11.70908421556934], [75.53095454479966, 11.708215285027956], [75.53171485902337, 11.708975599251668], [75.53258378956475, 11.710496227699092], [75.53725429122468, 11.711582390875826], [75.53790598913073, 11.71581842726508], [75.54800730667434, 11.715927043582754], [75.55007101671013, 11.717230439394834], [75.5510485635692, 11.719185533112952], [75.55332950624033, 11.719402765748297], [75.55376397151102, 11.720380312607357], [75.5543070530994, 11.723638802137554], [75.55365535519334, 11.726462826397057], [75.553438122558, 11.728526536432849], [75.5489848535334, 11.731350560692354], [75.54344542133207, 11.732762572822105], [75.54279372342602, 11.735043515493244], [75.54159894393162, 11.736021062352302], [75.54149032761394, 11.738084772388094], [75.54268510710834, 11.747534392025665], [75.54344542133207, 11.747968857296357], [75.5436626539674, 11.752856591591653], [75.54398850292043, 11.755246150580463], [75.54485743346181, 11.756875395345562], [75.54344542133207, 11.759916652240413], [75.5417075602493, 11.760894199099472], [75.53855768703677, 11.761002815417145], [75.53834045440142, 11.762740676499917], [75.53595089541261, 11.76219759491155], [75.53605951173029, 11.760351117511105], [75.53497334855355, 11.760459733828778], [75.53410441801216, 11.75980803592274], [75.53258378956474, 11.759264954334373], [75.53095454479964, 11.758070174839968], [75.53258378956474, 11.757635709569275], [75.53247517324706, 11.756549546392543], [75.53247517324706, 11.753725522133038], [75.53345272010613, 11.75242212632096], [75.53595089541261, 11.75177042841492], [75.53692844227167, 11.750032567332148], [75.53866630335443, 11.749706718379128], [75.53975246653117, 11.746882694119625], [75.53986108284884, 11.744275902495469], [75.53877491967212, 11.73558659708161], [75.53758014017771, 11.734609050222552], [75.53627674436564, 11.734500433904879], [75.53301825483544, 11.734717666540226], [75.53182347534103, 11.731785025963047], [75.5279132879048, 11.729612699609582], [75.52660989209271, 11.725919744808694], [75.52704435736341, 11.723204336866862], [75.52845636949317, 11.718425218889239], [75.52965114898757, 11.71647012517112], [75.53149762638802, 11.715275345676716], [75.531171777435, 11.713537484593944], [75.5307373121643, 11.711908239828846], [75.5299769979406, 11.710604844016766], [75.52975976530524, 11.70908421556934]], [[79.68385574993872, 11.800560050962899], [79.69015549636376, 11.802515144681017], [79.69058996163446, 11.809249356376759], [79.68581084365684, 11.81337677644834], [79.67625260770158, 11.81337677644834], [79.67473197925416, 11.804904703669829], [79.68016279513783, 11.796432630891317], [79.68385574993872, 11.800560050962899]], [[79.64931576091863, 11.812942311177647], [79.65843953160318, 11.811204450094875], [79.67212518763, 11.813594009083687], [79.67060455918258, 11.822500547132892], [79.66061185795664, 11.82445564085101], [79.66343588221615, 11.837706831607143], [79.6477951324712, 11.843572112761498], [79.64171261868151, 11.822283314497545], [79.64931576091863, 11.812942311177647]], [[79.6964552427888, 11.873767449074656], [79.69667247542415, 11.861385188859908], [79.69949649968366, 11.861819654130601], [79.69949649968366, 11.873767449074656], [79.6964552427888, 11.873767449074656]], [[79.6482295977419, 11.880067195499704], [79.64127815341082, 11.882022289217822], [79.64192985131686, 11.885715244018712], [79.63628180279785, 11.88701863983079], [79.63584733752717, 11.881153358676436], [79.63171991745558, 11.880936126041089], [79.62933035846677, 11.888322035642869], [79.6215099835943, 11.890928827267027], [79.60782432756747, 11.878546567052279], [79.60413137276657, 11.88397738293594], [79.5995694874243, 11.883760150300594], [79.60195904641311, 11.871377890085846], [79.59935225478895, 11.861385188859908], [79.61846872669945, 11.86377474784872], [79.61955488987618, 11.870726192179806], [79.62650633420726, 11.870291726909112], [79.62520293839519, 11.858343931965058], [79.64127815341082, 11.850523557092586], [79.6519225525428, 11.851392487633971], [79.66321864958081, 11.861385188859908], [79.65539827470835, 11.870291726909112], [79.64801236510657, 11.87181235535654], [79.6482295977419, 11.880067195499704]], [[79.67616520550845, 11.946529350570955], [79.68050985821539, 11.946963815841649], [79.68746130254648, 11.952177399089964], [79.6918059552534, 11.968252614105602], [79.68724406991113, 11.971945568906492], [79.68137878875677, 11.965428589846098], [79.66704143482391, 11.968035381470255], [79.66486910847044, 11.956739284432238], [79.65726596623333, 11.958259912879665], [79.65704873359797, 11.9560875865262], [79.66313124738767, 11.949787840101152], [79.67616520550845, 11.946529350570955]], [[79.65683150096264, 11.9130755247276], [79.66226231684631, 11.913292757362946], [79.66182785157561, 11.91850634061126], [79.66856206327134, 11.91872357324661], [79.67008269171876, 11.936319416709672], [79.66074168839886, 11.937405579886404], [79.65704873359797, 11.948484444289074], [79.652052382985, 11.947832746383034], [79.652052382985, 11.943488093676105], [79.64249414702977, 11.942619163134719], [79.64184244912371, 11.953915260172735], [79.64727326500739, 11.953480794902042], [79.64814219554877, 11.96716645092887], [79.64053905331164, 11.970642173094413], [79.64010458804094, 11.976507454248766], [79.63728056378145, 11.978679780602231], [79.6398873554056, 11.991930971358366], [79.63684609851074, 11.996058391429948], [79.6370633311461, 11.998230717783413], [79.64184244912371, 11.998882415689453], [79.64814219554879, 12.018433352870634], [79.65161791771433, 12.02234354030687], [79.64227691439443, 12.028426054096572], [79.63749779641681, 12.0266881930138], [79.62489830356671, 12.0327707068035], [79.6285912583676, 12.01930228341202], [79.6257672341081, 12.01495763070509], [79.62011918558909, 12.01495763070509], [79.6196847203184, 12.000185811501531], [79.62707062992018, 12.000403044136878], [79.62316044248395, 11.989975877640248], [79.61664346342356, 11.989541412369556], [79.61859855714167, 11.982372735403123], [79.62424660566067, 11.98193827013243], [79.62424660566067, 11.976507454248766], [79.61838132450632, 11.970207707823718], [79.62728786255552, 11.968687079376293], [79.62707062992018, 11.96455965930471], [79.62902572363829, 11.946094885300262], [79.61838132450632, 11.942836395770065], [79.61772962660028, 11.925240552307002], [79.62837402573226, 11.920461434329379], [79.6257672341081, 11.90330005613701], [79.6285912583676, 11.901344962418891], [79.63967012277027, 11.901344962418891], [79.640756285947, 11.908296406749978], [79.65574533778592, 11.908296406749978], [79.65683150096264, 11.9130755247276]], [[79.6936312185293, 11.824238408215663], [79.69232782271722, 11.812725078542302], [79.70384115239058, 11.813594009083687], [79.70036543022503, 11.824238408215663], [79.6936312185293, 11.824238408215663]], [[88.3759009679823, 22.86414529864016], [88.37736728827089, 22.86572023524642], [88.38133178386596, 22.868327026870578], [88.38304737011796, 22.86967157808428], [88.37989749690544, 22.87477654501492], [88.37587869315153, 22.874993777650268], [88.37544422788083, 22.87673163873304], [88.37815963582267, 22.88281415252274], [88.37653039105757, 22.885420944146897], [88.37609592578687, 22.887267421547342], [88.37088234253856, 22.889222515265462], [88.36718938773767, 22.885855409417584], [88.36444194646776, 22.881795450262057], [88.36210669563779, 22.878265419937676], [88.35873958978992, 22.873214761165872], [88.35569833289507, 22.86903303293545], [88.35444924524182, 22.867295171852682], [88.35222261072953, 22.863113443622257], [88.3501045925349, 22.856759389038373], [88.34825811513446, 22.849916561024962], [88.34776934170493, 22.847961467306842], [88.3521683025707, 22.846658071494765], [88.35178814545884, 22.84399697171177], [88.35260276784139, 22.842476343264345], [88.35412339628883, 22.84111863929343], [88.35613279816577, 22.840684174022737], [88.35743619397785, 22.840141092434372], [88.35944559585481, 22.839869551640188], [88.36074899166688, 22.83981524348135], [88.3631385506557, 22.839489394528332], [88.36552810964452, 22.838946312939964], [88.36715735440961, 22.83824030687509], [88.36932968076307, 22.837805841604396], [88.37117615816352, 22.83742568449254], [88.37296832740513, 22.836991219221847], [88.37438033953488, 22.8367739865865], [88.37432603137604, 22.839326470051823], [88.37340279267582, 22.843019424852713], [88.3712847744812, 22.84627791438291], [88.36970983787494, 22.849916561024965], [88.36960122155726, 22.852143195537266], [88.37079600105167, 22.85757401142093], [88.37123046632236, 22.859420488821375], [88.3722080131814, 22.860941117268798], [88.3759009679823, 22.86414529864016]]]}}]}