{"type": "FeatureCollection", "name": "korea_1930_lines", "crs": {"type": "name", "properties": {"name": "urn:ogc:def:crs:OGC:1.3:CRS84"}}, "features": [{"type": "Feature", "properties": {"fid": 1, "OBJECTID": 4, "beginyear": 1899, "endyear": 2013, "RAIL_ID": "\uc778\ucc9c-\ub178\ub7c9\uc9c4", "comment": "-", "interval_i": "\uc778\ucc9c-\ub178\ub7c9\uc9c4", "rail_nm_kr": "\uacbd\uc778\uc120", "rail_nm_ch": "\uacbd\uc778\uc120", "rail_nm__1": 0, "rail_type": "\uad11\uada4", "rail_type_": 0, "org_type": "\uc0ac\ucca0", "org_type_c": 1906, "org_nm_kr": "\uacbd\uc778\ucca0\ub3c4\ud68c\uc0ac", "Shape_Leng": 0.33416073387, "filter": "\uad6c\uc5ed1:\uacbd\uc778\uc120\uacfc \uacbd\ubd80\uc120", "check_db": "\uae40\uc885\ud601"}, "geometry": {"type": "MultiLineString", "coordinates": [[[126.63561870700005, 37.472801729000025], [126.63768231600011, 37.47137853400005], [126.64116910200005, 37.469670697000026], [126.64415777700003, 37.468105181000055], [126.64600790800012, 37.46725126300004], [126.64956585400012, 37.46689546400006], [126.65461813800005, 37.46668198200007], [126.6586741970001, 37.46696661900006], [126.66187634800008, 37.46696661800007], [126.66259433100004, 37.46689930700006], [126.6659161120001, 37.466647376000026], [126.66845231500008, 37.46622266500003], [126.67107703500005, 37.46578313100008], [126.67504074900012, 37.46575689800005], [126.67916796700001, 37.465329938000025], [126.6810670960001, 37.46509670800003], [126.68589931300005, 37.46478386000007], [126.68985832100009, 37.464888733000066], [126.69039595900006, 37.464902976000076], [126.69332859300005, 37.46490297500003], [126.69630242800008, 37.465017354000054], [126.69937388900007, 37.46538847200003], [126.69994637400009, 37.46547225100005], [126.70200998400003, 37.46611268800007], [126.70300620900002, 37.46753588400003], [126.70307736900008, 37.47052459500003], [126.70343316700007, 37.47522113900004], [126.70357548600009, 37.47820985000004], [126.70371780500011, 37.480273484000065], [126.70485634800002, 37.481554360000075], [126.70689324800003, 37.483195214000034], [126.71072122900011, 37.48579810100006], [126.71389353500001, 37.48788757800003], [126.71631809000007, 37.489306845000044], [126.71681105100004, 37.48959541000005], [126.71908813700009, 37.490235849000044], [126.72229028900006, 37.489951208000036], [126.72426164300009, 37.489887614000054], [126.72670214300001, 37.48980888700004], [126.7309005190001, 37.48945308700007], [126.73445846400011, 37.48923960700006], [126.73744714000009, 37.48895496700004], [126.74072045000003, 37.48881264700003], [126.7463420040001, 37.48859916600003], [126.7504692220001, 37.48802988800003], [126.75281746700011, 37.48788756700003], [126.75552150600004, 37.48767408700007], [126.75971988300012, 37.487531766000075], [126.76413173500009, 37.48703364700003], [126.76939749500002, 37.48596624900006], [126.77101429700008, 37.485798991000024], [126.77516774000003, 37.48519338500006], [126.77758077200008, 37.48468537000008], [126.77984851700012, 37.48429936700006], [126.78101326700005, 37.48411389100005], [126.78287588400008, 37.48381728800007], [126.78474226700007, 37.48352008400008], [126.7889891000001, 37.48293717800004], [126.79132203300003, 37.48285234200006], [126.79356901800008, 37.48277063200004], [126.79809300600004, 37.48257466300004], [126.80181286800007, 37.482187725000074], [126.80279962800012, 37.48239767600006], [126.80572661600002, 37.48302044600007], [126.81213850200004, 37.485352067000065], [126.81550743100001, 37.48660589000008], [126.81889767100006, 37.48923765200004], [126.8189135450001, 37.489249974000074], [126.81935106300011, 37.489595387000065], [126.81936039300001, 37.48960338400008], [126.82201679100001, 37.491702985000074], [126.82381967200001, 37.493083494000075], [126.82858060600006, 37.49293989500006], [126.8300249030001, 37.49293989500006], [126.83366431400009, 37.492939894000074], [126.83833730900005, 37.493219719000024], [126.8389197680001, 37.49329569200006], [126.84148149100008, 37.49414960900003], [126.84355130300003, 37.49485638300007], [126.8443990070001, 37.49514584600007], [126.8475260990001, 37.49616042500003], [126.84851106800011, 37.49631156400005], [126.84956098900011, 37.49647267000006], [126.8547253910001, 37.49550433200005], [126.85905135000007, 37.49423020000006], [126.86104131500008, 37.49395848200004], [126.86225989600007, 37.49379380700003], [126.86349531100007, 37.49362340300007], [126.86432350500002, 37.49350916700007], [126.86809492900011, 37.49479004300008], [126.8728755840001, 37.49751239200003], [126.87640659500005, 37.49911259000004], [126.8774167470001, 37.49955774600005], [126.87990731100001, 37.50083862200006], [126.88097469500008, 37.50155022000007], [126.8823267140001, 37.50290225600003], [126.8836787350001, 37.504467770000076], [126.88595581900006, 37.50596212600004], [126.88951376700004, 37.50774111900006], [126.89278100900003, 37.50951089700004], [126.89292939500001, 37.50959127400006], [126.89655850000008, 37.51101446900003], [126.89940485800003, 37.51229534500004], [126.90196658000002, 37.513220422000074], [126.90346091600009, 37.51414549800006], [126.90544293900007, 37.51492825500003], [126.90545336600007, 37.514928256000076], [126.90572196100004, 37.51503844900003], [126.90572198500001, 37.51503845900004], [126.90753187900009, 37.515780988000074], [126.90822856500006, 37.51606681100003], [126.91043449000006, 37.51706304800007], [126.91129173500008, 37.51706304800007], [126.91531643300004, 37.51715894900008], [126.91619836400002, 37.51720536700003], [126.91854660900003, 37.517134207000026], [126.920966012, 37.51585333000003], [126.92260266700009, 37.514572455000064], [126.924737434, 37.51350505800008], [126.92636715600008, 37.51311392000008], [126.92651640800011, 37.51307809900004], [126.92735895600003, 37.51323750300003], [126.92914928800008, 37.513576218000026], [126.93006473300011, 37.513850855000044], [126.93199564500003, 37.514430134000065], [126.93377461700004, 37.514430134000065], [126.93569590800007, 37.51450129400007], [126.93761720000009, 37.51407433500003], [126.9399654450001, 37.51414549500004], [126.9405070580001, 37.514195879000056]]]}}, {"type": "Feature", "properties": {"fid": 3, "OBJECTID": 6, "beginyear": 1912, "endyear": 2013, "RAIL_ID": "\uc774\ub9ac-\uad70\uc0b0\ud56d", "comment": "-", "interval_i": "\uc624\uc0b0-\uc784\ud53c", "rail_nm_kr": "\uad70\uc0b0\uc120", "rail_nm_ch": "\uc7a5\ud56d\uc120", "rail_nm__1": 2008, "rail_type": "\uad11\uada4", "rail_type_": 0, "org_type": "\uad6d\ucca0", "org_type_c": 0, "org_nm_kr": "-", "Shape_Leng": 0.26270530611, "filter": "\uad6c\uc5ed2:\uacbd\ubd80\uc120\uc758 \uc11c\ub0a8\ubd80 \uc9c0\uc5ed \ucca0\ub3c4", "check_db": "\uae40\uc885\ud601"}, "geometry": {"type": "MultiLineString", "coordinates": [[[126.94550431900007, 35.94051392200004], [126.9432042950001, 35.936700217000066], [126.94265287600001, 35.936398678000046], [126.94156767700008, 35.93580524500004], [126.93931889500004, 35.93578353400005], [126.93362444600007, 35.93607065200007], [126.91302811100002, 35.941326324000045], [126.90586998600008, 35.94315290000003], [126.87017201100002, 35.952484242000025], [126.86579687200003, 35.953656462000026], [126.85749109500011, 35.95588180800007], [126.85461994400009, 35.95583395500006], [126.85198805400012, 35.95439836500003], [126.84782488400003, 35.95138362600005], [126.81109703400011, 35.94326261200007], [126.80475761800005, 35.94186088300006], [126.80279566500008, 35.94214800100008], [126.79997236600002, 35.944492799000045], [126.7890619960001, 35.95396769900003], [126.77182739200009, 35.96082288700006], [126.7677676290001, 35.96243768700003], [126.74006102200008, 35.96095425000004], [126.7391996770001, 35.96124136800006], [126.72410705300001, 35.97447990300003], [126.72245130200008, 35.97593224900004], [126.7218770720001, 35.97741569200008], [126.72139826600005, 35.98065471500007], [126.72025009200001, 35.988421886000026], [126.71259369100005, 35.99067098000006]]]}}, {"type": "Feature", "properties": {"fid": 10, "OBJECTID": 13, "beginyear": 1912, "endyear": 2013, "RAIL_ID": "\uc815\uc74d-\uac15\uacbd", "comment": "-", "interval_i": "\uc774\ub9ac-\ubd80\uc6a9", "rail_nm_kr": "\ud638\ub0a8\ubcf8\uc120", "rail_nm_ch": "\ud638\ub0a8\ubcf8\uc120", "rail_nm__1": 0, "rail_type": "\uad11\uada4", "rail_type_": 0, "org_type": "\uad6d\ucca0", "org_type_c": 0, "org_nm_kr": "-", "Shape_Leng": 0.66280657019, "filter": "\uad6c\uc5ed2:\uacbd\ubd80\uc120\uc758 \uc11c\ub0a8\ubd80 \uc9c0\uc5ed \ucca0\ub3c4", "check_db": "\uae40\uc885\ud601"}, "geometry": {"type": "MultiLineString", "coordinates": [[[126.84229785100001, 35.576858935000075], [126.84515402500006, 35.58026117600008], [126.84817435000002, 35.58479170700008], [126.85245789900011, 35.600049357000046], [126.85391297100011, 35.606160715000044], [126.85534762400005, 35.60827496200005], [126.85882099700007, 35.61340956500004], [126.86002912800006, 35.617185007000046], [126.86176581400002, 35.62058290600004], [126.86342699500005, 35.62405631400003], [126.86455961600007, 35.62564199900004], [126.87067577300002, 35.63115414500004], [126.87301652500003, 35.63394797300003], [126.87233695300006, 35.642253949000064], [126.87203492100002, 35.64550082900007], [126.87233695400005, 35.64821914800007], [126.87490423000008, 35.65252315300006], [126.87747150500002, 35.654410874000064], [126.8815489430001, 35.657431228000064], [126.88472028300009, 35.659923020000065], [126.88660798600006, 35.66316990100006], [126.88774060700007, 35.66535965800006], [126.88758959300003, 35.67359012400004], [126.88728756000012, 35.67615742500004], [126.88698553000006, 35.67796963700005], [126.88683451300005, 35.68031041200004], [126.88683451400004, 35.68272669600003], [126.88502232000008, 35.68665315700008], [126.88418487400008, 35.68859794100007], [126.88283258600006, 35.692014286000074], [126.88283258700005, 35.69412853400007], [126.88487130500005, 35.70016924200007], [126.88638146800008, 35.70394468500007], [126.88894874400012, 35.70772012800006], [126.89000585800011, 35.710060903000056], [126.89053441400006, 35.71285473000006], [126.89144051100004, 35.715648558000055], [126.8954424420001, 35.71980154500005], [126.89710361900006, 35.72206681000006], [126.89665057200011, 35.72501165500006], [126.8954424420001, 35.728183028000046], [126.89657506500009, 35.73150541800004], [126.8977076860001, 35.73452577200004], [126.90405036700008, 35.75159077300003], [126.90095453800006, 35.77084553200007], [126.89959539400002, 35.77990659500006], [126.89846277400011, 35.78617383000005], [126.89853828200012, 35.78866562200005], [126.90330836900011, 35.79253573200003], [126.90654214000006, 35.795159384000044], [126.91107262500009, 35.79931237000005], [126.91477252100003, 35.80210619700006], [126.9155276030001, 35.80399391900005], [126.91688674800002, 35.80746732600005], [126.91801937000002, 35.81018564500005], [126.91990707200011, 35.811771330000056], [126.92360696800006, 35.81396108700005], [126.92564568500006, 35.81607533500005], [126.92753338800003, 35.82015281200006], [126.92881702600005, 35.82370172900005], [126.93100676100005, 35.82581597700005], [126.93697190000012, 35.829515910000055], [126.93765147200008, 35.83110159600005], [126.93765147200008, 35.83623619800005], [126.93727393200004, 35.84069122000005], [126.93727393200004, 35.84242792400005], [126.94067179600006, 35.84786456100005], [126.94391864400006, 35.85382976000005], [126.94550431200003, 35.856774606000045], [126.9463349020001, 35.86160717200005], [126.947241, 35.866364230000045], [126.94633490300009, 35.86900704000004], [126.94572724700004, 35.87119553600007], [126.94538545600005, 35.87216890600007], [126.9423329760001, 35.88086193000004], [126.94142688000011, 35.88433533800003], [126.94150238800012, 35.88607204200008], [126.94097383100006, 35.888488324000036], [126.94014324300008, 35.88969646600003], [126.93697190500006, 35.894151488000034], [126.93742495300012, 35.897624896000025], [126.93818003500007, 35.908724697000025], [126.93855757600011, 35.91295319300008], [126.93901062400005, 35.91642660000008], [126.94059629500009, 35.92390197700007], [126.94240848900006, 35.930999807000035], [126.94346560300005, 35.93583237400003], [126.94550431900007, 35.94051392200004], [126.94739202100004, 35.94451589200003], [126.94912870700011, 35.949423968000076], [126.9491287080001, 35.95455856900003], [126.94860015200004, 35.95810748500003], [126.94776956400005, 35.96135436600008], [126.94557983000004, 35.96807465300003], [126.94625940300011, 35.97169907800003], [126.94701448400008, 35.97479494000004], [126.9473165170001, 35.97713571500003], [126.94693897600007, 35.97879691000003], [126.94565533900004, 35.98076014000003], [126.94474924400004, 35.98272337000003], [126.9442206870001, 35.988084498000035], [126.94361662400001, 35.99291706400004], [126.94263501900002, 35.99948633400004], [126.94265891400005, 36.000155422000034], [126.94271052700003, 36.00160058300003], [126.94225590300005, 36.003638978000026], [126.94161318700003, 36.006595504000074], [126.94149609500005, 36.00870320300004], [126.94182731400008, 36.01437551500004], [126.94272453700012, 36.02159181300004], [126.943567787, 36.02416385600003], [126.9440571660001, 36.02565653800008], [126.9454699470001, 36.027931669000054], [126.94610984500002, 36.028722139000024], [126.9461950110001, 36.029099306000035], [126.94660947400007, 36.03093480300004], [126.94656518400006, 36.03328217500007], [126.94615770000007, 36.040706370000066], [126.94627712300007, 36.046272212000076], [126.94625259800011, 36.047351338000055], [126.9481083600001, 36.05063464500006], [126.952605016, 36.057558140000026], [126.95270585100002, 36.057739232000074], [126.95270597400008, 36.05773945400006], [126.95610241600002, 36.06383924900007], [126.95643189100008, 36.064422172000036], [126.95643191600004, 36.06442221800006], [126.95795817900012, 36.06712255600007], [126.95874331000005, 36.069977605000076], [126.95810093000011, 36.073546418000035], [126.95739547500011, 36.077174514000035], [126.9570080200001, 36.07938468300006], [126.95654997500003, 36.08199752400003], [126.95599324600005, 36.084224462000066], [126.95622636300004, 36.088818477000075], [126.9575299280001, 36.09160460600003], [126.96286832300007, 36.09383294400004], [126.96381097000005, 36.09403139900007], [126.9680558340001, 36.09508014000005], [126.96805586200003, 36.09508014600004], [126.97431589100006, 36.096448516000066], [126.97608755400006, 36.09681507100004], [126.98236859700012, 36.09774296200004], [126.98515224000005, 36.098242596000034], [126.98669046600003, 36.09873880300006], [126.98736488000009, 36.098956358000066], [126.98790107200011, 36.09938531600005], [126.9893969740001, 36.10018418800007], [126.99002745400003, 36.10164628900003], [126.99032608400012, 36.102338821000046], [126.99057677600001, 36.104595080000024], [126.99036265100005, 36.10844939700007], [126.9904340270001, 36.11194683400004], [126.99164741000004, 36.117228675000035], [126.99321767000004, 36.12243914100003], [126.99443105300008, 36.125294190000034], [126.99478793100002, 36.12615070500004], [126.99533502800011, 36.126497648000054], [126.99836666200008, 36.12790014500007], [126.99836728800005, 36.127900434000026], [127.00303682800006, 36.13006228100005], [127.00635075800005, 36.13228906100005], [127.00869690400009, 36.13535126100004], [127.00932939300003, 36.13741519300004], [127.010459878, 36.141104186000064], [127.01213006400008, 36.14463017300005], [127.01175891200012, 36.147413845000074], [127.01170392000006, 36.149847615000056], [127.01191804600012, 36.15127514100004], [127.013349747, 36.15231313400005]]]}}, {"type": "Feature", "properties": {"fid": 14, "OBJECTID": 17, "beginyear": 1913, "endyear": 2013, "RAIL_ID": "\ubaa9\ud3ec-\uc1a1\uc815\ub9ac", "comment": "-", "interval_i": "<none>", "rail_nm_kr": "\ud638\ub0a8\ubcf8\uc120", "rail_nm_ch": "\ud638\ub0a8\ubcf8\uc120", "rail_nm__1": 0, "rail_type": "\uad11\uada4", "rail_type_": 0, "org_type": "\uad6d\ucca0", "org_type_c": 0, "org_nm_kr": "-", "Shape_Leng": 0.70243162545, "filter": "\uad6c\uc5ed2:\uacbd\ubd80\uc120\uc758 \uc11c\ub0a8\ubd80 \uc9c0\uc5ed \ucca0\ub3c4", "check_db": "\uae40\uc885\ud601"}, "geometry": {"type": "MultiLineString", "coordinates": [[[126.38728657400009, 34.79136837000004], [126.38935647100004, 34.79729260100004], [126.38978472700012, 34.79979077100006], [126.38714383100012, 34.80357371400004], [126.38643007700011, 34.80564362700005], [126.38721521000002, 34.807642163000025], [126.38842859700003, 34.808926935000045], [126.39149774900011, 34.80985482500006], [126.3954947840001, 34.81078271500007], [126.398778063, 34.81092546600007], [126.4003483250001, 34.81042583100003], [126.40334610000002, 34.80849867000006], [126.40605837100009, 34.806785638000065], [126.40762863300006, 34.80600049800006], [126.41084053700001, 34.806286001000046], [126.41383831200005, 34.80650012700005], [126.41683608800008, 34.80757077100003], [126.41883460800011, 34.811139584000045], [126.42054762500004, 34.81449426800003], [126.42247477, 34.81841996300005], [126.42433053600007, 34.819490606000045], [126.42725693700004, 34.81999023900005], [126.43125397100005, 34.82020436600004], [126.43432803600001, 34.82051876000003], [126.4375350250001, 34.820846749000054], [126.44174618700004, 34.82113225100005], [126.44488671300007, 34.82106087500006], [126.44688523000002, 34.82134637900003], [126.4484554930001, 34.82184601200004], [126.4496688800001, 34.82298803200007], [126.45066813900007, 34.82491519000007], [126.45159602400008, 34.82655684500003], [126.45423692200006, 34.82727060600007], [126.458305332, 34.828840883000055], [126.46223099200006, 34.83041115900005], [126.47015368400002, 34.82955463900004], [126.47293733200001, 34.829055004000054], [126.47407934300008, 34.82962601400004], [126.47564960600005, 34.83119629200007], [126.47750537400009, 34.83419409500004], [126.48185929100009, 34.84204548300005], [126.48285855100005, 34.84297337500004], [126.48614183000007, 34.84532879100004], [126.48814034700001, 34.84675631600004], [126.49427865200005, 34.84925448300004], [126.49553356900003, 34.849672792000035], [126.4968481730001, 34.85011099700006], [126.49806156000011, 34.85225228500008], [126.50020283300012, 34.858676149000075], [126.50134484400007, 34.86046055600008], [126.5021299770001, 34.862316339000074], [126.50284373400007, 34.86374386400007], [126.51761849400009, 34.87894700500004], [126.51933150900004, 34.88151655100006], [126.51983114000006, 34.88358646300003], [126.51904601100011, 34.88736940600006], [126.51854638300006, 34.89036720900003], [126.51940289100003, 34.89236574600005], [126.52133003400002, 34.89386464700004], [126.52382818100011, 34.89586318100004], [126.52389420100008, 34.89764571000006], [126.52397093500008, 34.899717500000065], [126.52225792200011, 34.902786682000055], [126.52011665600003, 34.90564173400003], [126.518189516, 34.907354765000036], [126.5161196250001, 34.90892504400006], [126.5139069820001, 34.91085220400004], [126.51176571700012, 34.91356450400008], [126.51040958100009, 34.91513478300004], [126.50898207000012, 34.91684781400005], [126.508411066, 34.91870359700005], [126.50841106700011, 34.919345984000074], [126.50484228900007, 34.922843423000074], [126.50298652600009, 34.92619810900004], [126.50348615500002, 34.92791113900006], [126.50427187200012, 34.92984925300004], [126.50455679100003, 34.93055206200006], [126.50505642300004, 34.93262197300004], [126.50448542000004, 34.93697592700005], [126.50448542100003, 34.93940272000003], [126.50477092500012, 34.94211501800004], [126.50598431200001, 34.94539832700008], [126.50719770100011, 34.947896496000055], [126.50841108700001, 34.949395397000046], [126.50948172100004, 34.95189356700007], [126.51055235700005, 34.95360659700003], [126.51483489500004, 34.958817063000026], [126.51933156100006, 34.96466991600005], [126.52190108500008, 34.96838148100005], [126.52389960500011, 34.97180754200008], [126.525683995, 34.97423433500006], [126.52568399600011, 34.975590483000076], [126.52339998000002, 34.97887379300005], [126.5220438450001, 34.98172884500008], [126.52204384600009, 34.98365600500006], [126.5231144810001, 34.98665380800003], [126.52625501000011, 34.99057950100007], [126.52875315800009, 34.992863542000066], [126.53060892400003, 34.99500482900004], [126.5316081840001, 34.99700336400008], [126.53217919000008, 35.000358050000045], [126.53210781700011, 35.00299897100007], [126.5321078180001, 35.00521163600007], [126.5330357040001, 35.01056485600003], [126.53403496400006, 35.013705413000025], [126.53518478500007, 35.01514270100006], [126.53546247700001, 35.01548981800005], [126.53710411700001, 35.01770248300005], [126.539316761, 35.018844502000036], [126.54138665500011, 35.01984376900003], [126.54217178600004, 35.02091441300007], [126.54409892900003, 35.024625978000074], [126.54645432500001, 35.02790928500008], [126.54816734100007, 35.03026470300006], [126.55023723300008, 35.03090708700006], [126.55309225700012, 35.03126396700003], [126.55580453000005, 35.03147809600006], [126.55823129900011, 35.031620848000045], [126.55965881100008, 35.032049105000056], [126.56180008100011, 35.03361938200004], [126.56429822700011, 35.03533241100007], [126.56679637200011, 35.03540378800005], [126.5695800200001, 35.03504690300008], [126.57200678900006, 35.034547270000076], [126.57350567700007, 35.03454726900003], [126.57600382300006, 35.03454726800004], [126.57857334400012, 35.03433313800008], [126.58014360700008, 35.03397625700006], [126.58328990500002, 35.03301066600005], [126.58556815100007, 35.032620104000046], [126.58720978800011, 35.03212047000005], [126.58842317400001, 35.031906341000024], [126.59006481200004, 35.031906341000024], [126.59117686500008, 35.03142974200006], [126.59206332800011, 35.031049825000025], [126.5951324780001, 35.03069294200003], [126.59962914100004, 35.030764317000035], [126.60334067100007, 35.03083569100005], [126.60655257200006, 35.030764314000066], [126.60890796600006, 35.03062156100003], [126.6123339940001, 35.028979906000075], [126.6154031430001, 35.02812338900003], [126.61832954200008, 35.026695862000054], [126.62261207600011, 35.02405493900005], [126.62575260000006, 35.02184227300006], [126.6284648730001, 35.019986489000075], [126.63067751500012, 35.01877309100007], [126.63346116200012, 35.01791657500007], [126.63745819500002, 35.01763106900006], [126.64104268200003, 35.01703364800005], [126.642597238, 35.01677455200007], [126.64730802600002, 35.01620354100004], [126.6513764340001, 35.01563252900007], [126.65273257100012, 35.01513289400003], [126.65587309600005, 35.013491239000075], [126.65715785600003, 35.01277747600005], [126.65994150300003, 35.011706831000026], [126.66172589300004, 35.01092169200007], [126.66472366800008, 35.01049343300008], [126.6666508080001, 35.00985104600005], [126.66886345000012, 35.00828076800008], [126.67114746900006, 35.00649636000003], [126.67314598500002, 35.00464057500005], [126.67478762300004, 35.00414094100006], [126.67628651100006, 35.00435507000003], [126.67799952500002, 35.00514020800006], [126.67999804200008, 35.006139476000044], [126.68256756300002, 35.006353603000036], [126.68478020600003, 35.00649635600007], [126.68613634200005, 35.00578259300005], [126.68849173600006, 35.00442644300006], [126.69041887600008, 35.00292753900004], [126.69220326700008, 35.00207102400003], [126.69348802700006, 35.001500014000044], [126.69527241700007, 35.00164276600003], [126.69698543000004, 35.00271341000007], [126.6985556950001, 35.00371267700007], [126.70019733300012, 35.00442644000003], [126.70233860100006, 35.00435506300005], [126.70426574200008, 35.00456919000004], [126.70618453200007, 35.00522439300005], [126.70719214200005, 35.00556845800003], [126.70976166300011, 35.00685323000005], [126.71104642500006, 35.00835213200003], [126.71225981000009, 35.01077892500007], [126.71383007500003, 35.013705352000045], [126.7162568440001, 35.015204253000036], [126.71954012300012, 35.01713141100004], [126.72282340200002, 35.01905857100007], [126.72475054200004, 35.020343343000036], [126.72603530300012, 35.02212774800006], [126.72639218300003, 35.02619619700005], [126.72650413400004, 35.02790346300003], [126.72667768600002, 35.03055014900008], [126.7271059410001, 35.034333092000054], [126.72739144500008, 35.038258788000064], [126.72917583600008, 35.04032869900004], [126.73167398200007, 35.04289824500006], [126.73574239300001, 35.04653843300008], [126.73966805100008, 35.050035869000055], [126.74038180600007, 35.05167752400007], [126.7413096900001, 35.05488945600007], [126.74259445200005, 35.05852964600007], [126.74337958400008, 35.06052818100005], [126.74773349800012, 35.06787993700004], [126.74944651300007, 35.070949115000076], [126.74930376200007, 35.075231692000045], [126.74908963700011, 35.078015367000035], [126.74880413500011, 35.08172693300003], [126.74844725900005, 35.08550987600006], [126.74923239200007, 35.08936419400004], [126.75008890000004, 35.092718879000074], [126.75115953400007, 35.09371814700006], [126.7518019150001, 35.09543117700008], [126.7534435550001, 35.10035613900004], [126.75558482300005, 35.10349669400006], [126.756584083, 35.106280370000036], [126.75801159500008, 35.10913542000003], [126.76050974100008, 35.11170496600005], [126.76457815000003, 35.11491689700006], [126.77157295900008, 35.11941360000003], [126.77457073300002, 35.12119800700003], [126.7809945360001, 35.12555195700003], [126.78356405800002, 35.12755049300006], [126.787846596, 35.13390298000007], [126.79059436000011, 35.138451047000046]]]}}, {"type": "Feature", "properties": {"fid": 15, "OBJECTID": 18, "beginyear": 1913, "endyear": 2013, "RAIL_ID": "\ucca0\uc6d0-\uac80\ubd88\ub791, \uace0\uc0b0-\uc6d0\uc0b0", "comment": "-", "interval_i": "\uac00\uace1-\ud3c9\uac15", "rail_nm_kr": "\uacbd\uc6d0\ubcf8\uc120", "rail_nm_ch": "\uac15\uc6d0\uc120", "rail_nm__1": 1945, "rail_type": "\uad11\uada4", "rail_type_": 0, "org_type": "\uad6d\ucca0", "org_type_c": 0, "org_nm_kr": "-", "Shape_Leng": 0.84470464027, "filter": "\uad6c\uc5ed5:\uacbd\uc6d0\uc120 \ubc0f \uad00\ub828 \uc9c0\uc120", "check_db": "\uae40\uc885\ud601"}, "geometry": {"type": "MultiLineString", "coordinates": [[[127.19469044100003, 38.27381413900008], [127.19606631600004, 38.275151093000034], [127.21064872400007, 38.29024762100005], [127.21816476700008, 38.29834193100004], [127.22311122200006, 38.30322421200003], [127.22606624800005, 38.30637199900008], [127.22921399200004, 38.30958402600004], [127.23120542200002, 38.31157548200008], [127.23313261300007, 38.31318149700007], [127.23422468600006, 38.31549415600006], [127.23737242900006, 38.32095460200003], [127.24058441300008, 38.32647928800003], [127.24193344600008, 38.32834226400007], [127.24270432100002, 38.330205240000055], [127.24231888100007, 38.33534448200004], [127.24244735900004, 38.33829954700008], [127.24251159900007, 38.33984132000006], [127.24334671300005, 38.342282460000035], [127.24443878700004, 38.34369575200003], [127.24681565600008, 38.34478784100003], [127.24964220200002, 38.34607265300008], [127.25182635200008, 38.347164742000075], [127.25285418600004, 38.34844955300008], [127.2529826660001, 38.35005556600004], [127.2518263500001, 38.35166157900005], [127.25034883700005, 38.35262518800005], [127.24822892600002, 38.35320335200004], [127.24475998300011, 38.353396072000066], [127.2417407160001, 38.35358879300003], [127.23923536900008, 38.35403847600003], [127.23750089600003, 38.355002084000034], [127.2369227370001, 38.35705778100004], [127.23724393500004, 38.35859955300003], [127.23904264700002, 38.36020556700004], [127.24161223500005, 38.360976454000024], [127.24533813700009, 38.360976454000024], [127.24983491600005, 38.36097645600006], [127.25214754500007, 38.36091221600003], [127.25433169500002, 38.36084797600006], [127.25664432300005, 38.36187582500003], [127.25935160600011, 38.36320928200007], [127.26094838200004, 38.36399576300005], [127.264031885, 38.36894228600005], [127.26750082800004, 38.37401728900005], [127.27013465200002, 38.37806444200004], [127.27154792500005, 38.38012014000003], [127.27328239700012, 38.381340710000075], [127.27681557900007, 38.38198311700006], [127.28156931600006, 38.38236856100008], [127.28638729400006, 38.38275400500004], [127.29037015500012, 38.382946729000025], [127.29326094100009, 38.38371761600007], [127.29570204800007, 38.385130908000065], [127.29705108100006, 38.38712236400005], [127.29679412100006, 38.38975622600003], [127.29576628400002, 38.394638506000035], [127.29570204200002, 38.39862142000004], [127.29576628000007, 38.40215464900007], [127.2955735590001, 38.40588059900006], [127.29293973000006, 38.40787205500004], [127.2895992660001, 38.40999199200007], [127.28808103300003, 38.411234197000056], [127.28747935400008, 38.41172648500003], [127.28413889, 38.41429610500006], [127.28028450800002, 38.41686572500004], [127.27732948000005, 38.41885718100008], [127.2755950080001, 38.420077750000075], [127.27366781600006, 38.421234079000044], [127.27167638500009, 38.42309705400004], [127.26923527500003, 38.427658131000044], [127.26762928000005, 38.430484714000045], [127.26595904800001, 38.43266889100005], [127.2645457750001, 38.43511003100008], [127.26400411200007, 38.436030867000056], [127.26313249900011, 38.43793661400008], [127.26114106900002, 38.441084398000044], [127.25837875900004, 38.446609085000034], [127.25735092200011, 38.44892174200004], [127.25773636000008, 38.45110592100008], [127.25953507100007, 38.45361130200007], [127.26126954100005, 38.45592396200004], [127.2629397720001, 38.45740149400007], [127.26461000300003, 38.45894326700005], [127.2654451190001, 38.46061352100003], [127.26628023300009, 38.46337586400006], [127.26737230800006, 38.46485339700007], [127.26891405900005, 38.466780612000036], [127.26917101700008, 38.46857934800005], [127.26852861900011, 38.47050656300007], [127.26788622100003, 38.47230529800004], [127.26820741900008, 38.47391131100005], [127.26955645100008, 38.47667365400008], [127.27180483900008, 38.48039960600005], [127.27238299500004, 38.48277650500006], [127.27231875400003, 38.48470372100007], [127.27186907500004, 38.48656669600007], [127.27321810800004, 38.48862239300007], [127.27495257900011, 38.490678090000074], [127.27623737300007, 38.49189866000006], [127.27700824800002, 38.494018598000025], [127.27829304000011, 38.49472524400005], [127.28022023000005, 38.49511068800007], [127.28227590000006, 38.49536765100004], [127.28381765300003, 38.496331259000044], [127.28413885000009, 38.498322716000075], [127.2834322120001, 38.50095657700007], [127.28240437600004, 38.50423284300007], [127.28150501900006, 38.50654550200005], [127.28163349800002, 38.50789455300003], [127.28240437200009, 38.51065689600006], [127.28240437200009, 38.51290531400008], [127.28234013200006, 38.514575568000055], [127.28298252800005, 38.51631006300005], [127.2851024360001, 38.51868696200006], [127.28633335600011, 38.52026959600005], [127.28914953300011, 38.52389044600005], [127.29268271300009, 38.52845152500004], [127.29493110100009, 38.53127810900003], [127.29576621600006, 38.53294836200007], [127.2978218830001, 38.53648159200003], [127.30039146900003, 38.53995058100003], [127.30148354300002, 38.54142811300005], [127.30495248400007, 38.54431893900005], [127.30675119400007, 38.545860711000046], [127.30777902800003, 38.54836609300003], [127.30964197700007, 38.55254172700006], [127.31086252800003, 38.55556103200007], [127.31131220500004, 38.55665312100007], [127.3132393950001, 38.55806641400005], [127.3148453870001, 38.55883730100004], [127.31722225500005, 38.55980090800006], [127.31940253200003, 38.560721483000066]], [[127.42601847700007, 38.85723800300008], [127.42907595600002, 38.86146649400007], [127.43044206200011, 38.863483160000044], [127.43141785300008, 38.86673584500005], [127.43258880000008, 38.870118637000076], [127.43356458900007, 38.87356648300005], [127.43297911400009, 38.87519282400007], [127.43167805700011, 38.876624004000064], [127.43076731600001, 38.878315400000076], [127.43122268400009, 38.88000679600003], [127.43304416100011, 38.882153569000025], [127.43525595300002, 38.885015932000044], [127.4364269030001, 38.887748188000046], [127.43564626700004, 38.890415388000065], [127.4348656310001, 38.89327775000004], [127.43480057800002, 38.89438366200005], [127.43584142000009, 38.89718097100007], [127.43571131300007, 38.89848204500004], [127.43428015200004, 38.89958795700005], [127.43307123800003, 38.90056661400007], [127.43193824800005, 38.90212505000005], [127.43174308900007, 38.90492235700003], [127.43148287400004, 38.908565364000026], [127.43096245000004, 38.911427727000046], [127.43057829200006, 38.91268265700006], [127.4299866560001, 38.91461535600007], [127.42862054400007, 38.91858363000006], [127.42692916800002, 38.92222663500007], [127.42478242400011, 38.92443846000003], [127.42211525900007, 38.92704060600005], [127.42042388400012, 38.928927163000026], [127.41944809000006, 38.93068361100006], [127.4195781950001, 38.93270027600005], [127.42061903800004, 38.93569274600003], [127.42087924700002, 38.93686371200005], [127.42224535600008, 38.93809973200007], [127.42328619900002, 38.93946586000004], [127.42348135600002, 38.94096209600008], [127.42224535100002, 38.944149726000035], [127.42205019100004, 38.94675187200005], [127.4232861910001, 38.950264772000025], [127.42465229800007, 38.95410294100003], [127.4246522950001, 38.95794110700007], [127.42218028400009, 38.96269002500003], [127.419252905, 38.96795937200005], [127.41600026300011, 38.972187860000076], [127.41209709100008, 38.976871723000045], [127.40910466000003, 38.98018945900003], [127.40741328600006, 38.983116874000075], [127.40695791500002, 38.985914183000034], [127.40689286100007, 38.98871149200005], [127.40630738400012, 38.99001256500003], [127.4048762220001, 38.991313637000076], [127.40324990200008, 38.992159334000064], [127.401753686, 38.99339535300004], [127.401753686, 38.99508674900005], [127.40246926500004, 38.99684319900007], [127.40416063600003, 39.00061631400007], [127.40526653000006, 39.00295824700004], [127.40676274400005, 39.003673838000054], [127.4094299080001, 39.004129216000024], [127.41112128000009, 39.00497491400006], [127.41212507900002, 39.00544609200006], [127.41430886500007, 39.00647115000004], [127.41639055500002, 39.00686147300007], [127.41983835200006, 39.00666631300004], [127.42439204800007, 39.00556040200007], [127.42803500500008, 39.00549535000005], [127.4304419560001, 39.00705664000003], [127.43141774700007, 39.00920341200003], [127.43174300800001, 39.01258620300007], [127.43206827000006, 39.01499318900005], [127.43252363800002, 39.01694480000003], [127.43330427100011, 39.01876630300006], [127.43434511500004, 39.01987221700006], [127.4362966970001, 39.020457701000055], [127.43909396700008, 39.020782971000074], [127.44065523300003, 39.021498561000044], [127.44377776600004, 39.022604476000026], [127.44605461300011, 39.022929746000045], [127.44898198900012, 39.02240931700004], [127.45099862600011, 39.021888889000024], [127.45379589800007, 39.01974211900006], [127.45574748100012, 39.01818083100005], [127.45717864500011, 39.017790509000065], [127.46036623000009, 39.018245887000035], [127.46263968100004, 39.01888246300007], [127.46361886800003, 39.01915664100005], [127.4670016120001, 39.020002340000076], [127.46836772100005, 39.020002341000065], [127.47116499200001, 39.01889642900005], [127.4744826860001, 39.01694482100004], [127.47675953400005, 39.015838909000024], [127.47877617000006, 39.01525342600007], [127.4807277540001, 39.016034072000025], [127.48300460000007, 39.017139986000075], [127.48580187000005, 39.018636222000055], [127.48872924200009, 39.02019751200004], [127.49015877300008, 39.02116756500004], [127.49178586900007, 39.021633017000056], [127.49416266000003, 39.024626057000035], [127.49636339100005, 39.02673879300005], [127.49741974300002, 39.02779516000004], [127.50041273900001, 39.029027590000055], [127.50182120800002, 39.03017198800006], [127.50375785400001, 39.03184456900004], [127.50481420300002, 39.03404533400004], [127.50472617100002, 39.03730246500004], [127.5040219330001, 39.040911718000075], [127.50094090300001, 39.044344909000074], [127.50025532500001, 39.04518475200007], [127.4986594180001, 39.04713976200003], [127.49741972600009, 39.04865840400004], [127.49064145800003, 39.056405091000045], [127.49020131000009, 39.058781916000044], [127.49108160000003, 39.06318344500005], [127.4922259760001, 39.06899346300003], [127.49231400200006, 39.071810441000025], [127.49081750000005, 39.07612393800008], [127.4898613580001, 39.07918661100007], [127.48518360600008, 39.094170201000054], [127.4840392210001, 39.09865975900004], [127.48043001000008, 39.10799099700006], [127.48025395000002, 39.11054388300005], [127.47963773800006, 39.116970114000026], [127.4792856150001, 39.12418862000004], [127.47858137500009, 39.131231065000065], [127.47664472500003, 39.13536850000003], [127.47338763700009, 39.137657294000064], [127.46898616900012, 39.141090484000074], [127.46458469900006, 39.144435643000065], [127.46167972800004, 39.14725261900003], [127.45930293600009, 39.14742867900003], [127.4554296450001, 39.14698852400005], [127.45182044400008, 39.14593215600007], [127.44530627300003, 39.145139878000066], [127.4426653920001, 39.14619624300008]]]}}, {"type": "Feature", "properties": {"fid": 16, "OBJECTID": 19, "beginyear": 1914, "endyear": 2013, "RAIL_ID": "\uac80\ubd88\ub791-\uace0\uc0b0", "comment": "-", "interval_i": "\uc0bc\ubc29\ud611-\uc0bc\ubc29", "rail_nm_kr": "\uacbd\uc6d0\ubcf8\uc120", "rail_nm_ch": "\uac15\uc6d0\uc120", "rail_nm__1": 1945, "rail_type": "\uad11\uada4", "rail_type_": 0, "org_type": "\uad6d\ucca0", "org_type_c": 0, "org_nm_kr": "-", "Shape_Leng": 0.36849605892, "filter": "\uad6c\uc5ed5:\uacbd\uc6d0\uc120 \ubc0f \uad00\ub828 \uc9c0\uc120", "check_db": "\uae40\uc885\ud601"}, "geometry": {"type": "MultiLineString", "coordinates": [[[127.31940253200003, 38.560721483000066], [127.32011303900003, 38.56102147900003], [127.32281110500003, 38.561985089000075], [127.324352857, 38.562627493000036], [127.32563765100008, 38.56384806500006], [127.32756484000004, 38.56583952200003], [127.3287853920001, 38.56693161100003], [127.33116226000004, 38.567638257000056], [127.33296097100003, 38.567959460000054], [127.3339888050001, 38.56873034600005], [127.33495240000002, 38.57001515800005], [127.33520935700005, 38.57194237400006], [127.33501663600009, 38.574190792000024], [127.33430999900008, 38.57521864000006], [127.33263976900002, 38.57541136200007], [127.33090529600008, 38.57541136100008], [127.32878538800003, 38.57553984100008], [127.32608732100005, 38.57656768800007], [127.32313229500005, 38.577531296000075], [127.32146206400012, 38.57888034600006], [127.32081966600003, 38.57990819400004], [127.32088390500007, 38.581771168000046], [127.32171901800007, 38.58414806800005], [127.3242886050001, 38.586781931000075], [127.32666547100007, 38.58883762900007], [127.33071256900007, 38.59179269400005], [127.3325755190001, 38.59397687300003], [127.33495238500007, 38.595197443000075], [127.33630141800006, 38.59654649400005], [127.33610869600011, 38.59930883700008], [127.33662261500001, 38.60040092600008], [127.339256438, 38.60502624500003], [127.34092666800007, 38.60830251200008], [127.34124786400002, 38.610165488000064], [127.34079818700002, 38.61177150000003], [127.3393206720001, 38.61376295600007], [127.33707228300011, 38.61601137300005], [127.33642988500003, 38.61819555100004], [127.33726499900001, 38.620700932000034], [127.33842131200004, 38.622820869000066], [127.33898066000006, 38.62318445000005], [127.3409908970001, 38.62449112400003], [127.34445983900002, 38.62667530300007], [127.34664398600012, 38.628088595000065], [127.34876389500005, 38.62963036800005], [127.34998444700011, 38.63181454700003], [127.35165467600007, 38.63476961200007], [127.35274675000005, 38.637146511000026], [127.35332490700011, 38.63862404300005], [127.35518785500005, 38.640615500000024], [127.35653688700006, 38.642992399000036], [127.3572845440001, 38.644520244000034], [127.35792643700006, 38.64583195900008], [127.3583998360001, 38.64691107300007], [127.35955614900001, 38.648195884000074], [127.36019854400001, 38.64993037800008], [127.36019854400001, 38.65076550500004], [127.35910646900004, 38.652435758000024], [127.35801439200009, 38.655455062000044], [127.35917070300002, 38.65879557000005], [127.36096941200003, 38.66245728000007], [127.36174028700009, 38.66451297700007], [127.36122636900006, 38.66688987600003], [127.36013429200011, 38.66926677500004], [127.359404519, 38.67085915800004], [127.35862388400005, 38.671769908000044], [127.35751798500007, 38.672225284000035], [127.356347034, 38.67287582000006], [127.35569650600007, 38.673591411000075], [127.35413523800003, 38.67391667800007], [127.35315944600006, 38.67482743000005], [127.35244386300008, 38.67573818200003], [127.35166322900011, 38.67651882600006], [127.35159817500005, 38.67762473800008], [127.35211859800006, 38.67899086600005], [127.35224870200011, 38.67977151100007], [127.35250891300007, 38.68055215500004], [127.35289923000005, 38.681202692000056], [127.35296428300012, 38.68198333600003], [127.35367986300002, 38.68276398000006], [127.3548508130001, 38.68360967800004], [127.35569650000002, 38.68458548500007], [127.35621692100005, 38.68666720300007], [127.35673734200009, 38.68842365300003], [127.35712765800008, 38.68978978000007], [127.35686744700001, 38.69109085400004], [127.35673734000011, 38.692066659000034], [127.35699755100006, 38.693302679000055], [127.35699755000007, 38.694343539000045], [127.35738786600007, 38.69564461300007], [127.35816849900004, 38.696620419000055], [127.3595346080001, 38.697205902000064], [127.36038029400004, 38.69863708300005], [127.36122598000009, 38.699938158000066], [127.36162544800004, 38.70046473700006], [127.36265714100011, 38.70182471600003], [127.36369798400005, 38.703971488000036], [127.363958195, 38.70611826000004], [127.36408829900006, 38.70833008400007], [127.36408829700008, 38.71015158900008], [127.36408829600009, 38.71177793000004], [127.36415334900005, 38.71288384400003], [127.36454366400005, 38.71470534700006], [127.3651941930001, 38.71574620600006], [127.36597482500008, 38.716852119000066], [127.36727588100007, 38.718348355000046], [127.367926409, 38.71977953600003], [127.36896725200006, 38.72153598700004], [127.36955272600005, 38.72342254300003], [127.3700080960001, 38.724333296000054], [127.3703984120001, 38.72576447700004], [127.37052851700003, 38.727130604000024], [127.37143925600003, 38.728822], [127.37254515200004, 38.730773612000064], [127.37313062600003, 38.733180599000036], [127.37261020200003, 38.73545747700007], [127.37261020000005, 38.73727898000004], [127.37332578100006, 38.73858005500006], [127.37373188100003, 38.739635931000066], [127.37397630800001, 38.74027145100007], [127.37430157000006, 38.742483277000076], [127.37391125200008, 38.74463004800003], [127.37384619900001, 38.746061230000066], [127.37449672500009, 38.74742735700005], [127.37475693700003, 38.748858538000036], [127.374821988, 38.75087520300008], [127.3748870390001, 38.752436491000026], [127.37592788400002, 38.75367251200004], [127.37651335900011, 38.75490853200006], [127.3765784090001, 38.757120357000076], [127.37657840800011, 38.75868164600007], [127.3771638820001, 38.76004777400004], [127.37787946300011, 38.76180422400006], [127.37742409200007, 38.76414615600004], [127.37716387900002, 38.76629292800004], [127.3776192470001, 38.76798432500004], [127.37879019700006, 38.76987088100003], [127.37989609300007, 38.771432170000026], [127.38113209700009, 38.772538084000075], [127.38314873200011, 38.77396926500006], [127.38373420700009, 38.775335393000034], [127.38412452300008, 38.77650636000004], [127.3837342060001, 38.77774238000006], [127.3830186240001, 38.77949882900003], [127.38314872900003, 38.78106011700004], [127.3834089390001, 38.78249129900007], [127.38386430700007, 38.784052588000065], [127.3849051520001, 38.78502839400005], [127.38464494100003, 38.785093447000065], [127.3862062070001, 38.786589683000045], [127.3875072620001, 38.78776065000005], [127.38906852900004, 38.78906172400008], [127.389328739, 38.79075312000003], [127.38867821000008, 38.792704730000025], [127.38822283900004, 38.794070857000065], [127.38783252100006, 38.79563214600006], [127.38861315300005, 38.797193435000054], [127.38991420900004, 38.79875472400005], [127.39121526500003, 38.79979558300005], [127.39323190000005, 38.802007410000044], [127.39440285000012, 38.80421923500006], [127.39466306000008, 38.806366008000055], [127.39472811100006, 38.807992349000074], [127.3948582160001, 38.80961869200007], [127.39583400700008, 38.81078965800003], [127.39720011600002, 38.81150525000004], [127.39804580100008, 38.81300148500003], [127.39960706700003, 38.81547352600006], [127.40064791100008, 38.817295029000036], [127.40168875300003, 38.81898642500005], [127.4028597040001, 38.82087298300007], [127.40422581100006, 38.82184878900006], [127.40546181400009, 38.82295470200006], [127.40689297500012, 38.82458104500006], [127.4083891890001, 38.82640254800003], [127.40910476800002, 38.82796383800007], [127.40929992500003, 38.82978534100005], [127.41001550600004, 38.831216522000034], [127.41118645400002, 38.832907918000046], [127.41274772100007, 38.83466436800006], [127.41502456700005, 38.83752673200007], [127.41704120200006, 38.83999877300005], [127.4182772050001, 38.841625115000056], [127.41931804900003, 38.84247081400008], [127.42061910400002, 38.84292619100006], [127.42165994900006, 38.843901996000056], [127.42211531700002, 38.84572350000008], [127.42211531500004, 38.84949661400003], [127.42244057700009, 38.85112295600004], [127.42348142100002, 38.853139621000025], [127.42601847700007, 38.85723800300008]]]}}, {"type": "Feature", "properties": {"fid": 17, "OBJECTID": 20, "beginyear": 1911, "endyear": -9999, "RAIL_ID": "\ub300\ub3d9\uac15-\uc0ac\ub3d9", "comment": "-", "interval_i": "\ub300\ub3d9\uac15-\uc120\uad50\ub9ac", "rail_nm_kr": "\ud3c9\uc591\ud0c4\uad11\uc120", "rail_nm_ch": "\ud3c9\ub355\uc120", "rail_nm__1": 0, "rail_type": "\uad11\uada4", "rail_type_": 0, "org_type": "\uc0ac\ucca0", "org_type_c": 0, "org_nm_kr": "\uc11c\uc120\uc911\uc559\ucca0\ub3c4\uc8fc\uc2dd\ud68c\uc0ac", "Shape_Leng": 0.07948631893, "filter": "\uad6c\uc5ed4:\uacbd\uc758\uc120 \ubc0f \uad00\ub828 \uc9c0\uc120", "check_db": "\uae40\uc885\ud601"}, "geometry": {"type": "MultiLineString", "coordinates": [[[125.75547428300001, 38.98420795000004], [125.7546227040001, 38.985880758000064], [125.75288829200008, 38.98819334700005], [125.75250287000006, 38.98967083300005], [125.75333796200005, 38.99082712500007], [125.75487966800006, 38.992176133000044], [125.75565052400009, 38.99410328700003], [125.75732071100003, 38.99750792700007], [125.7584127560001, 38.99975627400005], [125.75956903600002, 39.001169520000076], [125.76040412700002, 39.001940380000065], [125.76130345400009, 39.002261573000055], [125.762716683, 39.00219733200004], [125.76490076300001, 39.00219732900007], [125.76766298100006, 39.00213308700006], [125.76971858400009, 39.00174765300005], [125.7715172390001, 39.00161917400004], [125.77312318100007, 39.00206884100004], [125.77517878900005, 39.00380327900007], [125.77806948700004, 39.005473477000066], [125.78038204400002, 39.00688672200005], [125.78385087800007, 39.00765757900007], [125.78609919700011, 39.00791453100004], [125.7884117530001, 39.007914527000025], [125.79072430600002, 39.00746485500008], [125.79239448500005, 39.00733637600007], [125.79489975600006, 39.008364189000076], [125.79708383800005, 39.009456241000066], [125.79901096900005, 39.01029133900005], [125.80132352400005, 39.01029133600008], [125.80395726600011, 39.00977742500004], [125.80601287200011, 39.01022709200004], [125.80761881300009, 39.01112642900006], [125.80954594500008, 39.01202576600008], [125.81140883900002, 39.01286086400006], [125.81333596800005, 39.01260390700003], [125.81558428400001, 39.01208999700003]]]}}, {"type": "Feature", "properties": {"fid": 18, "OBJECTID": 21, "beginyear": 1911, "endyear": 2013, "RAIL_ID": "\uac15\uacbd-\ub300\uc804", "comment": "-", "interval_i": "\ud751\uc11d\ub9ac-\ub450\uacc4", "rail_nm_kr": "\ud638\ub0a8\ubcf8\uc120", "rail_nm_ch": "\ud638\ub0a8\ubcf8\uc120", "rail_nm__1": 0, "rail_type": "\uad11\uada4", "rail_type_": 0, "org_type": "\uad6d\ucca0", "org_type_c": 0, "org_nm_kr": "-", "Shape_Leng": 0.61557131559, "filter": "\uad6c\uc5ed2:\uacbd\ubd80\uc120\uc758 \uc11c\ub0a8\ubd80 \uc9c0\uc5ed \ucca0\ub3c4", "check_db": "\uae40\uc885\ud601"}, "geometry": {"type": "MultiLineString", "coordinates": [[[127.013349747, 36.15231313400005], [127.01714062300005, 36.15530091900007], [127.02178002900007, 36.15808459200008], [127.02504179200002, 36.15992320300006], [127.0261029620001, 36.160521370000026], [127.02883403400006, 36.16141056600003], [127.03165411500004, 36.16197458800008], [127.03275968500009, 36.162195704000055], [127.03551315400011, 36.16227437600003], [127.03775596800006, 36.16233845700003], [127.04105118400003, 36.162704596000026], [127.04417976200011, 36.163052220000054], [127.04874779200009, 36.16340910100007], [127.05303032100005, 36.16362323000004], [127.05403944200009, 36.16381461700007], [127.05717009900002, 36.16440836900006], [127.05865606200007, 36.165045217000056], [127.060167868, 36.16569314100008], [127.0610446170001, 36.166689458000064], [127.06179406900003, 36.16845650300007], [127.06223564800007, 36.169497654000054], [127.06232843600003, 36.170518334000064], [127.06214286000011, 36.17246690500008], [127.06177487700006, 36.17516851900007], [127.0630720480001, 36.176675415000034], [127.06634030000009, 36.17879965100008], [127.06888123700003, 36.18035246100004], [127.0696041010001, 36.18147970500007], [127.07066006100001, 36.18453646800003], [127.07265857300001, 36.18974693300004], [127.07344370500005, 36.19096032900006], [127.07440618700002, 36.19176674300007], [127.07745289700006, 36.19427234700004], [127.08006909200003, 36.19748868200003], [127.08025072600003, 36.197711981000054], [127.08114561900004, 36.19882060700007], [127.08339133600009, 36.20160268700005], [127.087581483, 36.20436054500004], [127.08982122000009, 36.20561570700005], [127.0939255720001, 36.20791580800005], [127.09864202000006, 36.209964601000024], [127.10491102100002, 36.21067786200007], [127.10770392800009, 36.21094567800003], [127.109631067, 36.21137393600003], [127.11103799500006, 36.21240569300005], [127.11391359600009, 36.214514491000045], [127.11691816700011, 36.216904518000035], [127.11966776800011, 36.218096381000066], [127.12290690300006, 36.21943945100003], [127.12330424400011, 36.21967267600007], [127.12619017400004, 36.221366610000075], [127.13182883700006, 36.224792670000056], [127.13586281700009, 36.227425992000065], [127.14023880200011, 36.23020673000008], [127.14146452300008, 36.23093102800004], [127.14260653200006, 36.23143066100005], [127.14417679100006, 36.23143066200004], [127.14588980300005, 36.23021726600007], [127.14731731200004, 36.22814735500003], [127.14845932100002, 36.226505702000054], [127.15002958100001, 36.22572056300004], [127.15339209000001, 36.22485720800006], [127.1581785520001, 36.22294418900003], [127.16179728800012, 36.222387455000046], [127.16541602500001, 36.22350790200005], [127.16637456400008, 36.22350790200005], [127.16808757600006, 36.22350790300004], [127.17008609000004, 36.22179487300008], [127.17167531600012, 36.219504495000024], [127.17406443900006, 36.21640524500003], [127.17543925100006, 36.214728627000056], [127.17682053800002, 36.21378934300003], [127.17801844100006, 36.213275700000054], [127.18243404800012, 36.211944955000035], [127.18828683700008, 36.21001779900007], [127.19136451500003, 36.20910847600004], [127.19221168500007, 36.20897786000006], [127.1929262430001, 36.20887577800005], [127.1945091560001, 36.20966724400006], [127.1964650430001, 36.210550785000066], [127.199840418, 36.21143834700007], [127.20605722000005, 36.213758075000044], [127.21152108700005, 36.21566436100005], [127.21283999700006, 36.215942029000075], [127.21592832100009, 36.21683290200008], [127.21655152200003, 36.217012675000035], [127.21833590900007, 36.21765506000003], [127.2189957280001, 36.218201124000075], [127.22229513900004, 36.219882160000054], [127.22409782500006, 36.22129456500005], [127.22461694900005, 36.221509379000054], [127.22483002400008, 36.22186824600004], [127.2259730830001, 36.22379341900006], [127.22672930700003, 36.22508981900006], [127.2269723390001, 36.22550644900008], [127.22703420800008, 36.22822880600006], [127.2273272000001, 36.23129291600003], [127.22747196400007, 36.23264407100004], [127.22761632900006, 36.234917833000054], [127.22737889200005, 36.23843424800003], [127.2266451050001, 36.24138912900003], [127.22709764300009, 36.24444559700004], [127.22775746200011, 36.24649106100003], [127.22794947900002, 36.24761117800006], [127.2281407800001, 36.25375018300008], [127.22849427200003, 36.25800174800003], [127.22869750600012, 36.26182283600008], [127.22747195400007, 36.26426374400006], [127.22609943600003, 36.26739018200004], [127.22656337600006, 36.270081065000056], [127.226531926, 36.273481133000075], [127.22640131900005, 36.27397091100005], [127.22490243400011, 36.275112931000024], [127.22257348500011, 36.27676188100003], [127.22025378300009, 36.27852487300004], [127.21901743900003, 36.28030277100004], [127.21890689300005, 36.280608898000025], [127.21954927100012, 36.28246468100008], [127.22081574100002, 36.28335121900005], [127.2216905360001, 36.28396358200007], [127.22370059500008, 36.28511220100006], [127.22418867600004, 36.285391108000056], [127.22568756200008, 36.28639037600004], [127.2260802620001, 36.28644855400006], [127.22953259100007, 36.286675881000065], [127.23054109200007, 36.286675881000065], [127.23225410400005, 36.286461753000026], [127.23425218300008, 36.28581621200004], [127.23508979100006, 36.285545598000056], [127.23689351000007, 36.284962852000035], [127.23946302500008, 36.28410633800007], [127.24019448600006, 36.28395672000005], [127.24260354700004, 36.28346395300008], [127.24610094600007, 36.28232193400004], [127.24850672700006, 36.28094718700004], [127.24909871500006, 36.280608905000065], [127.25155624400008, 36.27894839600003], [127.25504932100012, 36.27731862200005], [127.25811133000002, 36.276112365000074], [127.26223180300008, 36.274970186000076], [127.26494407100006, 36.27339991000008], [127.2665373420001, 36.272456944000055], [127.26844147000008, 36.27133], [127.26970324400008, 36.270625978000055], [127.27079229800006, 36.26999720400005], [127.27429426000003, 36.267975318000026], [127.27759683600004, 36.266091146000065], [127.2795453870001, 36.26488488800004], [127.28195787800007, 36.26479210100007], [127.2839992160001, 36.26488488900003], [127.28594776600005, 36.26553441300007], [127.28873140900009, 36.26497768000007], [127.29197899300004, 36.26469931400004], [127.29634928000007, 36.26462064100008], [127.2986597370001, 36.264699316000076], [127.30079386400007, 36.26182285300007], [127.3020001110001, 36.25876081400003], [127.30320635800001, 36.25671945400006], [127.30510887100002, 36.25382392400007], [127.30755523300002, 36.25227255600004], [127.31127892500001, 36.25155879400006], [127.31212326400009, 36.25155879500005], [127.31272315900003, 36.25137261900005], [127.3144337220001, 36.25115211100007], [127.31733653100002, 36.24962062600008], [127.31754780000006, 36.249560263000035], [127.31897531000004, 36.24948888600005], [127.31980913200005, 36.249822419000054], [127.32147345100009, 36.25048815500003], [127.32468534700001, 36.25134467000004], [127.32697387700011, 36.251090386000044], [127.32789724300005, 36.25098778900008], [127.32973445400012, 36.25046959700006], [127.33296490100008, 36.24977439500003], [127.33482066400006, 36.25063091000004], [127.33528580000007, 36.25144491000003], [127.33567716900006, 36.25212981300007], [127.33696192700006, 36.25405697100007], [127.33860356100001, 36.25562724800005], [127.33937936000007, 36.25705636600003], [127.33995969400007, 36.25812541600004], [127.34131582600003, 36.26069496200006], [127.3422952200001, 36.262144481000064], [127.34310021100009, 36.263335883000025], [127.3446704700001, 36.265334418000066], [127.3455269750001, 36.26704744800003], [127.34557428900007, 36.269177411000044], [127.34505378800009, 36.27110177800006], [127.34381396100002, 36.27318580300005], [127.34394032800003, 36.27537007600006], [127.34579608900003, 36.27685470200004], [127.34885809700006, 36.276854703000026], [127.35283060200004, 36.27758330900008], [127.35425877600005, 36.27937526900007], [127.35437752700011, 36.28139407300006], [127.35433609400002, 36.28222272700003], [127.354610954, 36.28604082600003], [127.35432449400002, 36.288347130000034], [127.35537677900004, 36.28953096500004], [127.35680428700005, 36.29145812200005], [127.35713392100001, 36.29259687200005], [127.357589415, 36.29417042000006], [127.35737528800007, 36.29681134100008], [127.3570497070001, 36.297965687000044], [127.35670094400007, 36.301533826000025], [127.35681452500012, 36.30218840500004], [127.35844591600005, 36.30409171600007], [127.36058717900005, 36.30658988600004], [127.36120622500005, 36.306910877000064], [127.36344058100008, 36.307897912000044], [127.3636826180001, 36.30797859100005], [127.3646555790001, 36.30830291600006], [127.3662258390001, 36.30894530300003], [127.36858122900003, 36.31001594800006], [127.37015148900002, 36.31008732500004], [127.37250687800008, 36.31023007700003], [127.3732850780001, 36.31037419000006], [127.374434016, 36.310586958000044], [127.37609037100003, 36.31094509400003], [127.37882474300011, 36.311264022000046], [127.37976221800011, 36.31119548000004], [127.38235669300002, 36.31037283300003], [127.38563996500011, 36.308445677000066], [127.38799535600003, 36.30737503300003], [127.38985111800002, 36.307589164000035], [127.39433627200003, 36.308794146000025], [127.39485825300005, 36.30896488800005], [127.39798791800001, 36.31023008600005], [127.39905855100005, 36.310872473000074], [127.40091431100007, 36.312371375000055], [127.40205631900005, 36.313870276000046], [127.40305557300007, 36.31658257300006], [127.40341244900003, 36.318723860000034], [127.40262731700011, 36.32250680000004], [127.40223961700008, 36.32381274900007], [127.4007225790001, 36.32908195400006], [127.39988748400003, 36.332793518000074], [127.40054715600002, 36.334662614000024], [127.40100093800004, 36.335948348000045], [127.40382121100004, 36.338407732000064], [127.4050836130001, 36.34012385900007], [127.40557776800006, 36.34155143500004], [127.40640699500011, 36.342749223000055], [127.40775727200003, 36.34333781200007], [127.40953744, 36.34411379200003], [127.41399126800002, 36.344856106000066], [127.41658933500003, 36.34578399900005], [127.41863067100007, 36.34773257000006], [127.41955855100002, 36.34958835300006], [127.41929418200004, 36.351616044000025], [127.41928052500009, 36.351720786000044], [127.41929091100008, 36.351708673000076]]]}}, {"type": "Feature", "properties": {"fid": 19, "OBJECTID": 22, "beginyear": 1921, "endyear": -9999, "RAIL_ID": "\uc8fc\uc744-\uacbd\uc131", "comment": "-", "interval_i": "\uc0dd\uae30\ub839-\uacbd\uc131", "rail_nm_kr": "\ud568\uacbd\ubcf8\uc120", "rail_nm_ch": "\ud3c9\ub77c\uc120", "rail_nm__1": 1965, "rail_type": "-", "rail_type_": 0, "org_type": "\uad6d\ucca0", "org_type_c": 0, "org_nm_kr": "-", "Shape_Leng": 0.09015973323, "filter": "\uad6c\uc5ed5:\uacbd\uc6d0\uc120 \ubc0f \uad00\ub828 \uc9c0\uc120", "check_db": "\uae40\uc885\ud601"}, "geometry": {"type": "MultiLineString", "coordinates": [[[129.6074039440001, 41.586273911000035], [129.6079025240001, 41.590699104000066], [129.60736957100005, 41.59465809400007], [129.60698889700006, 41.59625691600007], [129.60877558800007, 41.59879891800006], [129.60994282600006, 41.60160037800006], [129.61095933500008, 41.603718170000036], [129.61019692800005, 41.606852493000076], [129.6098580700001, 41.61007153000003], [129.60943450600007, 41.61278229700008], [129.60833326400007, 41.61490008000004], [129.60816383300005, 41.616763734000074], [129.60901093000007, 41.61761085100005], [129.60985802200003, 41.61905095000003], [129.6102815600001, 41.62125345100003], [129.6113827700001, 41.62489604900003], [129.61222986000007, 41.62709855000003], [129.61307695100004, 41.62853864900006], [129.6153641080001, 41.63133413600008], [129.61773597900003, 41.63328250700005], [129.61825276500008, 41.636014225000054], [129.61825637000004, 41.63896838000005], [129.61818022700004, 41.64079560700003], [129.61703821700007, 41.64315577100007], [129.6165052760001, 41.64475459400006], [129.61787566300006, 41.646581825000055], [129.6203880380001, 41.65000788400005], [129.62221521800006, 41.652824863000035], [129.62312880900004, 41.65389074900003], [129.6244230650001, 41.65518503900006], [129.6250321110001, 41.65876336000008], [129.62586955300003, 41.66272235300005], [129.62617407400012, 41.66500638900004], [129.62929837100012, 41.66660222300004]]]}}, {"type": "Feature", "properties": {"fid": 20, "OBJECTID": 23, "beginyear": 1922, "endyear": -9999, "RAIL_ID": "\ud568\ud765-\uc11c\ud638\uc9c4", "comment": "-", "interval_i": "\ud765\ub0a8-\uc11c\ud638\uc9c4", "rail_nm_kr": "\ud568\uacbd\ubcf8\uc120", "rail_nm_ch": "\ud3c9\ub77c\uc120", "rail_nm__1": 1965, "rail_type": "-", "rail_type_": 0, "org_type": "\uad6d\ucca0", "org_type_c": 0, "org_nm_kr": "-", "Shape_Leng": 0.18545301348, "filter": "\uad6c\uc5ed5:\uacbd\uc6d0\uc120 \ubc0f \uad00\ub828 \uc9c0\uc120", "check_db": "\uae40\uc885\ud601"}, "geometry": {"type": "MultiLineString", "coordinates": [[[127.54594097300003, 39.91137614000007], [127.54762502500012, 39.91287310100006], [127.5506126570001, 39.91551933100004], [127.55283204000011, 39.91671440400006], [127.55496606300005, 39.91679976800003], [127.55914875100007, 39.91492180200004], [127.5627339130001, 39.91261702400004], [127.56333144100006, 39.91116586700008], [127.56341680800006, 39.90570268500005], [127.56409970000004, 39.899983417000044], [127.56478259200003, 39.897422551000034], [127.5651240410001, 39.89213009500003], [127.56606301700003, 39.885984015000076], [127.56725807500004, 39.882313441000065], [127.56845313000008, 39.88035011100004], [127.57067251600006, 39.87898431700006], [127.5753673700001, 39.877106351000066], [127.57997686200008, 39.87556983500008], [127.58561068500012, 39.875484476000054], [127.59047625800008, 39.876082014000076], [127.59602471800008, 39.877618537000046], [127.60404864700001, 39.87736245600007], [127.61079216400003, 39.876167390000035], [127.61514557300006, 39.87514304500007], [127.61753568000006, 39.874204063000036], [127.6187307350001, 39.872070009000026], [127.61873073800007, 39.86950914300007], [127.6184567900001, 39.867522972000074], [127.61838929700002, 39.867033638000066], [127.6183893000001, 39.86524103100004], [127.61992580000003, 39.86310697700003], [127.62180374200011, 39.86165582000007], [127.6240231270001, 39.86063147500005], [127.62624251300008, 39.85977785400007], [127.62684004200003, 39.85713162600007], [127.62914479900007, 39.84705888700006], [127.63025449300005, 39.84560773000004], [127.6388759560001, 39.84108353800008], [127.64476586500007, 39.837839778000045], [127.64724133400011, 39.836132537000026], [127.64843639000003, 39.83382775600006], [127.64809494700012, 39.832461961000035], [127.64809495000009, 39.83084008000003], [127.64860711800009, 39.82896211000008], [127.64988753400007, 39.82725486800007], [127.65150939600005, 39.82401110400008], [127.65347270100006, 39.82238922300007], [127.65705786300009, 39.82127951700005], [127.66030157800003, 39.82127951900003], [127.66328921100012, 39.821962419000045], [127.66542954500005, 39.82314525600003]]]}}, {"type": "Feature", "properties": {"fid": 21, "OBJECTID": 24, "beginyear": 1923, "endyear": -9999, "RAIL_ID": "\uc11c\ud638\uc9c4-\ud1f4\uc870", "comment": "-", "interval_i": "\uc5ec\ud638-\ud1f4\uc870", "rail_nm_kr": "\ud568\uacbd\ubcf8\uc120", "rail_nm_ch": "\ud3c9\ub77c\uc120", "rail_nm__1": 1965, "rail_type": "-", "rail_type_": 0, "org_type": "\uad6d\ucca0", "org_type_c": 0, "org_nm_kr": "-", "Shape_Leng": 0.17853431927, "filter": "\uad6c\uc5ed5:\uacbd\uc6d0\uc120 \ubc0f \uad00\ub828 \uc9c0\uc120", "check_db": "\uae40\uc885\ud601"}, "geometry": {"type": "MultiLineString", "coordinates": [[[127.66542954500005, 39.82314525600003], [127.66653292500007, 39.82375502800005], [127.67011808200004, 39.82563299900005], [127.67378860200006, 39.82691343500005], [127.67660551200004, 39.828620682000064], [127.678739532, 39.83109618800006], [127.68061747000002, 39.833827779000046], [127.68206860100008, 39.83707154600006], [127.68334901300011, 39.83954705100007], [127.68428798000002, 39.84176646900005], [127.68471478200001, 39.84458342200003], [127.68753168700005, 39.849363709000045], [127.68975106800008, 39.85260747400008], [127.69171436700003, 39.85516834300006], [127.69453127500003, 39.857217038000044], [127.69615313200006, 39.858070661000056], [127.69897004300003, 39.85841211200005], [127.70178695200002, 39.859692547000066], [127.7085304630001, 39.86327776600007], [127.71126201100003, 39.86455820000003], [127.71356675700008, 39.86532646400008], [127.71698119400003, 39.86524110300007], [127.71894449700005, 39.86498501900007], [127.72244429800003, 39.86233879300005], [127.72517585100002, 39.860460826000065], [127.72841956800005, 39.860204742000064], [127.72952589400006, 39.86026006000003], [127.7318340060001, 39.86037546800003], [127.735675248, 39.86029011000005], [127.73857752000004, 39.86088764700003], [127.74224804200003, 39.86046083900004], [127.7450649540001, 39.85977794300004], [127.74788186500007, 39.85960722200008], [127.74993052700006, 39.85994867200003], [127.75266207600009, 39.860631573000035], [127.75530826600004, 39.86097302300004], [127.75769837100006, 39.86097302600007], [127.75949095300007, 39.86071694000003], [127.76136889200006, 39.86182665000007], [127.76239322100002, 39.863107085000024], [127.76290538500007, 39.86481432900007], [127.76324682800009, 39.86592403900005], [127.7663198140001, 39.87104577400004], [127.76853919500002, 39.87386272900005], [127.7719536300001, 39.875826062000044], [127.77570950600011, 39.87847229400006], [127.7779288910001, 39.879667367000025], [127.77895322000006, 39.88094780200004], [127.77946538300012, 39.882398960000046], [127.77886785400005, 39.88402084100005], [127.77681919000008, 39.88564272200006], [127.77545341200005, 39.88726460200007], [127.77425835600002, 39.88956938000007], [127.77374618700003, 39.89204488400003], [127.77272185200002, 39.89434966400006], [127.77127071400002, 39.895544734000055], [127.76870988300004, 39.89673980300006], [127.76666121800008, 39.89955675300007], [127.76631977000011, 39.901861533000044], [127.7681977090001, 39.90365414200005], [127.77041709000002, 39.90561747400005], [127.77246575100003, 39.90672718500008]]]}}, {"type": "Feature", "properties": {"fid": 22, "OBJECTID": 25, "beginyear": 1924, "endyear": -9999, "RAIL_ID": "\ud1f4\uc870-\uc591\ud654", "comment": "-", "interval_i": "\ud1f4\uc870-\uc0bc\ud638", "rail_nm_kr": "\ud568\uacbd\ubcf8\uc120", "rail_nm_ch": "\ud3c9\ub77c\uc120", "rail_nm__1": 1965, "rail_type": "-", "rail_type_": 0, "org_type": "\uad6d\ucca0", "org_type_c": 0, "org_nm_kr": "-", "Shape_Leng": 0.61828334823, "filter": "\uad6c\uc5ed5:\uacbd\uc6d0\uc120 \ubc0f \uad00\ub828 \uc9c0\uc120", "check_db": "\uae40\uc885\ud601"}, "geometry": {"type": "MultiLineString", "coordinates": [[[127.77246575100003, 39.90672718500008], [127.77408760800006, 39.90766617100007], [127.77630699100007, 39.90869051900006], [127.77835565300006, 39.90877588300003], [127.78014823300009, 39.90843443600005], [127.78228225900011, 39.90715400400006], [127.78544061800005, 39.90425169200006], [127.7869771170001, 39.90237372400003], [127.78757464900002, 39.89955677200004], [127.78859898100006, 39.89819097700007], [127.79081836700004, 39.897422719000076], [127.79252558600001, 39.897422720000066], [127.79474496900002, 39.89793489500005], [127.79756187900011, 39.89912997000005], [127.80020806800007, 39.90006895600004], [127.80490291800004, 39.90023968400004], [127.80720766400009, 39.89981287400008], [127.8099392150001, 39.89947143000006], [127.8123293210001, 39.89989824200006], [127.8142072600001, 39.90100795300003], [127.81548767100003, 39.903056648000074], [127.81770705200006, 39.90578824000005], [127.81907282500003, 39.90689795000003], [127.82001179200006, 39.909032006000075], [127.82274333900011, 39.91039780400007], [127.82419447500001, 39.911678238000036], [127.82564560900005, 39.91253186100005], [127.82641385400007, 39.91449519300005], [127.82649921300003, 39.91603171300005], [127.82453590900002, 39.91739750700003], [127.82265796700005, 39.918507214000044], [127.8218897160001, 39.92012909500005], [127.82317012700003, 39.92277532500003], [127.8240237330001, 39.924738656000045], [127.8244505350001, 39.92593372700003], [127.82402372800004, 39.92764097200006], [127.82368228000007, 39.93003111400003], [127.82427980300008, 39.93250661900004], [127.82649918400011, 39.934640675000026], [127.82862140500004, 39.936751737000066], [127.8297428940001, 39.938396616000034], [127.83341341400012, 39.939250241000025], [127.83810826500007, 39.939079520000064], [127.84203486800004, 39.93865271300007], [127.846132194, 39.939164891000075], [127.84997343300006, 39.94010387900005], [127.85261961800006, 39.94326228400007], [127.85398538600009, 39.94710358400005], [127.85697301400012, 39.95000590200004], [127.85893631500005, 39.950859526000045], [127.86182525400011, 39.952973420000035], [127.8624361090001, 39.95342039600007], [127.86696023500008, 39.95615199100007], [127.87003322500004, 39.958200687000044], [127.87370373800002, 39.962810250000075], [127.87549631400009, 39.96494430700005], [127.87805713700004, 39.96741981300005], [127.87942291000002, 39.96895633400004], [127.88002043400002, 39.96972459500006], [127.88070332100006, 39.97091966600004], [127.88130084400007, 39.97279763600005], [127.88121547900005, 39.97552922600005], [127.88266660900001, 39.978431543000056], [127.8848006290001, 39.98090704900005], [127.88736145200005, 39.98363864100003], [127.88812969900005, 39.98483371400005], [127.8884711390001, 39.98705313100004], [127.88958082600004, 39.99038225900006], [127.89128804200004, 39.99149196900004], [127.8951292810001, 39.99260168200004], [127.89726330400003, 39.99294313300004], [127.89973877000011, 39.99328458400004], [127.90110454600006, 39.99311386100004], [127.90349465400004, 39.99174806800005], [127.90605548300005, 39.99157734600004], [127.90750661800007, 39.991748071000075], [127.91083569000011, 39.993711407000035], [127.91425012500008, 39.99550401600004], [127.9166402300001, 39.996443003000024], [127.918091365, 39.99644300400007], [127.92039611100006, 39.99541866000004], [127.92321302500011, 39.99405286700005], [127.92594457700011, 39.99277243800003], [127.92876148800008, 39.99243099200004], [127.93089550900004, 39.993540702000075], [127.93268808700009, 39.994650413000045], [127.93430994200003, 39.99610157200004], [127.93473674400002, 39.99780881700008], [127.93533426700003, 39.99985751000003], [127.93738292600005, 40.00190620600006], [127.94096808000006, 40.004040264000025], [127.94361426600005, 40.00583287300003], [127.94549220400006, 40.00728403200003], [127.94745549900006, 40.01061316100004], [127.94976024000005, 40.012832580000065], [127.95223570300004, 40.01505200100007], [127.95582085400008, 40.01914939100004], [127.95880848200011, 40.022222433000024], [127.96299115900001, 40.02674663500005], [127.96529589900001, 40.02896605600006], [127.96896641500007, 40.03169764900008], [127.97203940400004, 40.03425851800006], [127.97434414400004, 40.03630721400003], [127.97553919300003, 40.038355909000074], [127.97724640900003, 40.03963634400003], [127.97895362600002, 40.04091677900004], [127.9792666940001, 40.04158206300008], [127.97963651000009, 40.04236793700005], [127.97972186800007, 40.044245905000025], [127.97980722600005, 40.045867788000066], [127.9799779440001, 40.04774575700003], [127.97903897100002, 40.04911155100007], [127.97792927600005, 40.05124560400003], [127.9777585490001, 40.05355038400006], [127.98074617700001, 40.05653806500004], [127.98228266800004, 40.058928208000054], [127.98322163700004, 40.060037917000045], [127.98672143100009, 40.061403717000076], [127.98936761900006, 40.062257342000066], [127.99218452800005, 40.06251343200006], [127.99474535400009, 40.062769521000064], [127.99730618400008, 40.06268416200004], [128.00043905100006, 40.063279446000024], [128.00217175400007, 40.06387923800003], [128.00464722000004, 40.06387924100005], [128.00643979900008, 40.063708519000045], [128.00942743500002, 40.06191591500004], [128.01267115500002, 40.05901360400003], [128.01608559500005, 40.05747708800004], [128.0215486950001, 40.05696492000004], [128.02641426800005, 40.05636739000005], [128.02974334300006, 40.05662348100003], [128.03196272600007, 40.05756246800007], [128.03520644000002, 40.057818558000065], [128.03921840100008, 40.05901363400005], [128.04399860900003, 40.060037985000065], [128.0474130460001, 40.06037943800004], [128.05074212400007, 40.05986726900005], [128.0559491450001, 40.05687959800008], [128.06090008600006, 40.05278221800006], [128.064058444, 40.05133106300008], [128.0690947380001, 40.05124570800007], [128.07396031100006, 40.05073354000007], [128.07694794400004, 40.05064818200003], [128.079072601, 40.05053527600006], [128.08300857200004, 40.04919703100006], [128.08582548700008, 40.047233703000074], [128.08727662400008, 40.04595327200008], [128.0888131270001, 40.04322168400006], [128.09188612200012, 40.041770529000075], [128.094959119, 40.040063289000045], [128.09760531100005, 40.03852677300006], [128.10033686200006, 40.03784387800005], [128.10315377200004, 40.037929244000054], [128.1058853190001, 40.03912431800006], [128.1075925350001, 40.04057547800005], [128.11015335900004, 40.04245344900005], [128.11279954500003, 40.04322171300004], [128.11740903400005, 40.04364852900005], [128.1228721330001, 40.04373389800003], [128.1263719310001, 40.04398998900007], [128.12782306500003, 40.04381926600007], [128.13303008700007, 40.04185594200004], [128.13714196400008, 40.04040467600004], [128.1402857700001, 40.03929508500005], [128.14830969800005, 40.03878292200005], [128.1526631060001, 40.03827075400005], [128.15641898500007, 40.03895365600005], [128.1599187810001, 40.04023409400003], [128.1619674430001, 40.04006337200008], [128.16419258200006, 40.03966150200006], [128.16725982200012, 40.03895367000007], [128.17297901000006, 40.03639281200003], [128.17972252700008, 40.03460021300003], [128.1864660430001, 40.03340515200006], [128.19128867400002, 40.03334332800006], [128.1931241950001, 40.033319798000036], [128.19670935300007, 40.03374661400005], [128.19833120900012, 40.03408806500005], [128.20183100100007, 40.036734297000066], [128.2042211050001, 40.037587924000036], [128.20780626200008, 40.038526913000055], [128.2107938910001, 40.03989271100005], [128.21429368200006, 40.042880394000065], [128.21745202800003, 40.046294886000055], [128.22163470500004, 40.04988010500006], [128.22393944600003, 40.05158735200007], [128.2252198550001, 40.053636047000055], [128.2258173770001, 40.05559937800007], [128.23008541500008, 40.05909923400003], [128.23136582300003, 40.06140401600004], [128.23051220900004, 40.063794157000075], [128.229402509, 40.067294006000054], [128.22906105800007, 40.070110957000054], [128.232475485, 40.074379073000046], [128.23392662000003, 40.07506197400005], [128.24041404500008, 40.07693995000005], [128.24415658500004, 40.07810319600003]]]}}, {"type": "Feature", "properties": {"fid": 23, "OBJECTID": 26, "beginyear": 1924, "endyear": -9999, "RAIL_ID": "\ub2e8\ucc9c-\uae38\uc8fc", "comment": "-", "interval_i": "\ub2e8\ucc9c-\uc5ec\ud574\uc9c4", "rail_nm_kr": "\ud568\uacbd\ubcf8\uc120", "rail_nm_ch": "\ud3c9\ub77c\uc120", "rail_nm__1": 1965, "rail_type": "-", "rail_type_": 0, "org_type": "\uad6d\ucca0", "org_type_c": 0, "org_nm_kr": "-", "Shape_Leng": 0.87885558987, "filter": "\uad6c\uc5ed5:\uacbd\uc6d0\uc120 \ubc0f \uad00\ub828 \uc9c0\uc120", "check_db": "\uae40\uc885\ud601"}, "geometry": {"type": "MultiLineString", "coordinates": [[[128.88796924400003, 40.45292609900008], [128.8891992550001, 40.45371458400007], [128.89536217300008, 40.454353155000035], [128.90126076, 40.453471757000045], [128.9074129380001, 40.45290511300004], [128.91178422400003, 40.45225751500004], [128.918907804, 40.45039565800005], [128.92489808800008, 40.44861474900006], [128.92765038000005, 40.44804809800007], [128.9302407680001, 40.44845286000003], [128.93615009200005, 40.44950523500006], [128.93825478200006, 40.449990945000025], [128.93979282500004, 40.450314752000054], [128.94173561000002, 40.45225758000004], [128.94367839900008, 40.45330994500006], [128.94910202300002, 40.45444327000007], [128.95314950300008, 40.45573849600004], [128.9563874810001, 40.45857178600005], [128.95857311600003, 40.46035271200003], [128.95946355500007, 40.462295536000056], [128.96027304000006, 40.465209773000026], [128.9616491820001, 40.46634308900008], [128.96391577100007, 40.46666689800003], [128.97209169100006, 40.46618121100005], [128.97719152500008, 40.465371712000035], [128.980186666, 40.46480506100005], [128.98245325900007, 40.46431936100004], [128.98455795000007, 40.46448126800004], [128.98625789100004, 40.46537173100006], [128.98706737600003, 40.46836691900006], [128.98731021300011, 40.471443056000055], [128.98803875300007, 40.473547782000026], [128.9905825740001, 40.47494691600008]], [[128.9905330260001, 40.47494691500003], [128.99122718600006, 40.47532871200008], [128.99665080700004, 40.47751439800004], [129.00272202400004, 40.48002389200008], [129.00774089900005, 40.481561972000065], [129.01284072300007, 40.48326195300007], [129.01583586100003, 40.48342386100006], [129.01882461800005, 40.48347917600006], [129.02255468300007, 40.48390958200008], [129.02676406000012, 40.48552861200005], [129.03283527500002, 40.48844285900003], [129.03728749700008, 40.491114252000045], [129.0402826300001, 40.49281422800004], [129.04230636900002, 40.49321898800008], [129.04497771, 40.493218994000074], [129.04829665400007, 40.49143808100007], [129.05072515300003, 40.48925241100005], [129.05226320100007, 40.48811910000006], [129.0547726430001, 40.48771435200007], [129.05728208000005, 40.48868576900003], [129.05987246600012, 40.489738137000074], [129.0607559450001, 40.49028028400005], [129.06343424300007, 40.49192382100006], [129.06634842900007, 40.49257143500006], [129.06910072100004, 40.49224763800004], [129.07322915500004, 40.49200479500007], [129.07776233700008, 40.49208575500006], [129.08124317500005, 40.491681010000036], [129.0838335630001, 40.492004820000034], [129.08804294100003, 40.493542898000044], [129.0905523780001, 40.49435241200007], [129.09419511300007, 40.494676225000035], [129.09670455100002, 40.49540478900008], [129.09832353800005, 40.49661905700003], [129.09889017900002, 40.498480931000074], [129.09934237200002, 40.50066381700003], [129.10050915300008, 40.503580846000034], [129.1029376360001, 40.50519987000007], [129.105204221, 40.50689984600007], [129.10649940700011, 40.50916647500003], [129.10763269400002, 40.51143310500004], [129.108442179, 40.514104488000044], [129.10763267200002, 40.51661396600008], [129.10763265800006, 40.52025675900006], [129.1091172140001, 40.521270626000046], [129.11095158500007, 40.522523394000075], [129.11232772200003, 40.52446622000008], [129.1157276030001, 40.52576144300008], [129.12026078400004, 40.52600430700005], [129.1216369220001, 40.527947133000055], [129.1222845090001, 40.53045661400006], [129.12382252600003, 40.53652793900005], [129.126008156, 40.53952313000008], [129.1292461380001, 40.54098025400003], [129.1340221590001, 40.54332784400003], [129.13806963700006, 40.54470402000004], [129.14179331600008, 40.54624209700006], [129.14543604100004, 40.54883253700007], [129.1485121170001, 40.551827729000024], [129.14915970000004, 40.55498481700005], [129.14826923900011, 40.55854665800007], [129.14681213500012, 40.56097518300004], [129.14511218400003, 40.56275610000006], [129.1451931260001, 40.56469892200005], [129.14665021500002, 40.56591319100005], [129.1490787020001, 40.566884608000066], [129.14974860100006, 40.56724827600004], [129.15191193300006, 40.56842268300005], [129.15417852000007, 40.56971790400007], [129.15555465700004, 40.571336925000026], [129.15636414100004, 40.57433211400007], [129.156606957, 40.58242720900006], [129.15684978500008, 40.58752712000006], [129.16284001200006, 40.59894121900004], [129.16510658700008, 40.60298877100007], [129.16559930200003, 40.60582200500005], [129.16607795800007, 40.60857439000006], [129.16688743800012, 40.612783841000066], [129.16963972300005, 40.613836211000034], [129.17352529900006, 40.61545523900003], [129.17676328000005, 40.616831414000046], [129.17902986700005, 40.617883781000046], [129.18064885600006, 40.618774245000054], [129.18170119600006, 40.620312316000025], [129.1815392850001, 40.62282179500005], [129.1800012340001, 40.62460271300006], [129.17716798900005, 40.626302675000034], [129.17643943500002, 40.62792169200003], [129.17643942600012, 40.629864516000055], [129.1775727150001, 40.63132163600005], [129.179758353, 40.63205020000004], [129.1807297470001, 40.632697809000035], [129.18129639200004, 40.63326446800005], [129.18218683100008, 40.63488348800007], [129.18218681700012, 40.63804057600004], [129.184534342, 40.64216908000003], [129.1867199630001, 40.646540437000056], [129.18752943800007, 40.65180225000006], [129.18833892400005, 40.65414983100004], [129.1906864560001, 40.65617361000005], [129.1931958880001, 40.657954536000034], [129.194652968, 40.66103067700004], [129.19400535800003, 40.66418776200004], [129.19373596200012, 40.665576171000055], [129.1929529900001, 40.66961147300003], [129.19181967800012, 40.67325426300005], [129.19230536600003, 40.67560184200005], [129.19400530400003, 40.67665420900005], [129.1980527830001, 40.677868483000054], [129.2025050090001, 40.67900180700008], [129.20396209600005, 40.680458927000075], [129.2049334830001, 40.682725557000026], [129.2041239670001, 40.68709690600008], [129.20371920200012, 40.69073969800007], [129.20380013500005, 40.694949146000056], [129.20436677200007, 40.697215775000075], [129.20659045600007, 40.699450617000025], [129.20930468000006, 40.702315697000074], [129.21059986000012, 40.70571564000005], [129.21229977200005, 40.712596475000055], [129.21788525500006, 40.72287725900003], [129.22225650300004, 40.73032475800005], [129.22209459700002, 40.731943777000026], [129.2201517850001, 40.736477025000056], [129.21796612900005, 40.74003886100007], [129.21561856900007, 40.74465305900003], [129.21625321400006, 40.74776292900003], [129.21642804900011, 40.74861965700006], [129.2180470090001, 40.75614809900003], [129.21968948300002, 40.76634280900004], [129.21998975000008, 40.76772409000006], [129.220880189, 40.76950501300007], [129.221446828, 40.77152878800007], [129.22096112100007, 40.773714462000044], [129.2190992630001, 40.77711439700005], [129.21723741200003, 40.77938101800004], [129.21537555800012, 40.78221429800004], [129.21335180300002, 40.78529042800005], [129.21286609900005, 40.786747544000036], [129.21327083500012, 40.789661780000074], [129.21262323000008, 40.79128079600008], [129.2114899290001, 40.79298076400005], [129.21068042500008, 40.79451883000007], [129.20962806800003, 40.797190208000075], [129.20809001700002, 40.79921397800007], [129.20517581800004, 40.80204725300007], [129.20258541500004, 40.80512338300008], [129.20120925800006, 40.80828046600004], [129.19934739500002, 40.81329942100007], [129.19837598300012, 40.81710411200004], [129.196756982, 40.81888502800007], [129.19400467900005, 40.822204010000064], [129.1908476310001, 40.82528013800004], [129.1880953310001, 40.828032463000056], [129.18599063200008, 40.83021813400006], [129.18450206400007, 40.833355082000026], [129.18250355700002, 40.83543688000003], [129.18083813200008, 40.83768522200006], [129.1792559820001, 40.83926738700006], [129.17917270500004, 40.84093282900005], [129.18025521700008, 40.842431729000054], [129.181004647, 40.84409717400007], [129.1815042600001, 40.84676188100008], [129.1835027420001, 40.85042585800005], [129.18533468700002, 40.853090569000074], [129.18733317300007, 40.85583855400006], [129.18924839800002, 40.85633819100008], [129.19124689500006, 40.85650474000005], [129.193578472, 40.857337467000036], [129.196576208, 40.86008545400006], [129.19932413300012, 40.86183417400008], [129.20248842, 40.862333815000056], [129.20515307900007, 40.86308327000006], [129.20656867800005, 40.86416581100008], [129.2084006220001, 40.86716361100008], [129.20939985200005, 40.87124394600005], [129.2096666770001, 40.87251140500007], [129.21006600400005, 40.87440828800004], [129.21014926300006, 40.87707299400006], [129.21014924700012, 40.88057042100007], [129.20840055400004, 40.88273549100006], [129.20756783700006, 40.88456747500004], [129.20756782900003, 40.88664927800005], [129.21206443900007, 40.88906417900006], [129.21647777600003, 40.89164562600007], [129.2203914920001, 40.89364416500007], [129.22288960900005, 40.894726708000064], [129.2248048340001, 40.89514307500008], [129.2273029580001, 40.89489326300003], [129.22955127000012, 40.89447691000004], [129.2312166800001, 40.89522636300006], [129.23329844500006, 40.89605908900006], [129.235130399, 40.89647545400004], [129.23604637200003, 40.897724538000034], [129.2362129060001, 40.89930670800004], [129.23563000100012, 40.90155505300004], [129.23721213400006, 40.903969947000064], [129.239293889, 40.90713429200008], [129.24229162900008, 40.90838338100008], [129.24495629000012, 40.90904956400004], [129.24812057600002, 40.90938266100005], [129.25095178100003, 40.909465940000075], [129.25344990000008, 40.91021539500008], [129.25844613200002, 40.91279684300008], [129.26211003700007, 40.914628838000056], [129.26544085700004, 40.91646083200004], [129.26827205600011, 40.91787646500006], [129.27118652600006, 40.91895901000004], [129.27376792000007, 40.91887574500004], [129.27643258600006, 40.918126304000054], [129.2786809040001, 40.91637759500003], [129.28076267900008, 40.91479543000003], [129.28376042700006, 40.914795438000056], [129.28634181200005, 40.91629434300006], [129.28996908300007, 40.919669800000065], [129.2923372780001, 40.92187358800004], [129.29570627500004, 40.92575536100003], [129.29748810700005, 40.927879905000054], [129.29984820700008, 40.934503610000036], [129.30281737000007, 40.94181252800007], [129.3044922790001, 40.94660900500003], [129.30799439700002, 40.94934985500004], [129.3121055790001, 40.95178616900006], [129.3156838330001, 40.953613406000045], [129.320708598, 40.95978031200008], [129.32187694700008, 40.96119728100007]]]}}, {"type": "Feature", "properties": {"fid": 24, "OBJECTID": 27, "beginyear": 1924, "endyear": -9999, "RAIL_ID": "\uc218\ub0a8-\uc8fc\uc744", "comment": "-", "interval_i": "\ud68c\ubb38-\uc6a9\ud604", "rail_nm_kr": "\ud568\uacbd\ubcf8\uc120", "rail_nm_ch": "\ud3c9\ub77c\uc120", "rail_nm__1": 1965, "rail_type": "-", "rail_type_": 0, "org_type": "\uad6d\ucca0", "org_type_c": 0, "org_nm_kr": "-", "Shape_Leng": 0.34816986173, "filter": "\uad6c\uc5ed5:\uacbd\uc6d0\uc120 \ubc0f \uad00\ub828 \uc9c0\uc120", "check_db": "\uae40\uc885\ud601"}, "geometry": {"type": "MultiLineString", "coordinates": [[[129.65706706100002, 41.340525496000055], [129.65777108800012, 41.34151116000004], [129.66142546900005, 41.34379520500005], [129.66645024000002, 41.34722127200007], [129.6746726, 41.351560962000065], [129.681143904, 41.35475863000005], [129.68411308700001, 41.356433597000034], [129.6857118790001, 41.35742335000003], [129.68769131400006, 41.36237209600006], [129.68883329400012, 41.365798151000035], [129.6901477460001, 41.367325778000065], [129.6925637930001, 41.37059463400004], [129.69736016800005, 41.373335489000056], [129.69964415800007, 41.37417297600007], [129.70322241600002, 41.37447752500003], [129.70573481300005, 41.374096861000055], [129.70794267400004, 41.37424913600006], [129.70938919800005, 41.37531502400003], [129.71121638700004, 41.376685449000036], [129.71365261300002, 41.38300461800003], [129.71525139000005, 41.386582943000064], [129.7153275080001, 41.389476054000056], [129.71685013600006, 41.395871353000075], [129.71700237100004, 41.401353036000046], [129.7158603480001, 41.40599723300005], [129.717078463, 41.40896648200004], [129.71791591300007, 41.41140278800003], [129.7179159000001, 41.41391522500004], [129.71677389100012, 41.415970852000044], [129.71593642200003, 41.41680832800006], [129.71091163100004, 41.41703671500005], [129.70862763600007, 41.41703670800007], [129.70581071000004, 41.41673216200007], [129.70306991500001, 41.41696055700004], [129.70093818100008, 41.41802643200003], [129.69903484000008, 41.420005923000076], [129.69781670300006, 41.42114793600007], [129.6944668320001, 41.42327969000007], [129.69020336000005, 41.42602051800003], [129.6867012230001, 41.428152272000034], [129.68495015700012, 41.42876134200003], [129.68243776300005, 41.42860906400006], [129.68129576700005, 41.428304524000055], [129.67969697400008, 41.42784771200007], [129.6736062980001, 41.431806685000026], [129.6691144240001, 41.43508045400006], [129.66766788300004, 41.43683154100006], [129.66340440200008, 41.44132346200007], [129.65959527600012, 41.44564621100005], [129.65662850900003, 41.44901302300008], [129.65350702700005, 41.45297200400006], [129.650766212, 41.456778719000056], [129.65030939400003, 41.46050930700005], [129.648482187, 41.462412663000066], [129.64695951400006, 41.46431601900008], [129.64574136600004, 41.46736139500007], [129.64475162100007, 41.47017836600003], [129.64444707200005, 41.47299534000007], [129.64452319800012, 41.47444189500004], [129.64467539800012, 41.48647114100004], [129.64505604400006, 41.49027786600004], [129.64703546500004, 41.49773904800003], [129.65015687200003, 41.50740813400006], [129.65297375900002, 41.514640917000065], [129.6544202760001, 41.517153359000076], [129.65472480100004, 41.51844764500004], [129.65381118800008, 41.52103621400005], [129.6528214430001, 41.523929320000036], [129.65175556100007, 41.527126965000036], [129.648253414, 41.53139048400004], [129.6456648730001, 41.533750643000076], [129.64338086400005, 41.53626307400003], [129.63466754500007, 41.54540151200007], [129.63401643400005, 41.54608439100008], [129.63074268900004, 41.549662700000056], [129.62762121900005, 41.55164218700003], [129.623357746, 41.55483982000004], [129.61886588000004, 41.556743168000025], [129.61391721400003, 41.558951053000044], [129.6099582820001, 41.56054986400005], [129.60775040600004, 41.56313842900005], [129.60577092300002, 41.567173550000064], [129.60599930500007, 41.57044733200007], [129.606532205, 41.57638582200008], [129.60729348900009, 41.58529355400003], [129.6074039440001, 41.586273911000035]]]}}, {"type": "Feature", "properties": {"fid": 25, "OBJECTID": 28, "beginyear": 1925, "endyear": -9999, "RAIL_ID": "\uc591\ud654-\uc18d\ud6c4", "comment": "-", "interval_i": "\uc591\ud654-\uac15\uc0c1\ub9ac", "rail_nm_kr": "\ud568\uacbd\ubcf8\uc120", "rail_nm_ch": "\ud3c9\ub77c\uc120", "rail_nm__1": 1965, "rail_type": "-", "rail_type_": 0, "org_type": "\uad6d\ucca0", "org_type_c": 0, "org_nm_kr": "-", "Shape_Leng": 0.139323179, "filter": "\uad6c\uc5ed5:\uacbd\uc6d0\uc120 \ubc0f \uad00\ub828 \uc9c0\uc120", "check_db": "\uae40\uc885\ud601"}, "geometry": {"type": "MultiLineString", "coordinates": [[[128.24415658500004, 40.07810319600003], [128.24673074800012, 40.07890329000003], [128.249955268, 40.07937846100003], [128.25585322000006, 40.08069892700007], [128.25902227100005, 40.08078696200005], [128.26175117800005, 40.07990666000006], [128.26412796900001, 40.07867423600004], [128.2680892840001, 40.078058028000044], [128.27249074400004, 40.077970004000065], [128.27548373500008, 40.07867425200004], [128.27935701400008, 40.080786991000025], [128.28243803300006, 40.08245957500003], [128.28490284800012, 40.083251852000046], [128.28675146000012, 40.08369200800007], [128.28930430800006, 40.08325185800004], [128.29168109600005, 40.083163831000036], [128.29449803300008, 40.08201943900008], [128.29713891100005, 40.081139138000026], [128.299955844, 40.08096308100005], [128.3029488420001, 40.079290505000074], [128.3077904480001, 40.079114451000066], [128.32838927900002, 40.07893842000004], [128.33076606800012, 40.07885039300004], [128.33887202100004, 40.08177151600006], [128.34053730000005, 40.08237162800003], [128.34599510500004, 40.08404421600005], [128.34828386200002, 40.08510058600007], [128.35180502100002, 40.08844575100005], [128.354181798, 40.09284728000006], [128.356822662, 40.09724881100004], [128.35937549900007, 40.100946097000076], [128.36342483400006, 40.10393914000008], [128.3675621980001, 40.107020215000034], [128.36887507900008, 40.10785279000004]]]}}, {"type": "Feature", "properties": {"fid": 26, "OBJECTID": 29, "beginyear": 1926, "endyear": -9999, "RAIL_ID": "\uadf9\ub3d9-\uc218\ub0a8", "comment": "-", "interval_i": "\uadf9\ub3d9-\uc870\ub9c9\uc0b0", "rail_nm_kr": "\ud568\uacbd\ubcf8\uc120", "rail_nm_ch": "\ud3c9\ub77c\uc120", "rail_nm__1": 1965, "rail_type": "-", "rail_type_": 0, "org_type": "\uad6d\ucca0", "org_type_c": 0, "org_nm_kr": "-", "Shape_Leng": 0.18712902759, "filter": "\uad6c\uc5ed5:\uacbd\uc6d0\uc120 \ubc0f \uad00\ub828 \uc9c0\uc120", "check_db": "\uae40\uc885\ud601"}, "geometry": {"type": "MultiLineString", "coordinates": [[[129.53700308500004, 41.263695744000074], [129.54073209900002, 41.264394958000025], [129.54705115000002, 41.26508018700008], [129.5501726120001, 41.26500406200006], [129.55352247500002, 41.26447113000006], [129.55953700500004, 41.26302459200008], [129.56471406700007, 41.261806456000045], [129.57141379300003, 41.26089286200005], [129.57659085600005, 41.25975086100004], [129.5797884530001, 41.25929406400007], [129.5829860460001, 41.259294073000035], [129.5883915070001, 41.258608879000064], [129.59067550500004, 41.25815207800008], [129.59295951100012, 41.256248724000045], [129.59547190900003, 41.25563965600003], [129.5973752420001, 41.25503058600003], [129.60034443100005, 41.25594420900006], [129.6039988110001, 41.25860892600008], [129.60826225100004, 41.26241566200008], [129.61069850400008, 41.263938358000075], [129.61343929400005, 41.26500424900007], [129.61595168000008, 41.26667921600006], [129.61724593400004, 41.26843031200008], [129.61808339200002, 41.26980073500005], [129.61850535500002, 41.27111630200005], [129.62051963700003, 41.27292225600007], [129.6228036230001, 41.275054028000056], [129.62463080800012, 41.27695739500007], [129.62562053400006, 41.27802328100006], [129.62562052600003, 41.279622104000055], [129.6272954430001, 41.28190614300007], [129.62980783000012, 41.28373337800008], [129.63178728100002, 41.28594128300006], [129.63528939800005, 41.28776852200008], [129.63940057900004, 41.28982416500003], [129.64275043100008, 41.29134686500004], [129.6441208220001, 41.29248888600006], [129.64442534400007, 41.294392248000065], [129.64396853800008, 41.29591493600003], [129.6419890630001, 41.29804669600003], [129.64069478600004, 41.300406860000066], [129.64069477500004, 41.30253862500007], [129.64145609000002, 41.30566014100003], [129.64297874300007, 41.30763964200003], [129.64610019300005, 41.309695282000064], [129.6493739110001, 41.31129411500007], [129.65135336700007, 41.31251227300004], [129.6546270760001, 41.31586220100007], [129.65942344200005, 41.320354148000035], [129.6606415660001, 41.32164843800007], [129.66071769100006, 41.32309499300004], [129.65972794800007, 41.325302890000046], [129.6593439300001, 41.325759564000066], [129.65691100300012, 41.328652798000064], [129.65386566100005, 41.331317495000064], [129.65264752500002, 41.33215497000003], [129.65234392000002, 41.33327772000007], [129.65251794100004, 41.33397383100004], [129.6538121970001, 41.33534425600004], [129.65624843700004, 41.33937939100008], [129.65706706100002, 41.340525496000055]]]}}, {"type": "Feature", "properties": {"fid": 27, "OBJECTID": 30, "beginyear": 1926, "endyear": -9999, "RAIL_ID": "\uc18d\ud6c4-\uc2e0\ubd81\uccad", "comment": "-", "interval_i": "\uc18d\ud6c4-\uc2e0\ubd81\uccad", "rail_nm_kr": "\ud568\uacbd\ubcf8\uc120", "rail_nm_ch": "\ud3c9\ub77c\uc120", "rail_nm__1": 1965, "rail_type": "-", "rail_type_": 0, "org_type": "\uad6d\ucca0", "org_type_c": 0, "org_nm_kr": "-", "Shape_Leng": 0.10773006288, "filter": "\uad6c\uc5ed5:\uacbd\uc6d0\uc120 \ubc0f \uad00\ub828 \uc9c0\uc120", "check_db": "\uae40\uc885\ud601"}, "geometry": {"type": "MultiLineString", "coordinates": [[[128.36887507900008, 40.10785279000004], [128.3711713890001, 40.109309014000075], [128.37398831500002, 40.11256614800004], [128.37706932600008, 40.116791618000036], [128.3801503410001, 40.11934450800004], [128.38270318000002, 40.122161488000074], [128.38587222500007, 40.12445028600007], [128.386312362, 40.12761938600005], [128.38560812100002, 40.13026030100008], [128.38463979800008, 40.13114060500004], [128.38085453700012, 40.13369348400005], [128.37706927400006, 40.13677454600003], [128.37249174600004, 40.14047182000007], [128.36905859900003, 40.14399303700003], [128.36747407100006, 40.14566561400005], [128.36166413400008, 40.14936288800004], [128.35787887200001, 40.15253198100004], [128.354533757, 40.155260922000025], [128.35259711000003, 40.15693349900005], [128.35162878200003, 40.159574414000076], [128.350572424, 40.16256744900005], [128.35286117300006, 40.16670488700004], [128.3570865590001, 40.17198672400008], [128.35963939700002, 40.175595980000026], [128.36289647400008, 40.17665235100003], [128.36685778600008, 40.17682841800007], [128.36713139100004, 40.17683867900007], [128.3728344420001, 40.177052555000046]]]}}, {"type": "Feature", "properties": {"fid": 28, "OBJECTID": 31, "beginyear": 1930, "endyear": 2013, "RAIL_ID": "<none>", "comment": "\uc0ac\ud574\uc120", "interval_i": "\ud558\uc131-\ud559\ud604", "rail_nm_kr": "\ud574\uc8fc\uc120", "rail_nm_ch": "\ud669\ud574\uccad\ub144\uc120", "rail_nm__1": 0, "rail_type": "\ud611\uada4", "rail_type_": 0, "org_type": "\uc0ac\ucca0", "org_type_c": 1946, "org_nm_kr": "\uc870\uc120\ucca0\ub3c4\uc8fc\uc2dd\ud68c\uc0ac", "Shape_Leng": 0.43373040781, "filter": "\uad6c\uc5ed4:\uacbd\uc758\uc120 \ubc0f \uad00\ub828 \uc9c0\uc120", "check_db": "\uae40\uc885\ud601"}, "geometry": {"type": "MultiLineString", "coordinates": [[[125.78259527700004, 38.01010244300005], [125.7877009880001, 38.00957425300004], [125.79747226100005, 38.008077720000074], [125.80116949900003, 38.00746150100008], [125.80521885700011, 38.00710937400004], [125.81006047800008, 38.006229062000045], [125.81525421900005, 38.00622905600005], [125.81895145900012, 38.00649314300006], [125.82273672800011, 38.00649313800005], [125.82478046800009, 38.006859966000036], [125.82629362400007, 38.008340529000066], [125.82981480800004, 38.010053553000034], [125.83314565700005, 38.01148107100005], [125.83533450300001, 38.01357477100004], [125.83676201300011, 38.016239479000035], [125.83818952600006, 38.01976070200004], [125.83837986200001, 38.02128339300003], [125.84085421000009, 38.02347226000006], [125.84275755300007, 38.02470944400005], [125.84389956000007, 38.02632730300007], [125.84447056800002, 38.02918235000004], [125.84351890200003, 38.03165672500006], [125.84247206900011, 38.03384559500006], [125.84037839700011, 38.03517795300007], [125.83638138100002, 38.034892453000055], [125.83362153500002, 38.034321447000025], [125.82933901900003, 38.033940779000034], [125.82638884000005, 38.033464941000034], [125.82362899600002, 38.03384561800004], [125.82096432100002, 38.03479730400005], [125.81915615000003, 38.03574898800008], [125.81706247600005, 38.036891009000044], [125.814588135, 38.03736685300004], [125.81220896100001, 38.03841370600003], [125.80982978800012, 38.039936401000034], [125.80859261700004, 38.04041224400004], [125.80640377700001, 38.041078424000034], [125.8045004380001, 38.042125277000025], [125.8026922680001, 38.04402864300005], [125.80021792900004, 38.04583684200003], [125.79669675500008, 38.04945324000005], [125.79479342000002, 38.051832449000074], [125.79441275300007, 38.05221312200007], [125.79327075200001, 38.05392615200003], [125.79098674500005, 38.05459233200003], [125.78775106600006, 38.05544885000006], [125.78584772700003, 38.05630536700005], [125.78474050000011, 38.05796623500004], [125.78471643500006, 38.059065246000046], [125.78489249900008, 38.06108995000005], [125.78462841400005, 38.06346677700003], [125.78321994700002, 38.06531542100004], [125.78154738900002, 38.06689997500007], [125.78022694900005, 38.06804437400007], [125.77793818500004, 38.069981050000024], [125.77723395400005, 38.07209378700003], [125.77767410400008, 38.07403045900003], [125.77917060900006, 38.075703039000075], [125.78084317200012, 38.07719955700003], [125.78251573600005, 38.07860804500007], [125.78366012300012, 38.080368656000076], [125.783484068, 38.082217299000035], [125.78251574700005, 38.08380185100003], [125.78022698300003, 38.085210344000075], [125.77829033600005, 38.08661883700006], [125.77741004400002, 38.08758717400008], [125.7767938400001, 38.08864354100007], [125.77696990100003, 38.090140062000046], [125.77855443600004, 38.091724611000075], [125.78119532100004, 38.09242885200007], [125.78269182600002, 38.09357324800004], [125.78339606500003, 38.09542189100006], [125.78233971500003, 38.097182503000056], [125.78057912600002, 38.09788675100003], [125.77864247800005, 38.09815084500008], [125.77670583200006, 38.099647369000024], [125.77617765600007, 38.100087522000024], [125.77538539200009, 38.10114389000006], [125.77520933400001, 38.10167207400008], [125.77520933900007, 38.10378480900005], [125.77529737500004, 38.10668981800006], [125.77520935100006, 38.10959482900006], [125.77512132600009, 38.112235748000046], [125.77468118100012, 38.113820299000054], [125.7736248330001, 38.11637318900006], [125.7734487780001, 38.117957740000065], [125.7741530190001, 38.120862748000036], [125.77441711300003, 38.12341563600006], [125.7738009090001, 38.12482412700007], [125.77204032400005, 38.127024893000055], [125.77098397200007, 38.12825732400006], [125.76913535500012, 38.129665816000056], [125.76728673800005, 38.13028203300007], [125.76552614800005, 38.13028203400006], [125.76332541200009, 38.131074314000045], [125.7619169410001, 38.13186659000007], [125.76050847200008, 38.13318705100005], [125.7592760660001, 38.13618009400005], [125.7582197160001, 38.13785267600008], [125.75681124800008, 38.140317536000055], [125.7567232240001, 38.142430270000034], [125.75654716600002, 38.14348663800007], [125.75716337400002, 38.14427891200006], [125.75707534700007, 38.14551134100003], [125.75707534800006, 38.14595149400003], [125.7563711140001, 38.14691983200004], [125.7546985570001, 38.14815226300004], [125.75434643900007, 38.14815226300004], [125.75337811600002, 38.14868044800005], [125.75293796900007, 38.14876847900007], [125.75188161500012, 38.14929666300003], [125.74959285000011, 38.149472728000035], [125.74756817200011, 38.14991288400006], [125.74598364300005, 38.150705161000076], [125.74545546800005, 38.15228971300007], [125.74457517700012, 38.15413835700008], [125.74316670900009, 38.15554684800003], [125.74184626800002, 38.15598700400005], [125.74061385400012, 38.155898973000035], [125.7385011450001, 38.15528276200007], [125.73656449500004, 38.15484261200004], [125.73462784500009, 38.15405033800005], [125.73277922500006, 38.153874280000025], [125.73075454800005, 38.15405034300005], [125.72828972400009, 38.154842623000036], [125.72573686800001, 38.15537080900003], [125.72380022000004, 38.15545884200003], [125.72221569300007, 38.156779304000054], [125.72186357500004, 38.157131427000024], [125.72142343200005, 38.15871597800003], [125.720543141, 38.160916745000065], [125.72036708500002, 38.162589327000035], [125.72115935500005, 38.164261907000025], [125.72265586100002, 38.166462670000044], [125.72432842500007, 38.168487371000026], [125.72529675200008, 38.16998389100007], [125.72529675600003, 38.17200859500008], [125.72424040700002, 38.173857240000075], [125.72203967200005, 38.17508967100008], [125.72001499700002, 38.176674225000056], [125.71799032500007, 38.17922711400007], [125.71631776800007, 38.18081166800005], [125.7159656550001, 38.18345258700003], [125.71429310000008, 38.18591744500003], [125.71332478200009, 38.188470335000034], [125.71420508000006, 38.19023094600004], [125.71605370200007, 38.192079585000045], [125.71693400200002, 38.19366413500006], [125.71649385800004, 38.19507262600007], [125.71614174000001, 38.19577687100008], [125.715349478, 38.19674520900003], [125.71455721500001, 38.19824173000006], [125.71552554300001, 38.19973825000005], [125.71675795800002, 38.200970676000054], [125.71904672700009, 38.202291133000074], [125.72045520100005, 38.203523560000065], [125.72195170700002, 38.20572432300003], [125.72221580000007, 38.20783705600007], [125.72186369000008, 38.21144631200008], [125.72098339900003, 38.213118895000036], [125.71939887000008, 38.21461541700006], [125.71807843300007, 38.21611193900003], [125.71711011000002, 38.217432399000074], [125.716317849, 38.21875286000005], [125.71649391000005, 38.22016134900008], [125.71781435500009, 38.22174589800005], [125.71975100600002, 38.222098017000064], [125.72001509300003, 38.222098017000064], [125.7219517420001, 38.22192195400004], [125.72512080100012, 38.22077755200007], [125.72749759700002, 38.22060148700007], [125.72952227400003, 38.22051345400007], [125.73137089400007, 38.220689513000025], [125.73427586800005, 38.22121769300003], [125.73612448900008, 38.22236208700008], [125.73674069900005, 38.22394663800003], [125.73621252400005, 38.22535512800005], [125.73542026400003, 38.22773195600007], [125.73550829600003, 38.22870029200004], [125.7381491860001, 38.23160529900008], [125.74017386900005, 38.23371803100008], [125.74175840200007, 38.234950457000025], [125.74351899300007, 38.23574273100007], [125.74580776000005, 38.23591878900004], [125.74880076200009, 38.235918785000024], [125.75100149800005, 38.23539059900003], [125.75584311700004, 38.234158164000064], [125.76110854, 38.23290074300007]]]}}, {"type": "Feature", "properties": {"fid": 29, "OBJECTID": 32, "beginyear": 1906, "endyear": 2013, "RAIL_ID": "\uc6a9\uc0b0-\uc2e0\uc758\uc8fc", "comment": "-", "interval_i": "\uc6a9\uc0b0-\uc2e0\uc758\uc8fc", "rail_nm_kr": "\uacbd\uc758\uc120", "rail_nm_ch": "\uacbd\uc758\uc120", "rail_nm__1": 1960, "rail_type": "\uad11\uada4", "rail_type_": 0, "org_type": "\uad6d\ucca0", "org_type_c": 0, "org_nm_kr": "-", "Shape_Leng": 5.131830052, "filter": "\uad6c\uc5ed4:\uacbd\uc758\uc120 \ubc0f \uad00\ub828 \uc9c0\uc120", "check_db": "\uae40\uc885\ud601"}, "geometry": {"type": "MultiLineString", "coordinates": [[[126.96424918100001, 37.52976068400005], [126.9642635780001, 37.529768844000046], [126.96535898900004, 37.530389584000034], [126.9654902740001, 37.53046397900005], [126.96767435900006, 37.53181299000005], [126.9694087800001, 37.53329047600005], [126.9709504870001, 37.535346111000024], [126.97109626100007, 37.535874550000074], [126.97146438900006, 37.537663063000025], [126.97146438900006, 37.539578325000036], [126.97146439000005, 37.54176996800004], [126.97146438900006, 37.54549580500003], [126.97145455000009, 37.545909066000036], [126.97140015200011, 37.548193824000066], [126.97146439000005, 37.55057065200003], [126.971399947, 37.550789758000064], [126.97124734700003, 37.551308609000046], [126.97114320100002, 37.55166270800004], [126.97114320100002, 37.55269052400007], [126.97114320100002, 37.55455344300003], [126.97113701600006, 37.55527604800005]], [[126.97114320100002, 37.55522524600008], [126.97114320100002, 37.556287885000074], [126.97114817300007, 37.55657277900008], [126.97114968400001, 37.55665945100003], [126.97120181100001, 37.55964692900005], [126.97025755900006, 37.56170657900003], [126.9680375050001, 37.56281127400007], [126.96587245400008, 37.56281127500006], [126.96287469100002, 37.56281127400007], [126.96037655400005, 37.56247818600008], [126.95612972100002, 37.561895280000044], [126.95204943300007, 37.56156219200005], [126.94938475300012, 37.56081274200005], [126.94588736300011, 37.56047965300007], [126.94303689900005, 37.56041768600005], [126.94205688500006, 37.56039638100003], [126.93764351200002, 37.56006329200005], [126.93323013700001, 37.56031311000004], [126.93148144200006, 37.560979288000055], [126.92898330500009, 37.56297782100006], [126.92606881400002, 37.56564253100004], [126.92481974600003, 37.56614216600008], [126.9229877790001, 37.56614216500003], [126.92123908300005, 37.56639198200003], [126.91874094700006, 37.567391249000025], [126.91341158900002, 37.56972287200006], [126.91083018200004, 37.57130504400004], [126.90650007900001, 37.57347012200006], [126.90328321900006, 37.57556429300007], [126.899505298, 37.57805009400005], [126.8950086530001, 37.58096462300006], [126.8911671520001, 37.58358928200005], [126.88834695700007, 37.58579441200004], [126.88484956700006, 37.588875485000074], [126.88085254900011, 37.592789279000044], [126.88018615200008, 37.593375716000025], [126.87668898900006, 37.596453258000054], [126.87127636100001, 37.60103323000004], [126.86619682000003, 37.60528011400004], [126.86511429400002, 37.606279381000036], [126.85936858000002, 37.60894409300005], [126.85437230900004, 37.61144226000005], [126.85129127400012, 37.612774616000024], [126.84787715400012, 37.612524800000074], [126.84246452600007, 37.61260807200006], [126.83555301600006, 37.61244152900008], [126.83039020000001, 37.61235825800003], [126.82805860700012, 37.613607341000034], [126.82527834200005, 37.61538599800008], [126.82474528300008, 37.615837052000074], [126.82226904300012, 37.61768376300006], [126.82095525400007, 37.618663550000065], [126.81943638100006, 37.61979628300003], [126.81859767000003, 37.620421769000075], [126.818210399, 37.620710587000076], [126.81716522500005, 37.621490048000055], [126.81428763300005, 37.62424313400004], [126.81198726800005, 37.62851307200003], [126.8116707160001, 37.62896606700008], [126.81003113700001, 37.63131235600008], [126.80977788300004, 37.631768220000026], [126.80669447000002, 37.63729273700005], [126.80544017200009, 37.63932472500005], [126.80010172200002, 37.648641643000076], [126.80010167300009, 37.64864172800003], [126.79815085000007, 37.65206760900003], [126.79545286400003, 37.65682126400003], [126.7933330190001, 37.66035438500006], [126.79275487900009, 37.661446441000066], [126.7916628370001, 37.66337359800008], [126.79050655800006, 37.665429232000065], [126.78909332700005, 37.66806301400004], [126.78658805500004, 37.67204580500004], [126.78506822700001, 37.674325579000026], [126.78453244700006, 37.67512925800003], [126.78369426900008, 37.67572091900007], [126.78250927700003, 37.676644417000034], [126.77659702400001, 37.67914258500008], [126.76935243000003, 37.68205711500008], [126.76852353900006, 37.68244054300004], [126.76333278600009, 37.684841680000034], [126.76177475300005, 37.686220727000034], [126.76106935200005, 37.687337626000044], [126.76077550000002, 37.687802900000065], [126.76027587300007, 37.68996797700004], [126.76052569100011, 37.700293731000045], [126.7602758810001, 37.711202392000075], [126.76194130600004, 37.715116185000056], [126.76360673200008, 37.719363068000064], [126.76885282100011, 37.73085463100006], [126.77201713000011, 37.738265858000034], [126.77201713000011, 37.73924799500003], [126.77084982400004, 37.74142345900003], [126.76770217500007, 37.746562545000074], [126.76564656700009, 37.75035262000006], [126.7655663920001, 37.75069737800004], [126.76500419100012, 37.753114879000066], [126.76461876500002, 37.75626256800007], [126.7642975770001, 37.75851091800007], [126.76493995500005, 37.760823507000055], [126.76577504700003, 37.762044038000056], [126.76808760800009, 37.763264571000036], [126.7718776370001, 37.76487053400007], [126.77395352600001, 37.76571078500007], [126.77457562400002, 37.765962588000036], [126.7773378490001, 37.76737583700003], [126.78151330600008, 37.76923875400007], [126.78478943200003, 37.77065200200008], [126.78607418800004, 37.77161558000006], [126.78690927900004, 37.77290035000004], [126.7876801330001, 37.77450631500005], [126.78812979700001, 37.77559837000007], [126.78845098800002, 37.77726857300007], [126.7880013240001, 37.78060897800003], [126.78755166000008, 37.78272885100006], [126.78768013600006, 37.784142098000075], [126.78890065500002, 37.78703283400006], [126.79044236300001, 37.790887147000035], [126.79191983300007, 37.79384212100007], [126.79346154000007, 37.79782491100008], [126.79487477200007, 37.801101077000055], [126.79558138900006, 37.80379909700008], [126.79526020000003, 37.80591897000005], [126.79442511000002, 37.808809706000034], [126.79352578300006, 37.81215011000006], [126.79159865200006, 37.81773886600007], [126.78992847200004, 37.823391859000026], [126.78832253000007, 37.829623], [126.78755167600002, 37.83180711000006], [126.78787286800002, 37.83585414000004], [126.78742320300012, 37.83746010500005], [126.78729473100009, 37.84433363000005], [126.78748744500001, 37.849408477000054], [126.78742320800006, 37.85075748700007], [126.78735897100012, 37.85294159800003], [126.78741495000008, 37.85459297700004], [126.78748744800009, 37.85673167200008], [126.7873589730001, 37.85975088500004], [126.78774440100005, 37.86077870200006], [126.78857949300004, 37.86270585800003], [126.78902915700007, 37.86469725400008], [126.78973577400006, 37.86752374900004], [126.7900569630001, 37.869193952000046], [126.78915763500004, 37.870799917000056], [126.78716626500011, 37.872855550000054], [126.78459675500005, 37.87381913000007], [126.78170605600008, 37.87503966300005], [126.77823721700008, 37.87613171900006], [126.77419023900006, 37.87773768400007], [126.77162072800002, 37.87850854800007], [126.76988630900007, 37.87966484200007], [126.76693137200004, 37.881720477000044], [126.76365524900007, 37.884225781000055], [126.76134268900012, 37.88602446200008], [126.759544032, 37.887373472000036], [126.75755266100009, 37.88782314100007], [126.75434077400007, 37.88820857400003], [126.7504865090001, 37.888337052000054], [126.75067922100004, 37.88852976800007], [126.74566867700003, 37.88885096100006], [126.74354883, 37.88923639400008], [126.7387952360001, 37.890264211000044], [126.73314231400002, 37.89148474700005], [126.72896686000001, 37.89238408800003], [126.72479140700011, 37.893283428000075], [126.71997357400005, 37.89399005400003], [126.71695439900009, 37.894247009000026], [126.71451336400003, 37.89482515700007], [126.712843184, 37.89604568900006], [126.71020943600001, 37.897715894000044], [126.70744721300002, 37.89951457300003], [126.70417108900006, 37.90144173200008], [126.70217971900001, 37.90253378700004], [126.7001883480001, 37.90291921900007], [126.69794002600008, 37.903368889000035], [126.69530628000007, 37.903754322000054], [126.69228710400012, 37.90426823100006], [126.6889467420001, 37.90471790300006], [126.68812716200011, 37.90484183600006], [126.68614937000007, 37.90514090900007], [126.68470704900005, 37.90555300400007], [126.68271568000011, 37.90690201600006], [126.68021040800011, 37.90876493500008], [126.67712699700007, 37.91107752400006], [126.67436477500007, 37.912940443000025], [126.67198797700007, 37.91339011300005], [126.66832642600002, 37.91435369200008], [126.66569267700004, 37.91531727200004], [126.66209536400004, 37.91730866900008], [126.65785567400007, 37.91987821300006], [126.65348750800001, 37.92231928000007], [126.65265241800012, 37.923668289000034], [126.65123918800009, 37.925980878000075], [126.65021138500003, 37.92675174200008], [126.64674254700003, 37.92732989000007], [126.64314523300004, 37.92829346900004], [126.64038301000005, 37.92893585600007], [126.63742807300002, 37.92996367400008], [126.63537246600004, 37.931055729000036], [126.63325262, 37.93285441000006], [126.63344533400004, 37.93298288700004], [126.632032105, 37.93529547600008], [126.63183939100009, 37.93651600800007], [126.63196786900005, 37.93831468800005], [126.6317751570001, 37.94024184400007], [126.6310685420001, 37.94204052500004], [126.62991226400004, 37.94358225000008], [126.62772818100007, 37.945188216000076], [126.62573681100002, 37.94653722600003], [126.62419510500001, 37.946665704000054], [126.62252653000007, 37.94662060600007], [126.62181830800012, 37.94660146600006], [126.61912032300006, 37.94653722800007], [126.61545877000003, 37.94608756000008], [126.61083365200011, 37.94595908500003], [126.60710786300001, 37.94647299400003], [126.60396021300005, 37.94711538100006], [126.5998489970001, 37.94788624500006], [126.59605897000006, 37.94904254100004], [126.59226894400001, 37.95122665400004], [126.58777230300007, 37.953667720000055], [126.58526703100006, 37.955273686000055], [126.58301871000003, 37.956301504000066], [126.58006377600009, 37.958100184000045], [126.57672341400007, 37.95989886600006], [126.57543865900004, 37.96054125100005], [126.57312610000008, 37.96176178500008], [126.57062082800007, 37.96214721700005], [126.56760165300011, 37.96240417300004], [126.56394010200006, 37.96298232200007], [126.56098516700001, 37.96368894700004], [126.55867260800005, 37.96510219700008], [126.5559746240001, 37.966451207000034], [126.55353359000003, 37.967735979000054], [126.55051441700004, 37.96934194500005], [126.54775219400005, 37.97017704700005], [126.54569658500009, 37.97004857100006], [126.54370521500005, 37.96953466400004], [126.54132255700006, 37.968705904000046], [126.54075027700003, 37.96850684800006], [126.53811652900004, 37.96747903200003], [126.53580397000007, 37.96696512600005], [126.53323445900003, 37.96696512600005], [126.53008681000006, 37.96786446700003], [126.52738882500012, 37.969149240000036], [126.52366303600002, 37.96940619700007], [126.520451148, 37.969277721000026], [126.51743197300004, 37.96882805300004], [126.51531212700002, 37.967864475000056], [126.5134492310001, 37.966643943000065], [126.51043005600002, 37.964459833000035], [126.50998039000001, 37.96407440300004], [126.50818173200003, 37.962661155000035], [126.50651154900004, 37.96150486300007], [126.50464865300012, 37.960027377000074], [126.50175795200005, 37.95842141400004], [126.5001520080001, 37.95829293700007], [126.49610503000008, 37.95720088400003], [126.4925077150001, 37.95655850000003], [126.48936006600002, 37.95765055800007], [126.48807531200009, 37.959385], [126.48621241900003, 37.96195454200006], [126.48499190400003, 37.96413865400007], [126.48415681400002, 37.96484527900003], [126.4819084940001, 37.965744620000066], [126.4795316960001, 37.96568038300006], [126.47734761200002, 37.96497375900003], [126.47599861900005, 37.96388170400007], [126.47464962400011, 37.96189031000006], [126.47252977500011, 37.95893533700007], [126.46963907200006, 37.954824071000075], [126.46867550600007, 37.95424592400008], [126.46572056800005, 37.95379625600003], [126.46122392600012, 37.95321811200006], [126.4578864450001, 37.95280092400003], [126.45711270800007, 37.95270420600008], [126.45260665500007, 37.95189650900005], [126.45030350500008, 37.951483677000056], [126.44696314300006, 37.951804872000025], [126.44619229000011, 37.95270421300006], [126.44497177500011, 37.954695609000055], [126.44542144000002, 37.95604461700003], [126.44632077000006, 37.957714819000046], [126.44811943000002, 37.96092674700003], [126.4497896150001, 37.964138673000036], [126.45017504200007, 37.964716820000035], [126.45280879500001, 37.96927775700004], [126.45383660100003, 37.97159034300006], [126.45383660100003, 37.97274663700006], [126.45345117700003, 37.975123464000035], [126.45261608800001, 37.977949962000025], [126.45274456600009, 37.979427448000024], [126.45345118300008, 37.98148308100008], [126.45480017800003, 37.98488772400003], [126.4553140810001, 37.98636521000003], [126.45524984500003, 37.98764998200005], [126.45512137300011, 37.990861910000035], [126.45492866100005, 37.99349569100008], [126.45313000600004, 37.99510165500004], [126.45068897300007, 37.997093052000025], [126.44786251500011, 37.999341403000074], [126.44606385800012, 38.000304982000046], [126.44458639100003, 38.00203942400003], [126.44317329000012, 38.002793928000074], [126.44105162100004, 38.00522764100003], [126.43899601500004, 38.007861424000055], [126.43771126200011, 38.009981296000035], [126.4367476970001, 38.011587261000045], [126.43674770000007, 38.014092565000055], [126.43732584200006, 38.01640515200006], [126.43906026200011, 38.01788263800006], [126.44310724400009, 38.02083760900007], [126.4461906570001, 38.022764764000044], [126.44766812700004, 38.024242249000054], [126.44863855900007, 38.02639499500003], [126.44863857200005, 38.02639502100004], [126.45023764100006, 38.03002371900004], [126.45139392300007, 38.032850214000064], [126.45210054200004, 38.03670452700004], [126.45274292300007, 38.040301886000066], [126.45402768200006, 38.044477391000044], [126.45569786600004, 38.04807475000007], [126.45775347900008, 38.05231449200005], [126.45807467000009, 38.05526946600003], [126.4565972040001, 38.058931064000035], [126.45563364100008, 38.06239994600003], [126.45467007700006, 38.06477677400005], [126.45386894400008, 38.06721504600006], [126.45319261300006, 38.06927347300007], [126.45094429700009, 38.07589004500005], [126.45010921000005, 38.079101974000025], [126.45068735100006, 38.08122184600006], [126.4512012570001, 38.08456225000003], [126.45216482500007, 38.08700331500006], [126.45396348300005, 38.08905894700007], [126.45653299300011, 38.089508616000046], [126.4592952160001, 38.08950861500006], [126.46173625000006, 38.08976556600004], [126.46404881, 38.09072914300003], [126.4665540850001, 38.09291325300006], [126.46931630900008, 38.09529007800006], [126.47111496700006, 38.09696027900003], [126.47169310900006, 38.09978677600003], [126.47203623500002, 38.103838479000046], [126.47203623700011, 38.103838505000056], [126.47239973, 38.10710997100006], [126.47355601400011, 38.11077156700003], [126.47580434000008, 38.11642455700007], [126.47753876100012, 38.11970072300005], [126.47779571400008, 38.12124244900008], [126.47708910100005, 38.124197422000066], [126.47638248800001, 38.12708815700006], [126.47554740100009, 38.130685517000074], [126.47445536200007, 38.134025922000035], [126.47490502900007, 38.13659546400004], [126.47541893300001, 38.14025706100006], [126.47570157900009, 38.142646709000076], [126.47570158200006, 38.14264673400004], [126.47612555400008, 38.146038531000045], [126.47670369600007, 38.149057742000025], [126.47683217300005, 38.15137033000008], [126.4756758960001, 38.15400411000007], [126.47458385700008, 38.15728027700004], [126.47387724400005, 38.15946438800006], [126.47439114800011, 38.16139154500007], [126.47518826100008, 38.16371044300007], [126.47580438200009, 38.16550281100007], [126.47753880500011, 38.17109156500004], [126.47888780100004, 38.175588262000076], [126.47953018100009, 38.177386941000066], [126.48120036300008, 38.17995648200008], [126.48184274300002, 38.18111277500003], [126.48267783400001, 38.182590262000076], [126.48486191900008, 38.184581656000034], [126.48653210000009, 38.18625185700006], [126.48845923400006, 38.18747238800006], [126.48987246500008, 38.18920682900006], [126.49045060700007, 38.19119822300007], [126.49045060800006, 38.193189618000076], [126.48942280500012, 38.195309491000046], [126.48743143900003, 38.197172410000064], [126.48486193100007, 38.198521421000066], [126.48344870100004, 38.199741955000036], [126.4812003830001, 38.20301812100007], [126.47908054100003, 38.205523425000024], [126.47773155000004, 38.20706515200004], [126.47529051700008, 38.20777177700006], [126.47355609700003, 38.20770753900007], [126.47072963700009, 38.20700091600003], [126.46835284000008, 38.20597310100004], [126.465911806, 38.20500952400005], [126.46359924600006, 38.20391747100007], [126.46173635200012, 38.203467802000034], [126.45903836800005, 38.203853234000064], [126.45736818800003, 38.20494529000007], [126.45627614800003, 38.20661549400006], [126.45576224800004, 38.20834993500006], [126.45659734100002, 38.21169033900003], [126.4575609100001, 38.214902265000035], [126.45794633800006, 38.21657246800004], [126.4580105760001, 38.217985715000054], [126.45756091400006, 38.21907777100006], [126.4567900620001, 38.22016982700006], [126.45338546800008, 38.22646520700005], [126.4530837000001, 38.22697444700003], [126.45132986400006, 38.22993408900004], [126.44747560500002, 38.23533013000008], [126.44542000100012, 38.23867053500004], [126.44400677300007, 38.240661931000034], [126.44246506900004, 38.24181822600008], [126.44156574200008, 38.24323147500007], [126.44015251500002, 38.24644340300006], [126.43893200100001, 38.24894870600008], [126.43790419900006, 38.25004076300007], [126.43610554200006, 38.25106858100003], [126.433857224, 38.25158249000003], [126.43115924000006, 38.252417593000075], [126.429874487, 38.25344541100003], [126.429874487, 38.25498713500008], [126.4298744890001, 38.256657338000025], [126.42993872700004, 38.25736396100007], [126.43058110600009, 38.258841448000055], [126.43154467400007, 38.26057588800006], [126.4328294290001, 38.26179642000005], [126.43469232400003, 38.263016951000054], [126.43610555500004, 38.26378781200003], [126.43681217100004, 38.26565073000006], [126.43674793700006, 38.267899079000074], [126.43661946300006, 38.270661337000035], [126.4361698030001, 38.27419445800007], [126.43565590300011, 38.276442806000034], [126.4348208130001, 38.277727578000054], [126.4337287730001, 38.27856268000005], [126.43186588100002, 38.27991169000006], [126.4294890860001, 38.28196732600003], [126.4273050060001, 38.28415143700005], [126.42582754000011, 38.28517925500006], [126.4229368450001, 38.28704217400008], [126.41985343600004, 38.289097810000044], [126.41760511700011, 38.290446821000046], [126.41587070000003, 38.291988547000074], [126.41477866000002, 38.293915705000074], [126.41426476100003, 38.29558590600004], [126.41362238500005, 38.297834257000034], [126.41336543700004, 38.30021108200003], [126.41310848900002, 38.30297333900006], [126.41278730200008, 38.30567135900003], [126.41291578000005, 38.30772699200003], [126.41375087400002, 38.31042501100006], [126.41458596600012, 38.31293031400003], [126.41535682000006, 38.315050185000075], [126.4158707250001, 38.317170057000055], [126.41548530000011, 38.318968737000034], [126.4143932610001, 38.32063893900005], [126.41265884200004, 38.321795233000046], [126.410539, 38.323080006000055], [126.40777678000006, 38.324685971000065], [126.40501455900005, 38.325970744000074], [126.40336875300011, 38.32675447200006], [126.40231657700008, 38.32725551600004], [126.40071063500011, 38.328540289000046], [126.399490119, 38.32931115100007], [126.39762722600005, 38.33059592400008], [126.39601294900001, 38.33190988900003], [126.39486500700002, 38.33284427500007], [126.39268092700001, 38.33489990900006], [126.39151008200008, 38.336462174000076], [126.39092771800006, 38.33665629800004], [126.38906482400012, 38.337234446000025], [126.38668803100006, 38.33819802600004], [126.38450395000007, 38.33935432100003], [126.382384107, 38.341153001000066], [126.38142054200011, 38.34256625000006], [126.38013579100004, 38.34520003100005], [126.37955765400011, 38.34751261900004], [126.37942917900011, 38.348861629000055], [126.37930070700008, 38.350981501000035], [126.37910799500003, 38.35271594100004], [126.37878680900008, 38.35509276800008], [126.37808019600004, 38.35682720900007], [126.37563916400006, 38.35804774200005], [126.37294118200009, 38.35946099200004], [126.3717206660001, 38.35978218500003], [126.3700504840001, 38.359782187000064], [126.36780216600005, 38.360424574000035], [126.36593927400008, 38.36106696000007], [126.36478299500004, 38.361709347000044], [126.36054330600007, 38.362737166000045], [126.35913007700003, 38.363443791000066], [126.35784532500008, 38.364343131000055], [126.35688176100007, 38.365949096000065], [126.35591819600006, 38.366591483000036], [126.35411954100005, 38.36671996100006], [126.35077918000002, 38.36774778000006], [126.34782424500008, 38.36819745100007], [126.34448388600003, 38.36903255500005], [126.34229980400005, 38.369289510000044], [126.33992300900002, 38.36954646500004], [126.33773892700003, 38.369996137000044], [126.33619722300011, 38.370767002000036], [126.333884667, 38.37185905800004], [126.33163634800007, 38.37320806900004], [126.32816751400003, 38.37442860300007], [126.3260476690001, 38.37481403600003], [126.32354239800009, 38.37487827600006], [126.32078017800006, 38.37532794800006], [126.3183391440001, 38.37558490400005], [126.31609082600005, 38.37603457500006], [126.31390674500005, 38.37706239400006], [126.31152995100001, 38.378347166000026], [126.30947434400002, 38.378411406000055], [126.30606974400007, 38.37802597800004], [126.30292209700008, 38.37776902500008], [126.30150886600006, 38.37789750400003], [126.30028835200005, 38.378668367000046], [126.2984254590001, 38.37950346900004], [126.29636985400009, 38.38065976400003], [126.29392882200011, 38.38162334500004], [126.2918732170001, 38.38265116300005], [126.28943218500001, 38.383871698000064], [126.28692691600008, 38.38534918600004], [126.2862845410001, 38.38721210400007], [126.28564216500001, 38.38888230600003], [126.28435741300007, 38.39023131700003], [126.28255875900004, 38.39177304200007], [126.28088858100011, 38.39331476900003], [126.27735551, 38.39594855200005], [126.27690584900006, 38.39761875500005], [126.27639194900007, 38.39993134300005], [126.27581381400012, 38.402886317000025], [126.27504296300003, 38.404749235000054], [126.27356549800004, 38.406612153000026], [126.27158401400004, 38.40836141900007], [126.27054632800002, 38.40905322000003], [126.26836224700003, 38.40937441500006], [126.26547155000003, 38.40892474800006], [126.26277356700007, 38.409117465000065], [126.26084643500008, 38.409117466000055], [126.25872659100003, 38.409117468000034], [126.2564782710001, 38.40886051600006], [126.25410147500008, 38.408346609000034], [126.2520458680001, 38.40821813400004], [126.24992602500004, 38.409181713000066], [126.24767770800008, 38.41110887200006], [126.24491548900005, 38.41277907600005], [126.24234598300006, 38.414577757000075], [126.24016190300006, 38.41586253000003], [126.23797782100007, 38.41656915500005], [126.23508712500006, 38.41714730500007], [126.23181100400006, 38.41811088500003], [126.23091607600009, 38.41808531600003], [126.22956268400003, 38.41804664800003], [126.22735886500004, 38.41876627400006], [126.22641503700004, 38.41907446700003], [126.22542274200009, 38.419592194000074], [126.22493757100005, 38.41984533100003], [126.22352434200002, 38.42016652500007], [126.22108330900005, 38.42016652700005], [126.21806413700006, 38.42035924500004], [126.21581581900011, 38.421387064000044], [126.21459530400011, 38.42280031200005], [126.21356750300004, 38.42414932300005], [126.21343903000002, 38.42588376300006], [126.21382445800009, 38.42755396600006], [126.21401717300012, 38.429095690000054], [126.21408141300003, 38.430958608000026], [126.21343903800005, 38.43275728800006], [126.21253971400006, 38.43455596700005], [126.21138343600012, 38.43551954700007], [126.20984173200009, 38.43641888700006], [126.20797883900002, 38.436932797000054], [126.20592323400001, 38.43712551400006], [126.20393186400008, 38.43693280000008], [126.2009126910001, 38.43680432600007], [126.1978935190001, 38.43654737400004], [126.1951312970001, 38.43577651500004], [126.19230483600006, 38.434620223000024], [126.18967108900006, 38.433528169000056], [126.18735853200008, 38.43327121800007], [126.18498173600005, 38.43327122000005], [126.18318308000005, 38.43269307400004], [126.18080628300004, 38.43185797600006], [126.17862220000006, 38.43102287600004], [126.17643811700009, 38.43038049200004], [126.1745109850001, 38.42896724700006], [126.17361165500006, 38.42716856800007], [126.17277656100009, 38.424534788000074], [126.17203819800011, 38.42329432500003], [126.17117061400006, 38.42183677100007], [126.1698216200001, 38.42055200100003], [126.16763753700002, 38.41907451700007], [126.16391174700004, 38.417789748000075], [126.16140647600002, 38.416890411000054], [126.15864425400002, 38.416697698000064], [126.15491846700002, 38.41618379300007], [126.15151386700006, 38.41586260400004], [126.14836622100006, 38.41650499100007], [126.1456682380001, 38.417083141000035], [126.1436126320001, 38.41734009700008], [126.14149278800005, 38.41766129200005], [126.13853785300012, 38.41766129400003], [126.13481206600011, 38.417725536000034], [126.13134323100007, 38.41862487900005], [126.12825982400011, 38.41997389100004], [126.12761744800002, 38.42132290200004], [126.12703931200008, 38.42350701200007], [126.12639693800008, 38.42511297600004], [126.12498370900005, 38.42614079400005], [126.12292810400004, 38.42704013500003], [126.12003741, 38.42826067100003], [126.11631162300012, 38.42858186600006], [126.11175074500011, 38.42877458600003], [126.10551968900006, 38.42871035400003], [126.10057338400009, 38.42813221100005], [126.09736149900004, 38.42813221400007], [126.09402113800002, 38.42813221700004], [126.09247943200012, 38.427746788000036], [126.09023111200008, 38.42716864300007], [126.08785431600006, 38.426975930000026], [126.08483514500006, 38.427425603000074], [126.08162326100012, 38.42832494500004], [126.07834714000012, 38.429160049000075], [126.0765484850001, 38.429802436000045], [126.07552068300004, 38.43025210800005], [126.07430016800004, 38.43115144800004], [126.07282270100006, 38.432115028000055], [126.07108828500009, 38.432757415000026], [126.06851877800011, 38.433849473000066], [126.06678436200002, 38.43436338200007], [126.0646645170001, 38.43468457700004], [126.06267314900003, 38.43558391900007], [126.06106720800005, 38.43641902100006], [126.06023211900003, 38.43712564600003], [126.05881889400007, 38.43911704200008], [126.05522158800011, 38.44316407300005], [126.05188123300002, 38.447211105000065], [126.04911901600008, 38.449844889000076], [126.0452005190001, 38.45132237900003], [126.0399972670001, 38.45235020100006], [126.0335735000001, 38.45440584000005], [126.02907686600008, 38.45703962500005], [126.02513547400008, 38.45968454700005], [126.0241948040001, 38.46031579500004], [126.01912003200005, 38.46346348900005], [126.01635781300001, 38.46474826300005], [126.01513729600003, 38.464748264000036], [126.0102552300001, 38.46442707700004], [126.00415264800006, 38.46391317400003], [125.99618717300007, 38.463720468000076], [125.99149782000006, 38.46365623400004], [125.9882216960001, 38.46288537400005], [125.98346810500004, 38.46179332500003], [125.97640195500003, 38.46076551500005], [125.96740867300002, 38.45896684600007], [125.96246237100002, 38.459031089000064], [125.95578165200004, 38.46025162900003], [125.94909587000006, 38.46156303200007], [125.94261292700003, 38.46243575400007], [125.93772066600002, 38.46319290500003], [125.9372169610001, 38.46327086100007], [125.93098590600005, 38.46468411600006], [125.92443366600003, 38.46673975700003], [125.91788142400003, 38.469694736000065], [125.91062256900011, 38.47200733200003], [125.90863120000006, 38.47181461900004], [125.9024643780001, 38.47072257100007], [125.89231481800005, 38.46898814200006], [125.88339337700006, 38.467659844000025], [125.87959574900003, 38.466996762000065], [125.87612691200002, 38.46661133500004], [125.87233688800006, 38.466161670000076], [125.86925347700003, 38.46577624100007], [125.86655549400007, 38.46648286900006], [125.86289394700009, 38.46763916700007], [125.86162026500006, 38.467997396000044], [125.85878273700007, 38.46879546500003], [125.853515248, 38.47008024200005], [125.8506245530001, 38.47110806300003], [125.84593520700003, 38.47374184900008], [125.83919025600005, 38.47804583800007], [125.83199564300003, 38.48267102300008], [125.82570035600008, 38.48678229700005], [125.82139643500011, 38.48948032100003], [125.81889116900004, 38.491600196000036], [125.81747794300009, 38.49327040000003], [125.81594533400005, 38.493488323000065], [125.814848761, 38.49359984200004], [125.81240316700007, 38.49384855300008], [125.80752110300011, 38.494812137000054], [125.80411650500002, 38.49487637900006], [125.79961986500007, 38.494876385000055], [125.79480203900005, 38.494812153000055], [125.78818555500004, 38.494747922000045], [125.78557025500004, 38.49471820600007], [125.78253263800002, 38.49468369200008], [125.77630158200009, 38.49539032400003], [125.77296122700011, 38.49770291500005], [125.77137339800004, 38.49874568700005], [125.77135228400005, 38.498759551000035], [125.76865730600002, 38.50052941600006], [125.7652527140001, 38.50284200900006], [125.76322720500002, 38.50437150000005], [125.76210507100006, 38.505218839000065], [125.75831505200006, 38.507724146000044], [125.75478198400003, 38.510100977000036], [125.75079925400007, 38.513634102000026], [125.74906484100006, 38.516203645000076], [125.74681653000005, 38.51967253000004], [125.74418279300005, 38.52397651600006], [125.74180600600005, 38.52712420700004], [125.7396219310001, 38.53046461400004], [125.7372451440001, 38.53476860000006], [125.73435445900009, 38.53977920900007], [125.73178496000003, 38.54401895600006], [125.72921546000009, 38.547680556000046], [125.7249914570001, 38.55275444700004], [125.72214933200007, 38.55596733700003], [125.71868410000002, 38.55962302900008], [125.71630371600008, 38.56213424500004], [125.7120640390001, 38.56714485700007], [125.70904488100007, 38.57376143100004], [125.70731047400011, 38.57819389200006], [125.70686081600002, 38.58102038800007], [125.70718201300008, 38.58526013200003], [125.70776015800004, 38.58776543300007], [125.70923763500002, 38.59149126700004], [125.71026544300003, 38.59399656800008], [125.7111005380001, 38.596244917000035], [125.71219258200006, 38.59785087800003], [125.71746008100001, 38.602411808000056], [125.7222136800001, 38.60671578300003], [125.72677493700007, 38.61092621600005], [125.72722423100004, 38.611340951000045], [125.72966526700009, 38.61352505900004], [125.73101426100004, 38.61506678200004], [125.73242749600001, 38.617507844000045], [125.73371225400001, 38.61975619100008], [125.73692414300001, 38.62200453600008], [125.73930094100001, 38.62380321100005], [125.74077841200005, 38.62515221900003], [125.74129231500001, 38.62662970400004], [125.74154927000006, 38.62849262200007], [125.74167775, 38.63048401700007], [125.74206318100005, 38.63279660300003], [125.7420631870001, 38.635044951000054], [125.7426413290001, 38.63665091400003], [125.74373337300005, 38.63832111500005], [125.74501812900007, 38.63967012200004], [125.74662407700009, 38.64230390100005], [125.74842273600007, 38.64378138400008], [125.75079953300008, 38.64551582200005], [125.75189157800003, 38.646929069000066], [125.75336904700009, 38.64853503000006], [125.75375447800002, 38.650783379000075], [125.75484652500006, 38.65373834900004], [125.75677366200011, 38.65656484300007], [125.75876503600011, 38.659262858000034], [125.76011403100006, 38.661382728000035], [125.76082064900004, 38.66305293000005], [125.7602425130001, 38.66453041600005], [125.75934319200007, 38.666971482000065], [125.75880435600004, 38.66922745900007], [125.7578407950001, 38.671540048000054], [125.75713418500004, 38.67372415900007], [125.7578408060001, 38.67655065400004], [125.75861166800007, 38.68136854200003], [125.75983219700004, 38.687342725000065], [125.76047458100004, 38.69068312700006], [125.76066730000002, 38.69331690700005], [125.76047459000006, 38.694858632000035], [125.76066730500008, 38.69562949500005], [125.76084004000006, 38.69683926100004], [125.76137392700002, 38.69903413600008], [125.7624659710001, 38.70108976800003], [125.76522819800005, 38.70468712200005], [125.7685685670001, 38.70905533800004], [125.77094536900006, 38.712395738000055], [125.7724228400001, 38.71483680000006], [125.77300098600006, 38.71817720400003], [125.77409303800005, 38.72312357000004], [125.77512085, 38.72794145800003], [125.7756989940001, 38.73070371500006], [125.77627714000005, 38.73333749400007], [125.77781885600007, 38.73911896000004], [125.77993871900003, 38.748562022000044], [125.78148043700003, 38.75562825900005], [125.78315063200012, 38.76230906300003], [125.78411420500004, 38.76622761300007], [125.78492713300011, 38.76989389100004], [125.78492714100003, 38.76989393100007], [125.78572016200008, 38.773615042000074], [125.78597711700002, 38.776056105000066], [125.78623407100008, 38.777276638000046], [125.78655526000011, 38.77830445400008], [125.78642679000006, 38.779974656000036], [125.78604136800004, 38.782351482000024], [125.78584865900007, 38.783957445000055], [125.78584866200003, 38.78530645500007], [125.7863625660001, 38.78671970100004], [125.78719766200004, 38.78980315000007], [125.78809699500005, 38.79275812100008], [125.78925328000003, 38.79609852400006], [125.79034532600008, 38.79879654000007], [125.7905872230001, 38.79976413000003], [125.79092347000005, 38.801109127000075], [125.7914373750001, 38.80303628200005], [125.7924651830001, 38.80547734500004], [125.79323603900002, 38.80695483000005], [125.7944565570001, 38.808625031000076], [125.79567707600006, 38.809974038000064], [125.79657640500011, 38.81106609200003], [125.79683335800007, 38.81222238500004], [125.79657641100005, 38.81382835000005], [125.79542013600008, 38.815498552000065], [125.79407114800006, 38.81684756400006], [125.79310758600002, 38.81806809600005], [125.79214402600007, 38.82038068500003], [125.79130894100001, 38.82288598900004], [125.79034537900009, 38.82404228400003], [125.78925334000007, 38.82507010200004], [125.78861096800006, 38.82654758900003], [125.78822554500005, 38.82879593800004], [125.78816131300005, 38.830723094000064], [125.78790436700001, 38.833164158000045], [125.78745470800004, 38.835348269000065], [125.78661962000001, 38.83631184700005], [125.78584877500009, 38.839074105000066], [125.78559182700008, 38.84080854600006], [125.78527064700006, 38.844470142000034], [125.7852064120001, 38.846076106000055], [125.78501370200001, 38.847682070000076], [125.78494946700005, 38.849159556000075], [125.78584880100004, 38.851793334000035], [125.78649118200008, 38.853977443000076], [125.78789737400007, 38.857903091000026], [125.78803289500001, 38.85828142300005], [125.79002426900001, 38.86149334700008], [125.79124479100005, 38.86457679500006], [125.79207988500002, 38.86669666500006], [125.79130903600003, 38.868623822000075], [125.78983157800008, 38.872028466000074], [125.78880378100007, 38.87466224700006], [125.78706937100003, 38.87806689100006], [125.7857203850001, 38.88012252600004], [125.7852064860001, 38.881664251000075], [125.78578463000008, 38.88391259900004], [125.78636277400005, 38.88596823100005], [125.78758329900006, 38.89072188000006], [125.78912501400009, 38.895796723000046], [125.78931773300008, 38.89862321700008], [125.78726213900006, 38.904083495000066], [125.7856562070001, 38.90864443300006], [125.78494959600005, 38.91063582800007], [125.78077415700011, 38.91449014500006], [125.77717685700009, 38.91828022300007], [125.77505701900009, 38.92001466600004], [125.7742861690001, 38.92129943700007], [125.77415769600009, 38.922263015000055], [125.77409346400009, 38.92483255600007], [125.77441466700009, 38.931641841000044], [125.77467163000006, 38.937359068000035], [125.77409349900006, 38.941470335000076], [125.77338689800001, 38.94738028100005], [125.77312995200009, 38.949628629000074], [125.77287300400008, 38.95097763900003], [125.77133130700008, 38.95348294300004], [125.76805519900006, 38.95945713100008], [125.76657773800002, 38.961769719000074], [125.76545595200002, 38.96365203800008], [125.76451525700008, 38.965324416000044], [125.76284508600008, 38.96879329800004], [125.7605325400001, 38.97361119200008], [125.7573206730001, 38.98022776400006], [125.75565050300008, 38.98408207700004], [125.75547428300001, 38.98420795000004], [125.75520083900005, 38.98440327000003], [125.75173201400003, 38.987486724000064], [125.74980488900007, 38.989413882000065], [125.74537250000003, 38.99358939200005], [125.74151824800003, 38.99692980100008], [125.73939841200001, 38.99937086800003], [125.73816523200003, 39.001330049000046], [125.73798518900003, 39.00142650300006], [125.73689315100012, 39.00258279800005], [125.73682891400006, 39.00283975200006], [125.73599382800012, 39.00444571600008], [125.73258924200002, 39.009006655000064], [125.72996340600002, 39.013057341000035], [125.7300197510001, 39.014916603000074], [125.73091908000004, 39.016137134000076], [125.73361706800006, 39.01896362700006], [125.73663624400001, 39.02204707100003], [125.74016932300003, 39.02602985500005], [125.74363816200002, 39.02962720800008], [125.74524410900005, 39.032068269000035], [125.74627191600007, 39.034123900000054], [125.74646463200008, 39.035922579000044], [125.74595073400008, 39.03740006600003], [125.74476357600008, 39.038395766000065], [125.74395937200006, 39.039070270000025], [125.73772833200007, 39.044273598000075], [125.73169000500002, 39.04934845100007], [125.72680795300005, 39.05339548400008], [125.72584439200011, 39.054487540000025], [125.72571592000008, 39.05615774200004], [125.727707301, 39.06219616100003], [125.73072648900006, 39.07080411800007], [125.73355296400007, 39.079604793000044], [125.7346450120001, 39.08326638700004], [125.73535164000009, 39.088983615000075], [125.73563389300011, 39.09218957100006], [125.73573707500009, 39.09373726500007], [125.73612250700012, 39.09656375800006], [125.7365645220001, 39.09860383700004], [125.73695760500004, 39.10041806900006], [125.73830660300007, 39.103951187000064], [125.73894898500009, 39.10594257900004], [125.73907746100008, 39.10722734900003], [125.73882051600003, 39.10896179000008], [125.73849933000008, 39.110567754000044], [125.73811390900005, 39.11243067100003], [125.73747154000012, 39.11557835900004], [125.73631527000009, 39.11904724100003], [125.73483780900006, 39.12091016000005], [125.73175440600005, 39.122708843000055], [125.72944185200004, 39.12290156200004], [125.72391741600006, 39.12322276200007], [125.71858569500012, 39.12373667700007], [125.71479567600011, 39.12425059200007], [125.71004209600005, 39.12637046800006], [125.70573818000003, 39.128811538000036], [125.70458190700003, 39.13048174200003], [125.7028474980001, 39.133693669000024], [125.70181970400006, 39.137098313000024], [125.70160817500005, 39.13903235400005], [125.70137004900005, 39.141209579000076], [125.70047073100011, 39.14525660700008], [125.69973483900003, 39.15004005800006], [125.69969989200001, 39.15026721300006], [125.69905752400007, 39.153671856000074], [125.69882127700009, 39.15515381000006], [125.69835092000005, 39.15810431500006], [125.6977085530001, 39.16240829600008], [125.69680923700002, 39.16684075500007], [125.69661652900004, 39.16857519600006], [125.69605017800006, 39.16953523800004], [125.69616687300004, 39.17204407600008], [125.69668078000007, 39.17512752400006], [125.69713045000003, 39.17769706400003], [125.69713045300011, 39.179174551000074], [125.69700198100008, 39.18078051400005], [125.69642384500003, 39.18167985300005], [125.69546028500008, 39.183221580000065], [125.69205569600001, 39.18540569400005], [125.68967890700003, 39.187075899000035], [125.68717364300005, 39.18861762700004], [125.68473262500004, 39.19317856500004], [125.68326356200009, 39.196190200000046], [125.68216313100004, 39.19844612800006], [125.68023601300001, 39.202685872000075], [125.67985059700004, 39.206604423000044], [125.67914399300003, 39.211101119000034], [125.67843738800002, 39.214826954000046], [125.67824468100002, 39.21739649500006], [125.67837316200007, 39.21945212800006], [125.6795294530001, 39.22594021700007], [125.68158508700003, 39.23865944100004], [125.68376919600007, 39.251121710000064], [125.68441158400003, 39.25619655200006], [125.6844115880001, 39.25844490000003], [125.68451491100006, 39.26123447700007], [125.68466855500003, 39.26538265900007], [125.68486128000006, 39.27052174100004], [125.68498976800004, 39.27578929900005], [125.68492553600004, 39.27810188600006], [125.68299842600004, 39.28619594200006], [125.68132826600004, 39.29371185000008], [125.68023623400006, 39.29705225400005], [125.67972233900002, 39.29949331900008], [125.67818064800008, 39.30443968700007], [125.67760251700008, 39.307266182000035], [125.67676743200002, 39.308872146000056], [125.67329861300004, 39.31381851700007], [125.67207810100001, 39.31536024300004], [125.67040792700004, 39.31664501600005], [125.666810628, 39.31953575400007], [125.662699427, 39.322554970000056], [125.65987297900006, 39.32493180000006], [125.65775314100006, 39.326152335000074], [125.65627567700005, 39.32640929000007], [125.65274260900003, 39.326923204000025], [125.64988503900008, 39.32726441500006], [125.64843869000003, 39.327437118000034], [125.64484138500006, 39.32782255400008], [125.64252883300003, 39.328657659000044], [125.64124408300006, 39.32942852200006], [125.63989509600003, 39.33064905600003], [125.63848187200006, 39.33186959000005], [125.63700441000003, 39.33302588600003], [125.6357838990001, 39.334503373000075], [125.63471491300004, 39.335928083000056], [125.63259509900001, 39.34678439500004], [125.63092493900001, 39.35404334900005], [125.62983291500007, 39.36014601000005], [125.62931901900004, 39.362330120000024], [125.62565748600002, 39.36656986700007], [125.62289528000008, 39.37061689700005], [125.62135358400008, 39.37325068000007], [125.62096816500002, 39.37594869700007], [125.62167478800006, 39.37999572200005], [125.62218869700007, 39.38340036300008], [125.6226696120001, 39.38602890300007], [125.62266961800003, 39.386028933000034], [125.62379466100003, 39.39277918300007], [125.62533637900003, 39.39945998700006], [125.62617147800006, 39.40344277300005], [125.626171483, 39.40575535900007], [125.62578606000011, 39.406590461000064], [125.62263842200002, 39.40858186000003], [125.61814179600003, 39.410958691000076], [125.61383788300009, 39.41314280700004], [125.61171804600008, 39.414491819000034], [125.60972668300008, 39.41539116100006], [125.60677176100012, 39.41866733000006], [125.60439497700008, 39.42117263500006], [125.60362412800009, 39.422457406000035], [125.602789045, 39.42444880200003], [125.59925599100006, 39.43042298900008], [125.59475937900004, 39.43787466300006], [125.59405276900009, 39.439287911000065], [125.59430973600001, 39.44571176300008], [125.59533756600001, 39.457081978000076], [125.595787244, 39.46318463500006], [125.59610844100007, 39.46678199100006], [125.59585149700001, 39.46870914600004], [125.59437403700008, 39.47108597400006], [125.59360319200005, 39.47320584700003], [125.59373167500007, 39.47661048700007], [125.59418135100009, 39.481428375000064], [125.59488797900008, 39.48688864700006], [125.59475951000002, 39.489522427000054], [125.59276815400005, 39.49337674000003], [125.59073708000005, 39.49654726000006], [125.5901344240001, 39.49748800800006], [125.58872120300009, 39.49986483600003], [125.5882073040001, 39.500956891000044], [125.5881430710001, 39.502498616000025], [125.5884642640001, 39.50442577000007], [125.58859274300005, 39.506095971000036], [125.58814308300009, 39.507252265000034], [125.58717952200004, 39.50834432200003], [125.58591885100009, 39.50978740700003], [125.57979221800008, 39.515539045000025], [125.56970694200004, 39.52536755300008], [125.56553150900004, 39.528964916000064], [125.564311, 39.530892073000075], [125.5639898170001, 39.532626513000025], [125.56476067500012, 39.53519605300005], [125.56604544200002, 39.54104175600003], [125.56784411400008, 39.54887885000005], [125.56842226000003, 39.55209077400008], [125.56957854100006, 39.55382521200005], [125.57388247000006, 39.55780799400003], [125.57754402100011, 39.561469583000076], [125.58338965500002, 39.56686560900005], [125.58923528900004, 39.57251858800004], [125.59450278300005, 39.57746494400004], [125.60041265500001, 39.58318216300006], [125.60497353400001, 39.58761461300003], [125.60625829000003, 39.58928481200007], [125.606964908, 39.59089077500005], [125.60657948700009, 39.59275369200003], [125.60516626900005, 39.59667224300006], [125.60364321000009, 39.601241524000045], [125.60356034300003, 39.60149013200004], [125.60334809500011, 39.602100361000055], [125.6025325490001, 39.60444510600007], [125.60239932800005, 39.60542043100003], [125.60323917000005, 39.60740007600003], [125.60484511300001, 39.60874908200003], [125.60741461900011, 39.61009808700004], [125.61030531400002, 39.611639807000074], [125.61216820600009, 39.61247490400007], [125.61326024700008, 39.613566958000035], [125.61377415200002, 39.61536563400006], [125.61358144400003, 39.61697159800008], [125.61223246200007, 39.61999081000005], [125.61036958400007, 39.624808700000074], [125.60850670700006, 39.62962659100003], [125.606836541, 39.63360938100004], [125.60548756100002, 39.637335216000054], [125.60478095300004, 39.63900541900006], [125.60431605800011, 39.640196907000075], [125.60214722100011, 39.642667017000065], [125.59944924900003, 39.645493516000045], [125.59716818900006, 39.647941529000036], [125.5968155170001, 39.648320013000045], [125.59431025800006, 39.65095379700006], [125.59212618700008, 39.653330624000034], [125.59174649200008, 39.65353403600005], [125.59032753800011, 39.65429420500004], [125.58833617500011, 39.655129309000074], [125.58557396200001, 39.65596441300005], [125.582105135, 39.65667104200003], [125.5779296930001, 39.65699224100007], [125.5728549270001, 39.65750615700006], [125.56720202300005, 39.65789159700006], [125.56450404700001, 39.658790940000074], [125.56283387300005, 39.66026842800005], [125.56000742700007, 39.662645258000055], [125.55685979100008, 39.664379702000076], [125.55422605000001, 39.664508184000056], [125.54940823200002, 39.66437971400006], [125.54349837600012, 39.66431548500003], [125.53900174600005, 39.66425125400008], [125.53713885600007, 39.663930064000056], [125.53437663800003, 39.663159206000046], [125.53090780600007, 39.66213139600006], [125.52673236200008, 39.66103934800003], [125.5197947040001, 39.66078240500008], [125.51803955200012, 39.660782408000046], [125.51529807300005, 39.66078241200006], [125.51041601800011, 39.66078242000003], [125.50534125000001, 39.660589713000036], [125.50123004500006, 39.66046124300004], [125.49467781200008, 39.66058973000003], [125.49120898400008, 39.66039702000006], [125.48934609300011, 39.65981887700008], [125.48709777400006, 39.658405634000076], [125.48504216600008, 39.65654272000006], [125.48253689500007, 39.65429437700004], [125.47932501100001, 39.65236722700007], [125.47566346300005, 39.649926169000025], [125.47341514300001, 39.64806325600006], [125.47110258300006, 39.64581491300004], [125.46789069600004, 39.64292418600007], [125.46532118800008, 39.64074008100005], [125.46365100600008, 39.63874869000006], [125.46275167300007, 39.63650034300008], [125.46204505500009, 39.634508950000054], [125.45960401400009, 39.63001225900007], [125.45844773400006, 39.62840630000005], [125.45497889500007, 39.62474471000007], [125.45189548000008, 39.62146855100008], [125.44945444500001, 39.618449346000034], [125.44714188600005, 39.61652219500007], [125.44547170400006, 39.614595042000076], [125.4439942360001, 39.61331027400007], [125.4424105710001, 39.61250204600003], [125.439240648, 39.61061226500004], [125.43660690400009, 39.60945597600005], [125.43313807100003, 39.608106974000066], [125.431210942, 39.60714339900005], [125.42832024600011, 39.60585863400007], [125.42632888000003, 39.60534473000007], [125.42093291600008, 39.60303215300007], [125.41817069800004, 39.60194010300006], [125.4136740670001, 39.60161891800004], [125.4051947050001, 39.60097654800006], [125.40185568600009, 39.60070582000003], [125.39806433100011, 39.60039841400004], [125.39099819600006, 39.599820280000074], [125.38264730900005, 39.59892095500004], [125.37570750800012, 39.59836071900003], [125.3701852150001, 39.59770044600003], [125.36523892100001, 39.59725078500003], [125.35842973500007, 39.59680112800004], [125.35136360000001, 39.59609451600005], [125.34282, 39.59538790800008], [125.33434063700008, 39.594617060000076], [125.32836654500011, 39.59493826500005], [125.32476924100001, 39.59538794000008], [125.31982295300008, 39.59744358100005], [125.315390567, 39.59988465400005], [125.31249988400009, 39.60238996000004], [125.3110866620001, 39.603610495000055], [125.3104442880001, 39.60425288000005], [125.30811879600003, 39.606310087000054], [125.30710394300002, 39.60720785900003], [125.30369936000011, 39.61016283500004], [125.29958816600004, 39.61356748400004], [125.29650477000007, 39.61600855300003], [125.29528425900003, 39.61697213400004], [125.29258628500008, 39.61851386200004], [125.29001678800012, 39.62044102300007], [125.2871261030001, 39.62243242200003], [125.28378575600004, 39.624295344000075], [125.2804454090001, 39.62673641400005], [125.27858252500005, 39.628470857000025], [125.27607726800011, 39.63091192500008], [125.273893197, 39.633352993000074], [125.27183760200012, 39.63572982100004], [125.27068133300008, 39.637721217000035], [125.27003896400004, 39.639905328000054], [125.27010320500005, 39.64131857500007], [125.2703601610001, 39.64266758300005], [125.27036017000012, 39.64575103000004], [125.270874079, 39.64844904700004], [125.27074561300003, 39.651211303000025], [125.27036019500008, 39.65333117500006], [125.26965358700011, 39.65512985500004], [125.2683688410001, 39.65699277300007], [125.26663443100006, 39.658406024000044], [125.26438612000004, 39.659755037000025], [125.2611742470001, 39.66136100600005], [125.25687033600002, 39.66367360000004], [125.25436507400002, 39.66444446600008], [125.2514101480001, 39.66521533500003], [125.24941878600009, 39.66598620100007], [125.2457572510001, 39.66804184000006], [125.24331622900002, 39.66964780600006], [125.24048977900009, 39.670996821000074], [125.23824147100004, 39.67273126500004], [125.23747062600012, 39.67440146700005], [125.23618588200009, 39.67671405600004], [125.23522232300002, 39.67838425900004], [125.23226739800009, 39.67979751200005], [125.22911976300009, 39.681018049000045], [125.2230814400001, 39.68390879400005], [125.21935566600007, 39.68545052600007], [125.21479480200003, 39.68647835000007], [125.214430321, 39.686557952000044], [125.20920613700002, 39.68769889300006], [125.20490222400008, 39.68885519500003], [125.20063197600007, 39.68968171600005], [125.19892813500007, 39.690011499000036], [125.1966798200001, 39.69013998100007], [125.19449574100008, 39.68956183900008], [125.1919262340001, 39.68840555100007], [125.18742959800011, 39.68647840400007], [125.18325414900005, 39.68448701800003], [125.1785648010001, 39.68255987300006], [125.17496749400004, 39.681724779000035], [125.17188408700008, 39.68088968500007], [125.16841525500001, 39.67999035300005], [125.16546032500003, 39.67902678100006], [125.16205572900003, 39.67774201800006], [125.15865113300003, 39.67639301600008], [125.1560173900001, 39.67555792100006], [125.15286974500009, 39.67420891800003], [125.1503002390001, 39.67337382300008], [125.1483088760001, 39.67363078100004], [125.14503276100004, 39.674273173000074], [125.1409857970001, 39.67504404300007], [125.1396368070001, 39.67497980700006], [125.13700306500004, 39.674273189000075], [125.13391965900007, 39.673309618000076], [125.13186405600004, 39.67330962300008], [125.1296799810001, 39.67395201200003], [125.12595420700006, 39.67549374300006], [125.12338470500003, 39.676071895000064], [125.12100791600005, 39.67607190000007], [125.1193377410001, 39.67690700400004], [125.11734638400003, 39.67851297100003], [125.11439146200007, 39.680697086000066], [125.11008755500006, 39.68384478200005], [125.10738974000003, 39.68423663800007], [125.1050770270001, 39.684294461000036], [125.10218633600005, 39.684165990000054], [125.09634071800008, 39.68416600300003], [125.08901763400002, 39.68410177900006], [125.081887262, 39.68397331700004], [125.07912504800004, 39.684101801000054], [125.07771962400011, 39.68417676100006], [125.07430723200002, 39.68435876400008], [125.06826890000002, 39.68435877700006], [125.0644788830001, 39.68429454600005], [125.06210209000005, 39.68371640400005], [125.05484323700011, 39.68127535700006], [125.04931880100003, 39.67979788300005], [125.04123119100007, 39.677757179000025], [125.03981163300011, 39.67787074800003], [125.03839840700005, 39.67819194400005], [125.03608585900008, 39.67934824200006], [125.03274551100003, 39.680954212000074], [125.02966211400008, 39.68249594300005], [125.0277349910001, 39.68397343200007], [125.02619329700008, 39.68570787600004], [125.0233668520001, 39.68808470600004], [125.02021922100005, 39.69084696800007], [125.01739277900003, 39.69354499200006], [125.01475904500012, 39.695729107000034], [125.01296040200009, 39.69784898100005], [125.01122599400003, 39.69977614000004], [125.00942735100011, 39.70215296900005], [125.00730752100003, 39.70485099100006], [125.00525192900011, 39.70799868300003], [125.00371023900004, 39.710696702000064], [125.0024897300001, 39.71236690600006], [125.00079965800012, 39.714089330000036], [124.99756413800003, 39.71683652400003], [124.99502781000001, 39.718982692000054], [124.99288168700002, 39.720933753000054], [124.99073556400003, 39.72327502500008], [124.98976005700001, 39.725161049000064], [124.98819924600002, 39.728347779000046], [124.9872237410001, 39.730689048000045], [124.98637830200005, 39.732640106000076], [124.9847524590001, 39.736347118000026], [124.98319165100008, 39.73998909300008], [124.98163084200007, 39.74337092700006], [124.98039519400004, 39.74421638800004], [124.9784441700001, 39.74538702700005], [124.97727355600011, 39.74629752200008], [124.97603790800008, 39.74714298200007], [124.97343654100007, 39.74818355200006], [124.96875408200003, 39.75032972500003], [124.96439679500008, 39.75234582600007], [124.96068984900012, 39.75423185600005], [124.95834862000004, 39.75533745900003], [124.95704794000005, 39.75683327300004], [124.95535705400005, 39.758264051000026], [124.95204031500009, 39.76054029100004], [124.94748793000008, 39.76379206200005], [124.94501663300002, 39.76567808800007], [124.94306561100007, 39.76691376300005], [124.94104955300008, 39.768149436000044], [124.93929363600012, 39.77003546200007], [124.93825309400006, 39.77192148600005], [124.93695242000001, 39.77471800200004], [124.93617201300003, 39.775758567000025], [124.93435105900005, 39.77725438200008], [124.93350561800003, 39.778425017000075], [124.93246507900005, 39.78076628800005], [124.93200984300006, 39.78200195800008], [124.93005882300008, 39.78388798300006], [124.92823787000009, 39.785383798000055], [124.9255714740001, 39.78798521300007], [124.92440086300007, 39.78935095500003], [124.92316522100009, 39.79149712000003], [124.92205964700008, 39.79377335400005], [124.9206289010001, 39.795984556000064], [124.9191670670001, 39.798386194000045], [124.91880795400004, 39.79897618000007], [124.91679190200011, 39.801642628000025], [124.91516605200002, 39.80346361800008], [124.91341013400006, 39.80515453700008], [124.91178428300009, 39.80645524600004], [124.90989829500006, 39.80821120100006], [124.90697175700006, 39.80905666500007], [124.90450045700004, 39.80931681200008], [124.902484393, 39.808991641000034], [124.90053336200003, 39.807951082000045], [124.89871239700005, 39.80639024000004], [124.89695646900009, 39.80567485700004], [124.89442013200005, 39.80547975700006], [124.89149359300006, 39.806000045000076], [124.88973767300001, 39.80736578900007], [124.88655100300002, 39.80964202900003], [124.882128684, 39.81237351900006], [124.881088137, 39.81282876800003], [124.87640567500011, 39.81386934200003], [124.86743095800011, 39.816405736000036], [124.85598494200008, 39.81972255900007], [124.85090206200005, 39.82123461200007], [124.84636028400007, 39.82258569600003], [124.84408368700008, 39.82316945400004], [124.83920612200006, 39.82460024100004], [124.83419849100005, 39.826226133000034], [124.82886568700008, 39.82752685000003], [124.82587411700001, 39.82889259600006], [124.82359792600005, 39.83071358800004], [124.82015112200008, 39.83396535600008], [124.81676935500002, 39.837152090000075], [124.81325752000009, 39.84118428200003], [124.80987575600011, 39.84495633200004], [124.80655902800004, 39.84989901700004], [124.80447794200006, 39.852370360000066], [124.80135631400003, 39.85640255100003], [124.79966543400008, 39.859068999000044], [124.79842978700003, 39.85991446000003], [124.7964787620001, 39.86036971100003], [124.79335712000011, 39.860955035000075], [124.79147112900012, 39.86141028600008], [124.788999826, 39.86128022200006], [124.78652852200003, 39.860629877000065], [124.78308170200012, 39.85945925100003], [124.78067543300006, 39.85926415100005], [124.77729365100004, 39.859004017000075], [124.77313145900007, 39.85893899300004], [124.76942450700005, 39.859004037000034], [124.76760355200008, 39.860109641000065], [124.76584763300002, 39.86154042000004], [124.76454694900008, 39.86167049300008], [124.76253088700003, 39.86186560400006], [124.757978492, 39.862385897000024], [124.75479181600008, 39.862646045000076], [124.75271071700001, 39.86219080400008], [124.74997927700008, 39.86180059900005], [124.74458143000004, 39.860955155000056], [124.7404192350001, 39.86004467200007], [124.73658221100004, 39.859524400000055], [124.73124939800005, 39.85848385000003], [124.72595539600002, 39.857455584000036], [124.72377045300004, 39.85705309400004], [124.71967329100005, 39.85620764600003], [124.71449490500004, 39.855537506000076], [124.71414537600003, 39.85549227300004], [124.70952794100003, 39.85451675500008], [124.7039349910001, 39.85360627800003], [124.69957769400003, 39.85315104100005], [124.69463509000002, 39.852955949000034], [124.68871697300006, 39.85276085800007], [124.681563202, 39.852370664000034], [124.67922197200005, 39.852955988000076], [124.67369406400007, 39.853866495000034], [124.66621513100006, 39.85529728800003], [124.6582356450001, 39.85639681400005], [124.65574462200004, 39.856793125000024], [124.6513222960001, 39.857638594000036], [124.64592445700009, 39.85835399600006], [124.6412419940001, 39.85913443100003], [124.63870566500009, 39.86069528300004], [124.63486865400012, 39.86290649000006], [124.63109667700007, 39.865247768000074], [124.62888551600008, 39.86602819600006], [124.62647925100009, 39.866418413000076], [124.62303243200006, 39.865703035000024], [124.61841499500008, 39.86459744900003], [124.61392762600008, 39.86349186100006], [124.61119618600003, 39.86323172800007], [124.60833468300007, 39.864207263000026], [124.60579835600004, 39.86615832700005], [124.60358720200009, 39.86869470600004], [124.60209142800011, 39.871556259000045], [124.60007538600007, 39.876108730000055], [124.59831948100009, 39.88033602400003], [124.59688874400001, 39.88417310500006], [124.59675868300008, 39.885929056000066], [124.59792931100003, 39.88859549700004], [124.60059572900002, 39.89165214500008], [124.60321445500006, 39.895104126000035], [124.6034572530001, 39.89542418000008], [124.60592857100005, 39.89906614600005], [124.60735688700004, 39.900970580000035], [124.60787961000005, 39.90166754900008], [124.61230195100006, 39.90446405200004], [124.61672429300006, 39.90739062500006], [124.62036622100004, 39.90953677700003], [124.62270746000002, 39.910902511000074], [124.62426829000003, 39.91291859900008], [124.62478857400004, 39.915389935000064], [124.62355293300004, 39.91740603000005], [124.62160191600003, 39.91987737300008], [124.62030124600005, 39.92306410200007], [124.61965091000002, 39.92455991400004], [124.61984602200005, 39.92670607500003], [124.62043133600002, 39.928006778000054], [124.62114672200005, 39.93015293800005], [124.6230977570001, 39.93171377800007], [124.62524389500004, 39.93359979400003], [124.62875575300006, 39.93561587600004], [124.63363333300003, 39.938152237000054], [124.63753539600009, 39.94029838900008], [124.64202277000004, 39.94270468000008], [124.6437787000001, 39.94387531000007], [124.64533952900001, 39.94550118600006], [124.6464451170001, 39.94706202800006], [124.64690037000003, 39.94972847100007], [124.6476807900001, 39.95213477200008], [124.64898148800012, 39.954931282000075], [124.65015211500008, 39.95727254700006], [124.65138777600009, 39.959743881000065], [124.65288357500003, 39.96241032100005], [124.65301364800007, 39.96345088400005], [124.65288358600003, 39.96488166000006], [124.65197311300005, 39.96624740100003], [124.65015216100005, 39.96806839200008], [124.64605502200004, 39.97203555100003], [124.64234808800006, 39.97593767400008], [124.63753557600012, 39.98094539700003], [124.63415381200002, 39.98478248300006], [124.63168252300011, 39.987579004000054], [124.62921123300009, 39.99005034900006], [124.62758538800006, 39.992261549000034], [124.62504906900006, 39.99609863400008], [124.62251275200003, 40.00013082400005], [124.6213421430001, 40.00195181300006], [124.62043166600006, 40.00240706300008], [124.61932608900008, 40.00351266400003], [124.61874078700009, 40.00468329800003], [124.61913099800006, 40.00611407200006], [124.6194561740001, 40.00747981200004], [124.61939114600011, 40.00891058600007], [124.6186107420001, 40.01027632700004], [124.61757020000005, 40.01164206900006], [124.6164646200001, 40.01203228400004], [124.61444856100002, 40.01261760600005], [124.61119685300002, 40.01326796600006], [124.6105841850001, 40.01343698200003], [124.60742487200002, 40.01430853900007], [124.60267737900006, 40.01560925600006], [124.59884036300002, 40.01677990100006], [124.59571872300012, 40.01743026100007], [124.5922719140001, 40.01853586800007], [124.58830483000008, 40.01957644300006], [124.58498808700006, 40.02016176800004], [124.58069583200006, 40.02139744900006], [124.57874481400006, 40.02308836900005], [124.57763924000005, 40.02490935800006], [124.5769889070001, 40.027120558000036], [124.57555816800004, 40.02998211000005], [124.57425749800007, 40.033363945000076], [124.57321696400004, 40.036355567000044], [124.57198132000008, 40.03804648700003], [124.56931492600006, 40.03993251500003], [124.56690866400004, 40.04090804900005], [124.564112195, 40.04175351400005], [124.56281151500002, 40.042729046000034], [124.56203111400009, 40.044680104000065], [124.56112066100002, 40.050598311000044], [124.56040529900008, 40.053654969000036], [124.56053538000003, 40.05638644700008], [124.56092559300009, 40.05827246600006], [124.56281160300011, 40.06191443400007], [124.56432041200003, 40.06507514000003], [124.56495775600001, 40.066987174000076], [124.56528293600002, 40.06906829900004], [124.5648277040001, 40.07056411000008], [124.56385219300012, 40.071344536000026], [124.56248648000008, 40.07245013800008], [124.56112076600004, 40.07336063400004], [124.56049485300002, 40.07392598700005], [124.55910471300001, 40.075181626000074], [124.55630825300011, 40.07765297200007], [124.55331669000009, 40.08025438800007], [124.55156077300012, 40.081880273000024], [124.55006498900002, 40.08259566400005], [124.54817899600005, 40.082595670000046], [124.54629300200008, 40.08227049900006], [124.54375666500005, 40.08168518800005], [124.54036004800003, 40.08050226300003], [124.53855391800005, 40.079994287000034], [124.53510710000012, 40.07888869800007], [124.53140014400003, 40.07797821500003], [124.52626243400005, 40.07661249000006], [124.52171003300009, 40.07544186900003], [124.51806811100005, 40.074401315000046], [124.51605204300006, 40.07310061600003], [124.51182480900002, 40.071149572000024], [124.50987377800004, 40.07017404900006], [124.5052563370001, 40.06802790000006], [124.50278503100003, 40.06685727400003], [124.50076897000008, 40.06653210200005], [124.49771235600008, 40.06568665300006], [124.49283478500001, 40.064711138000064], [124.489453, 40.06380065500008], [124.4863313520001, 40.062825135000026], [124.48503066400008, 40.06210975300007], [124.48412017700002, 40.06041883900008], [124.48405513400007, 40.05866288900006], [124.48438029400006, 40.05612651400003], [124.48386001400002, 40.05482581200005], [124.48275442800002, 40.05391532200008], [124.48093346600001, 40.05319993900008], [124.47852719900004, 40.05313491100003], [124.47644610500004, 40.053395058000035], [124.47443004800004, 40.054370591000065], [124.47221889100001, 40.055671301000075], [124.46786160800002, 40.05814265200007], [124.46376446300008, 40.06048393000003], [124.46213860700004, 40.060483935000036], [124.45771627800002, 40.06028884300008], [124.45361912100009, 40.06009374800004], [124.45258069800002, 40.06000721400005], [124.45049747700011, 40.05983361600005], [124.44718073000001, 40.059703556000045], [124.44288847000007, 40.05957349700003], [124.44106751000004, 40.05937839600006], [124.43924655500007, 40.05996371700007], [124.4378158070001, 40.06100428600007], [124.43632002400011, 40.061979818000054], [124.43488927700002, 40.06315045700006], [124.43358859900002, 40.06458123500005], [124.43332846900012, 40.065881939000064], [124.43341680300011, 40.06648259800005], [124.43365365000011, 40.06809313500003], [124.43404386500004, 40.069979156000045], [124.43430401000012, 40.07167007100003], [124.43462918800003, 40.073295950000045], [124.4349543730001, 40.075962392000065], [124.43540962100008, 40.07765330700005], [124.43540962500003, 40.078498764000074], [124.43573480000009, 40.07947429200004], [124.43605997700001, 40.08064492500006], [124.43599494900002, 40.08188059400004], [124.43548637300012, 40.08294863300006], [124.43534461400009, 40.08324633500007], [124.43417400100009, 40.084156832000076], [124.43280828800005, 40.08513236300007], [124.43111740400002, 40.08630300200008], [124.42845100800002, 40.087993925000035], [124.42604475100006, 40.08981491800006], [124.42389862900006, 40.091505839000035], [124.42138389200011, 40.09293167900006], [124.41921617900005, 40.09443243700008], [124.41511903600008, 40.097424068000066], [124.41180230200007, 40.09957024000005], [124.40731495600005, 40.10275697800006], [124.40367305200004, 40.10548846700004], [124.40302271400003, 40.106073786000024], [124.4019671640001, 40.10682379800005], [124.40055142100005, 40.10782974400007], [124.39847232700004, 40.109229982000045], [124.39736475400002, 40.109975915000064], [124.39443822400006, 40.11212208500007], [124.39099142300006, 40.11472350300005], [124.38767468800006, 40.11673960500008], [124.38656911100009, 40.11758506600006], [124.38513836300001, 40.11875570300003], [124.38422788800005, 40.11973123400003], [124.3829922430001, 40.12083683600008], [124.38026081600003, 40.12278790100004]]]}}, {"type": "Feature", "properties": {"fid": 30, "OBJECTID": 33, "beginyear": 1914, "endyear": 2013, "RAIL_ID": "\uc1a1\uc815\ub9ac-\uc815\uc74d", "comment": "-", "interval_i": "\uc815\uc74d-\uc0ac\uac00\ub9ac", "rail_nm_kr": "\ud638\ub0a8\ubcf8\uc120", "rail_nm_ch": "\ud638\ub0a8\ubcf8\uc120", "rail_nm__1": 0, "rail_type": "\uad11\uada4", "rail_type_": 0, "org_type": "\uad6d\ucca0", "org_type_c": 0, "org_nm_kr": "-", "Shape_Leng": 0.54794047584, "filter": "\uad6c\uc5ed2:\uacbd\ubd80\uc120\uc758 \uc11c\ub0a8\ubd80 \uc9c0\uc5ed \ucca0\ub3c4", "check_db": "\uae40\uc885\ud601"}, "geometry": {"type": "MultiLineString", "coordinates": [[[126.79059436000011, 35.138451047000046], [126.79198638000003, 35.140755101000025], [126.79211552700008, 35.14097714400003], [126.79605479000008, 35.14774997600006], [126.79748230300004, 35.15124741300008], [126.7989098160001, 35.15674338600007], [126.80019457700007, 35.16074045600004], [126.80033732900006, 35.16309587200004], [126.79969494900001, 35.16480890400004], [126.7984815640001, 35.166807439000024], [126.79805331200009, 35.169020104000026], [126.79812468900002, 35.17123276800004], [126.7979105610001, 35.17237478800007], [126.79576929600012, 35.176585989000046], [126.79412765900008, 35.18036893100003], [126.79298564900012, 35.181368200000065], [126.79041612900005, 35.182867101000056], [126.78827486300008, 35.18429462700004], [126.78477745900011, 35.18543664900005], [126.78170831000011, 35.186578670000074], [126.77999529600004, 35.18800619600006], [126.77835365900012, 35.19050436500004], [126.77685477400007, 35.19343079300006], [126.77578414100003, 35.194572813000036], [126.77399975100002, 35.19592896200004], [126.76914621300011, 35.19985465800005], [126.76350754500004, 35.20378035400006], [126.76136853000003, 35.20670824900003], [126.75736924900002, 35.21284514200005], [126.75608448900005, 35.21377303400004], [126.75365772000009, 35.21477230100004], [126.7498748160001, 35.216271204000066], [126.74673429000006, 35.217770106000046], [126.74379036400012, 35.21892666100007], [126.74073874300007, 35.22012552500007], [126.73831197400011, 35.221695804000035], [126.73652758600008, 35.22397984400004], [126.73595658200009, 35.22590700400008], [126.73638483600007, 35.227762787000074], [126.73859748000007, 35.22940444000005], [126.73916848400006, 35.23104609300003], [126.73959673800005, 35.233544263000056], [126.73959673900004, 35.235685551000074], [126.7389543600001, 35.23768408600006], [126.73866885900009, 35.23961124700003], [126.73888298600002, 35.24182391200003], [126.7397394940001, 35.244322081000064], [126.74109563000002, 35.24639199100005], [126.74202351300005, 35.24824777400005], [126.74309414800007, 35.24974667600003], [126.74409340700004, 35.25274447800007], [126.74530679200006, 35.255242647000046], [126.74759081200011, 35.26016761000005], [126.74973207900007, 35.263165412000035], [126.75201609900012, 35.266234592000046], [126.75415736600007, 35.26901826500006], [126.75751201900005, 35.27287258300004], [126.75972466300004, 35.27472836600003], [126.76293656300004, 35.27686965300006], [126.76564883500009, 35.278582682000035], [126.77014549700004, 35.28343626800006], [126.77414253000006, 35.28757609000007], [126.77721168000005, 35.29100215100004], [126.77828231500007, 35.29200141800004], [126.77885332000005, 35.29328619000006], [126.77956707600003, 35.299210420000065], [126.77968112400004, 35.300008759000036], [126.78042358500011, 35.305206027000054], [126.78078046500002, 35.30813245400003], [126.77949570700002, 35.31591246700003], [126.77892470300003, 35.31933852800006], [126.77949570800001, 35.32169394400006], [126.78156560100001, 35.324120737000044], [126.78270760900011, 35.32526275600003], [126.7825648590001, 35.32811780800006], [126.78120872500006, 35.331686621000074], [126.77942433700002, 35.33418479100004], [126.77718258900006, 35.337128764000056], [126.77621505500008, 35.33893484500004], [126.77394981200007, 35.341955201000076], [126.77281719100006, 35.34376741300008], [126.77228863400012, 35.34633471600006], [126.77243965200012, 35.348071419000064], [126.77311922600006, 35.35018566900004], [126.77545997800007, 35.35116728300005], [126.7769701410001, 35.352450934000046], [126.77900886000009, 35.35448967200006], [126.78059453100002, 35.35547128800005], [126.78233121800008, 35.35584883100006], [126.78444544600006, 35.35584883100006], [126.78844737600002, 35.35675493700006], [126.79252481600008, 35.357661042000075], [126.79660225500004, 35.358642657000075], [126.7981879250001, 35.35924672800007], [126.80166130000009, 35.363173188000076], [126.80505916700008, 35.36642006900007], [126.80619178900008, 35.36883635300006], [126.80558772400002, 35.37155467200006], [126.80497942000011, 35.373468986000034], [126.8047472070001, 35.37420601800005], [126.8033224830001, 35.378728015000036], [126.80279392600005, 35.381219808000026], [126.80158579700003, 35.38431567200007], [126.80188783000006, 35.38567483200006], [126.80302045200006, 35.38680746500006], [126.80573874600009, 35.38824213200007], [126.80830602200001, 35.389676801000064], [126.80966516800004, 35.39043188900007], [126.80996720200005, 35.392621647000055], [126.81011821800007, 35.39435835000006], [126.8093631370001, 35.39639709000005], [126.8083060240001, 35.398133794000046], [126.80800399200007, 35.39934193600004], [126.80845704100011, 35.40175822000003], [126.80860805800012, 35.403645942000026], [126.80762645300001, 35.40485408400008], [126.80702238800006, 35.40643977000008], [126.80672035700002, 35.40862952800006], [126.80573875200002, 35.41029072300006], [126.80385104900006, 35.41278251600005], [126.80317147700009, 35.413990658000046], [126.80453062400011, 35.41572736200004], [126.8053612120001, 35.417615083000044], [126.80604078600004, 35.41889873400004], [126.8067203600001, 35.42176807100003], [126.80634282100004, 35.425090461000025], [126.80634282200003, 35.42735572600003], [126.80777747600007, 35.43030057300007], [126.80815360100007, 35.43101521800003], [126.81004272000007, 35.43460457700007], [126.81079780200002, 35.43686984400006], [126.81109983500005, 35.43807798600005], [126.81193042400002, 35.44124935800005], [126.81344058800005, 35.444496239000046], [126.81427117700002, 35.44713905000003], [126.81336508100003, 35.45015940500008], [126.812156952, 35.45219814300003], [126.81049577500005, 35.45514299000007], [126.80951416900007, 35.45665316700007], [126.80679587800012, 35.457861310000055], [126.80437961900009, 35.458842926000045], [126.8021898820001, 35.459824542000035], [126.800302181, 35.460277595000036], [126.79879201800009, 35.46103268400003], [126.79796142900011, 35.46337346000007], [126.79773490500008, 35.46495914600007], [126.79848998900002, 35.46858357100007], [126.798414481, 35.47152841700006], [126.79788592500006, 35.47545487800005], [126.79886753100004, 35.47794667000005], [126.80075523500011, 35.482779237000045], [126.80105726800002, 35.484742468000036], [126.8008307450001, 35.48700773400003], [126.80234090800002, 35.490858686000024], [126.80581428100004, 35.49350149600008], [126.80913664000002, 35.496899394000025], [126.81079781900007, 35.49976873000003], [126.81298755500006, 35.50407273600007], [126.81412017800005, 35.50611147500007], [126.81495076600004, 35.50716859900007], [126.81653643800007, 35.50845225000006], [126.81842414000005, 35.510264462000066], [126.8189526970001, 35.512303201000066], [126.81872617300007, 35.51373786900007], [126.817140504, 35.51570110100005], [126.81661194700007, 35.516758225000046], [126.81646093200004, 35.519854088000045], [126.81653644100004, 35.522798934000036], [126.81933024200009, 35.52680090300004], [126.82197302700001, 35.53027431100003], [126.82370971500006, 35.53744765300007], [126.82431378000001, 35.54099656900007], [126.82605046800006, 35.546357699000055], [126.82846672800008, 35.551341283000056], [126.830127908, 35.55421062000005], [126.83337475700012, 35.561459470000045], [126.83571551000011, 35.567500179000035], [126.83647059100008, 35.569538918000035], [126.8400194730001, 35.57414495900008], [126.84229785100001, 35.576858935000075]]]}}, {"type": "Feature", "properties": {"fid": 31, "OBJECTID": 34, "beginyear": 1916, "endyear": -9999, "RAIL_ID": "\uc6a9\ub2f4-\uc601\ud765", "comment": "-", "interval_i": "\uc6a9\ub2f4-\uc804\ud0c4", "rail_nm_kr": "\ud568\uacbd\ubcf8\uc120", "rail_nm_ch": "\uac15\uc6d0\uc120", "rail_nm__1": 1945, "rail_type": "-", "rail_type_": 0, "org_type": "\uad6d\ucca0", "org_type_c": 0, "org_nm_kr": "-", "Shape_Leng": 0.25401977899, "filter": "\uad6c\uc5ed5:\uacbd\uc6d0\uc120 \ubc0f \uad00\ub828 \uc9c0\uc120", "check_db": "\uae40\uc885\ud601"}, "geometry": {"type": "MultiLineString", "coordinates": [[[127.24631429100009, 39.34584051000007], [127.24154369500002, 39.346009381000044], [127.23861731500006, 39.346651766000036], [127.23390655500009, 39.34979231400007], [127.22969542200008, 39.35279011000006], [127.229338546, 39.35478864100003], [127.23055192200002, 39.35671579700005], [127.23419205200003, 39.36142662200007], [127.23590505300001, 39.36349653000008], [127.23619055200004, 39.36749359300006], [127.2359764250001, 39.37149065700004], [127.23519129800002, 39.37313230700005], [127.2329786680001, 39.37641560700007], [127.23362104400007, 39.378200012000036], [127.23590504700007, 39.37998441600007], [127.23890280100011, 39.38055542400008], [127.24161505500001, 39.38105505800007], [127.24463268800002, 39.38302310900008], [127.25025144100005, 39.38705065500005], [127.25239269300005, 39.388478177000025], [127.25403431900008, 39.39090496700004], [127.25810269700003, 39.39682918600005], [127.26245657700008, 39.40325303900005], [127.26602532900006, 39.408463496000024], [127.26681045400005, 39.41003377200008], [127.26559707600006, 39.41153266900005], [127.26345582300007, 39.41281743900004], [127.2603866930001, 39.414601841000035], [127.25567593400001, 39.42002642500006], [127.25167892700006, 39.42445174300008], [127.25010867300011, 39.42552238600007], [127.24839566900005, 39.42816330100004], [127.24775329200008, 39.43080421800005], [127.249394918, 39.435657794000065], [127.24939491700002, 39.43715669300008], [127.24846703900005, 39.44186751600006], [127.24822925300009, 39.44304394300008], [127.24711091000006, 39.44857687100006], [127.24689678100003, 39.45307356600006], [127.25003728500008, 39.45642824500004], [127.25139340900012, 39.45999705200006], [127.25196440900004, 39.46299485000003], [127.25139340700002, 39.464707876000034], [127.25018003000002, 39.466349527000034], [127.25103653100007, 39.46770567300007], [127.25289228300005, 39.46998970900006], [127.25431978200004, 39.474415029000056], [127.25510490700003, 39.47755557800008], [127.25474803000009, 39.478483468000036], [127.25125065000009, 39.48041062300007], [127.24875252200002, 39.482551906000026], [127.24682539200012, 39.48547832600008], [127.24468413700004, 39.48869025000005], [127.24218600800009, 39.490474653000035], [127.23968788000002, 39.492116303000046], [127.23876000200005, 39.49468584300007], [127.23925962700002, 39.49725538400003], [127.239759251, 39.500039052000034], [127.24082987800011, 39.50146657400006], [127.24304250400007, 39.50310822600005], [127.24432725400004, 39.50532088600005], [127.24489825500007, 39.507890426000074], [127.24439862800011, 39.510317214000054], [127.24482687700004, 39.51252987400005], [127.24504100200011, 39.51445702900003], [127.24454137500004, 39.51638418500005], [127.24468412400006, 39.518382716000076], [127.24496962400008, 39.522808035000025], [127.24432724600001, 39.52523482300006], [127.24368486900005, 39.52780436300003], [127.24582612100005, 39.53030252800005], [127.24811012200007, 39.53365720600004], [127.24953762300004, 39.536155370000074], [127.25010862300007, 39.53836803000007], [127.24953762000007, 39.54243646900005], [127.24975174400004, 39.545577018000074]]]}}, {"type": "Feature", "properties": {"fid": 32, "OBJECTID": 35, "beginyear": 1917, "endyear": -9999, "RAIL_ID": "\uc7a5\ud765-\uace0\ubb34\uc0b0", "comment": "-", "interval_i": "\uc7a5\ud765-\ubd80\ub839", "rail_nm_kr": "\ud568\uacbd\ubcf8\uc120", "rail_nm_ch": "\ud568\ubd81\uc120", "rail_nm__1": 0, "rail_type": "-", "rail_type_": 0, "org_type": "\uad6d\ucca0", "org_type_c": 0, "org_nm_kr": "-", "Shape_Leng": 0.20875093869, "filter": "\uad6c\uc5ed5:\uacbd\uc6d0\uc120 \ubc0f \uad00\ub828 \uc9c0\uc120", "check_db": "\uae40\uc885\ud601"}, "geometry": {"type": "MultiLineString", "coordinates": [[[129.7116300240001, 41.937705218000076], [129.71241513600012, 41.93977512600003], [129.7135571220001, 41.94127402600003], [129.71555560500008, 41.94312981000007], [129.716840337, 41.945627976000026], [129.71776819600007, 41.94776926000003], [129.7186960470001, 41.951552193000055], [129.7197666520001, 41.95447861500003], [129.7209086370001, 41.95640577100005], [129.72155100200007, 41.95790467000006], [129.7213368570001, 41.961330719000046], [129.72069447100012, 41.96354337500003], [129.71983796100005, 41.96575603000008], [129.71976657000005, 41.96853969500006], [129.71912418700003, 41.97046684500003], [129.7177680540001, 41.97253674600006], [129.71612641800004, 41.975463158000025], [129.7159836510001, 41.97853232800003], [129.71598363500004, 41.98117324100008], [129.71562674300003, 41.984456538000074], [129.7145561000001, 41.988310840000054], [129.713842332, 41.99159413700005], [129.71362819500007, 41.99394954500008], [129.71319993500003, 41.99609082500007], [129.71284304800008, 41.99830348100005], [129.71277166100003, 42.00030201100003], [129.7114054640001, 42.001852754000026], [129.70963997600006, 42.003335777000075], [129.7097105790001, 42.006089975000066], [129.70928684900002, 42.00884416900004], [129.70766259800007, 42.01068029500004], [129.7051202990001, 42.01230455800004], [129.70321357300008, 42.01364634000004], [129.70229551400007, 42.01527060600006], [129.70208364500002, 42.017530460000046], [129.70377849700003, 42.018731012000046], [129.70858058600004, 42.02120274300006], [129.71394762800003, 42.02374509500004], [129.71712548100004, 42.02529875500005], [129.718326, 42.02635806500007], [129.7189615650001, 42.02748799400007], [129.72023269800002, 42.02967723100005], [129.72143321400006, 42.031372125000075], [129.72143320200007, 42.03342011700005], [129.71776097300005, 42.03921098100005], [129.7140887370001, 42.04599053000004], [129.71338253400006, 42.048038520000034], [129.71451242600006, 42.050722101000076], [129.71527034400003, 42.052364312000066], [129.71620726300011, 42.05439436900008], [129.7159247740001, 42.05658360000007], [129.71331184000007, 42.06096205800003], [129.71168758500005, 42.06343376900003], [129.7088628040001, 42.06611733500006], [129.70709731400007, 42.06802408100003], [129.70639111200012, 42.06978958900004], [129.7059673870001, 42.07141385800003], [129.70116525900005, 42.07600417000003], [129.69883480700003, 42.07967642500006], [129.6986935540001, 42.08193627800006], [129.6985523070001, 42.08370178900003], [129.69749301100012, 42.08518481500005], [129.6970665780001, 42.086599214000046], [129.69699862700008, 42.09372988500007], [129.69721047200005, 42.095848498000066], [129.6964336410001, 42.09952075800004], [129.69586865600002, 42.104958529000044], [129.69537431600008, 42.106229695000025], [129.6933263410001, 42.10933698700006], [129.6930438500001, 42.11180870000004], [129.69339693100005, 42.11449227800006], [129.69431496700008, 42.116822755000044]]]}}, {"type": "Feature", "properties": {"fid": 33, "OBJECTID": 36, "beginyear": 1917, "endyear": -9999, "RAIL_ID": "\uace0\ubb34\uc0b0-\ud68c\ub839", "comment": "-", "interval_i": "\uace0\ubb34\uc0b0-\ucc3d\ud3c9", "rail_nm_kr": "\ud568\uacbd\ubcf8\uc120", "rail_nm_ch": "\ud568\ubd81\uc120", "rail_nm__1": 0, "rail_type": "-", "rail_type_": 0, "org_type": "\uad6d\ucca0", "org_type_c": 0, "org_nm_kr": "-", "Shape_Leng": 0.509593583, "filter": "\uad6c\uc5ed5:\uacbd\uc6d0\uc120 \ubc0f \uad00\ub828 \uc9c0\uc120", "check_db": "\uae40\uc885\ud601"}, "geometry": {"type": "MultiLineString", "coordinates": [[[129.69431496700008, 42.116822755000044], [129.69593919200008, 42.11957695600006], [129.697634031, 42.12296674300006], [129.6980577370001, 42.12444977300004], [129.69728090900003, 42.127627690000054], [129.69812831700006, 42.13129995400004], [129.6991875870001, 42.134266016000026], [129.69869323800003, 42.136878970000055], [129.69848136200005, 42.14005688800006], [129.69939939800008, 42.14245798500008], [129.70108695200008, 42.14532025300008], [129.70165918700002, 42.14641273600006], [129.70201225900007, 42.15057934300006], [129.70187100700002, 42.152697954000075], [129.70233598700008, 42.15459116400007], [129.70285965200003, 42.15672332200006], [129.7030714990001, 42.15863007400003], [129.701941583, 42.16025434100004], [129.69918742800007, 42.16180798100004], [129.6949502660001, 42.16406782100006], [129.69261982700004, 42.16555084200007], [129.68859453000005, 42.16653951500007], [129.6863347110001, 42.16766943500005], [129.68513417500003, 42.169364321000046], [129.68252122, 42.177697522000074], [129.68195625300007, 42.18016923500005], [129.68322737200003, 42.184547706000046], [129.68174436000004, 42.186383833000036], [129.67778967000004, 42.189561738000066], [129.6757417020001, 42.19175096500004], [129.67454116300007, 42.194152056000064], [129.67150452400006, 42.19718872400006], [129.66882099100008, 42.198106782000025], [129.66416012900004, 42.19796552500003], [129.66126474500004, 42.19782427500007], [129.65865182700009, 42.19944853700008], [129.65865181800007, 42.20135528800006], [129.66041728800008, 42.20269708200004], [129.66352452900003, 42.202767712000025], [129.6662786830001, 42.20156717400005], [129.6710807940001, 42.19966043800008], [129.6762359910001, 42.19966045500007], [129.67969632900008, 42.19951922400003], [129.68160305100002, 42.198459924000076], [129.68139120400008, 42.19676503300008], [129.68033193700012, 42.19337525000003], [129.68089689600004, 42.19210408300006], [129.6825917640001, 42.19062106000007], [129.68428663300006, 42.188996796000026], [129.688241317, 42.186807576000035], [129.6931846650001, 42.18525394200003], [129.69579758200007, 42.18384154100005], [129.70003473100007, 42.18355907400007], [129.70293010700004, 42.184900871000025], [129.7047661910001, 42.18744321200006], [129.7055429940001, 42.18857314100006], [129.70780279400003, 42.19097424300003], [129.71302858900003, 42.194575901000064], [129.71987862000003, 42.19874252900007], [129.72256213600008, 42.20050804700003], [129.72446883500004, 42.20361535200004], [129.72439819700003, 42.20679327000005], [129.72235022200005, 42.21032428600006], [129.7218558720001, 42.21300785900007], [129.72263267300002, 42.214561511000056], [129.72489247700003, 42.21597392800004], [129.7267285690001, 42.216750758000046], [129.7285646460001, 42.220352406000075], [129.72905897200008, 42.22183543600005], [129.72821152900008, 42.22395404500003], [129.72877646400002, 42.22706134600003], [129.73040068800003, 42.22967430800003], [129.73414349000006, 42.231792933000065], [129.73866310500011, 42.23327597600007], [129.74106414800008, 42.234688392000066], [129.74395951400004, 42.237654459000055], [129.74692550700001, 42.23934935900007], [129.7498914900001, 42.242809770000065], [129.75137447800012, 42.24506962800007], [129.75258071500002, 42.246801144000074], [129.75504665200003, 42.24860066100007], [129.7603430680001, 42.25163735600006], [129.76196929000002, 42.25281380300004], [129.76366215200005, 42.25403846100005], [129.76683999600004, 42.25707514900006], [129.76917041600007, 42.25877004800003], [129.77185393600007, 42.259970604000046], [129.7737606390001, 42.26208922200004], [129.77439620000007, 42.263995977000036], [129.77545548000012, 42.26505528600006], [129.77700909500004, 42.26611459700007], [129.77778589900004, 42.26731514700003], [129.7785626970001, 42.26901003900008], [129.78025755200008, 42.26992811100007], [129.78174054500005, 42.27134052400004], [129.78237610200006, 42.27374162000007], [129.78265857200006, 42.27487154800008], [129.78505961100007, 42.27663706700008], [129.7870369300001, 42.27946189000005], [129.7879549580001, 42.282781053000065], [129.78859051300003, 42.28574711200008], [129.79077969500008, 42.28751263000004], [129.792757015, 42.29012559200004], [129.7937456520001, 42.29499840400007], [129.7938868750001, 42.297540740000045], [129.79247447400007, 42.30064803400006], [129.794593028, 42.303967201000034], [129.7957229220001, 42.30573271500003], [129.79544044800002, 42.305520853000075], [129.79579353400004, 42.30693326200003], [129.79544042300006, 42.30954621600006], [129.79635846100007, 42.311523591000025], [129.79699400700008, 42.31576081800006], [129.7972058370001, 42.32013928600003], [129.79727643, 42.324447131000056], [129.79770010700008, 42.33066173000003], [129.7990418610001, 42.33235662300007], [129.80003051900007, 42.33398089700006], [129.79967740600011, 42.33659385100003], [129.8001011030001, 42.33963053000008], [129.80200780300004, 42.342031631000054], [129.8022902670001, 42.34429148500004], [129.8013015790001, 42.34754002200003], [129.80278454400002, 42.35354276100003], [129.80356131700012, 42.35954550000008], [129.8037731610001, 42.36187597400004], [129.802845186, 42.36469649400004], [129.8020782750001, 42.366466296000056], [129.80087772800005, 42.37006793200004], [129.80010090200005, 42.37268088500008], [129.79826479000008, 42.37522321400007], [129.79318017700007, 42.38115531200003], [129.79176777100008, 42.38525129100003], [129.7909203260001, 42.387723003000076], [129.79127340800005, 42.389982857000064], [129.79134401500005, 42.392030850000026], [129.79007285700004, 42.39436132000003], [129.78675372500004, 42.39994032200008], [129.7853413360001, 42.400999623000075], [129.782587174, 42.40403629300005], [129.77834999900006, 42.408697225000026], [129.7720648610001, 42.41498242200004], [129.7640142360001, 42.422891881000055], [129.7608363610001, 42.42564606700006], [129.75737600700006, 42.42847087200005], [129.74953725300009, 42.43426172000005], [129.74205159300004, 42.44026443100006], [129.74205158300003, 42.44195932100007], [129.74205157000006, 42.44414855400004], [129.74085103200002, 42.44633778200006], [129.7406391610001, 42.448527014000035], [129.7407803850001, 42.45078686800008]]]}}, {"type": "Feature", "properties": {"fid": 34, "OBJECTID": 37, "beginyear": 1919, "endyear": -9999, "RAIL_ID": "\uccad\uc9c4-\uc7a5\ud765", "comment": "-", "interval_i": "\uac15\ub355-\uc218\uc131", "rail_nm_kr": "\ud568\uacbd\ubcf8\uc120", "rail_nm_ch": "\ud3c9\ub77c\uc120", "rail_nm__1": 1965, "rail_type": "-", "rail_type_": 0, "org_type": "\uad6d\ucca0", "org_type_c": 0, "org_nm_kr": "-", "Shape_Leng": 0.21257602388, "filter": "\uad6c\uc5ed5:\uacbd\uc6d0\uc120 \ubc0f \uad00\ub828 \uc9c0\uc120", "check_db": "\uae40\uc885\ud601"}, "geometry": {"type": "MultiLineString", "coordinates": [[[129.74363376500003, 41.766542042000026], [129.73814980500003, 41.76470001300004], [129.73753883000006, 41.76463454800006], [129.7360703910001, 41.76447720900006], [129.733471118, 41.764922797000054], [129.73161449200006, 41.76573971900007], [129.72827256200003, 41.767670628000076], [129.72441077500002, 41.770269932000076], [129.72089175100007, 41.77249219300006], [129.7172070580001, 41.774948676000065], [129.71512763400005, 41.776285460000054], [129.7136423290001, 41.77777077800005], [129.71260260300005, 41.78074142300005], [129.71304818400006, 41.78252381200008], [129.71572169600006, 41.78631139400005], [129.71809815300003, 41.78950484600006], [129.71995476000006, 41.79210416800004], [129.72136576700007, 41.79633734300006], [129.72322237800006, 41.79826826900006], [129.72545031200002, 41.800347729000066], [129.72686132800004, 41.80302131500008], [129.72663851700008, 41.805769163000036], [129.72507893700003, 41.80911113500008], [129.72515318800004, 41.81156191800005], [129.72663846600005, 41.814681101000076], [129.72960904, 41.81846868400004], [129.7312428560001, 41.82017681200006], [129.73658990900003, 41.82299894300007], [129.7369795940001, 41.82325468000005]], [[129.7390321250001, 41.83030725700007], [129.737182791, 41.83378178000004], [129.73554115600007, 41.836208561000035], [129.73411365200002, 41.837707453000064], [129.732828895, 41.83984873000003], [129.731044515, 41.841490374000045], [129.72840364, 41.842846509000026], [129.72661925900002, 41.84484503400006], [129.72526312200011, 41.84791419900006], [129.725048979, 41.85084061600003], [129.72661920500002, 41.854338047000056], [129.72868905300004, 41.85797823200005], [129.72975965500007, 41.86140428600004], [129.73018783100008, 41.87396647200006], [129.73097291600004, 41.88053307000007], [129.7301164040001, 41.88303122900004], [129.72854614000005, 41.88631452100003], [129.7274755080001, 41.88824167100006], [129.72576249300005, 41.891810468000074], [129.72433498200007, 41.894237248000024], [129.72233647300004, 41.89716366000005], [129.7214085910001, 41.89880530600004], [129.72069484000008, 41.89951906400006], [129.72183682500008, 41.90137484500008], [129.72169406700004, 41.90280236600006], [129.72098030600011, 41.90508639600006], [129.7206234250001, 41.90644254000006], [129.72133716500002, 41.90772731200008], [129.7221222810001, 41.90886933100006], [129.72240776700005, 41.91122474100007], [129.7239780000001, 41.91315190000006], [129.72462036000002, 41.91536455800008], [129.7239065990001, 41.91786271700005], [129.72269321600004, 41.919718491000026], [129.7214798320001, 41.92214527200008], [129.71898169000008, 41.92649920300005], [129.7171973080001, 41.92856910300003], [129.7169117960001, 41.93092451100006], [129.7149132930001, 41.93270890600007], [129.7124865390001, 41.934707427000035], [129.7116300240001, 41.937705218000076]]]}}, {"type": "Feature", "properties": {"fid": 35, "OBJECTID": 38, "beginyear": 1919, "endyear": -9999, "RAIL_ID": "\uc601\ud765-\ud568\ud765", "comment": "-", "interval_i": "\uc601\ud765-\ub9c8\uc7a5", "rail_nm_kr": "\ud568\uacbd\ubcf8\uc120", "rail_nm_ch": "\ud3c9\ub77c\uc120", "rail_nm__1": 1965, "rail_type": "-", "rail_type_": 0, "org_type": "\uad6d\ucca0", "org_type_c": 0, "org_nm_kr": "-", "Shape_Leng": 0.70559561493, "filter": "\uad6c\uc5ed5:\uacbd\uc6d0\uc120 \ubc0f \uad00\ub828 \uc9c0\uc120", "check_db": "\uae40\uc885\ud601"}, "geometry": {"type": "MultiLineString", "coordinates": [[[127.24975174400004, 39.545577018000074], [127.25032274400007, 39.547432797000056], [127.25317774700011, 39.54893169700006], [127.25681787600001, 39.549074450000035], [127.26117175800005, 39.54836069000004], [127.2656683890001, 39.54514876700006], [127.26987952000002, 39.542864731000066], [127.27808765600003, 39.541223083000034], [127.281156785, 39.54079482800006], [127.2839404130001, 39.541936846000056], [127.28843704300004, 39.54386400300007], [127.29122067100002, 39.54457776500004], [127.2973589290001, 39.543507126000065], [127.30299756200009, 39.542293733000065], [127.30689464200009, 39.54099468900006], [127.3114911990001, 39.53879630600005], [127.31334695200007, 39.53729740700004], [127.31420345600009, 39.53351447400007], [127.31513133400006, 39.529446035000035], [127.31770083900005, 39.526234111000065], [127.32027034300006, 39.52352182000004], [127.32398185000011, 39.52145191300008], [127.32697960400003, 39.51945338200005], [127.33261823900011, 39.516741093000064], [127.3356873680001, 39.51567045100006], [127.3379713710001, 39.515955957000074], [127.34410962800007, 39.51816861800006], [127.34996238400004, 39.520167153000045], [127.35281738700007, 39.52109504300006], [127.35931252000012, 39.52073816500007], [127.36487977700006, 39.52045266300007], [127.36802028200009, 39.51995303100006], [127.3707325360001, 39.518097253000064], [127.37522917000001, 39.514242945000035], [127.37729904900004, 39.512244415000055], [127.37958305300003, 39.51167340600006], [127.38059002000011, 39.511841236000066], [127.38286630700009, 39.512101664000056], [127.38479343300003, 39.51338643500003], [127.38722018500005, 39.51517084000005], [127.38978968700007, 39.51609872900008], [127.39278744100011, 39.515670474000046], [127.39678444800006, 39.51502809100003], [127.39940321600011, 39.51541133100005], [127.40263720500002, 39.51588460700003], [127.40656283300007, 39.516598370000054], [127.40827583600003, 39.51745488300003], [127.41084533600008, 39.520952315000045], [127.4146282150001, 39.52316497500004], [127.41962446900004, 39.52544901400006], [127.42297909700005, 39.52644828100006], [127.42497759900004, 39.52773305200003], [127.42640509900002, 39.53123048300006], [127.429045975, 39.53308626300003], [127.43097309900008, 39.53722607900005], [127.43147272200008, 39.53993837200005], [127.42868908900004, 39.547504238000045], [127.427118833, 39.55307157500005], [127.42726158200003, 39.55507010600007], [127.42897458100003, 39.55785377600006], [127.42811807700002, 39.56106570000003], [127.42768982600012, 39.56356386400006], [127.42933145000006, 39.56563377300006], [127.43111582600011, 39.56691854300004], [127.43315663400006, 39.56861282500006], [127.43489870300004, 39.57005909500003], [127.43632620400001, 39.57170074600003], [127.43646895200004, 39.57384203000004], [127.43539832300007, 39.57755358800006], [127.43432769500009, 39.581336521000026], [127.43425631700006, 39.583834685000056], [127.43447044000004, 39.58740349000004], [127.43468456100004, 39.592613948000064], [127.43375668200008, 39.59589724800003], [127.43218642900001, 39.59739614600005], [127.42926005000004, 39.599109171000066], [127.42704742, 39.60160733400005], [127.42604816500011, 39.60531889200007], [127.4279039160001, 39.608673570000065], [127.42904591500007, 39.611528615000054], [127.43118716100003, 39.61845209900008], [127.43225778600004, 39.62209228200004], [127.43254328400008, 39.62430494200004], [127.43254328400008, 39.62480457500004], [127.43140127700008, 39.63137117600007], [127.42997377000006, 39.63765227400006], [127.42661913800009, 39.64150658300008], [127.42062362900003, 39.646003275000055], [127.41880316200002, 39.64720905400003], [127.41512774600005, 39.649643454000056], [127.41277236500002, 39.65285537800003], [127.41070248500012, 39.656923816000074], [127.40820435400008, 39.66234840000004], [127.40813297600005, 39.66634546200004], [127.40888643900007, 39.66837405100006], [127.40865759700011, 39.67206621300005], [127.40635284600012, 39.676675773000056], [127.40652356700002, 39.679151277000074], [127.40686500900006, 39.68102924600004], [127.40806006000003, 39.685041271000046], [127.4090843890001, 39.688967932000025], [127.4093404680001, 39.69400430400003], [127.40823077000005, 39.700833282000076], [127.40806004600006, 39.70236980100003], [127.40789178900002, 39.703026014000045], [127.40720643500003, 39.70569892800006], [127.40729179200002, 39.70936950400005], [127.40703570700009, 39.713808339000025], [127.408145396, 39.719015435000074], [127.40831611600004, 39.72217383700007], [127.4077185860001, 39.72507615200004], [127.40635280900005, 39.726612672000044], [127.40251156300008, 39.73011252100008], [127.39986537200002, 39.73216121300004], [127.39636557100005, 39.73489280300004], [127.39346329500006, 39.73719758200008], [127.39073174400005, 39.73975844600005], [127.38825627200004, 39.74283148600006], [127.38748802300006, 39.74590452600006], [127.38731729800008, 39.748977565000075], [127.38706121300004, 39.752221329000065], [127.38654904600003, 39.75469683400007], [127.38671976300009, 39.76067218900005], [127.38612223300004, 39.76630609500006], [127.39192677100004, 39.77509840600004], [127.39786284200011, 39.783354452000026], [127.39935316800006, 39.78542723700008], [127.40601131500011, 39.79541462000003], [127.40797461500006, 39.79814621200006], [127.41181585600009, 39.79993882000008], [127.4156570990001, 39.80113389200005], [127.4189861750001, 39.80215824100003], [127.42214453000008, 39.804633747000025], [127.4254736040001, 39.80753606400003], [127.427863709, 39.80975548200007], [127.4292294820001, 39.81154809000003], [127.43042453300006, 39.81496257900005], [127.43272927600003, 39.820511123000074], [127.4337536050001, 39.823413440000024], [127.43358287900003, 39.82751082600004], [127.43324143200005, 39.83160821300004], [127.4328146250001, 39.834425166000074], [127.43358287, 39.838351827000054], [127.43580225100004, 39.84296138900004], [127.43776554900012, 39.84885138300007], [127.43899189100011, 39.85220030200003], [127.43998492900005, 39.854912100000035], [127.44126534000009, 39.857899778000046], [127.44502121900007, 39.86088745700005], [127.45065503900003, 39.86413122500005], [127.46115443000008, 39.87130165600007], [127.46772721800005, 39.875911218000056], [127.47242206900012, 39.877106293000054], [127.4755804240001, 39.87813064100004], [127.48403115500003, 39.88060614900007], [127.48940889300002, 39.882228035000026], [127.49273797, 39.88291093300006], [127.50024973300003, 39.88265485100004], [127.50613963800004, 39.88256949100003], [127.51023696300001, 39.88291094300007], [127.51245634700001, 39.88367920400003], [127.5201388260001, 39.88991065000005], [127.53378256700012, 39.90068425800007], [127.53934502300001, 39.90501977300005], [127.54378378700005, 39.90945861000006], [127.54594097300003, 39.91137614000007]]]}}, {"type": "Feature", "properties": {"fid": 36, "OBJECTID": 39, "beginyear": 1920, "endyear": -9999, "RAIL_ID": "\uacbd\uc131-\uc218\uc131", "comment": "-", "interval_i": "\uacbd\uc131-\ub098\ub0a8", "rail_nm_kr": "\ud568\uacbd\ubcf8\uc120", "rail_nm_ch": "\ud3c9\ub77c\uc120", "rail_nm__1": 1965, "rail_type": "-", "rail_type_": 0, "org_type": "\uad6d\ucca0", "org_type_c": 0, "org_nm_kr": "-", "Shape_Leng": 0.27512705863, "filter": "\uad6c\uc5ed5:\uacbd\uc6d0\uc120 \ubc0f \uad00\ub828 \uc9c0\uc120", "check_db": "\uae40\uc885\ud601"}, "geometry": {"type": "MultiLineString", "coordinates": [[[129.62929837100012, 41.66660222300004], [129.6320258510001, 41.669193396000026], [129.63514496200003, 41.671495658000026], [129.6387839260001, 41.67439204900006], [129.64108613200005, 41.675283249000074], [129.64984939800001, 41.67320382400004], [129.65564206600004, 41.67164425200008], [129.65980090100004, 41.671050136000076], [129.66195458200002, 41.67127294200003], [129.66403398900002, 41.67305533500007], [129.66447956800005, 41.67483772400004], [129.6626971920001, 41.67825396300003], [129.66106334800008, 41.68137313700004], [129.66024642000002, 41.68389818300005], [129.6600978790001, 41.68582910400005], [129.65831551600002, 41.68701735600007], [129.65601329700007, 41.68850267200003], [129.6539338670001, 41.69117624800003], [129.65304267200008, 41.693998359000034], [129.6551220670001, 41.69793447300003], [129.65831544500008, 41.69993966800007], [129.6621772090001, 41.70157353600007], [129.66514779400006, 41.703281667000056], [129.66796985000008, 41.704618467000046], [129.67034632700006, 41.704767006000054], [129.6729455850001, 41.706994999000074], [129.6753963120001, 41.709222992000036], [129.67762425500007, 41.70996566000008], [129.68052058700005, 41.70929727500004], [129.6846051540001, 41.70959435200007], [129.68742721, 41.71093115100007], [129.6903235310001, 41.71256501600004], [129.69166028900008, 41.71434740800004], [129.69415098800005, 41.71588096500005], [129.69472094500009, 41.71628627900003], [129.69700733800005, 41.71791220100005], [129.70094336300008, 41.72021446400004], [129.70287424600008, 41.72103139800004], [129.70643895600006, 41.721551272000056], [129.70888969100008, 41.72229394200008], [129.71304850900003, 41.72504180400006], [129.7171330530001, 41.72912645500003], [129.7211433340001, 41.73291404200006], [129.72351979400003, 41.735587631000044], [129.7252278510001, 41.74190026000008], [129.72337120300006, 41.74635622400007], [129.72418809300007, 41.75036660000006], [129.72522777900008, 41.75445124200007], [129.72834688600005, 41.75734763200006], [129.7321343740001, 41.76076388700005], [129.7354020150001, 41.76321468000003], [129.73753883000006, 41.76463454800006]], [[129.73753883000006, 41.76463454800006], [129.7360703910001, 41.76447720900006], [129.733471118, 41.764922797000054], [129.73161449200006, 41.76573971900007], [129.72827256200003, 41.767670628000076], [129.72441077500002, 41.770269932000076], [129.72089175100007, 41.77249219300006], [129.7172070580001, 41.774948676000065], [129.71512763400005, 41.776285460000054], [129.7136423290001, 41.77777077800005], [129.71260260300005, 41.78074142300005], [129.71304818400006, 41.78252381200008], [129.71572169600006, 41.78631139400005], [129.71809815300003, 41.78950484600006], [129.71995476000006, 41.79210416800004], [129.72136576700007, 41.79633734300006], [129.72322237800006, 41.79826826900006], [129.72545031200002, 41.800347729000066], [129.72686132800004, 41.80302131500008], [129.72663851700008, 41.805769163000036], [129.72507893700003, 41.80911113500008], [129.72515318800004, 41.81156191800005], [129.72663846600005, 41.814681101000076], [129.72960904, 41.81846868400004], [129.7312428560001, 41.82017681200006], [129.73658990900003, 41.82299894300007], [129.7369795940001, 41.82325468000005]], [[129.74363376500003, 41.766542042000026], [129.73814980500003, 41.76470001300004], [129.73753883000006, 41.76463454800006]]]}}, {"type": "Feature", "properties": {"fid": 37, "OBJECTID": 40, "beginyear": 1927, "endyear": -9999, "RAIL_ID": "\uae38\uc8fc-\uadf9\ub3d9", "comment": "-", "interval_i": "\uae38\uc8fc-\uae08\uc1a1", "rail_nm_kr": "\ud568\uacbd\ubcf8\uc120", "rail_nm_ch": "\ud3c9\ub77c\uc120", "rail_nm__1": 1965, "rail_type": "-", "rail_type_": 0, "org_type": "\uad6d\ucca0", "org_type_c": 0, "org_nm_kr": "-", "Shape_Leng": 0.4815670988, "filter": "\uad6c\uc5ed5:\uacbd\uc6d0\uc120 \ubc0f \uad00\ub828 \uc9c0\uc120", "check_db": "\uae40\uc885\ud601"}, "geometry": {"type": "MultiLineString", "coordinates": [[[129.32187694700008, 40.96119728100007], [129.32428684, 40.96411998700006], [129.32440412300002, 40.964862812000035], [129.3247436260001, 40.96701309800005], [129.3217744000001, 40.97340838800005], [129.32086078400005, 40.97713897400007], [129.3203016210001, 40.98778539700004], [129.32002326000008, 40.99008183300003], [129.32040391300006, 40.99297494500007], [129.32192657100006, 40.994193101000064], [129.32489575800003, 40.996096470000055], [129.3268752150001, 40.99777143400007], [129.32794107000007, 40.99982706800006], [129.32832172500002, 41.002339507000045], [129.33113863500012, 41.006450775000076], [129.3359350060001, 41.01117112600008], [129.34088363700005, 41.01741416700003], [129.34468026800005, 41.02148535100008], [129.34720266400006, 41.02419015100003], [129.34857305000003, 41.02662645800007], [129.3481162390001, 41.029138895000074], [129.34765942900003, 41.03134679400006], [129.35001954900008, 41.033554700000025], [129.35177060400008, 41.035305798000024], [129.3519989980001, 41.03652395000006], [129.35123765100002, 41.03987386500006], [129.35123763800004, 41.04269084100008], [129.352684156, 41.04550782100006], [129.35435907800002, 41.04741118600003], [129.35501791800004, 41.050233769000045], [129.35572944600005, 41.05357808300005], [129.3568714380001, 41.05525304500003], [129.35770889700007, 41.056471198000054], [129.3597644780001, 41.059744986000055], [129.36121100600008, 41.06043020000004], [129.362885935, 41.06088701200008], [129.3644085960001, 41.06164836100004], [129.3657028560001, 41.06279038100007], [129.36676871100008, 41.06476988000003], [129.37042309800006, 41.06636871400008], [129.3746865500001, 41.06811982000005], [129.38169079400006, 41.070708410000066], [129.3885427680001, 41.07382994300008], [129.39234942100006, 41.07542877700007], [129.39547087800008, 41.076342399000055], [129.39745033600002, 41.07778895900003], [129.39805939300004, 41.07954005400006], [129.3972980520001, 41.08136727900006], [129.3950140500001, 41.08258542500005], [129.392501648, 41.083879704000026], [129.38861884200003, 41.08639213200007], [129.3844315020001, 41.088980691000074], [129.380624828, 41.09179765700003], [129.37438188300007, 41.096365708000064], [129.37179334100006, 41.09903040800003], [129.37019453800008, 41.10032468900005], [129.36920479200012, 41.10314166300003], [129.36981384900002, 41.105045027000074], [129.37103197300007, 41.10649158500007], [129.3725546270001, 41.10862335400003], [129.373239817, 41.110526718000074], [129.37350394200007, 41.11241098100004], [129.37453404400003, 41.11844470700004], [129.3746863010001, 41.120500338000056], [129.37483855800008, 41.122479835000036], [129.3741533540001, 41.123545715000034], [129.37339201500004, 41.124916134000046], [129.37255453500006, 41.12796151100008], [129.37202159600008, 41.129408064000074], [129.37034665500005, 41.13146369000003], [129.36867172000007, 41.132605702000035], [129.36722518200008, 41.13405225400004], [129.3661593060001, 41.13641241900007], [129.36600702700002, 41.13922939400004], [129.36593088300003, 41.14128502500006], [129.3683671340001, 41.14387360400008], [129.37103178400002, 41.14615764500007], [129.3727067090001, 41.14752807100007], [129.37407709700005, 41.14943143600004], [129.374686149, 41.152324547000035], [129.37468613500005, 41.15536992600005], [129.37476225700004, 41.15780623000006], [129.37506677600004, 41.160623206000025], [129.37590423000006, 41.162983377000046], [129.37757915200007, 41.164658340000074], [129.3789038100001, 41.16523036600006], [129.3809290060001, 41.166104904000065], [129.38564926200002, 41.16679012800006], [129.39067404700006, 41.168084426000064], [129.3961556270001, 41.17036847600008], [129.39920094400009, 41.17257638400008], [129.40110426500007, 41.174632021000036], [129.4049109020001, 41.17927623300005], [129.40551995300007, 41.18224548000006], [129.40523392700004, 41.18371134500006], [129.40491087200007, 41.18536699100008], [129.404910846, 41.190924808000034], [129.40544376900004, 41.19298044000004], [129.40620509400003, 41.19419859300007], [129.40551988800007, 41.19572128100003], [129.40453014500008, 41.19800531200008], [129.40506307200008, 41.199071196000034], [129.40681412900005, 41.20044162200003], [129.40757545400004, 41.20211658300008], [129.4074993050001, 41.20523809600007], [129.40757542500012, 41.207902802000035], [129.4083367500001, 41.20934935900004], [129.41008780700008, 41.210643650000065], [129.412980865, 41.211328869000056], [129.415417122, 41.212470892000056], [129.41671138000004, 41.213841315000025], [129.41739656900006, 41.21582081400004], [129.41891921700005, 41.21901846700007], [129.4208986640001, 41.22236838900005], [129.42318265300003, 41.223814950000076], [129.4255427810001, 41.224119494000036], [129.42813131000003, 41.22381496400004], [129.43064370900004, 41.22335816300006], [129.43300383500002, 41.22366270800006], [129.43452649300002, 41.22495699800004], [129.43620141300005, 41.22716490300007], [129.43703886600008, 41.229448939000065], [129.43871379400002, 41.229981886000076], [129.4418352560001, 41.229905759000076], [129.4429801220001, 41.22985704400003], [129.44541351700002, 41.22975350000007], [129.44868724100002, 41.23043872000005], [129.45340748500007, 41.23340797700007], [129.4562244020001, 41.23538748100003], [129.4595742570001, 41.236453373000074], [129.46216278600002, 41.23660565000006], [129.46581717700008, 41.23691019900008], [129.469699966, 41.23782382300004], [129.47266915500006, 41.238813580000055], [129.47403955000004, 41.23942266000006], [129.47609513500004, 41.24163056500004], [129.47868365300008, 41.243610068000066], [129.480891508, 41.245361167000056], [129.48698214900003, 41.24810202500004], [129.48995133500011, 41.24970085800004], [129.4918546560001, 41.25152809000008], [129.492463272, 41.25218851900007], [129.495432896, 41.25541095900007], [129.4974884820001, 41.25746659600003], [129.50175192900008, 41.25967450700006], [129.50494951500002, 41.26134947500003], [129.5086800360001, 41.262567637000075], [129.5146945580001, 41.262415385000054], [129.5201761510001, 41.26173019100003], [129.5248202780001, 41.261501801000065], [129.52824627000007, 41.26173021500006], [129.5346414500001, 41.26325292300004], [129.53700308500004, 41.263695744000074]]]}}, {"type": "Feature", "properties": {"fid": 44, "OBJECTID": 47, "beginyear": 1927, "endyear": -9999, "RAIL_ID": "\uac70\uc0b0-\uad70\uc120", "comment": "-", "interval_i": "\uac70\uc0b0-\uac74\uc790", "rail_nm_kr": "\ud568\uacbd\ubcf8\uc120", "rail_nm_ch": "\ud3c9\ub77c\uc120", "rail_nm__1": 1965, "rail_type": "-", "rail_type_": 0, "org_type": "\uad6d\ucca0", "org_type_c": 0, "org_nm_kr": "-", "Shape_Leng": 0.3153858096, "filter": "\uad6c\uc5ed5:\uacbd\uc6d0\uc120 \ubc0f \uad00\ub828 \uc9c0\uc120", "check_db": "\uae40\uc885\ud601"}, "geometry": {"type": "MultiLineString", "coordinates": [[[128.50029958100004, 40.18829414500004], [128.5010142220001, 40.187744416000044], [128.5042713040001, 40.18668805500005], [128.50840867500006, 40.18660003100007], [128.5128101360001, 40.18607185500008], [128.517123566, 40.18554368000008], [128.51994050100006, 40.185279593000075], [128.52266941300002, 40.18290277300008], [128.5240778850001, 40.18131822600003], [128.52610256200012, 40.179205498000044], [128.5282152630001, 40.17850125600006], [128.53217658100004, 40.17691671400007], [128.5340251990001, 40.17515610700008], [128.53587399800006, 40.173052279000046], [128.53657805400007, 40.172251104000054], [128.54053937300012, 40.17005034700003], [128.54529295300006, 40.168641867000076], [128.54925426700004, 40.16855384300004], [128.5508604800001, 40.16894455200003], [128.5525113440001, 40.16934612400007], [128.5545360110001, 40.17040249300004], [128.55902549200005, 40.17304341700003], [128.5616663610001, 40.175332214000036], [128.56360299800008, 40.17700479900003], [128.5701171390001, 40.18281482400005], [128.5756629650001, 40.186864238000055], [128.58041653200007, 40.189945315000045], [128.58323346100008, 40.19161789900005], [128.5856102470001, 40.191970025000046], [128.5882511220001, 40.19214609100004], [128.590187764, 40.19205806400004], [128.59247651900012, 40.19329049500004], [128.59397301, 40.19487504800003], [128.59617372900004, 40.198484302000054], [128.59881458300003, 40.20552674900006], [128.60119135200011, 40.21160085900004], [128.60259980900003, 40.21494602100006], [128.6027758560001, 40.21829118200003], [128.60286388300005, 40.21961163900005], [128.60453642200002, 40.224541352000074], [128.6064730480001, 40.22973515600006], [128.6072653010001, 40.23299228600007], [128.60752938000007, 40.23528108000005], [128.60691317200008, 40.23704168900008], [128.604272282, 40.24135518000003], [128.60312789800003, 40.24355594200006], [128.6023356290001, 40.24531655000004], [128.603039856, 40.24742928400008], [128.60488846600003, 40.248573684000064], [128.6065610180001, 40.24910187000006], [128.60744130600006, 40.25024626800007], [128.60840962300006, 40.25191885000004], [128.60902582300002, 40.25297521700003], [128.61061034500005, 40.25367946500006], [128.61193078000008, 40.25447174000004], [128.61263501100007, 40.25588023000006], [128.61351529700005, 40.257288720000076], [128.61307514500004, 40.25922539100003], [128.61078637900005, 40.26204236400008], [128.60973002000003, 40.264859338000065], [128.6093778930001, 40.268292528000075], [128.60840955700007, 40.27331026500008], [128.60594472800005, 40.27718360400007], [128.6033918720001, 40.28096891200005], [128.60268762600003, 40.28484225400007], [128.60691300700012, 40.29118045800004], [128.61122641500003, 40.29813487700005], [128.61360318900006, 40.30218428500007], [128.61633208500007, 40.304737174000024], [128.62187790200005, 40.31142750300006], [128.62407862300006, 40.31389236200005], [128.62927233200003, 40.31741359200004], [128.6322653190001, 40.31908617700003], [128.64001187600002, 40.32172710700007], [128.64469336600007, 40.32240576200007], [128.64679598100008, 40.32265313600004], [128.65001099800008, 40.323031385000036], [128.65616276800006, 40.32407408600005], [128.6607505300001, 40.324491171000034], [128.66502549000006, 40.325012523000055], [128.6689876490001, 40.32501253000004], [128.67326261300002, 40.323969850000026], [128.67545222800004, 40.32376131500007], [128.67743330300004, 40.32490827700008], [128.67993571300008, 40.327515005000066], [128.68681734300003, 40.331998584000075], [128.687830146, 40.332631597000045]]]}}, {"type": "Feature", "properties": {"fid": 45, "OBJECTID": 48, "beginyear": 1927, "endyear": -9999, "RAIL_ID": "\uad70\uc120-\ub2e8\ucc9c", "comment": "-", "interval_i": "\uc624\ubabd\ub9ac-\ub2e8\ucc9c", "rail_nm_kr": "\ud568\uacbd\ubcf8\uc120", "rail_nm_ch": "\ud3c9\ub77c\uc120", "rail_nm__1": 1965, "rail_type": "-", "rail_type_": 0, "org_type": "\uad6d\ucca0", "org_type_c": 0, "org_nm_kr": "-", "Shape_Leng": 0.28300549521, "filter": "\uad6c\uc5ed5:\uacbd\uc6d0\uc120 \ubc0f \uad00\ub828 \uc9c0\uc120", "check_db": "\uae40\uc885\ud601"}, "geometry": {"type": "MultiLineString", "coordinates": [[[128.687830146, 40.332631597000045], [128.6909880280001, 40.33460531600008], [128.69505445000004, 40.33616935800006], [128.70245742800012, 40.33700352400007], [128.707253723, 40.33804622200006], [128.70938169700003, 40.338633264000066], [128.71330122300003, 40.33971453700008], [128.71747190700012, 40.34252980700006], [128.72195539000006, 40.34649203500004], [128.72539620100008, 40.349724379000065], [128.729566889, 40.35170549800006], [128.73498879200008, 40.351079895000055], [128.7399936270001, 40.35045429100006], [128.74343444700003, 40.351079911000056], [128.74645819300008, 40.35306102700008], [128.74875207000002, 40.35452079700008], [128.75031746700006, 40.35493006200005], [128.75364025400006, 40.355520795000075], [128.76116136400003, 40.35537890000006], [128.76222092500007, 40.35535891100005], [128.77023494700006, 40.35511607300003], [128.77476813200008, 40.35446847400004], [128.77792517300009, 40.35341611900003], [128.78051556800006, 40.35252566300005], [128.78391545400007, 40.35293042500007], [128.78836768300005, 40.35430660000003], [128.7887724320001, 40.35438755200005], [128.792900862, 40.355601824000075], [128.79597695200005, 40.355197075000035], [128.79856734300006, 40.35479232600005], [128.80415286900006, 40.35624945500007], [128.8082812980001, 40.35762562900004], [128.8101431340001, 40.359811308000076], [128.81176212100002, 40.361996988000044], [128.8184809390001, 40.364506481000035], [128.8230141150001, 40.366611215000034], [128.82641399800002, 40.36758263400003], [128.8290853320001, 40.36936356000007], [128.83442800600005, 40.37138734600006], [128.83734219000007, 40.37276351700007], [128.84147062300008, 40.37341113300005], [128.84543715200004, 40.37511111300006], [128.84916083400003, 40.37640633400008], [128.85134647300004, 40.37745870200007], [128.85223691300007, 40.37915867400005], [128.85280355600003, 40.380696743000044], [128.8515083520001, 40.38320622100008], [128.85118454700012, 40.38490618900005], [128.8518321360001, 40.38717281900006], [128.85432476500011, 40.39110572200008], [128.8591175690001, 40.398667869000064], [128.8650268660001, 40.40724868400008], [128.87190757400003, 40.41162004900008], [128.87886923400004, 40.41566761200005], [128.88307860700002, 40.41858185500007], [128.8856689920001, 40.42028183100007], [128.88696418100005, 40.42198180400004], [128.887287968, 40.425300794000066], [128.8865594140001, 40.427081713000064], [128.88574991200005, 40.428376927000045], [128.88040722800008, 40.42975308300004], [128.87684543900002, 40.430481633000056], [128.8753883390001, 40.43177684500006], [128.87498358200003, 40.43428632400003], [128.8750645130001, 40.43971003900003], [128.87555019600006, 40.44375758700005], [128.88048811300007, 40.447967048000066], [128.8859926780001, 40.451690803000076], [128.88791969700003, 40.45292609900008]]]}}, {"type": "Feature", "properties": {"fid": 46, "OBJECTID": 49, "beginyear": 1927, "endyear": -9999, "RAIL_ID": "\uc2e0\ubd81\uccad-\uac70\uc0b0", "comment": "-", "interval_i": "\uc2e0\ubd81\uccad-\uc2e0\ucc3d", "rail_nm_kr": "\ud568\uacbd\ubcf8\uc120", "rail_nm_ch": "\ud3c9\ub77c\uc120", "rail_nm__1": 1965, "rail_type": "-", "rail_type_": 0, "org_type": "\uad6d\ucca0", "org_type_c": 0, "org_nm_kr": "-", "Shape_Leng": 0.13897993137, "filter": "\uad6c\uc5ed5:\uacbd\uc6d0\uc120 \ubc0f \uad00\ub828 \uc9c0\uc120", "check_db": "\uae40\uc885\ud601"}, "geometry": {"type": "MultiLineString", "coordinates": [[[128.3728344420001, 40.177052555000046], [128.37390012000003, 40.17709252000003], [128.37821354900007, 40.17735661900008], [128.3834072720001, 40.17656435200007], [128.38693521300002, 40.17571790900007], [128.39106581500005, 40.17489178400007], [128.39485107000007, 40.17418754600004], [128.40030888, 40.17401149300008], [128.40603077700007, 40.17374740900004], [128.41500975300005, 40.174187577000055], [128.420467561, 40.174363646000074], [128.4249570500001, 40.17436365300006], [128.43006274200002, 40.17409957000007], [128.43446420300006, 40.17357139400008], [128.43736916800003, 40.17286715400007], [128.440978362, 40.17321928200005], [128.4420344670001, 40.17376690200007], [128.44335514800002, 40.17445171300005], [128.44581995700003, 40.17718066300006], [128.44872491, 40.180437797000025], [128.4515418420001, 40.18158219800006], [128.45365454000012, 40.18202235500007], [128.4557672400001, 40.18246251000005], [128.45876022700008, 40.184399187000054], [128.46184124600006, 40.185103437000066], [128.46413000100006, 40.18607177500007], [128.47495756500007, 40.19531499800007], [128.477862522, 40.19725167300004], [128.48023930700003, 40.198043952000035], [128.48288018300002, 40.19786789600005], [128.4871936180001, 40.19619532300004], [128.49115493300008, 40.19522699400005], [128.49432398800002, 40.193114266000066], [128.49758107600007, 40.19038532500008], [128.50029958100004, 40.18829414500004]]]}}, {"type": "Feature", "properties": {"fid": 47, "OBJECTID": 50, "beginyear": 1919, "endyear": 2013, "RAIL_ID": "\ub300\uad6c-\uc601\ucc9c", "comment": "-", "interval_i": "\ub300\uad6c-\uc601\ucc9c", "rail_nm_kr": "\ub300\uad6c\uc120", "rail_nm_ch": "\ub300\uad6c\uc120", "rail_nm__1": 0, "rail_type": "\ud611\uada4", "rail_type_": 1939, "org_type": "\uc0ac\ucca0", "org_type_c": 1928, "org_nm_kr": "\uc870\uc120\ucca0\ub3c4\uc8fc\uc2dd\ud68c\uc0ac", "Shape_Leng": 0.40936853557, "filter": "\uad6c\uc5ed3:\uacbd\ubd80\uc120\uc758 \ub3d9\ubd81\ubd80 \uc9c0\uc5ed \ucca0\ub3c4", "check_db": "\uae40\uc885\ud601"}, "geometry": {"type": "MultiLineString", "coordinates": [[[128.59486569000012, 35.87627671200005], [128.60053920100006, 35.87504524800005], [128.60503586100003, 35.874045987000045], [128.6066774960001, 35.874759751000056], [128.60817637700006, 35.876758289000065], [128.61110276600004, 35.87975609700004], [128.61381503300004, 35.88075536700006], [128.61931094700003, 35.88139776200006], [128.621309461, 35.881255012000054], [128.623807606, 35.880255748000025], [128.62644850200002, 35.879113732000064], [128.62766188700004, 35.87904235800005], [128.6316499720001, 35.88037174100003], [128.63424036600009, 35.88308563500004], [128.63609612100004, 35.88661162400007], [128.63730236100002, 35.889116932000036], [128.6390653300001, 35.891436663000036], [128.6411994550001, 35.893106870000054], [128.64342637000004, 35.89338524100003], [128.64797299300005, 35.89190062200004], [128.65329927800008, 35.88908440700004], [128.65604557400002, 35.887632335000035], [128.6654171890001, 35.882807315000036], [128.67618062600002, 35.87844624200005], [128.68944934, 35.87594095600008], [128.70114065300004, 35.87389961400004], [128.71014110700003, 35.87325010400008], [128.7146854030001, 35.87308304000004], [128.72276029900002, 35.87278617800007], [128.73148238700003, 35.872786192000035], [128.73788477000005, 35.873342938000064], [128.74131793100003, 35.87334294300007], [128.74373042500008, 35.87287900100006], [128.747256375, 35.872786218000044], [128.74762752800007, 35.872786218000044], [128.751207184, 35.873170808000054], [128.7557538000001, 35.874562652000066], [128.76113550900004, 35.87706796700007], [128.7657749110001, 35.879573282000024], [128.76747921600008, 35.88033076200003], [128.76995037300003, 35.88142907100007], [128.7740330470001, 35.88356322800007], [128.77690947600001, 35.885326226000075], [128.77932195800008, 35.88922337200006], [128.78340462800008, 35.89312052300005], [128.787301726, 35.89506910100005], [128.7911060360001, 35.89720325700006], [128.7945391940001, 35.898873467000044], [128.7966733190001, 35.899708573000055], [128.7992713870001, 35.89961578900005], [128.80298291400004, 35.900079740000024], [128.80688001200008, 35.90212110700003], [128.80994201200008, 35.90527594200006], [128.81448862600007, 35.90778125700007], [128.81920582600003, 35.910139892000075], [128.8226539740001, 35.911863992000065], [128.82942749900008, 35.91613230300004], [128.8358996390001, 35.91959631700007], [128.84074763800004, 35.922441982000066], [128.84520146600005, 35.924019405000024], [128.85475863800002, 35.92726704100005], [128.86236725900005, 35.93032909500005], [128.86830793800004, 35.93197533600005], [128.870068671, 35.93246325800004], [128.87600710800007, 35.93450462900006], [128.87916190200008, 35.93571089400007], [128.88259506300005, 35.93580368900007], [128.89270897500012, 35.93496860400006], [128.89744117600003, 35.93366956400007], [128.90133828400008, 35.931535422000024], [128.90662721400008, 35.92921570400006], [128.91135941400012, 35.92773108600005], [128.9161844020001, 35.92661762400007], [128.91943198600006, 35.92698878700003], [128.92490647700004, 35.931535464000035], [128.92704059200003, 35.93571097900008], [128.92741173500008, 35.93914417600007], [128.92741172600006, 35.94257737300006], [128.92620546900002, 35.94684567200005], [128.92546315000004, 35.95194907200005], [128.9250919870001, 35.95593900400007], [128.9256487130001, 35.957238053000026], [128.92843235200007, 35.95890826100003], [128.93873183800008, 35.95900106900007], [128.94396904200005, 35.95932840800003]]]}}, {"type": "Feature", "properties": {"fid": 48, "OBJECTID": 51, "beginyear": 1911, "endyear": -9999, "RAIL_ID": "\uc0ac\ub3d9-\uc2b9\ud638\ub9ac", "comment": "-", "interval_i": "\uc0ac\ub3d9-\ubbf8\ub9bc", "rail_nm_kr": "\ud3c9\uc591\ud0c4\uad11\uc120", "rail_nm_ch": "\ud3c9\ub355\uc120", "rail_nm__1": 0, "rail_type": "\uad11\uada4", "rail_type_": 0, "org_type": "\uc0ac\ucca0", "org_type_c": 0, "org_nm_kr": "\uc11c\uc120\uc911\uc559\ucca0\ub3c4\uc8fc\uc2dd\ud68c\uc0ac", "Shape_Leng": 0.16822430076, "filter": "\uad6c\uc5ed4:\uacbd\uc758\uc120 \ubc0f \uad00\ub828 \uc9c0\uc120", "check_db": "\uae40\uc885\ud601"}, "geometry": {"type": "MultiLineString", "coordinates": [[[125.81558428400001, 39.01208999700003], [125.8195027810001, 39.01241118400003], [125.82297161500003, 39.013374758000054], [125.82579807600007, 39.01549462600008], [125.83106556900009, 39.01896350000004], [125.83389203100012, 39.020826414000055], [125.83748934300002, 39.02320323400005], [125.84012308900003, 39.02493767100003], [125.842178697, 39.02622243900004], [125.8423557750001, 39.02631350900003], [125.84474820300011, 39.02686482000007], [125.84808856200004, 39.02750720200004], [125.85040111700005, 39.02782839200006], [125.85142428000006, 39.028072003000034], [125.85393100500005, 39.02877631300004], [125.86035714800005, 39.02807205900007], [125.8664998380001, 39.02714733300007], [125.86854387500011, 39.02683962200007], [125.87901936600008, 39.025167028000055], [125.88738215300009, 39.02411065200005], [125.89741749900008, 39.02384654700006], [125.90243517300007, 39.02349442000008], [125.91090201500003, 39.01972639100006], [125.91792832600004, 39.016539987000044], [125.9233861460001, 39.01601179700003], [125.92659467800001, 39.01549428100003], [125.92884396400007, 39.01513148500004], [125.93227710700012, 39.01381102300007], [125.93738280500008, 39.011170099000026], [125.939730542, 39.00996891200003], [125.94116806400007, 39.00923342300007], [125.94627376400001, 39.00782492800005], [125.9509393190001, 39.007208709000054], [125.95534078600008, 39.00641642800008], [125.95850984100002, 39.005712181000035], [125.9595661940001, 39.005360058000065], [125.96079860200007, 39.00342338400003], [125.96176692000006, 39.00148671000005], [125.96291130000009, 39.00034231200004], [125.96335144200009, 38.99761336300003], [125.96511202500005, 38.99532456600008], [125.96784093400004, 38.994444258000044], [125.96939572300005, 38.994185121000044]]]}}, {"type": "Feature", "properties": {"fid": 49, "OBJECTID": 52, "beginyear": 1928, "endyear": 1943, "RAIL_ID": "<none>", "comment": "1943-44. \uc810\ucd0c-\uc548\ub3d9 \uc120\ub85c \ucca0\uac70.", "interval_i": "\uc608\ucc9c-\uace0\ud3c9", "rail_nm_kr": "\uacbd\ubd81\uc120", "rail_nm_ch": "\uacbd\ubd81\uc120", "rail_nm__1": 0, "rail_type": "\uad11\uada4", "rail_type_": 0, "org_type": "\uc0ac\ucca0", "org_type_c": 1940, "org_nm_kr": "\uc870\uc120\ucca0\ub3c4\uc8fc\uc2dd\ud68c\uc0ac", "Shape_Leng": 0.03206112068, "filter": "\uad6c\uc5ed3:\uacbd\ubd80\uc120\uc758 \ub3d9\ubd81\ubd80 \uc9c0\uc5ed \ucca0\ub3c4", "check_db": "\uae40\uc885\ud601"}, "geometry": {"type": "MultiLineString", "coordinates": [[[128.45448494000004, 36.65032425700008], [128.45571433700002, 36.650265716000035], [128.4578484660001, 36.64859551400008], [128.45914750300005, 36.646461368000075], [128.45961144800003, 36.64432721900005], [128.46128163800006, 36.64265701800008], [128.46490037500007, 36.641265186000055], [128.470838812, 36.64052288100004], [128.47622052100007, 36.64005894300004], [128.4817878010001, 36.64172915600005]]]}}, {"type": "Feature", "properties": {"fid": 50, "OBJECTID": 53, "beginyear": 1924, "endyear": 2013, "RAIL_ID": "\uae40\ucc9c-\uc810\ucd0c", "comment": "-", "interval_i": "\uc591\uc815-\ud568\ucc3d", "rail_nm_kr": "\uacbd\ubd81\uc120", "rail_nm_ch": "\uacbd\ubd81\uc120", "rail_nm__1": 0, "rail_type": "\uad11\uada4", "rail_type_": 0, "org_type": "\uc0ac\ucca0", "org_type_c": 1940, "org_nm_kr": "\uc870\uc120\ucca0\ub3c4\uc8fc\uc2dd\ud68c\uc0ac", "Shape_Leng": 0.56657436785, "filter": "\uad6c\uc5ed3:\uacbd\ubd80\uc120\uc758 \ub3d9\ubd81\ubd80 \uc9c0\uc5ed \ucca0\ub3c4", "check_db": "\uae40\uc885\ud601"}, "geometry": {"type": "MultiLineString", "coordinates": [[[128.11145790500007, 36.125986660000024], [128.10989407900001, 36.12841939500004], [128.10896619400012, 36.13083191100003], [128.11091474300008, 36.13268769500007], [128.11323444200002, 36.13445069000005], [128.11434789600003, 36.13732715400005], [128.1148118320001, 36.13955409300007], [128.11611086300002, 36.14159545500007], [128.11750268100002, 36.14410076100006], [128.11805940600004, 36.14595654500005], [128.12075025600006, 36.15003926900005], [128.12399783400008, 36.153472469000064], [128.12548243900005, 36.15644172200007], [128.12668868000003, 36.160338866000075], [128.1269670370001, 36.16488553200003], [128.12427617600008, 36.167483625000045], [128.1201007090001, 36.16831872300003], [128.11713148800004, 36.16933940000007], [128.11564687600003, 36.17008171100008], [128.11490457000002, 36.17147354700006], [128.11490456700005, 36.17323653900007], [128.11555408100003, 36.17462837700003], [128.11573965500008, 36.17611300300007], [128.11678472900007, 36.176931592000074], [128.11908002400003, 36.17898947000003], [128.1198223250001, 36.180659674000026], [128.11917280400007, 36.18362892500005], [128.1178737670001, 36.18576307300003], [128.11564685000008, 36.18650538300005], [128.1140694510001, 36.18780443000003], [128.1127704150001, 36.18910347600007], [128.11147137700004, 36.19105204600004], [128.11026512800004, 36.19429966300004], [128.1088733040001, 36.19559870900008], [128.1073886900001, 36.19708333300008], [128.10729589700009, 36.200423741000066], [128.1068319530001, 36.20348578100004], [128.10646079600008, 36.206176664000054], [128.10590406500012, 36.20766129000003], [128.10590406200004, 36.20951707200004], [128.10497617600004, 36.21230074500005], [128.1038627150001, 36.21489883800007], [128.10284204200002, 36.21721856500005], [128.10163579100004, 36.22028060400004], [128.10117184800004, 36.22222917500005], [128.09996559900003, 36.22427053400003], [128.09894492600006, 36.22603352600004], [128.09875934800004, 36.22853883200003], [128.0984809790001, 36.231693660000076], [128.096810784, 36.23651869300005], [128.09486222500004, 36.24199324800003], [128.09384155100008, 36.24505528700007], [128.09374875700007, 36.24895243000003], [128.0945114220001, 36.25372428000003], [128.09451143600006, 36.25372436500004], [128.09486220200006, 36.25600440200003], [128.09449104500004, 36.25934481000007], [128.0931920060001, 36.26314916300004], [128.09161460300004, 36.26584004500006], [128.08966604900002, 36.26843813700003], [128.08836701200005, 36.270850653000025], [128.0875319160001, 36.272613645000035], [128.08958956900005, 36.27613050100007], [128.08958958300002, 36.27613052400005], [128.09207852100008, 36.28059351300004], [128.0947125340001, 36.283441132000064], [128.095511675, 36.284305080000024], [128.0988520420001, 36.28745991400007], [128.1009861650001, 36.29033637800006], [128.10321307000004, 36.29562535900004], [128.1037697920001, 36.300357605000045], [128.1044193020001, 36.30471869200005], [128.110914459, 36.311306726000055], [128.11555385200006, 36.31789475700003], [128.11889421600006, 36.32374047400003], [128.12149227700002, 36.32680251700003], [128.1218634270001, 36.32865830000003], [128.12214178600004, 36.33134918400003], [128.1269667580001, 36.33747327000003], [128.12767270900008, 36.338447495000025], [128.13160615200002, 36.343875722000064], [128.13541045500006, 36.349628651000046], [128.1369182850001, 36.351729326000054], [128.14422530600007, 36.36029940700007], [128.14840076200005, 36.36512444500005], [128.15341131000002, 36.37115574100005], [128.15452476400003, 36.37328989200006], [128.1549886990001, 36.37700145600007], [128.15443196700005, 36.37848608200005], [128.15266899000005, 36.38034186200008], [128.1515555310001, 36.38219764300004], [128.1524834050001, 36.385166895000054], [128.15851461500006, 36.395095336000054], [128.16074152200008, 36.39927084800007], [128.16129824200004, 36.40418867000005], [128.1620405430001, 36.40697234400005], [128.1646386000001, 36.41272527000007], [128.16686550800011, 36.41643683700005], [128.16667992400005, 36.420797924000055], [128.16779337700007, 36.423581599000045], [128.16856735800002, 36.427578321000055], [128.1687212490001, 36.42896336700005], [128.16779336500008, 36.43044799200004], [128.1650097170001, 36.43341724000004], [128.16185491600004, 36.436850433000075], [128.1602775140001, 36.44028362900008], [128.15925683800003, 36.44427355800008], [128.16194768100002, 36.45095437600003], [128.1669582180001, 36.46255301900004], [128.17131924000012, 36.47303819200005], [128.17363892900005, 36.480090166000025], [128.17410821400006, 36.48196733800006], [128.175309104, 36.48677098200005], [128.17651533800006, 36.49335901000006], [128.177350423, 36.49688499500007], [128.17735041800006, 36.50041098100007], [128.1773504150001, 36.50217397400007], [128.17716483700008, 36.503101865000076], [128.1753090740001, 36.50458648800003], [128.1714119710001, 36.50616389900006], [128.16797881000002, 36.50801967700005], [128.1660302560001, 36.50950430000006], [128.16426728200008, 36.510803345000056], [128.16333939700007, 36.51256633700007], [128.16352497000003, 36.51488606500004], [128.1609268950001, 36.519803883000066], [128.1607413150001, 36.521845244000076], [128.16074130800007, 36.525835175000054], [128.16055572300002, 36.53140252000003], [128.1596278390001, 36.53344387900006], [128.157400918, 36.53715544100004], [128.15452448400004, 36.53956795400006], [128.15257593, 36.54253720200006], [128.15266871200004, 36.545970399000055], [128.15331822500002, 36.54838291600004], [128.15842156300005, 36.551723329000026], [128.16241144000003, 36.55775462400004], [128.164359987, 36.55988877600004], [128.16955610800005, 36.56517776000004], [128.17271089700012, 36.568425382000044], [128.17380478300004, 36.56954672400008], [128.17601051100007, 36.571807818000025], [128.178742112, 36.574456679000036], [128.18087623100007, 36.57779708800007], [128.1825464110001, 36.580673553000054], [128.18514447600012, 36.582250970000075], [128.1900622390001, 36.58364281200005], [128.194237702, 36.584385130000044], [128.19748527900003, 36.58716880600008], [128.20119679200002, 36.59273615600006], [128.20490830500012, 36.59793234800003]]]}}, {"type": "Feature", "properties": {"fid": 51, "OBJECTID": 54, "beginyear": 1926, "endyear": 2013, "RAIL_ID": "\ub9f9\uc911\ub9ac-\ubc15\ucc9c", "comment": "-", "interval_i": "<none>", "rail_nm_kr": "\ubc15\ucc9c\uc120", "rail_nm_ch": "\ubc15\ucc9c\uc120", "rail_nm__1": 0, "rail_type": "\uad11\uada4", "rail_type_": 0, "org_type": "\uc0ac\ucca0", "org_type_c": 0, "org_nm_kr": "-", "Shape_Leng": 0.05306182413, "filter": "\uad6c\uc5ed4:\uacbd\uc758\uc120 \ubc0f \uad00\ub828 \uc9c0\uc120", "check_db": "\uae40\uc885\ud601"}, "geometry": {"type": "MultiLineString", "coordinates": [[[125.59716818900006, 39.647941529000036], [125.5968155170001, 39.648320013000045], [125.59431025800006, 39.65095379700006], [125.59212618700008, 39.653330624000034], [125.59174649200008, 39.65353403600005], [125.59084144300004, 39.65590016700003], [125.59103416000005, 39.65782732100007], [125.59308977100011, 39.660910767000075], [125.59540233000007, 39.663801496000076], [125.59925659300006, 39.66701341500004], [125.60144067300007, 39.66868361300004], [125.60169762700002, 39.66977566700007], [125.60189034400003, 39.67131739100006], [125.6021472970001, 39.67253792200006], [125.60234001300012, 39.67330878400003], [125.60163340400004, 39.67517170200006], [125.60131222000007, 39.677227334000065], [125.60124799500011, 39.681724029000065], [125.60099105400002, 39.68538562500004], [125.60099106000007, 39.688019404000045], [125.60079835200008, 39.68975384400005], [125.59951360500008, 39.69161676200008], [125.59901162300002, 39.692073117000064], [125.59802813800002, 39.69296527700004]]]}}, {"type": "Feature", "properties": {"fid": 52, "OBJECTID": 55, "beginyear": 1926, "endyear": 2013, "RAIL_ID": "<none>", "comment": "-", "interval_i": "\uc77c\uc6d0-\ubc15\ucc9c", "rail_nm_kr": "\ubc15\ucc9c\uc120", "rail_nm_ch": "\ubc15\ucc9c\uc120", "rail_nm__1": 0, "rail_type": "\uad11\uada4", "rail_type_": 0, "org_type": "\uc0ac\ucca0", "org_type_c": 0, "org_nm_kr": "-", "Shape_Leng": 0.03999362852, "filter": "\uad6c\uc5ed4:\uacbd\uc758\uc120 \ubc0f \uad00\ub828 \uc9c0\uc120", "check_db": "\uae40\uc885\ud601"}, "geometry": {"type": "MultiLineString", "coordinates": [[[125.59802813800002, 39.69296527700004], [125.5960447860001, 39.69476445400005], [125.59212630200011, 39.69797638500006], [125.58904290500004, 39.700610168000026], [125.58640917000002, 39.702601566000055], [125.58409662300005, 39.70414329300007], [125.58088475000011, 39.70626316900007], [125.57818677700004, 39.708126090000064], [125.57561727900008, 39.70992477200008], [125.57420405500011, 39.71120954400004], [125.57406505200004, 39.71180032800004], [125.57394710900007, 39.71230159900006], [125.57446101300002, 39.713971799000035], [125.57523187000004, 39.71615590700003], [125.576066964, 39.71866120800007], [125.57677358400008, 39.72065260000005]]]}}, {"type": "Feature", "properties": {"fid": 53, "OBJECTID": 56, "beginyear": 1915, "endyear": -9999, "RAIL_ID": "\uc6d0\uc0b0-\uc6a9\ub2f4", "comment": "-", "interval_i": "\uc6d0\uc0b0-\ubb38\ucc9c", "rail_nm_kr": "\ud568\uacbd\ubcf8\uc120", "rail_nm_ch": "\uac15\uc6d0\uc120", "rail_nm__1": 1945, "rail_type": "-", "rail_type_": 0, "org_type": "\uad6d\ucca0", "org_type_c": 0, "org_nm_kr": "-", "Shape_Leng": 0.21123457497, "filter": "\uad6c\uc5ed5:\uacbd\uc6d0\uc120 \ubc0f \uad00\ub828 \uc9c0\uc120", "check_db": "\uae40\uc885\ud601"}, "geometry": {"type": "MultiLineString", "coordinates": [[[127.4426653920001, 39.14619624300008], [127.44033520300002, 39.14671161200005], [127.4373046390001, 39.147951404000025], [127.43317205000005, 39.15015548000008], [127.42903946400008, 39.15235955400004], [127.42321090100006, 39.15543944400008], [127.42127425600006, 39.15684793200006], [127.41704884600006, 39.15834445000007], [127.4145840220001, 39.16045718200007], [127.4129114640001, 39.161337486000036], [127.39539362200003, 39.16776371100008], [127.39152033000005, 39.16970038100004], [127.38949565300004, 39.17172508300007], [127.38711886200008, 39.17181311200005], [127.38412586400011, 39.17278144800008], [127.37954833600008, 39.176830851000034], [127.373870441, 39.18255283600007], [127.36876473500001, 39.18748254500008], [127.36189844400008, 39.19382074200007], [127.36119420900002, 39.19602150600008], [127.35969770800011, 39.19910257500004], [127.35732091200009, 39.20508865200003], [127.35811317500008, 39.207201386000065], [127.35820120200003, 39.20984230300007], [127.35732090700003, 39.21133882200007], [127.35547229000008, 39.21380367800003], [127.35520820200009, 39.215212165000025], [127.35626455200008, 39.21758899200006], [127.35881740000002, 39.221814460000076], [127.36004981000008, 39.224103254000056], [127.35987374800004, 39.226832202000026], [127.35952163000002, 39.22912099600006], [127.35661666100009, 39.23149782000007], [127.35177504600006, 39.23554722400007], [127.34358831300005, 39.24232557500005], [127.33610581900007, 39.24804755800005], [127.33337690700012, 39.25183287100003], [127.33073602500008, 39.25517803100007], [127.32642258600004, 39.26081198500003], [127.31990841100003, 39.26847064200007], [127.31480270800012, 39.27419262600006], [127.31321817700007, 39.278770215000065], [127.31233788400004, 39.27947445900003], [127.3085526210001, 39.28246749600004], [127.30685005500004, 39.284212651000075]]]}}, {"type": "Feature", "properties": {"fid": 54, "OBJECTID": 58, "beginyear": 1925, "endyear": 1950, "RAIL_ID": "<none>", "comment": "-", "interval_i": "\uae40\ud654-\uae08\uc131", "rail_nm_kr": "\uae08\uac15\uc0b0\uc120", "rail_nm_ch": "\uae08\uac15\uc0b0\uc120", "rail_nm__1": 0, "rail_type": "\uad11\uada4", "rail_type_": 0, "org_type": "\uc0ac\ucca0", "org_type_c": 0, "org_nm_kr": "\uae08\uac15\uc0b0\uc804\uae30\ucca0\ub3c4 \uc8fc\uc2dd\ud68c\uc0ac", "Shape_Leng": 0.22255599747, "filter": "\uad6c\uc5ed5:\uacbd\uc6d0\uc120 \ubc0f \uad00\ub828 \uc9c0\uc120", "check_db": "\uae40\uc885\ud601"}, "geometry": {"type": "MultiLineString", "coordinates": [[[127.46126183700005, 38.290574820000074], [127.46334253600003, 38.28891024100005], [127.46409158800009, 38.28882701200007], [127.47815711500004, 38.28974253800004], [127.48448244000008, 38.290241915000024], [127.4861469980001, 38.29124066400004], [127.4915568130001, 38.29531889000003], [127.49413688000004, 38.29598472400005], [127.49821505000011, 38.29706670400003], [127.50104479900006, 38.29864805700004], [127.50262613100006, 38.29981326400008], [127.50354163600002, 38.301311388000045], [127.5043739030001, 38.31637584500004], [127.5045403580001, 38.31812365400003], [127.50653782900008, 38.318955946000074], [127.50986694700009, 38.31920563500006], [127.51086568100004, 38.32045407100003], [127.510033399, 38.32320062900004], [127.51011662700012, 38.32436583600003], [127.51053275800007, 38.334603008000045], [127.51519351800005, 38.34209362400003], [127.51694130300007, 38.34317560200003], [127.52010396600008, 38.34359175000003], [127.52193498000008, 38.34425758300006], [127.52243434700006, 38.34517310200005], [127.52235111800007, 38.34700414100007], [127.52276725600007, 38.34833580600008], [127.5280106130001, 38.355160590000025], [127.52917579500001, 38.36506484600005], [127.53142294800011, 38.366895887000055], [127.53258813700006, 38.37005859100003], [127.534835283, 38.379879619000064], [127.53907990500011, 38.384873363000054], [127.54074446200002, 38.38678763200005], [127.54207610600008, 38.39003356500007], [127.54399034700009, 38.39203106300005], [127.54698655300001, 38.393778875000066], [127.55081503600002, 38.39627574800005], [127.55730681500006, 38.398855852000054], [127.5588881440001, 38.39943845500005], [127.57062328600011, 38.401103043000035], [127.57961189900004, 38.407261998000024], [127.59093089500004, 38.41308803700008], [127.59617425300007, 38.41583459900005], [127.59917045600002, 38.419080533000056], [127.60116792600002, 38.419413450000036], [127.60394760200006, 38.41949524200004]]]}}, {"type": "Feature", "properties": {"fid": 55, "OBJECTID": 59, "beginyear": 1926, "endyear": 1950, "RAIL_ID": "<none>", "comment": "-", "interval_i": "\uae08\uc131-\ud0c4\uac10\ub9ac", "rail_nm_kr": "\uae08\uac15\uc0b0\uc120", "rail_nm_ch": "\uae08\uac15\uc0b0\uc120", "rail_nm__1": 0, "rail_type": "\uad11\uada4", "rail_type_": 0, "org_type": "\uc0ac\ucca0", "org_type_c": 0, "org_nm_kr": "\uae08\uac15\uc0b0\uc804\uae30\ucca0\ub3c4 \uc8fc\uc2dd\ud68c\uc0ac", "Shape_Leng": 0.08787297472, "filter": "\uad6c\uc5ed5:\uacbd\uc6d0\uc120 \ubc0f \uad00\ub828 \uc9c0\uc120", "check_db": "\uae40\uc885\ud601"}, "geometry": {"type": "MultiLineString", "coordinates": [[[127.60394760200006, 38.41949524200004], [127.6068274270001, 38.41957991100003], [127.61240370100006, 38.41924699900005], [127.61648187300011, 38.41733273400007], [127.62289042600003, 38.41516878300007], [127.62580340600005, 38.41400357800006], [127.62746796500005, 38.414752641000064], [127.63013125500004, 38.418830865000075], [127.63437587100009, 38.42732023000008], [127.63745529800008, 38.434894074000056], [127.63737206700011, 38.43730771600008], [127.63828757300007, 38.43863938100003], [127.64253219600005, 38.440636881000046], [127.64611099800004, 38.44130271600005], [127.64794201100005, 38.442717610000045], [127.64852460400004, 38.444798336000076], [127.6481084610001, 38.44787781100007], [127.648191687, 38.44987530700007], [127.64944010400006, 38.45178957600007], [127.65160403000004, 38.45353738800003], [127.6531021300001, 38.45636717600007], [127.65293567200001, 38.458114986000055], [127.6519369340001, 38.45986279500005], [127.65018914300003, 38.46285903900008], [127.65002268600006, 38.464024245000076], [127.6511878770001, 38.46502299400004], [127.65166023600011, 38.465059334000046]]]}}, {"type": "Feature", "properties": {"fid": 56, "OBJECTID": 60, "beginyear": 1908, "endyear": 2013, "RAIL_ID": "\ubd80\uc0b0-\ucd08\ub7c9", "comment": "-", "interval_i": "\ubd80\uc0b0-\ucd08\ub7c9", "rail_nm_kr": "\uacbd\ubd80\ubcf8\uc120", "rail_nm_ch": "\uacbd\ubd80\ubcf8\uc120", "rail_nm__1": 0, "rail_type": "\uad11\uada4", "rail_type_": 0, "org_type": "\uc0ac\ucca0", "org_type_c": 1906, "org_nm_kr": "\uacbd\ubd80\ucca0\ub3c4\uc8fc\uc2dd\ud68c\uc0ac", "Shape_Leng": 0.00778471862, "filter": "\uad6c\uc5ed1:\uacbd\uc778\uc120\uacfc \uacbd\ubd80\uc120", "check_db": "\uae40\uc885\ud601"}, "geometry": {"type": "MultiLineString", "coordinates": [[[129.03973174500004, 35.114342091000026], [129.04303739600005, 35.121390106000035]]]}}, {"type": "Feature", "properties": {"fid": 57, "OBJECTID": 62, "beginyear": 1911, "endyear": 2013, "RAIL_ID": "\uc6a9\uc0b0-\uc758\uc815\ubd80", "comment": "-", "interval_i": "\uc5f0\ucd0c-\ucc3d\ub3d9", "rail_nm_kr": "\uacbd\uc6d0\uc120", "rail_nm_ch": "\uacbd\uc6d0\ubcf8\uc120", "rail_nm__1": 0, "rail_type": "\uad11\uada4", "rail_type_": 0, "org_type": "\uad6d\ucca0", "org_type_c": 0, "org_nm_kr": "-", "Shape_Leng": 0.30071638594, "filter": "\uad6c\uc5ed5:\uacbd\uc6d0\uc120 \ubc0f \uad00\ub828 \uc9c0\uc120", "check_db": "\uae40\uc885\ud601"}, "geometry": {"type": "MultiLineString", "coordinates": [[[126.96424918100001, 37.52976068400005], [126.96356313900003, 37.52937192400003], [126.9631039410001, 37.52899258200006], [126.96208567000008, 37.52815139100005], [126.9618337390001, 37.527693329000044], [126.96122617000003, 37.525987530000066], [126.9611221030001, 37.52538913300003], [126.96125685700008, 37.524681663000024], [126.96159191000004, 37.52380065800003], [126.96279560900007, 37.52244647900005], [126.96537282400004, 37.52217443100005], [126.96932457900004, 37.52244351200005], [126.96953725500009, 37.52249839700005], [126.97114319900004, 37.523012306000055], [126.97164917700002, 37.52290851400005], [126.97519882900008, 37.52225770300004], [126.98011183000006, 37.520758802000046], [126.98400485000002, 37.51955640500006], [126.98602075700012, 37.519459812000036], [126.98893707000002, 37.51941494600004], [126.98920733900002, 37.51943628300006], [126.99092618600002, 37.51957198300005], [126.99229635100005, 37.51965527900006], [126.99362642900007, 37.51973613800004], [126.99492225200004, 37.52024320500004], [126.99658136800008, 37.52089243200004], [126.99902240500012, 37.52211296400003], [127.00082106200011, 37.522948066000026], [127.00197734300002, 37.52410436100007], [127.00287667200007, 37.52564608600005], [127.00467533100004, 37.52693085800007], [127.00698789100011, 37.52872953800005], [127.00820840900008, 37.529757354000026], [127.0100713060001, 37.53033550200007], [127.0110348720001, 37.53110636500003], [127.01270505600007, 37.53277656700004], [127.01418252400003, 37.53496067900005], [127.0155315180001, 37.536952075000045], [127.01643084600005, 37.538879232000056], [127.01745865200007, 37.54009976400005], [127.0187434070001, 37.541063344000065], [127.02047782700004, 37.54170572800007], [127.02272615100003, 37.54331169400007], [127.02388347800002, 37.54404039000008], [127.02446057200007, 37.544403749000026], [127.0263234680001, 37.544981896000024], [127.0277367000001, 37.545881235000024], [127.03030621200003, 37.546973292000075], [127.03281148500002, 37.54832230200003], [127.03316563500005, 37.54860562500005], [127.03377505200001, 37.549093165000045], [127.03441743000008, 37.55018522000006], [127.03518828300002, 37.55114879900003], [127.03660151400004, 37.55204813900008], [127.03889196600005, 37.55374320100003], [127.03929950200006, 37.55423225000004], [127.0393121300001, 37.55452269600005], [127.03936374000011, 37.555709738000076], [127.03929950200006, 37.556609078000065], [127.03884983700004, 37.55892166600006], [127.03860609800006, 37.56082285400004], [127.03847620500005, 37.561659949000045], [127.03784852400008, 37.565705053000045], [127.03776309000011, 37.56724288200007], [127.04159295800002, 37.571923887000025], [127.04314542700001, 37.57382137400003], [127.04708519000008, 37.57933517600003], [127.0470910790001, 37.579343417000075], [127.04752612100003, 37.579952270000035], [127.04906364400006, 37.581726358000026], [127.04955283600009, 37.58241123300007], [127.05099077800003, 37.58442437800005], [127.05131087100006, 37.584839319000025], [127.05211301400004, 37.585879146000025], [127.05399553600012, 37.58740553400003], [127.05691784100009, 37.58944083200004], [127.05837812400011, 37.59007737200005], [127.05940592900004, 37.59065552000004], [127.0596558950001, 37.59097690900006], [127.05986750800002, 37.59124898700003], [127.06216504600002, 37.59435502500003], [127.06440858700012, 37.59738806400003], [127.06555237300006, 37.59890083200003], [127.06633014600004, 37.60003298200007], [127.06786730300007, 37.603448929000024], [127.06794955400005, 37.60363171100005], [127.06796535900003, 37.60458007300008], [127.06765926800006, 37.609258659000034], [127.0673701070001, 37.610704482000074], [127.06262436000009, 37.622177564000026], [127.06029256500005, 37.626949667000076], [127.06043758100009, 37.62748294700003], [127.06030525400001, 37.62778541200004], [127.05959863800001, 37.63016223900007], [127.0595323980001, 37.630780498000036], [127.05940592500008, 37.63196091800006], [127.05959863800001, 37.633631122000054], [127.05972711400011, 37.63523708500003], [127.0591489740001, 37.636457618000065], [127.05799269300007, 37.637935105000054], [127.05683641300004, 37.638962923000065], [127.05510199200012, 37.64050464700006], [127.05381723700009, 37.641660941000055], [127.05201857800012, 37.64397352900005], [127.05111924900007, 37.64622187900005], [127.04996296900003, 37.64834175300007], [127.04893516400011, 37.65052586400003], [127.04772528600006, 37.652491938000026], [127.047393456, 37.65303116700005], [127.04623717600009, 37.655407995000076], [127.04508089600006, 37.657784821000064], [127.04479415100002, 37.659361938000075], [127.04444277700009, 37.66496712000003], [127.04431004300011, 37.668769617000066], [127.0442945640001, 37.66887281000004], [127.04420659400012, 37.671571931000074], [127.0454521370001, 37.67677050300006], [127.0464773440001, 37.68386160400007], [127.04621183200004, 37.686873287000026], [127.04623717400011, 37.687270323000064], [127.04610869900011, 37.68887628700003], [127.045992597, 37.68936004900007], [127.04572327300002, 37.69048225000006], [127.04553055800011, 37.69369418000008], [127.04553055800011, 37.696006768000075], [127.0456321580001, 37.69679417400005], [127.0464100050001, 37.701115651000066], [127.04668683800003, 37.702430624000044], [127.047072264, 37.70487169000006], [127.0473292150001, 37.707055800000035], [127.04739345300004, 37.70795514100007], [127.04694378800002, 37.710267729000066], [127.04610869600003, 37.71322270200005], [127.04598022300002, 37.71508562200006], [127.046237173, 37.71804059600004], [127.04632820400002, 37.718738519000055], [127.04750254800001, 37.72521212400005], [127.04750254700002, 37.729227567000066], [127.04663033000008, 37.73324094700007], [127.04638263400011, 37.73538767200006], [127.04633399300008, 37.735809234000044], [127.04630140900008, 37.73609163200007], [127.0462302090001, 37.736720571000035]]]}}, {"type": "Feature", "properties": {"fid": 58, "OBJECTID": 63, "beginyear": 1912, "endyear": 2013, "RAIL_ID": "\uc758\uc815\ubd80-\ucca0\uc6d0", "comment": "-", "interval_i": "\uc758\uc815\ubd80-\ub355\uc815", "rail_nm_kr": "\uacbd\uc6d0\ubcf8\uc120", "rail_nm_ch": "\uacbd\uc6d0\ubcf8\uc120", "rail_nm__1": 0, "rail_type": "\uad11\uada4", "rail_type_": 0, "org_type": "\uad6d\ucca0", "org_type_c": 0, "org_nm_kr": "-", "Shape_Leng": 0.63578297796, "filter": "\uad6c\uc5ed5:\uacbd\uc6d0\uc120 \ubc0f \uad00\ub828 \uc9c0\uc120", "check_db": "\uae40\uc885\ud601"}, "geometry": {"type": "MultiLineString", "coordinates": [[[127.0462302090001, 37.736720571000035], [127.04591598200011, 37.73949627600007], [127.04552472600005, 37.74194165200004], [127.04536669900006, 37.745801948000064], [127.04391432200009, 37.749561087000075], [127.04323058600005, 37.75083740900004], [127.04238290400008, 37.75375723600007], [127.04225442900008, 37.755812871000046], [127.04221497300011, 37.75802236100003], [127.04219019000004, 37.75941023000007], [127.04231866600003, 37.761016194000035], [127.04302528100004, 37.76313606700006], [127.04360342000007, 37.76454931500007], [127.04418156100007, 37.76641223200005], [127.04437427300002, 37.768210913000075], [127.04450274900012, 37.769752639000046], [127.0446789660001, 37.770880444000056], [127.04482393700005, 37.77180827300003], [127.04508088900002, 37.77444205300003], [127.04520936400002, 37.77688311800006], [127.04533783900001, 37.778681799000026], [127.04565902900003, 37.779645377000065], [127.04758616100003, 37.781765249000046], [127.04780565400006, 37.78197011200007], [127.049513294, 37.783563929000024], [127.05073381200009, 37.78478446300005], [127.0514404270001, 37.786968573000024], [127.05169737800009, 37.78973083100004], [127.05079805000003, 37.79249308900006], [127.04964176900012, 37.79525534800007], [127.04944905600007, 37.796925550000026], [127.05021990900002, 37.80045867100006], [127.05079804900004, 37.80245006700005], [127.05110380100007, 37.80296603100004], [127.05191340500005, 37.80482370400006], [127.05196983000008, 37.80540652500008], [127.05203053900004, 37.80603359200006], [127.05084905600006, 37.808312294000075], [127.05058284000006, 37.81060341600005], [127.05305574500005, 37.81346643400008], [127.05543689500007, 37.81676741700005], [127.05681086800007, 37.820127882000065], [127.05722482200008, 37.82114033200003], [127.05805691400008, 37.82249249800003], [127.05869929200003, 37.82345607600007], [127.0601767600001, 37.82564018800008], [127.06071446900012, 37.82613654100004], [127.06399128200007, 37.82850298500006], [127.06470838200005, 37.83000292600008], [127.06538001900003, 37.83103622700003], [127.06538001900003, 37.83140777400007], [127.06538001900003, 37.83244947500003], [127.06480187900002, 37.83360576900003], [127.06454755100003, 37.83392065600003], [127.062876447, 37.83627514700004], [127.06231736900008, 37.837490692000074], [127.06134283100005, 37.83960952900003], [127.06090032400004, 37.84381339200007], [127.06065935900006, 37.84610258500004], [127.06023218900009, 37.851912162000076], [127.06065935700008, 37.86037022200003], [127.06104214700008, 37.865852940000025], [127.06075489600005, 37.86829459200004], [127.0600133480001, 37.87095547700005], [127.05920698000011, 37.87224568100004], [127.05839802800006, 37.874349436000045], [127.058337262, 37.87450746500008], [127.05799267300006, 37.87510387800006], [127.05700355200008, 37.87627618400006], [127.05490500400003, 37.87936490000004], [127.05456125, 37.882076031000054], [127.05570617500007, 37.89572558000003], [127.05574434800008, 37.89617412500007], [127.05606553700011, 37.89912909900005], [127.05612977400006, 37.90246950400007], [127.05670791400007, 37.90780130400003], [127.05677215100002, 37.912940390000074], [127.05651520000004, 37.917180134000034], [127.05600129800007, 37.920905971000025], [127.05510196800003, 37.92334703600005], [127.05535891900001, 37.92533843100006], [127.0549092550001, 37.92752254200008], [127.05472113700012, 37.92816215100004], [127.05426687700003, 37.92970665300004], [127.05362450000007, 37.93259738800003], [127.05368873700002, 37.93407487400003], [127.05368873700002, 37.93516693000004], [127.05400992600005, 37.93651593900006], [127.05484501600006, 37.93818614200006], [127.05465230400011, 37.938250380000056], [127.05487140200012, 37.93877285100007], [127.05548739400001, 37.94024177500006], [127.05690062400004, 37.94184774000007], [127.05866586500008, 37.94412022800003], [127.05909699600011, 37.94459040000004], [127.05979132300001, 37.94499542900007], [127.06030522500009, 37.94544509900004], [127.06056217600008, 37.94679410900005], [127.06069065100007, 37.947821926000074], [127.06094760100007, 37.94865702800007], [127.06114031600009, 37.950262992000035], [127.06126879100009, 37.951547762000075], [127.06152574200007, 37.95347491900003], [127.06178269300005, 37.955209360000026], [127.06191116700006, 37.95662260900008], [127.06210388000011, 37.95822857200005], [127.06248930700008, 37.959577581000076], [127.06300321000003, 37.96118354600003], [127.06396677500004, 37.962082886000076], [127.064464068, 37.96340901900004], [127.0646530890001, 37.96374631100008], [127.06608662100007, 37.96535905300004], [127.06711442400001, 37.96754316400006], [127.06717866200006, 37.96947032000003], [127.06602238300002, 37.97236105400003], [127.0648661030001, 37.974609404000034], [127.06460915200012, 37.975316029000055], [127.0648661030001, 37.97627960700004], [127.06525152800009, 37.97788557100006], [127.06660052200004, 37.97897762600007], [127.0674998510001, 37.97974848900003], [127.068784606, 37.98090478200004], [127.07039054900008, 37.982125316000065], [127.07154682800001, 37.983602802000064], [127.07218920500009, 37.98475909600006], [127.07238191800002, 37.98687896900003], [127.07173954000007, 37.98899884200006], [127.0712256380001, 37.99118295200003], [127.07116139900006, 37.99388097100007], [127.07161106300009, 37.99645051400006], [127.07167530100003, 37.99824919300005], [127.07103292400006, 37.99940548700005], [127.06929850400002, 38.00069025800008], [127.06775679900011, 38.001846552000075], [127.06690674900005, 38.00259035500005], [127.06553125700009, 38.00386328400003], [127.06469614100001, 38.00630442500005], [127.06488886000011, 38.008809807000034], [127.065145819, 38.01041581900006], [127.06643061300008, 38.01099398500003], [127.06919292200007, 38.011636391000025], [127.0708631550001, 38.01189335300006], [127.07240490900006, 38.01259999900003], [127.07349698300004, 38.013627847000066], [127.07407514200008, 38.01484841800004], [127.074139381, 38.01709683800004], [127.0740751410001, 38.01908829400003], [127.07368970200002, 38.02069430800003], [127.07169827000007, 38.02358513100006], [127.07094634700002, 38.024750625000024], [127.070413475, 38.025576588000035], [127.06932140000004, 38.02808197000007], [127.06790812400004, 38.03277152900006], [127.06668756900001, 38.03778229000005], [127.06584093300012, 38.04092697600004], [127.06488885600004, 38.04394938300004], [127.06488885600004, 38.04645476400003], [127.06553125200003, 38.05043767700005], [127.06688028600001, 38.05711869400005], [127.06810084100005, 38.06335002600008], [127.06900019700004, 38.06739718100005], [127.07041347000006, 38.07035224600003], [127.0716340250001, 38.07247218300006], [127.07285458000001, 38.07465636200004], [127.0734969770001, 38.07619813400004], [127.07362545600006, 38.07729022400008], [127.07304729900011, 38.079217440000036], [127.07214794200002, 38.08326459400007], [127.07156978400008, 38.08673358200008], [127.07169826200004, 38.09045953300006], [127.07253337800012, 38.09469940900004], [127.07317577600008, 38.09842536100007], [127.07381817200007, 38.101765870000065], [127.074589048, 38.104720934000056], [127.0747817680001, 38.10639118800003], [127.07452480800009, 38.110695304000046], [127.07465328800004, 38.11294372300006], [127.07452480800009, 38.11525638300003], [127.07458904700002, 38.117119358000025], [127.07497448600009, 38.11840416900003], [127.0754241630001, 38.12007442300006], [127.0754241630001, 38.12328645000008], [127.0754241620001, 38.125663349000035], [127.07548840200002, 38.128104490000055], [127.07625927900006, 38.13028866800005], [127.077993751, 38.13240860600007], [127.0797924630001, 38.13472126500005], [127.0834541270001, 38.13786905300003], [127.08570251600008, 38.139539306000074], [127.08891450200008, 38.14185196600005], [127.09135561100004, 38.14345798000005], [127.09347552200006, 38.145063994000054], [127.09443911800008, 38.14628456400004], [127.09495303500012, 38.148211780000054], [127.0951457540001, 38.14949659100006], [127.09424639800011, 38.15097412400007], [127.09347552100007, 38.15180925000004], [127.09238344500011, 38.153607985000065], [127.09174104800002, 38.156563049000056], [127.09129136900003, 38.15842602500004], [127.09174104700003, 38.16061020300003], [127.093282799, 38.161959255000056], [127.09630206700001, 38.16414343300005], [127.09977101100003, 38.16671305500006], [127.10195516200008, 38.16819058800007], [127.10317571600001, 38.16973236100006], [127.10362539400012, 38.17178805800006], [127.10484594700006, 38.17525704700006], [127.10593802300002, 38.17840483400005], [127.10773673300002, 38.18341559500004], [127.1082111930001, 38.18491016100006], [127.10902152800008, 38.187462750000066], [127.10966392500006, 38.18868332000005], [127.11088447800012, 38.190867499000035], [127.1126831900001, 38.19253775200008], [127.11461038100003, 38.193758323000054], [127.11653757300007, 38.19491465300007], [127.11788660600007, 38.196584906000055], [127.11962107800002, 38.199283009000055], [127.12167674900002, 38.20082478300003], [127.12418209800012, 38.201274467000076], [127.12681592700005, 38.20108174500007], [127.12925703500002, 38.20114598600003], [127.1307987880001, 38.201724151000064], [127.13311141800011, 38.20403681100004], [127.13394653300008, 38.20667067200003], [127.1342034920001, 38.20911181300005], [127.13523132600005, 38.210396623000065], [127.1383148320001, 38.21206687800003], [127.14126985900009, 38.21399409500003], [127.14300433200003, 38.215343147000056], [127.14525272000003, 38.21617827400007], [127.14730839200001, 38.21727036300007], [127.14827198700004, 38.218747895000035], [127.14904286300009, 38.22086783300006], [127.15032765600006, 38.22253808700003], [127.1510985320001, 38.22440106300007], [127.15225484700011, 38.226970685000026], [127.1536038800001, 38.22966878700004], [127.15488867400006, 38.23204568700004], [127.15636618600001, 38.23467954900008], [127.15765098000008, 38.23647828400004], [127.15977089000012, 38.23821277900004], [127.16298287600011, 38.23981879300004], [127.1656809430001, 38.241167845000064], [127.1672869360001, 38.24232417500008], [127.16805781100004, 38.243416264000075], [127.16825053000002, 38.24534348000003], [127.16780085200003, 38.24733493700006], [127.16812205000008, 38.248812470000075], [127.16857172700009, 38.25016152100005], [127.16735117300004, 38.25196025500003], [127.16664453500005, 38.25369474900003], [127.16600213800007, 38.255493485000045], [127.16683725300004, 38.25754918100006], [127.16825052600007, 38.25960487900005], [127.17017771700012, 38.261146652000036], [127.17229762700003, 38.26243146200005], [127.1751884140001, 38.263716274000046], [127.17840039900011, 38.26487260400006], [127.18096998800002, 38.26545077000003], [127.18272050400003, 38.26590252200003], [127.18565948600008, 38.26679982100006], [127.18790787500006, 38.26750646800008], [127.18925690800006, 38.26853431700005], [127.19469044100003, 38.27381413900008]]]}}, {"type": "Feature", "properties": {"fid": 60, "OBJECTID": 65, "beginyear": 1927, "endyear": 1950, "RAIL_ID": "<none>", "comment": "-", "interval_i": "\ud0c4\uac10\ub9ac-\ucc3d\ub3c4", "rail_nm_kr": "\uae08\uac15\uc0b0\uc120", "rail_nm_ch": "\uae08\uac15\uc0b0\uc120", "rail_nm__1": 0, "rail_type": "\uad11\uada4", "rail_type_": 0, "org_type": "\uc0ac\ucca0", "org_type_c": 0, "org_nm_kr": "\uae08\uac15\uc0b0\uc804\uae30\ucca0\ub3c4 \uc8fc\uc2dd\ud68c\uc0ac", "Shape_Leng": 0.06572819525, "filter": "\uad6c\uc5ed5:\uacbd\uc6d0\uc120 \ubc0f \uad00\ub828 \uc9c0\uc120", "check_db": "\uae40\uc885\ud601"}, "geometry": {"type": "MultiLineString", "coordinates": [[[127.65166023600011, 38.465059334000046], [127.65335180400007, 38.46518945400004], [127.65526604700005, 38.464440394000064], [127.65668092300007, 38.46435716600007], [127.65734674500004, 38.46527268500006], [127.65734674300006, 38.46652112100003], [127.65601509600003, 38.46668757900005], [127.65393439700006, 38.46652111900005], [127.65260275100002, 38.46660434800003], [127.65143755800011, 38.46710372100006], [127.65102141700004, 38.46868507200003], [127.65177046500003, 38.47218069200005], [127.65385116000004, 38.47509371000007], [127.65776286700009, 38.481086203000075], [127.65809577300001, 38.48632963100005], [127.65817899500007, 38.49124014500006], [127.65767962500001, 38.494236390000026], [127.65742994000004, 38.49548482500006], [127.65780653100012, 38.50094569300006], [127.65816625500008, 38.50227364400007], [127.65829223900005, 38.502787770000054], [127.65871199000003, 38.50358626800005], [127.65949571600004, 38.50438272300005], [127.66057115700005, 38.50523473900006], [127.66174351000006, 38.506067131000066], [127.66344990300001, 38.50691556900006], [127.66471955200007, 38.50776645000008], [127.66557252000007, 38.50816205000007], [127.66659465500004, 38.50848041300003], [127.66824824100001, 38.50885238500007], [127.6706148620001, 38.50907123800005]]]}}, {"type": "Feature", "properties": {"fid": 61, "OBJECTID": 66, "beginyear": 1930, "endyear": 1950, "RAIL_ID": "<none>", "comment": "-", "interval_i": "\ud654\uacc4-\uae08\uac15\uad6c", "rail_nm_kr": "\uae08\uac15\uc0b0\uc120", "rail_nm_ch": "\uae08\uac15\uc0b0\uc120", "rail_nm__1": 0, "rail_type": "\uad11\uada4", "rail_type_": 0, "org_type": "\uc0ac\ucca0", "org_type_c": 0, "org_nm_kr": "\uae08\uac15\uc0b0\uc804\uae30\ucca0\ub3c4 \uc8fc\uc2dd\ud68c\uc0ac", "Shape_Leng": 0.13859959791, "filter": "\uad6c\uc5ed5:\uacbd\uc6d0\uc120 \ubc0f \uad00\ub828 \uc9c0\uc120", "check_db": "\uae40\uc885\ud601"}, "geometry": {"type": "MultiLineString", "coordinates": [[[127.88908480400005, 38.56189537700004], [127.88995419700007, 38.563027857000066], [127.89023484000006, 38.56511360400003], [127.89061211300009, 38.56616898200008], [127.89135014100009, 38.56693561000003], [127.89219252700002, 38.56730102700004], [127.89321705600003, 38.56766505200005], [127.89419986900009, 38.56760036900005], [127.89561696700002, 38.56730356000003], [127.89656582600003, 38.56743932400008], [127.89799355600007, 38.568000435000044], [127.89971734400001, 38.568931074000034], [127.90147831700006, 38.56991860200003], [127.90264996600001, 38.57077716500004], [127.90411602400002, 38.57148091100004], [127.905396386, 38.571900060000075], [127.90697213600004, 38.57263152500008], [127.90843899100003, 38.57339241100004], [127.90961443700007, 38.574155536000035], [127.910678458, 38.57474790800006], [127.91192573, 38.57542465100005], [127.91342731800012, 38.576042200000074], [127.9143784900001, 38.576349407000066], [127.91561749900006, 38.57636835200003], [127.9172200920001, 38.57632724300004], [127.91846128000009, 38.576517746000036], [127.91945072800002, 38.57696761700004], [127.92033125800003, 38.57744693400008], [127.92117099900008, 38.57758335200003], [127.92226321100009, 38.57751757600005], [127.92346617400005, 38.577565322000055], [127.92466658100011, 38.577412870000046], [127.9259052430001, 38.577403108000055], [127.9271840020001, 38.577679026000055], [127.92795236100005, 38.577930363000064], [127.92868502800002, 38.578239180000025], [127.92934520600011, 38.57857716700005], [127.92985892700005, 38.578859108000074], [127.93018865300007, 38.578999500000066], [127.93025673600005, 38.578627150000045], [127.92930326400005, 38.57814848600003], [127.92878918300005, 38.577837944000066], [127.92813048200003, 38.577614346000075], [127.92772790400011, 38.577474523000035], [127.92717813600007, 38.577221457000064], [127.92750308400002, 38.576990083000055], [127.92856251900002, 38.577210517000026], [127.92962600400006, 38.57774551800003], [127.93072703900009, 38.57836601400004], [127.93178908100003, 38.57878660400007], [127.93259869400003, 38.57940939500003], [127.9331150160001, 38.57989150800006], [127.9349462460001, 38.580620561000046], [127.93615593000004, 38.58118293800004], [127.93729572900008, 38.58197466900003], [127.9388392950001, 38.582991966000066], [127.93990851400008, 38.583955840000044], [127.94122982800002, 38.58468887600003], [127.94237011200005, 38.58550915200004], [127.94453248500008, 38.58646420200006], [127.946187054, 38.58759491100005], [127.94743974500011, 38.588643037000054], [127.94865116000005, 38.589319673000034], [127.95011728300005, 38.589965635000055], [127.95158230400011, 38.59052578300003], [127.95421977400008, 38.59156260200007], [127.95612627700007, 38.59243371300005], [127.95744791000004, 38.59316656100003], [127.95785101000001, 38.59333487600003], [127.9594194020001, 38.593436471000075], [127.96022409900002, 38.59365869700008], [127.96066706700003, 38.59408408400003], [127.96129148000011, 38.594450782000024], [127.96187755400001, 38.59467478600004], [127.96279235300005, 38.59495329400005], [127.9634148770001, 38.59517699200006], [127.96440981600006, 38.59599824400004], [127.96486389400002, 38.59725294400005], [127.96520369900009, 38.59813677300008], [127.96565092800006, 38.59887671400003], [127.96602604600002, 38.59967444700004], [127.9662864930001, 38.60007271400008], [127.96665321100011, 38.60024129800007], [127.96697698300011, 38.599924024000074], [127.96660338200002, 38.59924068300006], [127.96615384800009, 38.59832916200003], [127.96588653000003, 38.59741613700004], [127.96577071200011, 38.59693087800008], [127.96583939000004, 38.596615704000044], [127.96635299800005, 38.59686888400006], [127.96654743700003, 38.597782506000044], [127.96717229300009, 38.59817777000006], [127.9683430120001, 38.59851132500006], [127.96889653300002, 38.59902157100004], [127.96937602900005, 38.59944662200007], [127.96960772400007, 38.600417133000064], [127.9697987620001, 38.60107337100004], [127.97100905600007, 38.60163537900007], [127.9714548290001, 38.60226090500004], [127.9717567570001, 38.60303062500003], [127.97230995300004, 38.603512255000055], [127.97278718900009, 38.603765707000036], [127.97330241500003, 38.604133244000025], [127.97385871200004, 38.60484364600006], [127.97412346200008, 38.60555646800003], [127.97453554000003, 38.60638246600007], [127.97582387300008, 38.60731558400005], [127.976676042, 38.60833811900005], [127.9775224330001, 38.60893168600006], [127.97829129700006, 38.609182686000054], [127.9792416250001, 38.60937496400004], [127.98011440900007, 38.609224675000064], [127.98120664600003, 38.609129746000065], [127.9820530820001, 38.609723280000026], [127.9835417170001, 38.611970264000036], [127.98417652900002, 38.61308036600008], [127.98462638600006, 38.61399181300004], [127.98500647500009, 38.61513264800004], [127.98560879000001, 38.616529021000076], [127.98602496900003, 38.61764094800003], [127.98582617000011, 38.61910125000003], [127.98551332300008, 38.62021930100008], [127.98541489200011, 38.621020944000065], [127.98561943600009, 38.62140533500008], [127.9860095900001, 38.62172450200006]]]}}, {"type": "Feature", "properties": {"fid": 62, "OBJECTID": 68, "beginyear": 1927, "endyear": 1989, "RAIL_ID": "<none>", "comment": "-", "interval_i": "\ub9e4\uc0b0-\uc8fc\ucc9c", "rail_nm_kr": "\uacbd\uae30\uc120", "rail_nm_ch": "\uc548\uc131\uc120", "rail_nm__1": 1955, "rail_type": "\uad11\uada4", "rail_type_": 0, "org_type": "\uc0ac\ucca0", "org_type_c": 1946, "org_nm_kr": "\uc870\uc120\uacbd\ub0a8\ucca0\ub3c4\uc8fc\uc2dd\ud68c\uc0ac", "Shape_Leng": 0.0522129737, "filter": "\uad6c\uc5ed3:\uacbd\ubd80\uc120\uc758 \ub3d9\ubd81\ubd80 \uc9c0\uc5ed \ucca0\ub3c4", "check_db": "\uae40\uc885\ud601"}, "geometry": {"type": "MultiLineString", "coordinates": [[[127.44100722600001, 37.09770314300005], [127.44255547600005, 37.09942835700008], [127.44897970700003, 37.10568211300006], [127.45114006900008, 37.10659175100005], [127.4531867280001, 37.10687601400008], [127.45455116800008, 37.10676231000008], [127.45591560700007, 37.10687601400008], [127.45955411200009, 37.108183619000044], [127.47280054700002, 37.10443137300007], [127.47484720700004, 37.10471563600004], [127.48593327800006, 37.10505675500008], [127.48886040600007, 37.10445113600008]]]}}, {"type": "Feature", "properties": {"fid": 64, "OBJECTID": 72, "beginyear": 1919, "endyear": 2013, "RAIL_ID": "<none>", "comment": "-", "interval_i": "\ub3d9\ubc29-\uacbd\uc8fc", "rail_nm_kr": "\uacbd\ub3d9\uc120", "rail_nm_ch": "\ub3d9\ud574\ub0a8\ubd80\uc120", "rail_nm__1": 0, "rail_type": "\ud611\uada4", "rail_type_": 1939, "org_type": "\uc0ac\ucca0", "org_type_c": 1928, "org_nm_kr": "\uc870\uc120\ucca0\ub3c4\uc8fc\uc2dd\ud68c\uc0ac", "Shape_Leng": 0.07494726679, "filter": "\uad6c\uc5ed3:\uacbd\ubd80\uc120\uc758 \ub3d9\ubd81\ubd80 \uc9c0\uc5ed \ucca0\ub3c4", "check_db": "\uae40\uc885\ud601"}, "geometry": {"type": "MultiLineString", "coordinates": [[[129.267079093, 35.79972011600006], [129.26485216600008, 35.80268936300007], [129.26151178100008, 35.80630813200003], [129.25900648700008, 35.81039084900004], [129.25687235100008, 35.81308172900003], [129.25214014300002, 35.816422129000046], [129.24963485600006, 35.81855627300007], [129.24690619400008, 35.81913885600005], [129.2469061690001, 35.819138861000056], [129.2438080600001, 35.81987262400003], [129.241766718, 35.82107887800004], [129.24056046600003, 35.82274908000005], [129.23926142400012, 35.82525438400006], [129.23749844100007, 35.82766689700003], [129.23545709300004, 35.83007941100004], [129.23276623100003, 35.83202797700005], [129.2310032480001, 35.83425491300005], [129.22868353800004, 35.83592511200004], [129.2255287380001, 35.836760208000044], [129.22051817400006, 35.83759530000003], [129.21912634700004, 35.838615978000064], [129.2186623990001, 35.841121283000064], [129.21838401900004, 35.846039107000024], [129.2184767980001, 35.849101148000045]]]}}, {"type": "Feature", "properties": {"fid": 65, "OBJECTID": 73, "beginyear": 1919, "endyear": 2013, "RAIL_ID": "<none>", "comment": "-", "interval_i": "\ubd80\uc870-\ud6a8\uc790", "rail_nm_kr": "\uacbd\ub3d9\uc120", "rail_nm_ch": "\ub3d9\ud574\ub0a8\ubd80\uc120", "rail_nm__1": 0, "rail_type": "\ud611\uada4", "rail_type_": 1939, "org_type": "\uc0ac\ucca0", "org_type_c": 1928, "org_nm_kr": "\uc870\uc120\ucca0\ub3c4\uc8fc\uc2dd\ud68c\uc0ac", "Shape_Leng": 0.07111784243, "filter": "\uad6c\uc5ed3:\uacbd\ubd80\uc120\uc758 \ub3d9\ubd81\ubd80 \uc9c0\uc5ed \ucca0\ub3c4", "check_db": "\uae40\uc885\ud601"}, "geometry": {"type": "MultiLineString", "coordinates": [[[129.2746472770001, 35.991754137000044], [129.2757266430001, 35.993481151000026], [129.27805579200003, 35.99744940000005], [129.27990208800009, 36.00044034500007], [129.28296409000006, 36.00238892300007], [129.28528379300008, 36.002760084000045], [129.28769628600003, 36.00248172200003], [129.2900159940001, 36.000904311000056], [129.29177897800002, 35.99821343100007], [129.2935419590001, 35.99626486300008], [129.29614002900007, 35.995893712000054], [129.30170731500004, 35.99691440300006], [129.30616114100008, 35.998491829000045], [129.31154284600007, 36.00108993600003], [129.31673897500002, 36.00331688600005], [129.3213783770001, 36.004894311000044], [129.3263889330001, 36.006378948000076], [129.33306967400006, 36.00851311300005], [129.33510334800008, 36.00914582300004]]]}}, {"type": "Feature", "properties": {"fid": 67, "OBJECTID": 80, "beginyear": 1928, "endyear": 2013, "RAIL_ID": "<none>", "comment": "-", "interval_i": "\ub300\uc18c\uc6d0-\ub2ec\ucc9c", "rail_nm_kr": "\ucda9\ubd81\uc120", "rail_nm_ch": "\ucda9\ubd81\uc120", "rail_nm__1": 0, "rail_type": "\uad11\uada4", "rail_type_": 0, "org_type": "\uc0ac\ucca0", "org_type_c": 1946, "org_nm_kr": "\uc870\uc120\ucca0\ub3c4\uc8fc\uc2dd\ud68c\uc0ac", "Shape_Leng": 0.08548449318, "filter": "\uad6c\uc5ed3:\uacbd\ubd80\uc120\uc758 \ub3d9\ubd81\ubd80 \uc9c0\uc5ed \ucca0\ub3c4", "check_db": "\uae40\uc885\ud601"}, "geometry": {"type": "MultiLineString", "coordinates": [[[127.79949637700008, 36.972671684000034], [127.80361018200006, 36.973357330000056], [127.81056928300006, 36.973635702000024], [127.81363128800001, 36.97289339300005], [127.81660050500011, 36.97242944900006], [127.8205903920001, 36.969924148000075], [127.82448749100001, 36.968439525000065], [127.82949804400005, 36.96806837300005], [127.83116822900001, 36.967790007000076], [127.83302399000002, 36.96741885200004], [127.83487975000003, 36.96649096300007], [127.84007588000009, 36.96528471000005], [127.84248836900008, 36.965006344000074], [127.84666383000001, 36.96482076900003], [127.85093208, 36.964356828000064], [127.85520032800002, 36.96426404300007], [127.85993251700006, 36.96426404600004], [127.86689161900006, 36.962779427000044], [127.87208774900012, 36.96203712000005], [127.8766343640001, 36.96110923200007], [127.87997473200005, 36.96064528900007], [127.8828927290001, 36.95989707800004]]]}}, {"type": "Feature", "properties": {"fid": 68, "OBJECTID": 83, "beginyear": 1927, "endyear": 1989, "RAIL_ID": "<none>", "comment": "-", "interval_i": "\uc8fc\ucc9c-\uc7a5\ud638\uc6d0", "rail_nm_kr": "\uacbd\uae30\uc120", "rail_nm_ch": "\uc548\uc131\uc120", "rail_nm__1": 1955, "rail_type": "\uad11\uada4", "rail_type_": 0, "org_type": "\uc0ac\ucca0", "org_type_c": 1946, "org_nm_kr": "\uc870\uc120\uacbd\ub0a8\ucca0\ub3c4\uc8fc\uc2dd\ud68c\uc0ac", "Shape_Leng": 0.14870972037, "filter": "\uad6c\uc5ed3:\uacbd\ubd80\uc120\uc758 \ub3d9\ubd81\ubd80 \uc9c0\uc5ed \ucca0\ub3c4", "check_db": "\uae40\uc885\ud601"}, "geometry": {"type": "MultiLineString", "coordinates": [[[127.48886040600007, 37.10445113600008], [127.49088375100007, 37.10402572700008], [127.49170432300002, 37.10387930400003], [127.49274066600003, 37.103960853000046], [127.49370446900002, 37.10387104200004], [127.49502414300002, 37.10357948500007], [127.4967718480001, 37.103200307000066], [127.49891073700007, 37.10256198900004], [127.5003008650001, 37.10212703600007], [127.50194004800005, 37.10154797600006], [127.50333032800006, 37.10114159600005], [127.50504203000003, 37.10073383900004], [127.50621893300001, 37.100471371000026], [127.50668228400002, 37.100326360000054], [127.50735973300004, 37.100151829000026], [127.50914720000003, 37.100401688000034], [127.51211481300004, 37.10087532800003], [127.51379535500007, 37.10115418500004], [127.5167991290001, 37.10168476900003], [127.5189451760001, 37.10213318600006], [127.52080552100006, 37.102582813000026], [127.5220226020001, 37.10297801200005], [127.52352523200011, 37.103343335000034], [127.52513581100004, 37.10382259900007], [127.52738951300012, 37.10432760600003], [127.52907117500001, 37.10474928300005], [127.53014506700003, 37.105087817000026], [127.53114673900006, 37.10531222700007], [127.53243674600003, 37.105907253000055], [127.53322552600002, 37.10633285700004], [127.53347615000007, 37.10641756100006], [127.5344750490001, 37.10624143500007], [127.5354017090001, 37.10595119200008], [127.536256524, 37.10560404700004], [127.53693455400003, 37.10551516900006], [127.53804239600004, 37.105596], [127.5388281810001, 37.105592451000064], [127.54036261400006, 37.105385246000026], [127.54250545100001, 37.10534690500003], [127.54425559900005, 37.10533892600006], [127.5452199660001, 37.10533451900005], [127.54596941500006, 37.105245264000075], [127.54768117900005, 37.10486550000007], [127.54953620300012, 37.104542269000035], [127.55067996700006, 37.10465142400005], [127.55175044300006, 37.10450343100007], [127.55282298300006, 37.104641505000075], [127.55396696000003, 37.10477923700006], [127.55529077300002, 37.10508777000007], [127.55600532200003, 37.10511304800008], [127.55778867400011, 37.10476141300006], [127.55928731900008, 37.104554130000054], [127.55985878800004, 37.10455144800005], [127.56032604200004, 37.104949771000065], [127.56090129200004, 37.10546201900007], [127.56151415700003, 37.10623156400004], [127.56194508200008, 37.10654422700003], [127.56305422800006, 37.106796469000074], [127.5635194030001, 37.106908704000034], [127.56455987000004, 37.10753316900008], [127.56513262900012, 37.107702105000044], [127.5672423420001, 37.108006776000025], [127.56906525800002, 37.108169737000026], [127.57088796800008, 37.10830406100007], [127.57299686100009, 37.10849419900006], [127.57381967600008, 37.108661891000054], [127.574862617, 37.10960094600006], [127.57572871000002, 37.110769713000025], [127.5769186870001, 37.11225159900005], [127.57735100400009, 37.112735849000046], [127.57892812600005, 37.11344341000006], [127.58061265800006, 37.11417903300003], [127.58204738900008, 37.11494446200004], [127.58290514300006, 37.11499748600005], [127.5837624620001, 37.11499328900004], [127.58504340000002, 37.11432901200004], [127.5857185960001, 37.11386795900006], [127.58660876800002, 37.11349167000003], [127.58950105200006, 37.11333435200004], [127.59214483200003, 37.113378460000035], [127.59378932000004, 37.11354192600004], [127.5957247120001, 37.11436191000007], [127.5969751770001, 37.114384259000076], [127.59893984400003, 37.11437439800005], [127.60147852400007, 37.11467630100003], [127.60444610800005, 37.11500458200004], [127.60548316500001, 37.115142357000025], [127.608377517, 37.11524204600005], [127.6121285050001, 37.115251439000076], [127.61705830100004, 37.11525461300005], [127.62041635100002, 37.11526577700005], [127.62506599200003, 37.11595667900008], [127.62792796600002, 37.116456576000076], [127.63039797400006, 37.11707291400006], [127.63154226800009, 37.11720989200006]]]}}, {"type": "Feature", "properties": {"fid": 70, "OBJECTID": 92, "beginyear": 1929, "endyear": 2013, "RAIL_ID": "<none>", "comment": "\uacbd\uc758\uc120 \uc9c0\uc120", "interval_i": "\uc6a9\uc0b0-\uac00\uc88c", "rail_nm_kr": "\uc6a9\uc0b0\uc120", "rail_nm_ch": "\uacbd\uc758\uc120", "rail_nm__1": 0, "rail_type": "\uad11\uada4", "rail_type_": 0, "org_type": "\uc0ac\ucca0", "org_type_c": 0, "org_nm_kr": "\uacbd\uc131\uc804\uae30\uc8fc\uc2dd\ud68c\uc0ac", "Shape_Leng": 0.08501581147, "filter": "\uad6c\uc5ed4:\uacbd\uc758\uc120 \ubc0f \uad00\ub828 \uc9c0\uc120", "check_db": "\uae40\uc885\ud601"}, "geometry": {"type": "MultiLineString", "coordinates": [[[126.90328321900006, 37.57556429300007], [126.90484980000008, 37.574403165000035], [126.90857559200003, 37.57138395100003], [126.91300799800001, 37.569392556000025], [126.9163483640001, 37.56772235300008], [126.92020263100005, 37.56573095700003], [126.92135891100008, 37.56406075500007], [126.92187281300005, 37.56187664200007], [126.9229006170001, 37.55949981600003], [126.92412113600005, 37.55815080600007], [126.92649793300006, 37.556930272000045], [126.92932439700007, 37.55596669400006], [126.93150848100004, 37.55493887600005], [126.93491308400007, 37.55256205000006], [126.93674948300009, 37.55111517000006], [126.938189211, 37.549221644000056], [126.9398593950001, 37.54748720200007], [126.94230043000005, 37.54626666900003], [126.94564079500003, 37.54523885100008], [126.94853149700009, 37.54376136500008], [126.95193610000001, 37.54241235400008], [126.95476256200004, 37.54099910600007], [126.95713936000004, 37.53990705000007], [126.96067243900006, 37.538879232000056], [126.96452670700012, 37.53804413100005], [126.9670319810001, 37.537273268000035], [126.96799554800009, 37.53579578000006], [126.968316737, 37.53418981600004], [126.96767435900006, 37.53284080700007], [126.96737013500001, 37.53238446600005], [126.96690350600011, 37.53168451200003], [126.9654902740001, 37.53046397900005]]]}}, {"type": "Feature", "properties": {"fid": 73, "OBJECTID": 99, "beginyear": 1925, "endyear": 2013, "RAIL_ID": "<none>", "comment": "\uc0ac\ud574\uc120", "interval_i": "\ud558\uc131-\uc0ac\ub9ac\uc6d0", "rail_nm_kr": "\ud574\uc8fc\uc120", "rail_nm_ch": "\ud669\ud574\uccad\ub144\uc120", "rail_nm__1": 0, "rail_type": "\ud611\uada4", "rail_type_": 0, "org_type": "\uc0ac\ucca0", "org_type_c": 1946, "org_nm_kr": "\uc870\uc120\ucca0\ub3c4\uc8fc\uc2dd\ud68c\uc0ac", "Shape_Leng": 0.43949023797, "filter": "\uad6c\uc5ed4:\uacbd\uc758\uc120 \ubc0f \uad00\ub828 \uc9c0\uc120", "check_db": "\uae40\uc885\ud601"}, "geometry": {"type": "MultiLineString", "coordinates": [[[125.76110854, 38.23290074300007], [125.76174108900011, 38.232749667000064], [125.76667073700003, 38.231693293000035], [125.77019191700003, 38.23125313600008], [125.77415324000003, 38.23002070200005], [125.77837865400011, 38.229492513000025], [125.78295618800007, 38.23010872200007], [125.7870935740001, 38.230724931000054], [125.79131899200001, 38.23142917000007], [125.79510426000002, 38.232309472000054], [125.79906558800008, 38.23274961900006], [125.80056209300005, 38.23486235200005], [125.80029800500006, 38.23495038300007], [125.80214663100003, 38.238647667000066], [125.80302693100009, 38.241552676000026], [125.80469949400003, 38.24243297900006], [125.8075164380001, 38.24331328200003], [125.80936506100011, 38.24498586100003], [125.811037628, 38.24859511400007], [125.81394261600008, 38.256165742000064], [125.8159673030001, 38.26074333100007], [125.81684760400003, 38.26373637100005], [125.8212490840001, 38.26690546800006], [125.82697100500002, 38.27033865300007], [125.83330913700001, 38.27500426800003], [125.83797470500008, 38.278173364000054], [125.84334451200004, 38.282662919000074], [125.84580934100006, 38.28521580300003], [125.8486262890001, 38.28759262600005], [125.84889038100005, 38.28952929900004], [125.84889038600011, 38.29243430900004], [125.84862630300006, 38.29463507400004], [125.84818616100006, 38.29780417600006], [125.8469537520001, 38.299388728000054], [125.8441368120001, 38.30114934300008], [125.8419360790001, 38.30282192800007], [125.84061563900002, 38.30396632800006], [125.83981125200012, 38.30572138300005], [125.839119148, 38.309160134000024], [125.83850295000002, 38.31329757300006], [125.83691842600001, 38.31655470700008], [125.83621419600001, 38.319635779000066], [125.836038142, 38.32210063600007], [125.83603814500009, 38.32386124900006], [125.83806282600005, 38.32579792000007], [125.84043962500004, 38.32720640700006], [125.84343262900006, 38.32843883100003], [125.84572139700003, 38.32940716500008], [125.84748198800003, 38.33028747000003], [125.84871440200004, 38.33151989500004], [125.84959470100011, 38.33310444500006], [125.84977076300004, 38.33460096500005], [125.85021091600004, 38.337946127000066], [125.85038698200003, 38.34146735200005], [125.85188348800011, 38.34419629800004], [125.85320393300003, 38.34586887800003], [125.85566876200005, 38.34806964100005], [125.85839767800007, 38.349654188000045], [125.85980615200003, 38.350798584000074], [125.86007024300011, 38.352295103000074], [125.86033433500006, 38.35475996100007], [125.86010131900002, 38.35569204900003], [125.85998222500007, 38.35863330700005], [125.8598942000001, 38.360217857000066], [125.86103858700005, 38.362858774000074], [125.86191888700012, 38.365499691000025], [125.8619188890001, 38.36690818100004], [125.8608625390001, 38.36831667200005], [125.85866180500011, 38.369725164000045], [125.85646107100001, 38.37095759400006], [125.85496457400006, 38.37289426900003], [125.85434837300011, 38.37527109700005], [125.85364414300011, 38.37844020000006], [125.8531159690001, 38.380024750000075], [125.85082720700007, 38.38222551800004], [125.847658152, 38.38530659300005], [125.8454574220001, 38.387947514000075], [125.84334471600005, 38.38891585300007], [125.84140806800008, 38.38900388600007], [125.8385911260001, 38.38873979700003], [125.83498191600006, 38.38768343400005], [125.8327811800001, 38.38785949900006], [125.83102059400005, 38.389356021000026], [125.82961212600003, 38.39111663500006], [125.82802760000004, 38.393581493000056], [125.82617898300009, 38.394021648000034], [125.82239371600008, 38.39446180600004], [125.81772815800002, 38.39516605700004], [125.81411895000008, 38.395166061000054], [125.81059777100006, 38.39507803400005], [125.80558009100002, 38.39446182700004], [125.80232300000011, 38.39366955600008], [125.79985817300008, 38.39296531300005], [125.79730532100007, 38.393493500000034], [125.79563276500005, 38.39507805300008], [125.79422429800002, 38.397454881000044], [125.79246371600004, 38.400976107000076], [125.79052707500011, 38.40493748700004], [125.7890025480001, 38.40850799200007], [125.78680182000005, 38.41282149500006], [125.78592153200009, 38.41563847500004], [125.78521730000011, 38.417663179000044], [125.78750607100005, 38.419951971000046], [125.78970680900011, 38.421096367000075], [125.79340404700008, 38.42162454700008], [125.79718931600007, 38.422768939000036], [125.80035837800006, 38.42400136300006], [125.80282320700007, 38.42602606400004], [125.80458380200002, 38.42910713200007], [125.80458380700009, 38.43148395900005], [125.80238308200012, 38.43720595000008], [125.80018236100011, 38.44424840100004], [125.79771755000002, 38.45111479000008], [125.79694979600004, 38.453648429000054], [125.79604500100004, 38.45639662700006], [125.7918195960001, 38.46071013300008], [125.79164353800002, 38.46097422400004], [125.78741813400006, 38.46511166800008], [125.78556952000008, 38.46819274100005], [125.78407302800008, 38.47171396600004], [125.78539347700007, 38.475675342000045], [125.7868019550001, 38.47902050300007], [125.7863618130001, 38.48113323700005], [125.78565758700006, 38.485798859000056], [125.78565759500009, 38.48967220600008], [125.78548154200007, 38.49275327600003], [125.78557025500004, 38.49471820600007], [125.78253263800002, 38.49468369200008], [125.77630158200009, 38.49539032400003], [125.77296122700011, 38.49770291500005], [125.77137339800004, 38.49874568700005], [125.77135228400005, 38.498759551000035], [125.76865730600002, 38.50052941600006], [125.7652527140001, 38.50284200900006], [125.76322720500002, 38.50437150000005]]]}}, {"type": "Feature", "properties": {"fid": 74, "OBJECTID": 102, "beginyear": 1905, "endyear": 9999, "RAIL_ID": "\ud669\uc8fc-\uacb8\uc774\ud3ec", "comment": "-", "interval_i": "\ud669\uc8fc-\uacb8\uc774\ud3ec", "rail_nm_kr": "\uacb8\uc774\ud3ec\uc120", "rail_nm_ch": "\uc1a1\ub9bc\uc120", "rail_nm__1": 1946, "rail_type": "-", "rail_type_": 0, "org_type": "\uad6d\ucca0", "org_type_c": 0, "org_nm_kr": "-", "Shape_Leng": 0.14693678149, "filter": "\uad6c\uc5ed4:\uacbd\uc758\uc120 \ubc0f \uad00\ub828 \uc9c0\uc120", "check_db": "\uae40\uc885\ud601"}, "geometry": {"type": "MultiLineString", "coordinates": [[[125.62399673400012, 38.73732520600004], [125.62486895100005, 38.73706353600005], [125.62782011200011, 38.73579046300006], [125.62814506900008, 38.73565028300004], [125.6320635620001, 38.73372312200007], [125.63688138200007, 38.73121781100008], [125.64279124300003, 38.728905216000044], [125.64683821200003, 38.72723500800004], [125.65172027000006, 38.72530784500003], [125.65518910300011, 38.724151547000076], [125.65775860700012, 38.72318796500008], [125.66026387700003, 38.72312372300007], [125.6630903350001, 38.72344491200005], [125.66630222100002, 38.72421577000006], [125.66861477900011, 38.72472967400006], [125.67028495800002, 38.72492238700005], [125.67240480100008, 38.72479390900003], [125.67454392500008, 38.723449294000034], [125.67619481600002, 38.72145349800007], [125.67805770600012, 38.71997601000004], [125.68184772500001, 38.71798461000003], [125.68518807800001, 38.71567201800008], [125.68775758200002, 38.713937574000056], [125.68854410200004, 38.71370161400006], [125.69161183900007, 38.712781276000044], [125.69854950600006, 38.711817687000064], [125.70400970700007, 38.71085410300003], [125.70953414500002, 38.709826279000026], [125.7168572380001, 38.70860573700003], [125.72347371600006, 38.70744943400007], [125.72944781600006, 38.70590770000007], [125.73632124400001, 38.704301728000075], [125.74133178000011, 38.70301695100005], [125.74762706800004, 38.701346741000066], [125.75308726800006, 38.699805009000045], [125.75764814000001, 38.69852023200008], [125.75951103200009, 38.69819903700005], [125.76021764500001, 38.69742817400004], [125.76068459100009, 38.69663385900003], [125.76066730500008, 38.69562949500005]]]}}, {"type": "Feature", "properties": {"fid": 82, "OBJECTID": 116, "beginyear": 1916, "endyear": -9999, "RAIL_ID": "<none>", "comment": "-", "interval_i": "\ubb38\ucc9c-\uc6a9\ub2f4", "rail_nm_kr": "\ud568\uacbd\ubcf8\uc120", "rail_nm_ch": "\uac15\uc6d0\uc120", "rail_nm__1": 1945, "rail_type": "-", "rail_type_": 0, "org_type": "\uad6d\ucca0", "org_type_c": 0, "org_nm_kr": "-", "Shape_Leng": 0.09045768975, "filter": "\uad6c\uc5ed5:\uacbd\uc6d0\uc120 \ubc0f \uad00\ub828 \uc9c0\uc120", "check_db": "\uae40\uc885\ud601"}, "geometry": {"type": "MultiLineString", "coordinates": [[[127.30685005500004, 39.284212651000075], [127.30503144600004, 39.28607674800003], [127.29851727500011, 39.291270549000046], [127.29605245300002, 39.29232691400006], [127.29482004200008, 39.29373540300003], [127.29279536700005, 39.29611222800003], [127.28777769300007, 39.30165815000004], [127.28478469300012, 39.30931680800006], [127.28399242700004, 39.31257393900006], [127.28117548800003, 39.31503879400003], [127.28011913500006, 39.31662334400005], [127.27967898800011, 39.31908819900008], [127.2790627820001, 39.32014456500008], [127.2771261360001, 39.32216926700005], [127.27589372400007, 39.32577851900004], [127.2743956590001, 39.327359761000025], [127.2720922520001, 39.32845086300006], [127.270736123, 39.33052077000008], [127.26502611300009, 39.33458920800007], [127.25817409900003, 39.33987103900006], [127.25553321900009, 39.34079892800003], [127.25310646500009, 39.34244057800004], [127.2508224610001, 39.34522424600004], [127.24960908300011, 39.34572387900005], [127.24631429100009, 39.34584051000007]]]}}, {"type": "Feature", "properties": {"fid": 90, "OBJECTID": 124, "beginyear": 1929, "endyear": 2013, "RAIL_ID": "<none>", "comment": "-", "interval_i": "\uace0\ubb34\uc0b0-\uc11c\uc0c1", "rail_nm_kr": "\ud568\ubd81\uc120", "rail_nm_ch": "\ubb34\uc0b0\uc120", "rail_nm__1": 0, "rail_type": "\ud611\uada4", "rail_type_": 1940, "org_type": "\uc0ac\ucca0", "org_type_c": 1944, "org_nm_kr": "\uc870\uc120\ucca0\ub3c4\uc8fc\uc2dd\ud68c\uc0ac", "Shape_Leng": 0.04430621145, "filter": "\uad6c\uc5ed5:\uacbd\uc6d0\uc120 \ubc0f \uad00\ub828 \uc9c0\uc120", "check_db": "\uae40\uc885\ud601"}, "geometry": {"type": "MultiLineString", "coordinates": [[[129.69431496700008, 42.116822755000044], [129.69593919200008, 42.11957695600006], [129.69670779800003, 42.12111422000004], [129.697634031, 42.12296674300006], [129.6975929670001, 42.12635109200005], [129.69728090900003, 42.127627690000054], [129.69812831700006, 42.13129995400004], [129.6991875870001, 42.134266016000026], [129.69869323800003, 42.136878970000055], [129.69848136200005, 42.14005688800006], [129.69939939800008, 42.14245798500008], [129.70030761300006, 42.143998415000056], [129.70165918700002, 42.14641273600006], [129.70187803300007, 42.14899533800008], [129.70187100700002, 42.152697954000075], [129.70233598700008, 42.15459116400007], [129.70100938500002, 42.153205813000056], [129.69860379600004, 42.152302130000066]]]}}, {"type": "Feature", "properties": {"fid": 91, "OBJECTID": 136, "beginyear": 1916, "endyear": 9999, "RAIL_ID": "<none>", "comment": "-", "interval_i": "\ubd81\uc1a1\ub9ac-\uc6a9\ud765\ub9ac", "rail_nm_kr": "\uac1c\ucc9c\uc120", "rail_nm_ch": "\uac1c\ucc9c\uc120", "rail_nm__1": 0, "rail_type": "\uad11\uada4", "rail_type_": 1949, "org_type": "\uc0ac\ucca0", "org_type_c": 1933, "org_nm_kr": "\uac1c\ucc9c\ucca0\ub3c4\uc8fc\uc2dd\ud68c\uc0ac", "Shape_Leng": 0.0867551737, "filter": "\uad6c\uc5ed4:\uacbd\uc758\uc120 \ubc0f \uad00\ub828 \uc9c0\uc120", "check_db": "\uae40\uc885\ud601"}, "geometry": {"type": "MultiLineString", "coordinates": [[[125.75535073600008, 39.65562728100008], [125.757856005, 39.65697628700008], [125.76023279700007, 39.65819681500005], [125.76164602400002, 39.65877496000007], [125.764857903, 39.65864647800004], [125.76839096900005, 39.65871071300006], [125.77063928500002, 39.65871070900005], [125.77314455300007, 39.66012395200005], [125.77520015700009, 39.66102329000006], [125.7761637210001, 39.661344480000025], [125.77699881, 39.661344479000036], [125.77802660900011, 39.66057361500003], [125.77963254700012, 39.66018818300006], [125.78066034800008, 39.66018818100008], [125.78200933800008, 39.659995464000076], [125.78342256300004, 39.66005970000003], [125.7845788410001, 39.66089479900006], [125.78547817000003, 39.661858376000055], [125.78663444900008, 39.66282195100007], [125.78663445100005, 39.66391400700007], [125.7861847900001, 39.66462063100005], [125.78554241600011, 39.66539149300007], [125.785156991, 39.66596964100006], [125.78457885500006, 39.66674050300003], [125.78470733100005, 39.66744712600007], [125.78644174600004, 39.667832556000064], [125.78817616100002, 39.66808950700005], [125.78958939000006, 39.66892460500003], [125.79138804700005, 39.67098023600005], [125.79305822700007, 39.67284315100005], [125.7962058710001, 39.67438486900005], [125.79961046500011, 39.675541158000044], [125.80243691900012, 39.67631201700004], [125.80629117300009, 39.67631201200004], [125.8092461010001, 39.67586233900005], [125.81175136600007, 39.67605505000006], [125.814513583, 39.676697432000026], [125.81738754800006, 39.677236304000076], [125.82151548100012, 39.67817490900006], [125.82581940000011, 39.67913848000006], [125.82893714200009, 39.68004983000003]]]}}, {"type": "Feature", "properties": {"fid": 93, "OBJECTID": 149, "beginyear": 1919, "endyear": 9999, "RAIL_ID": "<none>", "comment": "-", "interval_i": "<none>", "rail_nm_kr": "\uac15\ub355\uc120", "rail_nm_ch": "\uac15\ub355\uc120", "rail_nm__1": 0, "rail_type": "\uad11\uada4", "rail_type_": 0, "org_type": "\uad6d\ucca0", "org_type_c": 0, "org_nm_kr": "-", "Shape_Leng": 0.07433650891, "filter": "\uad6c\uc5ed5:\uacbd\uc6d0\uc120 \ubc0f \uad00\ub828 \uc9c0\uc120", "check_db": "\uae40\uc885\ud601"}, "geometry": {"type": "MultiLineString", "coordinates": [[[129.81214381600012, 41.781142490000036], [129.81119175900005, 41.780807380000056], [129.80898613700003, 41.780606859000045], [129.80720176300008, 41.78117786100006], [129.80648801000007, 41.78224850000004], [129.80370437500005, 41.78524628400004], [129.80056386900003, 41.78781581100003], [129.79913635800006, 41.790456721000055], [129.79770884200002, 41.79381139000003], [129.796495455, 41.79666642800004], [129.79349770300007, 41.79830806800004], [129.78843007600005, 41.801234469000065], [129.78307694900002, 41.804232246000026], [129.77929407200008, 41.80644489100007], [129.77843756700008, 41.80794378500008], [129.7771528070001, 41.81029919000008], [129.7748687950001, 41.81351110600008], [129.77394089900008, 41.81757953700003], [129.77344126600008, 41.81914980700003], [129.770800387, 41.82114832900004], [129.76894463300005, 41.82286134700007], [129.7675171310001, 41.82400336000006], [129.76716024200005, 41.826430145000074], [129.76608961400007, 41.82764353400006], [129.76366286100006, 41.82942792600005], [129.76239523100003, 41.82988065500007]]]}}, {"type": "Feature", "properties": {"fid": 136, "OBJECTID": 192, "beginyear": 1928, "endyear": -9999, "RAIL_ID": "<none>", "comment": "-", "interval_i": "\ud68c\ub839-\uc601\uc218", "rail_nm_kr": "\ud68c\ub839\ud0c4\uad11\uc120", "rail_nm_ch": "\ud68c\ub839\ud0c4\uad11\uc120", "rail_nm__1": 0, "rail_type": "-", "rail_type_": 0, "org_type": "\uad6d\ucca0", "org_type_c": 0, "org_nm_kr": "-", "Shape_Leng": 0.06291949545, "filter": "\uad6c\uc5ed5:\uacbd\uc6d0\uc120 \ubc0f \uad00\ub828 \uc9c0\uc120", "check_db": "\uae40\uc885\ud601"}, "geometry": {"type": "MultiLineString", "coordinates": [[[129.69778998700008, 42.423378557000035], [129.7003719480001, 42.42317994900003], [129.7075022780001, 42.42344406400008], [129.71788964300003, 42.42890198500004], [129.7276607990001, 42.43541626800004], [129.73672772600003, 42.44175448900006], [129.7379601250001, 42.44254676600008], [129.73920462700005, 42.443467113000054], [129.74092167100002, 42.442948003000026], [129.74134539600004, 42.44104125300004], [129.74205159300004, 42.44026443100006], [129.74205158300003, 42.44195932100007], [129.74205157000006, 42.44414855400004], [129.74085103200002, 42.44633778200006], [129.7406391610001, 42.448527014000035], [129.7407803850001, 42.45078686800008]]]}}, {"type": "Feature", "properties": {"fid": 137, "OBJECTID": 193, "beginyear": 1919, "endyear": -9999, "RAIL_ID": "<none>", "comment": "\ub3c4\ubb38\uc11c\ubd80\uc120(1929), \ud568\uacbd\uc120(1940)", "interval_i": "\uae08\uc0dd-\uace0\ub839\uc9c4", "rail_nm_kr": "\ud568\uacbd\ubcf8\uc120", "rail_nm_ch": "\ud568\ubd81\uc120", "rail_nm__1": 0, "rail_type": "\ud611\uada4", "rail_type_": 0, "org_type": "\uad6d\ucca0", "org_type_c": 1929, "org_nm_kr": "-", "Shape_Leng": 0.0536838994, "filter": "\uad6c\uc5ed5:\uacbd\uc6d0\uc120 \ubc0f \uad00\ub828 \uc9c0\uc120", "check_db": "\uae40\uc885\ud601"}, "geometry": {"type": "MultiLineString", "coordinates": [[[129.74367167800006, 42.47533772100007], [129.7441699420001, 42.477693257000055], [129.74487612000007, 42.47952938900005], [129.74542029400004, 42.48085871700005], [129.74642970900004, 42.48489654600007], [129.74770083500005, 42.48772136700006], [129.74861886500003, 42.49061680600005], [129.74812451100001, 42.49407720500005], [129.7479832360001, 42.50022118100003], [129.7471357920001, 42.50283413300008], [129.74671205100003, 42.50714197600007], [129.74664140800007, 42.51116734000004], [129.74734758800003, 42.51286223200003], [129.74875996000003, 42.51469836800004], [129.7493955230001, 42.515969537000046], [129.74911303600004, 42.51759380500005], [129.74925426800007, 42.51893559300004], [129.7483362040001, 42.521407305000025], [129.74798309000005, 42.52437336100007], [129.7478367860001, 42.527006604000064]]]}}, {"type": "Feature", "properties": {"fid": 139, "OBJECTID": 199, "beginyear": 1921, "endyear": 2013, "RAIL_ID": "<none>", "comment": "-", "interval_i": "\uc815\ubd09-\uc1a1\uc815", "rail_nm_kr": "\ucda9\ubd81\uc120", "rail_nm_ch": "\ucda9\ubd81\uc120", "rail_nm__1": 0, "rail_type": "\uad11\uada4", "rail_type_": 0, "org_type": "\uc0ac\ucca0", "org_type_c": 1946, "org_nm_kr": "\uc870\uc120\ucca0\ub3c4\uc8fc\uc2dd\ud68c\uc0ac", "Shape_Leng": 0.05291990533, "filter": "\uad6c\uc5ed3:\uacbd\ubd80\uc120\uc758 \ub3d9\ubd81\ubd80 \uc9c0\uc5ed \ucca0\ub3c4", "check_db": "\uae40\uc885\ud601"}, "geometry": {"type": "MultiLineString", "coordinates": [[[127.3921572050001, 36.64646022100004], [127.39343852400009, 36.64902289200006], [127.39350989700006, 36.65059316800006], [127.39372402300012, 36.65259170200005], [127.39515153000002, 36.65423335600008], [127.39843480000002, 36.65537537600005], [127.40178944400009, 36.65694565600006], [127.40507271400008, 36.65801630000004], [127.40671434800004, 36.65844455700005], [127.4082132310001, 36.65844455900003], [127.4093552380001, 36.65758804400008], [127.41063999700009, 36.65587501500005], [127.41278126100008, 36.65444749100004], [127.417563416, 36.65237758300003], [127.41920505100006, 36.651663822000046], [127.42127493900011, 36.65116418800005], [127.42619984600003, 36.64673886500003], [127.42805560800002, 36.64523996500003], [127.42884235300005, 36.64495898200005], [127.431338879, 36.644383452000056], [127.43413063600008, 36.644383453000046]]]}}, {"type": "Feature", "properties": {"fid": 140, "OBJECTID": 200, "beginyear": 1915, "endyear": 2013, "RAIL_ID": "<none>", "comment": "\uacbd\uc804\ubd81\ubd80\uc120(1927)", "interval_i": "\ub300\uc7a5-\uad6c\uc774\ub9ac", "rail_nm_kr": "\uc804\ubd81\ucca0\ub3c4", "rail_nm_ch": "\uc804\ub77c\uc120", "rail_nm__1": 1936, "rail_type": "\ud611\uada4", "rail_type_": 1931, "org_type": "\uc0ac\ucca0", "org_type_c": 1927, "org_nm_kr": "\uc804\ubd81\ucca0\ub3c4\uc8fc\uc2dd\ud68c\uc0ac", "Shape_Leng": 0.05120736629, "filter": "\uad6c\uc5ed2:\uacbd\ubd80\uc120\uc758 \uc11c\ub0a8\ubd80 \uc9c0\uc5ed \ucca0\ub3c4", "check_db": "\uae40\uc885\ud601"}, "geometry": {"type": "MultiLineString", "coordinates": [[[127.0046498800001, 35.90430453300007], [126.99805129600009, 35.90325767600007], [126.9960527820001, 35.904019023000046], [126.99177025200004, 35.90687407300004], [126.98434720000012, 35.91220349900004], [126.97568697300005, 35.91867494500008], [126.96502823100002, 35.92714492600004], [126.96141187300009, 35.927811105000046]]]}}, {"type": "Feature", "properties": {"fid": 141, "OBJECTID": 202, "beginyear": 1930, "endyear": 2013, "RAIL_ID": "<none>", "comment": "-", "interval_i": "\uc728\ucd0c-\uc131\uc0b0", "rail_nm_kr": "\uad11\ub824\uc120", "rail_nm_ch": "\uc804\ub77c\uc120", "rail_nm__1": 1968, "rail_type": "\uad11\uada4", "rail_type_": 0, "org_type": "\uc0ac\ucca0", "org_type_c": 1936, "org_nm_kr": "\uc870\uc120\ucca0\ub3c4\uc8fc\uc2dd\ud68c\uc0ac", "Shape_Leng": 0.0638472875, "filter": "\uad6c\uc5ed2:\uacbd\ubd80\uc120\uc758 \uc11c\ub0a8\ubd80 \uc9c0\uc5ed \ucca0\ub3c4", "check_db": "\uae40\uc885\ud601"}, "geometry": {"type": "MultiLineString", "coordinates": [[[127.5811754980001, 34.87758687400003], [127.58047036700009, 34.87869494500006], [127.580470364, 34.881423899000026], [127.58029430200008, 34.88512119000006], [127.57950203000007, 34.88740998900005], [127.5758928030001, 34.88908257200006], [127.57369205600003, 34.889786816000026], [127.57113918800007, 34.889874846000055], [127.56876238000007, 34.890491060000045], [127.56559330200002, 34.89260379600006], [127.56321649200004, 34.894892595000044], [127.56180801200003, 34.89612502400007], [127.55951923500004, 34.89691730000004], [127.55714242600004, 34.89779760500005], [127.55591000600009, 34.899118067000074], [127.55502970600003, 34.90131883500004], [127.5538853160001, 34.903167480000036], [127.55071623800006, 34.90536824700007], [127.5487795790001, 34.907657046000054], [127.54657882800007, 34.911530397000035], [127.54569852700001, 34.915491780000025], [127.54613867400008, 34.917604518000076], [127.54737109100006, 34.91998134800008], [127.54737109000007, 34.92187216200006]]]}}, {"type": "Feature", "properties": {"fid": 143, "OBJECTID": 208, "beginyear": 1923, "endyear": 2013, "RAIL_ID": "<none>", "comment": "\uacbd\uc804\ub0a8\ubd80\uc120(1931), \uc9c4\uc8fc\uc120(1956)", "interval_i": "\ub0a8\ubb38\uc0b0-\uac1c\uc591", "rail_nm_kr": "\uacbd\ub0a8\uc120", "rail_nm_ch": "\uacbd\uc804\uc120", "rail_nm__1": 1968, "rail_type": "\uad11\uada4", "rail_type_": 0, "org_type": "\uc0ac\ucca0", "org_type_c": 1931, "org_nm_kr": "\uc870\uc120\ucca0\ub3c4\uc8fc\uc2dd\ud68c\uc0ac", "Shape_Leng": 0.05791042712, "filter": "\uad6c\uc5ed2:\uacbd\ubd80\uc120\uc758 \uc11c\ub0a8\ubd80 \uc9c0\uc5ed \ucca0\ub3c4", "check_db": "\uae40\uc885\ud601"}, "geometry": {"type": "MultiLineString", "coordinates": [[[128.118852478, 35.15315052600005], [128.12320849200012, 35.15184371400005], [128.1271803520001, 35.15123368900004], [128.12977504900005, 35.14955967900005], [128.1323445700001, 35.14975001900007], [128.13481892200002, 35.149845190000065], [128.1371029390001, 35.150987212000075], [128.13834011300003, 35.15270024400007], [128.13976762100003, 35.15526979200007], [128.1413854650001, 35.15726832800004], [128.14414531800003, 35.15831518400006], [128.1464293370001, 35.15831518600004], [128.14842785200005, 35.15945720800005], [128.15166354400003, 35.159647548000066], [128.15499440500002, 35.15945721500003], [128.15746875700006, 35.15945721800006], [128.1593721060001, 35.15983789300003], [128.16127545100005, 35.16183643000005], [128.16289329500012, 35.164215641000055], [128.16422563600008, 35.16630934600005], [128.1656531440001, 35.168022378000046], [128.1677468270001, 35.16849822300003]]]}}, {"type": "Feature", "properties": {"fid": 144, "OBJECTID": 211, "beginyear": 1930, "endyear": 2013, "RAIL_ID": "<none>", "comment": "\uc7a5\ud56d\uc120", "interval_i": "\uc0bc\uc0b0\ub9ac-\uc7a5\ud56d", "rail_nm_kr": "\ucda9\ub0a8\uc120", "rail_nm_ch": "\uc7a5\ud56d\uc120", "rail_nm__1": 1955, "rail_type": "\uad11\uada4", "rail_type_": 0, "org_type": "\uc0ac\ucca0", "org_type_c": 1946, "org_nm_kr": "\uc870\uc120\uacbd\ub0a8\ucca0\ub3c4\uc8fc\uc2dd\ud68c\uc0ac", "Shape_Leng": 0.06211833608, "filter": "\uad6c\uc5ed2:\uacbd\ubd80\uc120\uc758 \uc11c\ub0a8\ubd80 \uc9c0\uc5ed \ucca0\ub3c4", "check_db": "\uae40\uc885\ud601"}, "geometry": {"type": "MultiLineString", "coordinates": [[[126.69616794700005, 36.01993147100006], [126.69599905500002, 36.02167670800003], [126.69780723600002, 36.025383515000044], [126.70196604900002, 36.02800540100003], [126.70558240800005, 36.03008482700005], [126.70901795000009, 36.031350565000025], [126.71308635300011, 36.03126015400005], [126.715256167, 36.031621793000056], [126.71652189400004, 36.032616302000065], [126.71748401100001, 36.03522427400003], [126.71769721100009, 36.03749843700007], [126.71796844000005, 36.041205243000036], [126.71742598800006, 36.04400794900005], [126.71597944400003, 36.04581614800003], [126.7143520840001, 36.047805167000035], [126.71326717800002, 36.05033664300004], [126.7138096330001, 36.054857139000035], [126.71254391200011, 36.06208993100006], [126.71134624400008, 36.066367366000065]]]}}, {"type": "Feature", "properties": {"fid": 145, "OBJECTID": 216, "beginyear": 1926, "endyear": 2013, "RAIL_ID": "<none>", "comment": "-", "interval_i": "\ucc3d\uc6d0-\uc0c1\ub0a8", "rail_nm_kr": "\uc9c4\ud574\uc120", "rail_nm_ch": "\uc9c4\ud574\uc120", "rail_nm__1": 0, "rail_type": "\uad11\uada4", "rail_type_": 0, "org_type": "\uc0ac\ucca0", "org_type_c": 0, "org_nm_kr": "\ub0a8\ub9cc\uc8fc\ucca0\ub3c4\uc8fc\uc2dd\ud68c\uc0ac", "Shape_Leng": 0.09832362485, "filter": "\uad6c\uc5ed2:\uacbd\ubd80\uc120\uc758 \uc11c\ub0a8\ubd80 \uc9c0\uc5ed \ucca0\ub3c4", "check_db": "\uae40\uc885\ud601"}, "geometry": {"type": "MultiLineString", "coordinates": [[[128.68680568800005, 35.222534891000066], [128.68562059500005, 35.22338139200008], [128.67752183300001, 35.229455501000075], [128.67532108600005, 35.22963155900004], [128.67206398300004, 35.22892730900003], [128.66660613200008, 35.22751880900006], [128.66229267100005, 35.22637440300008], [128.6581552680001, 35.22611030500008], [128.65348968500007, 35.22628635900003], [128.64935227600006, 35.22804696800006], [128.64415850600005, 35.23148015800007], [128.64037321700005, 35.23359289100006], [128.63702808000005, 35.23412107000007], [128.6320984030001, 35.236057739000046], [128.626376455, 35.239314868000065], [128.62338343500005, 35.24089941700004], [128.61862982200012, 35.240899410000054], [128.61572483300006, 35.242131837000045], [128.61185151300003, 35.24547699800007], [128.6089465230001, 35.24697351700007], [128.60384078200002, 35.25031867700005], [128.60287244900007, 35.253135659000066], [128.6041451330001, 35.25607267700008]]]}}, {"type": "Feature", "properties": {"fid": 146, "OBJECTID": 219, "beginyear": 1929, "endyear": 2013, "RAIL_ID": "<none>", "comment": "-", "interval_i": "\uc2e0\ucc38-\uc8fc\ucd08", "rail_nm_kr": "\ud568\ubd81\uc120", "rail_nm_ch": "\ubb34\uc0b0\uc120", "rail_nm__1": 0, "rail_type": "\ud611\uada4", "rail_type_": 1940, "org_type": "\uc0ac\ucca0", "org_type_c": 1944, "org_nm_kr": "\uc870\uc120\ucca0\ub3c4\uc8fc\uc2dd\ud68c\uc0ac", "Shape_Leng": 0.1305510202, "filter": "\uad6c\uc5ed5:\uacbd\uc6d0\uc120 \ubc0f \uad00\ub828 \uc9c0\uc120", "check_db": "\uae40\uc885\ud601"}, "geometry": {"type": "MultiLineString", "coordinates": [[[129.4068172110001, 42.11367925300004], [129.4038242260001, 42.114559548000045], [129.40267984700006, 42.11526378900004], [129.40003897600002, 42.11640817700004], [129.39766218600005, 42.11869696200006], [129.39607764400012, 42.12309848000007], [129.39414099400005, 42.12609150800006], [129.39229237000006, 42.12987681300007], [129.38982754100005, 42.13383817500005], [129.3872746950001, 42.13577483800003], [129.38260915400008, 42.13823967600007], [129.37935206800012, 42.141848915000025], [129.37732739900002, 42.14299330600005], [129.3753027260001, 42.14492996900003], [129.37407031300006, 42.146778605000065], [129.37169352800004, 42.14801102500007], [129.36896462100003, 42.150739961000056], [129.3649152690001, 42.155493593000074], [129.36183424900003, 42.15769434500004], [129.35822506500006, 42.15813448800003], [129.35408770200002, 42.159542964000025], [129.35197500100003, 42.16139159700003], [129.3464291790001, 42.16244794600004], [129.34290801300006, 42.16491278900003], [129.3378903460001, 42.169666419000066], [129.33375297600003, 42.172747472000026], [129.32706662700002, 42.17586517800004]], [[129.32706662700002, 42.17586517800004], [129.32741488500005, 42.17582852100003]], [[129.32419113600008, 42.19105171800004], [129.323453523, 42.188592923000044], [129.32116479100011, 42.18524776000004], [129.31914014100005, 42.18243078000006], [129.31764366200002, 42.18014198600008], [129.31799579000005, 42.17776516400005], [129.31975637300002, 42.176620773000025], [129.32239724300007, 42.17538835500005], [129.32574233600008, 42.17600457700007], [129.32706662700002, 42.17586517800004]]]}}, {"type": "Feature", "properties": {"fid": 193, "OBJECTID": 267, "beginyear": 1922, "endyear": 2013, "RAIL_ID": "<none>", "comment": "\uad11\uc8fc\uc120(1928), \uc1a1\ub824\uc120(1936), \uacbd\uc804\uc11c\ubd80\uc120(1936), \uad11\uc8fc\uc120(1956)", "interval_i": "\uadf9\ub77d\uac15-\uc1a1\uc815\ub9ac", "rail_nm_kr": "\uc804\ub0a8\uc120", "rail_nm_ch": "\uacbd\uc804\uc120", "rail_nm__1": 1968, "rail_type": "\uad11\uada4", "rail_type_": 0, "org_type": "\uc0ac\ucca0", "org_type_c": 1936, "org_nm_kr": "\uc870\uc120\ucca0\ub3c4\uc8fc\uc2dd\ud68c\uc0ac", "Shape_Leng": 0.05924035412, "filter": "\uad6c\uc5ed2:\uacbd\ubd80\uc120\uc758 \uc11c\ub0a8\ubd80 \uc9c0\uc5ed \ucca0\ub3c4", "check_db": "\uae40\uc885\ud601"}, "geometry": {"type": "MultiLineString", "coordinates": [[[126.82846688600011, 35.17573537900006], [126.82324889100005, 35.17308854700008], [126.81910910700003, 35.17073313100008], [126.81711059000008, 35.168092208000076], [126.81611133100012, 35.16516578200003], [126.81561170100008, 35.16002669000005], [126.81582582800002, 35.156672006000065], [126.81511206900007, 35.14981988300008], [126.81439831300008, 35.14710758600006], [126.81297080100012, 35.14553730800003], [126.81054403200005, 35.145251803000065], [126.80654699900003, 35.14489492200005], [126.80269271800012, 35.14468079400007], [126.79869568600009, 35.14418116200005], [126.79612616500003, 35.143824281000036], [126.79369939500009, 35.14239675500005], [126.79211552700008, 35.14097714400003]]]}}, {"type": "Feature", "properties": {"fid": 194, "OBJECTID": 268, "beginyear": 1930, "endyear": 2013, "RAIL_ID": "<none>", "comment": "-", "interval_i": "\ubbf8\ud3c9-\uc30d\ubd09", "rail_nm_kr": "\uad11\ub824\uc120", "rail_nm_ch": "\uc804\ub77c\uc120", "rail_nm__1": 1968, "rail_type": "\uad11\uada4", "rail_type_": 0, "org_type": "\uc0ac\ucca0", "org_type_c": 1936, "org_nm_kr": "\uc870\uc120\ucca0\ub3c4\uc8fc\uc2dd\ud68c\uc0ac", "Shape_Leng": 0.0508126697, "filter": "\uad6c\uc5ed2:\uacbd\ubd80\uc120\uc758 \uc11c\ub0a8\ubd80 \uc9c0\uc5ed \ucca0\ub3c4", "check_db": "\uae40\uc885\ud601"}, "geometry": {"type": "MultiLineString", "coordinates": [[[127.65869468400001, 34.76937394500004], [127.66024154400009, 34.76930363400004], [127.66275872400001, 34.76897883400005], [127.66519470600008, 34.76767963400005], [127.66795548400012, 34.76792323600006], [127.67022906700004, 34.76767963800006], [127.67234025000005, 34.766786438000054], [127.67615661800005, 34.76735484000005], [127.6798105900001, 34.767111242000055], [127.68281496600002, 34.766624043000036], [127.68452015200012, 34.76686764400006], [127.68760572700012, 34.76808564900006], [127.69150329400009, 34.769709653000064], [127.69361447500012, 34.771496056000046], [127.69613165500004, 34.77182085900006], [127.70108481600005, 34.77084646000003], [127.704901188, 34.76832925900004], [127.70629313300003, 34.76708778500006]]]}}, {"type": "Feature", "properties": {"fid": 195, "OBJECTID": 269, "beginyear": 1930, "endyear": 2013, "RAIL_ID": "<none>", "comment": "-", "interval_i": "\uc5ec\uc218-\ub9cc\uc131", "rail_nm_kr": "\uad11\ub824\uc120", "rail_nm_ch": "\uc804\ub77c\uc120", "rail_nm__1": 1968, "rail_type": "\uad11\uada4", "rail_type_": 0, "org_type": "\uc0ac\ucca0", "org_type_c": 1936, "org_nm_kr": "\uc870\uc120\ucca0\ub3c4\uc8fc\uc2dd\ud68c\uc0ac", "Shape_Leng": 0.03075553885, "filter": "\uad6c\uc5ed2:\uacbd\ubd80\uc120\uc758 \uc11c\ub0a8\ubd80 \uc9c0\uc5ed \ucca0\ub3c4", "check_db": "\uae40\uc885\ud601"}, "geometry": {"type": "MultiLineString", "coordinates": [[[127.74650133700004, 34.77382451200003], [127.74947962800002, 34.77173969200004], [127.75118481600009, 34.76954729000005], [127.751753215, 34.76532488500004], [127.75150962000009, 34.76272648100007], [127.75077882800008, 34.76085887800008], [127.74931724200007, 34.75744847200008], [127.74899244800008, 34.75558086800004], [127.74801805600009, 34.75468766700004], [127.74623167200002, 34.75346966400008], [127.74566327800005, 34.75208926100004], [127.74566327900004, 34.74997805900006], [127.74680007200004, 34.74867885800006], [127.747682929, 34.748117035000064]]]}}, {"type": "Feature", "properties": {"fid": 196, "OBJECTID": 270, "beginyear": 1930, "endyear": 2013, "RAIL_ID": "<none>", "comment": "-", "interval_i": "\ub9cc\uc131-\ubbf8\ud3c9", "rail_nm_kr": "\uad11\ub824\uc120", "rail_nm_ch": "\uc804\ub77c\uc120", "rail_nm__1": 1968, "rail_type": "\uad11\uada4", "rail_type_": 0, "org_type": "\uc0ac\ucca0", "org_type_c": 1936, "org_nm_kr": "\uc870\uc120\ucca0\ub3c4\uc8fc\uc2dd\ud68c\uc0ac", "Shape_Leng": 0.04932753442, "filter": "\uad6c\uc5ed2:\uacbd\ubd80\uc120\uc758 \uc11c\ub0a8\ubd80 \uc9c0\uc5ed \ucca0\ub3c4", "check_db": "\uae40\uc885\ud601"}, "geometry": {"type": "MultiLineString", "coordinates": [[[127.70629313300003, 34.76708778500006], [127.70790556600002, 34.76564965800003], [127.70969195400005, 34.76288885400004], [127.71172194100006, 34.76085885300006], [127.71415792200003, 34.75996565300005], [127.71667510100008, 34.76020925500006], [127.72049146800009, 34.762564061000035], [127.7223590530001, 34.763782063000065], [127.72325224400004, 34.76532486700006], [127.72398303500006, 34.76889767200004], [127.72779940300006, 34.77084647600003], [127.73031658000002, 34.77206448100003], [127.7334833540001, 34.77279528400004], [127.73478254400004, 34.77344488500006], [127.73713732400006, 34.774338088000036], [127.74111609200008, 34.77433809000007], [127.74403926900004, 34.77425689300003], [127.74623165100002, 34.77401329300005], [127.74650133700004, 34.77382451200003]]]}}, {"type": "Feature", "properties": {"fid": 229, "OBJECTID": 303, "beginyear": 1919, "endyear": 2013, "RAIL_ID": "<none>", "comment": "\uc911\uc559\uc120(1935), \uacbd\uacbd\uc120(1939)", "interval_i": "\uac74\ucc9c-\uc544\ud654", "rail_nm_kr": "\uacbd\ub3d9\uc120", "rail_nm_ch": "\uc911\uc559\uc120", "rail_nm__1": 1945, "rail_type": "\uad11\uada4", "rail_type_": 0, "org_type": "\uc0ac\ucca0", "org_type_c": 1938, "org_nm_kr": "\uc870\uc120\ucca0\ub3c4\uc8fc\uc2dd\ud68c\uc0ac", "Shape_Leng": 0.05536292911, "filter": "\uad6c\uc5ed3:\uacbd\ubd80\uc120\uc758 \ub3d9\ubd81\ubd80 \uc9c0\uc5ed \ucca0\ub3c4", "check_db": "\uae40\uc885\ud601"}, "geometry": {"type": "MultiLineString", "coordinates": [[[129.09671611300007, 35.85481486600003], [129.09245677900003, 35.858096121000074], [129.09070745200006, 35.85967885500003], [129.08588245500005, 35.86385435700004], [129.077253132, 35.87174141700007], [129.07400554000003, 35.874153927000066], [129.065561795, 35.88166983000008], [129.05721084200002, 35.88807226400007], [129.05388825500006, 35.88966133500003]]]}}, {"type": "Feature", "properties": {"fid": 230, "OBJECTID": 304, "beginyear": 1919, "endyear": 2013, "RAIL_ID": "<none>", "comment": "\uc911\uc559\uc120(1935), \uacbd\uacbd\uc120(1939)", "interval_i": "\uc544\ud654-\uc784\ud3ec", "rail_nm_kr": "\uacbd\ub3d9\uc120", "rail_nm_ch": "\uc911\uc559\uc120", "rail_nm__1": 1945, "rail_type": "\uad11\uada4", "rail_type_": 0, "org_type": "\uc0ac\ucca0", "org_type_c": 1938, "org_nm_kr": "\uc870\uc120\ucca0\ub3c4\uc8fc\uc2dd\ud68c\uc0ac", "Shape_Leng": 0.05936110101, "filter": "\uad6c\uc5ed3:\uacbd\ubd80\uc120\uc758 \ub3d9\ubd81\ubd80 \uc9c0\uc5ed \ucca0\ub3c4", "check_db": "\uae40\uc885\ud601"}, "geometry": {"type": "MultiLineString", "coordinates": [[[129.05388825500006, 35.88966133500003], [129.05294257900005, 35.890113617000054], [129.04774643700011, 35.891876601000035], [129.04505557100003, 35.89493863700005], [129.0437565300001, 35.89744394100006], [129.04217912500008, 35.89939251000004], [129.03893153600006, 35.90069155200007], [129.03484885500006, 35.90106270000007], [129.02770415600003, 35.90505262000005], [129.02417820200003, 35.90663002800005], [129.01981715600004, 35.90709396500006], [129.01573447500004, 35.907836271000065], [129.0129508230001, 35.90997041500003], [129.01155899600008, 35.91191898500006], [129.0119301430001, 35.914145924000024], [129.01322916700008, 35.91739354600003], [129.01193012400006, 35.920733952000035]]]}}, {"type": "Feature", "properties": {"fid": 231, "OBJECTID": 328, "beginyear": 1929, "endyear": -9999, "RAIL_ID": "<none>", "comment": "-", "interval_i": "\uc99d\uc0b0-\ucc28\ud638", "rail_nm_kr": "\ucc28\ud638\uc120", "rail_nm_ch": "\ucc28\ud638\uc120", "rail_nm__1": 0, "rail_type": "-", "rail_type_": 0, "org_type": "\uad6d\ucca0", "org_type_c": 0, "org_nm_kr": "-", "Shape_Leng": 0.06087591126, "filter": "\uad6c\uc5ed5:\uacbd\uc6d0\uc120 \ubc0f \uad00\ub828 \uc9c0\uc120", "check_db": "\uae40\uc885\ud601"}, "geometry": {"type": "MultiLineString", "coordinates": [[[128.64813538200008, 40.200691704000064], [128.64523915900008, 40.20336516900005], [128.64523915100006, 40.20603863900004], [128.64234293100003, 40.20759815800005], [128.63810999600003, 40.20915767500003], [128.6361049190001, 40.21116277400006], [128.63209476800012, 40.21294508100004], [128.62607955600004, 40.212053913000034], [128.62296055100012, 40.213613431000056], [128.61805925600004, 40.216064103000065], [128.61716810000007, 40.220297096000024], [128.61137566500008, 40.22230218800007], [128.606697165, 40.22163381300004], [128.60286388300005, 40.21961163900005], [128.6027758560001, 40.21829118200003], [128.60259980900003, 40.21494602100006]]]}}, {"type": "Feature", "properties": {"fid": 232, "OBJECTID": 329, "beginyear": 1929, "endyear": -9999, "RAIL_ID": "<none>", "comment": "-", "interval_i": "\uc774\uc6d0\ucca0\uc0b0-\ub098\ud765", "rail_nm_kr": "\uc774\uc6d0\ucca0\uc0b0\uc120", "rail_nm_ch": "\uc774\uc6d0\ucca0\uc0b0\uc120", "rail_nm__1": 0, "rail_type": "-", "rail_type_": 0, "org_type": "\uad6d\ucca0", "org_type_c": 0, "org_nm_kr": "-", "Shape_Leng": 0.0288964307, "filter": "\uad6c\uc5ed5:\uacbd\uc6d0\uc120 \ubc0f \uad00\ub828 \uc9c0\uc120", "check_db": "\uae40\uc885\ud601"}, "geometry": {"type": "MultiLineString", "coordinates": [[[128.590187764, 40.19205806400004], [128.5882511220001, 40.19214609100004], [128.5856102470001, 40.191970025000046], [128.58219081000004, 40.19489906700005], [128.58308194300002, 40.19846369600003], [128.58129964300008, 40.20336505500006], [128.5810768240001, 40.214281724000045]]]}}, {"type": "Feature", "properties": {"fid": 233, "OBJECTID": 330, "beginyear": 1929, "endyear": 2013, "RAIL_ID": "<none>", "comment": "-", "interval_i": "\uc2e0\ubd81\uccad-\uc591\uac00", "rail_nm_kr": "\ubd81\uccad\uc120", "rail_nm_ch": "\ub355\uc131\uc120", "rail_nm__1": 1980, "rail_type": "\uad11\uada4", "rail_type_": 0, "org_type": "\uad6d\ucca0", "org_type_c": 0, "org_nm_kr": "-", "Shape_Leng": 0.02923945422, "filter": "\uad6c\uc5ed5:\uacbd\uc6d0\uc120 \ubc0f \uad00\ub828 \uc9c0\uc120", "check_db": "\uae40\uc885\ud601"}, "geometry": {"type": "MultiLineString", "coordinates": [[[128.3728344420001, 40.177052555000046], [128.36713139100004, 40.17683867900007], [128.36597749300006, 40.17718053900006], [128.36351267400005, 40.178148871000076], [128.36342463900007, 40.18017357300005], [128.36324857500006, 40.18246236600004], [128.36316054400004, 40.18343070200007], [128.36122389500008, 40.18571949200003], [128.35673439800007, 40.18950479700004], [128.35550198300007, 40.19179359000003], [128.35453366100012, 40.192761923000035], [128.3533040540001, 40.193700318000026]]]}}, {"type": "Feature", "properties": {"fid": 234, "OBJECTID": 331, "beginyear": 1929, "endyear": 2013, "RAIL_ID": "<none>", "comment": "-", "interval_i": "\uc591\uac00-\ubd81\uccad", "rail_nm_kr": "\ubd81\uccad\uc120", "rail_nm_ch": "\ub355\uc131\uc120", "rail_nm__1": 1980, "rail_type": "\uad11\uada4", "rail_type_": 0, "org_type": "\uad6d\ucca0", "org_type_c": 0, "org_nm_kr": "-", "Shape_Leng": 0.04578730458, "filter": "\uad6c\uc5ed5:\uacbd\uc6d0\uc120 \ubc0f \uad00\ub828 \uc9c0\uc120", "check_db": "\uae40\uc885\ud601"}, "geometry": {"type": "MultiLineString", "coordinates": [[[128.3533040540001, 40.193700318000026], [128.35118854600012, 40.19531480400008], [128.3472272250001, 40.198219805000065], [128.33965670100008, 40.20429390000004], [128.3329664700001, 40.20983981200004], [128.3268924450001, 40.21432936000008], [128.32504382500008, 40.21758648600007], [128.322490968, 40.22216406900003], [128.3209333970001, 40.22504849000006]]]}}, {"type": "Feature", "properties": {"fid": 236, "OBJECTID": 333, "beginyear": 1929, "endyear": -9999, "RAIL_ID": "<none>", "comment": "-", "interval_i": "\uc21c\ucc9c-\ubd09\ud558", "rail_nm_kr": "\ud3c9\uc6d0\uc120", "rail_nm_ch": "\ud3c9\ub77c\uc120", "rail_nm__1": 1965, "rail_type": "\uad11\uada4", "rail_type_": 0, "org_type": "\uad6d\ucca0", "org_type_c": 0, "org_nm_kr": "-", "Shape_Leng": 0.03457053808, "filter": "\uad6c\uc5ed4:\uacbd\uc758\uc120 \ubc0f \uad00\ub828 \uc9c0\uc120", "check_db": "\uae40\uc885\ud601"}, "geometry": {"type": "MultiLineString", "coordinates": [[[125.94394634600008, 39.43044970400007], [125.94399980000003, 39.430501442000036], [125.944804556, 39.43130620800008], [125.9454207660001, 39.43377106300005], [125.94709332700006, 39.43641197800008], [125.94858982800008, 39.437732434000054], [125.95175888400001, 39.43878879700003], [125.95642443700001, 39.438788792000025], [125.9621463420001, 39.43931696800007], [125.96769218800011, 39.43975711500008], [125.9728859170001, 39.43975710900003], [125.97407148400009, 39.439797990000045]]]}}, {"type": "Feature", "properties": {"fid": 237, "OBJECTID": 334, "beginyear": 1929, "endyear": -9999, "RAIL_ID": "<none>", "comment": "-", "interval_i": "\ubd09\ud558-\uace0\uc0b0", "rail_nm_kr": "\ud3c9\uc6d0\uc120", "rail_nm_ch": "\ud3c9\ub77c\uc120", "rail_nm__1": 1965, "rail_type": "\uad11\uada4", "rail_type_": 0, "org_type": "\uad6d\ucca0", "org_type_c": 0, "org_nm_kr": "-", "Shape_Leng": 0.06119789083, "filter": "\uad6c\uc5ed4:\uacbd\uc758\uc120 \ubc0f \uad00\ub828 \uc9c0\uc120", "check_db": "\uae40\uc885\ud601"}, "geometry": {"type": "MultiLineString", "coordinates": [[[125.97407148400009, 39.439797990000045], [125.97543876700001, 39.43984513700008], [125.98196417100007, 39.437427952000064], [125.98258115200008, 39.43718624300004], [125.99050300600004, 39.434082782000075], [125.99481643800004, 39.43214610500007], [125.99754534300007, 39.43047352100007], [125.99957001300004, 39.42818472400006], [126.00097847800009, 39.426600173000054], [126.00397146800003, 39.42299091700005], [126.00978139300003, 39.41779710800006], [126.01365467500011, 39.413923760000046], [126.01479905400004, 39.41277936200004], [126.01770401500005, 39.40961025900003], [126.0193765680001, 39.406881310000074], [126.02122517700002, 39.40388826900005]]]}}, {"type": "Feature", "properties": {"fid": 238, "OBJECTID": 335, "beginyear": 1929, "endyear": -9999, "RAIL_ID": "<none>", "comment": "-", "interval_i": "\uace0\uc0b0-\uc218\uc591", "rail_nm_kr": "\ud3c9\uc6d0\uc120", "rail_nm_ch": "\ud3c9\ub77c\uc120", "rail_nm__1": 1965, "rail_type": "\uad11\uada4", "rail_type_": 0, "org_type": "\uad6d\ucca0", "org_type_c": 0, "org_nm_kr": "-", "Shape_Leng": 0.05327515436, "filter": "\uad6c\uc5ed4:\uacbd\uc758\uc120 \ubc0f \uad00\ub828 \uc9c0\uc120", "check_db": "\uae40\uc885\ud601"}, "geometry": {"type": "MultiLineString", "coordinates": [[[126.02122517700002, 39.40388826900005], [126.02263364300006, 39.40212765700005], [126.02606678300003, 39.400543103000075], [126.0300280990001, 39.39983885400005], [126.0336373, 39.399134606000075], [126.03566197100008, 39.39763808500004], [126.04067963800003, 39.395965498000066], [126.04472898600011, 39.39517321900007], [126.05036285900007, 39.39420487800004], [126.05529249900007, 39.393852751000054], [126.063039075, 39.393060467000055], [126.06664827700001, 39.39253228000007], [126.07034550700007, 39.39244424700007], [126.07193387400002, 39.39156789100008]]]}}, {"type": "Feature", "properties": {"fid": 239, "OBJECTID": 342, "beginyear": 1910, "endyear": 2013, "RAIL_ID": "<none>", "comment": "-", "interval_i": "\ud3c9\uc591-\uc870\ucd0c", "rail_nm_kr": "\ud3c9\ub0a8\uc120", "rail_nm_ch": "\ud3c9\ub0a8\uc120", "rail_nm__1": 1938, "rail_type": "-", "rail_type_": 0, "org_type": "\uad6d\ucca0", "org_type_c": 0, "org_nm_kr": "-", "Shape_Leng": 0.09246658161, "filter": "\uad6c\uc5ed4:\uacbd\uc758\uc120 \ubc0f \uad00\ub828 \uc9c0\uc120", "check_db": "\uae40\uc885\ud601"}, "geometry": {"type": "MultiLineString", "coordinates": [[[125.66163060300005, 39.030451209000034], [125.66321264300007, 39.03232533600004], [125.66520401500009, 39.03470215900006], [125.66944370300007, 39.03637235400004], [125.67336220200002, 39.03759288100008], [125.67670256200006, 39.03887764700005], [125.67901511700006, 39.03874916600006], [125.68100648300003, 39.03829949400006], [125.68325479700002, 39.03714319800008], [125.68595277700001, 39.036243855000066], [125.68897037800002, 39.03590855700003], [125.69443214400007, 39.035794173000056], [125.69822216500006, 39.03572992900007], [125.70053471800009, 39.03495906400008], [125.70271879400002, 39.03341733600007], [125.70528829800003, 39.032196800000065], [125.71017035400007, 39.03059083000005], [125.71762191500011, 39.02776432500008], [125.7237887230001, 39.025772923000034], [125.72545890000004, 39.024809342000026], [125.72661517200004, 39.022368277000055], [125.72732178000001, 39.019541781000044], [125.72841381300009, 39.016458330000034], [125.72918465900011, 39.01414574300003], [125.72996340600002, 39.013057341000035], [125.73258924200002, 39.009006655000064], [125.73599382800012, 39.00444571600008]]]}}, {"type": "Feature", "properties": {"fid": 240, "OBJECTID": 343, "beginyear": 1910, "endyear": 2013, "RAIL_ID": "<none>", "comment": "-", "interval_i": "\uc870\ucd0c-\ub300\ud3c9", "rail_nm_kr": "\ud3c9\ub0a8\uc120", "rail_nm_ch": "\ud3c9\ub0a8\uc120", "rail_nm__1": 1938, "rail_type": "-", "rail_type_": 0, "org_type": "\uad6d\ucca0", "org_type_c": 0, "org_nm_kr": "-", "Shape_Leng": 0.07086349169, "filter": "\uad6c\uc5ed4:\uacbd\uc758\uc120 \ubc0f \uad00\ub828 \uc9c0\uc120", "check_db": "\uae40\uc885\ud601"}, "geometry": {"type": "MultiLineString", "coordinates": [[[125.6145646970001, 38.98015323900006], [125.61561242700009, 38.981705447000024], [125.61696142300002, 38.983504124000035], [125.61850313100001, 38.98562399300005], [125.62094416700006, 38.98767962200003], [125.6237706280001, 38.98967101200003], [125.6261474260001, 38.99172664300005], [125.62871693800003, 38.99416770200003], [125.63019440700009, 38.99525975500006], [125.63430562000008, 38.99737962100005], [125.63771022000003, 38.99911405600005], [125.64111481800012, 39.00091272900005], [125.64233533600009, 39.00174782800008], [125.64349161600012, 39.002518688000066], [125.64464790000011, 39.005409420000035], [125.64612537700009, 39.01022730900007], [125.6467677600001, 39.012282940000034], [125.65120016800006, 39.01748625400006], [125.6549259630001, 39.02217566100006], [125.65903718400011, 39.02737897600008], [125.66163060300005, 39.030451209000034]]]}}, {"type": "Feature", "properties": {"fid": 241, "OBJECTID": 344, "beginyear": 1910, "endyear": 2013, "RAIL_ID": "<none>", "comment": "-", "interval_i": "\ub300\ud3c9-\uac15\uc120", "rail_nm_kr": "\ud3c9\ub0a8\uc120", "rail_nm_ch": "\ud3c9\ub0a8\uc120", "rail_nm__1": 1938, "rail_type": "-", "rail_type_": 0, "org_type": "\uad6d\ucca0", "org_type_c": 0, "org_nm_kr": "-", "Shape_Leng": 0.07443332213, "filter": "\uad6c\uc5ed4:\uacbd\uc758\uc120 \ubc0f \uad00\ub828 \uc9c0\uc120", "check_db": "\uae40\uc885\ud601"}, "geometry": {"type": "MultiLineString", "coordinates": [[[125.57635998100011, 38.92791811300003], [125.57796903700012, 38.92890143400007], [125.5801531190001, 38.93012196300003], [125.583365006, 38.93230606700007], [125.58638418100008, 38.934104741000056], [125.59216558100002, 38.93802328400005], [125.5971118860001, 38.941106726000044], [125.60225090600011, 38.94425440600003], [125.60674754900003, 38.947273610000025], [125.60906010800011, 38.94862261500003], [125.61040910200006, 38.950164338000036], [125.61201505000008, 38.953119308000055], [125.61464880200003, 38.95652394600006], [125.61612627300008, 38.958386861000065], [125.6156766150001, 38.96024977900004], [125.61419915800002, 38.96410409400005], [125.613428311, 38.96635244300006], [125.61233627800004, 38.96898622400005], [125.61130848000005, 38.971363051000026], [125.61111577100007, 38.972647822000056], [125.6115012030001, 38.97521736200008], [125.61227205900002, 38.977144517000056], [125.61387800500006, 38.979135908000046], [125.6145646970001, 38.98015323900006]]]}}, {"type": "Feature", "properties": {"fid": 242, "OBJECTID": 345, "beginyear": 1910, "endyear": 2013, "RAIL_ID": "<none>", "comment": "-", "interval_i": "\uac15\uc120-\uae30\uc591", "rail_nm_kr": "\ud3c9\ub0a8\uc120", "rail_nm_ch": "\ud3c9\ub0a8\uc120", "rail_nm__1": 1938, "rail_type": "-", "rail_type_": 0, "org_type": "\uad6d\ucca0", "org_type_c": 0, "org_nm_kr": "-", "Shape_Leng": 0.05794939786, "filter": "\uad6c\uc5ed4:\uacbd\uc758\uc120 \ubc0f \uad00\ub828 \uc9c0\uc120", "check_db": "\uae40\uc885\ud601"}, "geometry": {"type": "MultiLineString", "coordinates": [[[125.52140927000005, 38.916369366000026], [125.52645041400001, 38.91920149500004], [125.5319748610001, 38.92273460600006], [125.53454437000005, 38.923890896000046], [125.53987609500007, 38.92369817100007], [125.54777732500008, 38.92344120400003], [125.55529313200009, 38.92382662500006], [125.56133147300011, 38.92408357000005], [125.56614929700004, 38.92440475500007], [125.56916846700005, 38.92466170500006], [125.57154526000011, 38.92479017800008], [125.57450019800001, 38.926781568000024], [125.57635998100011, 38.92791811300003]]]}}, {"type": "Feature", "properties": {"fid": 243, "OBJECTID": 346, "beginyear": 1910, "endyear": 2013, "RAIL_ID": "<none>", "comment": "-", "interval_i": "\uae30\uc591-\ub300\uc131", "rail_nm_kr": "\ud3c9\ub0a8\uc120", "rail_nm_ch": "\ud3c9\ub0a8\uc120", "rail_nm__1": 1938, "rail_type": "-", "rail_type_": 0, "org_type": "\uad6d\ucca0", "org_type_c": 0, "org_nm_kr": "-", "Shape_Leng": 0.07568258805, "filter": "\uad6c\uc5ed4:\uacbd\uc758\uc120 \ubc0f \uad00\ub828 \uc9c0\uc120", "check_db": "\uae40\uc885\ud601"}, "geometry": {"type": "MultiLineString", "coordinates": [[[125.45890916500002, 38.88449561200008], [125.45919350000008, 38.885797567000054], [125.45957893700006, 38.889716117000035], [125.45990013200003, 38.89286380400006], [125.46022132400003, 38.89382738200004], [125.46388287600007, 38.895883009000045], [125.46715900200002, 38.89781016000006], [125.46895765800002, 38.89883797300007], [125.47236225600011, 38.89896644500004], [125.47743702900004, 38.89890219700004], [125.48141976500006, 38.89896643000003], [125.48405350900009, 38.89948033300004], [125.48938524100004, 38.90204986600003], [125.49484544800009, 38.90423396700004], [125.500434132, 38.90673926200003], [125.50207693000004, 38.90744966800003], [125.50281092700004, 38.90776707400005], [125.50949165100008, 38.91072203600004], [125.5143737190001, 38.912841900000046], [125.5207332540001, 38.91598957800005], [125.52140927000005, 38.916369366000026]]]}}, {"type": "Feature", "properties": {"fid": 244, "OBJECTID": 347, "beginyear": 1910, "endyear": 2013, "RAIL_ID": "<none>", "comment": "-", "interval_i": "\ub300\uc131-\uc9c4\uc9c0\ub3d9", "rail_nm_kr": "\ud3c9\ub0a8\uc120", "rail_nm_ch": "\ud3c9\ub0a8\uc120", "rail_nm__1": 1938, "rail_type": "-", "rail_type_": 0, "org_type": "\uad6d\ucca0", "org_type_c": 0, "org_nm_kr": "-", "Shape_Leng": 0.05404890275, "filter": "\uad6c\uc5ed4:\uacbd\uc758\uc120 \ubc0f \uad00\ub828 \uc9c0\uc120", "check_db": "\uae40\uc885\ud601"}, "geometry": {"type": "MultiLineString", "coordinates": [[[125.42434682400005, 38.852408584000045], [125.42534017200012, 38.85592670600005], [125.42617527700008, 38.86106578700003], [125.42694613900005, 38.86492009800003], [125.42816666400006, 38.868453215000045], [125.4299010850001, 38.86999493700006], [125.43234211800007, 38.870637318000036], [125.43497586100011, 38.87076579200004], [125.43805927000005, 38.87083002400004], [125.44107844000007, 38.87089425800008], [125.44262014500009, 38.871343925000076], [125.44544660600002, 38.87275716800008], [125.4476306890001, 38.873784982000075], [125.4490696150001, 38.874504450000074], [125.45302666000009, 38.87654722900004], [125.45655973600003, 38.878345901000046], [125.45797297000001, 38.88020881700004], [125.45890916500002, 38.88449561200008]]]}}, {"type": "Feature", "properties": {"fid": 245, "OBJECTID": 348, "beginyear": 1910, "endyear": 2013, "RAIL_ID": "<none>", "comment": "-", "interval_i": "\uc9c4\uc9c0\ub3d9-\uac08\ucc9c", "rail_nm_kr": "\ud3c9\ub0a8\uc120", "rail_nm_ch": "\ud3c9\ub0a8\uc120", "rail_nm__1": 1938, "rail_type": "-", "rail_type_": 0, "org_type": "\uad6d\ucca0", "org_type_c": 0, "org_nm_kr": "-", "Shape_Leng": 0.06491388723, "filter": "\uad6c\uc5ed4:\uacbd\uc758\uc120 \ubc0f \uad00\ub828 \uc9c0\uc120", "check_db": "\uae40\uc885\ud601"}, "geometry": {"type": "MultiLineString", "coordinates": [[[125.42062362900003, 38.79677292000008], [125.42045795800004, 38.799589522000076], [125.42007253400004, 38.800745816000074], [125.41859507200002, 38.80222330500004], [125.41724608600009, 38.80415046300004], [125.41474083300011, 38.809931935000066], [125.41461236300006, 38.811730614000055], [125.41319914000007, 38.81410744200008], [125.41011574600009, 38.819310769000026], [125.40940913600002, 38.82065977900004], [125.41140051500008, 38.824706803000026], [125.41281375000005, 38.82772601200003], [125.41358460800006, 38.829139259000044], [125.41474089300004, 38.831837275000055], [125.41743888100007, 38.83402138100007], [125.42045805600003, 38.83588429300005], [125.42264214000011, 38.83729753600005], [125.42399113500005, 38.838967737000075], [125.42450504500005, 38.84192270800003], [125.424697766, 38.84481344100004], [125.42341302200009, 38.84821808500004], [125.4236672190001, 38.84970089600006], [125.423798454, 38.850466434000055], [125.42434682400005, 38.852408584000045]]]}}, {"type": "Feature", "properties": {"fid": 246, "OBJECTID": 349, "beginyear": 1910, "endyear": 2013, "RAIL_ID": "<none>", "comment": "-", "interval_i": "\uac08\ucc9c-\uc9c4\ub0a8\ud3ec", "rail_nm_kr": "\ud3c9\ub0a8\uc120", "rail_nm_ch": "\ud3c9\ub0a8\uc120", "rail_nm__1": 1938, "rail_type": "-", "rail_type_": 0, "org_type": "\uad6d\ucca0", "org_type_c": 0, "org_nm_kr": "-", "Shape_Leng": 0.07196822543, "filter": "\uad6c\uc5ed4:\uacbd\uc758\uc120 \ubc0f \uad00\ub828 \uc9c0\uc120", "check_db": "\uae40\uc885\ud601"}, "geometry": {"type": "MultiLineString", "coordinates": [[[125.41268367900011, 38.733185734000074], [125.41307044500002, 38.73368079900007], [125.41422672600004, 38.73502980500007], [125.41474063300006, 38.736507291000066], [125.41480487500007, 38.73804901600005], [125.41339164800002, 38.73933378800007], [125.41140028500001, 38.74081127900007], [125.41017977100012, 38.74171062000005], [125.40953739800011, 38.74267419900008], [125.40902350400006, 38.74556493400007], [125.409023509, 38.747427852000044], [125.40926016000003, 38.748202347000074], [125.40973012900008, 38.74974043800006], [125.41088641600004, 38.75263117000003], [125.41159303600011, 38.75487951700006], [125.41223541600004, 38.756421241000055], [125.41287780000005, 38.758412634000024], [125.4115288160001, 38.76117489400008], [125.4099871190001, 38.763872915000036], [125.4093447460001, 38.76547887900006], [125.40960170800008, 38.76920471400007], [125.40979442500009, 38.77106763100005], [125.41172156200003, 38.773123260000034], [125.41352022, 38.77472922100003], [125.41570430900003, 38.77697756600003], [125.4169248290001, 38.77909743500004], [125.41872349500011, 38.78333717600003], [125.4202009710001, 38.78661333900004], [125.42122878000009, 38.788797447000036], [125.42090760000008, 38.79181665900006], [125.42065066100008, 38.79631335700003], [125.42062362900003, 38.79677292000008]]]}}, {"type": "Feature", "properties": {"fid": 247, "OBJECTID": 350, "beginyear": 1916, "endyear": 9999, "RAIL_ID": "<none>", "comment": "-", "interval_i": "\uc2e0\uc548\uc8fc-\uc548\uc8fc", "rail_nm_kr": "\uac1c\ucc9c\uc120", "rail_nm_ch": "\uac1c\ucc9c\uc120", "rail_nm__1": 0, "rail_type": "\uad11\uada4", "rail_type_": 1949, "org_type": "\uc0ac\ucca0", "org_type_c": 1933, "org_nm_kr": "\uac1c\ucc9c\ucca0\ub3c4\uc8fc\uc2dd\ud68c\uc0ac", "Shape_Leng": 0.08599782419, "filter": "\uad6c\uc5ed4:\uacbd\uc758\uc120 \ubc0f \uad00\ub828 \uc9c0\uc120", "check_db": "\uae40\uc885\ud601"}, "geometry": {"type": "MultiLineString", "coordinates": [[[125.60334809500011, 39.602100361000055], [125.60401000800005, 39.60245371000008], [125.60330340000007, 39.60457358200006], [125.60368882900002, 39.60598682800003], [125.60465239700011, 39.60733583500007], [125.6058729130001, 39.608299411000075], [125.607800042, 39.60913450900006], [125.61069073700003, 39.61041927400004], [125.61313176600004, 39.61163980300006], [125.61467347000007, 39.61208947000006], [125.61794958700011, 39.61221794200003], [125.62116146500011, 39.612217937000025], [125.62366673200006, 39.612474887000076], [125.62585081000009, 39.61247488300006], [125.62816336500009, 39.61375965000008], [125.63182491300006, 39.61632918500004], [125.63471560900007, 39.61825633700005], [125.63645002400006, 39.61889871900007], [125.63882681600012, 39.619348384000034], [125.6427453120001, 39.62095434100007], [125.64762737300009, 39.62294572800005], [125.650518067, 39.62442320900004], [125.652959097, 39.625065591000066], [125.65565707600001, 39.625451017000046], [125.65693987100008, 39.62554264500005], [125.6607318450001, 39.626093395000055], [125.66381525000008, 39.62660729900006], [125.66554966500007, 39.62680001200005], [125.66876154600004, 39.62795630100004], [125.67319394200001, 39.629433780000056], [125.6772409130001, 39.63078278300003], [125.679424992, 39.63161788000008]]]}}, {"type": "Feature", "properties": {"fid": 248, "OBJECTID": 351, "beginyear": 1916, "endyear": 9999, "RAIL_ID": "<none>", "comment": "-", "interval_i": "\uc548\uc8fc-\ubd81\uc1a1\ub9ac", "rail_nm_kr": "\uac1c\ucc9c\uc120", "rail_nm_ch": "\uac1c\ucc9c\uc120", "rail_nm__1": 0, "rail_type": "\uad11\uada4", "rail_type_": 1949, "org_type": "\uc0ac\ucca0", "org_type_c": 1933, "org_nm_kr": "\uac1c\ucc9c\ucca0\ub3c4\uc8fc\uc2dd\ud68c\uc0ac", "Shape_Leng": 0.08256672715, "filter": "\uad6c\uc5ed4:\uacbd\uc758\uc120 \ubc0f \uad00\ub828 \uc9c0\uc120", "check_db": "\uae40\uc885\ud601"}, "geometry": {"type": "MultiLineString", "coordinates": [[[125.679424992, 39.63161788000008], [125.68218720900006, 39.63181059200008], [125.68610570200008, 39.63258144800005], [125.68970300800004, 39.633095352000055], [125.69342878800012, 39.63354501600003], [125.6981181320001, 39.63431587000008], [125.70055916100011, 39.63450858200008], [125.70280748000005, 39.63624301900006], [125.70518427500008, 39.63791321700006], [125.70685445200002, 39.63861983800007], [125.7100663330001, 39.63964765000003], [125.71192922400007, 39.640354271000035], [125.71443449300011, 39.64176751400004], [125.71790332600006, 39.643373472000064], [125.72207877300002, 39.64542909800008], [125.72355623900012, 39.646456912000076], [125.72599727200009, 39.64838406400003], [125.72760321300007, 39.64941187800008], [125.73017271800006, 39.650568167000074], [125.73377002600012, 39.652174125000045], [125.73711038200008, 39.653266175000056], [125.74128582700007, 39.654486700000064], [125.74436923300004, 39.655578752000054], [125.74738840100008, 39.656606563000025], [125.74899434200006, 39.65712046900006], [125.7498294290001, 39.657184706000066], [125.7505971600001, 39.65718470500008], [125.75162496100006, 39.65697629500005], [125.75233157200012, 39.65594847700004], [125.75278123300006, 39.65537033100003], [125.75368055800004, 39.65504913700005], [125.75535073600008, 39.65562728100008]]]}}, {"type": "Feature", "properties": {"fid": 249, "OBJECTID": 352, "beginyear": 1916, "endyear": 9999, "RAIL_ID": "<none>", "comment": "-", "interval_i": "\uc6b4\ud765\ub9ac-\uac1c\ucc9c", "rail_nm_kr": "\uac1c\ucc9c\uc120", "rail_nm_ch": "\uac1c\ucc9c\uc120", "rail_nm__1": 0, "rail_type": "\uad11\uada4", "rail_type_": 1949, "org_type": "\uc0ac\ucca0", "org_type_c": 1933, "org_nm_kr": "\uac1c\ucc9c\ucca0\ub3c4\uc8fc\uc2dd\ud68c\uc0ac", "Shape_Leng": 0.04107685626, "filter": "\uad6c\uc5ed4:\uacbd\uc758\uc120 \ubc0f \uad00\ub828 \uc9c0\uc120", "check_db": "\uae40\uc885\ud601"}, "geometry": {"type": "MultiLineString", "coordinates": [[[125.85793819800006, 39.68665434500008], [125.86012228000004, 39.68858149700003], [125.86159974700001, 39.69031593500006], [125.86237060200006, 39.692243089000044], [125.86326993600005, 39.69609739800006], [125.86416926800007, 39.698538461000055], [125.86487588200009, 39.69950203700006], [125.8680235270001, 39.70117223400007], [125.86995065500003, 39.70226428600006], [125.87303405900002, 39.70239275900008], [125.87759492500004, 39.70200732300003], [125.88241274200004, 39.701621885000066], [125.88408837500003, 39.70151377700006], [125.88904498600004, 39.697954792000075]]]}}, {"type": "Feature", "properties": {"fid": 250, "OBJECTID": 353, "beginyear": 1916, "endyear": 9999, "RAIL_ID": "<none>", "comment": "-", "interval_i": "\uc6a9\ud765\ub9ac-\uc6b4\ud765\ub9ac", "rail_nm_kr": "\uac1c\ucc9c\uc120", "rail_nm_ch": "\uac1c\ucc9c\uc120", "rail_nm__1": 0, "rail_type": "\uad11\uada4", "rail_type_": 1949, "org_type": "\uc0ac\ucca0", "org_type_c": 1933, "org_nm_kr": "\uac1c\ucc9c\ucca0\ub3c4\uc8fc\uc2dd\ud68c\uc0ac", "Shape_Leng": 0.03004889849, "filter": "\uad6c\uc5ed4:\uacbd\uc758\uc120 \ubc0f \uad00\ub828 \uc9c0\uc120", "check_db": "\uae40\uc885\ud601"}, "geometry": {"type": "MultiLineString", "coordinates": [[[125.82893714200009, 39.68004983000003], [125.8299948450001, 39.68035900700005], [125.8346841880001, 39.68132257900004], [125.8384742070001, 39.68247886700004], [125.84264965200009, 39.68363515500005], [125.84431982900003, 39.68447025300003], [125.84573305700007, 39.68472720500006], [125.8481740850001, 39.68466296400004], [125.85093630000006, 39.68498415200003], [125.85459784300008, 39.68556229400008], [125.85646073200007, 39.685690770000065], [125.85793819800006, 39.68665434500008]]]}}, {"type": "Feature", "properties": {"fid": 258, "OBJECTID": 393, "beginyear": 1927, "endyear": -9999, "RAIL_ID": "<none>", "comment": "-", "interval_i": "\uc11c\ud3ec-\uc6a9\uc131", "rail_nm_kr": "\ud3c9\uc6d0\uc120", "rail_nm_ch": "\uc6a9\uc131\uc120", "rail_nm__1": 0, "rail_type": "\uad11\uada4", "rail_type_": 0, "org_type": "\uad6d\ucca0", "org_type_c": 0, "org_nm_kr": "-", "Shape_Leng": 0.06546812715, "filter": "\uad6c\uc5ed4:\uacbd\uc758\uc120 \ubc0f \uad00\ub828 \uc9c0\uc120", "check_db": "\uae40\uc885\ud601"}, "geometry": {"type": "MultiLineString", "coordinates": [[[125.73563389300011, 39.09218957100006], [125.73573707500009, 39.09373726500007], [125.73612250700012, 39.09656375800006], [125.7365645220001, 39.09860383700004], [125.74027488200011, 39.10058754500005], [125.74379606100001, 39.102876336000065], [125.74758132900001, 39.10560527700005], [125.75039827100011, 39.106925733000026], [125.75286309300009, 39.10683769800005], [125.7570004700001, 39.106133449000026], [125.76052164400005, 39.10595738300003], [125.76333858300006, 39.106485563000035], [125.76738794000005, 39.108862384000076], [125.77143729500006, 39.11141526400007], [125.775046502, 39.11326390100004], [125.77830359200004, 39.11520057000007], [125.78085645100009, 39.11872178800007], [125.78288113000008, 39.121098611000036], [125.78437763500006, 39.123475435000046], [125.78537718300004, 39.12535695300005]]]}}, {"type": "Feature", "properties": {"fid": 259, "OBJECTID": 394, "beginyear": 1927, "endyear": -9999, "RAIL_ID": "<none>", "comment": "-", "interval_i": "\uc6a9\uc131-\ub9c8\ub78c", "rail_nm_kr": "\ud3c9\uc6d0\uc120", "rail_nm_ch": "\uc6a9\uc131\uc120", "rail_nm__1": 0, "rail_type": "\uad11\uada4", "rail_type_": 0, "org_type": "\uad6d\ucca0", "org_type_c": 0, "org_nm_kr": "-", "Shape_Leng": 0.06858522029, "filter": "\uad6c\uc5ed4:\uacbd\uc758\uc120 \ubc0f \uad00\ub828 \uc9c0\uc120", "check_db": "\uae40\uc885\ud601"}, "geometry": {"type": "MultiLineString", "coordinates": [[[125.78537718300004, 39.12535695300005], [125.78587414000003, 39.126292411000065], [125.78807487600011, 39.12734877500003], [125.79053969900008, 39.12831710800003], [125.79203619800012, 39.128845289000026], [125.79291649400011, 39.129637563000074], [125.79494117400009, 39.132102416000066], [125.79670176700006, 39.135095454000066], [125.7978461570001, 39.138704705000066], [125.79863842700001, 39.141521682000075], [125.79960675400002, 39.143810476000056], [125.80180749600004, 39.14741972600007], [125.80436035200012, 39.15041276200003], [125.80717729500009, 39.15182124800003], [125.81034635200001, 39.152437457000076], [125.81237102800003, 39.15349382200003], [125.81298724100009, 39.15631079800005], [125.81448374400009, 39.15824747000005], [125.81721265600004, 39.16027216900005], [125.81967748300008, 39.162384899000074], [125.82090989700009, 39.163969448000046], [125.82108596100011, 39.166082182000025], [125.82090991000007, 39.16969143500006], [125.819325391, 39.17444508700004], [125.81910815800006, 39.176689915000054]]]}}, {"type": "Feature", "properties": {"fid": 260, "OBJECTID": 395, "beginyear": 1927, "endyear": -9999, "RAIL_ID": "<none>", "comment": "-", "interval_i": "\ub9c8\ub78c-\ubc30\uc0b0\uc810", "rail_nm_kr": "\ud3c9\uc6d0\uc120", "rail_nm_ch": "\ud3c9\ub77c\uc120", "rail_nm__1": 1965, "rail_type": "\uad11\uada4", "rail_type_": 0, "org_type": "\uad6d\ucca0", "org_type_c": 0, "org_nm_kr": "-", "Shape_Leng": 0.0751836353, "filter": "\uad6c\uc5ed4:\uacbd\uc758\uc120 \ubc0f \uad00\ub828 \uc9c0\uc120", "check_db": "\uae40\uc885\ud601"}, "geometry": {"type": "MultiLineString", "coordinates": [[[125.81910815800006, 39.176689915000054], [125.81906130800007, 39.177174035000064], [125.81855588600001, 39.179356007000024], [125.81967752300011, 39.18183965400004], [125.82099796800003, 39.183952386000044], [125.82214235200001, 39.185448904000054], [125.8243430870001, 39.18597708400006], [125.8268079070001, 39.18536086800003], [125.82988892900005, 39.18351222200005], [125.83314601000006, 39.18139948400005], [125.83649112300009, 39.17963886900003], [125.83922003200007, 39.18025508000005], [125.84282923900003, 39.18166356300003], [125.84775888600007, 39.18368826100004], [125.85277656200003, 39.18544886500007], [125.85550547300011, 39.18659326000005], [125.85673788500003, 39.187737655000035], [125.85770621300003, 39.189850388000025], [125.85717804300009, 39.19284342800006], [125.85761819600009, 39.19592449600003], [125.8581463810001, 39.20032602400005], [125.8592027410001, 39.20463952000006], [125.85981895400005, 39.208600895000075], [125.86061122800004, 39.213442575000045], [125.86084398700007, 39.214489994000076]]]}}, {"type": "Feature", "properties": {"fid": 261, "OBJECTID": 396, "beginyear": 1927, "endyear": -9999, "RAIL_ID": "<none>", "comment": "-", "interval_i": "\ubc30\uc0b0\uc810-\uc0ac\uc778\uc7a5", "rail_nm_kr": "\ud3c9\uc6d0\uc120", "rail_nm_ch": "\ud3c9\ub77c\uc120", "rail_nm__1": 1965, "rail_type": "\uad11\uada4", "rail_type_": 0, "org_type": "\uad6d\ucca0", "org_type_c": 0, "org_nm_kr": "-", "Shape_Leng": 0.03556556268, "filter": "\uad6c\uc5ed4:\uacbd\uc758\uc120 \ubc0f \uad00\ub828 \uc9c0\uc120", "check_db": "\uae40\uc885\ud601"}, "geometry": {"type": "MultiLineString", "coordinates": [[[125.86084398700007, 39.214489994000076], [125.86149152900009, 39.21740394900007], [125.86263591800002, 39.221101231000034], [125.86378030900005, 39.22523866600005], [125.86677331100009, 39.228055641000026], [125.86967828400009, 39.23104867700005], [125.87057690100005, 39.23209744600007], [125.87434384800008, 39.23536216700006], [125.87610443900007, 39.23747490000005], [125.87672064600008, 39.23897141800006], [125.876720653, 39.24222854900006], [125.87675133200003, 39.24330224900007], [125.876781907, 39.24437232900004]]]}}, {"type": "Feature", "properties": {"fid": 270, "OBJECTID": 405, "beginyear": 1928, "endyear": -9999, "RAIL_ID": "<none>", "comment": "-", "interval_i": "\uc0ac\uc778\uc7a5-\ubd09\ud559", "rail_nm_kr": "\ud3c9\uc6d0\uc120", "rail_nm_ch": "\ud3c9\ub77c\uc120", "rail_nm__1": 1965, "rail_type": "\uad11\uada4", "rail_type_": 0, "org_type": "\uad6d\ucca0", "org_type_c": 0, "org_nm_kr": "-", "Shape_Leng": 0.05788320341, "filter": "\uad6c\uc5ed4:\uacbd\uc758\uc120 \ubc0f \uad00\ub828 \uc9c0\uc120", "check_db": "\uae40\uc885\ud601"}, "geometry": {"type": "MultiLineString", "coordinates": [[[125.876781907, 39.24437232900004], [125.87716081200006, 39.24856674900008], [125.87760096400007, 39.251119635000066], [125.87900944000012, 39.25455282400003], [125.87988973800009, 39.25675358800004], [125.87971368400008, 39.259042382000075], [125.8804179220001, 39.261067085000036], [125.88182639700005, 39.26379603000004], [125.88376304600001, 39.26573270000006], [125.88561166400007, 39.26705315600003], [125.88657999000009, 39.26872573500003], [125.88613985000006, 39.27189483600006], [125.88622788500004, 39.27471181400006], [125.8870201530001, 39.27726469900006], [125.8874603060001, 39.279905615000075], [125.8875483380001, 39.28149016500004], [125.88686934300006, 39.28276105100008], [125.88446732000011, 39.28580366600005], [125.88270673900001, 39.288532616000055], [125.88191448100008, 39.291261564000024], [125.88253069000007, 39.29346232700004], [125.88437931300007, 39.29689551700005]]]}}, {"type": "Feature", "properties": {"fid": 271, "OBJECTID": 406, "beginyear": 1928, "endyear": -9999, "RAIL_ID": "<none>", "comment": "-", "interval_i": "\ubd09\ud559-\uc790\uc0b0", "rail_nm_kr": "\ud3c9\uc6d0\uc120", "rail_nm_ch": "\ud3c9\ub77c\uc120", "rail_nm__1": 1965, "rail_type": "\uad11\uada4", "rail_type_": 0, "org_type": "\uad6d\ucca0", "org_type_c": 0, "org_nm_kr": "-", "Shape_Leng": 0.07101506688, "filter": "\uad6c\uc5ed4:\uacbd\uc758\uc120 \ubc0f \uad00\ub828 \uc9c0\uc120", "check_db": "\uae40\uc885\ud601"}, "geometry": {"type": "MultiLineString", "coordinates": [[[125.88437931300007, 39.29689551700005], [125.88605187500002, 39.29927234000007], [125.88772443700009, 39.301913254000056], [125.8886927640001, 39.304290078000065], [125.88895685600005, 39.306402812000044], [125.88825262900002, 39.31045221900007], [125.88781249400006, 39.31582208300006], [125.88754841200011, 39.31855103100003], [125.88569980200009, 39.32127998000004], [125.88437936800005, 39.32453711200003], [125.88393922900002, 39.328322427000046], [125.8832350020001, 39.331755619000035], [125.88314697500005, 39.33325213900008], [125.88270683600001, 39.33703745300005], [125.88235472500003, 39.340822768000066], [125.88288290900005, 39.34434398900004], [125.8842913850001, 39.34795324000004], [125.88693226800001, 39.35006597100005], [125.8902773850001, 39.351562486000034], [125.89441476500008, 39.35217869500008], [125.89731973300002, 39.35288293700006], [125.89928339700009, 39.355353378000075]]]}}, {"type": "Feature", "properties": {"fid": 272, "OBJECTID": 407, "beginyear": 1928, "endyear": -9999, "RAIL_ID": "<none>", "comment": "-", "interval_i": "\uc790\uc0b0-\uc21c\ucc9c", "rail_nm_kr": "\ud3c9\uc6d0\uc120", "rail_nm_ch": "\ud3c9\ub77c\uc120", "rail_nm__1": 1965, "rail_type": "\uad11\uada4", "rail_type_": 0, "org_type": "\uad6d\ucca0", "org_type_c": 0, "org_nm_kr": "-", "Shape_Leng": 0.09357923156, "filter": "\uad6c\uc5ed4:\uacbd\uc758\uc120 \ubc0f \uad00\ub828 \uc9c0\uc120", "check_db": "\uae40\uc885\ud601"}, "geometry": {"type": "MultiLineString", "coordinates": [[[125.89928339700009, 39.355353378000075], [125.90004864900004, 39.356316125000035], [125.90277756600005, 39.361069771000075], [125.9049783050001, 39.36388674700004], [125.90550648600004, 39.36661569300003], [125.90550649200009, 39.369696762000046], [125.90559452500008, 39.371897527000044], [125.9051543810001, 39.373217984000064], [125.90709102900007, 39.374890562000076], [125.90885162000006, 39.37717935500007], [125.90893965100008, 39.378235723000046], [125.90849950800009, 39.379996334000055], [125.90770725000004, 39.38351755600007], [125.90797134700006, 39.38747893100003], [125.90823544200009, 39.39073606100004], [125.90929179900002, 39.39416925200004], [125.9123728300001, 39.39733834900005], [125.91501371600009, 39.400067292000074], [125.91774263000002, 39.40306032700005], [125.91906307200009, 39.40455684600005], [125.92223213000011, 39.40587730000004], [125.92522512900007, 39.407109724000065], [125.92742586400004, 39.40922245500008], [125.93085901500001, 39.41353594900005], [125.9334999030001, 39.417409289000034], [125.93534852400012, 39.420754448000025], [125.93746123200003, 39.423483393000026], [125.93904576400007, 39.426124308000055], [125.94247891200007, 39.42902931200007], [125.94394634600008, 39.43044970400007]]]}}, {"type": "Feature", "properties": {"fid": 273, "OBJECTID": 411, "beginyear": 1929, "endyear": 1950, "RAIL_ID": "<none>", "comment": "-", "interval_i": "\ucc3d\ub3c4-\ud654\uacc4", "rail_nm_kr": "\uae08\uac15\uc0b0\uc120", "rail_nm_ch": "\uae08\uac15\uc0b0\uc120", "rail_nm__1": 0, "rail_type": "\uad11\uada4", "rail_type_": 0, "org_type": "\uc0ac\ucca0", "org_type_c": 0, "org_nm_kr": "\uae08\uac15\uc0b0\uc804\uae30\ucca0\ub3c4 \uc8fc\uc2dd\ud68c\uc0ac", "Shape_Leng": 0.28832893924, "filter": "\uad6c\uc5ed5:\uacbd\uc6d0\uc120 \ubc0f \uad00\ub828 \uc9c0\uc120", "check_db": "\uae40\uc885\ud601"}, "geometry": {"type": "MultiLineString", "coordinates": [[[127.6706148620001, 38.50907123800005], [127.67175558400004, 38.50958677400007], [127.67239004900011, 38.51062115000008], [127.67320442500011, 38.51208113300004], [127.67394836400001, 38.513792969000065], [127.67564315600009, 38.516619570000046], [127.67656411100006, 38.51778217400005], [127.67757654900004, 38.51899191200005], [127.67858991300011, 38.520296975000065], [127.67947638500004, 38.521006896000074], [127.68030220000003, 38.52171716000004], [127.6809419760001, 38.52199947300005], [127.68203503500001, 38.52208847800006], [127.68291730200008, 38.522345538000025], [127.68373822600006, 38.52253144500003], [127.68458724200002, 38.52247883500007], [127.68582907600012, 38.52225708800006], [127.68779494400007, 38.521602071000075], [127.68888370700006, 38.52123817800003], [127.68963852200011, 38.520852400000024], [127.69051830500007, 38.520847237000055], [127.691975178, 38.520910177000076], [127.69339736400002, 38.52136438800005], [127.69446191400004, 38.521644122000055], [127.69610243300008, 38.52187276800004], [127.69710701400004, 38.52222433600008], [127.69741291200012, 38.52248470200004], [127.69735727400007, 38.52300939300005], [127.69657877600002, 38.52408656600005], [127.69607285000006, 38.525114450000046], [127.69604891200004, 38.525781960000074], [127.69641916100011, 38.52642330300006], [127.69678598300004, 38.526707144000056], [127.69745735300012, 38.527108353000074], [127.69833812800005, 38.52719846300005], [127.69934095500003, 38.52735934400005], [127.70003969600009, 38.52745052500006], [127.70061730700002, 38.527566257000046], [127.7014063800001, 38.527585388000034], [127.70204213800002, 38.52743858500003], [127.70301117200006, 38.52724211900005], [127.70382642000004, 38.52683205400007], [127.70467130400004, 38.526350301000036], [127.70608937700001, 38.525531417000025], [127.70714613900009, 38.525000704000036], [127.70829692600012, 38.52477926700004], [127.70920662700007, 38.52472611200005], [127.71066359200006, 38.52478881900004], [127.71218334200012, 38.52506563900005], [127.71373461600001, 38.52546141900007], [127.71559235400002, 38.52616516300003], [127.717145318, 38.52672773100005], [127.71885118600005, 38.52740851500005], [127.71979692600007, 38.52792709000005], [127.72180862200003, 38.52884430300003], [127.72348804600006, 38.52990653400008], [127.72492097700001, 38.53058890900007], [127.72540715100001, 38.530657414000075], [127.7261045240001, 38.530605439000055], [127.72698179000008, 38.53033783800004], [127.72785857200006, 38.530022563000045], [127.72867682100002, 38.529922155000065], [127.72913385100003, 38.53010999800006], [127.72983936800006, 38.530868326000075], [127.73103622600001, 38.53220515700008], [127.73246431200005, 38.53299710700003], [127.73341503600011, 38.533391599000026], [127.73487465500011, 38.53369709900005], [127.73582250100003, 38.53380557500003], [127.73673364700005, 38.53388567300004], [127.73764392200007, 38.53387996400005], [127.73840593200009, 38.53361776600008], [127.73924046700006, 38.53332650600004], [127.74010148100001, 38.53206262500004], [127.74103207100006, 38.530483684000046], [127.74138914800005, 38.52979499700007], [127.74228181, 38.52807327700003], [127.74292426600005, 38.52681075500004], [127.7433558780001, 38.526293200000055], [127.74433300200008, 38.52571498700007], [127.74570734800011, 38.52481963100007], [127.7471556480001, 38.52403819500006], [127.74845947600011, 38.523372067000025], [127.74972539700002, 38.52256315900007], [127.75077818700004, 38.522270425000045], [127.75215891100004, 38.52200418500007], [127.75357959300004, 38.52208089000004], [127.75508948100003, 38.522326288000045], [127.75679068400007, 38.52277529600008], [127.75803742800008, 38.52362530600004], [127.75888523200001, 38.52462088600004], [127.7589685160001, 38.525621398000055], [127.75851108100005, 38.527140227000075], [127.75848454400011, 38.52808424500006], [127.75934168900005, 38.52996640500004], [127.75993801700008, 38.53127821600003], [127.76056897600006, 38.532418190000044], [127.76116054400006, 38.53327240200008], [127.76234101500006, 38.53472342200007], [127.76351791800005, 38.535831236000035], [127.764657241, 38.53682487700007], [127.76554110000006, 38.53776296900003], [127.76638524300006, 38.53838669600003], [127.76712076700005, 38.53906833100007], [127.76854846900005, 38.53977403700003], [127.76939084000003, 38.540226146000066], [127.77005024100004, 38.54059364500006], [127.77099700800011, 38.540587438000045], [127.77204966600004, 38.54026591200005], [127.77305374900004, 38.539902753000035], [127.77440710000008, 38.539363759000025], [127.77545605400007, 38.53869901100006], [127.77584466200005, 38.53758099300006], [127.776303632, 38.536233699000036], [127.77647343900003, 38.53508852200008], [127.77675094200004, 38.533799627000064], [127.77764709700011, 38.53247803800008], [127.77840157600008, 38.531529198000044], [127.78009774500003, 38.53011648300003], [127.78128937200006, 38.52919332300007], [127.78258649000009, 38.52792623200003], [127.78439264100007, 38.52659852700003], [127.78594884200004, 38.525730087000056], [127.78674388900004, 38.52518134200005], [127.788525305, 38.524940591000075], [127.79001951200007, 38.525073563000035], [127.7919888780001, 38.52537492300007], [127.7937812350001, 38.52613506800003], [127.79484580500002, 38.52692871000005], [127.79551556400008, 38.52823984200006], [127.79622206800002, 38.529579322000075], [127.79692797100006, 38.53086159800006], [127.7969352020001, 38.53151937900003], [127.79749361000006, 38.53263104400003], [127.79802003300006, 38.53414334100006], [127.79855057300006, 38.53602742400005], [127.79874775700011, 38.53739894700004], [127.79900705500006, 38.53779760300006], [127.79999524200002, 38.538248501000055], [127.80120223400002, 38.53872649900006], [127.8020422620001, 38.53894957800003], [127.80309824000005, 38.53894236600007], [127.80447844200012, 38.53861830900007], [127.80596278200005, 38.53783590300003], [127.80683158600004, 38.53737231900004], [127.80752150500007, 38.53719597300005], [127.8087128950001, 38.53627253700006], [127.81044881900004, 38.535202327000036], [127.81243764300007, 38.533958736000045], [127.81395788900011, 38.53314737900007], [127.81519100500009, 38.53270981000003], [127.81609931700007, 38.53253189700007], [127.81729986800008, 38.53243774900005], [127.8184656200001, 38.53248683700008], [127.8195939960001, 38.53245037000005], [127.82053773100006, 38.53218637200007], [127.82147789400005, 38.531607776000044], [127.82263714400005, 38.53108484200004], [127.8237638700001, 38.53090534000006], [127.82474950900007, 38.53112723600003], [127.82577123800002, 38.53132026900005], [127.82671558800007, 38.531113419000064], [127.8280194460001, 38.53050361000004], [127.82913960600001, 38.52975207700007], [127.83051852800008, 38.529341920000036], [127.83229594800002, 38.52875731700004], [127.83327994000001, 38.52883614700005], [127.83459555200011, 38.52925582800003], [127.83580591300006, 38.53001945900007], [127.8368716550001, 38.530869911000025], [127.83826741900009, 38.531918209000025], [127.83944410300012, 38.53291085200004], [127.84051059400008, 38.53381846900004], [127.84120736400007, 38.53424250100005], [127.84223582400011, 38.53500736600006], [127.84336888000007, 38.53537105400005], [127.84428115000003, 38.53553610900008], [127.84526291000009, 38.53541464500006], [127.84594370100001, 38.53446590300007], [127.8467677750001, 38.53331591600005], [127.84748593900008, 38.53245270100007], [127.84813461400006, 38.531875995000064], [127.8488554270001, 38.53124156000007], [127.8495795770001, 38.53089311100007], [127.85016379100011, 38.531031890000065], [127.85075505600003, 38.53177124300004], [127.85095120100004, 38.532971076000024], [127.85103845900005, 38.53420029800003], [127.85130643200011, 38.535313805000044], [127.8519391960001, 38.53648186800007], [127.85271594800008, 38.53750587700006], [127.85356049300003, 38.53810037000005], [127.85495258800006, 38.53880527700005], [127.85619973500002, 38.53956842700006], [127.85708954100005, 38.54090619500005], [127.85768231300005, 38.54175990500005], [127.85904115500011, 38.54272241700005], [127.86054603200012, 38.54371244400005], [127.86149826000008, 38.54416308300006], [127.86219014700009, 38.54415800600003], [127.86353409600008, 38.543862122000064], [127.86454723100007, 38.543311248000066], [127.86534049600004, 38.54264757900006], [127.86610314500001, 38.542470352000066], [127.86701623800002, 38.54269242400005], [127.86837556300009, 38.54368342500004], [127.87043574900008, 38.54541284700008], [127.87197897600004, 38.546545448000074], [127.87348514400003, 38.54762110100006], [127.87564997800007, 38.548949235000066], [127.87645600500002, 38.549343640000075], [127.87777396900003, 38.54990582000005], [127.87964030700005, 38.55063548700008], [127.88055632500004, 38.551086241000064], [127.88143837200005, 38.551737450000076], [127.8825060150001, 38.552673269000024], [127.88361499000007, 38.55400918300006], [127.8852464790001, 38.55637078800004], [127.88643750800009, 38.55844968200006], [127.88754980100009, 38.56004294100006], [127.88908480400005, 38.56189537700004]]]}}, {"type": "Feature", "properties": {"fid": 274, "OBJECTID": 412, "beginyear": 1924, "endyear": 1950, "RAIL_ID": "<none>", "comment": "-", "interval_i": "\ucca0\uc6d0-\uae40\ud654", "rail_nm_kr": "\uae08\uac15\uc0b0\uc120", "rail_nm_ch": "\uae08\uac15\uc0b0\uc120", "rail_nm__1": 0, "rail_type": "\uad11\uada4", "rail_type_": 0, "org_type": "\uc0ac\ucca0", "org_type_c": 0, "org_nm_kr": "\uae08\uac15\uc0b0\uc804\uae30\ucca0\ub3c4 \uc8fc\uc2dd\ud68c\uc0ac", "Shape_Leng": 0.3113594433, "filter": "\uad6c\uc5ed5:\uacbd\uc6d0\uc120 \ubc0f \uad00\ub828 \uc9c0\uc120", "check_db": "\uae40\uc885\ud601"}, "geometry": {"type": "MultiLineString", "coordinates": [[[127.19322814200007, 38.27239320900003], [127.19243549700002, 38.26943455400004], [127.19509879500004, 38.26635508000004], [127.20134089500004, 38.25977998600007], [127.20575197800008, 38.25561853600004], [127.20966369400003, 38.25312166400005], [127.2119108500001, 38.25112416800005], [127.21265990300003, 38.24920990000004], [127.21315927100011, 38.24729563200003], [127.2149070590001, 38.24629688500005], [127.22273049000012, 38.24296772400004], [127.23138620000009, 38.24055408400005], [127.23363335500005, 38.23988825200007], [127.23588051100012, 38.24055408500004], [127.24212260900003, 38.24429939300006], [127.24761565200004, 38.24796147400008], [127.25444034400005, 38.25287198900003], [127.2792422760001, 38.26385822900005], [127.30104800100003, 38.27509415700007], [127.31245023000008, 38.28042081800004], [127.34382716800008, 38.29407039100005], [127.35306547000005, 38.298065389000044], [127.35514616900002, 38.29972997100003], [127.357226867, 38.30056226200003], [127.38061392100008, 38.30863548700006], [127.3853579150001, 38.30938455100005], [127.40832883200005, 38.31229757700004], [127.41157472200007, 38.312547264000045], [127.41515352400006, 38.314960909000035], [127.42039688500006, 38.315709973000025], [127.42905259400004, 38.315876434000074], [127.43837412900007, 38.31279696400003], [127.44411686, 38.31005040800005], [127.44702984100002, 38.308136141000034], [127.45044218700002, 38.30672125000007], [127.45243966100008, 38.30405792000005], [127.4536048550001, 38.30122813400004], [127.45452036600011, 38.29748282800006], [127.45585201400002, 38.29573501900006], [127.46126183700005, 38.290574820000074]]]}}, {"type": "Feature", "properties": {"fid": 275, "OBJECTID": 413, "beginyear": 1922, "endyear": 2013, "RAIL_ID": "<none>", "comment": "-", "interval_i": "\uc11c\ud568\ud765-\uc11c\ud638\uc9c4", "rail_nm_kr": "\ud765\ub0a8\uc120", "rail_nm_ch": "\ud765\ub0a8\uc120", "rail_nm__1": 0, "rail_type": "\ud611\uada4", "rail_type_": 0, "org_type": "\uc0ac\ucca0", "org_type_c": 0, "org_nm_kr": "\uc2e0\ud765\ucca0\ub3c4\uc8fc\uc2dd\ud68c\uc0ac", "Shape_Leng": 0.20843265197, "filter": "\uad6c\uc5ed5:\uacbd\uc6d0\uc120 \ubc0f \uad00\ub828 \uc9c0\uc120", "check_db": "\uae40\uc885\ud601"}, "geometry": {"type": "MultiLineString", "coordinates": [[[127.64988753400007, 39.82725486800007], [127.64860711800009, 39.82896211000008], [127.64809495000009, 39.83084008000003], [127.64809494700012, 39.832461961000035], [127.64843639000003, 39.83382775600006], [127.64724133400011, 39.836132537000026], [127.64476586500007, 39.837839778000045], [127.63380571800008, 39.840583268000046], [127.62182086700011, 39.841495165000026], [127.61856411300005, 39.84201625000003], [127.61152952300006, 39.84585927200004], [127.5993492660001, 39.845663854000065], [127.59283576000007, 39.84618493900007], [127.58873224800004, 39.84924632900004], [127.579873872, 39.856802102000074], [127.56691198400006, 39.86781008300005], [127.56398090500011, 39.86989443300007], [127.56170117300007, 39.87412827300005], [127.55916089900006, 39.87992537900004], [127.56007278600009, 39.88370326800003], [127.56489276500008, 39.89901023700003], [127.56437167800004, 39.904807342000026], [127.56398086500008, 39.90721737500007], [127.56391572500002, 39.91216771200004], [127.56202680400008, 39.91561992100003], [127.55753248400003, 39.91802995100005], [127.54880438500004, 39.92043997800005], [127.54463574100009, 39.921156472000064], [127.54170466500011, 39.92011429400003], [127.53870845600011, 39.91653181100003], [127.53544611300003, 39.908588268000074], [127.53519880500005, 39.90770893100006], [127.53497897600005, 39.90573042500006], [127.53473166800006, 39.90375191800007], [127.53360503600004, 39.901910806000046], [127.53234543000008, 39.90126383200004], [127.52756521700007, 39.90169063900004], [127.52568727500011, 39.90288571000008], [127.52252891700005, 39.90612947300008], [127.52144508100002, 39.90782027800003]]]}}, {"type": "Feature", "properties": {"fid": 279, "OBJECTID": 417, "beginyear": 1919, "endyear": 2013, "RAIL_ID": "<none>", "comment": "\uc911\uc559\uc120(1935), \uacbd\uacbd\uc120(1939)", "interval_i": "\uc784\ud3ec-\uc601\ucc9c", "rail_nm_kr": "\uacbd\ub3d9\uc120", "rail_nm_ch": "\uc911\uc559\uc120", "rail_nm__1": 1945, "rail_type": "\uad11\uada4", "rail_type_": 0, "org_type": "\uc0ac\ucca0", "org_type_c": 1938, "org_nm_kr": "\uc870\uc120\ucca0\ub3c4\uc8fc\uc2dd\ud68c\uc0ac", "Shape_Leng": 0.0930178931, "filter": "\uad6c\uc5ed3:\uacbd\ubd80\uc120\uc758 \ub3d9\ubd81\ubd80 \uc9c0\uc5ed \ucca0\ub3c4", "check_db": "\uae40\uc885\ud601"}, "geometry": {"type": "MultiLineString", "coordinates": [[[129.01193012400006, 35.920733952000035], [129.00877531800006, 35.923703198000055], [129.005991665, 35.92620850000003], [129.00190898200003, 35.92778590700004], [128.9973131380001, 35.92936996800006], [128.99579663500003, 35.93023654500007], [128.99356971400005, 35.93209232400005], [128.98995096500005, 35.935711092000076], [128.98568269700002, 35.94016496300003], [128.982249528, 35.94276305200003], [128.9769606010001, 35.94369093300003], [128.97297071000003, 35.94331976900003], [128.96842409200008, 35.942577448000065], [128.9661043850001, 35.94424764900003], [128.96545486200012, 35.946381796000026], [128.96582600500005, 35.94990778500005], [128.96740339300004, 35.95371214100004], [128.9672178070001, 35.95742370700003], [128.96489809500008, 35.95983621800008], [128.9603514700001, 35.961970361000056], [128.95710388600003, 35.96132083100008], [128.95209332900004, 35.96002177400004], [128.94615488800002, 35.95946502900006], [128.94396904200005, 35.95932840800003]]]}}, {"type": "Feature", "properties": {"fid": 280, "OBJECTID": 419, "beginyear": 1929, "endyear": -9999, "RAIL_ID": "<none>", "comment": "-", "interval_i": "\uc218\uc591-\uc2e0\ucc3d", "rail_nm_kr": "\ud3c9\uc6d0\uc120", "rail_nm_ch": "\ud3c9\ub77c\uc120", "rail_nm__1": 1965, "rail_type": "\uad11\uada4", "rail_type_": 0, "org_type": "\uad6d\ucca0", "org_type_c": 0, "org_nm_kr": "-", "Shape_Leng": 0.05485951319, "filter": "\uad6c\uc5ed4:\uacbd\uc758\uc120 \ubc0f \uad00\ub828 \uc9c0\uc120", "check_db": "\uae40\uc885\ud601"}, "geometry": {"type": "MultiLineString", "coordinates": [[[126.07193387400002, 39.39156789100008], [126.07289835400002, 39.391035755000075], [126.0768596690001, 39.38821877300006], [126.07976463200009, 39.38610603700005], [126.08187733300008, 39.38496163800005], [126.08460624200006, 39.384961635000025], [126.08715909200009, 39.385929969000074], [126.08944785800009, 39.38804270000003], [126.09182465300012, 39.39085967500006], [126.09367327300004, 39.39314846700006], [126.09622612600003, 39.39526119900006], [126.10001138700011, 39.395525286000066], [126.10265226500007, 39.39561331400006], [126.10643752600004, 39.39526118900005], [126.10749366200002, 39.395170661000066], [126.10951855100006, 39.394997094000075], [126.11145519500008, 39.39517315300003], [126.11330381200003, 39.39605345700005], [126.11629681200009, 39.39834224800006], [126.11902572400004, 39.400190888000054]]]}}, {"type": "Feature", "properties": {"fid": 356, "OBJECTID": 525, "beginyear": 1929, "endyear": 1953, "RAIL_ID": "<none>", "comment": "-", "interval_i": "\uc548\ubcc0-\uc0c1\uc74c", "rail_nm_kr": "\ub3d9\ud574\ubd81\ubd80\uc120", "rail_nm_ch": "\ub3d9\ud574\ubd81\ubd80\uc120", "rail_nm__1": 0, "rail_type": "\uad11\uada4", "rail_type_": 0, "org_type": "\uad6d\ucca0", "org_type_c": 0, "org_nm_kr": "-", "Shape_Leng": 0.15321354986, "filter": "\uad6c\uc5ed5:\uacbd\uc6d0\uc120 \ubc0f \uad00\ub828 \uc9c0\uc120", "check_db": "\uae40\uc885\ud601"}, "geometry": {"type": "MultiLineString", "coordinates": [[[127.60914658500008, 39.13391383100003], [127.60842465000007, 39.13334387300006], [127.60595982900008, 39.13255159600004], [127.60358303800001, 39.13184735100003], [127.59962171900008, 39.130086738000045], [127.59592449000002, 39.12815006200003], [127.59231528900011, 39.125685204000035], [127.58703353100009, 39.12189988700004], [127.58316024200008, 39.120315334000054], [127.57963907100009, 39.11864275200003], [127.5755016920001, 39.11723426000003], [127.57215658000007, 39.11538561500004], [127.56916358400008, 39.11362500200005], [127.56705088100011, 39.11212848200006], [127.56502620800006, 39.11010377700006], [127.56273744600003, 39.109135440000045], [127.5607127720001, 39.10851922400008], [127.56027262500004, 39.10834316300003], [127.55754371700004, 39.10711073400006], [127.55543101400008, 39.10535012100007], [127.55499086900011, 39.103501479000045], [127.55499086900011, 39.10297329600007], [127.55516693200002, 39.098571768000056], [127.55490285000008, 39.09293781100007], [127.55490285600001, 39.087215825000044], [127.55419862300005, 39.085015060000046], [127.55287818600004, 39.08237414300004], [127.55058942300002, 39.08096565300008], [127.54847671900006, 39.080437467000024], [127.54601189800007, 39.07973322200007], [127.54345904900003, 39.07850079200006], [127.54011393500002, 39.07709230100005], [127.53659276200005, 39.07506759600005], [127.532367356, 39.07313092100003], [127.52937436000002, 39.07128227800007], [127.52778983400003, 39.06820120700007], [127.52418063800008, 39.06098269800003], [127.52286019900009, 39.05948617800004], [127.51484953300007, 39.05350009400007], [127.51220865400012, 39.051123268000026], [127.51168047800002, 39.05068311600007], [127.50859945500008, 39.04672173700004], [127.505694489, 39.04416885000006], [127.50358178300007, 39.04416884900007], [127.50025532500001, 39.04518475200007]]]}}, {"type": "Feature", "properties": {"fid": 357, "OBJECTID": 526, "beginyear": 1929, "endyear": 1953, "RAIL_ID": "<none>", "comment": "-", "interval_i": "\uc0c1\uc74c-\ud761\uace1", "rail_nm_kr": "\ub3d9\ud574\ubd81\ubd80\uc120", "rail_nm_ch": "\ub3d9\ud574\ubd81\ubd80\uc120", "rail_nm__1": 0, "rail_type": "\uad11\uada4", "rail_type_": 0, "org_type": "\uad6d\ucca0", "org_type_c": 0, "org_nm_kr": "-", "Shape_Leng": 0.17192957604, "filter": "\uad6c\uc5ed5:\uacbd\uc6d0\uc120 \ubc0f \uad00\ub828 \uc9c0\uc120", "check_db": "\uae40\uc885\ud601"}, "geometry": {"type": "MultiLineString", "coordinates": [[[127.7382544410001, 39.067546159000074], [127.73580318600011, 39.07110635500004], [127.73333835900007, 39.07533181900004], [127.73342638800011, 39.07638818700008], [127.73465879300011, 39.079205166000065], [127.73606726000003, 39.081493962000025], [127.73685952300002, 39.08307851300003], [127.73641937400009, 39.08413487900003], [127.73483484300004, 39.085983519000024], [127.7335144010001, 39.08871246600006], [127.73192986700008, 39.09223368800008], [127.73104957200007, 39.09373020700008], [127.7277044550001, 39.09566687600005], [127.72136633700006, 39.09954021500005], [127.71898954300002, 39.100068398000076], [127.71450004600001, 39.10094870000006], [127.708337991, 39.101829001000056], [127.70217593600012, 39.10226914900005], [127.69548570400002, 39.10350157200003], [127.69055606000006, 39.10464596600008], [127.68703488400001, 39.10499808600008], [127.68448203600008, 39.104117778000045], [127.68166509700006, 39.103501563000066], [127.67708757200012, 39.10306140700004], [127.67303822200006, 39.101917006000065], [127.66969310800005, 39.10200503400006], [127.66573178700003, 39.10209306100006], [127.66273878800007, 39.10288533500005], [127.656928848, 39.10482200300004], [127.65437599800009, 39.10561427700003], [127.65129496700001, 39.10895943500003], [127.64654137700006, 39.11283277700005], [127.64222793600004, 39.11591384400003], [127.63773843500007, 39.119699155000035], [127.63500952100003, 39.123308406000035], [127.63219258000004, 39.126389474000064], [127.63122425400002, 39.128414177000025], [127.63034396100011, 39.12964660400007], [127.62814322400004, 39.131407214000035], [127.62779110500003, 39.132639641000026], [127.62726292800005, 39.13369600800007], [127.62611854500005, 39.134576313000025], [127.62435795800002, 39.13580874000007], [127.6228614580001, 39.137569349000046], [127.62127692700005, 39.139065868000046], [127.61934028100006, 39.139682081000046], [127.61678743100003, 39.13985814100005], [127.61458669800004, 39.13924192600007], [127.61282611100012, 39.13792146600008], [127.61009720600009, 39.134664334000036], [127.60914658500008, 39.13391383100003]]]}}, {"type": "Feature", "properties": {"fid": 367, "OBJECTID": 550, "beginyear": 1919, "endyear": -9999, "RAIL_ID": "<none>", "comment": "\ub3c4\ubb38\uc11c\ubd80\uc120(1929), \ud568\uacbd\uc120(1940)", "interval_i": "\ud68c\ub839-\uae08\uc0dd", "rail_nm_kr": "\ud568\uacbd\ubcf8\uc120", "rail_nm_ch": "\ud568\ubd81\uc120", "rail_nm__1": 0, "rail_type": "\ud611\uada4", "rail_type_": 0, "org_type": "\uad6d\ucca0", "org_type_c": 1929, "org_nm_kr": "-", "Shape_Leng": 0.02600169191, "filter": "\uad6c\uc5ed5:\uacbd\uc6d0\uc120 \ubc0f \uad00\ub828 \uc9c0\uc120", "check_db": "\uae40\uc885\ud601"}, "geometry": {"type": "MultiLineString", "coordinates": [[[129.7407803850001, 42.45078686800008], [129.7409216090001, 42.453329204000056], [129.74035663100005, 42.457566427000074], [129.74042724100002, 42.45897883400005], [129.7429694980001, 42.464204754000036], [129.74452309900005, 42.46731205700007], [129.7450880450001, 42.46844198600007], [129.74480555800005, 42.47013687500004], [129.74381687900006, 42.472255483000026], [129.74339315300006, 42.47402099200008], [129.74367167800006, 42.47533772100007]]]}}, {"type": "Feature", "properties": {"fid": 368, "OBJECTID": 552, "beginyear": 1919, "endyear": -9999, "RAIL_ID": "<none>", "comment": "\ub3c4\ubb38\uc11c\ubd80\uc120(1929), \ud568\uacbd\uc120(1940)", "interval_i": "\ud559\ud3ec-\uc2e0\uc804", "rail_nm_kr": "\ud568\uacbd\ubcf8\uc120", "rail_nm_ch": "\ud568\ubd81\uc120", "rail_nm__1": 0, "rail_type": "\ud611\uada4", "rail_type_": 0, "org_type": "\uad6d\ucca0", "org_type_c": 1929, "org_nm_kr": "-", "Shape_Leng": 0.10088647882, "filter": "\uad6c\uc5ed5:\uacbd\uc6d0\uc120 \ubc0f \uad00\ub828 \uc9c0\uc120", "check_db": "\uae40\uc885\ud601"}, "geometry": {"type": "MultiLineString", "coordinates": [[[129.75723376200006, 42.59499380200003], [129.75775237400012, 42.59631272400003], [129.75853748300005, 42.598311254000066], [129.76067871500004, 42.59966740500005], [129.7623916980001, 42.60088080400004], [129.76467568400005, 42.60152319600007], [129.7669596710001, 42.60202283600006], [129.7696005350001, 42.60180871600005], [129.7717417780001, 42.60109496300004], [129.77366889300004, 42.601451850000046], [129.77531050400012, 42.602379744000075], [129.77695212000003, 42.602665253000055], [129.77830823400006, 42.60323626600007], [129.77959297200005, 42.60430691000005], [129.7801639590001, 42.606091313000036], [129.78152006800008, 42.607804342000065], [129.78201966900008, 42.61108764100004], [129.78109178700004, 42.61315754100008], [129.77966428500008, 42.61444230600006], [129.7763810470001, 42.61501330200008], [129.77402567900003, 42.61558430200006], [129.7691721970001, 42.616512174000036], [129.76560346300005, 42.61665491500003], [129.762605731, 42.61601252100007], [129.76053586600005, 42.61594113700005], [129.7571098740001, 42.61708314200007], [129.75525412900004, 42.61793964800006], [129.75375524700007, 42.62015230000003], [129.75425485200003, 42.623078719000034], [129.75546821000012, 42.62493450000005], [129.75896555200006, 42.62764679900005], [129.76253427400002, 42.62935983500006], [129.76588887600008, 42.63057323900006], [129.7671022400001, 42.63150113100005], [129.76667398000006, 42.63349965900005], [129.7640330900001, 42.63785358700005], [129.76182046300005, 42.63999485900007], [129.7591082240001, 42.640351732000056], [129.7556108660001, 42.64035172000007]]]}}, {"type": "Feature", "properties": {"fid": 369, "OBJECTID": 553, "beginyear": 1919, "endyear": -9999, "RAIL_ID": "<none>", "comment": "\ub3c4\ubb38\uc11c\ubd80\uc120(1929), \ud568\uacbd\uc120(1940)", "interval_i": "\uc2e0\uc804-\uac04\ud3c9", "rail_nm_kr": "\ud568\uacbd\ubcf8\uc120", "rail_nm_ch": "\ud568\ubd81\uc120", "rail_nm__1": 0, "rail_type": "\ud611\uada4", "rail_type_": 0, "org_type": "\uad6d\ucca0", "org_type_c": 1929, "org_nm_kr": "-", "Shape_Leng": 0.06251227353, "filter": "\uad6c\uc5ed5:\uacbd\uc6d0\uc120 \ubc0f \uad00\ub828 \uc9c0\uc120", "check_db": "\uae40\uc885\ud601"}, "geometry": {"type": "MultiLineString", "coordinates": [[[129.7556108660001, 42.64035172000007], [129.75254175100008, 42.64085134100003], [129.75111424700003, 42.642635737000035], [129.7502577470001, 42.64349224600005], [129.74911574700002, 42.64427737800003], [129.749258488, 42.64563352300007], [129.7496153500001, 42.64763205300005], [129.75197070500008, 42.649059581000074], [129.7535409410001, 42.650130226000044], [129.75553942700003, 42.650772618000076], [129.75725241300006, 42.65170051100006], [129.75925089800012, 42.652771159000054], [129.76074976000007, 42.65355630000005], [129.762534124, 42.65398456200006], [129.76567462200012, 42.651914668000074], [129.76788725400002, 42.64898825800003], [129.76810139000008, 42.64706110700007], [129.76867239400008, 42.64584771600005], [129.76902927600008, 42.64434882100005], [129.76974303100008, 42.64320680700007], [129.7724552740001, 42.642136175000076], [129.77481064200003, 42.64163655200008], [129.77787975800004, 42.64042316900003], [129.78037787000005, 42.640780059000065], [129.78366110000002, 42.64127970100003], [129.7860878340001, 42.64227897300003], [129.78701569400005, 42.64399200100007], [129.78701568100007, 42.64606190600006], [129.7863019230001, 42.64784630400004]]]}}, {"type": "Feature", "properties": {"fid": 370, "OBJECTID": 554, "beginyear": 1919, "endyear": -9999, "RAIL_ID": "<none>", "comment": "\ub3c4\ubb38\uc11c\ubd80\uc120(1929), \ud568\uacbd\uc120(1940)", "interval_i": "\uac04\ud3c9-\uc0c1\uc0bc\ubd09", "rail_nm_kr": "\ud568\uacbd\ubcf8\uc120", "rail_nm_ch": "\ud568\ubd81\uc120", "rail_nm__1": 0, "rail_type": "\ud611\uada4", "rail_type_": 0, "org_type": "\uad6d\ucca0", "org_type_c": 1929, "org_nm_kr": "-", "Shape_Leng": 0.06697296979, "filter": "\uad6c\uc5ed5:\uacbd\uc6d0\uc120 \ubc0f \uad00\ub828 \uc9c0\uc120", "check_db": "\uae40\uc885\ud601"}, "geometry": {"type": "MultiLineString", "coordinates": [[[129.7863019230001, 42.64784630400004], [129.7844461740001, 42.64920244100006], [129.7822335520001, 42.65048720200008], [129.77959268200004, 42.65155783400007], [129.778254037, 42.65324570700005], [129.7771020460001, 42.65636151500007], [129.77672533300006, 42.658471072000054], [129.77676614300003, 42.65940985700007], [129.7768759930001, 42.661936774000026], [129.7774033490001, 42.66562850100007], [129.7763485790001, 42.66758737200007], [129.77627322500007, 42.669772271000056], [129.77642389400012, 42.67150512200004], [129.77803296700006, 42.67292884600005], [129.7803415510001, 42.674443447000044], [129.783505826, 42.67459414100006], [129.78546466400007, 42.67429278100008], [129.78689612800008, 42.67338869000008], [129.78832759500006, 42.67188186900006], [129.79006041900004, 42.67090243700005], [129.79176041200003, 42.67085522000008], [129.7927726570001, 42.67082710400007], [129.79480683200006, 42.671128477000025], [129.7969916830001, 42.67210792100008], [129.79925187100002, 42.67361475600006], [129.80188875200008, 42.67602568800004], [129.80316951500004, 42.67851195600008], [129.80249144800007, 42.67979275700003], [129.80090930200004, 42.68107355400008], [129.79834774000005, 42.68205298200007]]]}}, {"type": "Feature", "properties": {"fid": 371, "OBJECTID": 555, "beginyear": 1924, "endyear": -9999, "RAIL_ID": "<none>", "comment": "\ub3c4\ubb38\uc11c\ubd80\uc120(1929)", "interval_i": "\uc0c1\uc0bc\ubd09-\uc885\uc131", "rail_nm_kr": "\ub3c4\ubb38\uc120", "rail_nm_ch": "\ud568\ubd81\uc120", "rail_nm__1": 0, "rail_type": "\ud611\uada4", "rail_type_": 1933, "org_type": "\uc0ac\ucca0", "org_type_c": 1929, "org_nm_kr": "\ub3c4\ubb38\ucca0\ub3c4\uc8fc\uc2dd\ud68c\uc0ac", "Shape_Leng": 0.09936905506, "filter": "\uad6c\uc5ed5:\uacbd\uc6d0\uc120 \ubc0f \uad00\ub828 \uc9c0\uc120", "check_db": "\uae40\uc885\ud601"}, "geometry": {"type": "MultiLineString", "coordinates": [[[129.79834774000005, 42.68205298200007], [129.7963135550001, 42.68310775400005], [129.79427937200012, 42.68408718500007], [129.7911904330001, 42.68453922200007], [129.78832751700008, 42.68461455400006], [129.7850878910001, 42.686196711000036], [129.7789100000001, 42.68928568500007], [129.77830587000005, 42.68982269600008], [129.77755387500008, 42.69049114300003], [129.77680046700004, 42.692148649000046], [129.77567036300002, 42.69290205900006], [129.77254666300007, 42.69335939500007], [129.77184890700005, 42.69441061900005], [129.7707419420001, 42.69752395900008], [129.77056669600006, 42.69788241800006], [129.76961870600007, 42.69982150000004], [129.76934175400004, 42.70231970400005], [129.76873902300008, 42.704278577000025], [129.7687390100001, 42.70631279300005], [129.76868973700005, 42.708291952000025], [129.77017043400008, 42.71188805600008], [129.773259337, 42.71723730100007], [129.77687561400012, 42.72349064400004], [129.77913578400012, 42.727634425000076], [129.78109460100006, 42.73102479200003], [129.78245070700007, 42.73275764700003], [129.7836561370001, 42.73403845300004], [129.78448486700006, 42.73554528300008], [129.7844848530001, 42.737730182000064], [129.78415569900005, 42.73839295300007], [129.7837354720001, 42.73923910000008], [129.7838067770001, 42.74051781000003], [129.78448482400006, 42.74232600300007], [129.78584093300003, 42.74398351600007], [129.7862404760001, 42.74487152700004], [129.78646605900008, 42.745372899000074], [129.78701505300012, 42.74762997400006], [129.78696668400005, 42.749564322000026], [129.7853888420001, 42.752271062000034], [129.78525551100006, 42.75355987700004], [129.7851628100001, 42.75445596000003], [129.78614221300006, 42.756791544000066]]]}}, {"type": "Feature", "properties": {"fid": 372, "OBJECTID": 556, "beginyear": 1924, "endyear": -9999, "RAIL_ID": "<none>", "comment": "\ub3c4\ubb38\uc11c\ubd80\uc120(1929)", "interval_i": "\uc885\uc131-\u25cb\uc554", "rail_nm_kr": "\ub3c4\ubb38\uc120", "rail_nm_ch": "\ud568\ubd81\uc120", "rail_nm__1": 0, "rail_type": "\ud611\uada4", "rail_type_": 1933, "org_type": "\uc0ac\ucca0", "org_type_c": 1929, "org_nm_kr": "\ub3c4\ubb38\ucca0\ub3c4\uc8fc\uc2dd\ud68c\uc0ac", "Shape_Leng": 0.04674370712, "filter": "\uad6c\uc5ed5:\uacbd\uc6d0\uc120 \ubc0f \uad00\ub828 \uc9c0\uc120", "check_db": "\uae40\uc885\ud601"}, "geometry": {"type": "MultiLineString", "coordinates": [[[129.78614221300006, 42.756791544000066], [129.78757365800004, 42.75882576500004], [129.78892976200007, 42.761161351000055], [129.7903612020001, 42.76394898600006], [129.791641969, 42.76575718200007], [129.793374781, 42.76658594200006], [129.79563497200002, 42.76764072800006], [129.79864854800007, 42.77057905100003], [129.80279220500006, 42.776455689000045], [129.80550441700007, 42.78022276400003], [129.8073878990001, 42.78278437600005], [129.808291961, 42.785270644000036], [129.808668645, 42.78798293300008], [129.80896999100003, 42.789866466000035], [129.80881929100008, 42.79318148500005], [129.80889461900006, 42.79514036000006]]]}}, {"type": "Feature", "properties": {"fid": 373, "OBJECTID": 557, "beginyear": 1924, "endyear": -9999, "RAIL_ID": "<none>", "comment": "\ub3c4\ubb38\uc11c\ubd80\uc120(1929)", "interval_i": "\u25cb\uc554-\ub3d9\uad00", "rail_nm_kr": "\ub3c4\ubb38\uc120", "rail_nm_ch": "\ud568\ubd81\uc120", "rail_nm__1": 0, "rail_type": "\ud611\uada4", "rail_type_": 1933, "org_type": "\uc0ac\ucca0", "org_type_c": 1929, "org_nm_kr": "\ub3c4\ubb38\ucca0\ub3c4\uc8fc\uc2dd\ud68c\uc0ac", "Shape_Leng": 0.03775518104, "filter": "\uad6c\uc5ed5:\uacbd\uc6d0\uc120 \ubc0f \uad00\ub828 \uc9c0\uc120", "check_db": "\uae40\uc885\ud601"}, "geometry": {"type": "MultiLineString", "coordinates": [[[129.80889461900006, 42.79514036000006], [129.80927129400004, 42.79883208700005], [129.80949729200006, 42.802373130000035], [129.809497275, 42.80501007600003], [129.80957260000002, 42.807420999000044], [129.81092870800012, 42.809153855000034], [129.81431899300003, 42.81058535100004], [129.81929141900002, 42.81141412300008], [129.82238034800002, 42.81246891200004], [129.82464053700005, 42.81359903900005], [129.825996647, 42.81487984700004], [129.82644867800002, 42.816160651000075], [129.82614730700004, 42.81796884200003], [129.8250171950001, 42.820153737000055], [129.82414522300007, 42.82100391700004]]]}}, {"type": "Feature", "properties": {"fid": 374, "OBJECTID": 561, "beginyear": 1930, "endyear": -9999, "RAIL_ID": "<none>", "comment": "-", "interval_i": "\ub18d\ud3ec-\uc2b9\ub7c9", "rail_nm_kr": "\ub3c4\ubb38\uc120", "rail_nm_ch": "\ud568\ubd81\uc120", "rail_nm__1": 0, "rail_type": "-", "rail_type_": 0, "org_type": "\uc0ac\ucca0", "org_type_c": 0, "org_nm_kr": "\ub3c4\ubb38\ucca0\ub3c4\uc8fc\uc2dd\ud68c\uc0ac", "Shape_Leng": 0.0431070279, "filter": "\uad6c\uc5ed5:\uacbd\uc6d0\uc120 \ubc0f \uad00\ub828 \uc9c0\uc120", "check_db": "\uae40\uc885\ud601"}, "geometry": {"type": "MultiLineString", "coordinates": [[[130.2291571280001, 42.71740711600006], [130.2282351020001, 42.71820197400007], [130.22671725500004, 42.719286159000035], [130.22454890300003, 42.720659459000046], [130.22310333200005, 42.72196048500007], [130.22230826100008, 42.72362290800004], [130.22107950500003, 42.72781511100004], [130.21963391000008, 42.73258554800003], [130.21941706500002, 42.734031136000056], [130.21797149200006, 42.735838116000025], [130.21732097000006, 42.73836789500007], [130.21616450600004, 42.740680832000066], [130.21544170900006, 42.74292149000007], [130.21247828000003, 42.746969129000036], [130.21038219600007, 42.749860297000055], [130.209153452, 42.75224551400004], [130.2087197720001, 42.753907939000044]]]}}, {"type": "Feature", "properties": {"fid": 375, "OBJECTID": 567, "beginyear": 1930, "endyear": -9999, "RAIL_ID": "<none>", "comment": "-", "interval_i": "\ud6c8\uc728-\uacbd\uc6d0", "rail_nm_kr": "\ub3c4\ubb38\uc120", "rail_nm_ch": "\ud568\ubd81\uc120", "rail_nm__1": 0, "rail_type": "-", "rail_type_": 0, "org_type": "\uc0ac\ucca0", "org_type_c": 0, "org_nm_kr": "\ub3c4\ubb38\ucca0\ub3c4\uc8fc\uc2dd\ud68c\uc0ac", "Shape_Leng": 0.05330281631, "filter": "\uad6c\uc5ed5:\uacbd\uc6d0\uc120 \ubc0f \uad00\ub828 \uc9c0\uc120", "check_db": "\uae40\uc885\ud601"}, "geometry": {"type": "MultiLineString", "coordinates": [[[130.19374146200005, 42.850119747000065], [130.19634428100005, 42.85353243900005], [130.19908504300008, 42.85688236300007], [130.202434863, 42.860917501000074], [130.20388137400005, 42.86297313600005], [130.20639374300004, 42.86556171600006], [130.20844931200008, 42.86830256200005], [130.21096167100006, 42.87226156100007], [130.2124843030001, 42.87583988400007], [130.21393080000007, 42.87987501500004], [130.21492050100005, 42.883605604000024], [130.21598634800011, 42.88566123800007], [130.2175089970001, 42.88703166300007], [130.2188793780001, 42.88847822200006], [130.2202497610001, 42.89007705000006], [130.22146787300005, 42.892132684000046], [130.222533719, 42.894188317000044]]]}}, {"type": "Feature", "properties": {"fid": 376, "OBJECTID": 568, "beginyear": 1930, "endyear": -9999, "RAIL_ID": "<none>", "comment": "-", "interval_i": "\uacbd\uc6d0-\ub18d\ud3ec", "rail_nm_kr": "\ub3c4\ubb38\uc120", "rail_nm_ch": "\ud568\ubd81\uc120", "rail_nm__1": 0, "rail_type": "-", "rail_type_": 0, "org_type": "\uc0ac\ucca0", "org_type_c": 0, "org_nm_kr": "\ub3c4\ubb38\ucca0\ub3c4\uc8fc\uc2dd\ud68c\uc0ac", "Shape_Leng": 0.10476217747, "filter": "\uad6c\uc5ed5:\uacbd\uc6d0\uc120 \ubc0f \uad00\ub828 \uc9c0\uc120", "check_db": "\uae40\uc885\ud601"}, "geometry": {"type": "MultiLineString", "coordinates": [[[130.2087197720001, 42.753907939000044], [130.20944253200003, 42.75679912000004], [130.2111049030001, 42.760051701000066], [130.211466276, 42.762509203000036], [130.21030981100012, 42.76489441900003], [130.20850284100004, 42.76749647300005], [130.2079968800001, 42.769520294000074], [130.20799686600003, 42.77139955900003], [130.20806172300001, 42.77335091500004], [130.20799683500002, 42.77588088500005], [130.20792453700005, 42.778482944000075], [130.20792451900002, 42.78101272500004], [130.20850272500002, 42.783614786000044], [130.2093700480001, 42.78549405500007], [130.21023737400003, 42.78686736800006], [130.21067103400003, 42.788096120000034], [130.21067102300003, 42.78954170900005], [130.20965911700011, 42.79171008800006], [130.20835808700008, 42.79496265800003], [130.20828579600004, 42.796841922000056], [130.20886401000007, 42.79835979200004], [130.20908084200005, 42.79857663100006], [130.20936994800002, 42.799371706000045], [130.20951450000007, 42.79994994300006], [130.2098758850001, 42.80081729800003], [130.20936992600002, 42.802479722000044], [130.20821344700005, 42.80681648400008], [130.20720152500007, 42.81093640700004], [130.20517770700008, 42.81534544500005], [130.20344300400006, 42.81968220500005], [130.20141918900003, 42.82380212400005], [130.20004587900007, 42.827560650000066], [130.19867258500005, 42.82922307100006], [130.1966487840001, 42.831391447000044], [130.1948217680001, 42.83312841000003], [130.1934513640001, 42.83472722700003], [130.19223322300002, 42.83655444800007], [130.19154801800005, 42.837772596000036], [130.1910150640001, 42.840894105000075], [130.19109118100005, 42.84333040700005], [130.1910911660001, 42.845462170000076], [130.19185248200006, 42.84728939900003], [130.1929183310001, 42.84904049600004], [130.19374146200005, 42.850119747000065]]]}}, {"type": "Feature", "properties": {"fid": 377, "OBJECTID": 569, "beginyear": 1930, "endyear": -9999, "RAIL_ID": "<none>", "comment": "-", "interval_i": "\uc2b9\ub7c9-\uc2e0\uac74", "rail_nm_kr": "\ub3c4\ubb38\uc120", "rail_nm_ch": "\ud568\ubd81\uc120", "rail_nm__1": 0, "rail_type": "-", "rail_type_": 0, "org_type": "\uc0ac\ucca0", "org_type_c": 0, "org_nm_kr": "\ub3c4\ubb38\ucca0\ub3c4\uc8fc\uc2dd\ud68c\uc0ac", "Shape_Leng": 0.08632585385, "filter": "\uad6c\uc5ed5:\uacbd\uc6d0\uc120 \ubc0f \uad00\ub828 \uc9c0\uc120", "check_db": "\uae40\uc885\ud601"}, "geometry": {"type": "MultiLineString", "coordinates": [[[130.28898819900007, 42.67196656400006], [130.29111734000003, 42.673099851000075], [130.2919846650001, 42.674690002000034], [130.291189593, 42.67671382300006], [130.29010539800004, 42.67974955600005], [130.289021208, 42.682496170000036], [130.28793702400003, 42.684375431000035], [130.28714194100007, 42.687483444000065], [130.28598546800004, 42.69088057300007], [130.28482900400002, 42.69297667200004], [130.28121508700008, 42.69507276100006], [130.27817939600004, 42.69659061800007], [130.27304764000007, 42.69846986300007], [130.26907233600002, 42.69998771500008], [130.2658921000001, 42.700276820000056], [130.2626395860001, 42.70034908700006], [130.259531626, 42.700710472000026], [130.25685733300008, 42.70150553500008], [130.25432759800003, 42.70186692300007], [130.25100279600008, 42.70331249800006], [130.24854533100006, 42.704974916000026], [130.24731659200006, 42.70678189700004], [130.2452927930001, 42.70858887400004], [130.24261849100003, 42.710395851000044], [130.2394382430001, 42.712275103000025], [130.23813722800003, 42.71364840800004], [130.2366916620001, 42.71437119600006], [130.23416192600007, 42.71487714300008], [130.23235497100006, 42.71545537000003], [130.23033117800003, 42.716394996000076], [130.2291571280001, 42.71740711600006]]]}}, {"type": "Feature", "properties": {"fid": 378, "OBJECTID": 570, "beginyear": 1930, "endyear": -9999, "RAIL_ID": "<none>", "comment": "-", "interval_i": "\uc2e0\uac74-\uc2e0\uc544\uc0b0", "rail_nm_kr": "\ub3c4\ubb38\uc120", "rail_nm_ch": "\ud568\ubd81\uc120", "rail_nm__1": 0, "rail_type": "-", "rail_type_": 0, "org_type": "\uc0ac\ucca0", "org_type_c": 0, "org_nm_kr": "\ub3c4\ubb38\ucca0\ub3c4\uc8fc\uc2dd\ud68c\uc0ac", "Shape_Leng": 0.11157233985, "filter": "\uad6c\uc5ed5:\uacbd\uc6d0\uc120 \ubc0f \uad00\ub828 \uc9c0\uc120", "check_db": "\uae40\uc885\ud601"}, "geometry": {"type": "MultiLineString", "coordinates": [[[130.35925202800001, 42.617526514000076], [130.35872383100002, 42.620783638000034], [130.35801958900004, 42.62236818300005], [130.35581885600004, 42.62421681300003], [130.3540582710001, 42.62553726300007], [130.35335403300007, 42.626593624000066], [130.35176950100004, 42.628530287000046], [130.3501849700001, 42.630290890000026], [130.34710394900003, 42.63231557700004], [130.3443750460001, 42.633812084000056], [130.34252642900003, 42.63566071500003], [130.34164614000008, 42.635924802000034], [130.33847709400004, 42.63733327700004], [130.33372352300012, 42.63979811000007], [130.33046644700005, 42.64147067500005], [130.32553682600008, 42.642967172000056], [130.3221036980001, 42.643759432000024], [130.31884663000005, 42.64419957200005], [130.316293792, 42.64499183500004], [130.3145332040001, 42.64657637500005], [130.31294867400004, 42.64824894700007], [130.3115402090001, 42.64904121600006], [130.31118808000008, 42.65088985300008], [130.31039581100003, 42.65221030600003], [130.30916339600003, 42.653970910000055], [130.30721105700002, 42.655984887000045], [130.3042720640001, 42.657270707000066], [130.30029675600008, 42.65914995600008], [130.2972610700001, 42.66023413600004], [130.29451450700003, 42.659800448000055], [130.29227388800007, 42.65965588000006], [130.28981643300006, 42.659728150000035], [130.28786492300003, 42.660017260000075], [130.2849738000001, 42.660089527000025], [130.28295001100003, 42.66045091600006], [130.2813598780001, 42.662619293000034], [130.2803344790001, 42.66457631000003], [130.2804925250001, 42.66471539400004], [130.279697456, 42.66616098000003], [130.28005884000004, 42.66717289300004], [130.28186578500004, 42.66804025300007], [130.2842509510001, 42.66948585200004], [130.28663611800005, 42.67071461200004], [130.28898819900007, 42.67196656400006]]]}}, {"type": "Feature", "properties": {"fid": 379, "OBJECTID": 571, "beginyear": 1929, "endyear": -9999, "RAIL_ID": "<none>", "comment": "-", "interval_i": "\uc2e0\uc544\uc0b0-\uc544\uc624\uc9c0", "rail_nm_kr": "\ub3c4\ubb38\uc120", "rail_nm_ch": "\ud568\ubd81\uc120", "rail_nm__1": 0, "rail_type": "-", "rail_type_": 0, "org_type": "\uc0ac\ucca0", "org_type_c": 0, "org_nm_kr": "\ub3c4\ubb38\ucca0\ub3c4\uc8fc\uc2dd\ud68c\uc0ac", "Shape_Leng": 0.12343697635, "filter": "\uad6c\uc5ed5:\uacbd\uc6d0\uc120 \ubc0f \uad00\ub828 \uc9c0\uc120", "check_db": "\uae40\uc885\ud601"}, "geometry": {"type": "MultiLineString", "coordinates": [[[130.39472829700003, 42.52659122400007], [130.39525645900005, 42.52826380400006], [130.39490433000003, 42.530024411000056], [130.39199936800003, 42.53160894700005], [130.3891824420001, 42.532401210000046], [130.38698171800002, 42.532929384000056], [130.38539720000006, 42.53292937700007], [130.38345973900005, 42.532684378000056], [130.38020349200008, 42.53433784300006], [130.36972802800005, 42.53961962600005], [130.366911092, 42.54164431500004], [130.36453430000006, 42.54366900500003], [130.36383006100004, 42.54498945900008], [130.3638300560001, 42.54551764100006], [130.36471033500004, 42.546750071000076], [130.36585470300008, 42.547630380000044], [130.3675272480001, 42.547894478000046], [130.36946387600005, 42.548510699000076], [130.37043218300005, 42.549831159000064], [130.36981596400005, 42.55211994800004], [130.3688476320001, 42.55423267500004], [130.36867154800007, 42.55784192200008], [130.36849547500003, 42.559866621000026], [130.36867151400008, 42.56233147300003], [130.3675271200001, 42.56506041200004], [130.36603061300002, 42.567525258000046], [130.36427002900007, 42.568757677000065], [130.36233338600005, 42.570078125000066], [130.36215731700008, 42.57157464200003], [130.3625974460001, 42.57359934400006], [130.362333346, 42.57535995100005], [130.36101288400005, 42.57949737600006], [130.36110089300007, 42.58222631900003], [130.3616290550001, 42.58354677800003], [130.36409384700005, 42.58539542700004], [130.3654142680001, 42.58697998000008], [130.36567834200002, 42.58856452900005], [130.3637416910001, 42.59102937400007], [130.3611888270001, 42.59499073200004], [130.35960427600003, 42.599480277000055], [130.35881198700008, 42.60361770500003], [130.35907605800003, 42.60564240600007], [130.3608366200001, 42.60740302100004], [130.36127674600004, 42.60986787500008], [130.36048446400002, 42.613036968000074], [130.3597592220001, 42.61569616100007], [130.35925202800001, 42.617526514000076]]]}}, {"type": "Feature", "properties": {"fid": 380, "OBJECTID": 572, "beginyear": 1929, "endyear": -9999, "RAIL_ID": "<none>", "comment": "-", "interval_i": "\uc544\uc624\uc9c0-\uccad\ud559", "rail_nm_kr": "\ub3c4\ubb38\uc120", "rail_nm_ch": "\ud568\ubd81\uc120", "rail_nm__1": 0, "rail_type": "-", "rail_type_": 0, "org_type": "\uc0ac\ucca0", "org_type_c": 0, "org_nm_kr": "\ub3c4\ubb38\ucca0\ub3c4\uc8fc\uc2dd\ud68c\uc0ac", "Shape_Leng": 0.10250538032, "filter": "\uad6c\uc5ed5:\uacbd\uc6d0\uc120 \ubc0f \uad00\ub828 \uc9c0\uc120", "check_db": "\uae40\uc885\ud601"}, "geometry": {"type": "MultiLineString", "coordinates": [[[130.44972796000002, 42.46943820700005], [130.4503441480001, 42.47111078700004], [130.4512244220001, 42.47304746000003], [130.45104835400002, 42.47454397700005], [130.449639885, 42.47560033600007], [130.44787930500001, 42.47621654200003], [130.4452384330001, 42.477272896000045], [130.44268558300007, 42.47912152500004], [130.44013274200006, 42.48017788000004], [130.43837216300005, 42.48044196400008], [130.4351150990001, 42.480353921000074], [130.43282634600007, 42.480794063000076], [130.42983335200006, 42.482906781000054], [130.42860093900003, 42.48422723200008], [130.4258720370001, 42.48545964700003], [130.42411145000005, 42.487132218000056], [130.4236712940001, 42.48854070400006], [130.4240421710001, 42.48821007500004], [130.42342594700006, 42.491027047000046], [130.42245762200002, 42.49225946900003], [130.42148929200005, 42.49402007300006], [130.42078504800008, 42.49578067900006], [130.4192885430001, 42.497893403000035], [130.41735189200006, 42.500358247000065], [130.4157673640001, 42.501678698000035], [130.41409481000005, 42.502470964000054], [130.41242225100007, 42.50405550600004], [130.40978137700006, 42.50564004200004], [130.40731656600008, 42.50625624500003], [130.40449964700008, 42.50581608200008], [130.40133062200005, 42.50431955200003], [130.3989538510001, 42.50352726800003], [130.39692919200002, 42.503263169000036], [130.3945524070001, 42.50431952300005], [130.39155941100012, 42.506520273000035], [130.38979881800003, 42.50889708700004], [130.3909431620001, 42.512946492000026], [130.39420014400002, 42.52403833900007], [130.39472829700003, 42.52659122400007]]]}}, {"type": "Feature", "properties": {"fid": 381, "OBJECTID": 573, "beginyear": 1929, "endyear": -9999, "RAIL_ID": "<none>", "comment": "-", "interval_i": "\uccad\ud559-\uc0ac\ud68c", "rail_nm_kr": "\ub3c4\ubb38\uc120", "rail_nm_ch": "\ud568\ubd81\uc120", "rail_nm__1": 0, "rail_type": "-", "rail_type_": 0, "org_type": "\uc0ac\ucca0", "org_type_c": 0, "org_nm_kr": "\ub3c4\ubb38\ucca0\ub3c4\uc8fc\uc2dd\ud68c\uc0ac", "Shape_Leng": 0.09151613748, "filter": "\uad6c\uc5ed5:\uacbd\uc6d0\uc120 \ubc0f \uad00\ub828 \uc9c0\uc120", "check_db": "\uae40\uc885\ud601"}, "geometry": {"type": "MultiLineString", "coordinates": [[[130.50878048100003, 42.45746182100004], [130.50747493400002, 42.45817055200007], [130.50571435300003, 42.45887478700007], [130.50280941000005, 42.457906441000034], [130.49981644500008, 42.45596975800004], [130.49770376000004, 42.455353536000075], [130.49303823700006, 42.45491336500004], [130.4882846810001, 42.45500137500005], [130.4832670300001, 42.456321811000066], [130.48141842300004, 42.45658589400006], [130.47965784500002, 42.456761947000075], [130.47780923300002, 42.45799436600004], [130.4762247010001, 42.459666938000055], [130.4764887760001, 42.461075426000036], [130.47772116400006, 42.46310013100003], [130.47816129600005, 42.46459665000003], [130.47816128300008, 42.466445289000035], [130.47807324100006, 42.468205898000065], [130.47798519600008, 42.47031862800003], [130.47798518500008, 42.47172711400003], [130.478073203, 42.47322363300003], [130.4773689650001, 42.47410393400003], [130.47578443700002, 42.475336354000035], [130.47384778700007, 42.47753710600006], [130.47287945800008, 42.47903361900006], [130.47059070600005, 42.479649823000045], [130.468125901, 42.479561782000076], [130.46557307600006, 42.478329346000066], [130.46275617300012, 42.47577645100006], [130.46081956400008, 42.472607348000054], [130.45870689100002, 42.47023051700006], [130.4565942260001, 42.46679732200005], [130.4546576040001, 42.465124735000074], [130.45307309300006, 42.46433245500003], [130.45131251500004, 42.46450850900004], [130.44981602100006, 42.46521274600008], [130.44911178100006, 42.46635713900008], [130.4491997990001, 42.467941687000064], [130.44972796000002, 42.46943820700005]]]}}, {"type": "Feature", "properties": {"fid": 382, "OBJECTID": 574, "beginyear": 1929, "endyear": -9999, "RAIL_ID": "<none>", "comment": "-", "interval_i": "\uc0ac\ud68c-\ud64d\uc758", "rail_nm_kr": "\ub3c4\ubb38\uc120", "rail_nm_ch": "\ud568\ubd81\uc120", "rail_nm__1": 0, "rail_type": "-", "rail_type_": 0, "org_type": "\uc0ac\ucca0", "org_type_c": 0, "org_nm_kr": "\ub3c4\ubb38\ucca0\ub3c4\uc8fc\uc2dd\ud68c\uc0ac", "Shape_Leng": 0.07106053932, "filter": "\uad6c\uc5ed5:\uacbd\uc6d0\uc120 \ubc0f \uad00\ub828 \uc9c0\uc120", "check_db": "\uae40\uc885\ud601"}, "geometry": {"type": "MultiLineString", "coordinates": [[[130.53374961200007, 42.42622355000003], [130.5320352000001, 42.42815227600005], [130.5315950470001, 42.42938470100006], [130.5322112340001, 42.43114531100008], [130.53405983400012, 42.431673501000034], [130.53687675000003, 42.43246578800006], [130.54039789600006, 42.43325807600007], [130.5428626900001, 42.434930665000024], [130.54339084800006, 42.43677930700005], [130.5427746370001, 42.43809976000006], [130.54163025000003, 42.43959627300006], [130.53925344900006, 42.44258929800003], [130.53863723400002, 42.444437934000064], [130.5396055340001, 42.44655066900003], [130.54127806300005, 42.449015529000064], [130.54145410400008, 42.45095219900003], [130.5402216880001, 42.452624772000036], [130.53837307800006, 42.453417038000055], [130.53538009600004, 42.45385717800008], [130.532915279, 42.455089593000025], [130.53106666100007, 42.456938224000055], [130.52948214000003, 42.457202309000024], [130.526313103, 42.45720229600005], [130.52314406300002, 42.457730465000054], [130.51935881800011, 42.45861075300007], [130.51759824300007, 42.45861074600003], [130.51310878900006, 42.45667405800003], [130.5105559540001, 42.456497986000045], [130.50878048100003, 42.45746182100004]]]}}, {"type": "Feature", "properties": {"fid": 383, "OBJECTID": 575, "beginyear": 1929, "endyear": -9999, "RAIL_ID": "<none>", "comment": "-", "interval_i": "\ud64d\uc758-\uad6c\ub8e1\ud3c9", "rail_nm_kr": "\ub3c4\ubb38\uc120", "rail_nm_ch": "\ud568\ubd81\uc120", "rail_nm__1": 0, "rail_type": "-", "rail_type_": 0, "org_type": "\uc0ac\ucca0", "org_type_c": 0, "org_nm_kr": "\ub3c4\ubb38\ucca0\ub3c4\uc8fc\uc2dd\ud68c\uc0ac", "Shape_Leng": 0.06739936116, "filter": "\uad6c\uc5ed5:\uacbd\uc6d0\uc120 \ubc0f \uad00\ub828 \uc9c0\uc120", "check_db": "\uae40\uc885\ud601"}, "geometry": {"type": "MultiLineString", "coordinates": [[[130.5284264930001, 42.36644292200003], [130.5291307110001, 42.36793944200008], [130.52930675900006, 42.36917187000006], [130.5290426570001, 42.371284599000035], [130.52816234700003, 42.37418960000008], [130.52772218200005, 42.37683051100004], [130.53062710000006, 42.381144015000075], [130.5335320160001, 42.385721610000076], [130.53590876400006, 42.38950692900005], [130.537933403, 42.39267603300004], [130.53863762100002, 42.39426058400005], [130.53846155400004, 42.395404979000034], [130.53634882500012, 42.40042270500004], [130.5376692200001, 42.40500029400005], [130.53898961200002, 42.410370157000045], [130.53978185200003, 42.412746981000055], [130.53951775400003, 42.41433152800005], [130.53925365400005, 42.41600410600006], [130.53925364000008, 42.41776471400004], [130.53927698300004, 42.418208271000026], [130.53934165700002, 42.419437293000044], [130.53960573300003, 42.420845781000025], [130.53925360300002, 42.42269441900004], [130.53485214500006, 42.42498319200007], [130.53374961200007, 42.42622355000003]]]}}, {"type": "Feature", "properties": {"fid": 384, "OBJECTID": 576, "beginyear": 1929, "endyear": -9999, "RAIL_ID": "<none>", "comment": "-", "interval_i": "\uad6c\ub8e1\ud3c9-\uc6c5\uc0c1", "rail_nm_kr": "\ub3c4\ubb38\uc120", "rail_nm_ch": "\ud568\ubd81\uc120", "rail_nm__1": 0, "rail_type": "-", "rail_type_": 0, "org_type": "\uc0ac\ucca0", "org_type_c": 0, "org_nm_kr": "\ub3c4\ubb38\ucca0\ub3c4\uc8fc\uc2dd\ud68c\uc0ac", "Shape_Leng": 0.09303053583, "filter": "\uad6c\uc5ed5:\uacbd\uc6d0\uc120 \ubc0f \uad00\ub828 \uc9c0\uc120", "check_db": "\uae40\uc885\ud601"}, "geometry": {"type": "MultiLineString", "coordinates": [[[130.45920956500004, 42.35161543300006], [130.460754521, 42.351840749000075], [130.46589349700002, 42.35235467900003], [130.47077552400003, 42.35269730300007], [130.47540060400001, 42.35295427600005], [130.47856965100004, 42.351755172000026], [130.4837943000001, 42.34892870300007], [130.48850504400002, 42.347387], [130.49510008200002, 42.34541704900005], [130.49972517300012, 42.34413230000007], [130.50289421600007, 42.34344710400006], [130.50529241200002, 42.34267625200005], [130.5068341100001, 42.342248002000076], [130.50854712000012, 42.34002107800006], [130.51043142700007, 42.338222408000036], [130.51248702300006, 42.337451557000065], [130.5148852100001, 42.33796547400004], [130.51719773900004, 42.33959285700007], [130.5186537610001, 42.34259065700007], [130.51891068200007, 42.34618801000005], [130.51916761000007, 42.34892885100004], [130.5251630020001, 42.359892235000075], [130.52654655300012, 42.36254037000003]], [[130.41467519600008, 42.326145189000044], [130.41483429000004, 42.32605609500007]], [[130.526137779, 42.36177729900004], [130.52654655300012, 42.36254037000003]], [[130.52654655300012, 42.36254037000003], [130.52745819300003, 42.364242158000025], [130.5284264930001, 42.36644292200003]]]}}, {"type": "Feature", "properties": {"fid": 385, "OBJECTID": 577, "beginyear": 1929, "endyear": -9999, "RAIL_ID": "<none>", "comment": "-", "interval_i": "\uc6c5\uc0c1-\uc6c5\uae30", "rail_nm_kr": "\ub3c4\ubb38\uc120", "rail_nm_ch": "\ud568\ubd81\uc120", "rail_nm__1": 0, "rail_type": "-", "rail_type_": 0, "org_type": "\uc0ac\ucca0", "org_type_c": 0, "org_nm_kr": "\ub3c4\ubb38\ucca0\ub3c4\uc8fc\uc2dd\ud68c\uc0ac", "Shape_Leng": 0.12298095964, "filter": "\uad6c\uc5ed5:\uacbd\uc6d0\uc120 \ubc0f \uad00\ub828 \uc9c0\uc120", "check_db": "\uae40\uc885\ud601"}, "geometry": {"type": "MultiLineString", "coordinates": [[[130.37733171900004, 42.356893831000036], [130.3782738430001, 42.35972032700005], [130.38118592600006, 42.36049119900008], [130.3834128190001, 42.36023425500008], [130.3846119220001, 42.35920644500004], [130.385040182, 42.35757907300007], [130.3854684690001, 42.35235435000004], [130.38632498100003, 42.35029872300004], [130.38760973900003, 42.34850005200008], [130.38923710100005, 42.34593052100007], [130.3954038920001, 42.343789265000055], [130.40174199000012, 42.34070584700004], [130.40302674500003, 42.339249781000035], [130.40311241100005, 42.337108501000046], [130.40302678000012, 42.33453896300006], [130.40422588800004, 42.33274029100005], [130.40688105000004, 42.32974250900003], [130.41005010000003, 42.328029497000045], [130.41227699600006, 42.327344296000035], [130.41483429000004, 42.32605609500007], [130.4168164470001, 42.324946080000075], [130.41887204500006, 42.32391827300006], [130.4210989400001, 42.32349002600006], [130.42349713600004, 42.322633523000036], [130.42529578200003, 42.32237657600007], [130.42743702200005, 42.32263353900004], [130.4296639060001, 42.32349006100003], [130.43283294200012, 42.323661376000075], [130.43557373200008, 42.32366138700007], [130.438228868, 42.32408965500008], [130.44062705300007, 42.32477487400007], [130.44251134, 42.32563139400003], [130.4455090660001, 42.32708747800007], [130.4473077, 42.32845790600004], [130.448763729, 42.33051354100007], [130.44996280400005, 42.33325438500003], [130.4508192840001, 42.335310019000076], [130.4523609480001, 42.33942128600006], [130.4536456740001, 42.341990828000064], [130.45313175400008, 42.34473166500004], [130.45330302500008, 42.348500321000074], [130.45398820800006, 42.350555952000036], [130.456643342, 42.35124117400005], [130.45920956500004, 42.35161543300006]]]}}, {"type": "Feature", "properties": {"fid": 386, "OBJECTID": 579, "beginyear": 1928, "endyear": -9999, "RAIL_ID": "<none>", "comment": "-", "interval_i": "\uc601\uc218-\ubd09\uc758", "rail_nm_kr": "\ud68c\ub839\ud0c4\uad11\uc120", "rail_nm_ch": "\ud68c\ub839\ud0c4\uad11\uc120", "rail_nm__1": 0, "rail_type": "-", "rail_type_": 0, "org_type": "\uad6d\ucca0", "org_type_c": 0, "org_nm_kr": "-", "Shape_Leng": 0.03845331927, "filter": "\uad6c\uc5ed5:\uacbd\uc6d0\uc120 \ubc0f \uad00\ub828 \uc9c0\uc120", "check_db": "\uae40\uc885\ud601"}, "geometry": {"type": "MultiLineString", "coordinates": [[[129.66247914400003, 42.42944926100006], [129.66524841600005, 42.43101454500004], [129.6685054730001, 42.43224698200004], [129.67114633300002, 42.43286320300007], [129.6752836940001, 42.43154276000007], [129.67730836500004, 42.42987018800005], [129.67924500900006, 42.428197616000034], [129.68276616900005, 42.42670111000007], [129.68646338100007, 42.426260970000044], [129.69007256100008, 42.42617295100007], [129.69465007300005, 42.42362008300006], [129.69778998700008, 42.423378557000035]]]}}, {"type": "Feature", "properties": {"fid": 387, "OBJECTID": 580, "beginyear": 1928, "endyear": -9999, "RAIL_ID": "<none>", "comment": "-", "interval_i": "\ubd09\uc758-\uc720\uc120", "rail_nm_kr": "\ud68c\ub839\ud0c4\uad11\uc120", "rail_nm_ch": "\ud68c\ub839\ud0c4\uad11\uc120", "rail_nm__1": 0, "rail_type": "-", "rail_type_": 0, "org_type": "\uad6d\ucca0", "org_type_c": 0, "org_nm_kr": "-", "Shape_Leng": 0.01404107596, "filter": "\uad6c\uc5ed5:\uacbd\uc6d0\uc120 \ubc0f \uad00\ub828 \uc9c0\uc120", "check_db": "\uae40\uc885\ud601"}, "geometry": {"type": "MultiLineString", "coordinates": [[[129.65481991800004, 42.418004805000066], [129.65521320400012, 42.41886631300008], [129.65723783900012, 42.42353193300005], [129.65935051300005, 42.42652497500006], [129.66119910400005, 42.42872574000006], [129.66247914400003, 42.42944926100006]]]}}, {"type": "Feature", "properties": {"fid": 388, "OBJECTID": 581, "beginyear": 1928, "endyear": -9999, "RAIL_ID": "<none>", "comment": "-", "interval_i": "\uc720\uc120-\uacc4\ub9bc", "rail_nm_kr": "\ud68c\ub839\ud0c4\uad11\uc120", "rail_nm_ch": "\ud68c\ub839\ud0c4\uad11\uc120", "rail_nm__1": 0, "rail_type": "-", "rail_type_": 0, "org_type": "\uad6d\ucca0", "org_type_c": 0, "org_nm_kr": "-", "Shape_Leng": 0.01250874032, "filter": "\uad6c\uc5ed5:\uacbd\uc6d0\uc120 \ubc0f \uad00\ub828 \uc9c0\uc120", "check_db": "\uae40\uc885\ud601"}, "geometry": {"type": "MultiLineString", "coordinates": [[[129.6427131250001, 42.41719369600003], [129.646234283, 42.41613734200007], [129.65010754500008, 42.41675356700006], [129.65257235100012, 42.41710569700007], [129.65481991800004, 42.418004805000066]]]}}, {"type": "Feature", "properties": {"fid": 389, "OBJECTID": 595, "beginyear": 1920, "endyear": -9999, "RAIL_ID": "<none>", "comment": "-", "interval_i": "\uc11c\uc0ac\ub9ac\uc6d0-\ubbf8\uace1", "rail_nm_kr": "\uc7a5\uc5f0\uc120", "rail_nm_ch": "\uc740\ud30c\uc120", "rail_nm__1": 0, "rail_type": "\uad11\uada4", "rail_type_": 0, "org_type": "\uc0ac\ucca0", "org_type_c": 1946, "org_nm_kr": "\uc870\uc120\ucca0\ub3c4\uc8fc\uc2dd\ud68c\uc0ac", "Shape_Leng": 0.02074827553, "filter": "\uad6c\uc5ed4:\uacbd\uc758\uc120 \ubc0f \uad00\ub828 \uc9c0\uc120", "check_db": "\uae40\uc885\ud601"}, "geometry": {"type": "MultiLineString", "coordinates": [[[125.74664975700011, 38.50466006000005], [125.74411640100004, 38.50349080900003], [125.74003103300004, 38.49844412900006], [125.73449254200011, 38.488405528000044]]]}}, {"type": "Feature", "properties": {"fid": 390, "OBJECTID": 596, "beginyear": 1920, "endyear": -9999, "RAIL_ID": "<none>", "comment": "-", "interval_i": "\ubbf8\uace1-\uc11c\uc885", "rail_nm_kr": "\uc7a5\uc5f0\uc120", "rail_nm_ch": "\uc740\ud30c\uc120", "rail_nm__1": 0, "rail_type": "\uad11\uada4", "rail_type_": 0, "org_type": "\uc0ac\ucca0", "org_type_c": 1946, "org_nm_kr": "\uc870\uc120\ucca0\ub3c4\uc8fc\uc2dd\ud68c\uc0ac", "Shape_Leng": 0.04105003475, "filter": "\uad6c\uc5ed4:\uacbd\uc758\uc120 \ubc0f \uad00\ub828 \uc9c0\uc120", "check_db": "\uae40\uc885\ud601"}, "geometry": {"type": "MultiLineString", "coordinates": [[[125.73449254200011, 38.488405528000044], [125.73234091800009, 38.48450567900005], [125.72513142900004, 38.46816404300006], [125.72158521100005, 38.449768009000024]]]}}, {"type": "Feature", "properties": {"fid": 391, "OBJECTID": 597, "beginyear": 1920, "endyear": -9999, "RAIL_ID": "<none>", "comment": "-", "interval_i": "\uc11c\uc885-\uc0c1\ud574", "rail_nm_kr": "\uc7a5\uc5f0\uc120", "rail_nm_ch": "\uc740\ud30c\uc120", "rail_nm__1": 0, "rail_type": "\uad11\uada4", "rail_type_": 0, "org_type": "\uc0ac\ucca0", "org_type_c": 1946, "org_nm_kr": "\uc870\uc120\ucca0\ub3c4\uc8fc\uc2dd\ud68c\uc0ac", "Shape_Leng": 0.03517457284, "filter": "\uad6c\uc5ed4:\uacbd\uc758\uc120 \ubc0f \uad00\ub828 \uc9c0\uc120", "check_db": "\uae40\uc885\ud601"}, "geometry": {"type": "MultiLineString", "coordinates": [[[125.72158521100005, 38.449768009000024], [125.72128634300009, 38.448217630000045], [125.71792189500002, 38.43139535300003], [125.70782862900012, 38.418418178000024]]]}}, {"type": "Feature", "properties": {"fid": 392, "OBJECTID": 598, "beginyear": 1920, "endyear": -9999, "RAIL_ID": "<none>", "comment": "-", "interval_i": "\uc0c1\ud574-\uae08\uc0b0", "rail_nm_kr": "\uc7a5\uc5f0\uc120", "rail_nm_ch": "\uc740\ud30c\uc120", "rail_nm__1": 0, "rail_type": "\uad11\uada4", "rail_type_": 0, "org_type": "\uc0ac\ucca0", "org_type_c": 1946, "org_nm_kr": "\uc870\uc120\ucca0\ub3c4\uc8fc\uc2dd\ud68c\uc0ac", "Shape_Leng": 0.04351509101, "filter": "\uad6c\uc5ed4:\uacbd\uc758\uc120 \ubc0f \uad00\ub828 \uc9c0\uc120", "check_db": "\uae40\uc885\ud601"}, "geometry": {"type": "MultiLineString", "coordinates": [[[125.70782862900012, 38.418418178000024], [125.70206105000011, 38.41144895600007], [125.69509190000008, 38.407123236000075], [125.67971173, 38.408084529000064], [125.66923812900006, 38.41094102000005]]]}}, {"type": "Feature", "properties": {"fid": 393, "OBJECTID": 637, "beginyear": 1930, "endyear": -9999, "RAIL_ID": "<none>", "comment": "-", "interval_i": "\uc601\uc591-\ub3d9\ud574\uc8fc", "rail_nm_kr": "\ud1a0\ud574\uc120", "rail_nm_ch": "\ud669\ud574\uccad\ub144\uc120", "rail_nm__1": 0, "rail_type": "\ud611\uada4", "rail_type_": 0, "org_type": "\uc0ac\ucca0", "org_type_c": 1946, "org_nm_kr": "\uc870\uc120\ucca0\ub3c4\uc8fc\uc2dd\ud68c\uc0ac", "Shape_Leng": 0.06803565973, "filter": "\uad6c\uc5ed4:\uacbd\uc758\uc120 \ubc0f \uad00\ub828 \uc9c0\uc120", "check_db": "\uae40\uc885\ud601"}, "geometry": {"type": "MultiLineString", "coordinates": [[[125.72608036800011, 38.027708637000046], [125.72687264000001, 38.03061364600006], [125.72748884900011, 38.03237425700007], [125.72924944200008, 38.03334259300004], [125.73136215200009, 38.033694712000056], [125.73532347900004, 38.03360667700008], [125.73884465900005, 38.03325454900005], [125.74183766200008, 38.03325454600008], [125.74377431000005, 38.03237423600007], [125.74509474900003, 38.03096574500006], [125.74588700900006, 38.02832482600007], [125.74738350600012, 38.02621208900007], [125.74888000400006, 38.02436344400007], [125.75143285600006, 38.02269086000007], [125.7540737380001, 38.02128236600004], [125.75662659200009, 38.02013796600005], [125.76261259600005, 38.01846537600005], [125.7690387450001, 38.015824449000036], [125.77502474500011, 38.013447615000075], [125.77854592400001, 38.01168699800007], [125.78259527700004, 38.01010244300005]]]}}, {"type": "Feature", "properties": {"fid": 394, "OBJECTID": 638, "beginyear": 1930, "endyear": -9999, "RAIL_ID": "<none>", "comment": "-", "interval_i": "\ub3d9\ud574\uc8fc-\ud574\uc8fc", "rail_nm_kr": "\ud1a0\ud574\uc120", "rail_nm_ch": "\ud669\ud574\uccad\ub144\uc120", "rail_nm__1": 0, "rail_type": "\ud611\uada4", "rail_type_": 0, "org_type": "\uc0ac\ucca0", "org_type_c": 1946, "org_nm_kr": "\uc870\uc120\ucca0\ub3c4\uc8fc\uc2dd\ud68c\uc0ac", "Shape_Leng": 0.02542070591, "filter": "\uad6c\uc5ed4:\uacbd\uc758\uc120 \ubc0f \uad00\ub828 \uc9c0\uc120", "check_db": "\uae40\uc885\ud601"}, "geometry": {"type": "MultiLineString", "coordinates": [[[125.70249019200003, 38.024719219000076], [125.70460116200002, 38.024803656000074], [125.7068018980001, 38.02401137600003], [125.71058716700009, 38.02383531100003], [125.71463652400007, 38.023835305000034], [125.7182457350001, 38.02418742300006], [125.72035844400011, 38.02489166600003], [125.7231464350001, 38.02494116400004], [125.72458386200003, 38.025243783000064], [125.72564021700009, 38.02612408700003], [125.72608036800011, 38.027708637000046]]]}}, {"type": "Feature", "properties": {"fid": 395, "OBJECTID": 640, "beginyear": 1927, "endyear": 2013, "RAIL_ID": "<none>", "comment": "-", "interval_i": "\uc11c\uc0c1-\ubb34\uc218", "rail_nm_kr": "\ud568\ubd81\uc120", "rail_nm_ch": "\ubb34\uc0b0\uc120", "rail_nm__1": 0, "rail_type": "\ud611\uada4", "rail_type_": 1940, "org_type": "\uc0ac\ucca0", "org_type_c": 1944, "org_nm_kr": "\uc870\uc120\ucca0\ub3c4\uc8fc\uc2dd\ud68c\uc0ac", "Shape_Leng": 0.05012203287, "filter": "\uad6c\uc5ed5:\uacbd\uc6d0\uc120 \ubc0f \uad00\ub828 \uc9c0\uc120", "check_db": "\uae40\uc885\ud601"}, "geometry": {"type": "MultiLineString", "coordinates": [[[129.65417805800007, 42.150652781000076], [129.65690695800004, 42.14959642300005], [129.65928373600002, 42.14968446200004], [129.66192459600006, 42.15056477400003], [129.664565454, 42.15170917900008], [129.66650208200008, 42.152853580000055], [129.6678225070001, 42.15426207100006], [129.67002322100006, 42.155494504000046], [129.67292816500003, 42.15681497000003], [129.67600916900005, 42.157783315000074], [129.67873805400006, 42.15919181000004], [129.68234723400008, 42.159896066000044], [129.68525218500008, 42.15989607500006], [129.68886137100003, 42.15927987400005], [129.69106210000007, 42.15787139300005], [129.69475933600006, 42.15338185300004], [129.6969600660001, 42.15197337300003], [129.69860379600004, 42.152302130000066]]]}}, {"type": "Feature", "properties": {"fid": 396, "OBJECTID": 641, "beginyear": 1927, "endyear": 2013, "RAIL_ID": "<none>", "comment": "-", "interval_i": "\ubb34\uc218-\ud3d0\ubb34\uc0b0", "rail_nm_kr": "\ud568\ubd81\uc120", "rail_nm_ch": "\ubb34\uc0b0\uc120", "rail_nm__1": 0, "rail_type": "\ud611\uada4", "rail_type_": 1940, "org_type": "\uc0ac\ucca0", "org_type_c": 1944, "org_nm_kr": "\uc870\uc120\ucca0\ub3c4\uc8fc\uc2dd\ud68c\uc0ac", "Shape_Leng": 0.05258295579, "filter": "\uad6c\uc5ed5:\uacbd\uc6d0\uc120 \ubc0f \uad00\ub828 \uc9c0\uc120", "check_db": "\uae40\uc885\ud601"}, "geometry": {"type": "MultiLineString", "coordinates": [[[129.65417805800007, 42.150652781000076], [129.6502167440001, 42.153293682000026], [129.64651952500003, 42.15479018800005], [129.64194201600003, 42.15628669000006], [129.63833282300004, 42.158311379000054], [129.63701238200008, 42.15989592300008], [129.6368363150001, 42.16139244000004], [129.63745250600005, 42.16341714200007], [129.6366602380001, 42.164913657000056], [129.63401936000002, 42.16720243900005], [129.6310263680001, 42.16913910100004], [129.6280333750001, 42.171163791000026], [129.6236319200001, 42.17380469100004], [129.61623748500006, 42.17609345900007], [129.6123642110001, 42.17688572000003]]]}}, {"type": "Feature", "properties": {"fid": 397, "OBJECTID": 642, "beginyear": 1927, "endyear": 2013, "RAIL_ID": "<none>", "comment": "-", "interval_i": "\ud3d0\ubb34\uc0b0-\uae08\ud328", "rail_nm_kr": "\ud568\ubd81\uc120", "rail_nm_ch": "\ubb34\uc0b0\uc120", "rail_nm__1": 0, "rail_type": "\ud611\uada4", "rail_type_": 1940, "org_type": "\uc0ac\ucca0", "org_type_c": 1944, "org_nm_kr": "\uc870\uc120\ucca0\ub3c4\uc8fc\uc2dd\ud68c\uc0ac", "Shape_Leng": 0.14664620042, "filter": "\uad6c\uc5ed5:\uacbd\uc6d0\uc120 \ubc0f \uad00\ub828 \uc9c0\uc120", "check_db": "\uae40\uc885\ud601"}, "geometry": {"type": "MultiLineString", "coordinates": [[[129.6123642110001, 42.17688572000003], [129.6090191180001, 42.17626949800007], [129.60285710100004, 42.17609341800005], [129.59511057300006, 42.17468490700003], [129.59026899200012, 42.173716556000045], [129.58401895100008, 42.172572142000035], [129.5777689130001, 42.170899545000054], [129.57468791300005, 42.16913892700006], [129.57160691500007, 42.16711421700006], [129.56923014100005, 42.16623390500007], [129.56694139800004, 42.165177533000076], [129.564300537, 42.16429722100003], [129.56086741800004, 42.163416906000066], [129.55708218300003, 42.16244855800005], [129.55408920900004, 42.16112809400005], [129.55074412200008, 42.159631567000076], [129.54836735000004, 42.158399133000046], [129.5465187530001, 42.15690261000003], [129.5448462160001, 42.15478987500006], [129.54334973000005, 42.15399759500008], [129.53868420000003, 42.154261673000065], [129.53630742500002, 42.15355742200006], [129.53445882300002, 42.15276514200008], [129.53252219400008, 42.152060893000055], [129.53093768200006, 42.15056437100003], [129.5290890870001, 42.148715726000034], [129.52732851100006, 42.14862769000007], [129.52512778900007, 42.14880374400008], [129.52275101200007, 42.148539647000064], [129.52002212500008, 42.147219181000025], [129.51817353, 42.14528250600006], [129.51526858700004, 42.14360991800004], [129.51245166800004, 42.142641576000074], [129.50761009300004, 42.14061686200006], [129.50285654800007, 42.13824002500007], [129.49959948600008, 42.13744774200006], [129.49493395800005, 42.13735969800007], [129.4907085760001, 42.137007563000054], [129.484810648, 42.13621527200007], [129.47961694700007, 42.13603919600007], [129.47547959300005, 42.135687061000056]]]}}, {"type": "Feature", "properties": {"fid": 398, "OBJECTID": 643, "beginyear": 1929, "endyear": 2013, "RAIL_ID": "<none>", "comment": "-", "interval_i": "\uc8fc\ucd08-\uc9c4\ud654", "rail_nm_kr": "\ud568\ubd81\uc120", "rail_nm_ch": "\ubb34\uc0b0\uc120", "rail_nm__1": 0, "rail_type": "\ud611\uada4", "rail_type_": 1940, "org_type": "\uc0ac\ucca0", "org_type_c": 1944, "org_nm_kr": "\uc870\uc120\ucca0\ub3c4\uc8fc\uc2dd\ud68c\uc0ac", "Shape_Leng": 0.01762271974, "filter": "\uad6c\uc5ed5:\uacbd\uc6d0\uc120 \ubc0f \uad00\ub828 \uc9c0\uc120", "check_db": "\uae40\uc885\ud601"}, "geometry": {"type": "MultiLineString", "coordinates": [[[129.3205484780001, 42.207519459000025], [129.32274921200008, 42.204702490000045], [129.3238936020001, 42.20170945900003], [129.3248619420001, 42.19704384900007], [129.32477393400006, 42.192994449000025], [129.32419113600008, 42.19105171800004]]]}}, {"type": "Feature", "properties": {"fid": 399, "OBJECTID": 644, "beginyear": 1929, "endyear": 2013, "RAIL_ID": "<none>", "comment": "-", "interval_i": "\uc9c4\ud654-\ubb34\uc0b0\ucca0\uc0b0", "rail_nm_kr": "\ud568\ubd81\uc120", "rail_nm_ch": "\ubb34\uc0b0\uc120", "rail_nm__1": 0, "rail_type": "\ud611\uada4", "rail_type_": 1940, "org_type": "\uc0ac\ucca0", "org_type_c": 1944, "org_nm_kr": "\uc870\uc120\ucca0\ub3c4\uc8fc\uc2dd\ud68c\uc0ac", "Shape_Leng": 0.06447041371, "filter": "\uad6c\uc5ed5:\uacbd\uc6d0\uc120 \ubc0f \uad00\ub828 \uc9c0\uc120", "check_db": "\uae40\uc885\ud601"}, "geometry": {"type": "MultiLineString", "coordinates": [[[129.2607212810001, 42.222463160000075], [129.26368178200005, 42.22266053800007], [129.26614658900007, 42.222836606000044], [129.26878745800002, 42.22195630900006], [129.27098818000002, 42.221604193000076], [129.27371707200007, 42.22204435200007], [129.27609384800007, 42.22239648100003], [129.27952698100012, 42.22054785100005], [129.28384041100003, 42.21693861500006], [129.28639325200004, 42.21588225600004], [129.29053060700005, 42.21579423700007], [129.2935235960001, 42.21403363700006], [129.29801308000003, 42.21112864500003], [129.30083001100002, 42.20945607400006], [129.30417510600012, 42.20954411300005], [129.30796034000002, 42.21042442800007], [129.31174558700002, 42.209103982000045], [129.31561886100008, 42.20795959700007], [129.31834775400011, 42.20822369600006], [129.3205484780001, 42.207519459000025]]]}}, {"type": "Feature", "properties": {"fid": 400, "OBJECTID": 645, "beginyear": 1929, "endyear": 2013, "RAIL_ID": "<none>", "comment": "-", "interval_i": "\ubb34\uc0b0\ucca0\uc0b0-\ubb34\uc0b0", "rail_nm_kr": "\ud568\ubd81\uc120", "rail_nm_ch": "\ubb34\uc0b0\uc120", "rail_nm__1": 0, "rail_type": "\ud611\uada4", "rail_type_": 1940, "org_type": "\uc0ac\ucca0", "org_type_c": 1944, "org_nm_kr": "\uc870\uc120\ucca0\ub3c4\uc8fc\uc2dd\ud68c\uc0ac", "Shape_Leng": 0.02907480444, "filter": "\uad6c\uc5ed5:\uacbd\uc6d0\uc120 \ubc0f \uad00\ub828 \uc9c0\uc120", "check_db": "\uae40\uc885\ud601"}, "geometry": {"type": "MultiLineString", "coordinates": [[[129.23182031500005, 42.22362878800004], [129.23806539100008, 42.22362880500003], [129.2452837520001, 42.22415700600004], [129.2516218300001, 42.22362884100005], [129.25840005600003, 42.22230840200007], [129.2607212810001, 42.222463160000075]]]}}, {"type": "Feature", "properties": {"fid": 401, "OBJECTID": 673, "beginyear": 1926, "endyear": -9999, "RAIL_ID": "<none>", "comment": "-", "interval_i": "\uc624\ub85c-\ub3d9\uc591", "rail_nm_kr": "\uc7a5\uc9c4\uc120", "rail_nm_ch": "\uc7a5\uc9c4\uc120", "rail_nm__1": 0, "rail_type": "\ud611\uada4", "rail_type_": 0, "org_type": "\uc0ac\ucca0", "org_type_c": 0, "org_nm_kr": "\uc2e0\ud765\ucca0\ub3c4\uc8fc\uc2dd\ud68c\uc0ac", "Shape_Leng": 0.05471968812, "filter": "\uad6c\uc5ed5:\uacbd\uc6d0\uc120 \ubc0f \uad00\ub828 \uc9c0\uc120", "check_db": "\uae40\uc885\ud601"}, "geometry": {"type": "MultiLineString", "coordinates": [[[127.46448338300002, 40.01650278000005], [127.46158111000011, 40.01735639900005], [127.45611800900008, 40.01880755500008], [127.45032069800004, 40.021246061000056], [127.44634273000008, 40.02269261400005], [127.44245516600006, 40.02630900200006], [127.43929087300012, 40.028659652000044], [127.43124452300003, 40.03354177400007], [127.42410226000004, 40.03770061800003], [127.41903939000008, 40.040593727000044], [127.41660202900005, 40.041890213000045]]]}}, {"type": "Feature", "properties": {"fid": 402, "OBJECTID": 674, "beginyear": 1926, "endyear": -9999, "RAIL_ID": "<none>", "comment": "-", "interval_i": "\ub3d9\uc591-\uc1a1\ub2f9", "rail_nm_kr": "\uc7a5\uc9c4\uc120", "rail_nm_ch": "\uc7a5\uc9c4\uc120", "rail_nm__1": 0, "rail_type": "\ud611\uada4", "rail_type_": 0, "org_type": "\uc0ac\ucca0", "org_type_c": 0, "org_nm_kr": "\uc2e0\ud765\ucca0\ub3c4\uc8fc\uc2dd\ud68c\uc0ac", "Shape_Leng": 0.04254879983, "filter": "\uad6c\uc5ed5:\uacbd\uc6d0\uc120 \ubc0f \uad00\ub828 \uc9c0\uc120", "check_db": "\uae40\uc885\ud601"}, "geometry": {"type": "MultiLineString", "coordinates": [[[127.41660202900005, 40.041890213000045], [127.41479019400003, 40.04285396800003], [127.4120779430001, 40.04421011300008], [127.40782874900003, 40.044752569000025], [127.40321792100008, 40.04656076200007], [127.40041526200002, 40.04692240000003], [127.39842627700011, 40.04782649600003], [127.39634688400008, 40.04909223200008], [127.39462912300007, 40.05171411200007], [127.39200728000003, 40.05279902800004], [127.3894758450001, 40.05478804200004], [127.3883005350001, 40.05623459700007], [127.38757726800009, 40.05659623500003], [127.38604032500007, 40.05750033100003], [127.38459379100004, 40.05930852500006], [127.38305684700003, 40.06084548900003], [127.3804350040001, 40.061207128000035]]]}}, {"type": "Feature", "properties": {"fid": 403, "OBJECTID": 675, "beginyear": 1926, "endyear": -9999, "RAIL_ID": "<none>", "comment": "-", "interval_i": "\uc1a1\ub2f9-\ub3d9\uc815", "rail_nm_kr": "\uc7a5\uc9c4\uc120", "rail_nm_ch": "\uc7a5\uc9c4\uc120", "rail_nm__1": 0, "rail_type": "\ud611\uada4", "rail_type_": 0, "org_type": "\uc0ac\ucca0", "org_type_c": 0, "org_nm_kr": "\uc2e0\ud765\ucca0\ub3c4\uc8fc\uc2dd\ud68c\uc0ac", "Shape_Leng": 0.02603411276, "filter": "\uad6c\uc5ed5:\uacbd\uc6d0\uc120 \ubc0f \uad00\ub828 \uc9c0\uc120", "check_db": "\uae40\uc885\ud601"}, "geometry": {"type": "MultiLineString", "coordinates": [[[127.3804350040001, 40.061207128000035], [127.37745152800005, 40.06129753700003], [127.37573376800003, 40.062292042000024], [127.37338315000011, 40.06428105600003], [127.36994763000007, 40.06672211700004], [127.36596335100012, 40.06888029900006], [127.36497516800011, 40.06979604500003], [127.36370945300007, 40.06970563600004], [127.36199169400004, 40.069615224000074], [127.36000270800002, 40.07042891200007], [127.35891780700001, 40.072960383000066]]]}}, {"type": "Feature", "properties": {"fid": 404, "OBJECTID": 676, "beginyear": 1926, "endyear": -9999, "RAIL_ID": "<none>", "comment": "-", "interval_i": "\ub3d9\uc815-\uc0c1\ud1b5", "rail_nm_kr": "\uc7a5\uc9c4\uc120", "rail_nm_ch": "\uc7a5\uc9c4\uc120", "rail_nm__1": 0, "rail_type": "\ud611\uada4", "rail_type_": 0, "org_type": "\uc0ac\ucca0", "org_type_c": 0, "org_nm_kr": "\uc2e0\ud765\ucca0\ub3c4\uc8fc\uc2dd\ud68c\uc0ac", "Shape_Leng": 0.01873367376, "filter": "\uad6c\uc5ed5:\uacbd\uc6d0\uc120 \ubc0f \uad00\ub828 \uc9c0\uc120", "check_db": "\uae40\uc885\ud601"}, "geometry": {"type": "MultiLineString", "coordinates": [[[127.35891780700001, 40.072960383000066], [127.35828494700002, 40.07576308400007], [127.35747126900003, 40.07874660500005], [127.35647677600002, 40.08001234100004], [127.35548228400012, 40.08182053500008], [127.35503024000002, 40.08435200800005], [127.35340288700002, 40.08887249300005], [127.35299565800005, 40.09054214900004]]]}}, {"type": "Feature", "properties": {"fid": 405, "OBJECTID": 687, "beginyear": 1923, "endyear": 2013, "RAIL_ID": "<none>", "comment": "-", "interval_i": "\ud568\ud765-\uc624\ub85c", "rail_nm_kr": "\uc1a1\ud765\uc120", "rail_nm_ch": "\uc1a1\ud765\uc120", "rail_nm__1": 0, "rail_type": "\ud611\uada4", "rail_type_": 0, "org_type": "\uc0ac\ucca0", "org_type_c": 0, "org_nm_kr": "\uc2e0\ud765\ucca0\ub3c4\uc8fc\uc2dd\ud68c\uc0ac", "Shape_Leng": 0.16475828847, "filter": "\uad6c\uc5ed5:\uacbd\uc6d0\uc120 \ubc0f \uad00\ub828 \uc9c0\uc120", "check_db": "\uae40\uc885\ud601"}, "geometry": {"type": "MultiLineString", "coordinates": [[[127.54594097300003, 39.91137614000007], [127.54378378700005, 39.90945861000006], [127.53934502300001, 39.90501977300005], [127.53378256700012, 39.90068425800007], [127.53354048300002, 39.90049557200007], [127.53234543000008, 39.90126383200004], [127.52756521700007, 39.90169063900004], [127.52568727500011, 39.90288571000008], [127.52252891700005, 39.90612947300008], [127.52144508100002, 39.90782027800003], [127.52039489000003, 39.909458597000025], [127.51809014100002, 39.91338525800006], [127.51800477600011, 39.91662902100006], [127.51800477200004, 39.92055568300003], [127.51715116200012, 39.92277510000008], [127.5180047670001, 39.92678712500003], [127.51774868300004, 39.928750455000056], [127.51595609900005, 39.93242102900007], [127.51424887400003, 39.93967681700008], [127.51363551300005, 39.94347968400007], [127.51339525900005, 39.94496927400007], [127.51298534400007, 39.95050348700005], [127.51228555900002, 39.95384694300003], [127.51040761400009, 39.95811505300003], [127.50887111500003, 39.960419831000024], [127.50852966600007, 39.96494402800005], [127.50820203100011, 39.966839650000054], [127.50733460700008, 39.97185836600005], [127.50451769200004, 39.97740690900008], [127.50264414800006, 39.98002990500004], [127.5002496400001, 39.98338226100003], [127.49657911500003, 39.98799181700008], [127.49342076000005, 39.99012587200008], [127.49222570500001, 39.99149166600006], [127.49000631800004, 39.994223255000065], [127.48881126300012, 39.995674413000074], [127.485140741, 39.99908889900007], [127.4846285750001, 39.99994252000005], [127.48300671600009, 40.00190585100006], [127.48095805300011, 40.002674110000044], [127.47447062100002, 40.00540569700007], [127.4734462880001, 40.00643004300008], [127.47105617900002, 40.00958844300004], [127.47105617800003, 40.01095423900006], [127.47182442600001, 40.01240539600008], [127.47182442400003, 40.01402727900006], [127.47028792600008, 40.01539307300004], [127.46832462400005, 40.01573452100007], [127.46448338300002, 40.01650278000005]]]}}, {"type": "Feature", "properties": {"fid": 406, "OBJECTID": 688, "beginyear": 1923, "endyear": 2013, "RAIL_ID": "<none>", "comment": "-", "interval_i": "\uc624\ub85c-\uc911\uc0c1", "rail_nm_kr": "\uc1a1\ud765\uc120", "rail_nm_ch": "\uc1a1\ud765\uc120", "rail_nm__1": 0, "rail_type": "\ud611\uada4", "rail_type_": 0, "org_type": "\uc0ac\ucca0", "org_type_c": 0, "org_nm_kr": "\uc2e0\ud765\ucca0\ub3c4\uc8fc\uc2dd\ud68c\uc0ac", "Shape_Leng": 0.0375851324, "filter": "\uad6c\uc5ed5:\uacbd\uc6d0\uc120 \ubc0f \uad00\ub828 \uc9c0\uc120", "check_db": "\uae40\uc885\ud601"}, "geometry": {"type": "MultiLineString", "coordinates": [[[127.46158111000011, 40.01735639900005], [127.45963032800012, 40.026388043000054], [127.46427269500009, 40.03708585700008], [127.474178133, 40.05051055400003]]]}}, {"type": "Feature", "properties": {"fid": 407, "OBJECTID": 689, "beginyear": 1923, "endyear": 2013, "RAIL_ID": "<none>", "comment": "-", "interval_i": "\uc911\uc0c1-\ud48d\uc0c1", "rail_nm_kr": "\uc1a1\ud765\uc120", "rail_nm_ch": "\uc1a1\ud765\uc120", "rail_nm__1": 0, "rail_type": "\ud611\uada4", "rail_type_": 0, "org_type": "\uc0ac\ucca0", "org_type_c": 0, "org_nm_kr": "\uc2e0\ud765\ucca0\ub3c4\uc8fc\uc2dd\ud68c\uc0ac", "Shape_Leng": 0.03730355234, "filter": "\uad6c\uc5ed5:\uacbd\uc6d0\uc120 \ubc0f \uad00\ub828 \uc9c0\uc120", "check_db": "\uae40\uc885\ud601"}, "geometry": {"type": "MultiLineString", "coordinates": [[[127.474178133, 40.05051055400003], [127.47961270500002, 40.057875952000074], [127.48264033300006, 40.06776638400004], [127.481631117, 40.07160144800008], [127.47335556900009, 40.07987711000004], [127.4733555680001, 40.082014756000035]]]}}, {"type": "Feature", "properties": {"fid": 408, "OBJECTID": 690, "beginyear": 1926, "endyear": 2013, "RAIL_ID": "<none>", "comment": "-", "interval_i": "\ud48d\uc0c1-\uc804\ub3d9", "rail_nm_kr": "\uc1a1\ud765\uc120", "rail_nm_ch": "\uc1a1\ud765\uc120", "rail_nm__1": 0, "rail_type": "\ud611\uada4", "rail_type_": 0, "org_type": "\uc0ac\ucca0", "org_type_c": 0, "org_nm_kr": "\uc2e0\ud765\ucca0\ub3c4\uc8fc\uc2dd\ud68c\uc0ac", "Shape_Leng": 0.03622049863, "filter": "\uad6c\uc5ed5:\uacbd\uc6d0\uc120 \ubc0f \uad00\ub828 \uc9c0\uc120", "check_db": "\uae40\uc885\ud601"}, "geometry": {"type": "MultiLineString", "coordinates": [[[127.4733555680001, 40.082014756000035], [127.47335555600012, 40.09481367700005], [127.47658502500008, 40.106924408000054], [127.48021818400002, 40.110355784000035], [127.48195980200012, 40.115982651000024]]]}}, {"type": "Feature", "properties": {"fid": 409, "OBJECTID": 691, "beginyear": 1926, "endyear": 2013, "RAIL_ID": "<none>", "comment": "-", "interval_i": "\uc804\ub3d9-\ucc9c\ubd88\uc0b0", "rail_nm_kr": "\uc1a1\ud765\uc120", "rail_nm_ch": "\uc1a1\ud765\uc120", "rail_nm__1": 0, "rail_type": "\ud611\uada4", "rail_type_": 0, "org_type": "\uc0ac\ucca0", "org_type_c": 0, "org_nm_kr": "\uc2e0\ud765\ucca0\ub3c4\uc8fc\uc2dd\ud68c\uc0ac", "Shape_Leng": 0.02892514523, "filter": "\uad6c\uc5ed5:\uacbd\uc6d0\uc120 \ubc0f \uad00\ub828 \uc9c0\uc120", "check_db": "\uae40\uc885\ud601"}, "geometry": {"type": "MultiLineString", "coordinates": [[[127.48195980200012, 40.115982651000024], [127.48284212900012, 40.11883329600005], [127.48566792200006, 40.119842525000024], [127.48829186700004, 40.12751265500003], [127.49515450400008, 40.13336617900006], [127.4961637130001, 40.13699939800006], [127.49781336100011, 40.13820493000003]]]}}, {"type": "Feature", "properties": {"fid": 410, "OBJECTID": 692, "beginyear": 1926, "endyear": 2013, "RAIL_ID": "<none>", "comment": "-", "interval_i": "\ucc9c\ubd88\uc0b0-\ud568\ub0a8\uc2e0\ud765", "rail_nm_kr": "\uc1a1\ud765\uc120", "rail_nm_ch": "\uc1a1\ud765\uc120", "rail_nm__1": 0, "rail_type": "\ud611\uada4", "rail_type_": 0, "org_type": "\uc0ac\ucca0", "org_type_c": 0, "org_nm_kr": "\uc2e0\ud765\ucca0\ub3c4\uc8fc\uc2dd\ud68c\uc0ac", "Shape_Leng": 0.08137937129, "filter": "\uad6c\uc5ed5:\uacbd\uc6d0\uc120 \ubc0f \uad00\ub828 \uc9c0\uc120", "check_db": "\uae40\uc885\ud601"}, "geometry": {"type": "MultiLineString", "coordinates": [[[127.49781336100011, 40.13820493000003], [127.5014116110001, 40.14083446600006], [127.50504476800006, 40.14931197800007], [127.52664188400001, 40.17272606900008], [127.5353210930001, 40.18766264100003], [127.55005557700008, 40.19896599700007]]]}}, {"type": "Feature", "properties": {"fid": 411, "OBJECTID": 693, "beginyear": 1930, "endyear": 2013, "RAIL_ID": "<none>", "comment": "-", "interval_i": "\ud568\ub0a8\uc2e0\ud765-\uae38\ubd09", "rail_nm_kr": "\uc1a1\ud765\uc120", "rail_nm_ch": "\uc1a1\ud765\uc120", "rail_nm__1": 0, "rail_type": "\ud611\uada4", "rail_type_": 0, "org_type": "\uc0ac\ucca0", "org_type_c": 0, "org_nm_kr": "\uc2e0\ud765\ucca0\ub3c4\uc8fc\uc2dd\ud68c\uc0ac", "Shape_Leng": 0.04093208463, "filter": "\uad6c\uc5ed5:\uacbd\uc6d0\uc120 \ubc0f \uad00\ub828 \uc9c0\uc120", "check_db": "\uae40\uc885\ud601"}, "geometry": {"type": "MultiLineString", "coordinates": [[[127.55005557700008, 40.19896599700007], [127.55712005400005, 40.206030594000026], [127.58033191600009, 40.219352410000056], [127.5836078420001, 40.22194589800006]]]}}, {"type": "Feature", "properties": {"fid": 412, "OBJECTID": 694, "beginyear": 1930, "endyear": 2013, "RAIL_ID": "<none>", "comment": "-", "interval_i": "\uae38\ubd09-\ub3d9\ud765", "rail_nm_kr": "\uc1a1\ud765\uc120", "rail_nm_ch": "\uc1a1\ud765\uc120", "rail_nm__1": 0, "rail_type": "\ud611\uada4", "rail_type_": 0, "org_type": "\uc0ac\ucca0", "org_type_c": 0, "org_nm_kr": "\uc2e0\ud765\ucca0\ub3c4\uc8fc\uc2dd\ud68c\uc0ac", "Shape_Leng": 0.04940240402, "filter": "\uad6c\uc5ed5:\uacbd\uc6d0\uc120 \ubc0f \uad00\ub828 \uc9c0\uc120", "check_db": "\uae40\uc885\ud601"}, "geometry": {"type": "MultiLineString", "coordinates": [[[127.5836078420001, 40.22194589800006], [127.58517612800006, 40.22318747800006], [127.59284612500005, 40.235903749000045], [127.5986995510001, 40.239536971000064], [127.60435113300002, 40.24256465700006], [127.60697508300007, 40.24458311300003], [127.61363587000005, 40.255079083000055], [127.61342356400007, 40.25858209000006]]]}}, {"type": "Feature", "properties": {"fid": 413, "OBJECTID": 695, "beginyear": 1930, "endyear": 2013, "RAIL_ID": "<none>", "comment": "-", "interval_i": "\ub3d9\ud765-\uacbd\ud765", "rail_nm_kr": "\uc1a1\ud765\uc120", "rail_nm_ch": "\uc1a1\ud765\uc120", "rail_nm__1": 0, "rail_type": "\ud611\uada4", "rail_type_": 0, "org_type": "\uc0ac\ucca0", "org_type_c": 0, "org_nm_kr": "\uc2e0\ud765\ucca0\ub3c4\uc8fc\uc2dd\ud68c\uc0ac", "Shape_Leng": 0.04074069319, "filter": "\uad6c\uc5ed5:\uacbd\uc6d0\uc120 \ubc0f \uad00\ub828 \uc9c0\uc120", "check_db": "\uae40\uc885\ud601"}, "geometry": {"type": "MultiLineString", "coordinates": [[[127.61342356400007, 40.25858209000006], [127.61323217600011, 40.26173998400003], [127.6087916350001, 40.27041933800007], [127.59708476000003, 40.284952204000035], [127.59221411400006, 40.292717105000065]]]}}, {"type": "Feature", "properties": {"fid": 414, "OBJECTID": 696, "beginyear": 1930, "endyear": 2013, "RAIL_ID": "<none>", "comment": "-", "interval_i": "\uacbd\ud765-\uc1a1\ud558", "rail_nm_kr": "\uc1a1\ud765\uc120", "rail_nm_ch": "\uc1a1\ud765\uc120", "rail_nm__1": 0, "rail_type": "\ud611\uada4", "rail_type_": 0, "org_type": "\uc0ac\ucca0", "org_type_c": 0, "org_nm_kr": "\uc2e0\ud765\ucca0\ub3c4\uc8fc\uc2dd\ud68c\uc0ac", "Shape_Leng": 0.01704343823, "filter": "\uad6c\uc5ed5:\uacbd\uc6d0\uc120 \ubc0f \uad00\ub828 \uc9c0\uc120", "check_db": "\uae40\uc885\ud601"}, "geometry": {"type": "MultiLineString", "coordinates": [[[127.59221411400006, 40.292717105000065], [127.58315761200004, 40.30715519900008]]]}}, {"type": "Feature", "properties": {"fid": 415, "OBJECTID": 697, "beginyear": 1930, "endyear": 2013, "RAIL_ID": "<none>", "comment": "-", "interval_i": "\uc1a1\ud558-\ud558\uc1a1\ud765", "rail_nm_kr": "\uc1a1\ud765\uc120", "rail_nm_ch": "\uc1a1\ud765\uc120", "rail_nm__1": 0, "rail_type": "\ud611\uada4", "rail_type_": 0, "org_type": "\uc0ac\ucca0", "org_type_c": 0, "org_nm_kr": "\uc2e0\ud765\ucca0\ub3c4\uc8fc\uc2dd\ud68c\uc0ac", "Shape_Leng": 0.0414712157, "filter": "\uad6c\uc5ed5:\uacbd\uc6d0\uc120 \ubc0f \uad00\ub828 \uc9c0\uc120", "check_db": "\uae40\uc885\ud601"}, "geometry": {"type": "MultiLineString", "coordinates": [[[127.58315761200004, 40.30715519900008], [127.57790970500002, 40.31199948700004], [127.571652588, 40.31563270200007], [127.56781758000011, 40.318256690000055], [127.56721205000008, 40.321082526000055], [127.5680194150001, 40.32592681800003], [127.56075307600008, 40.338643079000065]]]}}, {"type": "Feature", "properties": {"fid": 416, "OBJECTID": 698, "beginyear": 1930, "endyear": 2013, "RAIL_ID": "<none>", "comment": "-", "interval_i": "\ud558\uc1a1\ud765-\ud568\ub0a8\uc1a1\ud765", "rail_nm_kr": "\uc1a1\ud765\uc120", "rail_nm_ch": "\uc1a1\ud765\uc120", "rail_nm__1": 0, "rail_type": "\ud611\uada4", "rail_type_": 0, "org_type": "\uc0ac\ucca0", "org_type_c": 0, "org_nm_kr": "\uc2e0\ud765\ucca0\ub3c4\uc8fc\uc2dd\ud68c\uc0ac", "Shape_Leng": 0.00947774276, "filter": "\uad6c\uc5ed5:\uacbd\uc6d0\uc120 \ubc0f \uad00\ub828 \uc9c0\uc120", "check_db": "\uae40\uc885\ud601"}, "geometry": {"type": "MultiLineString", "coordinates": [[[127.56075307600008, 40.338643079000065], [127.55833096200001, 40.344294751000064], [127.55752358900008, 40.34752427900003]]]}}, {"type": "Feature", "properties": {"fid": 417, "OBJECTID": 703, "beginyear": 1930, "endyear": 1972, "RAIL_ID": "<none>", "comment": "-", "interval_i": "\uc218\uc6d0-\ubcf8\uc218\uc6d0", "rail_nm_kr": "\uc218\ub824\uc120", "rail_nm_ch": "\uc218\ub824\uc120", "rail_nm__1": 0, "rail_type": "\ud611\uada4", "rail_type_": 0, "org_type": "\uc0ac\ucca0", "org_type_c": 1946, "org_nm_kr": "\uc870\uc120\uacbd\ub3d9\ucca0\ub3c4\uc8fc\uc2dd\ud68c\uc0ac", "Shape_Leng": 0.0301453948, "filter": "\uad6c\uc5ed3:\uacbd\ubd80\uc120\uc758 \ub3d9\ubd81\ubd80 \uc9c0\uc5ed \ucca0\ub3c4", "check_db": "\uae40\uc885\ud601"}, "geometry": {"type": "MultiLineString", "coordinates": [[[126.99958779200006, 37.26649938600008], [127.00110390200007, 37.26379878300003], [127.00199217500005, 37.262093280000045], [127.00276353400011, 37.260858201000076], [127.00551788900009, 37.25989287200008], [127.00763819600002, 37.26005917200007], [127.00896858700003, 37.26072437500005], [127.01449802200011, 37.26824948400008], [127.01603628500004, 37.269579889000056], [127.01753297300002, 37.27174179800005], [127.02037516100006, 37.27306459300007]]]}}, {"type": "Feature", "properties": {"fid": 418, "OBJECTID": 704, "beginyear": 1930, "endyear": 1972, "RAIL_ID": "<none>", "comment": "-", "interval_i": "\ubcf8\uc218\uc6d0-\uc6d0\ucc9c", "rail_nm_kr": "\uc218\ub824\uc120", "rail_nm_ch": "\uc218\ub824\uc120", "rail_nm__1": 0, "rail_type": "\ud611\uada4", "rail_type_": 0, "org_type": "\uc0ac\ucca0", "org_type_c": 1946, "org_nm_kr": "\uc870\uc120\uacbd\ub3d9\ucca0\ub3c4\uc8fc\uc2dd\ud68c\uc0ac", "Shape_Leng": 0.03891430952, "filter": "\uad6c\uc5ed3:\uacbd\ubd80\uc120\uc758 \ub3d9\ubd81\ubd80 \uc9c0\uc5ed \ucca0\ub3c4", "check_db": "\uae40\uc885\ud601"}, "geometry": {"type": "MultiLineString", "coordinates": [[[127.02037516100006, 37.27306459300007], [127.02414335000003, 37.27481836100003], [127.02618051000002, 37.27548356500006], [127.02900758900012, 37.276024043000064], [127.03013010600012, 37.276439794000055], [127.03079530100001, 37.27698027200006], [127.0315020700001, 37.27822752700007], [127.03279088600004, 37.27872642900007], [127.033497656, 37.27856012800004], [127.0367820560001, 37.27739602300005], [127.04110582400006, 37.27727129700003], [127.04459809900004, 37.27560829000004], [127.04725887900008, 37.27402843400006], [127.04829824600006, 37.27365425800008], [127.05278831300006, 37.27369583400008], [127.05625082000006, 37.27219613200003]]]}}, {"type": "Feature", "properties": {"fid": 419, "OBJECTID": 705, "beginyear": 1930, "endyear": 1972, "RAIL_ID": "<none>", "comment": "-", "interval_i": "\uc6d0\ucc9c-\ub355\uace1", "rail_nm_kr": "\uc218\ub824\uc120", "rail_nm_ch": "\uc218\ub824\uc120", "rail_nm__1": 0, "rail_type": "\ud611\uada4", "rail_type_": 0, "org_type": "\uc0ac\ucca0", "org_type_c": 1946, "org_nm_kr": "\uc870\uc120\uacbd\ub3d9\ucca0\ub3c4\uc8fc\uc2dd\ud68c\uc0ac", "Shape_Leng": 0.02510851799, "filter": "\uad6c\uc5ed3:\uacbd\ubd80\uc120\uc758 \ub3d9\ubd81\ubd80 \uc9c0\uc5ed \ucca0\ub3c4", "check_db": "\uae40\uc885\ud601"}, "geometry": {"type": "MultiLineString", "coordinates": [[[127.05625082000006, 37.27219613200003], [127.05931554000006, 37.270868721000056], [127.06014703400001, 37.27074399500003], [127.060936953, 37.270245094000074], [127.0634314350001, 37.26945516500007], [127.06434607800009, 37.26933044000003], [127.06555174400012, 37.269787767000025], [127.06704843300008, 37.27111817300005], [127.070623855, 37.27564986700003], [127.0715384990001, 37.27635664600007], [127.07257786700006, 37.27693869700005], [127.0739082560001, 37.277312875000064], [127.07552966900005, 37.27760390100008], [127.07754134600009, 37.27752798800003]]]}}, {"type": "Feature", "properties": {"fid": 420, "OBJECTID": 706, "beginyear": 1930, "endyear": 1972, "RAIL_ID": "<none>", "comment": "-", "interval_i": "\ub355\uace1-\uc2e0\uac08", "rail_nm_kr": "\uc218\ub824\uc120", "rail_nm_ch": "\uc218\ub824\uc120", "rail_nm__1": 0, "rail_type": "\ud611\uada4", "rail_type_": 0, "org_type": "\uc0ac\ucca0", "org_type_c": 1946, "org_nm_kr": "\uc870\uc120\uacbd\ub3d9\ucca0\ub3c4\uc8fc\uc2dd\ud68c\uc0ac", "Shape_Leng": 0.03862182563, "filter": "\uad6c\uc5ed3:\uacbd\ubd80\uc120\uc758 \ub3d9\ubd81\ubd80 \uc9c0\uc5ed \ucca0\ub3c4", "check_db": "\uae40\uc885\ud601"}, "geometry": {"type": "MultiLineString", "coordinates": [[[127.07754134600009, 37.27752798800003], [127.07993658600003, 37.27743760100003], [127.08072650600002, 37.27764547700008], [127.08371988300007, 37.27980738700006], [127.09357308500012, 37.28097149200005], [127.0952776470001, 37.280888342000026], [127.09785527800011, 37.280098414000065], [127.09910252000009, 37.27947478700003], [127.10043291000011, 37.27818595600007], [127.10126440400006, 37.276980276000074], [127.10213747300008, 37.27564987000005], [127.10305211600007, 37.27477679200007], [127.10479825300001, 37.27423631500005], [127.10754218300008, 37.27423631500005], [127.10795793000011, 37.27415316300005], [127.11007823900002, 37.274319465000076], [127.11259547500003, 37.27530045900005]]]}}, {"type": "Feature", "properties": {"fid": 421, "OBJECTID": 707, "beginyear": 1930, "endyear": 1972, "RAIL_ID": "<none>", "comment": "-", "interval_i": "\uc2e0\uac08-\uc5b4\uc815", "rail_nm_kr": "\uc218\ub824\uc120", "rail_nm_ch": "\uc218\ub824\uc120", "rail_nm__1": 0, "rail_type": "\ud611\uada4", "rail_type_": 0, "org_type": "\uc0ac\ucca0", "org_type_c": 1946, "org_nm_kr": "\uc870\uc120\uacbd\ub3d9\ucca0\ub3c4\uc8fc\uc2dd\ud68c\uc0ac", "Shape_Leng": 0.0327447333, "filter": "\uad6c\uc5ed3:\uacbd\ubd80\uc120\uc758 \ub3d9\ubd81\ubd80 \uc9c0\uc5ed \ucca0\ub3c4", "check_db": "\uae40\uc885\ud601"}, "geometry": {"type": "MultiLineString", "coordinates": [[[127.11259547500003, 37.27530045900005], [127.1157323970001, 37.27652295000007], [127.11718751100011, 37.27677240100007], [127.1184347520001, 37.27673082600006], [127.12857897800006, 37.27095187700007], [127.13069928700008, 37.26987092300004], [127.13161393000007, 37.269746197000075], [127.13290274600001, 37.27007879900003], [127.13414998600001, 37.27061927700004], [127.13618714600011, 37.27273961100008], [127.13701864000006, 37.27319693800007], [127.14009516700003, 37.27589932600006], [127.14101914000003, 37.27628516600004]]]}}, {"type": "Feature", "properties": {"fid": 422, "OBJECTID": 708, "beginyear": 1930, "endyear": 1972, "RAIL_ID": "<none>", "comment": "-", "interval_i": "\uc5b4\uc815-\uc0bc\uac00", "rail_nm_kr": "\uc218\ub824\uc120", "rail_nm_ch": "\uc218\ub824\uc120", "rail_nm__1": 0, "rail_type": "\ud611\uada4", "rail_type_": 0, "org_type": "\uc0ac\ucca0", "org_type_c": 1946, "org_nm_kr": "\uc870\uc120\uacbd\ub3d9\ucca0\ub3c4\uc8fc\uc2dd\ud68c\uc0ac", "Shape_Leng": 0.05946217876, "filter": "\uad6c\uc5ed3:\uacbd\ubd80\uc120\uc758 \ub3d9\ubd81\ubd80 \uc9c0\uc5ed \ucca0\ub3c4", "check_db": "\uae40\uc885\ud601"}, "geometry": {"type": "MultiLineString", "coordinates": [[[127.14101914000003, 37.27628516600004], [127.14387846300008, 37.277479183000025], [127.14591562300006, 37.27768706000006], [127.14732916300011, 37.27743760800007], [127.14811908200011, 37.276855556000044], [127.14841010500004, 37.27569145100006], [127.14882585200007, 37.27448577000007], [127.14961577200006, 37.27344639100005], [127.15111246100003, 37.272365438000065], [127.15240127600009, 37.27178338500005], [127.15360694300011, 37.27120133200003], [127.15456316100006, 37.270203528000025], [127.15547780400004, 37.26866524700006], [127.15601827500006, 37.26716853900007], [127.1569744950001, 37.26579656000007], [127.15880378100007, 37.263593075000074], [127.1622544810001, 37.260682813000074], [127.16267022900001, 37.260017610000034], [127.16321070100003, 37.25781412500004], [127.16350172300008, 37.256733170000075], [127.16387589600004, 37.256067968000025], [127.16537258400001, 37.25511173900003], [127.16570518200001, 37.25482071300007], [127.16591305500003, 37.25353188200006], [127.16720187300007, 37.248792311000045], [127.16720187300007, 37.24804395900003], [127.16661982800008, 37.24633937600004], [127.16674455200007, 37.245507872000076], [127.16720187400006, 37.244219042000054], [127.16965478200007, 37.24230658400006], [127.17194138900004, 37.24089302800007], [127.1746853200001, 37.23964577300006], [127.17738767600008, 37.239063721000036]]]}}, {"type": "Feature", "properties": {"fid": 423, "OBJECTID": 709, "beginyear": 1930, "endyear": 1972, "RAIL_ID": "<none>", "comment": "-", "interval_i": "\uc0bc\uac00-\uc6a9\uc778", "rail_nm_kr": "\uc218\ub824\uc120", "rail_nm_ch": "\uc218\ub824\uc120", "rail_nm__1": 0, "rail_type": "\ud611\uada4", "rail_type_": 0, "org_type": "\uc0ac\ucca0", "org_type_c": 1946, "org_nm_kr": "\uc870\uc120\uacbd\ub3d9\ucca0\ub3c4\uc8fc\uc2dd\ud68c\uc0ac", "Shape_Leng": 0.02713432794, "filter": "\uad6c\uc5ed3:\uacbd\ubd80\uc120\uc758 \ub3d9\ubd81\ubd80 \uc9c0\uc5ed \ucca0\ub3c4", "check_db": "\uae40\uc885\ud601"}, "geometry": {"type": "MultiLineString", "coordinates": [[[127.17738767600008, 37.239063721000036], [127.18283396100003, 37.238398518000054], [127.1873656030001, 37.23769174200004], [127.19143992300008, 37.236652363000076], [127.19439172700004, 37.23602873600004], [127.19671991000007, 37.235612984000056], [127.19908966800006, 37.23569613600006], [127.201625723, 37.23640291400005], [127.20392197600006, 37.237314136000066]]]}}, {"type": "Feature", "properties": {"fid": 424, "OBJECTID": 710, "beginyear": 1930, "endyear": 1972, "RAIL_ID": "<none>", "comment": "-", "interval_i": "\uc6a9\uc778-\ub9c8\ud3c9", "rail_nm_kr": "\uc218\ub824\uc120", "rail_nm_ch": "\uc218\ub824\uc120", "rail_nm__1": 0, "rail_type": "\ud611\uada4", "rail_type_": 0, "org_type": "\uc0ac\ucca0", "org_type_c": 1946, "org_nm_kr": "\uc870\uc120\uacbd\ub3d9\ucca0\ub3c4\uc8fc\uc2dd\ud68c\uc0ac", "Shape_Leng": 0.04743264429, "filter": "\uad6c\uc5ed3:\uacbd\ubd80\uc120\uc758 \ub3d9\ubd81\ubd80 \uc9c0\uc5ed \ucca0\ub3c4", "check_db": "\uae40\uc885\ud601"}, "geometry": {"type": "MultiLineString", "coordinates": [[[127.20392197600006, 37.237314136000066], [127.20424492900008, 37.23744229400006], [127.20545059500012, 37.237899621000054], [127.20615736400009, 37.23806592100004], [127.21031483400009, 37.23735914500003], [127.21380710900007, 37.23540511200008], [127.21447230400008, 37.23494778500003], [127.21946126800003, 37.23386683100006], [127.22075008500008, 37.233658956000056], [127.222620946, 37.233825257000035], [127.2316426540001, 37.23370053300005], [127.24170373100003, 37.23199595300008], [127.2433251440001, 37.231455476000065], [127.24515443200005, 37.230374522000034], [127.24823095900001, 37.22891939200008], [127.24947820000011, 37.228586790000065]]]}}, {"type": "Feature", "properties": {"fid": 425, "OBJECTID": 711, "beginyear": 1930, "endyear": 1972, "RAIL_ID": "<none>", "comment": "-", "interval_i": "\ub9c8\ud3c9-\uc591\uc9c0", "rail_nm_kr": "\uc218\ub824\uc120", "rail_nm_ch": "\uc218\ub824\uc120", "rail_nm__1": 0, "rail_type": "\ud611\uada4", "rail_type_": 0, "org_type": "\uc0ac\ucca0", "org_type_c": 1946, "org_nm_kr": "\uc870\uc120\uacbd\ub3d9\ucca0\ub3c4\uc8fc\uc2dd\ud68c\uc0ac", "Shape_Leng": 0.03652956095, "filter": "\uad6c\uc5ed3:\uacbd\ubd80\uc120\uc758 \ub3d9\ubd81\ubd80 \uc9c0\uc5ed \ucca0\ub3c4", "check_db": "\uae40\uc885\ud601"}, "geometry": {"type": "MultiLineString", "coordinates": [[[127.24947820000011, 37.228586790000065], [127.2523052790001, 37.22792158800007], [127.25758526600009, 37.22812946600004], [127.26382147100003, 37.22580125600007], [127.26548446000004, 37.225551806000055], [127.26685642300004, 37.22621700900004], [127.27047342100002, 37.22875309600005], [127.27251058100012, 37.23000035200005], [127.27363309600003, 37.231413909000025], [127.27475561300002, 37.233118492000074], [127.27596127800007, 37.23378369400007], [127.27762426700008, 37.23386684500008], [127.28240535600003, 37.23370054600008]]]}}, {"type": "Feature", "properties": {"fid": 426, "OBJECTID": 712, "beginyear": 1930, "endyear": 1972, "RAIL_ID": "<none>", "comment": "-", "interval_i": "\uc591\uc9c0-\uc81c\uc77c", "rail_nm_kr": "\uc218\ub824\uc120", "rail_nm_ch": "\uc218\ub824\uc120", "rail_nm__1": 0, "rail_type": "\ud611\uada4", "rail_type_": 0, "org_type": "\uc0ac\ucca0", "org_type_c": 1946, "org_nm_kr": "\uc870\uc120\uacbd\ub3d9\ucca0\ub3c4\uc8fc\uc2dd\ud68c\uc0ac", "Shape_Leng": 0.0398632297, "filter": "\uad6c\uc5ed3:\uacbd\ubd80\uc120\uc758 \ub3d9\ubd81\ubd80 \uc9c0\uc5ed \ucca0\ub3c4", "check_db": "\uae40\uc885\ud601"}, "geometry": {"type": "MultiLineString", "coordinates": [[[127.28240535600003, 37.23370054600008], [127.2860223560001, 37.233409521000056], [127.28739432100008, 37.23349267200007], [127.28905730800011, 37.23386684800005], [127.29292375500006, 37.233658974000036], [127.29466989200012, 37.23378370000006], [127.29795429100011, 37.23565458400003], [127.29903523300004, 37.236153487000024], [127.30073979500003, 37.23661081400007], [127.3022364850001, 37.23661081500006], [127.30489726600001, 37.23615348800007], [127.30680970100002, 37.236693967000065], [127.30971993000003, 37.237109719000046], [127.31105032000005, 37.23719286900007], [127.31292118100009, 37.23752547200007], [127.31566511000005, 37.237608624000075], [127.31712022500005, 37.23744232200005], [127.31878321200008, 37.238440128000036], [127.3194484060001, 37.23993683400005], [127.31967006700006, 37.24055195100004]]]}}, {"type": "Feature", "properties": {"fid": 427, "OBJECTID": 713, "beginyear": 1930, "endyear": 1972, "RAIL_ID": "<none>", "comment": "-", "interval_i": "\uc81c\uc77c-\uc624\ucc9c", "rail_nm_kr": "\uc218\ub824\uc120", "rail_nm_ch": "\uc218\ub824\uc120", "rail_nm__1": 0, "rail_type": "\ud611\uada4", "rail_type_": 0, "org_type": "\uc0ac\ucca0", "org_type_c": 1946, "org_nm_kr": "\uc870\uc120\uacbd\ub3d9\ucca0\ub3c4\uc8fc\uc2dd\ud68c\uc0ac", "Shape_Leng": 0.04362000942, "filter": "\uad6c\uc5ed3:\uacbd\ubd80\uc120\uc758 \ub3d9\ubd81\ubd80 \uc9c0\uc5ed \ucca0\ub3c4", "check_db": "\uae40\uc885\ud601"}, "geometry": {"type": "MultiLineString", "coordinates": [[[127.31967006700006, 37.24055195100004], [127.32111139200003, 37.24455168000003], [127.32152713800008, 37.24521688300007], [127.32235863300002, 37.24563263500005], [127.32381374800002, 37.24608996200004], [127.32560145900004, 37.24754509500008], [127.3263498020001, 37.248709200000064], [127.32626665300006, 37.24979015400004], [127.32655767400001, 37.25049693200003], [127.32734759400012, 37.25137001200005], [127.32734759300001, 37.251868914000056], [127.32776334000005, 37.253282470000045], [127.32847010900002, 37.25390609800007], [127.33071514200003, 37.254363426000054], [127.33217025500005, 37.254945478000025], [127.33341749600004, 37.25507020500004], [127.33416584000008, 37.25473760300008], [127.3352467840001, 37.25365664900005], [127.3367018990001, 37.25286672100003], [127.33799071400006, 37.25270042200003], [127.33882220700002, 37.25307459700008], [127.34139983800003, 37.25494548100005], [127.34231448100002, 37.25519493300004], [127.35071256800006, 37.25531966200003], [127.35183508500006, 37.254987061000065], [127.35254185600002, 37.25423870800006], [127.35287236700003, 37.25394707700008]]]}}, {"type": "Feature", "properties": {"fid": 428, "OBJECTID": 714, "beginyear": 1930, "endyear": 1972, "RAIL_ID": "<none>", "comment": "-", "interval_i": "\uc624\ucc9c-\ud45c\uad50", "rail_nm_kr": "\uc218\ub824\uc120", "rail_nm_ch": "\uc218\ub824\uc120", "rail_nm__1": 0, "rail_type": "\ud611\uada4", "rail_type_": 0, "org_type": "\uc0ac\ucca0", "org_type_c": 1946, "org_nm_kr": "\uc870\uc120\uacbd\ub3d9\ucca0\ub3c4\uc8fc\uc2dd\ud68c\uc0ac", "Shape_Leng": 0.06425519832, "filter": "\uad6c\uc5ed3:\uacbd\ubd80\uc120\uc758 \ub3d9\ubd81\ubd80 \uc9c0\uc5ed \ucca0\ub3c4", "check_db": "\uae40\uc885\ud601"}, "geometry": {"type": "MultiLineString", "coordinates": [[[127.35287236700003, 37.25394707700008], [127.35324862700008, 37.25361507900004], [127.35807129300008, 37.24875078500003], [127.35877806300005, 37.248293458000035], [127.36010845500005, 37.247919283000044], [127.362062465, 37.24746195600005], [127.36763347400006, 37.24675518000004], [127.37079315200003, 37.24671360700006], [127.37199881800007, 37.24712935900004], [127.37341235500003, 37.24796086200007], [127.37420227500002, 37.24916654300006], [127.37490904300012, 37.250746400000025], [127.37528321400009, 37.251827355000046], [127.37869233700007, 37.25486234400006], [127.38002272800009, 37.25548597300008], [127.38126996800008, 37.25569384900007], [127.38210146300003, 37.255777], [127.38459594400001, 37.25490392200004], [127.38750617300002, 37.25411399400008], [127.38858711500006, 37.25407241900007], [127.38991750500008, 37.25461289700007], [127.39133104500002, 37.25540282600008], [127.39212096400001, 37.25586015400006], [127.39299403200005, 37.25594330500007], [127.39611213500007, 37.25577700500003], [127.40251463700008, 37.25656693600007], [127.40305510700011, 37.256400635000034], [127.40883708000001, 37.25280639700003]]]}}, {"type": "Feature", "properties": {"fid": 429, "OBJECTID": 715, "beginyear": 1930, "endyear": 1972, "RAIL_ID": "<none>", "comment": "-", "interval_i": "\ud45c\uad50-\uc720\uc0b0", "rail_nm_kr": "\uc218\ub824\uc120", "rail_nm_ch": "\uc218\ub824\uc120", "rail_nm__1": 0, "rail_type": "\ud611\uada4", "rail_type_": 0, "org_type": "\uc0ac\ucca0", "org_type_c": 1946, "org_nm_kr": "\uc870\uc120\uacbd\ub3d9\ucca0\ub3c4\uc8fc\uc2dd\ud68c\uc0ac", "Shape_Leng": 0.03745105034, "filter": "\uad6c\uc5ed3:\uacbd\ubd80\uc120\uc758 \ub3d9\ubd81\ubd80 \uc9c0\uc5ed \ucca0\ub3c4", "check_db": "\uae40\uc885\ud601"}, "geometry": {"type": "MultiLineString", "coordinates": [[[127.40883708000001, 37.25280639700003], [127.41074642900003, 37.25161949300008], [127.41107902700003, 37.25116216500004], [127.41120375200012, 37.249873336000064], [127.41145320100009, 37.24916655700008], [127.41270044200007, 37.24833505400005], [127.41548594700009, 37.24675519800007], [127.4190613720001, 37.24455171500006], [127.42014231400003, 37.24401123900003], [127.42271994600003, 37.24317973600006], [127.42338514100004, 37.24301343500008], [127.4247986800001, 37.24355391300003], [127.42629537000005, 37.24405281700007], [127.42754261100004, 37.24392809200003], [127.42903930000011, 37.24309658800007], [127.43024496600003, 37.24268083700008], [127.43752053700007, 37.24446857200007], [127.440638637, 37.24737883700004]]]}}, {"type": "Feature", "properties": {"fid": 430, "OBJECTID": 716, "beginyear": 1930, "endyear": 1972, "RAIL_ID": "<none>", "comment": "-", "interval_i": "\uc720\uc0b0-\uc774\ucc9c", "rail_nm_kr": "\uc218\ub824\uc120", "rail_nm_ch": "\uc218\ub824\uc120", "rail_nm__1": 0, "rail_type": "\ud611\uada4", "rail_type_": 0, "org_type": "\uc0ac\ucca0", "org_type_c": 1946, "org_nm_kr": "\uc870\uc120\uacbd\ub3d9\ucca0\ub3c4\uc8fc\uc2dd\ud68c\uc0ac", "Shape_Leng": 0.03476268652, "filter": "\uad6c\uc5ed3:\uacbd\ubd80\uc120\uc758 \ub3d9\ubd81\ubd80 \uc9c0\uc5ed \ucca0\ub3c4", "check_db": "\uae40\uc885\ud601"}, "geometry": {"type": "MultiLineString", "coordinates": [[[127.440638637, 37.24737883700004], [127.44392303500001, 37.25082957800004], [127.44413090800003, 37.25178580800008], [127.44662538300008, 37.261680702000035], [127.44658380800001, 37.262720080000065], [127.44629278500008, 37.26305268200008], [127.44587703600007, 37.26633712200004], [127.44600175800008, 37.26741807600007], [127.44620963200009, 37.26899793300004], [127.44658380100009, 37.272573399000066], [127.447124271, 37.27352962800006], [127.44733214400003, 37.27452743300006], [127.44755378600007, 37.280151775000036]]]}}, {"type": "Feature", "properties": {"fid": 432, "OBJECTID": 735, "beginyear": 1925, "endyear": 1989, "RAIL_ID": "<none>", "comment": "-", "interval_i": "\ucc9c\uc548-\uc11d\uad50", "rail_nm_kr": "\uacbd\uae30\uc120", "rail_nm_ch": "\uc548\uc131\uc120", "rail_nm__1": 1955, "rail_type": "\uad11\uada4", "rail_type_": 0, "org_type": "\uc0ac\ucca0", "org_type_c": 1946, "org_nm_kr": "\uc870\uc120\uacbd\ub0a8\ucca0\ub3c4\uc8fc\uc2dd\ud68c\uc0ac", "Shape_Leng": 0.06592874535, "filter": "\uad6c\uc5ed3:\uacbd\ubd80\uc120\uc758 \ub3d9\ubd81\ubd80 \uc9c0\uc5ed \ucca0\ub3c4", "check_db": "\uae40\uc885\ud601"}, "geometry": {"type": "MultiLineString", "coordinates": [[[127.14687216700008, 36.80926278700008], [127.14713247700001, 36.81080777100004], [127.14972150900007, 36.82502708100003], [127.1517105040001, 36.82448462100007], [127.15397072600001, 36.825479130000076], [127.15948566500003, 36.829005117000065], [127.16427733400008, 36.83207905300003], [127.16753205100008, 36.83415848000004], [127.16988268000011, 36.836237908000044], [127.17232371800003, 36.840035122000074], [127.17612088900012, 36.84292823900006], [127.1796468330001, 36.845640536000076], [127.18244950700011, 36.84943775000005], [127.18452890900005, 36.85251168700006], [127.18555646800007, 36.85634795100003]]]}}, {"type": "Feature", "properties": {"fid": 433, "OBJECTID": 736, "beginyear": 1925, "endyear": 1989, "RAIL_ID": "<none>", "comment": "-", "interval_i": "\uc11d\uad50-\uc785\uc7a5", "rail_nm_kr": "\uacbd\uae30\uc120", "rail_nm_ch": "\uc548\uc131\uc120", "rail_nm__1": 1955, "rail_type": "\uad11\uada4", "rail_type_": 0, "org_type": "\uc0ac\ucca0", "org_type_c": 1946, "org_nm_kr": "\uc870\uc120\uacbd\ub0a8\ucca0\ub3c4\uc8fc\uc2dd\ud68c\uc0ac", "Shape_Leng": 0.06651041086, "filter": "\uad6c\uc5ed3:\uacbd\ubd80\uc120\uc758 \ub3d9\ubd81\ubd80 \uc9c0\uc5ed \ucca0\ub3c4", "check_db": "\uae40\uc885\ud601"}, "geometry": {"type": "MultiLineString", "coordinates": [[[127.18555646800007, 36.85634795100003], [127.18588504100012, 36.85757463900006], [127.18706035500009, 36.86254718200007], [127.18841648600005, 36.86571152800008], [127.18950139300011, 36.86770054600004], [127.1904054790001, 36.87249226800003], [127.19194242900005, 36.87520456400006], [127.19293692400004, 36.87809768100004], [127.19329855800004, 36.88596333900006], [127.19506969200006, 36.891951533000054], [127.19682450100004, 36.89473309700003], [127.19863267700009, 36.89636047500005], [127.20116412400012, 36.89816867400003], [127.2018873940001, 36.90006728000003], [127.2021586190001, 36.90531105200006], [127.2023394360001, 36.90892744700005], [127.20351474900008, 36.91109728400005], [127.20622701400009, 36.911730153000065], [127.208125601, 36.91218220400003], [127.21043623600008, 36.91218220400003]]]}}, {"type": "Feature", "properties": {"fid": 434, "OBJECTID": 737, "beginyear": 1925, "endyear": 1989, "RAIL_ID": "<none>", "comment": "-", "interval_i": "\uc785\uc7a5-\uace0\uc9c0", "rail_nm_kr": "\uacbd\uae30\uc120", "rail_nm_ch": "\uc548\uc131\uc120", "rail_nm__1": 1955, "rail_type": "\uad11\uada4", "rail_type_": 0, "org_type": "\uc0ac\ucca0", "org_type_c": 1946, "org_nm_kr": "\uc870\uc120\uacbd\ub0a8\ucca0\ub3c4\uc8fc\uc2dd\ud68c\uc0ac", "Shape_Leng": 0.05916195976, "filter": "\uad6c\uc5ed3:\uacbd\ubd80\uc120\uc758 \ub3d9\ubd81\ubd80 \uc9c0\uc5ed \ucca0\ub3c4", "check_db": "\uae40\uc885\ud601"}, "geometry": {"type": "MultiLineString", "coordinates": [[[127.21043623600008, 36.91218220400003], [127.21138031900011, 36.91218220500008], [127.21391176600002, 36.91245343400004], [127.21571994200008, 36.91335753300007], [127.21834179700011, 36.91634105900005], [127.22069242600003, 36.91968622600007], [127.2217773320001, 36.92248893200008], [127.22277182900007, 36.92447794800006], [127.22530327400011, 36.927823113000045], [127.22539368200012, 36.931168279000076], [127.22448959300004, 36.93424221400005], [127.22313345900011, 36.93596000200006], [127.2202403760001, 36.93722573900004], [127.21870342600005, 36.938310657000045], [127.21770892800009, 36.941113363000056], [127.21716647400001, 36.94436811800006], [127.2152678870001, 36.94708041300004], [127.21364052800004, 36.95033516800004], [127.21345970800007, 36.95666385800007], [127.21345970700008, 36.95892410500005], [127.21371183600002, 36.959438455000054]]]}}, {"type": "Feature", "properties": {"fid": 435, "OBJECTID": 738, "beginyear": 1925, "endyear": 1989, "RAIL_ID": "<none>", "comment": "-", "interval_i": "\uace0\uc9c0-\ubbf8\uc591", "rail_nm_kr": "\uacbd\uae30\uc120", "rail_nm_ch": "\uc548\uc131\uc120", "rail_nm__1": 1955, "rail_type": "\uad11\uada4", "rail_type_": 0, "org_type": "\uc0ac\ucca0", "org_type_c": 1946, "org_nm_kr": "\uc870\uc120\uacbd\ub0a8\ucca0\ub3c4\uc8fc\uc2dd\ud68c\uc0ac", "Shape_Leng": 0.02543206702, "filter": "\uad6c\uc5ed3:\uacbd\ubd80\uc120\uc758 \ub3d9\ubd81\ubd80 \uc9c0\uc5ed \ucca0\ub3c4", "check_db": "\uae40\uc885\ud601"}, "geometry": {"type": "MultiLineString", "coordinates": [[[127.21371183600002, 36.959438455000054], [127.21571992600002, 36.963535009000054], [127.21644319600011, 36.96697058400008], [127.21508706200007, 36.96932123900007], [127.21336929300003, 36.97167189700008], [127.21219397800007, 36.973028043000056], [127.21217462600009, 36.97302429000007], [127.21174193500008, 36.97438419100007], [127.21237479500007, 36.97691566800006], [127.21599114800006, 36.97890468600008], [127.21755650800003, 36.97969979900006]]]}}, {"type": "Feature", "properties": {"fid": 436, "OBJECTID": 739, "beginyear": 1925, "endyear": 1989, "RAIL_ID": "<none>", "comment": "-", "interval_i": "\ubbf8\uc591-\uc548\uc131", "rail_nm_kr": "\uacbd\uae30\uc120", "rail_nm_ch": "\uc548\uc131\uc120", "rail_nm__1": 1955, "rail_type": "\uad11\uada4", "rail_type_": 0, "org_type": "\uc0ac\ucca0", "org_type_c": 1946, "org_nm_kr": "\uc870\uc120\uacbd\ub0a8\ucca0\ub3c4\uc8fc\uc2dd\ud68c\uc0ac", "Shape_Leng": 0.05877733272, "filter": "\uad6c\uc5ed3:\uacbd\ubd80\uc120\uc758 \ub3d9\ubd81\ubd80 \uc9c0\uc5ed \ucca0\ub3c4", "check_db": "\uae40\uc885\ud601"}, "geometry": {"type": "MultiLineString", "coordinates": [[[127.21755650800003, 36.97969979900006], [127.22168690300009, 36.981797802000074], [127.22539366500007, 36.98414845900004], [127.23081819300012, 36.98866895500004], [127.2349769970001, 36.99237576000007], [127.23687558100005, 36.99472641500006], [127.24076316100002, 36.99680584400005], [127.24320419900005, 36.998433222000074], [127.24483155700011, 36.99978937000003], [127.24582605300009, 37.00150715700005], [127.24636850600007, 37.00277289600007], [127.24673014100006, 37.003676994000045], [127.24781504600003, 37.00449068300003], [127.25380804300005, 37.009033129000045], [127.25665062500002, 37.01034073200003], [127.25852673000009, 37.01113666400005], [127.26313171400011, 37.009033131000024], [127.26415504400006, 37.008407755000064]]]}}, {"type": "Feature", "properties": {"fid": 437, "OBJECTID": 740, "beginyear": 1927, "endyear": 1989, "RAIL_ID": "<none>", "comment": "-", "interval_i": "\uc548\uc131-\uc548\uc131\uc74d\ub0b4", "rail_nm_kr": "\uacbd\uae30\uc120", "rail_nm_ch": "\uc548\uc131\uc120", "rail_nm__1": 1955, "rail_type": "\uad11\uada4", "rail_type_": 0, "org_type": "\uc0ac\ucca0", "org_type_c": 1946, "org_nm_kr": "\uc870\uc120\uacbd\ub0a8\ucca0\ub3c4\uc8fc\uc2dd\ud68c\uc0ac", "Shape_Leng": 0.01284413176, "filter": "\uad6c\uc5ed3:\uacbd\ubd80\uc120\uc758 \ub3d9\ubd81\ubd80 \uc9c0\uc5ed \ucca0\ub3c4", "check_db": "\uae40\uc885\ud601"}, "geometry": {"type": "MultiLineString", "coordinates": [[[127.26415504400006, 37.008407755000064], [127.26767984700007, 37.00607681200006], [127.26887373400007, 37.00312049200005], [127.2695559550001, 37.00266567400007], [127.27415809400009, 37.00293639200004]]]}}, {"type": "Feature", "properties": {"fid": 438, "OBJECTID": 741, "beginyear": 1927, "endyear": 1989, "RAIL_ID": "<none>", "comment": "-", "interval_i": "\uc548\uc131\uc74d\ub0b4-\ub9c8\uc804", "rail_nm_kr": "\uacbd\uae30\uc120", "rail_nm_ch": "\uc548\uc131\uc120", "rail_nm__1": 1955, "rail_type": "\uad11\uada4", "rail_type_": 0, "org_type": "\uc0ac\ucca0", "org_type_c": 1946, "org_nm_kr": "\uc870\uc120\uacbd\ub0a8\ucca0\ub3c4\uc8fc\uc2dd\ud68c\uc0ac", "Shape_Leng": 0.07343777677, "filter": "\uad6c\uc5ed3:\uacbd\ubd80\uc120\uc758 \ub3d9\ubd81\ubd80 \uc9c0\uc5ed \ucca0\ub3c4", "check_db": "\uae40\uc885\ud601"}, "geometry": {"type": "MultiLineString", "coordinates": [[[127.27415809400009, 37.00293639200004], [127.27632130100005, 37.00306364200003], [127.28115369000011, 37.00601996300003], [127.28490589700004, 37.01102296600004], [127.28683885300006, 37.012216866000074], [127.30162028100006, 37.017163021000044], [127.30463341900008, 37.01795895400005], [127.31247894600006, 37.01778839900004], [127.31480986400004, 37.018243219000055], [127.31566263900004, 37.018356924000045], [127.31651541300005, 37.01875489100007], [127.32117724900002, 37.01920971000004], [127.32259854000006, 37.01977823400006], [127.32305335300009, 37.02114269000003], [127.32328075800001, 37.02307566700006], [127.32441779100009, 37.024553827000034], [127.32834055300009, 37.02802182000005], [127.3332297930001, 37.03143295900003], [127.3364764590001, 37.033189374000074]]]}}, {"type": "Feature", "properties": {"fid": 439, "OBJECTID": 742, "beginyear": 1927, "endyear": 1989, "RAIL_ID": "<none>", "comment": "-", "interval_i": "\ub9c8\uc804-\uc0bc\uc8fd", "rail_nm_kr": "\uacbd\uae30\uc120", "rail_nm_ch": "\uc548\uc131\uc120", "rail_nm__1": 1955, "rail_type": "\uad11\uada4", "rail_type_": 0, "org_type": "\uc0ac\ucca0", "org_type_c": 1946, "org_nm_kr": "\uc870\uc120\uacbd\ub0a8\ucca0\ub3c4\uc8fc\uc2dd\ud68c\uc0ac", "Shape_Leng": 0.05244339636, "filter": "\uad6c\uc5ed3:\uacbd\ubd80\uc120\uc758 \ub3d9\ubd81\ubd80 \uc9c0\uc5ed \ucca0\ub3c4", "check_db": "\uae40\uc885\ud601"}, "geometry": {"type": "MultiLineString", "coordinates": [[[127.3364764590001, 37.033189374000074], [127.33669774200007, 37.03330908600003], [127.33897180800011, 37.034502985000074], [127.34164383600012, 37.03484410000004], [127.34761325900001, 37.03444613700003], [127.3505695450001, 37.03416187600004], [127.35193398400008, 37.03450299000008], [127.35272990900012, 37.035696889000064], [127.35352582900009, 37.038710061000074], [127.35443545400005, 37.04081359600008], [127.35602730000005, 37.04303083700006], [127.35773284800007, 37.044054180000046], [127.35995006300004, 37.044395294000026], [127.36188301800007, 37.04536178300003], [127.36256523700001, 37.046669387000065], [127.36245153100003, 37.052752584000075], [127.36302004600009, 37.05576575600003], [127.36324745200011, 37.05735762100005], [127.36404337400006, 37.05883578100003], [127.36597632900009, 37.06071190800003], [127.367170213, 37.06309970500007], [127.3673722740001, 37.064413126000034]]]}}, {"type": "Feature", "properties": {"fid": 440, "OBJECTID": 743, "beginyear": 1927, "endyear": 1989, "RAIL_ID": "<none>", "comment": "-", "interval_i": "\uc0bc\uc8fd-\uc6a9\uc6d4", "rail_nm_kr": "\uacbd\uae30\uc120", "rail_nm_ch": "\uc548\uc131\uc120", "rail_nm__1": 1955, "rail_type": "\uad11\uada4", "rail_type_": 0, "org_type": "\uc0ac\ucca0", "org_type_c": 1946, "org_nm_kr": "\uc870\uc120\uacbd\ub0a8\ucca0\ub3c4\uc8fc\uc2dd\ud68c\uc0ac", "Shape_Leng": 0.03077632532, "filter": "\uad6c\uc5ed3:\uacbd\ubd80\uc120\uc758 \ub3d9\ubd81\ubd80 \uc9c0\uc5ed \ucca0\ub3c4", "check_db": "\uae40\uc885\ud601"}, "geometry": {"type": "MultiLineString", "coordinates": [[[127.3673722740001, 37.064413126000034], [127.36739761800004, 37.06457786500005], [127.36773872700007, 37.06616973000007], [127.36933057100009, 37.06986513000004], [127.37223000300003, 37.073162565000075], [127.37416295800006, 37.07492498700003], [127.38314551700012, 37.07924576500005], [127.38712513100006, 37.08049651700003], [127.39076363600009, 37.08163356500006]]]}}, {"type": "Feature", "properties": {"fid": 441, "OBJECTID": 744, "beginyear": 1927, "endyear": 1989, "RAIL_ID": "<none>", "comment": "-", "interval_i": "\uc6a9\uc6d4-\uc8fd\uc0b0", "rail_nm_kr": "\uacbd\uae30\uc120", "rail_nm_ch": "\uc548\uc131\uc120", "rail_nm__1": 1955, "rail_type": "\uad11\uada4", "rail_type_": 0, "org_type": "\uc0ac\ucca0", "org_type_c": 1946, "org_nm_kr": "\uc870\uc120\uacbd\ub0a8\ucca0\ub3c4\uc8fc\uc2dd\ud68c\uc0ac", "Shape_Leng": 0.0247087435, "filter": "\uad6c\uc5ed3:\uacbd\ubd80\uc120\uc758 \ub3d9\ubd81\ubd80 \uc9c0\uc5ed \ucca0\ub3c4", "check_db": "\uae40\uc885\ud601"}, "geometry": {"type": "MultiLineString", "coordinates": [[[127.39076363600009, 37.08163356500006], [127.39292399800001, 37.08169041700006], [127.39485695500002, 37.080610225000044], [127.39673306200007, 37.07731279200004], [127.39769954000008, 37.07589148500006], [127.40048527200008, 37.07464073600005], [127.40247508000004, 37.07469758900004], [127.40611358500007, 37.075550375000034], [127.41196930500007, 37.07407221700004]]]}}, {"type": "Feature", "properties": {"fid": 442, "OBJECTID": 745, "beginyear": 1927, "endyear": 1989, "RAIL_ID": "<none>", "comment": "-", "interval_i": "\uc8fd\uc0b0-\uc8fd\uc0b0\uc74d\ub0b4", "rail_nm_kr": "\uacbd\uae30\uc120", "rail_nm_ch": "\uc548\uc131\uc120", "rail_nm__1": 1955, "rail_type": "\uad11\uada4", "rail_type_": 0, "org_type": "\uc0ac\ucca0", "org_type_c": 1946, "org_nm_kr": "\uc870\uc120\uacbd\ub0a8\ucca0\ub3c4\uc8fc\uc2dd\ud68c\uc0ac", "Shape_Leng": 0.01275876876, "filter": "\uad6c\uc5ed3:\uacbd\ubd80\uc120\uc758 \ub3d9\ubd81\ubd80 \uc9c0\uc5ed \ucca0\ub3c4", "check_db": "\uae40\uc885\ud601"}, "geometry": {"type": "MultiLineString", "coordinates": [[[127.41196930500007, 37.07407221700004], [127.41617632900011, 37.07282146700004], [127.41697225200005, 37.07270776400003], [127.41833669100004, 37.073105730000066], [127.42402185500009, 37.07543667700003]]]}}, {"type": "Feature", "properties": {"fid": 443, "OBJECTID": 746, "beginyear": 1927, "endyear": 1989, "RAIL_ID": "<none>", "comment": "-", "interval_i": "\uc8fd\uc0b0\uc74d\ub0b4-\ub9e4\uc0b0", "rail_nm_kr": "\uacbd\uae30\uc120", "rail_nm_ch": "\uc548\uc131\uc120", "rail_nm__1": 1955, "rail_type": "\uad11\uada4", "rail_type_": 0, "org_type": "\uc0ac\ucca0", "org_type_c": 1946, "org_nm_kr": "\uc870\uc120\uacbd\ub0a8\ucca0\ub3c4\uc8fc\uc2dd\ud68c\uc0ac", "Shape_Leng": 0.02948318345, "filter": "\uad6c\uc5ed3:\uacbd\ubd80\uc120\uc758 \ub3d9\ubd81\ubd80 \uc9c0\uc5ed \ucca0\ub3c4", "check_db": "\uae40\uc885\ud601"}, "geometry": {"type": "MultiLineString", "coordinates": [[[127.42402185500009, 37.07543667700003], [127.42976386900011, 37.077540215000056], [127.43380033300002, 37.083396004000065], [127.43777994400011, 37.089820315000054], [127.43817790300011, 37.09232181700003], [127.43880327000011, 37.094539058000066], [127.44056567000007, 37.09721111600004], [127.44100722600001, 37.09770314300005]]]}}, {"type": "Feature", "properties": {"fid": 470, "OBJECTID": 782, "beginyear": 1930, "endyear": 2013, "RAIL_ID": "<none>", "comment": "-", "interval_i": "\uc30d\ubd09-\ub355\uc591", "rail_nm_kr": "\uad11\ub824\uc120", "rail_nm_ch": "\uc804\ub77c\uc120", "rail_nm__1": 1968, "rail_type": "\uad11\uada4", "rail_type_": 0, "org_type": "\uc0ac\ucca0", "org_type_c": 1936, "org_nm_kr": "\uc870\uc120\ucca0\ub3c4\uc8fc\uc2dd\ud68c\uc0ac", "Shape_Leng": 0.03936505511, "filter": "\uad6c\uc5ed2:\uacbd\ubd80\uc120\uc758 \uc11c\ub0a8\ubd80 \uc9c0\uc5ed \ucca0\ub3c4", "check_db": "\uae40\uc885\ud601"}, "geometry": {"type": "MultiLineString", "coordinates": [[[127.6372179650001, 34.798924929000066], [127.63880489200005, 34.79837326300003], [127.63986048600009, 34.79585605900007], [127.64156567500004, 34.79358245800006], [127.64457005100007, 34.79090285600006], [127.64627524200012, 34.78724885100007], [127.64708723700005, 34.78497524800008], [127.64724963700007, 34.78205204500006], [127.64822403100004, 34.78059044300005], [127.6527711970001, 34.777667241000074], [127.65447638500007, 34.77531243900006], [127.65504478200012, 34.773850837000055], [127.654963586, 34.77133363400003], [127.65666877300009, 34.76946603300007], [127.65869468400001, 34.76937394500004]]]}}, {"type": "Feature", "properties": {"fid": 471, "OBJECTID": 783, "beginyear": 1930, "endyear": 2013, "RAIL_ID": "<none>", "comment": "-", "interval_i": "\ub355\uc591-\uc2e0\ud48d", "rail_nm_kr": "\uad11\ub824\uc120", "rail_nm_ch": "\uc804\ub77c\uc120", "rail_nm__1": 1968, "rail_type": "\uad11\uada4", "rail_type_": 0, "org_type": "\uc0ac\ucca0", "org_type_c": 1936, "org_nm_kr": "\uc870\uc120\ucca0\ub3c4\uc8fc\uc2dd\ud68c\uc0ac", "Shape_Leng": 0.04501157351, "filter": "\uad6c\uc5ed2:\uacbd\ubd80\uc120\uc758 \uc11c\ub0a8\ubd80 \uc9c0\uc5ed \ucca0\ub3c4", "check_db": "\uae40\uc885\ud601"}, "geometry": {"type": "MultiLineString", "coordinates": [[[127.6372179650001, 34.798924929000066], [127.63522503600007, 34.79946730100005], [127.63214398800005, 34.80025957700008], [127.63020732700011, 34.80290049800004], [127.62959111600003, 34.805365359000064], [127.62950308400002, 34.808182343000055], [127.62835869300011, 34.80976689600004], [127.62536567300003, 34.81311206200007], [127.62404522200006, 34.81663329100007], [127.62122826000007, 34.82200316600006], [127.6149781260001, 34.835031713000035], [127.61484249300008, 34.83542166400008]]]}}, {"type": "Feature", "properties": {"fid": 472, "OBJECTID": 784, "beginyear": 1930, "endyear": 2013, "RAIL_ID": "<none>", "comment": "-", "interval_i": "\uc2e0\ud48d-\uc728\ucd0c", "rail_nm_kr": "\uad11\ub824\uc120", "rail_nm_ch": "\uc804\ub77c\uc120", "rail_nm__1": 1968, "rail_type": "\uad11\uada4", "rail_type_": 0, "org_type": "\uc0ac\ucca0", "org_type_c": 1936, "org_nm_kr": "\uc870\uc120\ucca0\ub3c4\uc8fc\uc2dd\ud68c\uc0ac", "Shape_Leng": 0.0570937922, "filter": "\uad6c\uc5ed2:\uacbd\ubd80\uc120\uc758 \uc11c\ub0a8\ubd80 \uc9c0\uc5ed \ucca0\ub3c4", "check_db": "\uae40\uc885\ud601"}, "geometry": {"type": "MultiLineString", "coordinates": [[[127.61484249300008, 34.83542166400008], [127.61216116300011, 34.84313054100005], [127.61092874100007, 34.845859493000034], [127.60230180400004, 34.854222410000034], [127.59649182500004, 34.85959228200005], [127.59253047600009, 34.86328957100005], [127.59156214500001, 34.86513821700004], [127.59200229300006, 34.86821929400003], [127.59156214100005, 34.87033203000004], [127.5903297210001, 34.872708860000046], [127.5879529130001, 34.87429341300003], [127.58513595500006, 34.87543781100004], [127.58170278700004, 34.87675827000004], [127.5811754980001, 34.87758687400003]]]}}, {"type": "Feature", "properties": {"fid": 473, "OBJECTID": 785, "beginyear": 1930, "endyear": 2013, "RAIL_ID": "<none>", "comment": "-", "interval_i": "\uc5ec\uc218\ud56d-\uc5ec\uc218", "rail_nm_kr": "\uad11\ub824\uc120", "rail_nm_ch": "\uc804\ub77c\uc120", "rail_nm__1": 1968, "rail_type": "\uad11\uada4", "rail_type_": 0, "org_type": "\uc0ac\ucca0", "org_type_c": 1936, "org_nm_kr": "\uc870\uc120\ucca0\ub3c4\uc8fc\uc2dd\ud68c\uc0ac", "Shape_Leng": 0.00939290268, "filter": "\uad6c\uc5ed2:\uacbd\ubd80\uc120\uc758 \uc11c\ub0a8\ubd80 \uc9c0\uc5ed \ucca0\ub3c4", "check_db": "\uae40\uc885\ud601"}, "geometry": {"type": "MultiLineString", "coordinates": [[[127.747682929, 34.748117035000064], [127.74858645800009, 34.74754205700003], [127.75053524500004, 34.74583685600004], [127.75175323500002, 34.74478125600007], [127.75394561900009, 34.744050456000025], [127.75574633800011, 34.74387038300006]]]}}, {"type": "Feature", "properties": {"fid": 474, "OBJECTID": 787, "beginyear": 1930, "endyear": 2013, "RAIL_ID": "<none>", "comment": "-", "interval_i": "\uc131\uc0b0-\uc21c\ucc9c", "rail_nm_kr": "\uad11\ub824\uc120", "rail_nm_ch": "\uc804\ub77c\uc120", "rail_nm__1": 1968, "rail_type": "\uad11\uada4", "rail_type_": 0, "org_type": "\uc0ac\ucca0", "org_type_c": 1936, "org_nm_kr": "\uc870\uc120\ucca0\ub3c4\uc8fc\uc2dd\ud68c\uc0ac", "Shape_Leng": 0.04491439266, "filter": "\uad6c\uc5ed2:\uacbd\ubd80\uc120\uc758 \uc11c\ub0a8\ubd80 \uc9c0\uc5ed \ucca0\ub3c4", "check_db": "\uae40\uc885\ud601"}, "geometry": {"type": "MultiLineString", "coordinates": [[[127.63660373300002, 34.79913845500005], [127.6372179650001, 34.798924929000066]], [[127.54737109000007, 34.92187216200006], [127.54737108900008, 34.92244621000003], [127.54525837000006, 34.92623153000005], [127.54367382900011, 34.92825623700003], [127.54340973900003, 34.93045700600004], [127.54244140700007, 34.932481712000026], [127.54094489800002, 34.93538672600005], [127.53856808800003, 34.93855583200008], [127.53733566900007, 34.94014038500006], [127.53328629200007, 34.941284782000025], [127.53055736400006, 34.942165088000024], [127.52735464000011, 34.94315001900003], [127.52569006700003, 34.943661924000025]], [[127.52569006700003, 34.943661924000025], [127.51706811800011, 34.94344636900007], [127.51481744600005, 34.94344636900007]], [[127.52569006700003, 34.943661924000025], [127.52573362300006, 34.94366301300005]]]}}, {"type": "Feature", "properties": {"fid": 478, "OBJECTID": 807, "beginyear": 1915, "endyear": 2013, "RAIL_ID": "<none>", "comment": "\uacbd\uc804\ubd81\ubd80\uc120(1927)", "interval_i": "\uc804\uc8fc-\ub355\uc9c4", "rail_nm_kr": "\uc804\ubd81\ucca0\ub3c4", "rail_nm_ch": "\uc804\ub77c\uc120", "rail_nm__1": 1936, "rail_type": "\ud611\uada4", "rail_type_": 1931, "org_type": "\uc0ac\ucca0", "org_type_c": 1927, "org_nm_kr": "\uc804\ubd81\ucca0\ub3c4\uc8fc\uc2dd\ud68c\uc0ac", "Shape_Leng": 0.03369138041, "filter": "\uad6c\uc5ed2:\uacbd\ubd80\uc120\uc758 \uc11c\ub0a8\ubd80 \uc9c0\uc5ed \ucca0\ub3c4", "check_db": "\uae40\uc885\ud601"}, "geometry": {"type": "MultiLineString", "coordinates": [[[127.14823888700005, 35.82553246400005], [127.1435352420001, 35.82938687800004], [127.13462757800005, 35.837088374000075], [127.12822519300005, 35.84358361200003], [127.12590548900005, 35.84469708100005], [127.122249785, 35.846643295000035]]]}}, {"type": "Feature", "properties": {"fid": 479, "OBJECTID": 808, "beginyear": 1915, "endyear": 2013, "RAIL_ID": "<none>", "comment": "\uacbd\uc804\ubd81\ubd80\uc120(1927)", "interval_i": "\ub355\uc9c4-\ub3d9\uc0b0", "rail_nm_kr": "\uc804\ubd81\ucca0\ub3c4", "rail_nm_ch": "\uc804\ub77c\uc120", "rail_nm__1": 1936, "rail_type": "\ud611\uada4", "rail_type_": 1931, "org_type": "\uc0ac\ucca0", "org_type_c": 1927, "org_nm_kr": "\uc804\ubd81\ucca0\ub3c4\uc8fc\uc2dd\ud68c\uc0ac", "Shape_Leng": 0.05037006945, "filter": "\uad6c\uc5ed2:\uacbd\ubd80\uc120\uc758 \uc11c\ub0a8\ubd80 \uc9c0\uc5ed \ucca0\ub3c4", "check_db": "\uae40\uc885\ud601"}, "geometry": {"type": "MultiLineString", "coordinates": [[[127.122249785, 35.846643295000035], [127.11978335100002, 35.84795636800004], [127.1162555190001, 35.849800480000056], [127.11282235700003, 35.85239857600004], [127.10781179500009, 35.85620293000005], [127.10233729300012, 35.86251258900006], [127.0949142400001, 35.87104918700004], [127.09138828900007, 35.873276127000054], [127.08804791500006, 35.87578143200005], [127.08329783200008, 35.87729883500003]]]}}, {"type": "Feature", "properties": {"fid": 480, "OBJECTID": 809, "beginyear": 1915, "endyear": 2013, "RAIL_ID": "<none>", "comment": "\uacbd\uc804\ubd81\ubd80\uc120(1927)", "interval_i": "\ub3d9\uc0b0-\uc0bc\ub840", "rail_nm_kr": "\uc804\ubd81\ucca0\ub3c4", "rail_nm_ch": "\uc804\ub77c\uc120", "rail_nm__1": 1936, "rail_type": "\ud611\uada4", "rail_type_": 1931, "org_type": "\uc0ac\ucca0", "org_type_c": 1927, "org_nm_kr": "\uc804\ubd81\ucca0\ub3c4\uc8fc\uc2dd\ud68c\uc0ac", "Shape_Leng": 0.0384081245, "filter": "\uad6c\uc5ed2:\uacbd\ubd80\uc120\uc758 \uc11c\ub0a8\ubd80 \uc9c0\uc5ed \ucca0\ub3c4", "check_db": "\uae40\uc885\ud601"}, "geometry": {"type": "MultiLineString", "coordinates": [[[127.08329783200008, 35.87729883500003], [127.08136716700005, 35.877915581000025], [127.07802679300005, 35.879956942000035], [127.07422247800002, 35.884503609000035], [127.06735615500008, 35.89276184000005], [127.06754173100012, 35.894895990000066], [127.06782009500012, 35.89962823400003], [127.06763451800009, 35.90139122800008], [127.0653148130001, 35.90519558200003], [127.06378795700005, 35.90740691600007]]]}}, {"type": "Feature", "properties": {"fid": 481, "OBJECTID": 810, "beginyear": 1915, "endyear": 2013, "RAIL_ID": "<none>", "comment": "\uacbd\uc804\ubd81\ubd80\uc120(1927)", "interval_i": "\uc0bc\ub840-\ub300\uc7a5", "rail_nm_kr": "\uc804\ubd81\ucca0\ub3c4", "rail_nm_ch": "\uc804\ub77c\uc120", "rail_nm__1": 1936, "rail_type": "\ud611\uada4", "rail_type_": 1931, "org_type": "\uc0ac\ucca0", "org_type_c": 1927, "org_nm_kr": "\uc804\ubd81\ucca0\ub3c4\uc8fc\uc2dd\ud68c\uc0ac", "Shape_Leng": 0.06039396478, "filter": "\uad6c\uc5ed2:\uacbd\ubd80\uc120\uc758 \uc11c\ub0a8\ubd80 \uc9c0\uc5ed \ucca0\ub3c4", "check_db": "\uae40\uc885\ud601"}, "geometry": {"type": "MultiLineString", "coordinates": [[[127.06378795700005, 35.90740691600007], [127.06262395700003, 35.90909272500005], [127.05965473600008, 35.90983503700005], [127.05390187100011, 35.90937109200007], [127.0402620110001, 35.90807204300006], [127.02021977000004, 35.90603068200005], [127.00500251400001, 35.90436047700007], [127.0046498800001, 35.90430453300007]]]}}, {"type": "Feature", "properties": {"fid": 482, "OBJECTID": 811, "beginyear": 1915, "endyear": 2013, "RAIL_ID": "<none>", "comment": "\uacbd\uc804\ubd81\ubd80\uc120(1927)", "interval_i": "\uad6c\uc774\ub9ac-\uc774\ub9ac", "rail_nm_kr": "\uc804\ubd81\ucca0\ub3c4", "rail_nm_ch": "\uc804\ub77c\uc120", "rail_nm__1": 1936, "rail_type": "\ud611\uada4", "rail_type_": 1931, "org_type": "\uc0ac\ucca0", "org_type_c": 1927, "org_nm_kr": "\uc804\ubd81\ucca0\ub3c4\uc8fc\uc2dd\ud68c\uc0ac", "Shape_Leng": 0.02591168687, "filter": "\uad6c\uc5ed2:\uacbd\ubd80\uc120\uc758 \uc11c\ub0a8\ubd80 \uc9c0\uc5ed \ucca0\ub3c4", "check_db": "\uae40\uc885\ud601"}, "geometry": {"type": "MultiLineString", "coordinates": [[[126.96141187300009, 35.927811105000046], [126.95598733400004, 35.92961930400003], [126.94894495300002, 35.93152267000005], [126.94466242200008, 35.93209368000004], [126.94428175300004, 35.93342603700006], [126.94550431900007, 35.94051392200004]]]}}, {"type": "Feature", "properties": {"fid": 484, "OBJECTID": 825, "beginyear": 1921, "endyear": 2013, "RAIL_ID": "<none>", "comment": "-", "interval_i": "\uc6b8\uc0b0-\ubcd1\uc601", "rail_nm_kr": "\uacbd\ub3d9\uc120", "rail_nm_ch": "\ub3d9\ud574\ub0a8\ubd80\uc120", "rail_nm__1": 0, "rail_type": "\ud611\uada4", "rail_type_": 1939, "org_type": "\uc0ac\ucca0", "org_type_c": 1928, "org_nm_kr": "\uc870\uc120\ucca0\ub3c4\uc8fc\uc2dd\ud68c\uc0ac", "Shape_Leng": 0.01891635978, "filter": "\uad6c\uc5ed3:\uacbd\ubd80\uc120\uc758 \ub3d9\ubd81\ubd80 \uc9c0\uc5ed \ucca0\ub3c4", "check_db": "\uae40\uc885\ud601"}, "geometry": {"type": "MultiLineString", "coordinates": [[[129.32933494000008, 35.55582695600003], [129.33128929600002, 35.55587039100004], [129.33453688200007, 35.55624155400005], [129.33797004400003, 35.55707666300003], [129.33982580300005, 35.55828292700005], [129.34158876800007, 35.56227286300003], [129.34288779100007, 35.56561327500003]]]}}, {"type": "Feature", "properties": {"fid": 485, "OBJECTID": 826, "beginyear": 1921, "endyear": 2013, "RAIL_ID": "<none>", "comment": "-", "interval_i": "\ubcd1\uc601-\ud638\uacc4", "rail_nm_kr": "\uacbd\ub3d9\uc120", "rail_nm_ch": "\ub3d9\ud574\ub0a8\ubd80\uc120", "rail_nm__1": 0, "rail_type": "\ud611\uada4", "rail_type_": 1939, "org_type": "\uc0ac\ucca0", "org_type_c": 1928, "org_nm_kr": "\uc870\uc120\ucca0\ub3c4\uc8fc\uc2dd\ud68c\uc0ac", "Shape_Leng": 0.06744414995, "filter": "\uad6c\uc5ed3:\uacbd\ubd80\uc120\uc758 \ub3d9\ubd81\ubd80 \uc9c0\uc5ed \ucca0\ub3c4", "check_db": "\uae40\uc885\ud601"}, "geometry": {"type": "MultiLineString", "coordinates": [[[129.34288779100007, 35.56561327500003], [129.3474344000001, 35.56969600700006], [129.35077476900005, 35.572015744000055], [129.35318726000003, 35.572850852000045], [129.357084363, 35.57331480500005], [129.35986800700005, 35.57424270200005], [129.3614454000001, 35.57600570000005], [129.36246606500004, 35.57804706200005], [129.3625588420001, 35.58148026200007], [129.3623732540001, 35.58509903800007], [129.363115547, 35.58908897300006], [129.3611669810001, 35.59280053500004], [129.35884726000006, 35.59808951000008], [129.3572698470001, 35.60207944100006], [129.35680589100002, 35.60690447400003], [129.35680587900004, 35.61043046200007], [129.356551867, 35.61339384900003], [129.35671306900008, 35.61720407000007], [129.355785179, 35.619709374000024]]]}}, {"type": "Feature", "properties": {"fid": 486, "OBJECTID": 827, "beginyear": 1921, "endyear": 2013, "RAIL_ID": "<none>", "comment": "-", "interval_i": "\ud638\uacc4-\ubaa8\ud654", "rail_nm_kr": "\uacbd\ub3d9\uc120", "rail_nm_ch": "\ub3d9\ud574\ub0a8\ubd80\uc120", "rail_nm__1": 0, "rail_type": "\ud611\uada4", "rail_type_": 1939, "org_type": "\uc0ac\ucca0", "org_type_c": 1928, "org_nm_kr": "\uc870\uc120\ucca0\ub3c4\uc8fc\uc2dd\ud68c\uc0ac", "Shape_Leng": 0.06083311832, "filter": "\uad6c\uc5ed3:\uacbd\ubd80\uc120\uc758 \ub3d9\ubd81\ubd80 \uc9c0\uc5ed \ucca0\ub3c4", "check_db": "\uae40\uc885\ud601"}, "geometry": {"type": "MultiLineString", "coordinates": [[[129.355785179, 35.619709374000024], [129.35430056000007, 35.62202910000008], [129.35225921000006, 35.62499834800008], [129.35068180400003, 35.627318073000026], [129.3489188200001, 35.62973058700004], [129.34659911000006, 35.63140078600003], [129.34557843300001, 35.63316377800004], [129.34567121300006, 35.63557629600007], [129.34604236100006, 35.63724650200004], [129.345300048, 35.639566227000046], [129.3436298470001, 35.643556157000035], [129.34288752800012, 35.647638878000066], [129.3431658830001, 35.650700921000066], [129.34335145300008, 35.652927860000034], [129.34344423400012, 35.65478364400008], [129.3406605780001, 35.65812404700006], [129.33991825900011, 35.662485135000054], [129.33954709700004, 35.66517601900006], [129.33834083700003, 35.669537106000064], [129.336206693, 35.67399098000004], [129.336059814, 35.674605202000066]]]}}, {"type": "Feature", "properties": {"fid": 487, "OBJECTID": 828, "beginyear": 1921, "endyear": 2013, "RAIL_ID": "<none>", "comment": "-", "interval_i": "\ubaa8\ud654-\uc785\uc2e4", "rail_nm_kr": "\uacbd\ub3d9\uc120", "rail_nm_ch": "\ub3d9\ud574\ub0a8\ubd80\uc120", "rail_nm__1": 0, "rail_type": "\ud611\uada4", "rail_type_": 1939, "org_type": "\uc0ac\ucca0", "org_type_c": 1928, "org_nm_kr": "\uc870\uc120\ucca0\ub3c4\uc8fc\uc2dd\ud68c\uc0ac", "Shape_Leng": 0.04464111485, "filter": "\uad6c\uc5ed3:\uacbd\ubd80\uc120\uc758 \ub3d9\ubd81\ubd80 \uc9c0\uc5ed \ucca0\ub3c4", "check_db": "\uae40\uc885\ud601"}, "geometry": {"type": "MultiLineString", "coordinates": [[[129.336059814, 35.674605202000066], [129.33518600900004, 35.67825927800004], [129.33221677400002, 35.68271315100003], [129.33147445600002, 35.68651750400005], [129.33184560000007, 35.68893002200008], [129.3323095290001, 35.692919956000026], [129.33230952300005, 35.69468295000007], [129.33063932200002, 35.698951247000025], [129.32859796700006, 35.703497911000056], [129.32664940000006, 35.707951785000034], [129.32395853100002, 35.711941712000055], [129.32219554200003, 35.71574606300004]]]}}, {"type": "Feature", "properties": {"fid": 488, "OBJECTID": 829, "beginyear": 1921, "endyear": 2013, "RAIL_ID": "<none>", "comment": "-", "interval_i": "\uc785\uc2e4-\ubd88\uad6d\uc0ac", "rail_nm_kr": "\uacbd\ub3d9\uc120", "rail_nm_ch": "\ub3d9\ud574\ub0a8\ubd80\uc120", "rail_nm__1": 0, "rail_type": "\ud611\uada4", "rail_type_": 1939, "org_type": "\uc0ac\ucca0", "org_type_c": 1928, "org_nm_kr": "\uc870\uc120\ucca0\ub3c4\uc8fc\uc2dd\ud68c\uc0ac", "Shape_Leng": 0.07027965667, "filter": "\uad6c\uc5ed3:\uacbd\ubd80\uc120\uc758 \ub3d9\ubd81\ubd80 \uc9c0\uc5ed \ucca0\ub3c4", "check_db": "\uae40\uc885\ud601"}, "geometry": {"type": "MultiLineString", "coordinates": [[[129.32219554200003, 35.71574606300004], [129.32024698300006, 35.71778741900005], [129.31737054300004, 35.71982877500005], [129.3134734350001, 35.72149897200006], [129.31133930200008, 35.72242685800006], [129.30966910900008, 35.724561005000055], [129.30966910000006, 35.72725189000005], [129.31217435500002, 35.73523176100008], [129.31328779500006, 35.74107747900007], [129.31430844800002, 35.746366462000026], [129.3144012250001, 35.74989244900007], [129.31421564000004, 35.75249054500006], [129.3132877500001, 35.755088638000075], [129.3129165900001, 35.757593944000064], [129.312656037, 35.76063365300007], [129.3118031130001, 35.763254079000035], [129.3111535910001, 35.76483149300003], [129.30799878300002, 35.76807910600007], [129.3054007060001, 35.77049161800005], [129.30094686400003, 35.77327528300003]]]}}, {"type": "Feature", "properties": {"fid": 489, "OBJECTID": 830, "beginyear": 1919, "endyear": 2013, "RAIL_ID": "<none>", "comment": "-", "interval_i": "\ubd88\uad6d\uc0ac-\ub3d9\ubc29", "rail_nm_kr": "\uacbd\ub3d9\uc120", "rail_nm_ch": "\ub3d9\ud574\ub0a8\ubd80\uc120", "rail_nm__1": 0, "rail_type": "\ud611\uada4", "rail_type_": 1939, "org_type": "\uc0ac\ucca0", "org_type_c": 1928, "org_nm_kr": "\uc870\uc120\ucca0\ub3c4\uc8fc\uc2dd\ud68c\uc0ac", "Shape_Leng": 0.04408184197, "filter": "\uad6c\uc5ed3:\uacbd\ubd80\uc120\uc758 \ub3d9\ubd81\ubd80 \uc9c0\uc5ed \ucca0\ub3c4", "check_db": "\uae40\uc885\ud601"}, "geometry": {"type": "MultiLineString", "coordinates": [[[129.30094686400003, 35.77327528300003], [129.29704975000004, 35.776244527000074], [129.28730697000003, 35.782925324000075], [129.284894473, 35.78403878900008], [129.2811829420001, 35.78524504000006], [129.27904880900007, 35.78663687300008], [129.278028134, 35.788307075000034], [129.277656975, 35.790348435000055], [129.27617235900004, 35.79211142500003], [129.27255361000005, 35.794987881000054], [129.27060505200006, 35.79730760500007], [129.267079093, 35.79972011600006]]]}}, {"type": "Feature", "properties": {"fid": 491, "OBJECTID": 832, "beginyear": 1919, "endyear": 2013, "RAIL_ID": "<none>", "comment": "-", "interval_i": "\uacbd\uc8fc-\uae08\uc7a5", "rail_nm_kr": "\uacbd\ub3d9\uc120", "rail_nm_ch": "\ub3d9\ud574\ub0a8\ubd80\uc120", "rail_nm__1": 0, "rail_type": "\ud611\uada4", "rail_type_": 1939, "org_type": "\uc0ac\ucca0", "org_type_c": 1928, "org_nm_kr": "\uc870\uc120\ucca0\ub3c4\uc8fc\uc2dd\ud68c\uc0ac", "Shape_Leng": 0.03946238563, "filter": "\uad6c\uc5ed3:\uacbd\ubd80\uc120\uc758 \ub3d9\ubd81\ubd80 \uc9c0\uc5ed \ucca0\ub3c4", "check_db": "\uae40\uc885\ud601"}, "geometry": {"type": "MultiLineString", "coordinates": [[[129.2184767980001, 35.849101148000045], [129.2208892750001, 35.854204555000024], [129.22181714700002, 35.85735938800008], [129.22200271600002, 35.859864695000056], [129.2204253100001, 35.86218442000006], [129.21467242200004, 35.86858685800007], [129.2106825180001, 35.87276236100007], [129.208733961, 35.87508208500003], [129.2078988610001, 35.87684507700004], [129.21003298000005, 35.879628755000056], [129.211665508, 35.88130665700004]]]}}, {"type": "Feature", "properties": {"fid": 492, "OBJECTID": 833, "beginyear": 1919, "endyear": 2013, "RAIL_ID": "<none>", "comment": "-", "interval_i": "\uae08\uc7a5-\uc0ac\ubc29", "rail_nm_kr": "\uacbd\ub3d9\uc120", "rail_nm_ch": "\ub3d9\ud574\ub0a8\ubd80\uc120", "rail_nm__1": 0, "rail_type": "\ud611\uada4", "rail_type_": 1939, "org_type": "\uc0ac\ucca0", "org_type_c": 1928, "org_nm_kr": "\uc870\uc120\ucca0\ub3c4\uc8fc\uc2dd\ud68c\uc0ac", "Shape_Leng": 0.06686918121, "filter": "\uad6c\uc5ed3:\uacbd\ubd80\uc120\uc758 \ub3d9\ubd81\ubd80 \uc9c0\uc5ed \ucca0\ub3c4", "check_db": "\uae40\uc885\ud601"}, "geometry": {"type": "MultiLineString", "coordinates": [[[129.211665508, 35.88130665700004], [129.21337334500004, 35.88306195900003], [129.217641586, 35.887701425000046], [129.22005407100005, 35.88983558000007], [129.2233944400001, 35.891413002000036], [129.2250646230001, 35.89280484200003], [129.22515739900007, 35.896794776000036], [129.22515739100004, 35.899578449000046], [129.226920349, 35.90477464400004], [129.22988955900007, 35.908579004000046], [129.23220925400005, 35.91126989300005], [129.23322990600002, 35.91739397900005], [129.23322989400003, 35.92110554300007], [129.23248757800002, 35.92453874000006], [129.23109574300008, 35.92815751300003], [129.23081737200005, 35.93066281800003], [129.23248754100007, 35.93632295900005], [129.23300809300008, 35.93892578800006]]]}}, {"type": "Feature", "properties": {"fid": 493, "OBJECTID": 834, "beginyear": 1919, "endyear": 2013, "RAIL_ID": "<none>", "comment": "-", "interval_i": "\uc0ac\ubc29-\uc548\uac15", "rail_nm_kr": "\uacbd\ub3d9\uc120", "rail_nm_ch": "\ub3d9\ud574\ub0a8\ubd80\uc120", "rail_nm__1": 0, "rail_type": "\ud611\uada4", "rail_type_": 1939, "org_type": "\uc0ac\ucca0", "org_type_c": 1928, "org_nm_kr": "\uc870\uc120\ucca0\ub3c4\uc8fc\uc2dd\ud68c\uc0ac", "Shape_Leng": 0.05210276319, "filter": "\uad6c\uc5ed3:\uacbd\ubd80\uc120\uc758 \ub3d9\ubd81\ubd80 \uc9c0\uc5ed \ucca0\ub3c4", "check_db": "\uae40\uc885\ud601"}, "geometry": {"type": "MultiLineString", "coordinates": [[[129.23300809300008, 35.93892578800006], [129.233508195, 35.94142636300006], [129.23350818100005, 35.94569466300004], [129.23146682800007, 35.94996295900006], [129.23109566800008, 35.95246826400006], [129.2325802690001, 35.955344729000046], [129.23267305000002, 35.95794282600008], [129.23276583100005, 35.960169765000046], [129.23341534100007, 35.96248949500006], [129.23341533200005, 35.96527316800007], [129.23174513900005, 35.967221737000045], [129.23026052400007, 35.968706359000066], [129.2301677270001, 35.971490034000055], [129.22868310400008, 35.97529438400005], [129.2283119450001, 35.97742853300008], [129.22942538600012, 35.98262472700003], [129.2297037410001, 35.98568676800005], [129.2302392250001, 35.98830475700004]]]}}, {"type": "Feature", "properties": {"fid": 494, "OBJECTID": 835, "beginyear": 1919, "endyear": 2013, "RAIL_ID": "<none>", "comment": "-", "interval_i": "\uc548\uac15-\ubd80\uc870", "rail_nm_kr": "\uacbd\ub3d9\uc120", "rail_nm_ch": "\ub3d9\ud574\ub0a8\ubd80\uc120", "rail_nm__1": 0, "rail_type": "\ud611\uada4", "rail_type_": 1939, "org_type": "\uc0ac\ucca0", "org_type_c": 1928, "org_nm_kr": "\uc870\uc120\ucca0\ub3c4\uc8fc\uc2dd\ud68c\uc0ac", "Shape_Leng": 0.05800834292, "filter": "\uad6c\uc5ed3:\uacbd\ubd80\uc120\uc758 \ub3d9\ubd81\ubd80 \uc9c0\uc5ed \ucca0\ub3c4", "check_db": "\uae40\uc885\ud601"}, "geometry": {"type": "MultiLineString", "coordinates": [[[129.2302392250001, 35.98830475700004], [129.23053882300007, 35.98976949100006], [129.2325801490001, 35.99338827200006], [129.2350854230001, 35.995522427000026], [129.2390753100001, 35.996821483000076], [129.24334356400004, 35.997192648000066], [129.24705508800002, 35.99784218000008], [129.25067383200007, 35.996264773000064], [129.253271906, 35.99440899500007], [129.25484931500011, 35.99116137900006], [129.25568441500002, 35.98865607500005], [129.26032383100005, 35.986057989000074], [129.26514882000004, 35.98485174000007], [129.26746852600002, 35.98420222100003], [129.27025216700008, 35.98550127500005], [129.2724790730001, 35.98828495300006], [129.2746472770001, 35.991754137000044]]]}}, {"type": "Feature", "properties": {"fid": 495, "OBJECTID": 836, "beginyear": 1919, "endyear": 2013, "RAIL_ID": "<none>", "comment": "-", "interval_i": "\ud6a8\uc790-\ud3ec\ud56d", "rail_nm_kr": "\uacbd\ub3d9\uc120", "rail_nm_ch": "\ub3d9\ud574\ub0a8\ubd80\uc120", "rail_nm__1": 0, "rail_type": "\ud611\uada4", "rail_type_": 1939, "org_type": "\uc0ac\ucca0", "org_type_c": 1928, "org_nm_kr": "\uc870\uc120\ucca0\ub3c4\uc8fc\uc2dd\ud68c\uc0ac", "Shape_Leng": 0.03838299119, "filter": "\uad6c\uc5ed3:\uacbd\ubd80\uc120\uc758 \ub3d9\ubd81\ubd80 \uc9c0\uc5ed \ucca0\ub3c4", "check_db": "\uae40\uc885\ud601"}, "geometry": {"type": "MultiLineString", "coordinates": [[[129.33510334800008, 36.00914582300004], [129.33724513700008, 36.00981216900004], [129.34318356000006, 36.015379530000075], [129.34568883200006, 36.01779205300005], [129.34763737700007, 36.019555050000065], [129.34967869900004, 36.024936824000065], [129.35274070000003, 36.027534926000044], [129.35719451800003, 36.031524868000076], [129.35877190300005, 36.03542201500005], [129.35988647600004, 36.03700816500003]]]}}, {"type": "Feature", "properties": {"fid": 496, "OBJECTID": 837, "beginyear": 1919, "endyear": 2013, "RAIL_ID": "<none>", "comment": "-", "interval_i": "\ud3ec\ud56d-\ud559\uc0b0", "rail_nm_kr": "\uacbd\ub3d9\uc120", "rail_nm_ch": "\ub3d9\ud574\ub0a8\ubd80\uc120", "rail_nm__1": 0, "rail_type": "\ud611\uada4", "rail_type_": 1939, "org_type": "\uc0ac\ucca0", "org_type_c": 1928, "org_nm_kr": "\uc870\uc120\ucca0\ub3c4\uc8fc\uc2dd\ud68c\uc0ac", "Shape_Leng": 0.02342001132, "filter": "\uad6c\uc5ed3:\uacbd\ubd80\uc120\uc758 \ub3d9\ubd81\ubd80 \uc9c0\uc5ed \ucca0\ub3c4", "check_db": "\uae40\uc885\ud601"}, "geometry": {"type": "MultiLineString", "coordinates": [[[129.35988647600004, 36.03700816500003], [129.36118438300002, 36.03885521700005], [129.36304013300003, 36.04284515400008], [129.36359685000002, 36.04627835300005], [129.36498866700003, 36.04804134900007], [129.36972085500008, 36.050361087000056], [129.373617953, 36.05166014400004], [129.37510256000007, 36.05240246000005]]]}}, {"type": "Feature", "properties": {"fid": 497, "OBJECTID": 838, "beginyear": 1919, "endyear": 2013, "RAIL_ID": "<none>", "comment": "\uc911\uc559\uc120(1935), \uacbd\uacbd\uc120(1939)", "interval_i": "\ubaa8\ub7c9-\uac74\ucc9c", "rail_nm_kr": "\uacbd\ub3d9\uc120", "rail_nm_ch": "\uc911\uc559\uc120", "rail_nm__1": 1945, "rail_type": "\uad11\uada4", "rail_type_": 0, "org_type": "\uc0ac\ucca0", "org_type_c": 1938, "org_nm_kr": "\uc870\uc120\ucca0\ub3c4\uc8fc\uc2dd\ud68c\uc0ac", "Shape_Leng": 0.04404380792, "filter": "\uad6c\uc5ed3:\uacbd\ubd80\uc120\uc758 \ub3d9\ubd81\ubd80 \uc9c0\uc5ed \ucca0\ub3c4", "check_db": "\uae40\uc885\ud601"}, "geometry": {"type": "MultiLineString", "coordinates": [[[129.12849113800007, 35.82463373200005], [129.12689494000006, 35.825625315000025], [129.12049254200008, 35.83035754800005], [129.11613148700008, 35.83388352700007], [129.109357928, 35.84130664300005], [129.1035122520001, 35.84845139500004], [129.09738821700012, 35.854297098000075], [129.09671611300007, 35.85481486600003]]]}}, {"type": "Feature", "properties": {"fid": 498, "OBJECTID": 839, "beginyear": 1919, "endyear": 2013, "RAIL_ID": "<none>", "comment": "\uc911\uc559\uc120(1935), \uacbd\uacbd\uc120(1939)", "interval_i": "\uad11\uba85-\uc11c\uc545", "rail_nm_kr": "\uacbd\ub3d9\uc120", "rail_nm_ch": "\uc911\uc559\uc120", "rail_nm__1": 1945, "rail_type": "\uad11\uada4", "rail_type_": 0, "org_type": "\uc0ac\ucca0", "org_type_c": 1938, "org_nm_kr": "\uc870\uc120\ucca0\ub3c4\uc8fc\uc2dd\ud68c\uc0ac", "Shape_Leng": 0.04953112763, "filter": "\uad6c\uc5ed3:\uacbd\ubd80\uc120\uc758 \ub3d9\ubd81\ubd80 \uc9c0\uc5ed \ucca0\ub3c4", "check_db": "\uae40\uc885\ud601"}, "geometry": {"type": "MultiLineString", "coordinates": [[[129.17505652900002, 35.81321185000007], [129.17430973500007, 35.81319166500003], [129.16707224800007, 35.81634648000005], [129.162247255, 35.819037356000024], [129.15909245700004, 35.81931571700005], [129.1540818950001, 35.81922291700005], [129.1484218180001, 35.81857338300006], [129.14164828100002, 35.818480581000074], [129.1351531040001, 35.82024356100004], [129.13301897100007, 35.82182097200007], [129.12849113800007, 35.82463373200005]]]}}, {"type": "Feature", "properties": {"fid": 499, "OBJECTID": 840, "beginyear": 1919, "endyear": 2013, "RAIL_ID": "<none>", "comment": "\uc911\uc559\uc120(1935), \uacbd\uacbd\uc120(1939)", "interval_i": "\uc11c\uc545-\uacbd\uc8fc", "rail_nm_kr": "\uacbd\ub3d9\uc120", "rail_nm_ch": "\uc911\uc559\uc120", "rail_nm__1": 1945, "rail_type": "\uad11\uada4", "rail_type_": 0, "org_type": "\uc0ac\ucca0", "org_type_c": 1938, "org_nm_kr": "\uc870\uc120\ucca0\ub3c4\uc8fc\uc2dd\ud68c\uc0ac", "Shape_Leng": 0.07059218581, "filter": "\uad6c\uc5ed3:\uacbd\ubd80\uc120\uc758 \ub3d9\ubd81\ubd80 \uc9c0\uc5ed \ucca0\ub3c4", "check_db": "\uae40\uc885\ud601"}, "geometry": {"type": "MultiLineString", "coordinates": [[[129.2184767980001, 35.849101148000045], [129.21736333400008, 35.85123529600003], [129.2158787200001, 35.85216318500005], [129.2130059430001, 35.852409848000036], [129.21086815900003, 35.852163175000044], [129.20771336400003, 35.85114248700006], [129.20344511100006, 35.85021458800003], [129.19862012400006, 35.850678523000056], [129.19546533200003, 35.84891552300007], [129.19333121700004, 35.844461641000066], [129.19147547300008, 35.83815197600006], [129.19119712000008, 35.83453319900008], [129.19212501900006, 35.82896585300006], [129.1911043550001, 35.82673891300004], [129.187114478, 35.82200665800008], [129.18525872400005, 35.81857345700007], [129.18247508700006, 35.81606814400004], [129.17774289800002, 35.81328446100008], [129.17505652900002, 35.81321185000007]]]}}, {"type": "Feature", "properties": {"fid": 500, "OBJECTID": 841, "beginyear": 1926, "endyear": 2013, "RAIL_ID": "<none>", "comment": "-", "interval_i": "\uacbd\ud654-\uc9c4\ud574", "rail_nm_kr": "\uc9c4\ud574\uc120", "rail_nm_ch": "\uc9c4\ud574\uc120", "rail_nm__1": 0, "rail_type": "\uad11\uada4", "rail_type_": 0, "org_type": "\uc0ac\ucca0", "org_type_c": 0, "org_nm_kr": "\ub0a8\ub9cc\uc8fc\ucca0\ub3c4\uc8fc\uc2dd\ud68c\uc0ac", "Shape_Leng": 0.02477344914, "filter": "\uad6c\uc5ed2:\uacbd\ubd80\uc120\uc758 \uc11c\ub0a8\ubd80 \uc9c0\uc5ed \ucca0\ub3c4", "check_db": "\uae40\uc885\ud601"}, "geometry": {"type": "MultiLineString", "coordinates": [[[128.6635095260001, 35.153666704000045], [128.664493579, 35.15357298500004], [128.66634220800006, 35.152868743000056], [128.66810280700008, 35.152604652000036], [128.66995143300005, 35.15295677900008], [128.67162399900008, 35.153837088000046], [128.67320853500007, 35.15480542900008], [128.67408883200005, 35.155509676000065], [128.67602548600007, 35.15683013900008], [128.6784022920001, 35.15788651300005], [128.6813072750001, 35.158678793000036], [128.6865344570001, 35.15963590000007]]]}}, {"type": "Feature", "properties": {"fid": 501, "OBJECTID": 842, "beginyear": 1926, "endyear": 2013, "RAIL_ID": "<none>", "comment": "-", "interval_i": "\uc131\uc8fc\uc0ac-\uacbd\ud654", "rail_nm_kr": "\uc9c4\ud574\uc120", "rail_nm_ch": "\uc9c4\ud574\uc120", "rail_nm__1": 0, "rail_type": "\uad11\uada4", "rail_type_": 0, "org_type": "\uc0ac\ucca0", "org_type_c": 0, "org_nm_kr": "\ub0a8\ub9cc\uc8fc\ucca0\ub3c4\uc8fc\uc2dd\ud68c\uc0ac", "Shape_Leng": 0.03112645611, "filter": "\uad6c\uc5ed2:\uacbd\ubd80\uc120\uc758 \uc11c\ub0a8\ubd80 \uc9c0\uc5ed \ucca0\ub3c4", "check_db": "\uae40\uc885\ud601"}, "geometry": {"type": "MultiLineString", "coordinates": [[[128.6865344570001, 35.15963590000007], [128.687557394, 35.15982320200004], [128.69107859000007, 35.159999269000025], [128.6931032760001, 35.160615488000076], [128.69512796100003, 35.16131973600005], [128.69636037700002, 35.162640200000055], [128.69741672700002, 35.16668961400006], [128.69926533300008, 35.17619693700004], [128.6999695620001, 35.17998226000003], [128.70005758800005, 35.181742875000054], [128.69932610500007, 35.18244111400003]]]}}, {"type": "Feature", "properties": {"fid": 502, "OBJECTID": 843, "beginyear": 1926, "endyear": 2013, "RAIL_ID": "<none>", "comment": "-", "interval_i": "\uc0c1\ub0a8-\uc131\uc8fc\uc0ac", "rail_nm_kr": "\uc9c4\ud574\uc120", "rail_nm_ch": "\uc9c4\ud574\uc120", "rail_nm__1": 0, "rail_type": "\uad11\uada4", "rail_type_": 0, "org_type": "\uc0ac\ucca0", "org_type_c": 0, "org_nm_kr": "\ub0a8\ub9cc\uc8fc\ucca0\ub3c4\uc8fc\uc2dd\ud68c\uc0ac", "Shape_Leng": 0.04910474841, "filter": "\uad6c\uc5ed2:\uacbd\ubd80\uc120\uc758 \uc11c\ub0a8\ubd80 \uc9c0\uc5ed \ucca0\ub3c4", "check_db": "\uae40\uc885\ud601"}, "geometry": {"type": "MultiLineString", "coordinates": [[[128.69932610500007, 35.18244111400003], [128.6981209270001, 35.183591517000025], [128.69812092300003, 35.185880317000056], [128.69970545400008, 35.188521241000046], [128.70190619100003, 35.19283475200007], [128.70366677900006, 35.197060230000034], [128.7036667740001, 35.19899690500006], [128.70032163200005, 35.202077976000055], [128.6999695070001, 35.20445480500007], [128.7000575290001, 35.20806406600008], [128.6995293440001, 35.21070498700004], [128.6981208620001, 35.21255363100005], [128.69609617000003, 35.214842427000065], [128.6942475400001, 35.216250916000035], [128.69300670000007, 35.217574486000046], [128.68680568800005, 35.222534891000066]]]}}, {"type": "Feature", "properties": {"fid": 509, "OBJECTID": 850, "beginyear": 1923, "endyear": 2013, "RAIL_ID": "<none>", "comment": "\uacbd\uc804\ub0a8\ubd80\uc120(1931), \uc9c4\uc8fc\uc120(1956)", "interval_i": "\ub9c8\uc0b0-\ubd81\ub9c8\uc0b0", "rail_nm_kr": "\uacbd\ub0a8\uc120", "rail_nm_ch": "\uacbd\uc804\uc120", "rail_nm__1": 1968, "rail_type": "\uad11\uada4", "rail_type_": 0, "org_type": "\uc0ac\ucca0", "org_type_c": 1931, "org_nm_kr": "\uc870\uc120\ucca0\ub3c4\uc8fc\uc2dd\ud68c\uc0ac", "Shape_Leng": 0.02240662629, "filter": "\uad6c\uc5ed2:\uacbd\ubd80\uc120\uc758 \uc11c\ub0a8\ubd80 \uc9c0\uc5ed \ucca0\ub3c4", "check_db": "\uae40\uc885\ud601"}, "geometry": {"type": "MultiLineString", "coordinates": [[[128.5700264940001, 35.20905833200004], [128.57056385400006, 35.206953664000025], [128.56985010100004, 35.20574026600008], [128.56792296300011, 35.20409860900003], [128.5669237080001, 35.20281383500003], [128.56720921600004, 35.20052979400003], [128.56763747600007, 35.197175110000046], [128.56706647500005, 35.19553345500003], [128.56299808000006, 35.18953784200005]]]}}, {"type": "Feature", "properties": {"fid": 510, "OBJECTID": 851, "beginyear": 1923, "endyear": 2013, "RAIL_ID": "<none>", "comment": "\uacbd\uc804\ub0a8\ubd80\uc120(1931), \uc9c4\uc8fc\uc120(1956)", "interval_i": "\ubd81\ub9c8\uc0b0-\uc911\ub9ac", "rail_nm_kr": "\uacbd\ub0a8\uc120", "rail_nm_ch": "\uacbd\uc804\uc120", "rail_nm__1": 1968, "rail_type": "\uad11\uada4", "rail_type_": 0, "org_type": "\uc0ac\ucca0", "org_type_c": 1931, "org_nm_kr": "\uc870\uc120\ucca0\ub3c4\uc8fc\uc2dd\ud68c\uc0ac", "Shape_Leng": 0.07604078843, "filter": "\uad6c\uc5ed2:\uacbd\ubd80\uc120\uc758 \uc11c\ub0a8\ubd80 \uc9c0\uc5ed \ucca0\ub3c4", "check_db": "\uae40\uc885\ud601"}, "geometry": {"type": "MultiLineString", "coordinates": [[[128.5172704250001, 35.25103429100005], [128.51903060100005, 35.25013623700005], [128.52013721600008, 35.24937575300004], [128.52459790400007, 35.24599642100003], [128.5277384320001, 35.244711653000024], [128.532520599, 35.242713123000044], [128.53580388000012, 35.24085734600004], [128.54044329600003, 35.23871606300003], [128.54508271400005, 35.23643202900007], [128.55022175800002, 35.23464763000004], [128.5532909090001, 35.234148], [128.5627124870001, 35.23264911100006], [128.5658530190001, 35.22950855900007], [128.56927905400005, 35.22615388000003], [128.5694218120001, 35.22265644200007], [128.5691363190001, 35.21830248900005], [128.56935045300008, 35.214519547000066], [128.5694218320001, 35.21287789300004], [128.56970734100003, 35.21030834800007], [128.5700264940001, 35.20905833200004]]]}}, {"type": "Feature", "properties": {"fid": 511, "OBJECTID": 852, "beginyear": 1923, "endyear": 2013, "RAIL_ID": "<none>", "comment": "\uacbd\uc804\ub0a8\ubd80\uc120(1931), \uc9c4\uc8fc\uc120(1956)", "interval_i": "\uc911\ub9ac-\uc0b0\uc778", "rail_nm_kr": "\uacbd\ub0a8\uc120", "rail_nm_ch": "\uacbd\uc804\uc120", "rail_nm__1": 1968, "rail_type": "\uad11\uada4", "rail_type_": 0, "org_type": "\uc0ac\ucca0", "org_type_c": 1931, "org_nm_kr": "\uc870\uc120\ucca0\ub3c4\uc8fc\uc2dd\ud68c\uc0ac", "Shape_Leng": 0.07146235779, "filter": "\uad6c\uc5ed2:\uacbd\ubd80\uc120\uc758 \uc11c\ub0a8\ubd80 \uc9c0\uc5ed \ucca0\ub3c4", "check_db": "\uae40\uc885\ud601"}, "geometry": {"type": "MultiLineString", "coordinates": [[[128.45543492600007, 35.27119215300007], [128.457433443, 35.270621145000064], [128.4606453440001, 35.27062114900008], [128.46228698200002, 35.27047839900007], [128.46428550000007, 35.26947913400005], [128.466426769, 35.26826574000006], [128.468924914, 35.26812299100004], [128.47128030800002, 35.268694004000054], [128.47349295000004, 35.26869400700008], [128.47620522400007, 35.267623367000056], [128.47898887200006, 35.266838231000065], [128.48091601300007, 35.26662410500006], [128.48355690900007, 35.26683823700006], [128.48512717100004, 35.26683823900004], [128.48883870500003, 35.265410719000045], [128.49048034400005, 35.26491108700003], [128.49169372900008, 35.264482831000066], [128.4940491220001, 35.26441145800004], [128.49590488900003, 35.263983203000066], [128.4980461570001, 35.263126690000036], [128.50118668400012, 35.26255568500005], [128.50311382200005, 35.26334082600005], [128.505255088, 35.26376908700007], [128.50661122500003, 35.26355496000008], [128.50903799900004, 35.26098541700003], [128.51075101800006, 35.25834449700005], [128.51053689700007, 35.25606045600006], [128.51096515300003, 35.25420467400005], [128.51203579100002, 35.25256302100007], [128.5155331950001, 35.25192063900005], [128.5172704250001, 35.25103429100005]]]}}, {"type": "Feature", "properties": {"fid": 512, "OBJECTID": 853, "beginyear": 1923, "endyear": 2013, "RAIL_ID": "<none>", "comment": "\uacbd\uc804\ub0a8\ubd80\uc120(1931), \uc9c4\uc8fc\uc120(1956)", "interval_i": "\uc0b0\uc778-\ud568\ubd81", "rail_nm_kr": "\uacbd\ub0a8\uc120", "rail_nm_ch": "\uacbd\uc804\uc120", "rail_nm__1": 1968, "rail_type": "\uad11\uada4", "rail_type_": 0, "org_type": "\uc0ac\ucca0", "org_type_c": 1931, "org_nm_kr": "\uc870\uc120\ucca0\ub3c4\uc8fc\uc2dd\ud68c\uc0ac", "Shape_Leng": 0.04882219353, "filter": "\uad6c\uc5ed2:\uacbd\ubd80\uc120\uc758 \uc11c\ub0a8\ubd80 \uc9c0\uc5ed \ucca0\ub3c4", "check_db": "\uae40\uc885\ud601"}, "geometry": {"type": "MultiLineString", "coordinates": [[[128.40961752700002, 35.277179173000036], [128.41960437700004, 35.27854386200005], [128.4238869090001, 35.27897212500005], [128.42638505600007, 35.278258366000045], [128.4293828330001, 35.27647396300006], [128.43702002700002, 35.27261965500003], [128.43973230000006, 35.27140626000005], [128.44230182100011, 35.27154901700004], [128.4463702270001, 35.27226278400008], [128.44951074900007, 35.27361893800003], [128.4505813820001, 35.273904446000074], [128.4511523870001, 35.27376169300004], [128.45336503200008, 35.272619675000044], [128.45543492600007, 35.27119215300007]]]}}, {"type": "Feature", "properties": {"fid": 513, "OBJECTID": 854, "beginyear": 1923, "endyear": 2013, "RAIL_ID": "<none>", "comment": "\uacbd\uc804\ub0a8\ubd80\uc120(1931), \uc9c4\uc8fc\uc120(1956)", "interval_i": "\ud568\ubd81-\uad70\ubd81", "rail_nm_kr": "\uacbd\ub0a8\uc120", "rail_nm_ch": "\uacbd\uc804\uc120", "rail_nm__1": 1968, "rail_type": "\uad11\uada4", "rail_type_": 0, "org_type": "\uc0ac\ucca0", "org_type_c": 1931, "org_nm_kr": "\uc870\uc120\ucca0\ub3c4\uc8fc\uc2dd\ud68c\uc0ac", "Shape_Leng": 0.0893321254, "filter": "\uad6c\uc5ed2:\uacbd\ubd80\uc120\uc758 \uc11c\ub0a8\ubd80 \uc9c0\uc5ed \ucca0\ub3c4", "check_db": "\uae40\uc885\ud601"}, "geometry": {"type": "MultiLineString", "coordinates": [[[128.3452294320001, 35.25871372100005], [128.34865709500002, 35.26020007200003], [128.35094111, 35.26155622500005], [128.35072697900011, 35.264268523000055], [128.3487998270001, 35.270192751000025], [128.34894257400003, 35.27240541500004], [128.35001320600009, 35.27340468500006], [128.35465261500008, 35.27497496800004], [128.35914927500005, 35.27618837000006], [128.3615760450001, 35.275545987000044], [128.36371731300005, 35.27554598900008], [128.36657233500011, 35.27554599300004], [128.36835672600012, 35.27390434200004], [128.37128312900006, 35.27104929400008], [128.37278202100003, 35.26876525500006], [128.37385265700004, 35.26762323600008], [128.37585117300011, 35.266909475000034], [128.37756419100003, 35.265267823000045], [128.37813519700012, 35.26462543800005], [128.37868935000006, 35.26434904600006], [128.38070472100003, 35.26298378700005], [128.38898428400012, 35.26469682800007], [128.39283856300005, 35.26569610000007], [128.3944801980001, 35.26705225100005], [128.39526532500008, 35.269122164000066], [128.40240287000006, 35.27604567000003], [128.40811291300008, 35.27697357000005], [128.40961752700002, 35.277179173000036]]]}}, {"type": "Feature", "properties": {"fid": 514, "OBJECTID": 855, "beginyear": 1923, "endyear": 2013, "RAIL_ID": "<none>", "comment": "\uacbd\uc804\ub0a8\ubd80\uc120(1931), \uc9c4\uc8fc\uc120(1956)", "interval_i": "\uad70\ubd81-\uc6d0\ubd81", "rail_nm_kr": "\uacbd\ub0a8\uc120", "rail_nm_ch": "\uacbd\uc804\uc120", "rail_nm__1": 1968, "rail_type": "\uad11\uada4", "rail_type_": 0, "org_type": "\uc0ac\ucca0", "org_type_c": 1931, "org_nm_kr": "\uc870\uc120\ucca0\ub3c4\uc8fc\uc2dd\ud68c\uc0ac", "Shape_Leng": 0.03586291704, "filter": "\uad6c\uc5ed2:\uacbd\ubd80\uc120\uc758 \uc11c\ub0a8\ubd80 \uc9c0\uc5ed \ucca0\ub3c4", "check_db": "\uae40\uc885\ud601"}, "geometry": {"type": "MultiLineString", "coordinates": [[[128.32603108800004, 35.23243467700007], [128.32660208900006, 35.23471871800007], [128.32603108, 35.237216886000056], [128.32517456800008, 35.23950092700005], [128.326958955, 35.24142808800008], [128.3308132290001, 35.24478277700007], [128.33488163100003, 35.24842297200007], [128.3370942670001, 35.25170628300003], [128.33944965800004, 35.25370482200003], [128.34059166100008, 35.25670262600005], [128.3452294320001, 35.25871372100005]]]}}, {"type": "Feature", "properties": {"fid": 515, "OBJECTID": 856, "beginyear": 1923, "endyear": 2013, "RAIL_ID": "<none>", "comment": "\uacbd\uc804\ub0a8\ubd80\uc120(1931), \uc9c4\uc8fc\uc120(1956)", "interval_i": "\uc6d0\ubd81-\ud3c9\ucd0c", "rail_nm_kr": "\uacbd\ub0a8\uc120", "rail_nm_ch": "\uacbd\uc804\uc120", "rail_nm__1": 1968, "rail_type": "\uad11\uada4", "rail_type_": 0, "org_type": "\uc0ac\ucca0", "org_type_c": 1931, "org_nm_kr": "\uc870\uc120\ucca0\ub3c4\uc8fc\uc2dd\ud68c\uc0ac", "Shape_Leng": 0.05677796425, "filter": "\uad6c\uc5ed2:\uacbd\ubd80\uc120\uc758 \uc11c\ub0a8\ubd80 \uc9c0\uc5ed \ucca0\ub3c4", "check_db": "\uae40\uc885\ud601"}, "geometry": {"type": "MultiLineString", "coordinates": [[[128.32810106500006, 35.18382743900003], [128.334667609, 35.18918066700007], [128.3373798770001, 35.191393334000054], [128.33845050700006, 35.192963613000074], [128.337451245, 35.195675910000034], [128.3360237280001, 35.19874508800007], [128.333668331, 35.20060086800004], [128.3323121840001, 35.20616821700003], [128.33095604200003, 35.209951157000035], [128.32974265300004, 35.21180693800005], [128.3300995290001, 35.21373409900008], [128.32860063700002, 35.216660524000076], [128.32738724800004, 35.21837355400004], [128.32631660700008, 35.222299246000034], [128.32610247700006, 35.22529705000005], [128.3254600890001, 35.22843760500007], [128.32603108800004, 35.23243467700007]]]}}, {"type": "Feature", "properties": {"fid": 516, "OBJECTID": 857, "beginyear": 1923, "endyear": 2013, "RAIL_ID": "<none>", "comment": "\uacbd\uc804\ub0a8\ubd80\uc120(1931), \uc9c4\uc8fc\uc120(1956)", "interval_i": "\ud3c9\ucd0c-\ubc18\uc131", "rail_nm_kr": "\uacbd\ub0a8\uc120", "rail_nm_ch": "\uacbd\uc804\uc120", "rail_nm__1": 1968, "rail_type": "\uad11\uada4", "rail_type_": 0, "org_type": "\uc0ac\ucca0", "org_type_c": 1931, "org_nm_kr": "\uc870\uc120\ucca0\ub3c4\uc8fc\uc2dd\ud68c\uc0ac", "Shape_Leng": 0.06703274906, "filter": "\uad6c\uc5ed2:\uacbd\ubd80\uc120\uc758 \uc11c\ub0a8\ubd80 \uc9c0\uc5ed \ucca0\ub3c4", "check_db": "\uae40\uc885\ud601"}, "geometry": {"type": "MultiLineString", "coordinates": [[[128.271385, 35.172897343000045], [128.27328464000004, 35.172978181000076], [128.2765427280001, 35.17100903900007], [128.2788519400001, 35.169623502000036], [128.28163559000006, 35.168195980000064], [128.28327723000007, 35.16783910100003], [128.28598950100002, 35.16841011300005], [128.2884162690001, 35.168766998000024], [128.2900579080001, 35.16855287100003], [128.2922705530001, 35.16733947700004], [128.29533970500006, 35.16691122300006], [128.2987657320001, 35.16676847400004], [128.3041902750001, 35.167125362000036], [128.3128267190001, 35.168267393000065], [128.31760888000008, 35.16912391400007], [128.3202497750001, 35.17012318400003], [128.32167728000002, 35.17369199900003], [128.32410404200004, 35.178902470000025], [128.3268876850001, 35.181329267000024], [128.32810106500006, 35.18382743900003]]]}}, {"type": "Feature", "properties": {"fid": 517, "OBJECTID": 858, "beginyear": 1923, "endyear": 2013, "RAIL_ID": "<none>", "comment": "\uacbd\uc804\ub0a8\ubd80\uc120(1931), \uc9c4\uc8fc\uc120(1956)", "interval_i": "\ubc18\uc131-\uc774\ucc9c", "rail_nm_kr": "\uacbd\ub0a8\uc120", "rail_nm_ch": "\uacbd\uc804\uc120", "rail_nm__1": 1968, "rail_type": "\uad11\uada4", "rail_type_": 0, "org_type": "\uc0ac\ucca0", "org_type_c": 1931, "org_nm_kr": "\uc870\uc120\ucca0\ub3c4\uc8fc\uc2dd\ud68c\uc0ac", "Shape_Leng": 0.06397126339, "filter": "\uad6c\uc5ed2:\uacbd\ubd80\uc120\uc758 \uc11c\ub0a8\ubd80 \uc9c0\uc5ed \ucca0\ub3c4", "check_db": "\uae40\uc885\ud601"}, "geometry": {"type": "MultiLineString", "coordinates": [[[128.22606932100007, 35.15502963700004], [128.2257038140001, 35.15764909100005], [128.2267506510001, 35.16088481600008], [128.22741681900004, 35.16316885800006], [128.22703614700004, 35.16469155100003], [128.22675064200007, 35.166594918000044], [128.22932016000004, 35.16830795200008], [128.2330316880001, 35.16935480800004], [128.23436402800007, 35.171924354000055], [128.2360770350001, 35.17601659600007], [128.2386465510001, 35.17801513400008], [128.24131124100006, 35.17820547400004], [128.24340492400006, 35.17791997200004], [128.24502277400006, 35.17582626900003], [128.24778263200005, 35.17468425200008], [128.25101177400006, 35.174713532000055], [128.2546556110001, 35.17490531900006], [128.25801026400006, 35.17426293600005], [128.26122216600004, 35.173691930000075], [128.26400581400003, 35.17383468500003], [128.2658615780001, 35.174262945000066], [128.26800284700005, 35.17304955100008], [128.26992998800006, 35.17283542400003], [128.271385, 35.172897343000045]]]}}, {"type": "Feature", "properties": {"fid": 518, "OBJECTID": 859, "beginyear": 1923, "endyear": 2013, "RAIL_ID": "<none>", "comment": "\uacbd\uc804\ub0a8\ubd80\uc120(1931), \uc9c4\uc8fc\uc120(1956)", "interval_i": "\uc774\ucc9c-\uac08\ucd0c", "rail_nm_kr": "\uacbd\ub0a8\uc120", "rail_nm_ch": "\uacbd\uc804\uc120", "rail_nm__1": 1968, "rail_type": "\uad11\uada4", "rail_type_": 0, "org_type": "\uc0ac\ucca0", "org_type_c": 1931, "org_nm_kr": "\uc870\uc120\ucca0\ub3c4\uc8fc\uc2dd\ud68c\uc0ac", "Shape_Leng": 0.01598957175, "filter": "\uad6c\uc5ed2:\uacbd\ubd80\uc120\uc758 \uc11c\ub0a8\ubd80 \uc9c0\uc5ed \ucca0\ub3c4", "check_db": "\uae40\uc885\ud601"}, "geometry": {"type": "MultiLineString", "coordinates": [[[128.2165677600001, 35.14527719400007], [128.2196131180001, 35.14508686000005], [128.22218263800005, 35.145848209000064], [128.22532315600006, 35.15089213600004], [128.22627482500002, 35.153556852000065], [128.22606932100007, 35.15502963700004]]]}}, {"type": "Feature", "properties": {"fid": 519, "OBJECTID": 860, "beginyear": 1923, "endyear": 2013, "RAIL_ID": "<none>", "comment": "\uacbd\uc804\ub0a8\ubd80\uc120(1931), \uc9c4\uc8fc\uc120(1956)", "interval_i": "\uac08\ucd0c-\ub0a8\ubb38\uc0b0", "rail_nm_kr": "\uacbd\ub0a8\uc120", "rail_nm_ch": "\uacbd\uc804\uc120", "rail_nm__1": 1968, "rail_type": "\uad11\uada4", "rail_type_": 0, "org_type": "\uc0ac\ucca0", "org_type_c": 1931, "org_nm_kr": "\uc870\uc120\ucca0\ub3c4\uc8fc\uc2dd\ud68c\uc0ac", "Shape_Leng": 0.0607122888, "filter": "\uad6c\uc5ed2:\uacbd\ubd80\uc120\uc758 \uc11c\ub0a8\ubd80 \uc9c0\uc5ed \ucca0\ub3c4", "check_db": "\uae40\uc885\ud601"}, "geometry": {"type": "MultiLineString", "coordinates": [[[128.1677468270001, 35.16849822300003], [128.1696501770001, 35.16868856100007], [128.1710776860001, 35.169545078000056], [128.1728858670001, 35.17030642700007], [128.176216726, 35.17059193500006], [128.1791669160001, 35.17059193800003], [128.18135576800012, 35.170591940000065], [128.18459146300006, 35.169259587000056], [128.18763682100007, 35.16868858000004], [128.1896353400001, 35.16764173100006], [128.19249036300005, 35.167261060000044], [128.1950598850001, 35.16659488400006], [128.19753424200007, 35.164310846000035], [128.19848592000005, 35.16136062700008], [128.20038927100006, 35.15993310400006], [128.20381530400005, 35.15669738400004], [128.20495731800008, 35.15403267000005], [128.20628966800007, 35.15051144300003], [128.2085736900001, 35.14841774000007], [128.21057220900002, 35.146324038000046], [128.2165677600001, 35.14527719400007]]]}}, {"type": "Feature", "properties": {"fid": 520, "OBJECTID": 861, "beginyear": 1923, "endyear": 2013, "RAIL_ID": "<none>", "comment": "\uacbd\uc804\ub0a8\ubd80\uc120(1931), \uc9c4\uc8fc\uc120(1956)", "interval_i": "\uac1c\uc591-\uc9c4\uc8fc", "rail_nm_kr": "\uacbd\ub0a8\uc120", "rail_nm_ch": "\uacbd\uc804\uc120", "rail_nm__1": 1968, "rail_type": "\uad11\uada4", "rail_type_": 0, "org_type": "\uc0ac\ucca0", "org_type_c": 1931, "org_nm_kr": "\uc870\uc120\ucca0\ub3c4\uc8fc\uc2dd\ud68c\uc0ac", "Shape_Leng": 0.04669298917, "filter": "\uad6c\uc5ed2:\uacbd\ubd80\uc120\uc758 \uc11c\ub0a8\ubd80 \uc9c0\uc5ed \ucca0\ub3c4", "check_db": "\uae40\uc885\ud601"}, "geometry": {"type": "MultiLineString", "coordinates": [[[128.0881868360001, 35.17887149400008], [128.08989985300002, 35.176206782000065], [128.0908515310001, 35.17382757400003], [128.0908515330001, 35.17240004800004], [128.08989986100005, 35.17040151100008], [128.089614363, 35.16811747000003], [128.0901853680001, 35.16688028200008], [128.09018537200006, 35.16497691500007], [128.09351623700002, 35.16183636300008], [128.09760844000004, 35.15964749400007], [128.101795809, 35.15821997200004], [128.10474600300006, 35.156221440000024], [128.1081720300001, 35.15593593800003], [128.11197872900004, 35.15555526900005], [128.11749844200006, 35.15355673900007], [128.118852478, 35.15315052600005]]]}}, {"type": "Feature", "properties": {"fid": 521, "OBJECTID": 863, "beginyear": 1930, "endyear": 2013, "RAIL_ID": "<none>", "comment": "\uc1a1\ub824\uc120(1936), \uacbd\uc804\uc11c\ubd80\uc120(1936), \uad11\uc8fc\uc120(1956)", "interval_i": "\uc21c\ucc9c-\uc218\ub355", "rail_nm_kr": "\uad11\ub824\uc120", "rail_nm_ch": "\uacbd\uc804\uc120", "rail_nm__1": 1968, "rail_type": "\uad11\uada4", "rail_type_": 0, "org_type": "\uc0ac\ucca0", "org_type_c": 1936, "org_nm_kr": "\uc870\uc120\ucca0\ub3c4\uc8fc\uc2dd\ud68c\uc0ac", "Shape_Leng": 0.09511689395, "filter": "\uad6c\uc5ed2:\uacbd\ubd80\uc120\uc758 \uc11c\ub0a8\ubd80 \uc9c0\uc5ed \ucca0\ub3c4", "check_db": "\uae40\uc885\ud601"}, "geometry": {"type": "MultiLineString", "coordinates": [[[127.51481744600005, 34.94344636900007], [127.51050156200006, 34.943446366000046], [127.50665396700003, 34.944774454000026], [127.50584251100008, 34.94515301900003], [127.4987738000001, 34.94907157800003], [127.49766897200004, 34.947340705000045], [127.49700280200011, 34.94515183200008], [127.49690648400008, 34.94380335200003], [127.4966826430001, 34.94047311500003], [127.49651415200003, 34.93715939600003], [127.49620411500007, 34.934492447000025], [127.49548013200001, 34.931162080000036], [127.49279268300006, 34.92631634900005], [127.49081692900006, 34.92402445000005], [127.49027032400011, 34.91847698300006], [127.48996042800002, 34.91641098100007], [127.48986526200008, 34.913270424000075], [127.49024593500008, 34.90898784700005], [127.4891039260001, 34.90641830100003], [127.48910393000006, 34.90194538800006], [127.48833780200005, 34.90134342500005], [127.48643924200007, 34.89994685000005], [127.48526394900011, 34.89820565800005], [127.48386972300011, 34.89614011400005], [127.48225187800006, 34.89271405300008], [127.47520428700011, 34.88928531400006], [127.47242606600003, 34.887856499000065], [127.46724927900004, 34.88551961700006]]]}}, {"type": "Feature", "properties": {"fid": 522, "OBJECTID": 864, "beginyear": 1930, "endyear": 2013, "RAIL_ID": "<none>", "comment": "\uc1a1\ub824\uc120(1936), \uacbd\uc804\uc11c\ubd80\uc120(1936), \uad11\uc8fc\uc120(1956)", "interval_i": "\uc218\ub355-\uc6d0\ucc3d", "rail_nm_kr": "\uad11\ub824\uc120", "rail_nm_ch": "\uacbd\uc804\uc120", "rail_nm__1": 1968, "rail_type": "\uad11\uada4", "rail_type_": 0, "org_type": "\uc0ac\ucca0", "org_type_c": 1936, "org_nm_kr": "\uc870\uc120\ucca0\ub3c4\uc8fc\uc2dd\ud68c\uc0ac", "Shape_Leng": 0.03086510079, "filter": "\uad6c\uc5ed2:\uacbd\ubd80\uc120\uc758 \uc11c\ub0a8\ubd80 \uc9c0\uc5ed \ucca0\ub3c4", "check_db": "\uae40\uc885\ud601"}, "geometry": {"type": "MultiLineString", "coordinates": [[[127.46724927900004, 34.88551961700006], [127.46527896600003, 34.884630188000074], [127.46198121300006, 34.883387543000026], [127.46147181000003, 34.88195194000008], [127.4609343730001, 34.880437323000024], [127.46003569200002, 34.87902509600008], [127.45893585700003, 34.87729676600003], [127.4557953320001, 34.875107892000074], [127.45448658700002, 34.870515339000065], [127.45417748900002, 34.868921948000036], [127.45366949400011, 34.86739794500005], [127.4524342740001, 34.86391363900003], [127.45141763700008, 34.86130847600003]]]}}, {"type": "Feature", "properties": {"fid": 523, "OBJECTID": 865, "beginyear": 1930, "endyear": 2013, "RAIL_ID": "<none>", "comment": "\uc1a1\ub824\uc120(1936), \uacbd\uc804\uc11c\ubd80\uc120(1936), \uad11\uc8fc\uc120(1956)", "interval_i": "\uc6d0\ucc3d-\uad6c\ub8e1", "rail_nm_kr": "\uad11\ub824\uc120", "rail_nm_ch": "\uacbd\uc804\uc120", "rail_nm__1": 1968, "rail_type": "\uad11\uada4", "rail_type_": 0, "org_type": "\uc0ac\ucca0", "org_type_c": 1936, "org_nm_kr": "\uc870\uc120\ucca0\ub3c4\uc8fc\uc2dd\ud68c\uc0ac", "Shape_Leng": 0.0414361414, "filter": "\uad6c\uc5ed2:\uacbd\ubd80\uc120\uc758 \uc11c\ub0a8\ubd80 \uc9c0\uc5ed \ucca0\ub3c4", "check_db": "\uae40\uc885\ud601"}, "geometry": {"type": "MultiLineString", "coordinates": [[[127.45141763700008, 34.86130847600003], [127.44987845900005, 34.860538880000036], [127.44822826900008, 34.85981592300004], [127.44569012500006, 34.85890943100003], [127.4444423540001, 34.85821544300006], [127.44304290100001, 34.85702589700003], [127.44123472100011, 34.85436118000007], [127.43619084700003, 34.850268940000035], [127.43600051400006, 34.84712838300004], [127.4356032070001, 34.843473103000065], [127.43473637900001, 34.84082365800003], [127.43364779500007, 34.84017103300005], [127.4310518100001, 34.839419742000075], [127.42469409900002, 34.841088084000035], [127.42267707000008, 34.84160861200007]]]}}, {"type": "Feature", "properties": {"fid": 524, "OBJECTID": 866, "beginyear": 1930, "endyear": 2013, "RAIL_ID": "<none>", "comment": "\uc1a1\ub824\uc120(1936), \uacbd\uc804\uc11c\ubd80\uc120(1936), \uad11\uc8fc\uc120(1956)", "interval_i": "\uad6c\ub8e1-\ubc8c\uad50", "rail_nm_kr": "\uad11\ub824\uc120", "rail_nm_ch": "\uacbd\uc804\uc120", "rail_nm__1": 1968, "rail_type": "\uad11\uada4", "rail_type_": 0, "org_type": "\uc0ac\ucca0", "org_type_c": 1936, "org_nm_kr": "\uc870\uc120\ucca0\ub3c4\uc8fc\uc2dd\ud68c\uc0ac", "Shape_Leng": 0.07753928582, "filter": "\uad6c\uc5ed2:\uacbd\ubd80\uc120\uc758 \uc11c\ub0a8\ubd80 \uc9c0\uc5ed \ucca0\ub3c4", "check_db": "\uae40\uc885\ud601"}, "geometry": {"type": "MultiLineString", "coordinates": [[[127.42267707000008, 34.84160861200007], [127.4179830060001, 34.84415474600007], [127.41486135600007, 34.845378270000026], [127.41011496200008, 34.84636702700004], [127.4077357750001, 34.84722354100006], [127.40516625200007, 34.84808005600007], [127.4022160610001, 34.848080054000036], [127.39840936200005, 34.84750904200007], [127.39288964900004, 34.84741387100007], [127.38860711100006, 34.84741387100007], [127.38653682300003, 34.84665112400006], [127.38499074900005, 34.84608151200007], [127.38299223100012, 34.84617668000004], [127.38013720600009, 34.84731870000007], [127.37886718800007, 34.848295645000064], [127.37766285100008, 34.84922206600004], [127.37264182000001, 34.84956142400006], [127.37081079300003, 34.849507569000025], [127.36833338500003, 34.848311565000074], [127.36576691900007, 34.84646217900007], [127.36290689000009, 34.846340474000044], [127.3612940480001, 34.84627184100003], [127.35842267600003, 34.84593000700005], [127.3572970130001, 34.84579599800003], [127.35387098600006, 34.84389262900004], [127.3495436290001, 34.84157970800004]]]}}, {"type": "Feature", "properties": {"fid": 525, "OBJECTID": 867, "beginyear": 1930, "endyear": 2013, "RAIL_ID": "<none>", "comment": "\uc1a1\ub824\uc120(1936), \uacbd\uc804\uc11c\ubd80\uc120(1936), \uad11\uc8fc\uc120(1956)", "interval_i": "\ubc8c\uad50-\uc870\uc131\ub9ac", "rail_nm_kr": "\uad11\ub824\uc120", "rail_nm_ch": "\uacbd\uc804\uc120", "rail_nm__1": 1968, "rail_type": "\uad11\uada4", "rail_type_": 0, "org_type": "\uc0ac\ucca0", "org_type_c": 1936, "org_nm_kr": "\uc870\uc120\ucca0\ub3c4\uc8fc\uc2dd\ud68c\uc0ac", "Shape_Leng": 0.11233047679, "filter": "\uad6c\uc5ed2:\uacbd\ubd80\uc120\uc758 \uc11c\ub0a8\ubd80 \uc9c0\uc5ed \ucca0\ub3c4", "check_db": "\uae40\uc885\ud601"}, "geometry": {"type": "MultiLineString", "coordinates": [[[127.3495436290001, 34.84157970800004], [127.34835127400004, 34.840942409000036], [127.34720926500006, 34.83922937700004], [127.34540108300007, 34.83780185100005], [127.34285059100011, 34.83627153800006], [127.34111854800005, 34.835232303000055], [127.33769252000002, 34.83437578600007], [127.33474232700007, 34.83466129200008], [127.33146396000006, 34.834442731000024], [127.32789027000001, 34.83466128900005], [127.326799, 34.83453728100005], [127.32370290000006, 34.83418544600005], [127.32033896300004, 34.83300531300006], [127.31827835500007, 34.831901403000074], [127.31678328900011, 34.83019274000003], [127.31494749500007, 34.82809466700007], [127.31239036900001, 34.82518070400005], [127.31085529500001, 34.82343141600006], [127.30959726900005, 34.82276308200005], [127.30780993700012, 34.82181355300003], [127.30694577000008, 34.82176117900008], [127.30466941000009, 34.821623216000035], [127.30351335500006, 34.82077316600004], [127.301433717, 34.819244006000076], [127.29981764900003, 34.81852253900007], [127.29610434000006, 34.81686479500007], [127.29010879000009, 34.81201120500003], [127.28830060900009, 34.80810930100006], [127.28468424700009, 34.805920428000036], [127.28054387400005, 34.80564067000006], [127.27764185300009, 34.80544458400004], [127.27354965100005, 34.80592042500007], [127.27057123100008, 34.806802928000025], [127.26825901000007, 34.80748803600005], [127.26260539000009, 34.80934648500005], [127.25641950400006, 34.807728621000024], [127.25147079600004, 34.80630109400005]]]}}, {"type": "Feature", "properties": {"fid": 526, "OBJECTID": 868, "beginyear": 1930, "endyear": 2013, "RAIL_ID": "<none>", "comment": "\uc1a1\ub824\uc120(1936), \uacbd\uc804\uc11c\ubd80\uc120(1936), \uad11\uc8fc\uc120(1956)", "interval_i": "\uc870\uc131\ub9ac-\uc608\ub2f9", "rail_nm_kr": "\uad11\ub824\uc120", "rail_nm_ch": "\uacbd\uc804\uc120", "rail_nm__1": 1968, "rail_type": "\uad11\uada4", "rail_type_": 0, "org_type": "\uc0ac\ucca0", "org_type_c": 1936, "org_nm_kr": "\uc870\uc120\ucca0\ub3c4\uc8fc\uc2dd\ud68c\uc0ac", "Shape_Leng": 0.0569380078, "filter": "\uad6c\uc5ed2:\uacbd\ubd80\uc120\uc758 \uc11c\ub0a8\ubd80 \uc9c0\uc5ed \ucca0\ub3c4", "check_db": "\uae40\uc885\ud601"}, "geometry": {"type": "MultiLineString", "coordinates": [[[127.25147079600004, 34.80630109400005], [127.24916247100009, 34.80495455800008], [127.24651109500007, 34.80291493500005], [127.24204921800003, 34.79887795900004], [127.23534957900006, 34.795290185000056], [127.22908218900011, 34.79198575600003], [127.22225438600003, 34.78793359000008], [127.21587816600004, 34.78403168600005], [127.2033706740001, 34.77611319600004]]]}}, {"type": "Feature", "properties": {"fid": 527, "OBJECTID": 869, "beginyear": 1930, "endyear": 2013, "RAIL_ID": "<none>", "comment": "\uc1a1\ub824\uc120(1936), \uacbd\uc804\uc11c\ubd80\uc120(1936), \uad11\uc8fc\uc120(1956)", "interval_i": "\uc608\ub2f9-\ub4dd\ub7c9", "rail_nm_kr": "\uad11\ub824\uc120", "rail_nm_ch": "\uacbd\uc804\uc120", "rail_nm__1": 1968, "rail_type": "\uad11\uada4", "rail_type_": 0, "org_type": "\uc0ac\ucca0", "org_type_c": 1936, "org_nm_kr": "\uc870\uc120\ucca0\ub3c4\uc8fc\uc2dd\ud68c\uc0ac", "Shape_Leng": 0.03839881172, "filter": "\uad6c\uc5ed2:\uacbd\ubd80\uc120\uc758 \uc11c\ub0a8\ubd80 \uc9c0\uc5ed \ucca0\ub3c4", "check_db": "\uae40\uc885\ud601"}, "geometry": {"type": "MultiLineString", "coordinates": [[[127.2033706740001, 34.77611319600004], [127.20264988800011, 34.77565686600008], [127.2016982130001, 34.77422934100008], [127.2026498890001, 34.77004193300007], [127.20226922000006, 34.76794822800008], [127.20169147100012, 34.76757268700004], [127.19877155100005, 34.76561018900003], [127.19636883700002, 34.76395115500003], [127.19265730600011, 34.76033475600008], [127.19018295100011, 34.759192735000056], [127.18784508100009, 34.759718760000055], [127.18573873500009, 34.760139157000026], [127.18333251000001, 34.760478499000044], [127.1803209740001, 34.76090320600008], [127.17603988300004, 34.761718048000034]]]}}, {"type": "Feature", "properties": {"fid": 528, "OBJECTID": 870, "beginyear": 1930, "endyear": 2013, "RAIL_ID": "<none>", "comment": "\uc1a1\ub824\uc120(1936), \uacbd\uc804\uc11c\ubd80\uc120(1936), \uad11\uc8fc\uc120(1956)", "interval_i": "\ub4dd\ub7c9-\ubcf4\uc131", "rail_nm_kr": "\uad11\ub824\uc120", "rail_nm_ch": "\uacbd\uc804\uc120", "rail_nm__1": 1968, "rail_type": "\uad11\uada4", "rail_type_": 0, "org_type": "\uc0ac\ucca0", "org_type_c": 1936, "org_nm_kr": "\uc870\uc120\ucca0\ub3c4\uc8fc\uc2dd\ud68c\uc0ac", "Shape_Leng": 0.09759127848, "filter": "\uad6c\uc5ed2:\uacbd\ubd80\uc120\uc758 \uc11c\ub0a8\ubd80 \uc9c0\uc5ed \ucca0\ub3c4", "check_db": "\uae40\uc885\ud601"}, "geometry": {"type": "MultiLineString", "coordinates": [[[127.17603988300004, 34.761718048000034], [127.17357162700011, 34.76224498400006], [127.17048328200008, 34.76290429900007], [127.16877026700001, 34.76442699300003], [127.166746138, 34.766679672000066], [127.16286988100012, 34.77099361000006], [127.16182303900007, 34.771850124000025], [127.15906318100008, 34.77185012500007], [127.1569694960001, 34.771850124000025], [127.15497098000003, 34.77213563000004], [127.15406584400012, 34.772014944000034], [127.1521159560001, 34.77175495600005], [127.15030777400011, 34.77232596600004], [127.14914868400001, 34.77262833900005], [127.14676845100007, 34.772832667000046], [127.14495302400007, 34.772426575000054], [127.14069585700008, 34.77137428000003], [127.1383166710001, 34.77061293400004], [127.13355829600005, 34.774229330000026], [127.13079844000004, 34.77422933100007], [127.12719688100003, 34.77401307100007], [127.12181290500007, 34.77325872400007], [127.11981176900008, 34.77303208200004], [127.11395379500004, 34.77270663400003], [127.11005192800008, 34.772421130000055], [127.10910038000009, 34.77272162200006], [127.10595972600004, 34.773277645000064], [127.10177235700007, 34.772040454000035], [127.09929800300006, 34.769661245000066], [127.09751892600002, 34.76953416600003], [127.09572686000001, 34.76913098500006], [127.09282661400005, 34.76804338200003], [127.09044256600009, 34.76774537400007], [127.08785166000007, 34.76746740400006], [127.08568846600008, 34.76728915500007]]]}}, {"type": "Feature", "properties": {"fid": 529, "OBJECTID": 871, "beginyear": 1930, "endyear": 2013, "RAIL_ID": "<none>", "comment": "\uc1a1\ub824\uc120(1936), \uacbd\uc804\uc11c\ubd80\uc120(1936), \uad11\uc8fc\uc120(1956)", "interval_i": "\ubcf4\uc131-\uad11\uace1", "rail_nm_kr": "\uad11\ub824\uc120", "rail_nm_ch": "\uacbd\uc804\uc120", "rail_nm__1": 1968, "rail_type": "\uad11\uada4", "rail_type_": 0, "org_type": "\uc0ac\ucca0", "org_type_c": 1936, "org_nm_kr": "\uc870\uc120\ucca0\ub3c4\uc8fc\uc2dd\ud68c\uc0ac", "Shape_Leng": 0.04605317417, "filter": "\uad6c\uc5ed2:\uacbd\ubd80\uc120\uc758 \uc11c\ub0a8\ubd80 \uc9c0\uc5ed \ucca0\ub3c4", "check_db": "\uae40\uc885\ud601"}, "geometry": {"type": "MultiLineString", "coordinates": [[[127.08568846600008, 34.76728915500007], [127.08472032000009, 34.767209379000064], [127.0821733570001, 34.76701835500006], [127.07997900500004, 34.76747237100005], [127.07969350100007, 34.769280570000035], [127.08023294800012, 34.771746644000075], [127.08009864700011, 34.773481942000046], [127.07925413700002, 34.77667416500003], [127.07864665800003, 34.77860707100007], [127.07864665800003, 34.780986281000025], [127.0794880730001, 34.782879481000066], [127.0803123720001, 34.78401792300008], [127.08140651500003, 34.78498335300003], [127.08407120400011, 34.78593503600007], [127.08597455300003, 34.78688672100003], [127.08652270200002, 34.78858599800003], [127.08714088300007, 34.790767120000055], [127.08749723300002, 34.79231131900008], [127.08714681200001, 34.792887015000076], [127.0861648880001, 34.794500191000054], [127.0815968490001, 34.796308390000036], [127.07936785800007, 34.796741809000025], [127.07822958700001, 34.79714180900004]]]}}, {"type": "Feature", "properties": {"fid": 530, "OBJECTID": 872, "beginyear": 1930, "endyear": 2013, "RAIL_ID": "<none>", "comment": "\uc1a1\ub824\uc120(1936), \uacbd\uc804\uc11c\ubd80\uc120(1936), \uad11\uc8fc\uc120(1956)", "interval_i": "\uad11\uace1-\uba85\ubd09", "rail_nm_kr": "\uad11\ub824\uc120", "rail_nm_ch": "\uacbd\uc804\uc120", "rail_nm__1": 1968, "rail_type": "\uad11\uada4", "rail_type_": 0, "org_type": "\uc0ac\ucca0", "org_type_c": 1936, "org_nm_kr": "\uc870\uc120\ucca0\ub3c4\uc8fc\uc2dd\ud68c\uc0ac", "Shape_Leng": 0.03720390998, "filter": "\uad6c\uc5ed2:\uacbd\ubd80\uc120\uc758 \uc11c\ub0a8\ubd80 \uc9c0\uc5ed \ucca0\ub3c4", "check_db": "\uae40\uc885\ud601"}, "geometry": {"type": "MultiLineString", "coordinates": [[[127.07822958700001, 34.79714180900004], [127.07764076600006, 34.79734872500006], [127.07655297200006, 34.798116589000074], [127.07588679900005, 34.79925861000004], [127.07560129600006, 34.80116197600006], [127.07503029200006, 34.802684671000065], [127.07398345000001, 34.80382669200003], [127.07322210900008, 34.805349385000056], [127.0749116610001, 34.807925977000025], [127.07853624000006, 34.81316458500004], [127.08138867200012, 34.81695168500005], [127.08464220500002, 34.820957], [127.08476596700007, 34.822039920000066], [127.08502287500005, 34.824287893000076], [127.08465631800004, 34.82526538600007], [127.08416636700008, 34.826571933000025], [127.08271005000006, 34.827911759000074]]]}}, {"type": "Feature", "properties": {"fid": 531, "OBJECTID": 873, "beginyear": 1930, "endyear": 2013, "RAIL_ID": "<none>", "comment": "\uc1a1\ub824\uc120(1936), \uacbd\uc804\uc11c\ubd80\uc120(1936), \uad11\uc8fc\uc120(1956)", "interval_i": "\uba85\ubd09-\ub3c4\ub9bc", "rail_nm_kr": "\uad11\ub824\uc120", "rail_nm_ch": "\uacbd\uc804\uc120", "rail_nm__1": 1968, "rail_type": "\uad11\uada4", "rail_type_": 0, "org_type": "\uc0ac\ucca0", "org_type_c": 1936, "org_nm_kr": "\uc870\uc120\ucca0\ub3c4\uc8fc\uc2dd\ud68c\uc0ac", "Shape_Leng": 0.08804266674, "filter": "\uad6c\uc5ed2:\uacbd\ubd80\uc120\uc758 \uc11c\ub0a8\ubd80 \uc9c0\uc5ed \ucca0\ub3c4", "check_db": "\uae40\uc885\ud601"}, "geometry": {"type": "MultiLineString", "coordinates": [[[127.08271005000006, 34.827911759000074], [127.0817871800001, 34.82876080700004], [127.08055000200011, 34.83075934300007], [127.07988383000009, 34.832948215000044], [127.08000527700005, 34.834065542000076], [127.08026731400003, 34.836476308000044], [127.08047086400006, 34.838771535000035], [127.08055000200011, 34.841989210000065], [127.0798838290001, 34.84322639900006], [127.078456318, 34.84484426200004], [127.07674330200007, 34.846366956000054], [127.07503028800011, 34.84750897600003], [127.07445928200002, 34.84922200700004], [127.07287841200002, 34.85078425900008], [127.07122358800007, 34.851791553000055], [127.06794735200003, 34.852553476000026], [127.0639908600001, 34.85379008800004], [127.06167203100006, 34.85379008800004], [127.05798615800006, 34.85362160600005], [127.05514955900003, 34.85347725300005], [127.05304660000002, 34.853409414000055], [127.04914473400004, 34.85445626600006], [127.04695588200002, 34.85588379100005], [127.04524286800006, 34.857787159000054], [127.04343468600007, 34.858643674000064], [127.03749460200004, 34.861585698000056], [127.03582163300007, 34.863109372000054], [127.03363243600006, 34.864829618000044], [127.02839822600004, 34.86568613400004], [127.02192683800001, 34.867494332000035], [127.01840564100007, 34.86739916500005], [127.01719306000007, 34.867247590000034], [127.01612376000003, 34.867098336000026]]]}}, {"type": "Feature", "properties": {"fid": 532, "OBJECTID": 874, "beginyear": 1930, "endyear": 2013, "RAIL_ID": "<none>", "comment": "\uc1a1\ub824\uc120(1936), \uacbd\uc804\uc11c\ubd80\uc120(1936), \uad11\uc8fc\uc120(1956)", "interval_i": "\ub3c4\ub9bc-\uc774\uc591", "rail_nm_kr": "\uad11\ub824\uc120", "rail_nm_ch": "\uacbd\uc804\uc120", "rail_nm__1": 1968, "rail_type": "\uad11\uada4", "rail_type_": 0, "org_type": "\uc0ac\ucca0", "org_type_c": 1936, "org_nm_kr": "\uc870\uc120\ucca0\ub3c4\uc8fc\uc2dd\ud68c\uc0ac", "Shape_Leng": 0.03759778229, "filter": "\uad6c\uc5ed2:\uacbd\ubd80\uc120\uc758 \uc11c\ub0a8\ubd80 \uc9c0\uc5ed \ucca0\ub3c4", "check_db": "\uae40\uc885\ud601"}, "geometry": {"type": "MultiLineString", "coordinates": [[[127.01612376000003, 34.867098336000026], [127.01502666100009, 34.86694520100008], [127.01366628900007, 34.866735912000024], [127.01131288300007, 34.86657922300003], [127.00955506600008, 34.866637817000026], [127.00823912500005, 34.86756672400003], [127.006319372, 34.86892185900007], [127.00386405100005, 34.86974030600004], [127.00194166800009, 34.86977837400008], [126.99994315200001, 34.870254216000035], [126.99842047200002, 34.87130106700005], [126.99794463500007, 34.87272859300003], [126.99803980200011, 34.87444162300005], [126.99908664400004, 34.87567881200005], [126.99899147600001, 34.87701117000006], [126.99866351600008, 34.87753591200004], [126.99756396500004, 34.879295210000066], [126.99712901800001, 34.88258484500005], [126.99652340000011, 34.88373711300005], [126.99508961000004, 34.885385986000074], [126.99495022700012, 34.88682630000005], [126.99502891500003, 34.888324398000066]]]}}, {"type": "Feature", "properties": {"fid": 533, "OBJECTID": 875, "beginyear": 1930, "endyear": 2013, "RAIL_ID": "<none>", "comment": "\uc1a1\ub824\uc120(1936), \uacbd\uc804\uc11c\ubd80\uc120(1936), \uad11\uc8fc\uc120(1956)", "interval_i": "\uc774\uc591-\uc785\uad50", "rail_nm_kr": "\uad11\ub824\uc120", "rail_nm_ch": "\uacbd\uc804\uc120", "rail_nm__1": 1968, "rail_type": "\uad11\uada4", "rail_type_": 0, "org_type": "\uc0ac\ucca0", "org_type_c": 1936, "org_nm_kr": "\uc870\uc120\ucca0\ub3c4\uc8fc\uc2dd\ud68c\uc0ac", "Shape_Leng": 0.04761562107, "filter": "\uad6c\uc5ed2:\uacbd\ubd80\uc120\uc758 \uc11c\ub0a8\ubd80 \uc9c0\uc5ed \ucca0\ub3c4", "check_db": "\uae40\uc885\ud601"}, "geometry": {"type": "MultiLineString", "coordinates": [[[126.99502891500003, 34.888324398000066], [126.99509223300004, 34.889529879000065], [126.99547028000006, 34.891096090000076], [126.995946118, 34.893475298000055], [126.99594611700002, 34.89594967600004], [126.995946118, 34.899661243000025], [126.99575578400004, 34.902421125000046], [126.99481343200011, 34.904472146000046], [126.99264815100003, 34.90804161800003], [126.99016328900007, 34.910872555000026], [126.98842788900004, 34.91269931000005], [126.98788838100006, 34.91392220400007], [126.98700037600008, 34.915935035000075], [126.98687918700011, 34.91793469000004], [126.98690520900004, 34.92135963100003], [126.98718963300007, 34.92275016200006], [126.98776171700001, 34.92554703900004], [126.98880855900006, 34.92859242700007], [126.99019631200008, 34.930272356000046], [126.9906607040001, 34.93139678000006], [126.99072091900007, 34.93223981600005]]]}}, {"type": "Feature", "properties": {"fid": 534, "OBJECTID": 876, "beginyear": 1930, "endyear": 2013, "RAIL_ID": "<none>", "comment": "\uc1a1\ub824\uc120(1936), \uacbd\uc804\uc11c\ubd80\uc120(1936), \uad11\uc8fc\uc120(1956)", "interval_i": "\uc785\uad50-\ucd98\uc591", "rail_nm_kr": "\uad11\ub824\uc120", "rail_nm_ch": "\uacbd\uc804\uc120", "rail_nm__1": 1968, "rail_type": "\uad11\uada4", "rail_type_": 0, "org_type": "\uc0ac\ucca0", "org_type_c": 1936, "org_nm_kr": "\uc870\uc120\ucca0\ub3c4\uc8fc\uc2dd\ud68c\uc0ac", "Shape_Leng": 0.03347512458, "filter": "\uad6c\uc5ed2:\uacbd\ubd80\uc120\uc758 \uc11c\ub0a8\ubd80 \uc9c0\uc5ed \ucca0\ub3c4", "check_db": "\uae40\uc885\ud601"}, "geometry": {"type": "MultiLineString", "coordinates": [[[126.99072091900007, 34.93223981600005], [126.99080707600001, 34.93344601500007], [126.99040587500008, 34.93414812300006], [126.98966506500005, 34.935444551000046], [126.98872311100001, 34.93818985400003], [126.98776171600002, 34.93963195900005], [126.9867732030001, 34.940573409000024], [126.98576319900008, 34.941535327000054], [126.98414535300003, 34.94220150500007], [126.98224200400011, 34.94201116800008], [126.980433822, 34.94163049500003], [126.97834013800002, 34.94163049500003], [126.97653195600003, 34.94220150500007], [126.97510444400007, 34.943343525000046], [126.9739809890001, 34.94384714800003], [126.97234458800006, 34.94458071400004], [126.97101224500011, 34.945817903000034], [126.9696683740001, 34.947245778000024], [126.96863305800002, 34.949719807000065], [126.96830470000009, 34.95144370200006]]]}}, {"type": "Feature", "properties": {"fid": 535, "OBJECTID": 877, "beginyear": 1930, "endyear": 2013, "RAIL_ID": "<none>", "comment": "\uc1a1\ub824\uc120(1936), \uacbd\uc804\uc11c\ubd80\uc120(1936), \uad11\uc8fc\uc120(1956)", "interval_i": "\ucd98\uc591-\ub2a5\uc8fc", "rail_nm_kr": "\uad11\ub824\uc120", "rail_nm_ch": "\uacbd\uc804\uc120", "rail_nm__1": 1968, "rail_type": "\uad11\uada4", "rail_type_": 0, "org_type": "\uc0ac\ucca0", "org_type_c": 1936, "org_nm_kr": "\uc870\uc120\ucca0\ub3c4\uc8fc\uc2dd\ud68c\uc0ac", "Shape_Leng": 0.03821356583, "filter": "\uad6c\uc5ed2:\uacbd\ubd80\uc120\uc758 \uc11c\ub0a8\ubd80 \uc9c0\uc5ed \ucca0\ub3c4", "check_db": "\uae40\uc885\ud601"}, "geometry": {"type": "MultiLineString", "coordinates": [[[126.96830470000009, 34.95144370200006], [126.96807728600004, 34.952637637000066], [126.96682487500004, 34.95771395000003], [126.96624086100007, 34.959904032000054], [126.96606353700008, 34.961980281000024], [126.96612029800008, 34.964195278000034], [126.96611823800004, 34.96648673100003], [126.96581003000006, 34.96886694500006], [126.96425535500009, 34.973702236000065], [126.96507498300002, 34.97470815200006], [126.96634904000007, 34.976271782000026], [126.9682523890001, 34.978079980000075], [126.96901372900004, 34.980744695000055], [126.96901372800005, 34.98321907300004], [126.96911194600011, 34.98469235500005], [126.96942348800007, 34.98744553800003]]]}}, {"type": "Feature", "properties": {"fid": 536, "OBJECTID": 878, "beginyear": 1930, "endyear": 2013, "RAIL_ID": "<none>", "comment": "\uc1a1\ub824\uc120(1936), \uacbd\uc804\uc11c\ubd80\uc120(1936), \uad11\uc8fc\uc120(1956)", "interval_i": "\ub2a5\uc8fc-\ub9cc\uc218", "rail_nm_kr": "\uad11\ub824\uc120", "rail_nm_ch": "\uacbd\uc804\uc120", "rail_nm__1": 1968, "rail_type": "\uad11\uada4", "rail_type_": 0, "org_type": "\uc0ac\ucca0", "org_type_c": 1936, "org_nm_kr": "\uc870\uc120\ucca0\ub3c4\uc8fc\uc2dd\ud68c\uc0ac", "Shape_Leng": 0.03036777714, "filter": "\uad6c\uc5ed2:\uacbd\ubd80\uc120\uc758 \uc11c\ub0a8\ubd80 \uc9c0\uc5ed \ucca0\ub3c4", "check_db": "\uae40\uc885\ud601"}, "geometry": {"type": "MultiLineString", "coordinates": [[[126.96942348800007, 34.98744553800003], [126.96996540400005, 34.99083254200008], [126.96996540300006, 34.99378276200002], [126.96901372900004, 34.99663781300006], [126.9683794120001, 34.99745870100003], [126.96739588300011, 34.99873151700007], [126.96493193300012, 35.00279511600007], [126.96416019000003, 35.004727124000055], [126.96371232700005, 35.006182694000074], [126.96292301300002, 35.00872419600006], [126.95940181700007, 35.010913068000036], [126.95911631500007, 35.01224542600005], [126.95854505300008, 35.01395922800003]]]}}, {"type": "Feature", "properties": {"fid": 537, "OBJECTID": 879, "beginyear": 1930, "endyear": 2013, "RAIL_ID": "<none>", "comment": "\uc1a1\ub824\uc120(1936), \uacbd\uc804\uc11c\ubd80\uc120(1936), \uad11\uc8fc\uc120(1956)", "interval_i": "\ub9cc\uc218-\ud654\uc21c", "rail_nm_kr": "\uad11\ub824\uc120", "rail_nm_ch": "\uacbd\uc804\uc120", "rail_nm__1": 1968, "rail_type": "\uad11\uada4", "rail_type_": 0, "org_type": "\uc0ac\ucca0", "org_type_c": 1936, "org_nm_kr": "\uc870\uc120\ucca0\ub3c4\uc8fc\uc2dd\ud68c\uc0ac", "Shape_Leng": 0.05419399429, "filter": "\uad6c\uc5ed2:\uacbd\ubd80\uc120\uc758 \uc11c\ub0a8\ubd80 \uc9c0\uc5ed \ucca0\ub3c4", "check_db": "\uae40\uc885\ud601"}, "geometry": {"type": "MultiLineString", "coordinates": [[[126.95854505300008, 35.01395922800003], [126.95835497500002, 35.01564775000003], [126.95815966100008, 35.01768158100003], [126.95749846800004, 35.020620242000064], [126.95635645900006, 35.02395113500006], [126.95684404700012, 35.02487755900006], [126.95786955800008, 35.02650790600006], [126.958762782, 35.02769888200004], [126.95987765500001, 35.02918539500007], [126.96096362300011, 35.030238464000035], [126.96633186300005, 35.03504391700005], [126.96825239200007, 35.03708436900007], [126.96825239100008, 35.03807045800005], [126.96847465600001, 35.03979071700007], [126.96920406600009, 35.04117660800006], [126.97019662200012, 35.04180824200006], [126.97129775000008, 35.042508965000025], [126.97424794100004, 35.042794471000036], [126.9748823650001, 35.043354263000026], [126.97586578700009, 35.04422199600003], [126.9768174620001, 35.04593502700004], [126.97691263000002, 35.04764805700006], [126.97599613700004, 35.049251936000076], [126.97473012500006, 35.05064268700005], [126.97310593200007, 35.05145479200007], [126.9716784200001, 35.051549960000045], [126.968139532, 35.051549961000035]]]}}, {"type": "Feature", "properties": {"fid": 538, "OBJECTID": 880, "beginyear": 1930, "endyear": 2013, "RAIL_ID": "<none>", "comment": "\uc1a1\ub824\uc120(1936), \uacbd\uc804\uc11c\ubd80\uc120(1936), \uad11\uc8fc\uc120(1956)", "interval_i": "\ud654\uc21c-\uc575\ub0a8", "rail_nm_kr": "\uad11\ub824\uc120", "rail_nm_ch": "\uacbd\uc804\uc120", "rail_nm__1": 1968, "rail_type": "\uad11\uada4", "rail_type_": 0, "org_type": "\uc0ac\ucca0", "org_type_c": 1936, "org_nm_kr": "\uc870\uc120\ucca0\ub3c4\uc8fc\uc2dd\ud68c\uc0ac", "Shape_Leng": 0.05570639066, "filter": "\uad6c\uc5ed2:\uacbd\ubd80\uc120\uc758 \uc11c\ub0a8\ubd80 \uc9c0\uc5ed \ucca0\ub3c4", "check_db": "\uae40\uc885\ud601"}, "geometry": {"type": "MultiLineString", "coordinates": [[[126.968139532, 35.051549961000035], [126.96634904300004, 35.051549961000035], [126.96371136500011, 35.051491346000034], [126.96126584000001, 35.051344355000026], [126.95930665300011, 35.05107411900008], [126.957223354, 35.05067089600004], [126.95483782400004, 35.05006220900003], [126.95340627000007, 35.049646593000034], [126.95102988000008, 35.049646593000034], [126.94891485700009, 35.04958818800003], [126.94688899200003, 35.04949396100005], [126.94460466800001, 35.04994749800005], [126.94249368300007, 35.050621266000064], [126.9410345010001, 35.05107412000007], [126.93916157400008, 35.05092226000005], [126.93666686300003, 35.05059748100007], [126.93456311500006, 35.05012243600004], [126.93199359400012, 35.05012243600004], [126.93098092800005, 35.050628775000064], [126.92910626100002, 35.05156611700005], [126.92754256700005, 35.05217841000007], [126.92372309000007, 35.053083032000075], [126.92095417000007, 35.05373883500005], [126.91828948200009, 35.05430984700007], [126.91778917300007, 35.05397630300007], [126.91629096600002, 35.05297748900006], [126.91429244900007, 35.051930637000055]]]}}, {"type": "Feature", "properties": {"fid": 539, "OBJECTID": 881, "beginyear": 1930, "endyear": 2013, "RAIL_ID": "<none>", "comment": "\uc1a1\ub824\uc120(1936), \uacbd\uc804\uc11c\ubd80\uc120(1936), \uad11\uc8fc\uc120(1956)", "interval_i": "\uc575\ub0a8-\ub0a8\ud3c9", "rail_nm_kr": "\uad11\ub824\uc120", "rail_nm_ch": "\uacbd\uc804\uc120", "rail_nm__1": 1968, "rail_type": "\uad11\uada4", "rail_type_": 0, "org_type": "\uc0ac\ucca0", "org_type_c": 1936, "org_nm_kr": "\uc870\uc120\ucca0\ub3c4\uc8fc\uc2dd\ud68c\uc0ac", "Shape_Leng": 0.04299106186, "filter": "\uad6c\uc5ed2:\uacbd\ubd80\uc120\uc758 \uc11c\ub0a8\ubd80 \uc9c0\uc5ed \ucca0\ub3c4", "check_db": "\uae40\uc885\ud601"}, "geometry": {"type": "MultiLineString", "coordinates": [[[126.91429244900007, 35.051930637000055], [126.91267460300003, 35.051074122000045], [126.9108177710001, 35.05155552700006], [126.90943145000006, 35.052965097000026], [126.90878871300004, 35.05452926400005], [126.90839206800001, 35.05583254100003], [126.90715489100012, 35.05773590700005], [126.90416883000012, 35.05777935300006], [126.90123613600008, 35.05713807400008], [126.8991048150001, 35.056665199000065], [126.89782848100003, 35.056498720000036], [126.89629386900003, 35.05701026300005], [126.8949734580001, 35.057450404000065], [126.89368553600002, 35.057289412000046], [126.89268944000003, 35.05716489900004], [126.89059575600004, 35.05630838400003], [126.88947107600006, 35.05621840900005], [126.88821656900006, 35.05611804700004], [126.8873978580001, 35.05662487300003], [126.88542284100004, 35.05764151600005], [126.88383886800011, 35.058211752000034], [126.88155484800006, 35.057640742000046], [126.87879499200005, 35.05754557400007], [126.87803988200005, 35.05771983200003], [126.87632063800004, 35.05811658400006]]]}}, {"type": "Feature", "properties": {"fid": 540, "OBJECTID": 882, "beginyear": 1930, "endyear": 2013, "RAIL_ID": "<none>", "comment": "\uc1a1\ub824\uc120(1936), \uacbd\uc804\uc11c\ubd80\uc120(1936), \uad11\uc8fc\uc120(1956)", "interval_i": "\ub0a8\ud3c9-\ud6a8\ucc9c", "rail_nm_kr": "\uad11\ub824\uc120", "rail_nm_ch": "\uacbd\uc804\uc120", "rail_nm__1": 1968, "rail_type": "\uad11\uada4", "rail_type_": 0, "org_type": "\uc0ac\ucca0", "org_type_c": 1936, "org_nm_kr": "\uc870\uc120\ucca0\ub3c4\uc8fc\uc2dd\ud68c\uc0ac", "Shape_Leng": 0.04589536403, "filter": "\uad6c\uc5ed2:\uacbd\ubd80\uc120\uc758 \uc11c\ub0a8\ubd80 \uc9c0\uc5ed \ucca0\ub3c4", "check_db": "\uae40\uc885\ud601"}, "geometry": {"type": "MultiLineString", "coordinates": [[[126.87632063800004, 35.05811658400006], [126.87591258400005, 35.058524643000055], [126.87482336000005, 35.059637585000075], [126.87346561600009, 35.06106680400006], [126.87318011400009, 35.06277983500007], [126.87333184800002, 35.06444893300005], [126.87366663600005, 35.06652345700007], [126.8748123470001, 35.06912881900007], [126.87584480300006, 35.07096431400004], [126.87613030600005, 35.07315318600007], [126.87622088800003, 35.07428546500006], [126.876320641, 35.07553239500004], [126.87774815400007, 35.07676958400003], [126.87784332100011, 35.078863288000036], [126.87790227100004, 35.08098547000003], [126.87813171400012, 35.083126666000055], [126.87850949400001, 35.08476372600006], [126.87917566700003, 35.08647675700007], [126.88080245700007, 35.08816843100004], [126.88184035600011, 35.08914147100006], [126.88231619300007, 35.090093155000034], [126.88171750400011, 35.093633588000046], [126.88107901700005, 35.095612919000075], [126.88041284500002, 35.097516287000076], [126.88127763700004, 35.09978638600006]]]}}, {"type": "Feature", "properties": {"fid": 541, "OBJECTID": 883, "beginyear": 1930, "endyear": 2013, "RAIL_ID": "<none>", "comment": "\uc1a1\ub824\uc120(1936), \uacbd\uc804\uc11c\ubd80\uc120(1936), \uad11\uc8fc\uc120(1956)", "interval_i": "\ud6a8\ucc9c-\ubcbd\ub3c4", "rail_nm_kr": "\uad11\ub824\uc120", "rail_nm_ch": "\uacbd\uc804\uc120", "rail_nm__1": 1968, "rail_type": "\uad11\uada4", "rail_type_": 0, "org_type": "\uc0ac\ucca0", "org_type_c": 1936, "org_nm_kr": "\uc870\uc120\ucca0\ub3c4\uc8fc\uc2dd\ud68c\uc0ac", "Shape_Leng": 0.02913951395, "filter": "\uad6c\uc5ed2:\uacbd\ubd80\uc120\uc758 \uc11c\ub0a8\ubd80 \uc9c0\uc5ed \ucca0\ub3c4", "check_db": "\uae40\uc885\ud601"}, "geometry": {"type": "MultiLineString", "coordinates": [[[126.88127763700004, 35.09978638600006], [126.88283012900001, 35.10355818600004], [126.8843147120001, 35.10636694500005], [126.8871682360001, 35.10743702600007], [126.89077743900009, 35.108971602000054], [126.89313920300003, 35.10998545700005], [126.89656489400011, 35.11120667900008], [126.89868499600004, 35.11179154000007], [126.90211102400008, 35.11321906400008], [126.90229555400003, 35.114289349000046], [126.90270334600007, 35.11595034900006]]]}}, {"type": "Feature", "properties": {"fid": 542, "OBJECTID": 884, "beginyear": 1930, "endyear": 2013, "RAIL_ID": "<none>", "comment": "\uc1a1\ub824\uc120(1936), \uacbd\uc804\uc11c\ubd80\uc120(1936), \uad11\uc8fc\uc120(1956)", "interval_i": "\ubcbd\ub3c4-\uc2e0\uad11\uc8fc", "rail_nm_kr": "\uad11\ub824\uc120", "rail_nm_ch": "\uacbd\uc804\uc120", "rail_nm__1": 1968, "rail_type": "\uad11\uada4", "rail_type_": 0, "org_type": "\uc0ac\ucca0", "org_type_c": 1936, "org_nm_kr": "\uc870\uc120\ucca0\ub3c4\uc8fc\uc2dd\ud68c\uc0ac", "Shape_Leng": 0.0211367794, "filter": "\uad6c\uc5ed2:\uacbd\ubd80\uc120\uc758 \uc11c\ub0a8\ubd80 \uc9c0\uc5ed \ucca0\ub3c4", "check_db": "\uae40\uc885\ud601"}, "geometry": {"type": "MultiLineString", "coordinates": [[[126.90270334600007, 35.11595034900006], [126.903019029, 35.11723617500007], [126.90363370400007, 35.11902433500006], [126.90326553800003, 35.120926549000046], [126.90295030900006, 35.12255524400007], [126.9024916950001, 35.12492477400008], [126.90225002200009, 35.12620220200006], [126.90197511300005, 35.127655305000076], [126.90182552400006, 35.129599222000024], [126.90182552400006, 35.13025420200006], [126.90211102600006, 35.13244307400004], [126.90306270100007, 35.13368026300003], [126.90498668100008, 35.133746607000035], [126.90581804700003, 35.133823918000076]]]}}, {"type": "Feature", "properties": {"fid": 543, "OBJECTID": 885, "beginyear": 1930, "endyear": 2013, "RAIL_ID": "<none>", "comment": "\uc1a1\ub824\uc120(1936), \uacbd\uc804\uc11c\ubd80\uc120(1936), \uad11\uc8fc\uc120(1956)", "interval_i": "\uc2e0\uad11\uc8fc-\uc804\ub0a8\uad11\uc8fc", "rail_nm_kr": "\uad11\ub824\uc120", "rail_nm_ch": "\uacbd\uc804\uc120", "rail_nm__1": 1968, "rail_type": "\uad11\uada4", "rail_type_": 0, "org_type": "\uc0ac\ucca0", "org_type_c": 1936, "org_nm_kr": "\uc870\uc120\ucca0\ub3c4\uc8fc\uc2dd\ud68c\uc0ac", "Shape_Leng": 0.07542322378, "filter": "\uad6c\uc5ed2:\uacbd\ubd80\uc120\uc758 \uc11c\ub0a8\ubd80 \uc9c0\uc5ed \ucca0\ub3c4", "check_db": "\uae40\uc885\ud601"}, "geometry": {"type": "MultiLineString", "coordinates": [[[126.90581804700003, 35.133823918000076], [126.90735056300002, 35.13396643400006], [126.90962925400004, 35.13425127200003], [126.91262023600007, 35.13442382900007], [126.91620151000006, 35.13453677600006], [126.91982187500003, 35.13467411800008], [126.92228853100005, 35.13538008900008], [126.92466571000011, 35.13682081700006], [126.92509546300005, 35.13719685500007], [126.92636410900002, 35.138306930000056], [126.927711068, 35.13948553100005], [126.9297178600001, 35.142934737000076], [126.93125481900006, 35.14545077200006], [126.93253020800012, 35.14732136200007], [126.93361145000006, 35.148907199000064], [126.93323078000003, 35.15195258600005], [126.93264035100003, 35.15379769800006], [126.93170810100003, 35.156711003000055], [126.93064618900007, 35.15927310400008], [126.92891379100001, 35.16315907500007], [126.92764346900003, 35.16263341900003], [126.92607320700006, 35.16220516100003], [126.9250101450001, 35.16013217300008], [126.9246456950001, 35.15942148700003], [126.92207617300005, 35.15570992100004], [126.92022040900008, 35.15463927700006], [126.91815051700007, 35.15406826700007], [126.91586649800001, 35.154353772000036], [126.91336835300001, 35.15613817800005], [126.9086575660001, 35.15892185400003]]]}}, {"type": "Feature", "properties": {"fid": 544, "OBJECTID": 886, "beginyear": 1922, "endyear": 2013, "RAIL_ID": "<none>", "comment": "\uad11\uc8fc\uc120(1928), \uc1a1\ub824\uc120(1936), \uacbd\uc804\uc11c\ubd80\uc120(1936), \uad11\uc8fc\uc120(1956)", "interval_i": "\uc804\ub0a8\uad11\uc8fc-\uc6b4\uc554", "rail_nm_kr": "\uc804\ub0a8\uc120", "rail_nm_ch": "\uacbd\uc804\uc120", "rail_nm__1": 1968, "rail_type": "\uad11\uada4", "rail_type_": 0, "org_type": "\uc0ac\ucca0", "org_type_c": 1936, "org_nm_kr": "\uc870\uc120\ucca0\ub3c4\uc8fc\uc2dd\ud68c\uc0ac", "Shape_Leng": 0.03965979343, "filter": "\uad6c\uc5ed2:\uacbd\ubd80\uc120\uc758 \uc11c\ub0a8\ubd80 \uc9c0\uc5ed \ucca0\ub3c4", "check_db": "\uae40\uc885\ud601"}, "geometry": {"type": "MultiLineString", "coordinates": [[[126.9086575660001, 35.15892185400003], [126.90473191000001, 35.16163415200003], [126.89566721200003, 35.167130127000064], [126.89167018000012, 35.168629028000055], [126.88703076700006, 35.17027068300007], [126.88189172700004, 35.17198371300003], [126.87725231500008, 35.17333986400007], [126.87568205200012, 35.173411240000064], [126.87332665800011, 35.17355399300004], [126.87241138500008, 35.17355399300004]]]}}, {"type": "Feature", "properties": {"fid": 545, "OBJECTID": 887, "beginyear": 1922, "endyear": 2013, "RAIL_ID": "<none>", "comment": "\uad11\uc8fc\uc120(1928), \uc1a1\ub824\uc120(1936), \uacbd\uc804\uc11c\ubd80\uc120(1936), \uad11\uc8fc\uc120(1956)", "interval_i": "\uc6b4\uc554-\uadf9\ub77d\uac15", "rail_nm_kr": "\uc804\ub0a8\uc120", "rail_nm_ch": "\uacbd\uc804\uc120", "rail_nm__1": 1968, "rail_type": "\uad11\uada4", "rail_type_": 0, "org_type": "\uc0ac\ucca0", "org_type_c": 1936, "org_nm_kr": "\uc870\uc120\ucca0\ub3c4\uc8fc\uc2dd\ud68c\uc0ac", "Shape_Leng": 0.04538820249, "filter": "\uad6c\uc5ed2:\uacbd\ubd80\uc120\uc758 \uc11c\ub0a8\ubd80 \uc9c0\uc5ed \ucca0\ub3c4", "check_db": "\uae40\uc885\ud601"}, "geometry": {"type": "MultiLineString", "coordinates": [[[126.87241138500008, 35.17355399300004], [126.86990063000007, 35.17355399400003], [126.86775936200002, 35.17355399400003], [126.86262032200011, 35.17355399400003], [126.85783815800005, 35.17419638100006], [126.85207875000003, 35.17564114500004], [126.85207866700011, 35.17564116600005], [126.84537532100012, 35.17729974300005], [126.83752400600008, 35.17894139800006], [126.83538274000011, 35.179226904000075], [126.83309872100006, 35.17808488400004], [126.82846688600011, 35.17573537900006]]]}}, {"type": "Feature", "properties": {"fid": 546, "OBJECTID": 888, "beginyear": 1922, "endyear": 1944, "RAIL_ID": "<none>", "comment": "\uad11\uc8fc\uc120(1928)", "interval_i": "\uc804\ub0a8\uad11\uc8fc-\ub9dd\uc6d4", "rail_nm_kr": "\uc804\ub0a8\uc120", "rail_nm_ch": "\uacbd\uc804\uc120", "rail_nm__1": 1968, "rail_type": "\uad11\uada4", "rail_type_": 0, "org_type": "\uc0ac\ucca0", "org_type_c": 1946, "org_nm_kr": "\uc870\uc120\ucca0\ub3c4\uc8fc\uc2dd\ud68c\uc0ac", "Shape_Leng": 0.09394464825, "filter": "\uad6c\uc5ed2:\uacbd\ubd80\uc120\uc758 \uc11c\ub0a8\ubd80 \uc9c0\uc5ed \ucca0\ub3c4", "check_db": "\uae40\uc885\ud601"}, "geometry": {"type": "MultiLineString", "coordinates": [[[126.9086575660001, 35.15892185400003], [126.91336835300001, 35.15613817800005], [126.91586649800001, 35.154353772000036], [126.91815051700007, 35.15406826700007], [126.92022040900008, 35.15463927700006], [126.92207617300005, 35.15570992100004], [126.9246456950001, 35.15942148700003], [126.9250101450001, 35.16013217300008], [126.92607320700006, 35.16220516100003], [126.92764346900003, 35.16263341900003], [126.92891379100001, 35.16315907400008], [126.92971336100004, 35.16348993400004], [126.93142637500011, 35.16484608300004], [126.93221150600004, 35.16720149900004], [126.93235425900002, 35.171555452000064], [126.93321076600012, 35.17598078100008], [126.93442415000004, 35.17876445500008], [126.93670816800011, 35.18069161500006], [126.93792155300002, 35.18226189200004], [126.93785017800008, 35.18654446900007], [126.93649404400003, 35.191398055000036], [126.93470965400002, 35.19482411700005], [126.93371039600004, 35.19746503700003], [126.93356764600003, 35.20039146400006], [126.93388305700012, 35.202157785000054], [126.93392452300009, 35.20353202100006], [126.93299664100005, 35.20545918000005], [126.93192600800012, 35.206672576000074], [126.93135500400001, 35.208028726000066], [126.93171188100007, 35.20917074600004], [126.9326397640001, 35.210384142000066], [126.93449552900006, 35.21088377600006], [126.93785018000005, 35.211169281000025], [126.94056245200011, 35.21131203400006], [126.94327472400005, 35.21195442000004], [126.9457014940001, 35.21345332100003], [126.94641525000009, 35.21538048000008]]]}}, {"type": "Feature", "properties": {"fid": 547, "OBJECTID": 889, "beginyear": 1922, "endyear": 1944, "RAIL_ID": "<none>", "comment": "\uad11\uc8fc\uc120(1928)", "interval_i": "\ub9dd\uc6d4-\uc7a5\uc0b0", "rail_nm_kr": "\uc804\ub0a8\uc120", "rail_nm_ch": "\uacbd\uc804\uc120", "rail_nm__1": 1968, "rail_type": "\uad11\uada4", "rail_type_": 0, "org_type": "\uc0ac\ucca0", "org_type_c": 1946, "org_nm_kr": "\uc870\uc120\ucca0\ub3c4\uc8fc\uc2dd\ud68c\uc0ac", "Shape_Leng": 0.03762206934, "filter": "\uad6c\uc5ed2:\uacbd\ubd80\uc120\uc758 \uc11c\ub0a8\ubd80 \uc9c0\uc5ed \ucca0\ub3c4", "check_db": "\uae40\uc885\ud601"}, "geometry": {"type": "MultiLineString", "coordinates": [[[126.94641525000009, 35.21538048000008], [126.94691487900002, 35.21887791800003], [126.94841376600004, 35.221732968000026], [126.94984127700002, 35.22394563300003], [126.95226804700008, 35.22530178300008], [126.95455206500003, 35.22630104900003], [126.95590820100006, 35.22730031700007], [126.95726433700008, 35.229727111000045], [126.95804946900012, 35.23115463600004], [126.95954835500004, 35.23393831000004], [126.96040486200002, 35.23536583500004], [126.96090449100006, 35.23650785600006], [126.9599052320001, 35.23943428300004], [126.95840634600006, 35.24257483800005], [126.95754984000007, 35.24450199800003], [126.95690746000002, 35.24621502700006], [126.95676916700006, 35.24645970700004]]]}}, {"type": "Feature", "properties": {"fid": 548, "OBJECTID": 890, "beginyear": 1922, "endyear": 1944, "RAIL_ID": "<none>", "comment": "\uad11\uc8fc\uc120(1928)", "interval_i": "\uc7a5\uc0b0-\ub9c8\ud56d", "rail_nm_kr": "\uc804\ub0a8\uc120", "rail_nm_ch": "\uacbd\uc804\uc120", "rail_nm__1": 1968, "rail_type": "\uad11\uada4", "rail_type_": 0, "org_type": "\uc0ac\ucca0", "org_type_c": 1946, "org_nm_kr": "\uc870\uc120\ucca0\ub3c4\uc8fc\uc2dd\ud68c\uc0ac", "Shape_Leng": 0.03611881793, "filter": "\uad6c\uc5ed2:\uacbd\ubd80\uc120\uc758 \uc11c\ub0a8\ubd80 \uc9c0\uc5ed \ucca0\ub3c4", "check_db": "\uae40\uc885\ud601"}, "geometry": {"type": "MultiLineString", "coordinates": [[[126.95676916700006, 35.24645970700004], [126.95570790700003, 35.24833737100005], [126.95566099300004, 35.249979403000054], [126.95584865100011, 35.251246114000025], [126.95706843500011, 35.254061027000034], [126.9571153500001, 35.256031465000035], [126.95697460600002, 35.25706360000004], [126.95552025000006, 35.26536759100003], [126.954535039, 35.27348392300007], [126.95453504000011, 35.27587659900007], [126.95509801700007, 35.27704947900003], [126.95627088600008, 35.27812852900007], [126.95845509900005, 35.28027809300005]]]}}, {"type": "Feature", "properties": {"fid": 549, "OBJECTID": 891, "beginyear": 1922, "endyear": 1944, "RAIL_ID": "<none>", "comment": "\uad11\uc8fc\uc120(1928)", "interval_i": "\ub9c8\ud56d-\ub2f4\uc591", "rail_nm_kr": "\uc804\ub0a8\uc120", "rail_nm_ch": "\uacbd\uc804\uc120", "rail_nm__1": 1968, "rail_type": "\uad11\uada4", "rail_type_": 0, "org_type": "\uc0ac\ucca0", "org_type_c": 1946, "org_nm_kr": "\uc870\uc120\ucca0\ub3c4\uc8fc\uc2dd\ud68c\uc0ac", "Shape_Leng": 0.04314944564, "filter": "\uad6c\uc5ed2:\uacbd\ubd80\uc120\uc758 \uc11c\ub0a8\ubd80 \uc9c0\uc5ed \ucca0\ub3c4", "check_db": "\uae40\uc885\ud601"}, "geometry": {"type": "MultiLineString", "coordinates": [[[126.95845509900005, 35.28027809300005], [126.96513777300004, 35.28685475800006], [126.966451387, 35.287746146000075], [126.96701436300009, 35.28896594200006], [126.96734276600012, 35.29088946500008], [126.96795265900005, 35.295627901000046], [126.96828106300006, 35.29698844300003], [126.97161201000006, 35.30397880800007], [126.97316019700008, 35.30698138200006], [126.97550593400001, 35.30876416000007], [126.98264006200009, 35.313648569000065]]]}}, {"type": "Feature", "properties": {"fid": 555, "OBJECTID": 897, "beginyear": 1899, "endyear": 2013, "RAIL_ID": "<none>", "comment": "-", "interval_i": "\uc0c1\uc778\ucc9c-\uc778\ucc9c", "rail_nm_kr": "\uacbd\uc778\uc120", "rail_nm_ch": "\uacbd\uc778\uc120", "rail_nm__1": 0, "rail_type": "\uad11\uada4", "rail_type_": 0, "org_type": "\uc0ac\ucca0", "org_type_c": 1906, "org_nm_kr": "\uacbd\uc778\ucca0\ub3c4\ud68c\uc0ac", "Shape_Leng": 0.02399250807, "filter": "\uad6c\uc5ed1:\uacbd\uc778\uc120\uacfc \uacbd\ubd80\uc120", "check_db": "\uae40\uc885\ud601"}, "geometry": {"type": "MultiLineString", "coordinates": [[[126.61740202400006, 37.476556963000064], [126.61740202500005, 37.47778292100003], [126.61790013900008, 37.47927727500007], [126.61967911200009, 37.480629312000076], [126.62202735700009, 37.481127428000036], [126.62394864800001, 37.481269748000045], [126.62586994000003, 37.480842789000064], [126.62793354700011, 37.47949075100007], [126.62999715400008, 37.47756943700006], [126.63270119200001, 37.47543464200004], [126.63561870700005, 37.472801729000025]]]}}, {"type": "Feature", "properties": {"fid": 568, "OBJECTID": 910, "beginyear": 1928, "endyear": 1943, "RAIL_ID": "<none>", "comment": "1943-44. \uc810\ucd0c-\uc548\ub3d9 \uc120\ub85c \ucca0\uac70.", "interval_i": "\uc810\ucd0c-\uc608\ucc9c", "rail_nm_kr": "\uacbd\ubd81\uc120", "rail_nm_ch": "\uacbd\ubd81\uc120", "rail_nm__1": 0, "rail_type": "\uad11\uada4", "rail_type_": 0, "org_type": "\uc0ac\ucca0", "org_type_c": 1940, "org_nm_kr": "\uc870\uc120\ucca0\ub3c4\uc8fc\uc2dd\ud68c\uc0ac", "Shape_Leng": 0.27862947596, "filter": "\uad6c\uc5ed3:\uacbd\ubd80\uc120\uc758 \ub3d9\ubd81\ubd80 \uc9c0\uc5ed \ucca0\ub3c4", "check_db": "\uae40\uc885\ud601"}, "geometry": {"type": "MultiLineString", "coordinates": [[[128.20490830500012, 36.59793234800003], [128.20741357500003, 36.602107861000036], [128.20769193900003, 36.60257180700006], [128.2118673980001, 36.60461317100004], [128.2153005550001, 36.60544827800004], [128.22068226200008, 36.60619059600003], [128.22309475100008, 36.606283388000065], [128.22495051300007, 36.60600502200003], [128.22764136800004, 36.60544829200006], [128.2304250100001, 36.60600502900007], [128.23320864700008, 36.60860312700004], [128.2346004640001, 36.61036612100003], [128.2380336220001, 36.61064449200006], [128.24406484600001, 36.61045892100003], [128.24786915700008, 36.610087770000064], [128.25130231700007, 36.60980940600007], [128.2543643240001, 36.60953104400005], [128.25716029900002, 36.60971339500003], [128.2586325740001, 36.609809416000076], [128.26373591700008, 36.61027336700005], [128.2689320510001, 36.60832480300007], [128.27422097600004, 36.60619066000004], [128.27969547300006, 36.605633932000046], [128.28424208700005, 36.60628346100003], [128.28693293900005, 36.60693298900003], [128.2882319690001, 36.60851040400007], [128.2883247530001, 36.61073734300004], [128.2901805030001, 36.616119112000035], [128.2916651050001, 36.62029462300006], [128.29268577000005, 36.62187203900004], [128.29593335100003, 36.62261435500005], [128.3004624990001, 36.623342482000055], [128.31012991900002, 36.62549083600004], [128.31439816900001, 36.62632594200005], [128.31625393000002, 36.62660431100005], [128.3189447850001, 36.625583636000044], [128.32191400400006, 36.62493411600008], [128.32618225200008, 36.62641874600007], [128.33054328900005, 36.62771779900004], [128.33221347200003, 36.62873848100003], [128.334533168, 36.63142936700007], [128.33583219600007, 36.63374909700008], [128.339172565, 36.63458420200004], [128.34483263700008, 36.634491420000074], [128.34984319300008, 36.63430584900004], [128.352997984, 36.635419322000075], [128.3566167140001, 36.63764626600005], [128.3613489050001, 36.638203006000026], [128.3653387920001, 36.63820301100003], [128.36812243500003, 36.63708954600003], [128.37118444600003, 36.63439866700003], [128.37526712600004, 36.63226452200007], [128.37795797900003, 36.63282126000007], [128.38222622700005, 36.63402752500008], [128.3877007210001, 36.63449147700004], [128.39391752300003, 36.63365638400006], [128.398928081, 36.63272849900005], [128.4058871840001, 36.633285244000035], [128.40922755600002, 36.63217177900003], [128.41201119800007, 36.63217178200006], [128.41395974700004, 36.63235736300004], [128.41609387300002, 36.63217178800005], [128.41822799800002, 36.63254294700005], [128.421475578, 36.633841999000026], [128.42407364100006, 36.63514105000007], [128.4291769780001, 36.63783194100006], [128.43205340500003, 36.639687725000044], [128.43363079800008, 36.640986776000034], [128.43567213000006, 36.643770450000034], [128.44198171100004, 36.646739711000066], [128.44699226400007, 36.648317132000045], [128.45061099500003, 36.64943060600007], [128.45376578700007, 36.65035850100003], [128.45448494000004, 36.65032425700008]]]}}, {"type": "Feature", "properties": {"fid": 569, "OBJECTID": 911, "beginyear": 1921, "endyear": 2013, "RAIL_ID": "<none>", "comment": "-", "interval_i": "\uc870\uce58\uc6d0-\uc624\uc1a1", "rail_nm_kr": "\ucda9\ubd81\uc120", "rail_nm_ch": "\ucda9\ubd81\uc120", "rail_nm__1": 0, "rail_type": "\uad11\uada4", "rail_type_": 0, "org_type": "\uc0ac\ucca0", "org_type_c": 1946, "org_nm_kr": "\uc870\uc120\ucca0\ub3c4\uc8fc\uc2dd\ud68c\uc0ac", "Shape_Leng": 0.03529789961, "filter": "\uad6c\uc5ed3:\uacbd\ubd80\uc120\uc758 \ub3d9\ubd81\ubd80 \uc9c0\uc5ed \ucca0\ub3c4", "check_db": "\uae40\uc885\ud601"}, "geometry": {"type": "MultiLineString", "coordinates": [[[127.29480462300012, 36.60731747800003], [127.2949727990001, 36.606476583000074], [127.29505010100002, 36.60683217500008], [127.29532967600005, 36.60811823600005], [127.29618618000006, 36.61061640400004], [127.29797056500001, 36.61232943400006], [127.30032595400007, 36.613257324000074], [127.30282409400002, 36.61368558300006], [127.30582186300012, 36.61368558300006], [127.30753487200002, 36.61340007900003], [127.30960476000007, 36.61275769400004], [127.31146052100007, 36.612543566000056], [127.31417278800006, 36.612971824000056], [127.31602854800008, 36.613828339000065], [127.31831256200007, 36.61475623100006], [127.32366571700004, 36.618539173000045]]]}}, {"type": "Feature", "properties": {"fid": 570, "OBJECTID": 912, "beginyear": 1921, "endyear": 2013, "RAIL_ID": "<none>", "comment": "-", "interval_i": "\uc624\uc1a1-\uc6d4\uace1", "rail_nm_kr": "\ucda9\ubd81\uc120", "rail_nm_ch": "\ucda9\ubd81\uc120", "rail_nm__1": 0, "rail_type": "\uad11\uada4", "rail_type_": 0, "org_type": "\uc0ac\ucca0", "org_type_c": 1946, "org_nm_kr": "\uc870\uc120\ucca0\ub3c4\uc8fc\uc2dd\ud68c\uc0ac", "Shape_Leng": 0.04149011116, "filter": "\uad6c\uc5ed3:\uacbd\ubd80\uc120\uc758 \ub3d9\ubd81\ubd80 \uc9c0\uc5ed \ucca0\ub3c4", "check_db": "\uae40\uc885\ud601"}, "geometry": {"type": "MultiLineString", "coordinates": [[[127.32366571700004, 36.618539173000045], [127.32737723900004, 36.620894588000056], [127.33130288500001, 36.62296450000008], [127.33458615500001, 36.624534778000054], [127.33772667400001, 36.62496303700004], [127.34629172600012, 36.62460615800006], [127.35064562700006, 36.62417790200004], [127.35610747100009, 36.62404304100005], [127.36010621300011, 36.62411257800005], [127.36210472400012, 36.62446946000006], [127.3634085760001, 36.62499805600004]]]}}, {"type": "Feature", "properties": {"fid": 571, "OBJECTID": 913, "beginyear": 1921, "endyear": 2013, "RAIL_ID": "<none>", "comment": "-", "interval_i": "\uc6d4\uace1-\uc815\ubd09", "rail_nm_kr": "\ucda9\ubd81\uc120", "rail_nm_ch": "\ucda9\ubd81\uc120", "rail_nm__1": 0, "rail_type": "\uad11\uada4", "rail_type_": 0, "org_type": "\uc0ac\ucca0", "org_type_c": 1946, "org_nm_kr": "\uc870\uc120\ucca0\ub3c4\uc8fc\uc2dd\ud68c\uc0ac", "Shape_Leng": 0.03738265115, "filter": "\uad6c\uc5ed3:\uacbd\ubd80\uc120\uc758 \ub3d9\ubd81\ubd80 \uc9c0\uc5ed \ucca0\ub3c4", "check_db": "\uae40\uc885\ud601"}, "geometry": {"type": "MultiLineString", "coordinates": [[[127.3634085760001, 36.62499805600004], [127.36474561400007, 36.62554010400004], [127.36909951500002, 36.62732451200003], [127.37224003300003, 36.62860928400005], [127.37381029200003, 36.62967992800003], [127.3751664240001, 36.63039369100005], [127.3761656800001, 36.63139295900004], [127.37809281500006, 36.63224947400005], [127.3800199530001, 36.632463603000076], [127.38237534100006, 36.63431938600007], [127.38366009800006, 36.63531865300007], [127.385016231, 36.63610379200003], [127.38651511300009, 36.63703168300003], [127.38851362300011, 36.64045774300007], [127.39179689100001, 36.64573958400007], [127.3921572050001, 36.64646022100004]]]}}, {"type": "Feature", "properties": {"fid": 572, "OBJECTID": 914, "beginyear": 1923, "endyear": 2013, "RAIL_ID": "<none>", "comment": "-", "interval_i": "\ub0b4\uc218-\uccad\uc548", "rail_nm_kr": "\ucda9\ubd81\uc120", "rail_nm_ch": "\ucda9\ubd81\uc120", "rail_nm__1": 0, "rail_type": "\uad11\uada4", "rail_type_": 0, "org_type": "\uc0ac\ucca0", "org_type_c": 1946, "org_nm_kr": "\uc870\uc120\ucca0\ub3c4\uc8fc\uc2dd\ud68c\uc0ac", "Shape_Leng": 0.07987622731, "filter": "\uad6c\uc5ed3:\uacbd\ubd80\uc120\uc758 \ub3d9\ubd81\ubd80 \uc9c0\uc5ed \ucca0\ub3c4", "check_db": "\uae40\uc885\ud601"}, "geometry": {"type": "MultiLineString", "coordinates": [[[127.53717775600012, 36.72870443800008], [127.54036416300005, 36.72893618100005], [127.5426838620001, 36.731163120000076], [127.54426125600003, 36.73459631700007], [127.54676652800003, 36.74034924100005], [127.5493645890001, 36.745359853000025], [127.54992131500012, 36.74823631400005], [127.550478042, 36.75101998800005], [127.55076303300007, 36.752983107000034], [127.55187648800006, 36.75418936600005], [127.55466012800002, 36.75502447000008], [127.55670146600005, 36.75613793900004], [127.55790770800002, 36.75715862000004], [127.55809328200007, 36.75994229400004], [127.55883558500011, 36.761612497000044], [127.56004182900006, 36.76272596600006], [127.56124807200001, 36.764396170000055], [127.56106249400011, 36.76634474100007], [127.56078412900001, 36.76875725700006], [127.56078412700003, 36.77033467100006], [127.56217594500004, 36.77283997700005], [127.56458843300004, 36.77469576000004], [127.56644419300005, 36.77506691800005], [127.56997013900002, 36.77608760000004], [127.57228983800007, 36.77747943600008], [127.576001356, 36.78054147900008], [127.57906335900009, 36.78295399700005], [127.5811974830001, 36.785273724000035], [127.58195900800001, 36.78625284100008]]]}}, {"type": "Feature", "properties": {"fid": 573, "OBJECTID": 915, "beginyear": 1921, "endyear": 2013, "RAIL_ID": "<none>", "comment": "-", "interval_i": "\uc1a1\uc815-\uccad\uc8fc", "rail_nm_kr": "\ucda9\ubd81\uc120", "rail_nm_ch": "\ucda9\ubd81\uc120", "rail_nm__1": 0, "rail_type": "\uad11\uada4", "rail_type_": 0, "org_type": "\uc0ac\ucca0", "org_type_c": 1946, "org_nm_kr": "\uc870\uc120\ucca0\ub3c4\uc8fc\uc2dd\ud68c\uc0ac", "Shape_Leng": 0.06732281227, "filter": "\uad6c\uc5ed3:\uacbd\ubd80\uc120\uc758 \ub3d9\ubd81\ubd80 \uc9c0\uc5ed \ucca0\ub3c4", "check_db": "\uae40\uc885\ud601"}, "geometry": {"type": "MultiLineString", "coordinates": [[[127.43413063600008, 36.644383453000046], [127.43455077300007, 36.644383453000046], [127.43819092000001, 36.64416932600005], [127.44425783200006, 36.644026575000055], [127.45003924100001, 36.64359832200006], [127.45303701000012, 36.64345557100006], [127.455606525, 36.64281318500008], [127.45767641300006, 36.64302731500004], [127.45896116900008, 36.643598326000074], [127.46038867700008, 36.645097226000075], [127.46224443800008, 36.645097227000065], [127.46445707700002, 36.64481172400008], [127.465599085, 36.644240714000034], [127.46659834000002, 36.64295594200007], [127.4675975990001, 36.64088603300007], [127.46881098100005, 36.64002951900005], [127.47052399100005, 36.640172273000076], [127.47216562500012, 36.640957411000045], [127.47352175800006, 36.64259906500007], [127.47502064100001, 36.64352695600007], [127.47559816800003, 36.64352695700006], [127.47594852100008, 36.64352695700006], [127.47887491500012, 36.64181392900008], [127.47937454400005, 36.64095741500006], [127.47937454500004, 36.63988677000003], [127.47937454600003, 36.63860199800007], [127.48023105100003, 36.637245852000035], [127.48258644100008, 36.63667484200005], [127.48544145800008, 36.63638933900006], [127.48822510000002, 36.637174479000066], [127.4897239820001, 36.63853062800007], [127.48972398100011, 36.641032514000074]]]}}, {"type": "Feature", "properties": {"fid": 574, "OBJECTID": 916, "beginyear": 1923, "endyear": 2013, "RAIL_ID": "<none>", "comment": "-", "interval_i": "\uccad\uc8fc-\uc815\ud558", "rail_nm_kr": "\ucda9\ubd81\uc120", "rail_nm_ch": "\ucda9\ubd81\uc120", "rail_nm__1": 0, "rail_type": "\uad11\uada4", "rail_type_": 0, "org_type": "\uc0ac\ucca0", "org_type_c": 1946, "org_nm_kr": "\uc870\uc120\ucca0\ub3c4\uc8fc\uc2dd\ud68c\uc0ac", "Shape_Leng": 0.046013478, "filter": "\uad6c\uc5ed3:\uacbd\ubd80\uc120\uc758 \ub3d9\ubd81\ubd80 \uc9c0\uc5ed \ucca0\ub3c4", "check_db": "\uae40\uc885\ud601"}, "geometry": {"type": "MultiLineString", "coordinates": [[[127.48972398100011, 36.641032514000074], [127.48972398, 36.64274182500003], [127.4892243490001, 36.64581100200007], [127.48868947800008, 36.651861386000064], [127.48855325200009, 36.65424532900005], [127.48582877500007, 36.65649304600004], [127.48044793100007, 36.659694339000055], [127.47697422200008, 36.66214639300006], [127.47318014400003, 36.66236688200007], [127.47114432600006, 36.664911679000056], [127.46928856300008, 36.667880930000024], [127.4681751060001, 36.66871603100003], [127.46492752200004, 36.66982949800007], [127.46353570100007, 36.67196364600005], [127.46353570000008, 36.672717576000025]]]}}, {"type": "Feature", "properties": {"fid": 575, "OBJECTID": 917, "beginyear": 1923, "endyear": 2013, "RAIL_ID": "<none>", "comment": "-", "interval_i": "\uc815\ud558-\uc624\uadfc\uc7a5", "rail_nm_kr": "\ucda9\ubd81\uc120", "rail_nm_ch": "\ucda9\ubd81\uc120", "rail_nm__1": 0, "rail_type": "\uad11\uada4", "rail_type_": 0, "org_type": "\uc0ac\ucca0", "org_type_c": 1946, "org_nm_kr": "\uc870\uc120\ucca0\ub3c4\uc8fc\uc2dd\ud68c\uc0ac", "Shape_Leng": 0.03667914318, "filter": "\uad6c\uc5ed3:\uacbd\ubd80\uc120\uc758 \ub3d9\ubd81\ubd80 \uc9c0\uc5ed \ucca0\ub3c4", "check_db": "\uae40\uc885\ud601"}, "geometry": {"type": "MultiLineString", "coordinates": [[[127.46353570000008, 36.672717576000025], [127.46353570000008, 36.674654530000055], [127.4635356980001, 36.67595357700003], [127.46325733300012, 36.67771656900004], [127.46186551000005, 36.680407452000054], [127.46093762800001, 36.68300554700005], [127.4610304140001, 36.68588200700003], [127.46177271800002, 36.68736663400006], [127.46437078100007, 36.68894404900004], [127.46808230200008, 36.690614254000025], [127.47225776300002, 36.69247003800007], [127.4747630380001, 36.69627439100003], [127.47596928200005, 36.69803738400003], [127.47773225300011, 36.69970758900007], [127.47816214000011, 36.700023685000076]]]}}, {"type": "Feature", "properties": {"fid": 576, "OBJECTID": 918, "beginyear": 1923, "endyear": 2013, "RAIL_ID": "<none>", "comment": "-", "interval_i": "\uc624\uadfc\uc7a5-\ub0b4\uc218", "rail_nm_kr": "\ucda9\ubd81\uc120", "rail_nm_ch": "\ucda9\ubd81\uc120", "rail_nm__1": 0, "rail_type": "\uad11\uada4", "rail_type_": 0, "org_type": "\uc0ac\ucca0", "org_type_c": 1946, "org_nm_kr": "\uc870\uc120\ucca0\ub3c4\uc8fc\uc2dd\ud68c\uc0ac", "Shape_Leng": 0.07792700196, "filter": "\uad6c\uc5ed3:\uacbd\ubd80\uc120\uc758 \ub3d9\ubd81\ubd80 \uc9c0\uc5ed \ucca0\ub3c4", "check_db": "\uae40\uc885\ud601"}, "geometry": {"type": "MultiLineString", "coordinates": [[[127.47816214000011, 36.700023685000076], [127.48088704400004, 36.702027317000045], [127.48218607600006, 36.70434704500008], [127.48274280300006, 36.706573983000055], [127.48209328400003, 36.70945044500007], [127.48246443500011, 36.71316200900003], [127.48422740500007, 36.71566731400003], [127.4871038330001, 36.71705915200005], [127.48886680400005, 36.72002840300007], [127.48998025900005, 36.723554388000025], [127.49127929000008, 36.72578132800004], [127.4952691740001, 36.727637111000035], [127.4985167540001, 36.728936160000046], [127.5032489460001, 36.72772990400006], [127.50751719700008, 36.72717317100006], [127.51159987000005, 36.72745154100005], [127.518930124, 36.728565013000036], [127.52394067900002, 36.72912175000005], [127.53080699300006, 36.72921454300007], [127.53526082000008, 36.728565022000055], [127.53717775600012, 36.72870443800008]]]}}, {"type": "Feature", "properties": {"fid": 577, "OBJECTID": 919, "beginyear": 1928, "endyear": 2013, "RAIL_ID": "<none>", "comment": "-", "interval_i": "\uccad\uc548-\ub3c4\uc548", "rail_nm_kr": "\ucda9\ubd81\uc120", "rail_nm_ch": "\ucda9\ubd81\uc120", "rail_nm__1": 0, "rail_type": "\uad11\uada4", "rail_type_": 0, "org_type": "\uc0ac\ucca0", "org_type_c": 1946, "org_nm_kr": "\uc870\uc120\ucca0\ub3c4\uc8fc\uc2dd\ud68c\uc0ac", "Shape_Leng": 0.05207628913, "filter": "\uad6c\uc5ed3:\uacbd\ubd80\uc120\uc758 \ub3d9\ubd81\ubd80 \uc9c0\uc5ed \ucca0\ub3c4", "check_db": "\uae40\uc885\ud601"}, "geometry": {"type": "MultiLineString", "coordinates": [[[127.58195900800001, 36.78625284100008], [127.58249651300002, 36.786943929000074], [127.58407390900004, 36.78852134500005], [127.58630082200011, 36.78824297800003], [127.58889888800002, 36.78796461300004], [127.59075464700004, 36.78824298100005], [127.59270319600012, 36.78944923900008], [127.59502289500006, 36.790562710000074], [127.59687865600006, 36.790562711000064], [127.59947672100009, 36.79056271200005], [127.60142526900006, 36.79158339300005], [127.60300266600007, 36.792882442000064], [127.60569351700008, 36.793995911000025], [127.60801321600002, 36.79483101500006], [127.61005455400004, 36.794831016000046], [127.61209589000009, 36.795851697000046], [127.61311655600002, 36.797614690000046], [127.61330213100007, 36.79984162900007], [127.61339491700005, 36.80169740900004], [127.61413721800011, 36.80429550400004], [127.61413721600002, 36.80726475500006], [127.61478672900012, 36.81060516200006], [127.61450836300003, 36.81264652200008], [127.61396796200006, 36.81426774100004]]]}}, {"type": "Feature", "properties": {"fid": 578, "OBJECTID": 920, "beginyear": 1928, "endyear": 2013, "RAIL_ID": "<none>", "comment": "-", "interval_i": "\ub3c4\uc548-\ubcf4\ucc9c", "rail_nm_kr": "\ucda9\ubd81\uc120", "rail_nm_ch": "\ucda9\ubd81\uc120", "rail_nm__1": 0, "rail_type": "\uad11\uada4", "rail_type_": 0, "org_type": "\uc0ac\ucca0", "org_type_c": 1946, "org_nm_kr": "\uc870\uc120\ucca0\ub3c4\uc8fc\uc2dd\ud68c\uc0ac", "Shape_Leng": 0.09002387968, "filter": "\uad6c\uc5ed3:\uacbd\ubd80\uc120\uc758 \ub3d9\ubd81\ubd80 \uc9c0\uc5ed \ucca0\ub3c4", "check_db": "\uae40\uc885\ud601"}, "geometry": {"type": "MultiLineString", "coordinates": [[[127.61396796200006, 36.81426774100004], [127.61339490400007, 36.81598692800003], [127.61228144400002, 36.819327334000036], [127.6113535610001, 36.821461483000064], [127.611353559, 36.82387399800007], [127.61135355700003, 36.826100936000046], [127.61339489200009, 36.828884611000035], [127.61441555700003, 36.832132228000035], [127.61469392000004, 36.83408080000004], [127.61534343400001, 36.83602937000006], [127.61552900700008, 36.838441886000055], [127.61562179400005, 36.83974093300003], [127.61627130800002, 36.84168950500003], [127.61608573, 36.84382365300007], [127.61525063800002, 36.84540106700007], [127.6153434250001, 36.84679290300005], [127.61627130300008, 36.84753521600004], [127.61729197000011, 36.84883426400006], [127.61831263800002, 36.84994773300008], [127.6189621530001, 36.851896305000025], [127.61989003100007, 36.85300977400004], [127.62128185100005, 36.85440161100007], [127.62220973, 36.85579344700005], [127.62276645700001, 36.856721339000046], [127.623879912, 36.85783480900005], [127.62508615500008, 36.85857712200004], [127.62647797600005, 36.859226646000025], [127.62898325200001, 36.85969059300004], [127.6309318000001, 36.860525696000025], [127.6333442880001, 36.86126801000006], [127.63464332, 36.862474269000074], [127.63584956200009, 36.86368052700004], [127.63779810800008, 36.86683535800006], [127.64086010900007, 36.86934066400005], [127.64420048000011, 36.86887672100005], [127.64624181600004, 36.86924787800007], [127.6491182420001, 36.87110366200005], [127.65134515400007, 36.87333060100008], [127.65412879400003, 36.874072916000046], [127.65700522100008, 36.87500080900003], [127.65920492300006, 36.87592327500005]]]}}, {"type": "Feature", "properties": {"fid": 579, "OBJECTID": 921, "beginyear": 1928, "endyear": 2013, "RAIL_ID": "<none>", "comment": "-", "interval_i": "\ubcf4\ucc9c-\uc74c\uc131", "rail_nm_kr": "\ucda9\ubd81\uc120", "rail_nm_ch": "\ucda9\ubd81\uc120", "rail_nm__1": 0, "rail_type": "\uad11\uada4", "rail_type_": 0, "org_type": "\uc0ac\ucca0", "org_type_c": 1946, "org_nm_kr": "\uc870\uc120\ucca0\ub3c4\uc8fc\uc2dd\ud68c\uc0ac", "Shape_Leng": 0.07398361779, "filter": "\uad6c\uc5ed3:\uacbd\ubd80\uc120\uc758 \ub3d9\ubd81\ubd80 \uc9c0\uc5ed \ucca0\ub3c4", "check_db": "\uae40\uc885\ud601"}, "geometry": {"type": "MultiLineString", "coordinates": [[[127.65920492300006, 36.87592327500005], [127.65988164900011, 36.87620706700005], [127.66220134800005, 36.878155640000045], [127.66359316600006, 36.87973305400004], [127.66489219800008, 36.88001142200005], [127.66786141600005, 36.87926911300008], [127.6706380170001, 36.87929599200004], [127.67333590800001, 36.87945469400006], [127.67500609300009, 36.879547485000046], [127.67639791300007, 36.88038258600005], [127.67741858000011, 36.88140326700005], [127.67806809300009, 36.88390857200005], [127.67927433700004, 36.88492925300005], [127.68131567400007, 36.88539320000007], [127.68280027900005, 36.88724898300006], [127.68382094600008, 36.88910476500007], [127.68400652000003, 36.89096054700008], [127.6830786380001, 36.89300190500006], [127.68307863600012, 36.89457932000005], [127.68419208900002, 36.89810530500006], [127.68576948200007, 36.90135292300005], [127.68716129900008, 36.90404380900003], [127.6877180250001, 36.905992379000054], [127.6885531160001, 36.907013060000054], [127.68938820900007, 36.908033740000064], [127.6899449330001, 36.91035346600006], [127.68994493000002, 36.91322992800008], [127.69003771700011, 36.91471455400006], [127.69207905200005, 36.91684870300003], [127.69300692900003, 36.91916843100006], [127.69217183400008, 36.92139536800005], [127.69096558800004, 36.92315836000006], [127.69050164700002, 36.92417904000007], [127.69040885600009, 36.92686992200004], [127.69040885400011, 36.928406765000034]]]}}, {"type": "Feature", "properties": {"fid": 580, "OBJECTID": 922, "beginyear": 1928, "endyear": 2013, "RAIL_ID": "<none>", "comment": "-", "interval_i": "\uc74c\uc131-\uc18c\uc774", "rail_nm_kr": "\ucda9\ubd81\uc120", "rail_nm_ch": "\ucda9\ubd81\uc120", "rail_nm__1": 0, "rail_type": "\uad11\uada4", "rail_type_": 0, "org_type": "\uc0ac\ucca0", "org_type_c": 1946, "org_nm_kr": "\uc870\uc120\ucca0\ub3c4\uc8fc\uc2dd\ud68c\uc0ac", "Shape_Leng": 0.06938396271, "filter": "\uad6c\uc5ed3:\uacbd\ubd80\uc120\uc758 \ub3d9\ubd81\ubd80 \uc9c0\uc5ed \ucca0\ub3c4", "check_db": "\uae40\uc885\ud601"}, "geometry": {"type": "MultiLineString", "coordinates": [[[127.69040885400011, 36.928406765000034], [127.6904088550001, 36.92881849400004], [127.690408853, 36.93030311800004], [127.69115115600005, 36.93132379800005], [127.6926357640001, 36.93225169100003], [127.69514104000007, 36.932066114000065], [127.69708959000002, 36.930674278000026], [127.69978044400011, 36.928354554000066], [127.70441984600006, 36.92779782300005], [127.70738906300005, 36.927426669000056], [127.71175010000002, 36.92751946100003], [127.71527604300002, 36.92807619700005], [127.71889477600007, 36.92807620000008], [127.72232793300009, 36.928076203000046], [127.72585387900006, 36.92779783700007], [127.7297509760001, 36.92761226300007], [127.73355528400009, 36.92733389800003], [127.73800911100011, 36.92640601000005], [127.74246293600004, 36.92482859900008], [127.74756627700003, 36.925292547000026], [127.75127779900004, 36.924457449000045], [127.75503297400007, 36.92336502400008]]]}}, {"type": "Feature", "properties": {"fid": 581, "OBJECTID": 923, "beginyear": 1928, "endyear": 2013, "RAIL_ID": "<none>", "comment": "-", "interval_i": "\uc18c\uc774-\ub300\uc18c\uc6d0", "rail_nm_kr": "\ucda9\ubd81\uc120", "rail_nm_ch": "\ucda9\ubd81\uc120", "rail_nm__1": 0, "rail_type": "\uad11\uada4", "rail_type_": 0, "org_type": "\uc0ac\ucca0", "org_type_c": 1946, "org_nm_kr": "\uc870\uc120\ucca0\ub3c4\uc8fc\uc2dd\ud68c\uc0ac", "Shape_Leng": 0.07421480924, "filter": "\uad6c\uc5ed3:\uacbd\ubd80\uc120\uc758 \ub3d9\ubd81\ubd80 \uc9c0\uc5ed \ucca0\ub3c4", "check_db": "\uae40\uc885\ud601"}, "geometry": {"type": "MultiLineString", "coordinates": [[[127.75503297400007, 36.92336502400008], [127.756381142, 36.92297282800007], [127.75897920800003, 36.92167378200003], [127.76185563600006, 36.921580995000056], [127.76361860800012, 36.92223052000003], [127.76426812200009, 36.92352956800005], [127.76463927000009, 36.926591607000034], [127.76445369300006, 36.92816902200008], [127.764639267, 36.92956085800006], [127.7665878140001, 36.93160221900007], [127.77020654300009, 36.93466426100008], [127.7731757570001, 36.93670562300008], [127.77521708900008, 36.94060276600004], [127.77818630000002, 36.945706167000026], [127.77920696600006, 36.947098003000065], [127.78124830000002, 36.94867542000003], [127.78208339100001, 36.949881677000064], [127.78384635800012, 36.95424276500006], [127.78662999200003, 36.95925337800003], [127.78894968800012, 36.962872153000035], [127.79034150400003, 36.966398139000034], [127.79275398800007, 36.97010970400004], [127.79498089800006, 36.97187269800003], [127.79859963000001, 36.972522224000045], [127.79949637700008, 36.972671684000034]]]}}, {"type": "Feature", "properties": {"fid": 582, "OBJECTID": 925, "beginyear": 1928, "endyear": 2013, "RAIL_ID": "<none>", "comment": "-", "interval_i": "\ub2ec\ucc9c-\ucda9\uc8fc", "rail_nm_kr": "\ucda9\ubd81\uc120", "rail_nm_ch": "\ucda9\ubd81\uc120", "rail_nm__1": 0, "rail_type": "\uad11\uada4", "rail_type_": 0, "org_type": "\uc0ac\ucca0", "org_type_c": 1946, "org_nm_kr": "\uc870\uc120\ucca0\ub3c4\uc8fc\uc2dd\ud68c\uc0ac", "Shape_Leng": 0.06565602626, "filter": "\uad6c\uc5ed3:\uacbd\ubd80\uc120\uc758 \ub3d9\ubd81\ubd80 \uc9c0\uc5ed \ucca0\ub3c4", "check_db": "\uae40\uc885\ud601"}, "geometry": {"type": "MultiLineString", "coordinates": [[[127.8828927290001, 36.95989707800004], [127.8835934660001, 36.959717402000024], [127.8894391120001, 36.95925346100006], [127.89621263700008, 36.95906788900004], [127.89797560900001, 36.95925346900003], [127.90001694400007, 36.960181361000025], [127.90224385500005, 36.961758778000046], [127.90447076500004, 36.962779459000046], [127.90595537200011, 36.96444966400003], [127.9060481570001, 36.96584150000007], [127.9066048840001, 36.96760449300007], [127.90790391500002, 36.968068439000035], [127.91031640000006, 36.96955306700005], [127.91402791900009, 36.97075932800004], [127.91783222600009, 36.97224395600006], [127.92052307600011, 36.97345021700005], [127.92349229000001, 36.97558436800006], [127.92414180300011, 36.97818246300005], [127.92404901200007, 36.980316611000035], [127.92145094300008, 36.983842594000066], [127.91848172100003, 36.987554154000065], [127.91597644, 36.99172966000003]]]}}, {"type": "Feature", "properties": {"fid": 583, "OBJECTID": 926, "beginyear": 1922, "endyear": 2013, "RAIL_ID": "<none>", "comment": "\uc7a5\ud56d\uc120", "interval_i": "\ucc9c\uc548-\uc138\uad50", "rail_nm_kr": "\ucda9\ub0a8\uc120", "rail_nm_ch": "\uc7a5\ud56d\uc120", "rail_nm__1": 1955, "rail_type": "\uad11\uada4", "rail_type_": 0, "org_type": "\uc0ac\ucca0", "org_type_c": 1946, "org_nm_kr": "\uc870\uc120\uacbd\ub0a8\ucca0\ub3c4\uc8fc\uc2dd\ud68c\uc0ac", "Shape_Leng": 0.04359511187, "filter": "\uad6c\uc5ed2:\uacbd\ubd80\uc120\uc758 \uc11c\ub0a8\ubd80 \uc9c0\uc5ed \ucca0\ub3c4", "check_db": "\uae40\uc885\ud601"}, "geometry": {"type": "MultiLineString", "coordinates": [[[127.1131432730001, 36.78546977900004], [127.1147332920001, 36.78551796200003], [127.11708392100002, 36.787778210000056], [127.1178976000001, 36.791756245000045], [127.12079068300011, 36.79410690100008], [127.12540153400005, 36.79636714800006], [127.12874666100004, 36.79935067400004], [127.13022459900003, 36.79973900300007], [127.13428293900006, 36.800805335000064], [127.13472466100006, 36.80091985700005], [127.13622978300009, 36.80188314600008], [127.13873858000011, 36.80327206700008], [127.14303125900005, 36.80522731800005], [127.14527883300002, 36.806521486000065], [127.14611937000006, 36.80780459700003], [127.1468763360001, 36.80928010300005]]]}}, {"type": "Feature", "properties": {"fid": 584, "OBJECTID": 927, "beginyear": 1922, "endyear": 2013, "RAIL_ID": "<none>", "comment": "\uc7a5\ud56d\uc120", "interval_i": "\uc138\uad50-\ubaa8\uc0b0", "rail_nm_kr": "\ucda9\ub0a8\uc120", "rail_nm_ch": "\uc7a5\ud56d\uc120", "rail_nm__1": 1955, "rail_type": "\uad11\uada4", "rail_type_": 0, "org_type": "\uc0ac\ucca0", "org_type_c": 1946, "org_nm_kr": "\uc870\uc120\uacbd\ub0a8\ucca0\ub3c4\uc8fc\uc2dd\ud68c\uc0ac", "Shape_Leng": 0.05416577684, "filter": "\uad6c\uc5ed2:\uacbd\ubd80\uc120\uc758 \uc11c\ub0a8\ubd80 \uc9c0\uc5ed \ucca0\ub3c4", "check_db": "\uae40\uc885\ud601"}, "geometry": {"type": "MultiLineString", "coordinates": [[[127.06097994900006, 36.77442940200007], [127.06441548500004, 36.77497186200003], [127.0674333070001, 36.77573651200004], [127.0689359270001, 36.77573651100005], [127.07117385600009, 36.77573651200004], [127.07499572100005, 36.77654968400003], [127.07963074800011, 36.77866393200003], [127.084587456, 36.78034160500005], [127.08650501300008, 36.78095987900008], [127.0899894580001, 36.782172557000024], [127.09280873300008, 36.783153739000056], [127.09396534500002, 36.78346918300008], [127.09620897700006, 36.78346918400007], [127.09712106400002, 36.78361629500006], [127.10029598900007, 36.78453335000006], [127.10370341100008, 36.785970011000074], [127.10569240500001, 36.78606042100006], [127.10768140100004, 36.785427553000034], [127.11174979800012, 36.785427553000034], [127.1131432730001, 36.78546977900004]]]}}, {"type": "Feature", "properties": {"fid": 585, "OBJECTID": 928, "beginyear": 1922, "endyear": 2013, "RAIL_ID": "<none>", "comment": "\uc7a5\ud56d\uc120", "interval_i": "\ubaa8\uc0b0-\uc628\uc591\uc628\ucc9c", "rail_nm_kr": "\ucda9\ub0a8\uc120", "rail_nm_ch": "\uc7a5\ud56d\uc120", "rail_nm__1": 1955, "rail_type": "\uad11\uada4", "rail_type_": 0, "org_type": "\uc0ac\ucca0", "org_type_c": 1946, "org_nm_kr": "\uc870\uc120\uacbd\ub0a8\ucca0\ub3c4\uc8fc\uc2dd\ud68c\uc0ac", "Shape_Leng": 0.06084526652, "filter": "\uad6c\uc5ed2:\uacbd\ubd80\uc120\uc758 \uc11c\ub0a8\ubd80 \uc9c0\uc5ed \ucca0\ub3c4", "check_db": "\uae40\uc885\ud601"}, "geometry": {"type": "MultiLineString", "coordinates": [[[127.00228097700005, 36.78059562200008], [127.00388251100003, 36.78027109900006], [127.00679381400005, 36.779681175000064], [127.01170712100009, 36.77940194400003], [127.01487143100007, 36.77894989400005], [127.02183291300003, 36.77587595800003], [127.02757599900008, 36.77258432600007], [127.03122898100003, 36.77153764700006], [127.03612654000005, 36.77118274700007], [127.03981508200002, 36.77103520400004], [127.0422252620001, 36.77093879700004], [127.05027557400001, 36.772321189000024], [127.05085435, 36.772439435000024], [127.05684821600005, 36.77366400300008], [127.05783798700008, 36.773866216000044], [127.05803789800007, 36.773884390000035], [127.06097994900006, 36.77442940200007]]]}}, {"type": "Feature", "properties": {"fid": 586, "OBJECTID": 929, "beginyear": 1922, "endyear": 2013, "RAIL_ID": "<none>", "comment": "\uc7a5\ud56d\uc120", "interval_i": "\uc628\uc591\uc628\ucc9c-\ucda9\ub0a8\uc2e0\ucc3d", "rail_nm_kr": "\ucda9\ub0a8\uc120", "rail_nm_ch": "\uc7a5\ud56d\uc120", "rail_nm__1": 1955, "rail_type": "\uad11\uada4", "rail_type_": 0, "org_type": "\uc0ac\ucca0", "org_type_c": 1946, "org_nm_kr": "\uc870\uc120\uacbd\ub0a8\ucca0\ub3c4\uc8fc\uc2dd\ud68c\uc0ac", "Shape_Leng": 0.0748759371, "filter": "\uad6c\uc5ed2:\uacbd\ubd80\uc120\uc758 \uc11c\ub0a8\ubd80 \uc9c0\uc5ed \ucca0\ub3c4", "check_db": "\uae40\uc885\ud601"}, "geometry": {"type": "MultiLineString", "coordinates": [[[126.93327668000006, 36.80423792500005], [126.93529435900007, 36.802733819000025], [126.93692068500002, 36.80175801200005], [126.9403595660001, 36.80126673800004], [126.94204361000004, 36.80102615800007], [126.94684127000005, 36.80005035100004], [126.9492696100001, 36.79929485800005], [126.95050050200007, 36.79891191000007], [126.95177970200007, 36.798046559000056], [126.95321259200011, 36.796399001000054], [126.95402897500003, 36.79610163900003], [126.95654784200008, 36.795184164000034], [126.95801565600004, 36.79481720700005], [126.96379042700005, 36.79350588400007], [126.96776841600001, 36.791607277000026], [126.9711135440001, 36.78898539000005], [126.9736989160001, 36.786203975000035], [126.97432617000004, 36.78590115900005], [126.977019874, 36.78532802400008], [126.97814803500012, 36.785087987000054], [126.98473465300003, 36.783868228000074], [126.98512103000007, 36.783853918000034], [126.98774932800006, 36.78375657200007], [126.98912573200005, 36.783705594000025], [126.99191035100012, 36.78340570900008], [126.99516230100005, 36.78328956800004], [127.00058683100008, 36.78093891100008], [127.00228097700005, 36.78059562200008]]]}}, {"type": "Feature", "properties": {"fid": 587, "OBJECTID": 930, "beginyear": 1922, "endyear": 2013, "RAIL_ID": "<none>", "comment": "\uc7a5\ud56d\uc120", "interval_i": "\ucda9\ub0a8\uc2e0\ucc3d-\ub3c4\uace0\uc628\ucc9c", "rail_nm_kr": "\ucda9\ub0a8\uc120", "rail_nm_ch": "\uc7a5\ud56d\uc120", "rail_nm__1": 1955, "rail_type": "\uad11\uada4", "rail_type_": 0, "org_type": "\uc0ac\ucca0", "org_type_c": 1946, "org_nm_kr": "\uc870\uc120\uacbd\ub0a8\ucca0\ub3c4\uc8fc\uc2dd\ud68c\uc0ac", "Shape_Leng": 0.06945955597, "filter": "\uad6c\uc5ed2:\uacbd\ubd80\uc120\uc758 \uc11c\ub0a8\ubd80 \uc9c0\uc5ed \ucca0\ub3c4", "check_db": "\uae40\uc885\ud601"}, "geometry": {"type": "MultiLineString", "coordinates": [[[126.89062168800001, 36.77171879300005], [126.89170883100007, 36.77248382800008], [126.89234285200007, 36.773804718000065], [126.89328949900005, 36.77577692300008], [126.896669126, 36.77736285900005], [126.90017510300004, 36.778064061000066], [126.9015481020001, 36.778338665000035], [126.9026865300001, 36.77874525100003], [126.90480075300002, 36.78077817900004], [126.90583834900008, 36.78077818000003], [126.90906322900003, 36.78034885100004], [126.91008631000011, 36.780127642000025], [126.91126418100009, 36.780056255000034], [126.91276974800007, 36.77996500800003], [126.91311195500009, 36.78025833100003], [126.91447739000012, 36.78142871600005], [126.91455870700008, 36.78533194200003], [126.91423344200007, 36.788015409000025], [126.91220053500001, 36.789560436000045], [126.91184539900007, 36.79126511000004], [126.91235604400003, 36.79235519200006], [126.91276975000005, 36.79297575800007], [126.91350159700005, 36.794439468000064], [126.9148839720001, 36.79598449400004], [126.9155068010001, 36.797000153000056], [126.91746698000009, 36.800196662000076], [126.9187668190001, 36.802908513000034], [126.92073874700009, 36.80566123800003], [126.92433320400005, 36.80659893400008], [126.92634956900008, 36.80712494800008], [126.93082196400007, 36.806067824000024], [126.93327668000006, 36.80423792500005]]]}}, {"type": "Feature", "properties": {"fid": 588, "OBJECTID": 931, "beginyear": 1922, "endyear": 2013, "RAIL_ID": "<none>", "comment": "\uc7a5\ud56d\uc120", "interval_i": "\uc120\uc7a5-\uc2e0\ub840\uc6d0", "rail_nm_kr": "\ucda9\ub0a8\uc120", "rail_nm_ch": "\uc7a5\ud56d\uc120", "rail_nm__1": 1955, "rail_type": "\uad11\uada4", "rail_type_": 0, "org_type": "\uc0ac\ucca0", "org_type_c": 1946, "org_nm_kr": "\uc870\uc120\uacbd\ub0a8\ucca0\ub3c4\uc8fc\uc2dd\ud68c\uc0ac", "Shape_Leng": 0.04223379255, "filter": "\uad6c\uc5ed2:\uacbd\ubd80\uc120\uc758 \uc11c\ub0a8\ubd80 \uc9c0\uc5ed \ucca0\ub3c4", "check_db": "\uae40\uc885\ud601"}, "geometry": {"type": "MultiLineString", "coordinates": [[[126.84828743600008, 36.726080472000035], [126.85105068100006, 36.72816596400003], [126.85479123200003, 36.73141865000008], [126.85503518100006, 36.733126312000024], [126.85454728500008, 36.73597241300007], [126.85536044700007, 36.73727348800003], [126.8585317830001, 36.74020090700003], [126.8591562470001, 36.74190779200006], [126.86388863500008, 36.75038038400004], [126.86566411700005, 36.753461266000045], [126.86693884200008, 36.75567321700004], [126.8676392100001, 36.758334640000044], [126.86710087300003, 36.75994966900004], [126.8669073640001, 36.76053020400008], [126.86673325900006, 36.76116133800008]]]}}, {"type": "Feature", "properties": {"fid": 589, "OBJECTID": 932, "beginyear": 1922, "endyear": 2013, "RAIL_ID": "<none>", "comment": "\uc7a5\ud56d\uc120", "interval_i": "\uc2e0\ub840\uc6d0-\uc608\uc0b0", "rail_nm_kr": "\ucda9\ub0a8\uc120", "rail_nm_ch": "\uc7a5\ud56d\uc120", "rail_nm__1": 1955, "rail_type": "\uad11\uada4", "rail_type_": 0, "org_type": "\uc0ac\ucca0", "org_type_c": 1946, "org_nm_kr": "\uc870\uc120\uacbd\ub0a8\ucca0\ub3c4\uc8fc\uc2dd\ud68c\uc0ac", "Shape_Leng": 0.04633178888, "filter": "\uad6c\uc5ed2:\uacbd\ubd80\uc120\uc758 \uc11c\ub0a8\ubd80 \uc9c0\uc5ed \ucca0\ub3c4", "check_db": "\uae40\uc885\ud601"}, "geometry": {"type": "MultiLineString", "coordinates": [[[126.82899079800006, 36.68651426400004], [126.82899079800006, 36.68817839400003], [126.82908120800005, 36.69224683900006], [126.82998529800011, 36.69613446400007], [126.83144629000003, 36.702954187000046], [126.83273407200011, 36.70867471400004], [126.83387288300003, 36.712317830000075], [126.84026840400008, 36.71893834800005], [126.84080482800005, 36.719465025000034], [126.84674091900001, 36.72491327600005], [126.84828743600008, 36.726080472000035]]]}}, {"type": "Feature", "properties": {"fid": 590, "OBJECTID": 933, "beginyear": 1923, "endyear": 2013, "RAIL_ID": "<none>", "comment": "\uc7a5\ud56d\uc120", "interval_i": "\uc608\uc0b0-\uc624\uac00", "rail_nm_kr": "\ucda9\ub0a8\uc120", "rail_nm_ch": "\uc7a5\ud56d\uc120", "rail_nm__1": 1955, "rail_type": "\uad11\uada4", "rail_type_": 0, "org_type": "\uc0ac\ucca0", "org_type_c": 1946, "org_nm_kr": "\uc870\uc120\uacbd\ub0a8\ucca0\ub3c4\uc8fc\uc2dd\ud68c\uc0ac", "Shape_Leng": 0.05530268027, "filter": "\uad6c\uc5ed2:\uacbd\ubd80\uc120\uc758 \uc11c\ub0a8\ubd80 \uc9c0\uc5ed \ucca0\ub3c4", "check_db": "\uae40\uc885\ud601"}, "geometry": {"type": "MultiLineString", "coordinates": [[[126.78132673300001, 36.68254703000008], [126.78217577600003, 36.68254703000008], [126.78420868300009, 36.68327888400006], [126.78676794300009, 36.683304735000036], [126.7922589960001, 36.68336020000004], [126.79363394400002, 36.68343131900008], [126.7953471290001, 36.68351993300007], [126.79697534000002, 36.683604151000054], [126.79740856300009, 36.68370042400005], [126.80033118400002, 36.68410995600004], [126.80232018000004, 36.68329626600007], [126.80882961800012, 36.67995109900005], [126.8176896870001, 36.67796208100003], [126.82184849500004, 36.677510030000064], [126.8251107750001, 36.67823721100007], [126.82754425400003, 36.67940863700005], [126.82899079700007, 36.683567491000076], [126.82899079800006, 36.68651426400004]]]}}, {"type": "Feature", "properties": {"fid": 591, "OBJECTID": 934, "beginyear": 1923, "endyear": 2013, "RAIL_ID": "<none>", "comment": "\uc7a5\ud56d\uc120", "interval_i": "\uc624\uac00-\uc0bd\uad50", "rail_nm_kr": "\ucda9\ub0a8\uc120", "rail_nm_ch": "\uc7a5\ud56d\uc120", "rail_nm__1": 1955, "rail_type": "\uad11\uada4", "rail_type_": 0, "org_type": "\uc0ac\ucca0", "org_type_c": 1946, "org_nm_kr": "\uc870\uc120\uacbd\ub0a8\ucca0\ub3c4\uc8fc\uc2dd\ud68c\uc0ac", "Shape_Leng": 0.04496291289, "filter": "\uad6c\uc5ed2:\uacbd\ubd80\uc120\uc758 \uc11c\ub0a8\ubd80 \uc9c0\uc5ed \ucca0\ub3c4", "check_db": "\uae40\uc885\ud601"}, "geometry": {"type": "MultiLineString", "coordinates": [[[126.73658582000007, 36.685459449000064], [126.73830798500012, 36.68564319200004], [126.74315469600003, 36.68550337900007], [126.7480746110001, 36.685279844000036], [126.75709699800007, 36.684835700000065], [126.75843141900009, 36.68474260000005], [126.76355434600009, 36.68409206100006], [126.767132263, 36.68368547500006], [126.77225518800003, 36.68344152100008], [126.77819127700002, 36.68327888500005], [126.78038681700002, 36.68254703000008], [126.78132673300001, 36.68254703000008]]]}}, {"type": "Feature", "properties": {"fid": 592, "OBJECTID": 935, "beginyear": 1923, "endyear": 2013, "RAIL_ID": "<none>", "comment": "\uc7a5\ud56d\uc120", "interval_i": "\uc0bd\uad50-\ud654\uc591", "rail_nm_kr": "\ucda9\ub0a8\uc120", "rail_nm_ch": "\uc7a5\ud56d\uc120", "rail_nm__1": 1955, "rail_type": "\uad11\uada4", "rail_type_": 0, "org_type": "\uc0ac\ucca0", "org_type_c": 1946, "org_nm_kr": "\uc870\uc120\uacbd\ub0a8\ucca0\ub3c4\uc8fc\uc2dd\ud68c\uc0ac", "Shape_Leng": 0.07231185877, "filter": "\uad6c\uc5ed2:\uacbd\ubd80\uc120\uc758 \uc11c\ub0a8\ubd80 \uc9c0\uc5ed \ucca0\ub3c4", "check_db": "\uae40\uc885\ud601"}, "geometry": {"type": "MultiLineString", "coordinates": [[[126.71304256300004, 36.624768792000054], [126.71706459500001, 36.632576345000075], [126.71959604500012, 36.638362577000066], [126.71914400300011, 36.642340611000066], [126.72013850200005, 36.64740356400006], [126.7212234110001, 36.65083913900003], [126.72185627500005, 36.65490758300007], [126.72095218600009, 36.65689660100003], [126.71905360200003, 36.65951848900005], [126.71787828700008, 36.662954064000076], [126.71787828900005, 36.668469067000046], [126.72520141100006, 36.67570185400007], [126.73071721700012, 36.68184884900006], [126.73432444800005, 36.685218176000035], [126.73658582000007, 36.685459449000064]]]}}, {"type": "Feature", "properties": {"fid": 593, "OBJECTID": 936, "beginyear": 1923, "endyear": 2013, "RAIL_ID": "<none>", "comment": "\uc7a5\ud56d\uc120", "interval_i": "\ud654\uc591-\ud64d\uc131", "rail_nm_kr": "\ucda9\ub0a8\uc120", "rail_nm_ch": "\uc7a5\ud56d\uc120", "rail_nm__1": 1955, "rail_type": "\uad11\uada4", "rail_type_": 0, "org_type": "\uc0ac\ucca0", "org_type_c": 1946, "org_nm_kr": "\uc870\uc120\uacbd\ub0a8\ucca0\ub3c4\uc8fc\uc2dd\ud68c\uc0ac", "Shape_Leng": 0.05374942906, "filter": "\uad6c\uc5ed2:\uacbd\ubd80\uc120\uc758 \uc11c\ub0a8\ubd80 \uc9c0\uc5ed \ucca0\ub3c4", "check_db": "\uae40\uc885\ud601"}, "geometry": {"type": "MultiLineString", "coordinates": [[[126.67861067100011, 36.59975755800008], [126.67855039900007, 36.60138494800003], [126.67818876500007, 36.60364519400008], [126.67683263200001, 36.60708077100003], [126.67873122100002, 36.609793066000066], [126.67972571900009, 36.61232454300006], [126.68388452700003, 36.61359027900005], [126.68876660700005, 36.613409458000035], [126.6925637810001, 36.61304781800004], [126.69627054300008, 36.61196289800006], [126.69916362700008, 36.61196289800006], [126.70214712100005, 36.612053306000064], [126.7032320290001, 36.61277658500006], [126.7062155220001, 36.614313552000056], [126.7109167860001, 36.61964773400007], [126.71245373700003, 36.62362576900006], [126.71304256300004, 36.624768792000054]]]}}, {"type": "Feature", "properties": {"fid": 594, "OBJECTID": 937, "beginyear": 1923, "endyear": 2013, "RAIL_ID": "<none>", "comment": "\uc7a5\ud56d\uc120", "interval_i": "\ud64d\uc131-\uc2e0\uace1", "rail_nm_kr": "\ucda9\ub0a8\uc120", "rail_nm_ch": "\uc7a5\ud56d\uc120", "rail_nm__1": 1955, "rail_type": "\uad11\uada4", "rail_type_": 0, "org_type": "\uc0ac\ucca0", "org_type_c": 1946, "org_nm_kr": "\uc870\uc120\uacbd\ub0a8\ucca0\ub3c4\uc8fc\uc2dd\ud68c\uc0ac", "Shape_Leng": 0.085467155, "filter": "\uad6c\uc5ed2:\uacbd\ubd80\uc120\uc758 \uc11c\ub0a8\ubd80 \uc9c0\uc5ed \ucca0\ub3c4", "check_db": "\uae40\uc885\ud601"}, "geometry": {"type": "MultiLineString", "coordinates": [[[126.63479246400004, 36.53359059500008], [126.63479246500003, 36.535837798000045], [126.63623900800008, 36.53737476600003], [126.63768555000001, 36.53945419300004], [126.63913209400005, 36.54117197900007], [126.6401265930001, 36.543613046000075], [126.64094027400006, 36.54496919400003], [126.64220599900011, 36.54614452200008], [126.64347172400005, 36.54750067100008], [126.64419499500002, 36.54876640800006], [126.64500867600009, 36.54994173600005], [126.64735930800009, 36.55174993300005], [126.6491674880001, 36.55364854000004], [126.65016198500007, 36.55491427700008], [126.65160853000009, 36.557536164000055], [126.65314548100002, 36.56088132900004], [126.65549611400002, 36.56277993600003], [126.65956451600005, 36.56666755900005], [126.66372332600008, 36.56910862500007], [126.66544109600011, 36.57037436200005], [126.66670682100005, 36.57299624900003], [126.66670682200004, 36.57507567600004], [126.66914786300003, 36.57670305200003], [126.67122726800005, 36.57778797200007], [126.67330667300007, 36.57959616800008], [126.67375871800004, 36.58077149700006], [126.67375871800004, 36.58330297300006], [126.67330667600004, 36.584478302000036], [126.67773671200007, 36.58764264600006], [126.67891202800001, 36.58954125400004], [126.67963530100008, 36.59153027000008], [126.67909285000007, 36.596231584000066], [126.67864080600009, 36.598943881000025], [126.67861067100011, 36.59975755800008]]]}}, {"type": "Feature", "properties": {"fid": 595, "OBJECTID": 938, "beginyear": 1923, "endyear": 2013, "RAIL_ID": "<none>", "comment": "\uc7a5\ud56d\uc120", "interval_i": "\uc2e0\uace1-\uad11\ucc9c", "rail_nm_kr": "\ucda9\ub0a8\uc120", "rail_nm_ch": "\uc7a5\ud56d\uc120", "rail_nm__1": 1955, "rail_type": "\uad11\uada4", "rail_type_": 0, "org_type": "\uc0ac\ucca0", "org_type_c": 1946, "org_nm_kr": "\uc870\uc120\uacbd\ub0a8\ucca0\ub3c4\uc8fc\uc2dd\ud68c\uc0ac", "Shape_Leng": 0.0367501803, "filter": "\uad6c\uc5ed2:\uacbd\ubd80\uc120\uc758 \uc11c\ub0a8\ubd80 \uc9c0\uc5ed \ucca0\ub3c4", "check_db": "\uae40\uc885\ud601"}, "geometry": {"type": "MultiLineString", "coordinates": [[[126.62262453500011, 36.50223698800005], [126.62240642900008, 36.50310942500005], [126.62086947900002, 36.50681623000003], [126.62077907200012, 36.509347707000074], [126.62077907300011, 36.51124631400006], [126.62240643400003, 36.512783281000054], [126.62340093300008, 36.51441066000007], [126.62439543300002, 36.51992566200005], [126.62611320400003, 36.522637958000075], [126.62801179100006, 36.52471738400004], [126.6296391520001, 36.52625435200008], [126.63081447000002, 36.529057058000035], [126.63153774200009, 36.53068443600006], [126.6337979650001, 36.53185976300006], [126.63479246400004, 36.53339673100004], [126.63479246400004, 36.53359059500008]]]}}, {"type": "Feature", "properties": {"fid": 596, "OBJECTID": 939, "beginyear": 1929, "endyear": 2013, "RAIL_ID": "<none>", "comment": "\uc7a5\ud56d\uc120", "interval_i": "\uad11\ucc9c-\uc8fd\ub9bc", "rail_nm_kr": "\ucda9\ub0a8\uc120", "rail_nm_ch": "\uc7a5\ud56d\uc120", "rail_nm__1": 1955, "rail_type": "\uad11\uada4", "rail_type_": 0, "org_type": "\uc0ac\ucca0", "org_type_c": 1946, "org_nm_kr": "\uc870\uc120\uacbd\ub0a8\ucca0\ub3c4\uc8fc\uc2dd\ud68c\uc0ac", "Shape_Leng": 0.03807278492, "filter": "\uad6c\uc5ed2:\uacbd\ubd80\uc120\uc758 \uc11c\ub0a8\ubd80 \uc9c0\uc5ed \ucca0\ub3c4", "check_db": "\uae40\uc885\ud601"}, "geometry": {"type": "MultiLineString", "coordinates": [[[126.61756699600005, 36.467255590000036], [126.61743392000005, 36.46929612900004], [126.6185188290001, 36.47345498400006], [126.6202366010001, 36.47743301700007], [126.62105028200006, 36.48005490300005], [126.61987496800009, 36.48249597100005], [126.61860924500002, 36.484484990000055], [126.6191516990001, 36.48656441600008], [126.62032701500004, 36.487739745000056], [126.6212311050001, 36.488463023000065], [126.6213215140001, 36.48972876300007], [126.62132151600008, 36.491175320000025], [126.62186397000005, 36.492712288000064], [126.62249683300001, 36.49415884600006], [126.62385296700006, 36.49578622300004], [126.62322010700007, 36.49985466800007], [126.62262453500011, 36.50223698800005]]]}}, {"type": "Feature", "properties": {"fid": 597, "OBJECTID": 940, "beginyear": 1929, "endyear": 2013, "RAIL_ID": "<none>", "comment": "\uc7a5\ud56d\uc120", "interval_i": "\uc8fd\ub9bc-\uc9c4\uc8fd", "rail_nm_kr": "\ucda9\ub0a8\uc120", "rail_nm_ch": "\uc7a5\ud56d\uc120", "rail_nm__1": 1955, "rail_type": "\uad11\uada4", "rail_type_": 0, "org_type": "\uc0ac\ucca0", "org_type_c": 1946, "org_nm_kr": "\uc870\uc120\uacbd\ub0a8\ucca0\ub3c4\uc8fc\uc2dd\ud68c\uc0ac", "Shape_Leng": 0.03859877375, "filter": "\uad6c\uc5ed2:\uacbd\ubd80\uc120\uc758 \uc11c\ub0a8\ubd80 \uc9c0\uc5ed \ucca0\ub3c4", "check_db": "\uae40\uc885\ud601"}, "geometry": {"type": "MultiLineString", "coordinates": [[[126.59109263800008, 36.44562233200003], [126.59211941700005, 36.44777858500004], [126.5935659590001, 36.449315554000066], [126.59691108900006, 36.45040047100008], [126.6009794900001, 36.45112374800004], [126.60649443500006, 36.45257030400006], [126.61002038200002, 36.453564811000035], [126.61246142300001, 36.45446891000006], [126.61399837400006, 36.45564423800005], [126.61580655400007, 36.45889899200006], [126.6173435070001, 36.46143047000004], [126.61770514400007, 36.463329077000026], [126.61768829700009, 36.465395613000055], [126.61756699600005, 36.467255590000036]]]}}, {"type": "Feature", "properties": {"fid": 598, "OBJECTID": 941, "beginyear": 1929, "endyear": 2013, "RAIL_ID": "<none>", "comment": "\uc7a5\ud56d\uc120", "interval_i": "\uc9c4\uc8fd-\uc8fc\ud3ec", "rail_nm_kr": "\ucda9\ub0a8\uc120", "rail_nm_ch": "\uc7a5\ud56d\uc120", "rail_nm__1": 1955, "rail_type": "\uad11\uada4", "rail_type_": 0, "org_type": "\uc0ac\ucca0", "org_type_c": 1946, "org_nm_kr": "\uc870\uc120\uacbd\ub0a8\ucca0\ub3c4\uc8fc\uc2dd\ud68c\uc0ac", "Shape_Leng": 0.0460894873, "filter": "\uad6c\uc5ed2:\uacbd\ubd80\uc120\uc758 \uc11c\ub0a8\ubd80 \uc9c0\uc5ed \ucca0\ub3c4", "check_db": "\uae40\uc885\ud601"}, "geometry": {"type": "MultiLineString", "coordinates": [[[126.56888430200001, 36.40655168500007], [126.57005962000005, 36.40890234300008], [126.57557456900008, 36.41767209900007], [126.57855806500004, 36.42372956000003], [126.57946215600009, 36.42689390700008], [126.57982379400005, 36.428973333000044], [126.57982379600003, 36.43141440100004], [126.58154156500007, 36.43331300800003], [126.58732773800011, 36.438014320000036], [126.58850305500005, 36.44018415600004], [126.59109263800008, 36.44562233200003]]]}}, {"type": "Feature", "properties": {"fid": 599, "OBJECTID": 942, "beginyear": 1929, "endyear": 2013, "RAIL_ID": "<none>", "comment": "\uc7a5\ud56d\uc120", "interval_i": "\uc8fc\ud3ec-\ub300\ucc9c", "rail_nm_kr": "\ucda9\ub0a8\uc120", "rail_nm_ch": "\uc7a5\ud56d\uc120", "rail_nm__1": 1955, "rail_type": "\uad11\uada4", "rail_type_": 0, "org_type": "\uc0ac\ucca0", "org_type_c": 1946, "org_nm_kr": "\uc870\uc120\uacbd\ub0a8\ucca0\ub3c4\uc8fc\uc2dd\ud68c\uc0ac", "Shape_Leng": 0.07050753646, "filter": "\uad6c\uc5ed2:\uacbd\ubd80\uc120\uc758 \uc11c\ub0a8\ubd80 \uc9c0\uc5ed \ucca0\ub3c4", "check_db": "\uae40\uc885\ud601"}, "geometry": {"type": "MultiLineString", "coordinates": [[[126.58985913600009, 36.35149205500005], [126.58777973200006, 36.35330025300004], [126.583711332, 36.35429476300004], [126.58226479000007, 36.35601255200004], [126.58199356500006, 36.35890566900008], [126.58262643100011, 36.36360698200008], [126.58289765900008, 36.36713296800008], [126.58289766100006, 36.36975485500005], [126.5815415290001, 36.37255756300004], [126.58289766500002, 36.37716846500007], [126.58353052900009, 36.38024240200008], [126.58307848600009, 36.382141010000055], [126.58154153500004, 36.38394920800005], [126.57919090500002, 36.38503412700004], [126.57629781900005, 36.385214948000055], [126.57412800600002, 36.385757409000064], [126.57250064700008, 36.38657109900004], [126.57078287800005, 36.38747519800006], [126.56996919700009, 36.38837929700003], [126.5683206980001, 36.39041264900004], [126.56707611600007, 36.39235733400005], [126.56734734300005, 36.39479840100006], [126.5684322520001, 36.396968238000056], [126.56879389000005, 36.398957256000074], [126.56888429900005, 36.40185037100008], [126.56888430100003, 36.40456266900003], [126.56888430200001, 36.40655168500007]]]}}, {"type": "Feature", "properties": {"fid": 600, "OBJECTID": 943, "beginyear": 1929, "endyear": 2013, "RAIL_ID": "<none>", "comment": "\uc7a5\ud56d\uc120", "interval_i": "\ub300\ucc9c-\ub0a8\ud3ec", "rail_nm_kr": "\ucda9\ub0a8\uc120", "rail_nm_ch": "\uc7a5\ud56d\uc120", "rail_nm__1": 1955, "rail_type": "\uad11\uada4", "rail_type_": 0, "org_type": "\uc0ac\ucca0", "org_type_c": 1946, "org_nm_kr": "\uc870\uc120\uacbd\ub0a8\ucca0\ub3c4\uc8fc\uc2dd\ud68c\uc0ac", "Shape_Leng": 0.04093473649, "filter": "\uad6c\uc5ed2:\uacbd\ubd80\uc120\uc758 \uc11c\ub0a8\ubd80 \uc9c0\uc5ed \ucca0\ub3c4", "check_db": "\uae40\uc885\ud601"}, "geometry": {"type": "MultiLineString", "coordinates": [[[126.59483160500008, 36.31587055400007], [126.59500406100005, 36.317552284000044], [126.59582610500001, 36.31867326100007], [126.59691101300007, 36.320210229000054], [126.59745346900002, 36.32427867400003], [126.59799592500008, 36.330516956000054], [126.59826715500003, 36.33476622100005], [126.59953288200006, 36.33802097700004], [126.59953288300005, 36.34055245300004], [126.59862879600007, 36.34299352100004], [126.59682062000002, 36.34688114700003], [126.59184813000002, 36.349503035000055], [126.58985913600009, 36.35149205500005]]]}}, {"type": "Feature", "properties": {"fid": 601, "OBJECTID": 948, "beginyear": 1930, "endyear": 2013, "RAIL_ID": "<none>", "comment": "\uc7a5\ud56d\uc120", "interval_i": "\ud310\uad50-\uc11c\ucc9c", "rail_nm_kr": "\ucda9\ub0a8\uc120", "rail_nm_ch": "\uc7a5\ud56d\uc120", "rail_nm__1": 1955, "rail_type": "\uad11\uada4", "rail_type_": 0, "org_type": "\uc0ac\ucca0", "org_type_c": 1946, "org_nm_kr": "\uc870\uc120\uacbd\ub0a8\ucca0\ub3c4\uc8fc\uc2dd\ud68c\uc0ac", "Shape_Leng": 0.10837092839, "filter": "\uad6c\uc5ed2:\uacbd\ubd80\uc120\uc758 \uc11c\ub0a8\ubd80 \uc9c0\uc5ed \ucca0\ub3c4", "check_db": "\uae40\uc885\ud601"}, "geometry": {"type": "MultiLineString", "coordinates": [[[126.70097157300006, 36.07718838900007], [126.70223729800011, 36.07971986600006], [126.70449752400009, 36.084782820000044], [126.70522079700004, 36.087314296000045], [126.70467834400006, 36.089122495000026], [126.70214689400007, 36.09201561300006], [126.70024830800003, 36.094004631000075], [126.69816890200002, 36.09581282900007], [126.6965415410001, 36.096988159000034], [126.69455254500008, 36.097078569000075], [126.69319641100003, 36.09762102900004], [126.69220191400007, 36.09897717800004], [126.69111700700012, 36.10322644300004], [126.6910266000001, 36.105667511000036], [126.69003210200003, 36.10810857900003], [126.68759106200002, 36.11036882700006], [126.68668697400005, 36.112267435000035], [126.68722942900001, 36.11597424000007], [126.68731983900011, 36.118596127000046], [126.6871390230001, 36.12004268600003], [126.68596370600005, 36.12176047500003], [126.68542125400006, 36.12402072200007], [126.68569248200004, 36.12700424900004], [126.68605411800002, 36.128722038000035], [126.68542125800002, 36.131253515000026], [126.6835226710001, 36.13324253300004], [126.68153367500008, 36.13450827200006], [126.68008713200004, 36.136135651000075], [126.68071999500012, 36.138124669000035], [126.68343226500008, 36.14020409600005], [126.68496921700012, 36.14174106300004], [126.68822394000006, 36.143368441000064], [126.69120743600001, 36.14481499800007], [126.69328684200002, 36.146080736000044], [126.69428134100008, 36.14770811400007], [126.69428134200007, 36.14978754200007], [126.6934676620001, 36.152138200000024], [126.69229234600004, 36.153132708000044], [126.68939926100006, 36.15331353000005], [126.68815969400009, 36.15347245000004], [126.68587331200001, 36.15376558000003], [126.68225695500007, 36.15385599100006], [126.68019936700011, 36.15374769600004]]]}}, {"type": "Feature", "properties": {"fid": 602, "OBJECTID": 949, "beginyear": 1930, "endyear": 2013, "RAIL_ID": "<none>", "comment": "\uc7a5\ud56d\uc120", "interval_i": "\uc11c\ucc9c-\uc0bc\uc0b0\ub9ac", "rail_nm_kr": "\ucda9\ub0a8\uc120", "rail_nm_ch": "\uc7a5\ud56d\uc120", "rail_nm__1": 1955, "rail_type": "\uad11\uada4", "rail_type_": 0, "org_type": "\uc0ac\ucca0", "org_type_c": 1946, "org_nm_kr": "\uc870\uc120\uacbd\ub0a8\ucca0\ub3c4\uc8fc\uc2dd\ud68c\uc0ac", "Shape_Leng": 0.01614429225, "filter": "\uad6c\uc5ed2:\uacbd\ubd80\uc120\uc758 \uc11c\ub0a8\ubd80 \uc9c0\uc5ed \ucca0\ub3c4", "check_db": "\uae40\uc885\ud601"}, "geometry": {"type": "MultiLineString", "coordinates": [[[126.71134624400008, 36.066367366000065], [126.71127818900004, 36.06661042700006], [126.70974123700012, 36.06905149500005], [126.7053112000001, 36.07122133300004], [126.70223729600002, 36.07339117200007], [126.70088116200009, 36.07492814100004], [126.70097157300006, 36.07718838900007]]]}}, {"type": "Feature", "properties": {"fid": 603, "OBJECTID": 950, "beginyear": 1930, "endyear": 2013, "RAIL_ID": "<none>", "comment": "\uc7a5\ud56d\uc120", "interval_i": "\uc7a5\ud56d-\uc7a5\ud56d\uc794\uad50", "rail_nm_kr": "\ucda9\ub0a8\uc120", "rail_nm_ch": "\uc7a5\ud56d\uc120", "rail_nm__1": 1955, "rail_type": "\uad11\uada4", "rail_type_": 0, "org_type": "\uc0ac\ucca0", "org_type_c": 1946, "org_nm_kr": "\uc870\uc120\uacbd\ub0a8\ucca0\ub3c4\uc8fc\uc2dd\ud68c\uc0ac", "Shape_Leng": 0.03231071502, "filter": "\uad6c\uc5ed2:\uacbd\ubd80\uc120\uc758 \uc11c\ub0a8\ubd80 \uc9c0\uc5ed \ucca0\ub3c4", "check_db": "\uae40\uc885\ud601"}, "geometry": {"type": "MultiLineString", "coordinates": [[[126.67366803700008, 36.00802482000006], [126.67610908000006, 36.00974260700008], [126.68099116300004, 36.00929055600005], [126.6865061090001, 36.00883850500003], [126.6909361480001, 36.008476864000045], [126.69337719000009, 36.008657683000024], [126.69464291600002, 36.00992342100005], [126.69509496300009, 36.014986376000024], [126.69627028200011, 36.01887400100003], [126.69616794700005, 36.01993147100006]]]}}, {"type": "Feature", "properties": {"fid": 604, "OBJECTID": 951, "beginyear": 1922, "endyear": 2013, "RAIL_ID": "<none>", "comment": "\uc7a5\ud56d\uc120", "interval_i": "\ub3c4\uace0\uc628\ucc9c-\uc120\uc7a5", "rail_nm_kr": "\ucda9\ub0a8\uc120", "rail_nm_ch": "\uc7a5\ud56d\uc120", "rail_nm__1": 1955, "rail_type": "\uad11\uada4", "rail_type_": 0, "org_type": "\uc0ac\ucca0", "org_type_c": 1946, "org_nm_kr": "\uc870\uc120\uacbd\ub0a8\ucca0\ub3c4\uc8fc\uc2dd\ud68c\uc0ac", "Shape_Leng": 0.03116777269, "filter": "\uad6c\uc5ed2:\uacbd\ubd80\uc120\uc758 \uc11c\ub0a8\ubd80 \uc9c0\uc5ed \ucca0\ub3c4", "check_db": "\uae40\uc885\ud601"}, "geometry": {"type": "MultiLineString", "coordinates": [[[126.86673325900006, 36.76116133800008], [126.86625683400007, 36.762888403000034], [126.86601734400006, 36.76420562000004], [126.86595758400006, 36.765760519000025], [126.86713289900001, 36.766935846000024], [126.86862347600004, 36.767255189000025], [126.87158384500003, 36.767376830000046], [126.873819249, 36.76711689500007], [126.87577069100007, 36.76680326600007], [126.87837296100008, 36.766385040000046], [126.8805826580001, 36.766816205000055], [126.88170692900007, 36.76703557700006], [126.88268699500009, 36.76755444100007], [126.88585405900005, 36.769231140000045], [126.88737416000004, 36.76994052900005], [126.89062168800001, 36.77171879300005]]]}}, {"type": "Feature", "properties": {"fid": 605, "OBJECTID": 953, "beginyear": 1919, "endyear": -9999, "RAIL_ID": "<none>", "comment": "\ub3c4\ubb38\uc11c\ubd80\uc120(1929), \ud568\uacbd\uc120(1940)", "interval_i": "\uace0\ub839\uc9c4-\ud559\ud3ec", "rail_nm_kr": "\ud568\uacbd\ubcf8\uc120", "rail_nm_ch": "\ud568\ubd81\uc120", "rail_nm__1": 0, "rail_type": "\ud611\uada4", "rail_type_": 0, "org_type": "\uad6d\ucca0", "org_type_c": 1929, "org_nm_kr": "-", "Shape_Leng": 0.08330272855, "filter": "\uad6c\uc5ed5:\uacbd\uc6d0\uc120 \ubc0f \uad00\ub828 \uc9c0\uc120", "check_db": "\uae40\uc885\ud601"}, "geometry": {"type": "MultiLineString", "coordinates": [[[129.7478367860001, 42.527006604000064], [129.7464294230001, 42.532282843000075], [129.74558196500004, 42.537367509000035], [129.7457938010001, 42.54068666900008], [129.74431077600002, 42.54464140700003], [129.74247466300005, 42.54767807800005], [129.74085040700004, 42.55050288900003], [129.74042668200002, 42.552127158000076], [129.73929676000012, 42.55502259100007], [129.7390142690001, 42.557211823000046], [129.7376724940001, 42.559330431000035], [129.73484770700009, 42.56342640500003], [129.73378839300005, 42.56787548700004], [129.73371776200008, 42.56992347800008], [129.7376017790001, 42.57514940200008], [129.74148580500002, 42.57917477700005], [129.74480489400003, 42.58030471500007], [129.7501013100001, 42.582847067000046], [129.75250234400005, 42.585177550000026], [129.75681009100003, 42.58786113900004], [129.75779873800002, 42.59103906000007], [129.75723376200006, 42.59499380200003]]]}}, {"type": "Feature", "properties": {"fid": 607, "OBJECTID": 961, "beginyear": 1904, "endyear": 2013, "RAIL_ID": "\ub9c8\uc0b0-\uc0bc\ub791\uc9c4", "comment": "\uacbd\uc804\ub0a8\ubd80\uc120(1931), \uc9c4\uc8fc\uc120(1956)", "interval_i": "\ub9c8\uc0b0-\uc0bc\ub791\uc9c4", "rail_nm_kr": "\ub9c8\uc0b0\uc120", "rail_nm_ch": "\uacbd\uc804\uc120", "rail_nm__1": 1968, "rail_type": "\uad11\uada4", "rail_type_": 0, "org_type": "\uc0ac\ucca0", "org_type_c": 1904, "org_nm_kr": "\uacbd\ubd80\ucca0\ub3c4\uc8fc\uc2dd\ud68c\uc0ac", "Shape_Leng": 0.41776658125, "filter": "\uad6c\uc5ed2:\uacbd\ubd80\uc120\uc758 \uc11c\ub0a8\ubd80 \uc9c0\uc5ed \ucca0\ub3c4", "check_db": "\uae40\uc885\ud601"}, "geometry": {"type": "MultiLineString", "coordinates": [[[128.56299808000006, 35.18953784200005], [128.56578171900003, 35.193249413000046], [128.5681371080001, 35.19560483300006], [128.5688508600001, 35.19753199400003], [128.56820847300003, 35.200458420000075], [128.568137094, 35.202314202000025], [128.56935047600007, 35.203527601000076], [128.57234824600005, 35.20581164600003], [128.5732761260001, 35.20738192600004], [128.57470362800007, 35.211664504000055], [128.57563150400006, 35.21423405100006], [128.5748463660001, 35.21744598200007], [128.5727764610001, 35.22401259600008], [128.5724195790001, 35.226296637000075], [128.573847085, 35.22850930300007], [128.57729882700005, 35.232861558000025], [128.58041362100005, 35.23678896000007], [128.58605227600003, 35.24364109000004], [128.5872656580001, 35.24542549900008], [128.58897866900008, 35.24656752100003], [128.59283294600004, 35.24849468600007], [128.5968299750001, 35.25056460400003], [128.60132662800004, 35.253562413000054], [128.6056058680001, 35.25737366200008], [128.60589465600003, 35.257630868000035], [128.61024855800008, 35.26169932200003], [128.61374595400002, 35.26469713100005], [128.6164582230001, 35.26619603600005], [128.6187422370001, 35.26769494000007], [128.62131175700006, 35.26840870800004], [128.62331027200003, 35.26890834300008], [128.62552291500003, 35.26876559400006], [128.62766417800003, 35.27026449900006], [128.6293771920001, 35.270335878000026], [128.63323147300002, 35.270335884000076], [128.63501586100006, 35.27047863900003], [128.63622924600008, 35.270621393000056], [128.63701437800012, 35.27005038400006], [128.638941519, 35.270550021000076], [128.64058315600005, 35.27033589400003], [128.64243892000002, 35.27076415500005], [128.6445801870001, 35.27069278100004], [128.64736383600007, 35.269979023000076], [128.650076108, 35.26997902700003], [128.65250287800006, 35.26976490100003], [128.65471552200006, 35.26940802300004], [128.65685678700004, 35.270121790000076], [128.66230231800012, 35.272132929000065], [128.664065713, 35.27276272200004], [128.6671348640001, 35.272619974000065], [128.675842675, 35.275974672000075], [128.68298022700003, 35.27868698100008], [128.6869772540001, 35.28040001800008], [128.68833338800005, 35.281399288000046], [128.69004639800005, 35.28332644900007], [128.6947571820001, 35.28496811100007], [128.69592915500004, 35.28573723000005], [128.6970411960001, 35.286467016000074], [128.70011034100003, 35.28882243800007], [128.70310810500007, 35.29267676000006], [128.7086040050001, 35.301384675000065], [128.71060251300003, 35.30438248000007], [128.71252965200006, 35.305167623000045], [128.715241923, 35.305524508000076], [128.72130884800004, 35.30481075500006], [128.72751852300007, 35.30452525900006], [128.7316288500001, 35.30411422900005], [128.73322857100004, 35.30395425800003], [128.73666624800012, 35.30369705900006], [128.74179364000008, 35.30309775600006], [128.74793193900007, 35.302669509000054], [128.7538561120001, 35.30274089300008], [128.75685388500006, 35.30288365100006], [128.75899515100002, 35.30338328800008], [128.76085091400012, 35.30431118300004], [128.76584720100004, 35.30502495400003], [128.7713431190001, 35.305738725000026], [128.7746977690001, 35.30645249300005], [128.7788375460001, 35.308807916000035], [128.783905204, 35.31216260900004], [128.7880449800001, 35.31473216200004], [128.79154238400008, 35.31480354300004], [128.7963959210001, 35.31487492800005], [128.79882269000007, 35.315017684000054], [128.80167770600008, 35.31787273900005], [128.8023914580001, 35.31972852400003], [128.8027483310001, 35.32172706000006], [128.80560332700009, 35.332576258000074], [128.8068871360001, 35.33686856600008], [128.8084573850001, 35.34236454200004], [128.809670761, 35.34564785200007], [128.80959937800003, 35.34907391300004], [128.80988487500008, 35.35100107300008], [128.81059862600011, 35.35299961000004], [128.810812746, 35.35521227400005], [128.8111696190001, 35.35749631500005], [128.81245437400003, 35.359352100000024], [128.81281124800012, 35.36077962600007], [128.81188336200012, 35.36313504100008], [128.811383728, 35.36527632900004], [128.812739856, 35.36834551100003], [128.81402461100004, 35.37077230600005], [128.81543452300002, 35.37249486600007], [128.81673687400007, 35.37362736100005], [128.81866401000002, 35.37512626600005], [128.8206625240001, 35.37662517100006], [128.8215904000001, 35.37826682700006], [128.82159039500004, 35.38062224300006], [128.821909505, 35.382664598000076]], [[128.821909505, 35.382664598000076], [128.82194726800003, 35.38290628500005], [128.82344615300008, 35.38362005000005], [128.82437403400002, 35.384048309000036], [128.8251591600001, 35.38618959900003], [128.8273004230001, 35.38775988000003], [128.82879930800004, 35.38854502100003], [128.82972266800004, 35.38905287700004]], [[128.821909505, 35.382664598000076], [128.82180451200009, 35.38490482000003], [128.82330339500004, 35.386118219000025], [128.82530190900002, 35.38718886700008], [128.82972266800004, 35.38905287700004]], [[128.82972266800004, 35.38905287700004], [128.83165432600003, 35.39011530400006], [128.83379558900003, 35.39140008100003], [128.83465209200006, 35.39311311100005], [128.83508033900011, 35.39582541100003], [128.83557996500008, 35.39703880800005], [128.83779260400001, 35.398394962000054], [128.83900536300007, 35.39891956300005], [128.84086175100003, 35.398965976000056], [128.84321714400005, 35.399251486000026]]]}}, {"type": "Feature", "properties": {"fid": 608, "OBJECTID": 962, "beginyear": 1904, "endyear": 2013, "RAIL_ID": "<none>", "comment": "-", "interval_i": "\ud3c9\ud0dd-\uc11c\uc815\ub9ac", "rail_nm_kr": "\uacbd\ubd80\ubcf8\uc120", "rail_nm_ch": "\uacbd\ubd80\ubcf8\uc120", "rail_nm__1": 0, "rail_type": "\uad11\uada4", "rail_type_": 0, "org_type": "\uc0ac\ucca0", "org_type_c": 1906, "org_nm_kr": "\uacbd\ubd80\ucca0\ub3c4\uc8fc\uc2dd\ud68c\uc0ac", "Shape_Leng": 4.48282678428, "filter": "\uad6c\uc5ed1:\uacbd\uc778\uc120\uacfc \uacbd\ubd80\uc120", "check_db": "\uae40\uc885\ud601"}, "geometry": {"type": "MultiLineString", "coordinates": [[[129.04303739600005, 35.121390106000035], [129.04386555600001, 35.12346191000006], [129.04840130000002, 35.12772085000006], [129.05360257400002, 35.131647315000066], [129.05555112000002, 35.13452378300008], [129.0570357260001, 35.13684351400008], [129.05768523200004, 35.14120460600003], [129.05768522200003, 35.14482338300007], [129.05716630100005, 35.146157756000036], [129.05703570100002, 35.146493587000066], [129.05629595300002, 35.147242971000026], [129.054715987, 35.14890610100008], [129.04664338700002, 35.156885954000074], [129.04497319600011, 35.15781384200005], [129.04079772500006, 35.157628256000066], [129.03374581800006, 35.15688593100003], [129.02808573900006, 35.15567966200007], [129.0198275880001, 35.15419502000003], [129.0152809650001, 35.15308154100006], [129.0110127060001, 35.152895957000055], [129.00748675300008, 35.15289595000007], [129.0035896490001, 35.151689684000075], [128.99904302200002, 35.152431989000036], [128.99496033200012, 35.15465892100008], [128.99115600800008, 35.157071433000056], [128.9897641770001, 35.159576738000055], [128.9891479700001, 35.16155740200003], [128.98846513, 35.16375224700005], [128.98707329600006, 35.16783496800008], [128.98781559000008, 35.17201048100003], [128.98800115300003, 35.177206675000036], [128.98772277700004, 35.18128939800005], [128.98818671000004, 35.184722598000064], [128.98911458300006, 35.18834137600004], [128.9897640920001, 35.191867365000064], [128.990784748, 35.19743471600003], [128.99171262100003, 35.20058954900003], [128.99542414500002, 35.20365159800008], [128.997372691, 35.20624969800008], [129.0001563300001, 35.20884780000006], [129.0024760330001, 35.21061079800006], [129.00377505500012, 35.21571420400005], [129.0050740800001, 35.21933298300007], [129.00565959800008, 35.22269899100007], [129.00628031500003, 35.22425081000006], [129.00860001500007, 35.22629217600007], [129.01184759700004, 35.22916864600006], [129.012589896, 35.23176674300004], [129.01305382600003, 35.23566388900008], [129.01323939100007, 35.23993219000005], [129.01323938500002, 35.242066342000044], [129.01147639200008, 35.248654368000075], [129.01008455700003, 35.25273708800006], [129.0095278230001, 35.25459287100006], [129.01129079100008, 35.25784049500004], [129.01361048400008, 35.262572746000046], [129.01574460200004, 35.26674826200008], [129.01750756900003, 35.27036704200003], [129.01676525000005, 35.27519207700004], [129.01490947000002, 35.281130579000035], [129.01361042200006, 35.28549166700003], [129.01175465300003, 35.287440236000066], [129.0032181140001, 35.294956142000046], [128.99950657700003, 35.298110966000024], [128.99680361800006, 35.29929648700005], [128.99305378500003, 35.30148390000005], [128.9844244630001, 35.30760796800007], [128.98185056300008, 35.309224914000026], [128.97718696700008, 35.312154623000026], [128.9736610000001, 35.31762917700007], [128.97366099200008, 35.32078400900008], [128.97421770800008, 35.325794624000025], [128.9731970260001, 35.33006292300007], [128.970784524, 35.333217750000074], [128.96735135500012, 35.335073528000066], [128.96313446600004, 35.336771388000045], [128.95663928500005, 35.33876991300008], [128.95100061000005, 35.34055430900003], [128.94579019000003, 35.342053202000045], [128.943077914, 35.34348072300003], [128.9407938910001, 35.34533650100008], [128.93893812300007, 35.346692648000044], [128.93715373100008, 35.34804879300003], [128.93601171900002, 35.34904806000003], [128.93486970700008, 35.350404206000064], [128.93365632100006, 35.351046591000056], [128.93230018100007, 35.352259985000046], [128.93122954500006, 35.35361613300006], [128.928731394, 35.35561466400003], [128.92623324200008, 35.35861246300004], [128.92223620200002, 35.36203851600004], [128.92045181000003, 35.363394663000065], [128.91688302400007, 35.36589282600005], [128.9135997420001, 35.36860511900005], [128.91160122500003, 35.36896199600005], [128.9059625530001, 35.369818502000044], [128.89882499400005, 35.37103188700007], [128.88997442100003, 35.37238802100006], [128.883764745, 35.373173149000024], [128.88183760100003, 35.37460067100005], [128.87941082700002, 35.37659920300007], [128.87612754500003, 35.37924011800004], [128.8751282820001, 35.38066764300004], [128.87441452100006, 35.38309443400004], [128.8736293830001, 35.38566397900007], [128.87334387600004, 35.38816214800005], [128.8729156160001, 35.39023205900003], [128.8713453480001, 35.39244472000007], [128.87020333300006, 35.394800135000025], [128.86849031600002, 35.396441786000025], [128.86606354000003, 35.39879719900006], [128.86285163700006, 35.40036747200003], [128.85999661300002, 35.40093847700007], [128.8579918810001, 35.40082178800003], [128.8546372300001, 35.40075040600004], [128.84928406500012, 35.39982250500003], [128.84321714400005, 35.399251486000026], [128.84086175100003, 35.398965976000056], [128.83900536300007, 35.39891956300005], [128.83800672900009, 35.39889459500006], [128.83622233800008, 35.39946560200008], [128.8331531880001, 35.40060761700005], [128.83036953900012, 35.40096449500004], [128.82737176700005, 35.40046485600004], [128.82573012800003, 35.40103586300006], [128.82116209000003, 35.40189237000004], [128.81916357400007, 35.40189236700007], [128.81716505500003, 35.40324851300005], [128.8150951570001, 35.40617493700006], [128.81224013000008, 35.40817346700004], [128.81059849100006, 35.408673099000055], [128.80738659200006, 35.40845896500008], [128.80338955900004, 35.408387583000035], [128.80239030000007, 35.409244096000066], [128.79982077500006, 35.41138538000007], [128.7978936280001, 35.41359804100006], [128.79732261900006, 35.41638171400007], [128.79725123700007, 35.418879884000035], [128.797393983, 35.420450161000076], [128.79767948100005, 35.42244869800004], [128.79760810000005, 35.42458998500007], [128.79832185200007, 35.42608888800004], [128.7997493580001, 35.428230179000025], [128.80067723700006, 35.43015733900006], [128.80080708200012, 35.43180161200007], [128.80060584500006, 35.43629569800004], [128.79989208400002, 35.43865111400004], [128.79525265900008, 35.44450395900003], [128.79025635300002, 35.451498825000044], [128.78604518300006, 35.456780663000075], [128.785616924, 35.459064702000035], [128.78597379400003, 35.46241938800006], [128.78540278200012, 35.465345813000056], [128.78411801700008, 35.46727297100006], [128.78019235500005, 35.47019939100005], [128.776980449, 35.47219792200008], [128.773268916, 35.473910946000046], [128.768843628, 35.476052227000025], [128.76834193800005, 35.47635085400003], [128.76584585000012, 35.477836628000034], [128.76441833400008, 35.48026341800005], [128.7642042000001, 35.48318984500003], [128.7649893240001, 35.48633040300007], [128.76563170000009, 35.48825756300005], [128.76684508000005, 35.48982784300006], [128.76870084200004, 35.49018472800003], [128.77134174000003, 35.489542345000075], [128.77355438300003, 35.489399596000055], [128.77476776700007, 35.48947097400003], [128.77644046800003, 35.49085833200007], [128.7779082820001, 35.492754287000025], [128.7791216610001, 35.49482420100003], [128.77976403500008, 35.49789338100004], [128.7796926520001, 35.50110531200005], [128.77890751400003, 35.503817610000056], [128.77698036700008, 35.50660128100003], [128.77598110600002, 35.508242933000076], [128.77334020800004, 35.50931357300004], [128.7691290460001, 35.511169349000056], [128.76698777100012, 35.514452654000024], [128.76634538500002, 35.517307704000075], [128.76641675100007, 35.52123339700006], [128.76670224400004, 35.52465945900008], [128.7669877410001, 35.52722900500004], [128.765274717, 35.53136882600006], [128.76356169300004, 35.53615103200008], [128.7612776630001, 35.541575625000064], [128.7593505110001, 35.54650058400006], [128.75863675100004, 35.54849911900004], [128.75792299300008, 35.54949838400006], [128.75542484100004, 35.55256756000006], [128.75356907200012, 35.555208479000044], [128.752926687, 35.557135637000044], [128.753283559, 35.55941967800004], [128.7540686860001, 35.56098995600007], [128.75556757000004, 35.562203356000055], [128.75820846200008, 35.56341675600004], [128.76191998800005, 35.56463015800006], [128.76463225400005, 35.56612906500004], [128.76677351400008, 35.568627237000044], [128.7689147740001, 35.57162504300004], [128.77062778200002, 35.57405184000004], [128.77234079100003, 35.57540799100008], [128.77548131100002, 35.57712102600004], [128.77790807500003, 35.57869130800003], [128.77905007700008, 35.58140360800007], [128.77833631200008, 35.58504379500005], [128.7759809160001, 35.586471318000065], [128.77148425500002, 35.58768470700005], [128.76762997700007, 35.58725644300006], [128.76398982000012, 35.58868396100007], [128.76191992600002, 35.59053974200003], [128.76142029300001, 35.59196726700003], [128.76349017300004, 35.59639259800008], [128.7664879350001, 35.60081793000006], [128.7678440620001, 35.60410124100008], [128.76770130500006, 35.606956291000074], [128.76641653800004, 35.60909757600007], [128.7652745250001, 35.61138161500003], [128.76327600500008, 35.61345152400003], [128.76199124100003, 35.61516455100008], [128.76191986100002, 35.61744859300006], [128.76213398100003, 35.62023226600007], [128.76199122100002, 35.62337282100003], [128.76092058200004, 35.626013742000055], [128.75956444100007, 35.62865466100004], [128.75842242800002, 35.63029631300003], [128.75678078600004, 35.632294846000036], [128.7544967670001, 35.633008604000054], [128.7519986210001, 35.634079245000066], [128.74857259200007, 35.63572089300004], [128.74621719000004, 35.63943245400003], [128.7455638130001, 35.64048791600004], [128.74436141800004, 35.64243025500008], [128.7429339030001, 35.64478566900004], [128.7427911410001, 35.648639987000024], [128.74379038300003, 35.655349357000034], [128.74393312200004, 35.66105945700008], [128.74407586300003, 35.66462827000004], [128.74257697200005, 35.66684093200007], [128.74050707800006, 35.66805432500007], [128.73658142200009, 35.668982210000024], [128.73386914900004, 35.66991009700007], [128.7258037040001, 35.67433541200006], [128.72380518500006, 35.67626256800003], [128.7227345440001, 35.67933174600006], [128.72187803300005, 35.68182991300006], [128.72002226200004, 35.68418532700008], [128.71659622800007, 35.687754134000045], [128.71531146400002, 35.689681291000056], [128.71481182800005, 35.692464966000045], [128.71431219200008, 35.69624790600005], [128.713384302, 35.69931708300004], [128.7129560420001, 35.70238626200006], [128.71381254200003, 35.70509856000007], [128.71538280000004, 35.70645471200004], [128.7175954390001, 35.70745398400004], [128.72023633000003, 35.70881013500008], [128.7208787080001, 35.710094910000066], [128.72073595100005, 35.712164821000044], [128.72009356600006, 35.71444886000006], [128.71973668400005, 35.71651877100004], [128.7215210590001, 35.721871993000036], [128.72287718300004, 35.72644007500003], [128.72473294200006, 35.728652742000065], [128.72758795800007, 35.730865411000025], [128.730799853, 35.73200743600006], [128.73222736000002, 35.73379184500004], [128.732441482, 35.73571900400003], [128.73187047400006, 35.73743203400005], [128.7321559720001, 35.73907368700003], [128.73408309800004, 35.74435553300003], [128.73543922700003, 35.74713921000006], [128.7360102250001, 35.74956600400003], [128.73501096300004, 35.751350407000075], [128.734654083, 35.75256380400003], [128.73451132500008, 35.75556160600007], [128.73365481000008, 35.75870216000004], [128.7320845470001, 35.75970142500006], [128.72508974200002, 35.76162857300005], [128.7228057220001, 35.76255646100003], [128.7218679980001, 35.763524440000026], [128.7205930760001, 35.76484049700008], [128.71852318000003, 35.767410039000026], [128.71802354600004, 35.76926582100003], [128.71752391300004, 35.77133573200007], [128.7168101530001, 35.77319151300003], [128.71631051400004, 35.777402712000026], [128.71538262600006, 35.77982950300003], [128.71588224900006, 35.782684553000024], [128.71623911900008, 35.785539605000054], [128.71738112200012, 35.78782364700004], [128.72244877800006, 35.79010769400003], [128.72758780800007, 35.79339101100004], [128.73079969900004, 35.796388817000036], [128.73372608800003, 35.79960075400004], [128.7340115840001, 35.801884794000046], [128.7330836960001, 35.80488259500004], [128.73222717900012, 35.809522051000044], [128.72965764800006, 35.81444700800006], [128.72773049900002, 35.81865820400003], [128.7251609650001, 35.82529619200005], [128.7229483110001, 35.830792160000044], [128.72123528400004, 35.836716386000035], [128.71937951200005, 35.840356572000076], [128.71738099100003, 35.84306886600007], [128.71652448100008, 35.844282261000046], [128.71067167800004, 35.84863620300007], [128.7070315210001, 35.85113436600005], [128.70439062600008, 35.851705372000026], [128.69760995000001, 35.852704628000026], [128.6904010190001, 35.85413214300007], [128.68890213500003, 35.853489753000076], [128.6868322470001, 35.853132870000024], [128.68454822900003, 35.85320424200006], [128.68197870900008, 35.85420350600003], [128.6799088150001, 35.85577378000005], [128.67919505700002, 35.85720130400006], [128.67862404700008, 35.859699473000035], [128.6775534100001, 35.86119837100006], [128.67476976300009, 35.86262589300003], [128.6731281220001, 35.864196167000046], [128.6719147330001, 35.86633745300003], [128.66856008000002, 35.86783634900007], [128.66656156400006, 35.869121118000066], [128.66399204000004, 35.871191026000076], [128.66120839200005, 35.872118913000065], [128.65849612400007, 35.87211890800006], [128.65585523000004, 35.87183340000007], [128.65428496700008, 35.87283266500003], [128.65292883000006, 35.87368917800006], [128.6509303150001, 35.873831927000026], [128.64664778300005, 35.87475981100005], [128.64529164400005, 35.876401464000025], [128.6429362450001, 35.87954201500003], [128.64165148200004, 35.88118366600003], [128.64029534700012, 35.88146917000006], [128.6375117010001, 35.88154054200004], [128.63344329900008, 35.88096952600006], [128.6316499720001, 35.88037174100003], [128.62766188700004, 35.87904235800005], [128.62644850200002, 35.879113732000064], [128.623807606, 35.880255748000025], [128.621309461, 35.881255012000054], [128.61931094700003, 35.88139776200006], [128.61381503300004, 35.88075536700006], [128.61110276600004, 35.87975609700004], [128.60817637700006, 35.876758289000065], [128.6066774960001, 35.874759751000056], [128.60503586100003, 35.874045987000045], [128.60053920100006, 35.87504524800005], [128.59486569000012, 35.87627671200005], [128.59133175600005, 35.87704376900007], [128.58098230100006, 35.87904228900004], [128.57470125300006, 35.88075531000004], [128.57084696900006, 35.884109987000045], [128.56934808100004, 35.88468099600004], [128.5678491970001, 35.88418136000007], [128.56556518000002, 35.884181356000056], [128.56128265300003, 35.88282520100006], [128.5562149960001, 35.880826660000025], [128.5535741010001, 35.88089803200006], [128.5469361790001, 35.88125490300007], [128.5393703740001, 35.881326269000056], [128.53423133800004, 35.88175452000007], [128.53187594300005, 35.88268240700006], [128.52987742400012, 35.884823692000055], [128.52523801000007, 35.88753598300008], [128.5221688590001, 35.889034879000064], [128.51617331500006, 35.89046239600003], [128.51410342300005, 35.89089065100006], [128.5107487790001, 35.889248993000024], [128.50825063900004, 35.88782146300008], [128.50625212400007, 35.88803559100006], [128.504396358, 35.889034854000045], [128.50225509000006, 35.890533754000046], [128.50211233700009, 35.891533020000054], [128.50182683000003, 35.89353155500004], [128.5016127010001, 35.894744951000064], [128.50025656200012, 35.89695761200005], [128.49940005200006, 35.89888477100004], [128.49961417400004, 35.901311563000036], [128.49904316800007, 35.90202532400008], [128.49775840600012, 35.90352422500007], [128.49633089100007, 35.90538000500004], [128.49404819200004, 35.908686372000034], [128.49283348100005, 35.91044771400004], [128.4918342200001, 35.912232119000066], [128.48955019400012, 35.91751395800003], [128.48819405300003, 35.92001212500003], [128.4852676480001, 35.92443744700006], [128.48448251500008, 35.92607910000004], [128.48533901500002, 35.929076904000055], [128.48669514300002, 35.93207470800007], [128.4874088910001, 35.93550076900004], [128.48797988600006, 35.939212335000036], [128.48976427000002, 35.94128224800005], [128.49147727700006, 35.943637667000075], [128.49162002600008, 35.94506519200007], [128.49297615500006, 35.947491986000045], [128.49418953300005, 35.949918780000075], [128.4947605330001, 35.95198869200004], [128.49404677300004, 35.95412997900007], [128.4906207470001, 35.95520061800005], [128.48605271500003, 35.95541474000004], [128.4789151640001, 35.95527197700005], [128.47663114700003, 35.95619986600008], [128.47506088000011, 35.95876940900007], [128.47356198500006, 35.96298060500004], [128.47220584900003, 35.96397987100005], [128.4677805650001, 35.96519326200007], [128.46449729200003, 35.96569289000007], [128.46321253500003, 35.964622245000044], [128.46185640200008, 35.96405123300008], [128.45985353000003, 35.96415504500004], [128.4553612320001, 35.963551591000055], [128.45200658600004, 35.96226681400003], [128.44936569000004, 35.963337454000055], [128.44586828400008, 35.96633525100003], [128.44358426400004, 35.968547912000076], [128.43559020200007, 35.971831208000026], [128.4288808990001, 35.974472121000076], [128.424955242, 35.97711303600005], [128.42281397400006, 35.978112302000056], [128.41581917100007, 35.979539817000045], [128.4081819910001, 35.98089595500005], [128.40511284000002, 35.98332274400008], [128.40275744500002, 35.98539265200003], [128.40068755100003, 35.98774806600005], [128.400116539, 35.99095999600007], [128.40008134000004, 35.99264941800004], [128.39997377500003, 35.997812114000055], [128.399188642, 35.99902551100007], [128.3965477470001, 36.00002477400005], [128.392907594, 36.000738531000025], [128.3889819410001, 36.00188054700004], [128.38798267900006, 36.00395045700003], [128.38791130000004, 36.00587761500003], [128.38919605500007, 36.00809028100008], [128.39083768700004, 36.01044569800007], [128.39205106500003, 36.012729741000044], [128.391551434, 36.01479965000004], [128.38848228200004, 36.017083686000035], [128.3863410140001, 36.01893946700005], [128.38491350000004, 36.02115212700005], [128.38469936800004, 36.02372167200008], [128.38462798800003, 36.02579158300006], [128.37963169900002, 36.02821837000005], [128.37206589000004, 36.03164441900003], [128.3637149440001, 36.03813964700004], [128.35943240900008, 36.04142294800005], [128.34801232400002, 36.04492037000006], [128.3460138060001, 36.04699027800007], [128.34551417300008, 36.04913156500004], [128.34501453400003, 36.05469891200005], [128.34437214500008, 36.06040901000006], [128.3447290160001, 36.06319268500005], [128.34694165300004, 36.06476296400007], [128.3508673030001, 36.06626187000006], [128.3537223180001, 36.06783215200005], [128.35601346800001, 36.06978072600003], [128.35686283200005, 36.07232885800005], [128.35672007300002, 36.07639730400007], [128.35593493600004, 36.08003749100004], [128.35258027600003, 36.08603309200004], [128.35158101500008, 36.08860263500003], [128.35186651300012, 36.09060117000007], [128.35307989000012, 36.09352759800004], [128.35522115000003, 36.09645402600006], [128.35771928500003, 36.09966596000004], [128.358504411, 36.102378259000034], [128.35914678400002, 36.10494780400006], [128.35764789400002, 36.10801698000006], [128.35650587600003, 36.113013316000036], [128.35415047800007, 36.11651074900004], [128.3510813250001, 36.12057919000006], [128.34936831100003, 36.121721207000064], [128.34515715600003, 36.12272047000005], [128.3390188610001, 36.124647621000065], [128.33580696, 36.126003765000064], [128.33238093500006, 36.12764541400003], [128.33052614000007, 36.12831072500006], [128.32581438500006, 36.130000822000056], [128.32181735200004, 36.13378375800005], [128.32003296200003, 36.134711647000074], [128.31410879600003, 36.13506852100005], [128.3093980120001, 36.136353288000066], [128.30161807600007, 36.14035034800003], [128.2990485570001, 36.141492364000044], [128.29369539200002, 36.14334813900007], [128.2881281020001, 36.145275292000065], [128.28398831900006, 36.14798758400008], [128.28213255600008, 36.148487215000046], [128.27949166100007, 36.14955785600006], [128.27799277300005, 36.15127088300005], [128.27592288100004, 36.15305528700003], [128.2733533610001, 36.153983175000064], [128.26650131200006, 36.155981702000076], [128.25752446800004, 36.157991208000055], [128.25472435300003, 36.158551232000036], [128.249799445, 36.15876535500007], [128.24494591300004, 36.15769470600003], [128.23723736500006, 36.155482033000055], [128.23373996700002, 36.15505377200003], [128.22524628300005, 36.15612440600006], [128.22167750900007, 36.15648128300006], [128.2182514870001, 36.15526788300008], [128.21475409200002, 36.15369760200008], [128.2081875460001, 36.15391172300008], [128.20019349300003, 36.15448272400005], [128.19876598300004, 36.15426859300004], [128.19462620800005, 36.152341431000025], [128.19169981700009, 36.15069977500008], [128.18905892600003, 36.14912949500007], [128.1862039130001, 36.14541792600005], [128.18356302600012, 36.141849112000045], [128.18391990400005, 36.141849112000045], [128.18306340100003, 36.140564339000036], [128.1822068990001, 36.13806616900007], [128.18227828200008, 36.13342671300006], [128.1796373940001, 36.13064303700003], [128.178638137, 36.13028615500008], [128.17613999600007, 36.12985789500004], [128.17392735700003, 36.12950101200005], [128.17164334400002, 36.12771660300007], [128.16807457700008, 36.12379090500008], [128.16471993100004, 36.12243475400004], [128.15872439400005, 36.12036483600008], [128.15465599200002, 36.120293455000024], [128.1497310840001, 36.12050757900005], [128.14659056300002, 36.11986518900005], [128.14187978200005, 36.11836628300006], [128.13916751700003, 36.11715288400006], [128.1348136140001, 36.11572535500005], [128.13195859600012, 36.114868837000074], [128.13017420800008, 36.115439845000026], [128.120895388, 36.11993653900004], [128.11568497200005, 36.12314846400005], [128.11464321800008, 36.12384793200005], [128.11145790500007, 36.125986660000024], [128.11068868300003, 36.12650314200005], [128.10883292000005, 36.12728827900003], [128.10640615400007, 36.12621763300007], [128.103479762, 36.124361847000046], [128.10048199300002, 36.12421909100004], [128.0955570850001, 36.12400495800006], [128.09255931500002, 36.12371944900008], [128.08535039000003, 36.123933571000066], [128.08163886700004, 36.12300567600005], [128.0778559690001, 36.121578148000026], [128.073716192, 36.12086438100005], [128.06700689700006, 36.120436116000064], [128.0638663740001, 36.12136400500003], [128.0612254790001, 36.12250602100005], [128.05801358200006, 36.12264877100006], [128.05558681600007, 36.12200638300004], [128.05251767400011, 36.12079298400005], [128.05037641100012, 36.11950820900006], [128.0474500150001, 36.11957958200003], [128.04538012600005, 36.12015059100003], [128.04181134700002, 36.12314838900005], [128.03933454200012, 36.125307672000076], [128.03624405300002, 36.128001968000035], [128.03388866000012, 36.12871572900008], [128.03089089000002, 36.12871572600005], [128.02846412500003, 36.127859208000075], [128.02560910400007, 36.12878709600005], [128.02339646000007, 36.13085700500005], [128.0218261970001, 36.13292691400005], [128.016901286, 36.13471131600005], [128.01590202700004, 36.13649572200006], [128.01497414300002, 36.139208017000044], [128.013118372, 36.144347104000076], [128.0109771000001, 36.149414816000046], [128.01033471900007, 36.15141334900005], [128.0111912210001, 36.15369739100004], [128.011191219, 36.15526766700003], [128.010548835, 36.15862235000003], [128.00997782500008, 36.162548042000026], [128.0061949200001, 36.16583134600006], [128.00569529000006, 36.16747299900004], [128.0061115530001, 36.17059304800006], [128.006825305, 36.172020573000054], [128.00653979900005, 36.17573213800006], [128.00668254700008, 36.17723103800006], [128.00868105200004, 36.18365490200006], [128.00718216000007, 36.187580593000064], [128.00653977800005, 36.189507751000065], [128.00518364100003, 36.19200591800006], [128.00504088500008, 36.196074364000026], [128.0046840000001, 36.200999323000076], [128.00439849600002, 36.20256960000006], [128.00247135100005, 36.208136945000035], [128.00204309600008, 36.20892208300006], [128.00034076200006, 36.210531927000034], [127.99836355900004, 36.21169499700005], [127.9962385130001, 36.21316953100006], [127.99506970300001, 36.21398055000003], [127.99157418100003, 36.216266103000066], [127.989019761, 36.217274434000046], [127.98633090100009, 36.21687109700008], [127.98370926400003, 36.21566109400004], [127.9810204050001, 36.21445109300004], [127.97833154500006, 36.21330831100005], [127.97544102100005, 36.21330830900007], [127.97201272300003, 36.213980529000025], [127.9687860900001, 36.21398052500007], [127.96643333800012, 36.21310663400004], [127.96428225200009, 36.21196385400003], [127.96166061400004, 36.21129163000006], [127.95850120300008, 36.211022738000054], [127.95527457000003, 36.21115718000004], [127.95124128000009, 36.21115717600003], [127.94774576100008, 36.21129161700003], [127.9447207930001, 36.21169494800006], [127.94330913800002, 36.21303939200004], [127.94172015300012, 36.21521726800006], [127.93967917100008, 36.21707272100008], [127.9382675170001, 36.21855161000008], [127.93665420000002, 36.21902216400008], [127.9347719970001, 36.21895493900007], [127.93268813100008, 36.218820494000056], [127.93006649200004, 36.21834993600004], [127.92791540300004, 36.21902215600005], [127.92583153400005, 36.22023215400003], [127.92368044400007, 36.22197993100008], [127.92105880400004, 36.22312270600003], [127.91729439800008, 36.224803258000065], [127.91413498600002, 36.22480325600003], [127.91097557600006, 36.22460158700005], [127.90721117100009, 36.22466880600007], [127.90472397500002, 36.22460158100006], [127.90243844300005, 36.225206580000076], [127.90048901800003, 36.22520657800004], [127.89820348700005, 36.22487046500004], [127.89524574300003, 36.223862129000054], [127.89154856100004, 36.222517681000056], [127.88959913800011, 36.22150934600006], [127.88872526000011, 36.220702678000066], [127.88798582400011, 36.219559901000025], [127.8865069520001, 36.218820454000024], [127.8850280800001, 36.21875323100005], [127.88328032000004, 36.21841711800005], [127.88193589100001, 36.21774489500007], [127.88018813400004, 36.21599711500005], [127.87897814900009, 36.21357711500008], [127.87749927900006, 36.21162766800006], [127.87407098800008, 36.20672044300005], [127.87292822400002, 36.205039886000066], [127.87218878800002, 36.204098774000045], [127.87198712600002, 36.202350996000064], [127.87037381200003, 36.20067043800003], [127.86862605400006, 36.199863771000025], [127.86687829700008, 36.19818321300005], [127.86586997500001, 36.19683876800008], [127.86405499600005, 36.19576321000005], [127.86197113000003, 36.19495654200006], [127.85921504800001, 36.19394820700006], [127.85733284800006, 36.19293987100008], [127.85578675400006, 36.191729871000064], [127.85430788300005, 36.18998209100005], [127.85208957400005, 36.18897375600005], [127.85000570900002, 36.187898199000074], [127.8485940590001, 36.18662097500004], [127.8471824080001, 36.18520930700004], [127.844762435, 36.18393208300006], [127.84274579100008, 36.18299097000005], [127.83978804500009, 36.18238596700007], [127.83736807100001, 36.181512077000036], [127.83514976200001, 36.180974296000045], [127.83306589500012, 36.181108739000024], [127.83064592100004, 36.18050373800003], [127.8287637200001, 36.179293736000034], [127.8264781900001, 36.178150956000025], [127.82452876600007, 36.17774762100004], [127.82123491200002, 36.17734428500006], [127.81982326100001, 36.17660484000004], [127.81820994700001, 36.17478983800004], [127.81693274300005, 36.17176483700007], [127.81565553700011, 36.169210391000036], [127.81316834100005, 36.168336501000056], [127.81061392400011, 36.16820205400006], [127.80866449900009, 36.16853816400004], [127.80664785300007, 36.16961371800005], [127.80362288100002, 36.17149593900007], [127.80200956400006, 36.17324371500007], [127.80026180200002, 36.17405038100003], [127.79777460600008, 36.17458815600003], [127.79495130300006, 36.174252043000024], [127.7924641090001, 36.17277315200005], [127.79058190700005, 36.17183204000003], [127.78849804100003, 36.17189926000003], [127.78648139400002, 36.17270592600005], [127.78484240900002, 36.17327957500004], [127.783792532, 36.173647035000045], [127.78076756400003, 36.174722588000066], [127.77875091500005, 36.17647036500006], [127.77673426700005, 36.17976425300003], [127.77538983400007, 36.180907029000025], [127.77310430200009, 36.18104147300005], [127.77081877100011, 36.18171369300006], [127.76913823200005, 36.18245313700004], [127.767256029, 36.183663136000064], [127.76544104600009, 36.185209246000056], [127.76510493700005, 36.18662091200008], [127.76369328300007, 36.18897368900008], [127.76147496800002, 36.192536465000046], [127.76039942300008, 36.19408257600003], [127.7575088960001, 36.19556146200006], [127.75327393900011, 36.19777979400004], [127.75112285000012, 36.19791423700008], [127.74809788100004, 36.198384790000034], [127.74780640600011, 36.19855967600006], [127.7446165670001, 36.200552464000054], [127.7438531040001, 36.202239434000035], [127.74157281700002, 36.20400527000004], [127.74130850200004, 36.204434787000025], [127.74076721200004, 36.20454304400005], [127.73996407100003, 36.20470367400003], [127.73848519800003, 36.20470367300004], [127.73700632400005, 36.20470367200005], [127.735056901, 36.20456922600005], [127.73391413600007, 36.20463644800003], [127.73223359700012, 36.205174224000075], [127.7303513920001, 36.206182557000034], [127.72880529800011, 36.20712366600003], [127.72658698700002, 36.20772866500005], [127.72316134700009, 36.208734658000026], [127.72201340200002, 36.20917009000004], [127.72047049200012, 36.20975533600006], [127.71970580100003, 36.21149801000007], [127.71970577900004, 36.211498060000054], [127.71873537200008, 36.21417136000008], [127.7201921190001, 36.21745683200004], [127.72214066600009, 36.22042608400005], [127.724796695, 36.22403723800005], [127.72545179600002, 36.22492791600007], [127.72625086100004, 36.22614755700005], [127.72629007600005, 36.22693190600006], [127.72609705700006, 36.227934050000044], [127.72566660500001, 36.230168943000024], [127.72396532100004, 36.233945333000065], [127.721478122, 36.236029221000024], [127.7204951970001, 36.23692071900007], [127.71858759500003, 36.23865088500003], [127.71657094800003, 36.240600329000074], [127.71507938500008, 36.24194274800004], [127.71455430100002, 36.24241532800005], [127.71300820500005, 36.24375977100004], [127.71126044500011, 36.243759770000054], [127.7097815730001, 36.24369254700008], [127.70843714300008, 36.243490879000035], [127.70675660400002, 36.243490878000046], [127.70582823200004, 36.24315666000007], [127.70507606700005, 36.24288587700005], [127.70299220000004, 36.242818654000075], [127.70063944800006, 36.24241531800004], [127.69960273800007, 36.24237212100007], [127.6984162980001, 36.24247784800008], [127.6959743970001, 36.24269545200008], [127.69254123600001, 36.24325218400003], [127.69022153200001, 36.243066605000024], [127.68613885600007, 36.24260265700008], [127.68122108700004, 36.24139639500004], [127.67581420300007, 36.24161736100007], [127.67455750400006, 36.241474191000066], [127.6700536620001, 36.24120529900006], [127.66951588600011, 36.241260175000036], [127.66551371800006, 36.24196975500007], [127.66297055400003, 36.243412344000035], [127.66144930500002, 36.24456640600005], [127.6588276650001, 36.24665029200003], [127.65630394700008, 36.24843175700005], [127.65539936700009, 36.24907029000008], [127.65284494800005, 36.24980973300006], [127.65022330800002, 36.25007862100006], [127.6480756850001, 36.24982294700004], [127.647400005, 36.249742508000054], [127.645181696, 36.249742507000065], [127.64182062100008, 36.24960806000007], [127.64000564000003, 36.249608059000025], [127.63664456400011, 36.24974250100007], [127.63281346800011, 36.24973218400004], [127.63039296400007, 36.24960805300003], [127.62830909800005, 36.24920471900003], [127.62781943100003, 36.249078352000026], [127.62622523100003, 36.24866693900003], [127.62293137800009, 36.248061937000045], [127.6190997540001, 36.24725526900005], [127.61600756400003, 36.24671748900005], [127.61284815300007, 36.24712082000008], [127.60814264500004, 36.24799470700003], [127.60263048200011, 36.24873414800004], [127.60229634200005, 36.24886089200004], [127.60068105700009, 36.249473591000026], [127.6001574170001, 36.24984996200004], [127.59719054800007, 36.25207714800007], [127.59597554900006, 36.25303636700005], [127.59554378700011, 36.25331334800006], [127.59241280800006, 36.255321921000075], [127.58891728700007, 36.25767469700003], [127.5881106280001, 36.25875025200003], [127.58757285500008, 36.26103580800003], [127.5869006370001, 36.26399358500004], [127.58669897100003, 36.26648080800004], [127.58575786500012, 36.270514141000035], [127.58533269500003, 36.27178966400004], [127.5852873130001, 36.27192580800005], [127.58340839300001, 36.27373995500005], [127.5831625400001, 36.27398912900003], [127.57923737200008, 36.278043027000024], [127.57689589100005, 36.28033574900007], [127.57551356600004, 36.28175745900006], [127.57154884800002, 36.285835133000035], [127.56839070600006, 36.28973945100006], [127.56662026400011, 36.29319486000003], [127.56531885200002, 36.298583560000054], [127.56458638400011, 36.301616455000044], [127.56310177000012, 36.30727659000007], [127.56059648900009, 36.31006026000006], [127.55687832400008, 36.312152670000046], [127.55447247000006, 36.314792502000046], [127.55168882500004, 36.316648282000074], [127.54784489800011, 36.31743523500006], [127.54565759700006, 36.318504061000056], [127.54383408300009, 36.32158596600004], [127.54246717300009, 36.32603967700004], [127.5407735870001, 36.32720462200007], [127.53870276600003, 36.32845967600008], [127.535341689, 36.33034189600005], [127.53127543100004, 36.33316473200006], [127.52496583800007, 36.33576282400003], [127.52032643200005, 36.33743302500005], [127.5160581780001, 36.33798975700006], [127.50928464700007, 36.33863927800007], [127.507747934, 36.33863927600004], [127.50362457300002, 36.33863927500005], [127.49879959200007, 36.33910321800005], [127.49564479700007, 36.33873206100003], [127.49042210800008, 36.33726735000005], [127.484974168, 36.33567001500006], [127.48248266500002, 36.33491298300004], [127.47894284900008, 36.33383742500007], [127.47685898300006, 36.33242575700007], [127.47443901000008, 36.33007297900008], [127.47309458200004, 36.327316867000036], [127.47228976600002, 36.32429123500003], [127.47129051200011, 36.32157893700003], [127.47007712900006, 36.31958040200004], [127.46836412000005, 36.319009391000066], [127.46608010500006, 36.31886663900008], [127.46365333900007, 36.31886663800003], [127.46179757700008, 36.31843837900004], [127.45958493900002, 36.31708222900005], [127.45751505100009, 36.316725348000034], [127.4558020400001, 36.31665397100005], [127.45330389800006, 36.31729635500005], [127.45123400900002, 36.31843837500003], [127.44873263300008, 36.31959286700004], [127.44535366000002, 36.319988640000076], [127.44164213700003, 36.32082374100003], [127.43904406800004, 36.32277231000006], [127.43700272700005, 36.326205506000065], [127.43420950400002, 36.33179200600006], [127.43409401800011, 36.332022979000044], [127.43403350400001, 36.33214400800006], [127.43241285600004, 36.33608762000006], [127.43124985700001, 36.338917611000056], [127.42753833100005, 36.34346427500003], [127.42262055800006, 36.34782536000006], [127.41928052500009, 36.351720786000044], [127.41754991400012, 36.35511297000005], [127.41714154600004, 36.35797157600007], [127.41828798000006, 36.36045120700004], [127.41876638400004, 36.36148595000003], [127.41954327700012, 36.36347676300005], [127.42025702900003, 36.36725970300006], [127.42097078200004, 36.36968649500005], [127.42229782100003, 36.37129791900003]], [[127.42229782100003, 36.37129791900003], [127.42265450200011, 36.373081350000064], [127.42357332800009, 36.376042050000024], [127.42306286700011, 36.37757344500005], [127.42183776200011, 36.38002367900003], [127.42040847400006, 36.38135088700005], [127.41795826600003, 36.38267809800004], [127.41642688600007, 36.383801120000044], [127.41509969000003, 36.38594507300007], [127.41509968800005, 36.387476469000035], [127.41540596200002, 36.391356006000024], [127.4157122370001, 36.39513344900007], [127.41928545100006, 36.39962554500005], [127.42132728900003, 36.402688338000075], [127.42225552000002, 36.403558565000026]], [[127.42229782100003, 36.37129791900003], [127.42296929300005, 36.37211328800004], [127.42496780500005, 36.37454008000003], [127.42525330500007, 36.37668136700006], [127.42489642600003, 36.381035318000045], [127.4249678010001, 36.38239146500007], [127.42532467600006, 36.38431862400006], [127.42439679400002, 36.38574614800007], [127.42289790900008, 36.38710229600008], [127.42111352100005, 36.389100830000075], [127.42068526700007, 36.39159899800006], [127.42097076700009, 36.39423991800004], [127.42232689900004, 36.39745184900005], [127.42261239900006, 36.399307631000056], [127.42225552100001, 36.40152029300003], [127.42225552000002, 36.403558565000026]], [[127.42225552000002, 36.403558565000026], [127.42246184100009, 36.403751992000025], [127.42296076000002, 36.40421973400004], [127.42428795300009, 36.406465782000055], [127.42520677900006, 36.408201364000035], [127.42612560400005, 36.41167252900004], [127.42571723600008, 36.414633227000024], [127.42418585500002, 36.41677718100004], [127.42233249200001, 36.41904678700007], [127.42030635700007, 36.42208601800007], [127.42036144000008, 36.42445466000004], [127.42040844600001, 36.42647602000005], [127.42101176800008, 36.42770634900006], [127.42181582100011, 36.429346020000025], [127.42427992800003, 36.43311812800005], [127.4255387710001, 36.434781618000045], [127.42608057100006, 36.436596673000054], [127.42779945900008, 36.44232128900006], [127.42826951500001, 36.444954866000046], [127.42847369800006, 36.447405099000036], [127.42818751000004, 36.448508220000065], [127.4272506420001, 36.45211941200006], [127.42706738600009, 36.45282578000007], [127.42645850800011, 36.45568148000007], [127.42600095500006, 36.45782745100007], [127.42577139600007, 36.45890410700008], [127.42265444700001, 36.464148359000035], [127.42102097400004, 36.467415336000045], [127.42091888000004, 36.470171848000064], [127.42183770400004, 36.473949291000054], [127.42204188700009, 36.477012083000034], [127.42163351700003, 36.48068743400006], [127.42163351500005, 36.48456696900007], [127.42081677700003, 36.48762976100005], [127.41663100700009, 36.48916115500003], [127.41060758200001, 36.49018208200005], [127.40512535900007, 36.49131158100005], [127.40305547100002, 36.492025342000034], [127.40289640500009, 36.492256714000064], [127.40148521100002, 36.49430938000006], [127.39962944700005, 36.495023142000036], [127.39720268400004, 36.49473763700007], [127.3955610480001, 36.494737636000025], [127.39427629000011, 36.49552277400005], [127.39192090000006, 36.49759268300005], [127.39096682700006, 36.49825764900004], [127.38956550900002, 36.49923433600003], [127.38735286800011, 36.50094736400007], [127.38635361200011, 36.50180387800003], [127.386068109, 36.50344553200006], [127.38563985700011, 36.50458755100004], [127.38521160300002, 36.506371956000066], [127.38485472400009, 36.50872737100008], [127.38449784600004, 36.51065453000007], [127.3843829870001, 36.51105653700006], [127.38406959200006, 36.51215343000007], [127.38354653600004, 36.51288571900005], [127.38299895900002, 36.51365233100006], [127.38197622700011, 36.51439293800007], [127.37926534300004, 36.516113707000045], [127.3778360550001, 36.517543010000054], [127.37691722800002, 36.519074405000026], [127.37589887700005, 36.52032587900004], [127.37546914600011, 36.52069438400008], [127.37379152300002, 36.52293123600003], [127.37344913100003, 36.52483533700007], [127.37350119300004, 36.52621497600006], [127.37358017000008, 36.52830796000006], [127.37312152600009, 36.52981494800008], [127.37109039100005, 36.53125641300005], [127.3705135890001, 36.53142304600004], [127.36568710800009, 36.53234649700005], [127.36510038200004, 36.53249551700003], [127.35918673700007, 36.53399749500005], [127.3582483780001, 36.53413934100007], [127.35438266900007, 36.53486007300006], [127.351393346, 36.53550725200006], [127.34802718300011, 36.53623601600003], [127.34744933200011, 36.53648140800004], [127.34434989200008, 36.53724695600005], [127.33920487300009, 36.540425183000025], [127.33846119300006, 36.54082249600003], [127.33746865900002, 36.54158724300004], [127.33403860300007, 36.543883003000076], [127.32852563600011, 36.55143788600003], [127.32816599600005, 36.551994757000045], [127.32045384800006, 36.56393636200005], [127.32027316800009, 36.56422997000004], [127.31816983300007, 36.567647925000074], [127.31188879100011, 36.57649857400003], [127.30981890100009, 36.57978188000004], [127.30774901200004, 36.584778216000075], [127.30604085800007, 36.58858874900005], [127.30589324800007, 36.58891803600005], [127.30373582100003, 36.59078128800007], [127.30005260200005, 36.594035156000075], [127.29704775200003, 36.596835732000045], [127.29640605500003, 36.59850323100005], [127.29585619800002, 36.59993207500003], [127.29565381000009, 36.60135348100005], [127.29480462300012, 36.60731747800003], [127.29375941500007, 36.61254356100005], [127.29303262300004, 36.61594629800004], [127.29303261200005, 36.61594635100005], [127.2921891520001, 36.61989531100005], [127.29133264400002, 36.62460614200006], [127.28997651000009, 36.62945972400007], [127.28883450100011, 36.63409917800004], [127.28690736400006, 36.63566945500003], [127.28667417600002, 36.63582602500003], [127.28111368900011, 36.63962491700005], [127.27716698000006, 36.64259849600006], [127.27291777500011, 36.64730377500007], [127.27049100900001, 36.649516436000056], [127.26327174000005, 36.65479725300003], [127.2591423130001, 36.659152224000024], [127.25578027400002, 36.66277695900004], [127.25403905000007, 36.66421991200008], [127.25350365200006, 36.66436268600006], [127.250862761, 36.66464819000004], [127.24715124000011, 36.66493369400007], [127.24272596300011, 36.664790941000035], [127.23794380900006, 36.663506168000026], [127.23596892300009, 36.66243971600005], [127.2327468850001, 36.660542898000074], [127.23044939200008, 36.65908084000006], [127.22580998900003, 36.65736781100003], [127.22309772400001, 36.656868177000035], [127.22131399300008, 36.65707802900005], [127.2190125090001, 36.65767123100005], [127.21790248700006, 36.659880900000076], [127.21781594200002, 36.660508363000076], [127.21733720500004, 36.66189899200003], [127.2160771230001, 36.66563417000003], [127.21516931200006, 36.66846333400008], [127.21413517300005, 36.67107696900007], [127.21372642900008, 36.671803632000035], [127.21164534800005, 36.67396041200004], [127.2101933450001, 36.67546523100003], [127.20781654300004, 36.67675000300005], [127.20549286500011, 36.677496907000034], [127.20421922100002, 36.67790629700005], [127.2034737780001, 36.67816594800007], [127.20277295300002, 36.678410058000054], [127.20277292000003, 36.67841007000004], [127.19850204900001, 36.679897692000054], [127.195932534, 36.68041160000007], [127.19156435700006, 36.680218884000055], [127.1857829490001, 36.679897690000075], [127.18314919500006, 36.680475837000074], [127.1767896450001, 36.68304537800003], [127.16670429700002, 36.687220886000034], [127.16490563500008, 36.688505658000054], [127.1624553800001, 36.69118446900006], [127.16027810600008, 36.694163927000034], [127.1571097420001, 36.69739210700004], [127.15486723400011, 36.69967695100007], [127.15262121100011, 36.70325020800004], [127.1508856480001, 36.70651718500005], [127.15254539600005, 36.710667218000026], [127.15482028200006, 36.71677063900006], [127.15527110200003, 36.71802651400003], [127.15566970100008, 36.71913690700006], [127.15661894100003, 36.72178124900006], [127.15711325000007, 36.72448556100005], [127.1567048820001, 36.72673160800008], [127.15267764500004, 36.72985611400003], [127.14980972300009, 36.73283028700007], [127.14828461500008, 36.73406945000005], [127.14384130100007, 36.73714509700005], [127.14300684600005, 36.738355987000034], [127.14174920700009, 36.740180965000036], [127.14152303600008, 36.74060315500003], [127.1406879430001, 36.742401837000045], [127.14036675300008, 36.74413627800004], [127.14035662000003, 36.74450109000003], [127.14030251500003, 36.74644886800007], [127.13966013600009, 36.74850450200006], [127.1390819940001, 36.74998199000004], [127.13940318400012, 36.75190914900003], [127.14062370300007, 36.75293696600005], [127.1418169210001, 36.75432906900005], [127.14229429700003, 36.755276974000026], [127.14248660100009, 36.75608465800008], [127.1424105530001, 36.75749156300003], [127.141765544, 36.76119771000003], [127.14111943400007, 36.76453625100004], [127.14061405100006, 36.767976145000034], [127.14049981800008, 36.77231812500003], [127.14106473900006, 36.775298099000054], [127.1412745230001, 36.776404711000055], [127.14444707000007, 36.78321989300008], [127.14564665600005, 36.78589173200004], [127.14581817800001, 36.78627376000003], [127.14712696200002, 36.78957692400007], [127.1474108540001, 36.79472760400006], [127.14756322300002, 36.79749204800004], [127.14738971300005, 36.79805595900007], [127.14619556900004, 36.80016436500006], [127.14604107600007, 36.80240078400004], [127.14597401700007, 36.80466262400006], [127.14621642500003, 36.80618981500004], [127.14637908100008, 36.80721456400005], [127.14687216700008, 36.80926278700008], [127.14713247700001, 36.81080777100004], [127.14972150900007, 36.82502708100003], [127.15114405200006, 36.83025623900005], [127.15161421800008, 36.832393386000035], [127.15134332700006, 36.832935174000056], [127.1507416930001, 36.83413845300004], [127.1506366640001, 36.83430912600005], [127.14962390000005, 36.83627823000006], [127.14800373900005, 36.839221430000066], [127.14691883000012, 36.84555012000004], [127.1449298340001, 36.85459110800008], [127.14543809300005, 36.85654128700003], [127.14544422400002, 36.856761996000046], [127.14602945700005, 36.858810335000044], [127.14718927000001, 36.86286973000006], [127.14706309700011, 36.86318516500006], [127.14669068400008, 36.86411620700005], [127.14595312500012, 36.865726030000076], [127.13952352400008, 36.87975948300004], [127.13653201300008, 36.88611651200006], [127.13363072000004, 36.892644492000045], [127.13304191800012, 36.893969311000035], [127.13062761800006, 36.89905975800008], [127.12786909800002, 36.904875978000064], [127.12702887300009, 36.91154932100005], [127.12683704200003, 36.91588495900004], [127.12648357500007, 36.92387381900005], [127.12643547500011, 36.924325140000064], [127.12587475300006, 36.93666112300008], [127.1250022270001, 36.94806638000006], [127.12445815300009, 36.94974808200004], [127.12431667300007, 36.95018539000006], [127.12250930200003, 36.95242904700007], [127.11309851200008, 36.96221388500004], [127.09278118000009, 36.98327933000007], [127.08864402000006, 36.987531459000024], [127.08634842400011, 36.98989084800007], [127.08021716500002, 36.996192489000066], [127.07707575600011, 36.99942119700006], [127.07620323300011, 37.00054302500007], [127.073508, 37.00281975300004], [127.072152232, 37.00465639600003], [127.07196526200005, 37.00596519700008], [127.07117072200003, 37.01296715900003], [127.07117071800008, 37.01296718800006], [127.07096809200004, 37.01475285300006], [127.07028253700003, 37.02061129100008], [127.06964046100006, 37.02540803100004], [127.06922304400007, 37.028526415000044], [127.06914984000002, 37.02939673000003], [127.06866213400008, 37.03519506200007], [127.0683447350001, 37.03631569100003], [127.06528871300009, 37.039528447000066], [127.05920679500002, 37.042810607000035], [127.05536319300006, 37.04584675600006], [127.0546394380001, 37.04628870000005], [127.0537669150001, 37.04753517600005], [127.05349220500011, 37.04855910400005], [127.05308136000008, 37.05009045200006], [127.05246891200011, 37.05231755900007], [127.05239580700004, 37.05384561100004], [127.05242627300004, 37.05436922100006], [127.05283206800004, 37.05657212700004], [127.05326832900005, 37.060311556000045], [127.05351762100008, 37.062804509000046], [127.054203174, 37.06772809000006], [127.05457711300005, 37.07090660400007], [127.05457711300005, 37.072776318000024], [127.05445246600004, 37.074147442000026], [127.05364521500007, 37.079535099000054], [127.05602794700008, 37.08543097900008], [127.05788023500008, 37.090164661000074], [127.06012386700002, 37.094963595000024], [127.06053028400004, 37.09764598700008], [127.06074709600011, 37.09907696600004], [127.06080263400008, 37.09953515300003], [127.06220827600009, 37.10928546900004], [127.06237426200005, 37.11070190400005], [127.06353245900004, 37.12058531300005], [127.06489681000005, 37.132344372000034], [127.065752029, 37.13889222600005], [127.06678565000004, 37.14628327200006], [127.06697263400008, 37.14762032500005], [127.06731433100003, 37.15006367900003], [127.06679243100007, 37.15417121300004], [127.06476836200011, 37.159869925000066], [127.06289103400002, 37.169689747000064], [127.06161961300006, 37.17548595300008], [127.06229040000005, 37.18226545700003], [127.06300277900004, 37.18582425200003], [127.06282622100002, 37.188207813000076], [127.06168565300004, 37.18896078200004], [127.06161961200007, 37.189072543000066], [127.0604866110001, 37.18975235200003], [127.05881507300012, 37.19075528700006], [127.05569891800008, 37.19262500100007], [127.05114189500011, 37.195722326000066], [127.05033913300008, 37.19630210500003], [127.04834479500005, 37.19736160900004], [127.04271948300004, 37.199132560000066], [127.03712600100005, 37.20097271900005], [127.03528087900008, 37.20254174400003], [127.03448866300005, 37.203215416000035], [127.03392047500006, 37.20513110500008], [127.03391843100007, 37.205137996000076], [127.03288867200001, 37.20727109300003]], [[127.03297452900006, 37.20727109400008], [127.03259451200006, 37.208031135000056], [127.031167159, 37.21088587400004], [127.0296775490001, 37.213695855000026], [127.029677536, 37.21369587700008], [127.02488401100004, 37.22295372800005], [127.02474788200004, 37.223225987000035], [127.02426533700009, 37.22413747100006], [127.02022507900006, 37.231867933000046], [127.02022505900004, 37.23186797200003], [127.01832860500008, 37.23556610000003], [127.01667456900009, 37.23870542900005], [127.0142630360001, 37.24341637300006], [127.01321811300011, 37.24553791000005], [127.01243374500007, 37.24691056900008], [127.01099277700007, 37.25035782500004], [127.00767135900003, 37.253577680000035], [127.00580166700001, 37.25513577600003], [127.00579079500005, 37.255164328000035], [127.00483070400003, 37.25768578000003], [127.00284939100004, 37.260858201000076], [127.0020780320001, 37.262093280000045], [127.0011897600001, 37.26379878300003], [126.99967365000009, 37.26649938700007]], [[126.99958779200006, 37.26649938600008], [126.99910956300005, 37.26735124000004], [126.99537017900002, 37.27370826900005], [126.99237867300008, 37.27913043900003], [126.98976110300009, 37.28361775400003], [126.98726818000011, 37.287232534000054], [126.98564778000002, 37.28947619100006], [126.98290556600011, 37.29259238100008], [126.97966476600004, 37.29633180900004], [126.97926693300008, 37.29675238100003], [126.97748345900004, 37.29863779000004], [126.9756510630001, 37.29951235200008], [126.97474124400003, 37.29994659000005], [126.973619428, 37.29994659000005], [126.97070765700005, 37.30037796900007], [126.97025398300002, 37.30044518100004], [126.96751991200006, 37.30070977100007], [126.96638995300009, 37.30081912400004], [126.96455164100007, 37.30104195200005], [126.96227663000002, 37.30131771400005], [126.96176547400012, 37.301722383000026], [126.96078087700005, 37.30250186600006], [126.95741543100007, 37.30455855300005], [126.95386301600001, 37.306926856000075], [126.95311514000002, 37.308111008000026], [126.95270735600002, 37.30886385100007], [126.95068454000011, 37.31259832300003], [126.94988929400006, 37.31377132600005], [126.94819161800001, 37.31627542700005], [126.94788000200003, 37.31739725600005], [126.94775535800011, 37.320825064000076], [126.94769303400005, 37.32462681700008], [126.94769972600011, 37.324884421000036], [126.94781768100006, 37.32942575000004], [126.94783908500006, 37.33088131200003], [126.94788000400001, 37.333663767000075], [126.9478913160001, 37.33634925100006], [126.94817146600008, 37.33854378700005], [126.94830655400006, 37.33960198400007], [126.94828346700001, 37.34112576600006], [126.94857446300011, 37.35044006600003], [126.94858338000006, 37.35060590900008], [126.94879681400005, 37.354234328000075], [126.94886020500007, 37.355311991000065], [126.94913703100008, 37.35884155100007], [126.94851417500001, 37.361748248000026], [126.94836763500007, 37.36207006400008], [126.9434572130001, 37.37201855400008], [126.94120751800006, 37.376710831000025], [126.94054272100004, 37.37809742600007], [126.93812785500006, 37.38042904800005], [126.93660686500004, 37.38226693300004], [126.93612934600003, 37.38284394300007], [126.93521803400006, 37.385065291000046], [126.93479700600005, 37.38609156000007], [126.9333813940001, 37.39017189900005], [126.93163270000002, 37.393586061000065], [126.9295580160001, 37.39559501900004], [126.92692182600001, 37.39738989500006], [126.92484564000006, 37.39953531400005], [126.92345521900006, 37.40109955500003], [126.92263104000006, 37.40202676900003], [126.9208341960001, 37.40438836200008], [126.92020882100007, 37.40521029400003], [126.91838860000007, 37.40746392800003], [126.91730215900009, 37.408809063000035], [126.91640793500005, 37.409954801000026], [126.91508755900009, 37.411646552000036], [126.91377092100004, 37.41318264900008], [126.91259613500006, 37.41455324900005], [126.90968947200008, 37.418013604000066], [126.90920598200012, 37.41877038000007], [126.90809772800003, 37.42050505800006], [126.90650598500008, 37.422512064000045], [126.90519106700003, 37.42493431100007], [126.90456261700001, 37.42612507300004], [126.9038761490001, 37.427425767000045], [126.90360051400012, 37.42856769100007], [126.9033917050001, 37.42943277200004], [126.90269964300012, 37.432201055000064], [126.9026036790001, 37.43338463400005], [126.90249202400003, 37.434761716000025], [126.90174358100012, 37.437506047000056], [126.90166155000009, 37.43780682800008], [126.90150982700004, 37.438626147000036], [126.90131552000003, 37.439675419000025], [126.90034663200004, 37.441751631000045], [126.89910092000002, 37.44465832800006], [126.8973015570001, 37.44853392500005], [126.89550219700004, 37.45282476300008], [126.89419172100008, 37.45540479400006], [126.89328759800003, 37.45718480900007], [126.8920672270001, 37.46011387300007], [126.89206719000003, 37.46011396200004], [126.8899407130001, 37.46525873200005], [126.88702319700008, 37.471663113000034], [126.88488843000005, 37.476501978000044], [126.88268250400006, 37.481767802000036], [126.88133048600002, 37.48496999200006], [126.88047657900006, 37.48703362600003], [126.88026310400005, 37.49137437200005], [126.87990730900003, 37.49443424200007], [126.8797649920001, 37.49813455000003], [126.88012078700001, 37.49998470500003], [126.88069164400008, 37.501031289000025], [126.88097469500008, 37.50155022000007], [126.8823267140001, 37.50290225600003], [126.8836787350001, 37.504467770000076], [126.88595581900006, 37.50596212600004], [126.88951376700004, 37.50774111900006], [126.89278100900003, 37.50951089700004], [126.89292939500001, 37.50959127400006], [126.89655850000008, 37.51101446900003], [126.89940485800003, 37.51229534500004], [126.90196658000002, 37.513220422000074], [126.90346091600009, 37.51414549800006], [126.90544293900007, 37.51492825500003], [126.90545336600007, 37.514928256000076], [126.90572196100004, 37.51503844900003], [126.90572198500001, 37.51503845900004], [126.90753187900009, 37.515780988000074], [126.90822856500006, 37.51606681100003], [126.91043449000006, 37.51706304800007], [126.91129173500008, 37.51706304800007], [126.91531643300004, 37.51715894900008], [126.91619836400002, 37.51720536700003], [126.91854660900003, 37.517134207000026], [126.920966012, 37.51585333000003], [126.92260266700009, 37.514572455000064], [126.924737434, 37.51350505800008], [126.92636715600008, 37.51311392000008], [126.92651640800011, 37.51307809900004], [126.92735895600003, 37.51323750300003], [126.92914928800008, 37.513576218000026], [126.93006473300011, 37.513850855000044], [126.93199564500003, 37.514430134000065], [126.93377461700004, 37.514430134000065], [126.93569590800007, 37.51450129400007], [126.93761720000009, 37.51407433500003], [126.9399654450001, 37.51414549500004], [126.9405070580001, 37.514195879000056], [126.94302527800005, 37.514430134000065], [126.94693901800008, 37.51507057200007], [126.95080035900003, 37.517927549000035], [126.9528817900001, 37.52012908900008], [126.9532010040001, 37.52040755400003], [126.9559762020001, 37.52282698700003], [126.95860908200007, 37.525175260000026], [126.95891429500011, 37.525460130000056], [126.96074385000009, 37.527167733000056], [126.96208567000008, 37.52815139100005], [126.9631039410001, 37.52899258200006], [126.96356313900003, 37.52937192400003], [126.96424918100001, 37.52976068400005], [126.9642635780001, 37.529768844000046], [126.96535898900004, 37.530389584000034], [126.9654902740001, 37.53046397900005], [126.96767435900006, 37.53181299000005], [126.9694087800001, 37.53329047600005], [126.9709504870001, 37.535346111000024], [126.97109626100007, 37.535874550000074], [126.97146438900006, 37.537663063000025], [126.97146438900006, 37.539578325000036], [126.97146439000005, 37.54176996800004], [126.97146438900006, 37.54549580500003], [126.97145455000009, 37.545909066000036], [126.97140015200011, 37.548193824000066], [126.97146439000005, 37.55057065200003], [126.971399947, 37.550789758000064], [126.97124734700003, 37.551308609000046], [126.97114320100002, 37.55166270800004], [126.97114320100002, 37.55269052400007], [126.97114320100002, 37.55455344300003], [126.97113701600006, 37.55527604800005]]]}}, {"type": "Feature", "properties": {"fid": 609, "OBJECTID": 963, "beginyear": 1927, "endyear": 2013, "RAIL_ID": "<none>", "comment": "-", "interval_i": "\uae08\ud328-\uc2e0\ucc38", "rail_nm_kr": "\ud568\ubd81\uc120", "rail_nm_ch": "\ubb34\uc0b0\uc120", "rail_nm__1": 0, "rail_type": "\ud611\uada4", "rail_type_": 1940, "org_type": "\uc0ac\ucca0", "org_type_c": 1944, "org_nm_kr": "\uc870\uc120\ucca0\ub3c4\uc8fc\uc2dd\ud68c\uc0ac", "Shape_Leng": 0.0834250058, "filter": "\uad6c\uc5ed5:\uacbd\uc6d0\uc120 \ubc0f \uad00\ub828 \uc9c0\uc120", "check_db": "\uae40\uc885\ud601"}, "geometry": {"type": "MultiLineString", "coordinates": [[[129.47547959300005, 42.135687061000056], [129.47028589600006, 42.13498280300007], [129.463595714, 42.13313414500004], [129.4562893330001, 42.130405179000036], [129.45356045200003, 42.12794032000005], [129.44695830800003, 42.12433105200006], [129.44255687600003, 42.12239436900006], [129.4363068460001, 42.11887313400007], [129.431025126, 42.116936449000036], [129.42706383600012, 42.11543992000003], [129.4242469180001, 42.11455960700005], [129.42063773300004, 42.11482368800006], [129.41843701900007, 42.113679286000036], [129.41738068400002, 42.11130246100004], [129.416324357, 42.10786927100003], [129.41465182000002, 42.10566850500004], [129.41209898300008, 42.10566849800006], [129.409810224, 42.10742910000005], [129.40778554200006, 42.111038343000075], [129.4068172110001, 42.11367925300004]]]}}, {"type": "Feature", "properties": {"fid": 610, "OBJECTID": 964, "beginyear": 1930, "endyear": 2013, "RAIL_ID": "<none>", "comment": "\uc0ac\ud574\uc120", "interval_i": "\uc0c1\ud574-\uc2e0\ub355\ub9ac", "rail_nm_kr": "\ud574\uc8fc\uc120", "rail_nm_ch": "\ud669\ud574\uccad\ub144\uc120", "rail_nm__1": 0, "rail_type": "\ud611\uada4", "rail_type_": 0, "org_type": "\uc0ac\ucca0", "org_type_c": 1946, "org_nm_kr": "\uc870\uc120\ucca0\ub3c4\uc8fc\uc2dd\ud68c\uc0ac", "Shape_Leng": 0.28061940949, "filter": "\uad6c\uc5ed4:\uacbd\uc758\uc120 \ubc0f \uad00\ub828 \uc9c0\uc120", "check_db": "\uae40\uc885\ud601"}, "geometry": {"type": "MultiLineString", "coordinates": [[[125.70782862900012, 38.418418178000024], [125.70686030800005, 38.41314571000004], [125.70913289700002, 38.409168607000026], [125.71545935100005, 38.40361712500004], [125.72134808200008, 38.39297611400008], [125.72504103500012, 38.383601517000045], [125.72362064200001, 38.37479508400003], [125.71822320900003, 38.37024983500004], [125.71282577900001, 38.366556821000074], [125.70856464500002, 38.36172749100007], [125.7077124110001, 38.35746631400008], [125.70998500100006, 38.352921054000035], [125.71538241600001, 38.34922802600005], [125.72504095900001, 38.348091699000065], [125.73356319400011, 38.342694195000036], [125.7389606050001, 38.33701261700003], [125.74322171200004, 38.329342490000045], [125.74350578100007, 38.326501704000066], [125.74066502800008, 38.324229080000066], [125.73441537600002, 38.322240538000074], [125.73072239700002, 38.31996791500006], [125.72759756800008, 38.31712713300004], [125.713677845, 38.292980475000036], [125.70828041700008, 38.29013969600004], [125.70089446400004, 38.288435234000076], [125.69407666300003, 38.28616261500008], [125.6878270090001, 38.283321837000074], [125.68612255100004, 38.27991289800008], [125.68811106600003, 38.27565171700007], [125.69009958400011, 38.27281092800007], [125.69265624800005, 38.26741343200007], [125.69379254100011, 38.264572644000054], [125.69805365700006, 38.26116369600004], [125.6994740240001, 38.25775475200004], [125.69805363900002, 38.252925418000075], [125.69578102700007, 38.24724384900003], [125.69436064400008, 38.24326675100008], [125.69521286300005, 38.240710043000036], [125.70032619800008, 38.23446030700006], [125.70259878900004, 38.23019912500007], [125.70458730500002, 38.225937945000055], [125.7088484190001, 38.22167676000004], [125.71083693900005, 38.219404129000054], [125.71711011000002, 38.217432399000074]]]}}, {"type": "Feature", "properties": {"fid": 611, "OBJECTID": 970, "beginyear": 1910, "endyear": 2006, "RAIL_ID": "<none>", "comment": "-", "interval_i": "\uc778\ucc9c_\uc778\ucc9c\ud56d", "rail_nm_kr": "\uacbd\uc778\uc120", "rail_nm_ch": "\uacbd\uc778\uc120", "rail_nm__1": 0, "rail_type": "\uad11\uada4", "rail_type_": 0, "org_type": "\uc0ac\ucca0", "org_type_c": 0, "org_nm_kr": "\uacbd\uc778\ucca0\ub3c4\ud68c\uc0ac", "Shape_Leng": 0.01694362784, "filter": "\uad6c\uc5ed1:\uacbd\uc778\uc120\uacfc \uacbd\ubd80\uc120", "check_db": "\uae40\uc885\ud601"}, "geometry": {"type": "MultiLineString", "coordinates": [[[126.62861180900006, 37.46482382800008], [126.62204405700004, 37.46888885900006], [126.61943533100009, 37.47134416200004], [126.61851460500009, 37.473492554000075], [126.61740202400006, 37.47600392700008], [126.61740202400006, 37.476556963000064]]]}}]}