{
"type": "FeatureCollection",
"name": "korea_1930_stations",
"crs": { "type": "name", "properties": { "name": "urn:ogc:def:crs:OGC:1.3:CRS84" } },
"features": [
{ "type": "Feature", "properties": { "fid": 1, "OBJECTID": 1, "st_id": "kp_001", "st_nm_kr": "부산", "comment": "-", "rail_code": "kp", "id_lines": "경부선", "filter": "구역1:경인선과 경부선", "check_db": "김종혁", "st_nm_kj": "釜山", "st_nm_mr": "Pusan", "st_nm_rmj": "Fuzan" }, "geometry": { "type": "Point", "coordinates": [ 129.04, 35.114 ] } },
{ "type": "Feature", "properties": { "fid": 2, "OBJECTID": 2, "st_id": "kp_002", "st_nm_kr": "초량", "comment": "-", "rail_code": "kp", "id_lines": "경부선", "filter": "구역1:경인선과 경부선", "check_db": "김종혁", "st_nm_kj": "草梁", "st_nm_mr": "Ch'oryang", "st_nm_rmj": "Sōryō" }, "geometry": { "type": "Point", "coordinates": [ 129.0433, 35.12109999900008 ] } },
{ "type": "Feature", "properties": { "fid": 3, "OBJECTID": 3, "st_id": "kp_003", "st_nm_kr": "부산진", "comment": "-", "rail_code": "kp", "id_lines": "경부선", "filter": "구역1:경인선과 경부선", "check_db": "김종혁", "st_nm_kj": "釜山鎮", "st_nm_mr": "Pusanjin", "st_nm_rmj": "Fuzanchin" }, "geometry": { "type": "Point", "coordinates": [ 129.0486, 35.1274 ] } },
{ "type": "Feature", "properties": { "fid": 4, "OBJECTID": 4, "st_id": "kp_004", "st_nm_kr": "사상", "comment": "-", "rail_code": "kp", "id_lines": "경부선", "filter": "구역1:경인선과 경부선", "check_db": "김종혁", "st_nm_kj": "沙上", "st_nm_mr": "Sasang", "st_nm_rmj": "Sajō" }, "geometry": { "type": "Point", "coordinates": [ 128.9894, 35.1613 ] } },
{ "type": "Feature", "properties": { "fid": 5, "OBJECTID": 5, "st_id": "kp_005", "st_nm_kr": "구포", "comment": "-", "rail_code": "kp", "id_lines": "경부선", "filter": "구역1:경인선과 경부선", "check_db": "김종혁", "st_nm_kj": "亀浦", "st_nm_mr": "Kup'o", "st_nm_rmj": "Kihō" }, "geometry": { "type": "Point", "coordinates": [ 128.9976, 35.206 ] } },
{ "type": "Feature", "properties": { "fid": 6, "OBJECTID": 6, "st_id": "kp_006", "st_nm_kr": "물금", "comment": "-", "rail_code": "kp", "id_lines": "경부선", "filter": "구역1:경인선과 경부선", "check_db": "김종혁", "st_nm_kj": "勿禁", "st_nm_mr": "Mulgŭm", "st_nm_rmj": "Fukkin" }, "geometry": { "type": "Point", "coordinates": [ 128.9821, 35.30890000100004 ] } },
{ "type": "Feature", "properties": { "fid": 7, "OBJECTID": 7, "st_id": "kp_007", "st_nm_kr": "원동", "comment": "-", "rail_code": "kp", "id_lines": "경부선", "filter": "구역1:경인선과 경부선", "check_db": "김종혁", "st_nm_kj": "院洞", "st_nm_mr": "Wŏndong", "st_nm_rmj": "Indō" }, "geometry": { "type": "Point", "coordinates": [ 128.9225, 35.3618 ] } },
{ "type": "Feature", "properties": { "fid": 8, "OBJECTID": 8, "st_id": "kp_008", "st_nm_kr": "삼랑진", "comment": "-", "rail_code": "kp", "id_lines": "경부선", "filter": "구역1:경인선과 경부선", "check_db": "김종혁", "st_nm_kj": "三浪津", "st_nm_mr": "Samnangjin", "st_nm_rmj": "Sanrōshin" }, "geometry": { "type": "Point", "coordinates": [ 128.8434, 35.399 ] } },
{ "type": "Feature", "properties": { "fid": 9, "OBJECTID": 9, "st_id": "kp_009", "st_nm_kr": "밀양", "comment": "-", "rail_code": "kp", "id_lines": "경부선", "filter": "구역1:경인선과 경부선", "check_db": "김종혁", "st_nm_kj": "密陽", "st_nm_mr": "Miryang", "st_nm_rmj": "Mitsuyō" }, "geometry": { "type": "Point", "coordinates": [ 128.7685, 35.4761 ] } },
{ "type": "Feature", "properties": { "fid": 10, "OBJECTID": 10, "st_id": "kp_010", "st_nm_kr": "유천", "comment": "-", "rail_code": "kp", "id_lines": "경부선", "filter": "구역1:경인선과 경부선", "check_db": "김종혁", "st_nm_kj": "楡川", "st_nm_mr": "Yuch'ŏn", "st_nm_rmj": "Yusen" }, "geometry": { "type": "Point", "coordinates": [ 128.7621, 35.5644 ] } },
{ "type": "Feature", "properties": { "fid": 11, "OBJECTID": 11, "st_id": "kp_011", "st_nm_kr": "청도", "comment": "-", "rail_code": "kp", "id_lines": "경부선", "filter": "구역1:경인선과 경부선", "check_db": "김종혁", "st_nm_kj": "清道", "st_nm_mr": "Ch'ŏngdo", "st_nm_rmj": "Seidō" }, "geometry": { "type": "Point", "coordinates": [ 128.7458, 35.6402 ] } },
{ "type": "Feature", "properties": { "fid": 12, "OBJECTID": 12, "st_id": "kp_012", "st_nm_kr": "남성현", "comment": "-", "rail_code": "kp", "id_lines": "경부선", "filter": "구역1:경인선과 경부선", "check_db": "김종혁", "st_nm_kj": "南省峴", "st_nm_mr": "Namsŏnghyŏn", "st_nm_rmj": "Minamishōgen" }, "geometry": { "type": "Point", "coordinates": [ 128.715600000000109, 35.7062 ] } },
{ "type": "Feature", "properties": { "fid": 13, "OBJECTID": 13, "st_id": "kp_013", "st_nm_kr": "삼성", "comment": "-", "rail_code": "kp", "id_lines": "경부선", "filter": "구역1:경인선과 경부선", "check_db": "김종혁", "st_nm_kj": "三省", "st_nm_mr": "Samsŏng", "st_nm_rmj": "Sanshō" }, "geometry": { "type": "Point", "coordinates": [ 128.7221, 35.7633 ] } },
{ "type": "Feature", "properties": { "fid": 14, "OBJECTID": 14, "st_id": "kp_014", "st_nm_kr": "경산", "comment": "-", "rail_code": "kp", "id_lines": "경부선", "filter": "구역1:경인선과 경부선", "check_db": "김종혁", "st_nm_kj": "慶山", "st_nm_mr": "Kyŏngsan", "st_nm_rmj": "Keizan" }, "geometry": { "type": "Point", "coordinates": [ 128.7279, 35.818399999000064 ] } },
{ "type": "Feature", "properties": { "fid": 15, "OBJECTID": 15, "st_id": "kp_015", "st_nm_kr": "고모", "comment": "-", "rail_code": "kp", "id_lines": "경부선", "filter": "구역1:경인선과 경부선", "check_db": "김종혁", "st_nm_kj": "顧母", "st_nm_mr": "Komo", "st_nm_rmj": "Komo" }, "geometry": { "type": "Point", "coordinates": [ 128.6788, 35.8595 ] } },
{ "type": "Feature", "properties": { "fid": 16, "OBJECTID": 16, "st_id": "kp_016", "st_nm_kr": "대구", "comment": "-", "rail_code": "kp", "id_lines": "경부선", "filter": "구역1:경인선과 경부선", "check_db": "김종혁", "st_nm_kj": "大邱", "st_nm_mr": "Taegu", "st_nm_rmj": "Taikyū" }, "geometry": { "type": "Point", "coordinates": [ 128.595100000000116, 35.876 ] } },
{ "type": "Feature", "properties": { "fid": 17, "OBJECTID": 17, "st_id": "kp_017", "st_nm_kr": "지천", "comment": "-", "rail_code": "kp", "id_lines": "경부선", "filter": "구역1:경인선과 경부선", "check_db": "김종혁", "st_nm_kj": "枝川", "st_nm_mr": "Chich'ŏn", "st_nm_rmj": "Shisen" }, "geometry": { "type": "Point", "coordinates": [ 128.5004, 35.8967 ] } },
{ "type": "Feature", "properties": { "fid": 18, "OBJECTID": 18, "st_id": "kp_018", "st_nm_kr": "신동", "comment": "-", "rail_code": "kp", "id_lines": "경부선", "filter": "구역1:경인선과 경부선", "check_db": "김종혁", "st_nm_kj": "新洞", "st_nm_mr": "Sindong", "st_nm_rmj": "Shindō" }, "geometry": { "type": "Point", "coordinates": [ 128.4862, 35.9552 ] } },
{ "type": "Feature", "properties": { "fid": 19, "OBJECTID": 19, "st_id": "kp_019", "st_nm_kr": "왜관", "comment": "-", "rail_code": "kp", "id_lines": "경부선", "filter": "구역1:경인선과 경부선", "check_db": "김종혁", "st_nm_kj": "倭館", "st_nm_mr": "Waegwan", "st_nm_rmj": "Wakan" }, "geometry": { "type": "Point", "coordinates": [ 128.4002, 35.9924 ] } },
{ "type": "Feature", "properties": { "fid": 20, "OBJECTID": 20, "st_id": "kp_020", "st_nm_kr": "약목", "comment": "-", "rail_code": "kp", "id_lines": "경부선", "filter": "구역1:경인선과 경부선", "check_db": "김종혁", "st_nm_kj": "若木", "st_nm_mr": "Yangmok", "st_nm_rmj": "Jakuboku" }, "geometry": { "type": "Point", "coordinates": [ 128.3639, 36.037900001000025 ] } },
{ "type": "Feature", "properties": { "fid": 21, "OBJECTID": 21, "st_id": "kp_021", "st_nm_kr": "구미", "comment": "-", "rail_code": "kp", "id_lines": "경부선", "filter": "구역1:경인선과 경부선", "check_db": "김종혁", "st_nm_kj": "亀尾", "st_nm_mr": "Kumi", "st_nm_rmj": "Kibi" }, "geometry": { "type": "Point", "coordinates": [ 128.3307, 36.1281 ] } },
{ "type": "Feature", "properties": { "fid": 22, "OBJECTID": 22, "st_id": "kp_022", "st_nm_kr": "아포", "comment": "-", "rail_code": "kp", "id_lines": "경부선", "filter": "구역1:경인선과 경부선", "check_db": "김종혁", "st_nm_kj": "牙浦", "st_nm_mr": "Ap'o", "st_nm_rmj": "Gaho" }, "geometry": { "type": "Point", "coordinates": [ 128.257700000000114, 36.1578 ] } },
{ "type": "Feature", "properties": { "fid": 23, "OBJECTID": 23, "st_id": "kp_023", "st_nm_kr": "대신", "comment": "-", "rail_code": "kp", "id_lines": "경부선", "filter": "구역1:경인선과 경부선", "check_db": "김종혁", "st_nm_kj": "大新", "st_nm_mr": "Taesin", "st_nm_rmj": "Taishin" }, "geometry": { "type": "Point", "coordinates": [ 128.1948000000001, 36.152100001000065 ] } },
{ "type": "Feature", "properties": { "fid": 24, "OBJECTID": 24, "st_id": "kp_024", "st_nm_kr": "김천", "comment": "-", "rail_code": "kp", "id_lines": "경부선", "filter": "구역1:경인선과 경부선", "check_db": "김종혁", "st_nm_kj": "金泉", "st_nm_mr": "Kimch'ŏn", "st_nm_rmj": "Kinsen" }, "geometry": { "type": "Point", "coordinates": [ 128.1148, 36.123600001000057 ] } },
{ "type": "Feature", "properties": { "fid": 25, "OBJECTID": 25, "st_id": "kp_025", "st_nm_kr": "직지사", "comment": "-", "rail_code": "kp", "id_lines": "경부선", "filter": "구역1:경인선과 경부선", "check_db": "김종혁", "st_nm_kj": "直指寺", "st_nm_mr": "Chikchisa", "st_nm_rmj": "Chokushiji" }, "geometry": { "type": "Point", "coordinates": [ 128.0395, 36.1251 ] } },
{ "type": "Feature", "properties": { "fid": 26, "OBJECTID": 26, "st_id": "kp_026", "st_nm_kr": "추풍령", "comment": "-", "rail_code": "kp", "id_lines": "경부선", "filter": "구역1:경인선과 경부선", "check_db": "김종혁", "st_nm_kj": "秋風嶺", "st_nm_mr": "Ch'up'ungnyŏng", "st_nm_rmj": "Shūfūrei" }, "geometry": { "type": "Point", "coordinates": [ 127.996400000000108, 36.213 ] } },
{ "type": "Feature", "properties": { "fid": 27, "OBJECTID": 27, "st_id": "kp_027", "st_nm_kr": "황간", "comment": "-", "rail_code": "kp", "id_lines": "경부선", "filter": "구역1:경인선과 경부선", "check_db": "김종혁", "st_nm_kj": "黄澗", "st_nm_mr": "Hwanggan", "st_nm_rmj": "Kōkan" }, "geometry": { "type": "Point", "coordinates": [ 127.9111, 36.224400001000049 ] } },
{ "type": "Feature", "properties": { "fid": 28, "OBJECTID": 28, "st_id": "kp_028", "st_nm_kr": "영동", "comment": "-", "rail_code": "kp", "id_lines": "경부선", "filter": "구역1:경인선과 경부선", "check_db": "김종혁", "st_nm_kj": "永同", "st_nm_mr": "Yŏngdong", "st_nm_rmj": "Eigō" }, "geometry": { "type": "Point", "coordinates": [ 127.784900000000107, 36.1731 ] } },
{ "type": "Feature", "properties": { "fid": 29, "OBJECTID": 29, "st_id": "kp_029", "st_nm_kr": "심천", "comment": "-", "rail_code": "kp", "id_lines": "경부선", "filter": "구역1:경인선과 경부선", "check_db": "김종혁", "st_nm_kj": "深川", "st_nm_mr": "Simch'ŏn", "st_nm_rmj": "Shinsen" }, "geometry": { "type": "Point", "coordinates": [ 127.720600000000104, 36.2367 ] } },
{ "type": "Feature", "properties": { "fid": 30, "OBJECTID": 30, "st_id": "kp_030", "st_nm_kr": "이원", "comment": "-", "rail_code": "kp", "id_lines": "경부선", "filter": "구역1:경인선과 경부선", "check_db": "김종혁", "st_nm_kj": "伊院", "st_nm_mr": "Iwŏn", "st_nm_rmj": "Iin" }, "geometry": { "type": "Point", "coordinates": [ 127.6279, 36.2489 ] } },
{ "type": "Feature", "properties": { "fid": 31, "OBJECTID": 31, "st_id": "kp_031", "st_nm_kr": "옥천", "comment": "-", "rail_code": "kp", "id_lines": "경부선", "filter": "구역1:경인선과 경부선", "check_db": "김종혁", "st_nm_kj": "沃川", "st_nm_mr": "Okch'ŏn", "st_nm_rmj": "Yokusen" }, "geometry": { "type": "Point", "coordinates": [ 127.5654, 36.2984 ] } },
{ "type": "Feature", "properties": { "fid": 32, "OBJECTID": 32, "st_id": "kp_032", "st_nm_kr": "세천", "comment": "-", "rail_code": "kp", "id_lines": "경부선", "filter": "구역1:경인선과 경부선", "check_db": "김종혁", "st_nm_kj": "細川", "st_nm_mr": "Sech'ŏn", "st_nm_rmj": "Saisen" }, "geometry": { "type": "Point", "coordinates": [ 127.490500000000111, 36.337099999000031 ] } },
{ "type": "Feature", "properties": { "fid": 33, "OBJECTID": 33, "st_id": "kp_033", "st_nm_kr": "대전", "comment": "-", "rail_code": "kp", "id_lines": "경부선", "filter": "구역1:경인선과 경부선", "check_db": "김종혁", "st_nm_kj": "大田", "st_nm_mr": "Taejŏn", "st_nm_rmj": "Taiden" }, "geometry": { "type": "Point", "coordinates": [ 127.4341, 36.331800001000033 ] } },
{ "type": "Feature", "properties": { "fid": 34, "OBJECTID": 34, "st_id": "kp_034", "st_nm_kr": "회덕", "comment": "-", "rail_code": "kp", "id_lines": "경부선", "filter": "구역1:경인선과 경부선", "check_db": "김종혁", "st_nm_kj": "懐徳", "st_nm_mr": "Hoedŏk", "st_nm_rmj": "Kaitoku" }, "geometry": { "type": "Point", "coordinates": [ 127.4214, 36.4025 ] } },
{ "type": "Feature", "properties": { "fid": 35, "OBJECTID": 35, "st_id": "kp_035", "st_nm_kr": "신탄진", "comment": "-", "rail_code": "kp", "id_lines": "경부선", "filter": "구역1:경인선과 경부선", "check_db": "김종혁", "st_nm_kj": "新灘津", "st_nm_mr": "Sint'anjin", "st_nm_rmj": "Shinnanshin" }, "geometry": { "type": "Point", "coordinates": [ 127.4282, 36.4483 ] } },
{ "type": "Feature", "properties": { "fid": 36, "OBJECTID": 36, "st_id": "kp_036", "st_nm_kr": "매포", "comment": "-", "rail_code": "kp", "id_lines": "경부선", "filter": "구역1:경인선과 경부선", "check_db": "김종혁", "st_nm_kj": "梅浦", "st_nm_mr": "Maep'o", "st_nm_rmj": "Haiho" }, "geometry": { "type": "Point", "coordinates": [ 127.391, 36.4981 ] } },
{ "type": "Feature", "properties": { "fid": 37, "OBJECTID": 37, "st_id": "kp_037", "st_nm_kr": "부강", "comment": "-", "rail_code": "kp", "id_lines": "경부선", "filter": "구역1:경인선과 경부선", "check_db": "김종혁", "st_nm_kj": "芙江", "st_nm_mr": "Pugang", "st_nm_rmj": "Fukō" }, "geometry": { "type": "Point", "coordinates": [ 127.3652, 36.532299999000031 ] } },
{ "type": "Feature", "properties": { "fid": 38, "OBJECTID": 38, "st_id": "kp_038", "st_nm_kr": "내판", "comment": "-", "rail_code": "kp", "id_lines": "경부선", "filter": "구역1:경인선과 경부선", "check_db": "김종혁", "st_nm_kj": "内板", "st_nm_mr": "Naep'an", "st_nm_rmj": "Naihan" }, "geometry": { "type": "Point", "coordinates": [ 127.3281, 36.5518 ] } },
{ "type": "Feature", "properties": { "fid": 39, "OBJECTID": 39, "st_id": "kp_039", "st_nm_kr": "조치원", "comment": "-", "rail_code": "kp", "id_lines": "경부선", "filter": "구역1:경인선과 경부선", "check_db": "김종혁", "st_nm_kj": "鳥致院", "st_nm_mr": "Choch'iwŏn", "st_nm_rmj": "Chōchiin" }, "geometry": { "type": "Point", "coordinates": [ 127.2957, 36.601299999000048 ] } },
{ "type": "Feature", "properties": { "fid": 40, "OBJECTID": 40, "st_id": "kp_040", "st_nm_kr": "전동", "comment": "-", "rail_code": "kp", "id_lines": "경부선", "filter": "구역1:경인선과 경부선", "check_db": "김종혁", "st_nm_kj": "全東", "st_nm_mr": "Chŏndong", "st_nm_rmj": "Zentō" }, "geometry": { "type": "Point", "coordinates": [ 127.2633, 36.6547 ] } },
{ "type": "Feature", "properties": { "fid": 41, "OBJECTID": 41, "st_id": "kp_041", "st_nm_kr": "전의", "comment": "-", "rail_code": "kp", "id_lines": "경부선", "filter": "구역1:경인선과 경부선", "check_db": "김종혁", "st_nm_kj": "全義", "st_nm_mr": "Chŏnŭi", "st_nm_rmj": "Zengi" }, "geometry": { "type": "Point", "coordinates": [ 127.2035, 36.67809999900004 ] } },
{ "type": "Feature", "properties": { "fid": 42, "OBJECTID": 42, "st_id": "kp_042", "st_nm_kr": "소정리", "comment": "-", "rail_code": "kp", "id_lines": "경부선", "filter": "구역1:경인선과 경부선", "check_db": "김종혁", "st_nm_kj": "小井里", "st_nm_mr": "Sojŏngni", "st_nm_rmj": "Shōseiri" }, "geometry": { "type": "Point", "coordinates": [ 127.1557, 36.71900000100004 ] } },
{ "type": "Feature", "properties": { "fid": 43, "OBJECTID": 43, "st_id": "kp_043", "st_nm_kr": "천안", "comment": "-", "rail_code": "kp", "id_lines": "경부선", "filter": "구역1:경인선과 경부선", "check_db": "김종혁", "st_nm_kj": "天安", "st_nm_mr": "Ch'ŏnan", "st_nm_rmj": "Ten'an" }, "geometry": { "type": "Point", "coordinates": [ 127.1469, 36.8092 ] } },
{ "type": "Feature", "properties": { "fid": 44, "OBJECTID": 44, "st_id": "kp_044", "st_nm_kr": "직산", "comment": "-", "rail_code": "kp", "id_lines": "경부선", "filter": "구역1:경인선과 경부선", "check_db": "김종혁", "st_nm_kj": "稷山", "st_nm_mr": "Chiksan", "st_nm_rmj": "Shokusan" }, "geometry": { "type": "Point", "coordinates": [ 127.146, 36.86559999900004 ] } },
{ "type": "Feature", "properties": { "fid": 45, "OBJECTID": 45, "st_id": "kp_045", "st_nm_kr": "성환", "comment": "-", "rail_code": "kp", "id_lines": "경부선", "filter": "구역1:경인선과 경부선", "check_db": "김종혁", "st_nm_kj": "成歓", "st_nm_mr": "Sŏnghwan", "st_nm_rmj": "Seikan" }, "geometry": { "type": "Point", "coordinates": [ 127.1269, 36.9158 ] } },
{ "type": "Feature", "properties": { "fid": 46, "OBJECTID": 46, "st_id": "kp_046", "st_nm_kr": "평택", "comment": "-", "rail_code": "kp", "id_lines": "경부선", "filter": "구역1:경인선과 경부선", "check_db": "김종혁", "st_nm_kj": "平沢", "st_nm_mr": "P'yŏngt'aek", "st_nm_rmj": "Heitaku" }, "geometry": { "type": "Point", "coordinates": [ 127.0864, 36.989800001000049 ] } },
{ "type": "Feature", "properties": { "fid": 47, "OBJECTID": 47, "st_id": "kp_047", "st_nm_kr": "서정리", "comment": "-", "rail_code": "kp", "id_lines": "경부선", "filter": "구역1:경인선과 경부선", "check_db": "김종혁", "st_nm_kj": "西井里", "st_nm_mr": "Sŏjŏngni", "st_nm_rmj": "Seiseiri" }, "geometry": { "type": "Point", "coordinates": [ 127.0528, 37.056500001000074 ] } },
{ "type": "Feature", "properties": { "fid": 48, "OBJECTID": 48, "st_id": "kp_048", "st_nm_kr": "오산", "comment": "-", "rail_code": "kp", "id_lines": "경부선", "filter": "구역1:경인선과 경부선", "check_db": "김종혁", "st_nm_kj": "烏山", "st_nm_mr": "Osan", "st_nm_rmj": "Uzan" }, "geometry": { "type": "Point", "coordinates": [ 127.0668, 37.146199999000032 ] } },
{ "type": "Feature", "properties": { "fid": 49, "OBJECTID": 49, "st_id": "kp_049", "st_nm_kr": "병점", "comment": "-", "rail_code": "kp", "id_lines": "경부선", "filter": "구역1:경인선과 경부선", "check_db": "김종혁", "st_nm_kj": "餅店", "st_nm_mr": "Pyŏngjŏm", "st_nm_rmj": "Beiten" }, "geometry": { "type": "Point", "coordinates": [ 127.0329, 37.2072 ] } },
{ "type": "Feature", "properties": { "fid": 50, "OBJECTID": 50, "st_id": "kp_050", "st_nm_kr": "수원", "comment": "-", "rail_code": "kp", "id_lines": "경부선", "filter": "구역1:경인선과 경부선", "check_db": "김종혁", "st_nm_kj": "水原", "st_nm_mr": "Suwŏn", "st_nm_rmj": "Suigen" }, "geometry": { "type": "Point", "coordinates": [ 126.9996000000001, 37.2664 ] } },
{ "type": "Feature", "properties": { "fid": 51, "OBJECTID": 51, "st_id": "kp_051", "st_nm_kr": "군포", "comment": "-", "rail_code": "kp", "id_lines": "경부선", "filter": "구역1:경인선과 경부선", "check_db": "김종혁", "st_nm_kj": "軍浦", "st_nm_mr": "Kunp'o", "st_nm_rmj": "Gunpo" }, "geometry": { "type": "Point", "coordinates": [ 126.948800000000119, 37.3542 ] } },
{ "type": "Feature", "properties": { "fid": 52, "OBJECTID": 52, "st_id": "kp_052", "st_nm_kr": "안양", "comment": "-", "rail_code": "kp", "id_lines": "경부선", "filter": "구역1:경인선과 경부선", "check_db": "김종혁", "st_nm_kj": "安養", "st_nm_mr": "Anyang", "st_nm_rmj": "An'yō" }, "geometry": { "type": "Point", "coordinates": [ 126.9234, 37.401000001000057 ] } },
{ "type": "Feature", "properties": { "fid": 53, "OBJECTID": 53, "st_id": "kp_053", "st_nm_kr": "시흥", "comment": "-", "rail_code": "kp", "id_lines": "경부선", "filter": "구역1:경인선과 경부선", "check_db": "김종혁", "st_nm_kj": "始興", "st_nm_mr": "Sihŭng", "st_nm_rmj": "Shikō" }, "geometry": { "type": "Point", "coordinates": [ 126.8942, 37.4553 ] } },
{ "type": "Feature", "properties": { "fid": 54, "OBJECTID": 54, "st_id": "kp_054", "st_nm_kr": "남경성", "comment": "-", "rail_code": "kp", "id_lines": "경부선", "filter": "구역1:경인선과 경부선", "check_db": "김종혁", "st_nm_kj": "南京城", "st_nm_mr": "Namgyŏngsŏng", "st_nm_rmj": "Nankyōjō" }, "geometry": { "type": "Point", "coordinates": [ 126.907600000000116, 37.515699999000049 ] } },
{ "type": "Feature", "properties": { "fid": 55, "OBJECTID": 55, "st_id": "kp_055", "st_nm_kr": "노량진", "comment": "-", "rail_code": "kp", "id_lines": "경부선", "filter": "구역1:경인선과 경부선", "check_db": "김종혁", "st_nm_kj": "鷺梁津", "st_nm_mr": "Noryangjin", "st_nm_rmj": "Roryōshin" }, "geometry": { "type": "Point", "coordinates": [ 126.9405, 37.5141 ] } },
{ "type": "Feature", "properties": { "fid": 56, "OBJECTID": 56, "st_id": "kp_056", "st_nm_kr": "용산", "comment": "-", "rail_code": "kp", "id_lines": "경부선", "filter": "구역1:경인선과 경부선", "check_db": "김종혁", "st_nm_kj": "龍山", "st_nm_mr": "Yongsan", "st_nm_rmj": "Ryūzan" }, "geometry": { "type": "Point", "coordinates": [ 126.964200000000119, 37.5297 ] } },
{ "type": "Feature", "properties": { "fid": 57, "OBJECTID": 57, "st_id": "kp_057", "st_nm_kr": "경성", "comment": "-", "rail_code": "kp", "id_lines": "경부선", "filter": "구역1:경인선과 경부선", "check_db": "김종혁", "st_nm_kj": "京城", "st_nm_mr": "Kyŏngsŏng", "st_nm_rmj": "Keijō" }, "geometry": { "type": "Point", "coordinates": [ 126.9711, 37.555199999000024 ] } },
{ "type": "Feature", "properties": { "fid": 58, "OBJECTID": 58, "st_id": "ke_002", "st_nm_kr": "신촌", "comment": "-", "rail_code": "ke", "id_lines": "경의선", "filter": "구역4:경의선 및 관련 지선", "check_db": "김종혁", "st_nm_kj": "新村", "st_nm_mr": "Sinch'on", "st_nm_rmj": "Shinson" }, "geometry": { "type": "Point", "coordinates": [ 126.943, 37.5604 ] } },
{ "type": "Feature", "properties": { "fid": 59, "OBJECTID": 59, "st_id": "ke_001", "st_nm_kr": "경성", "comment": "-", "rail_code": "ke", "id_lines": "경의선", "filter": "구역4:경의선 및 관련 지선", "check_db": "김종혁", "st_nm_kj": "京城", "st_nm_mr": "Kyŏngsŏng", "st_nm_rmj": "Keijō" }, "geometry": { "type": "Point", "coordinates": [ 126.9711, 37.555199999000024 ] } },
{ "type": "Feature", "properties": { "fid": 60, "OBJECTID": 60, "st_id": "ke_003", "st_nm_kr": "수색", "comment": "-", "rail_code": "ke", "id_lines": "경의선", "filter": "구역4:경의선 및 관련 지선", "check_db": "김종혁", "st_nm_kj": "水色", "st_nm_mr": "Susaek", "st_nm_rmj": "Suishoku" }, "geometry": { "type": "Point", "coordinates": [ 126.8802, 37.5933 ] } },
{ "type": "Feature", "properties": { "fid": 61, "OBJECTID": 61, "st_id": "ke_004", "st_nm_kr": "능곡", "comment": "-", "rail_code": "ke", "id_lines": "경의선", "filter": "구역4:경의선 및 관련 지선", "check_db": "김종혁", "st_nm_kj": "陵谷", "st_nm_mr": "Nŭnggok", "st_nm_rmj": "Ryōkoku" }, "geometry": { "type": "Point", "coordinates": [ 126.8194, 37.6198 ] } },
{ "type": "Feature", "properties": { "fid": 62, "OBJECTID": 62, "st_id": "ke_005", "st_nm_kr": "일산", "comment": "-", "rail_code": "ke", "id_lines": "경의선", "filter": "구역4:경의선 및 관련 지선", "check_db": "김종혁", "st_nm_kj": "一山", "st_nm_mr": "Ilsan", "st_nm_rmj": "Issan" }, "geometry": { "type": "Point", "coordinates": [ 126.7685, 37.68239999900004 ] } },
{ "type": "Feature", "properties": { "fid": 63, "OBJECTID": 63, "st_id": "ke_006", "st_nm_kr": "금촌", "comment": "-", "rail_code": "ke", "id_lines": "경의선", "filter": "구역4:경의선 및 관련 지선", "check_db": "김종혁", "st_nm_kj": "金村", "st_nm_mr": "Kŭmch'on", "st_nm_rmj": "Kinson" }, "geometry": { "type": "Point", "coordinates": [ 126.7739, 37.76579999900008 ] } },
{ "type": "Feature", "properties": { "fid": 64, "OBJECTID": 64, "st_id": "ke_007", "st_nm_kr": "문산", "comment": "-", "rail_code": "ke", "id_lines": "경의선", "filter": "구역4:경의선 및 관련 지선", "check_db": "김종혁", "st_nm_kj": "汶山", "st_nm_mr": "Munsan", "st_nm_rmj": "Bunzan" }, "geometry": { "type": "Point", "coordinates": [ 126.7874, 37.854599999000072 ] } },
{ "type": "Feature", "properties": { "fid": 65, "OBJECTID": 65, "st_id": "ke_008", "st_nm_kr": "임진강", "comment": "-", "rail_code": "ke", "id_lines": "경의선", "filter": "구역4:경의선 및 관련 지선", "check_db": "김종혁", "st_nm_kj": "臨津江", "st_nm_mr": "Imjin'gang", "st_nm_rmj": "Rinshinkō" }, "geometry": { "type": "Point", "coordinates": [ 126.7456, 37.88880000100005 ] } },
{ "type": "Feature", "properties": { "fid": 66, "OBJECTID": 66, "st_id": "ke_009", "st_nm_kr": "장단", "comment": "-", "rail_code": "ke", "id_lines": "경의선", "filter": "구역4:경의선 및 관련 지선", "check_db": "김종혁", "st_nm_kj": "長湍", "st_nm_mr": "Changdan", "st_nm_rmj": "Chōtan" }, "geometry": { "type": "Point", "coordinates": [ 126.6881, 37.9048 ] } },
{ "type": "Feature", "properties": { "fid": 67, "OBJECTID": 67, "st_id": "ke_010", "st_nm_kr": "봉동", "comment": "-", "rail_code": "ke", "id_lines": "경의선", "filter": "구역4:경의선 및 관련 지선", "check_db": "김종혁", "st_nm_kj": "鳳東", "st_nm_mr": "Pongdong", "st_nm_rmj": "Hōtō" }, "geometry": { "type": "Point", "coordinates": [ 126.6225, 37.946599999000057 ] } },
{ "type": "Feature", "properties": { "fid": 68, "OBJECTID": 68, "st_id": "ke_011", "st_nm_kr": "개성", "comment": "-", "rail_code": "ke", "id_lines": "경의선", "filter": "구역4:경의선 및 관련 지선", "check_db": "김종혁", "st_nm_kj": "開城", "st_nm_mr": "Kaesŏng", "st_nm_rmj": "Kaijō" }, "geometry": { "type": "Point", "coordinates": [ 126.5413, 37.96869999900008 ] } },
{ "type": "Feature", "properties": { "fid": 69, "OBJECTID": 69, "st_id": "ke_012", "st_nm_kr": "토성", "comment": "-", "rail_code": "ke", "id_lines": "경의선", "filter": "구역4:경의선 및 관련 지선", "check_db": "김종혁", "st_nm_kj": "土城", "st_nm_mr": "T'osŏng", "st_nm_rmj": "Dojō" }, "geometry": { "type": "Point", "coordinates": [ 126.4578, 37.9528 ] } },
{ "type": "Feature", "properties": { "fid": 70, "OBJECTID": 70, "st_id": "ke_013", "st_nm_kr": "여현", "comment": "-", "rail_code": "ke", "id_lines": "경의선", "filter": "구역4:경의선 및 관련 지선", "check_db": "김종혁", "st_nm_kj": "礪峴", "st_nm_mr": "Yŏhyŏn", "st_nm_rmj": "Reiken" }, "geometry": { "type": "Point", "coordinates": [ 126.438900000000103, 38.0079 ] } },
{ "type": "Feature", "properties": { "fid": 71, "OBJECTID": 71, "st_id": "ke_014", "st_nm_kr": "계정", "comment": "-", "rail_code": "ke", "id_lines": "경의선", "filter": "구역4:경의선 및 관련 지선", "check_db": "김종혁", "st_nm_kj": "鶏井", "st_nm_mr": "Kyejŏng", "st_nm_rmj": "Keisei" }, "geometry": { "type": "Point", "coordinates": [ 126.453800000000115, 38.067199999000024 ] } },
{ "type": "Feature", "properties": { "fid": 72, "OBJECTID": 72, "st_id": "ke_015", "st_nm_kr": "금교", "comment": "-", "rail_code": "ke", "id_lines": "경의선", "filter": "구역4:경의선 및 관련 지선", "check_db": "김종혁", "st_nm_kj": "金郊", "st_nm_mr": "Kŭmgyo", "st_nm_rmj": "Kinkō" }, "geometry": { "type": "Point", "coordinates": [ 126.475100000000111, 38.163699999000073 ] } },
{ "type": "Feature", "properties": { "fid": 73, "OBJECTID": 73, "st_id": "ke_016", "st_nm_kr": "한포", "comment": "-", "rail_code": "ke", "id_lines": "경의선", "filter": "구역4:경의선 및 관련 지선", "check_db": "김종혁", "st_nm_kj": "汗浦", "st_nm_mr": "Hanp'o", "st_nm_rmj": "Kanpo" }, "geometry": { "type": "Point", "coordinates": [ 126.453, 38.227 ] } },
{ "type": "Feature", "properties": { "fid": 74, "OBJECTID": 74, "st_id": "ke_017", "st_nm_kr": "평산", "comment": "-", "rail_code": "ke", "id_lines": "경의선", "filter": "구역4:경의선 및 관련 지선", "check_db": "김종혁", "st_nm_kj": "平山", "st_nm_mr": "P'yŏngsan", "st_nm_rmj": "Heizan" }, "geometry": { "type": "Point", "coordinates": [ 126.4315, 38.260600001000057 ] } },
{ "type": "Feature", "properties": { "fid": 75, "OBJECTID": 75, "st_id": "ke_018", "st_nm_kr": "남천", "comment": "-", "rail_code": "ke", "id_lines": "경의선", "filter": "구역4:경의선 및 관련 지선", "check_db": "김종혁", "st_nm_kj": "南川", "st_nm_mr": "Namch'ŏn", "st_nm_rmj": "Nansen" }, "geometry": { "type": "Point", "coordinates": [ 126.3959, 38.331900001000065 ] } },
{ "type": "Feature", "properties": { "fid": 76, "OBJECTID": 76, "st_id": "ke_019", "st_nm_kr": "물개", "comment": "-", "rail_code": "ke", "id_lines": "경의선", "filter": "구역4:경의선 및 관련 지선", "check_db": "김종혁", "st_nm_kj": "物開", "st_nm_mr": "Mulgae", "st_nm_rmj": "Bukkai" }, "geometry": { "type": "Point", "coordinates": [ 126.3235, 38.3749 ] } },
{ "type": "Feature", "properties": { "fid": 77, "OBJECTID": 77, "st_id": "ke_020", "st_nm_kr": "신막", "comment": "-", "rail_code": "ke", "id_lines": "경의선", "filter": "구역4:경의선 및 관련 지선", "check_db": "김종혁", "st_nm_kj": "新幕", "st_nm_mr": "Sinmak", "st_nm_rmj": "Shinbaku" }, "geometry": { "type": "Point", "coordinates": [ 126.2272, 38.4187 ] } },
{ "type": "Feature", "properties": { "fid": 78, "OBJECTID": 78, "st_id": "ke_021", "st_nm_kr": "서흥", "comment": "-", "rail_code": "ke", "id_lines": "경의선", "filter": "구역4:경의선 및 관련 지선", "check_db": "김종혁", "st_nm_kj": "瑞興", "st_nm_mr": "Sŏhŭng", "st_nm_rmj": "Zuikō" }, "geometry": { "type": "Point", "coordinates": [ 126.1719, 38.4233 ] } },
{ "type": "Feature", "properties": { "fid": 79, "OBJECTID": 79, "st_id": "ke_022", "st_nm_kr": "흥수", "comment": "-", "rail_code": "ke", "id_lines": "경의선", "filter": "구역4:경의선 및 관련 지선", "check_db": "김종혁", "st_nm_kj": "興水", "st_nm_mr": "Hŭngsu", "st_nm_rmj": "Kōsui" }, "geometry": { "type": "Point", "coordinates": [ 126.0251, 38.459899999000072 ] } },
{ "type": "Feature", "properties": { "fid": 80, "OBJECTID": 80, "st_id": "ke_023", "st_nm_kr": "청계", "comment": "-", "rail_code": "ke", "id_lines": "경의선", "filter": "구역4:경의선 및 관련 지선", "check_db": "김종혁", "st_nm_kj": "清溪", "st_nm_mr": "Ch'ŏnggye", "st_nm_rmj": "Seikei" }, "geometry": { "type": "Point", "coordinates": [ 125.9376, 38.463199999000039 ] } },
{ "type": "Feature", "properties": { "fid": 81, "OBJECTID": 81, "st_id": "ke_024", "st_nm_kr": "마동", "comment": "-", "rail_code": "ke", "id_lines": "경의선", "filter": "구역4:경의선 및 관련 지선", "check_db": "김종혁", "st_nm_kj": "馬洞", "st_nm_mr": "Madong", "st_nm_rmj": "Badō" }, "geometry": { "type": "Point", "coordinates": [ 125.8615, 38.468 ] } },
{ "type": "Feature", "properties": { "fid": 82, "OBJECTID": 82, "st_id": "ke_026", "st_nm_kr": "사리원", "comment": "-", "rail_code": "ke", "id_lines": "경의선", "filter": "구역4:경의선 및 관련 지선", "check_db": "김종혁", "st_nm_kj": "沙里院", "st_nm_mr": "Sariwŏn", "st_nm_rmj": "Shariin" }, "geometry": { "type": "Point", "coordinates": [ 125.7631, 38.5044 ] } },
{ "type": "Feature", "properties": { "fid": 83, "OBJECTID": 83, "st_id": "ke_025", "st_nm_kr": "신봉산", "comment": "-", "rail_code": "ke", "id_lines": "경의선", "filter": "구역4:경의선 및 관련 지선", "check_db": "김종혁", "st_nm_kj": "新鳳山", "st_nm_mr": "Sinbongsan", "st_nm_rmj": "Shinpōzan" }, "geometry": { "type": "Point", "coordinates": [ 125.8147, 38.4937 ] } },
{ "type": "Feature", "properties": { "fid": 84, "OBJECTID": 84, "st_id": "ke_027", "st_nm_kr": "계동", "comment": "-", "rail_code": "ke", "id_lines": "경의선", "filter": "구역4:경의선 및 관련 지선", "check_db": "김종혁", "st_nm_kj": "桂東", "st_nm_mr": "Kyedong", "st_nm_rmj": "Keitō" }, "geometry": { "type": "Point", "coordinates": [ 125.7185, 38.559699999000031 ] } },
{ "type": "Feature", "properties": { "fid": 85, "OBJECTID": 85, "st_id": "ke_028", "st_nm_kr": "심촌", "comment": "-", "rail_code": "ke", "id_lines": "경의선", "filter": "구역4:경의선 및 관련 지선", "check_db": "김종혁", "st_nm_kj": "沈村", "st_nm_mr": "Simch'on", "st_nm_rmj": "Chinson" }, "geometry": { "type": "Point", "coordinates": [ 125.7267, 38.6109 ] } },
{ "type": "Feature", "properties": { "fid": 86, "OBJECTID": 86, "st_id": "ke_029", "st_nm_kr": "황해황주", "comment": "-", "rail_code": "ke", "id_lines": "경의선", "filter": "구역4:경의선 및 관련 지선", "check_db": "김종혁", "st_nm_kj": "黃海黃州", "st_nm_mr": "Hwanghaehwangju", "st_nm_rmj": "Hōkai-Kōshū" }, "geometry": { "type": "Point", "coordinates": [ 125.7605, 38.695699999000055 ] } },
{ "type": "Feature", "properties": { "fid": 87, "OBJECTID": 87, "st_id": "ke_030", "st_nm_kr": "흑교", "comment": "-", "rail_code": "ke", "id_lines": "경의선", "filter": "구역4:경의선 및 관련 지선", "check_db": "김종혁", "st_nm_kj": "黒橋", "st_nm_mr": "Hŭkkyo", "st_nm_rmj": "Kokkyō" }, "geometry": { "type": "Point", "coordinates": [ 125.7905, 38.799799999000072 ] } },
{ "type": "Feature", "properties": { "fid": 88, "OBJECTID": 88, "st_id": "ke_031", "st_nm_kr": "중화", "comment": "-", "rail_code": "ke", "id_lines": "경의선", "filter": "구역4:경의선 및 관련 지선", "check_db": "김종혁", "st_nm_kj": "中和", "st_nm_mr": "Chunghwa", "st_nm_rmj": "Chūwa" }, "geometry": { "type": "Point", "coordinates": [ 125.7879, 38.857999999000072 ] } },
{ "type": "Feature", "properties": { "fid": 89, "OBJECTID": 89, "st_id": "ke_032", "st_nm_kr": "역포", "comment": "-", "rail_code": "ke", "id_lines": "경의선", "filter": "구역4:경의선 및 관련 지선", "check_db": "김종혁", "st_nm_kj": "力浦", "st_nm_mr": "Yŏkp'o", "st_nm_rmj": "Ryokuho" }, "geometry": { "type": "Point", "coordinates": [ 125.777, 38.918400001000066 ] } },
{ "type": "Feature", "properties": { "fid": 90, "OBJECTID": 90, "st_id": "ke_033", "st_nm_kr": "대동강", "comment": "-", "rail_code": "ke", "id_lines": "경의선", "filter": "구역4:경의선 및 관련 지선", "check_db": "김종혁", "st_nm_kj": "大同江", "st_nm_mr": "Taedonggang", "st_nm_rmj": "Daidōkō" }, "geometry": { "type": "Point", "coordinates": [ 125.7553, 38.984300001000065 ] } },
{ "type": "Feature", "properties": { "fid": 91, "OBJECTID": 91, "st_id": "ke_034", "st_nm_kr": "평양", "comment": "-", "rail_code": "ke", "id_lines": "경의선", "filter": "구역4:경의선 및 관련 지선", "check_db": "김종혁", "st_nm_kj": "平壤", "st_nm_mr": "P'yŏngyang", "st_nm_rmj": "Heijō" }, "geometry": { "type": "Point", "coordinates": [ 125.7358, 39.0046 ] } },
{ "type": "Feature", "properties": { "fid": 92, "OBJECTID": 92, "st_id": "ke_036", "st_nm_kr": "서포", "comment": "-", "rail_code": "ke", "id_lines": "경의선", "filter": "구역4:경의선 및 관련 지선", "check_db": "김종혁", "st_nm_kj": "西浦", "st_nm_mr": "Sŏp'o", "st_nm_rmj": "Seiho" }, "geometry": { "type": "Point", "coordinates": [ 125.7353, 39.091499999000064 ] } },
{ "type": "Feature", "properties": { "fid": 93, "OBJECTID": 93, "st_id": "ke_038", "st_nm_kr": "순안", "comment": "-", "rail_code": "ke", "id_lines": "경의선", "filter": "구역4:경의선 및 관련 지선", "check_db": "김종혁", "st_nm_kj": "順安", "st_nm_mr": "Sunan", "st_nm_rmj": "Jun'an" }, "geometry": { "type": "Point", "coordinates": [ 125.6831, 39.1963 ] } },
{ "type": "Feature", "properties": { "fid": 94, "OBJECTID": 94, "st_id": "ke_037", "st_nm_kr": "간리", "comment": "-", "rail_code": "ke", "id_lines": "경의선", "filter": "구역4:경의선 및 관련 지선", "check_db": "김종혁", "st_nm_kj": "間里", "st_nm_mr": "Kalli", "st_nm_rmj": "Kanri" }, "geometry": { "type": "Point", "coordinates": [ 125.7014, 39.1392 ] } },
{ "type": "Feature", "properties": { "fid": 95, "OBJECTID": 95, "st_id": "ke_039", "st_nm_kr": "석암", "comment": "-", "rail_code": "ke", "id_lines": "경의선", "filter": "구역4:경의선 및 관련 지선", "check_db": "김종혁", "st_nm_kj": "石巌", "st_nm_mr": "Sŏgam", "st_nm_rmj": "Sekigan" }, "geometry": { "type": "Point", "coordinates": [ 125.6844, 39.261399999000048 ] } },
{ "type": "Feature", "properties": { "fid": 96, "OBJECTID": 96, "st_id": "ke_040", "st_nm_kr": "어파", "comment": "-", "rail_code": "ke", "id_lines": "경의선", "filter": "구역4:경의선 및 관련 지선", "check_db": "김종혁", "st_nm_kj": "漁波", "st_nm_mr": "Ŏp'a", "st_nm_rmj": "Gyoha" }, "geometry": { "type": "Point", "coordinates": [ 125.6497, 39.327400001000058 ] } },
{ "type": "Feature", "properties": { "fid": 97, "OBJECTID": 97, "st_id": "ke_041", "st_nm_kr": "숙천", "comment": "-", "rail_code": "ke", "id_lines": "경의선", "filter": "구역4:경의선 및 관련 지선", "check_db": "김종혁", "st_nm_kj": "粛川", "st_nm_mr": "Sukch'ŏn", "st_nm_rmj": "Shukusen" }, "geometry": { "type": "Point", "coordinates": [ 125.618, 39.4111 ] } },
{ "type": "Feature", "properties": { "fid": 98, "OBJECTID": 98, "st_id": "ke_042", "st_nm_kr": "만성", "comment": "-", "rail_code": "ke", "id_lines": "경의선", "filter": "구역4:경의선 및 관련 지선", "check_db": "김종혁", "st_nm_kj": "万城", "st_nm_mr": "Mansŏng", "st_nm_rmj": "Banjō" }, "geometry": { "type": "Point", "coordinates": [ 125.590600000000109, 39.4967 ] } },
{ "type": "Feature", "properties": { "fid": 99, "OBJECTID": 99, "st_id": "ke_043", "st_nm_kr": "대교", "comment": "-", "rail_code": "ke", "id_lines": "경의선", "filter": "구역4:경의선 및 관련 지선", "check_db": "김종혁", "st_nm_kj": "大橋", "st_nm_mr": "Taegyo", "st_nm_rmj": "Taikyō" }, "geometry": { "type": "Point", "coordinates": [ 125.5737, 39.558 ] } },
{ "type": "Feature", "properties": { "fid": 100, "OBJECTID": 100, "st_id": "ke_044", "st_nm_kr": "신안주", "comment": "-", "rail_code": "ke", "id_lines": "경의선", "filter": "구역4:경의선 및 관련 지선", "check_db": "김종혁", "st_nm_kj": "新安州", "st_nm_mr": "Sinanju", "st_nm_rmj": "Shin'anshū" }, "geometry": { "type": "Point", "coordinates": [ 125.6035, 39.60139999900008 ] } },
{ "type": "Feature", "properties": { "fid": 101, "OBJECTID": 101, "st_id": "ke_045", "st_nm_kr": "맹중리", "comment": "-", "rail_code": "ke", "id_lines": "경의선", "filter": "구역4:경의선 및 관련 지선", "check_db": "김종혁", "st_nm_kj": "孟中里", "st_nm_mr": "Maengjungni", "st_nm_rmj": "Mōchūri" }, "geometry": { "type": "Point", "coordinates": [ 125.597, 39.6481 ] } },
{ "type": "Feature", "properties": { "fid": 102, "OBJECTID": 102, "st_id": "ke_046", "st_nm_kr": "영미", "comment": "-", "rail_code": "ke", "id_lines": "경의선", "filter": "구역4:경의선 및 관련 지선", "check_db": "김종혁", "st_nm_kj": "嶺美", "st_nm_mr": "Yŏngmi", "st_nm_rmj": "Reibi" }, "geometry": { "type": "Point", "coordinates": [ 125.5179, 39.661 ] } },
{ "type": "Feature", "properties": { "fid": 103, "OBJECTID": 103, "st_id": "ke_047", "st_nm_kr": "운전", "comment": "-", "rail_code": "ke", "id_lines": "경의선", "filter": "구역4:경의선 및 관련 지선", "check_db": "김종혁", "st_nm_kj": "雲田", "st_nm_mr": "Unjŏn", "st_nm_rmj": "Unden" }, "geometry": { "type": "Point", "coordinates": [ 125.401700000000119, 39.6009 ] } },
{ "type": "Feature", "properties": { "fid": 104, "OBJECTID": 104, "st_id": "ke_048", "st_nm_kr": "고읍", "comment": "-", "rail_code": "ke", "id_lines": "경의선", "filter": "구역4:경의선 및 관련 지선", "check_db": "김종혁", "st_nm_kj": "古邑", "st_nm_mr": "Koŭp", "st_nm_rmj": "Koyū" }, "geometry": { "type": "Point", "coordinates": [ 125.3079, 39.6065 ] } },
{ "type": "Feature", "properties": { "fid": 105, "OBJECTID": 105, "st_id": "ke_049", "st_nm_kr": "정주", "comment": "-", "rail_code": "ke", "id_lines": "경의선", "filter": "구역4:경의선 및 관련 지선", "check_db": "김종혁", "st_nm_kj": "定州", "st_nm_mr": "Chŏngju", "st_nm_rmj": "Teishū" }, "geometry": { "type": "Point", "coordinates": [ 125.214200000000119, 39.686699999000041 ] } },
{ "type": "Feature", "properties": { "fid": 106, "OBJECTID": 106, "st_id": "ke_050", "st_nm_kr": "하단", "comment": "-", "rail_code": "ke", "id_lines": "경의선", "filter": "구역4:경의선 및 관련 지선", "check_db": "김종혁", "st_nm_kj": "下端", "st_nm_mr": "Hadan", "st_nm_rmj": "Katan" }, "geometry": { "type": "Point", "coordinates": [ 125.155800000000113, 39.6757 ] } },
{ "type": "Feature", "properties": { "fid": 107, "OBJECTID": 107, "st_id": "ke_051", "st_nm_kr": "곽산", "comment": "-", "rail_code": "ke", "id_lines": "경의선", "filter": "구역4:경의선 및 관련 지선", "check_db": "김종혁", "st_nm_kj": "郭山", "st_nm_mr": "Kwaksan", "st_nm_rmj": "Kakuzan" }, "geometry": { "type": "Point", "coordinates": [ 125.0775000000001, 39.6844 ] } },
{ "type": "Feature", "properties": { "fid": 108, "OBJECTID": 108, "st_id": "ke_052", "st_nm_kr": "노하", "comment": "-", "rail_code": "ke", "id_lines": "경의선", "filter": "구역4:경의선 및 관련 지선", "check_db": "김종혁", "st_nm_kj": "路下", "st_nm_mr": "Noha", "st_nm_rmj": "Roka" }, "geometry": { "type": "Point", "coordinates": [ 124.9845, 39.736500001000024 ] } },
{ "type": "Feature", "properties": { "fid": 109, "OBJECTID": 109, "st_id": "ke_053", "st_nm_kr": "선천", "comment": "-", "rail_code": "ke", "id_lines": "경의선", "filter": "구역4:경의선 및 관련 지선", "check_db": "김종혁", "st_nm_kj": "宣川", "st_nm_mr": "Sŏnch'ŏn", "st_nm_rmj": "Sensen" }, "geometry": { "type": "Point", "coordinates": [ 124.9189, 39.798599999000032 ] } },
{ "type": "Feature", "properties": { "fid": 110, "OBJECTID": 110, "st_id": "ke_054", "st_nm_kr": "동림", "comment": "-", "rail_code": "ke", "id_lines": "경의선", "filter": "구역4:경의선 및 관련 지선", "check_db": "김종혁", "st_nm_kj": "東林", "st_nm_mr": "Tongnim", "st_nm_rmj": "Tōrin" }, "geometry": { "type": "Point", "coordinates": [ 124.8506, 39.8214 ] } },
{ "type": "Feature", "properties": { "fid": 111, "OBJECTID": 111, "st_id": "ke_055", "st_nm_kr": "차련관", "comment": "-", "rail_code": "ke", "id_lines": "경의선", "filter": "구역4:경의선 및 관련 지선", "check_db": "김종혁", "st_nm_kj": "車輦館", "st_nm_mr": "Ch'aryŏn'gwan", "st_nm_rmj": "Sharenkan" }, "geometry": { "type": "Point", "coordinates": [ 124.714200000000119, 39.85569999900008 ] } },
{ "type": "Feature", "properties": { "fid": 112, "OBJECTID": 112, "st_id": "ke_056", "st_nm_kr": "남시", "comment": "-", "rail_code": "ke", "id_lines": "경의선", "filter": "구역4:경의선 및 관련 지선", "check_db": "김종혁", "st_nm_kj": "南市", "st_nm_mr": "Namsi", "st_nm_rmj": "Nanshi" }, "geometry": { "type": "Point", "coordinates": [ 124.6029, 39.895300001000066 ] } },
{ "type": "Feature", "properties": { "fid": 113, "OBJECTID": 113, "st_id": "ke_057", "st_nm_kr": "양책", "comment": "-", "rail_code": "ke", "id_lines": "경의선", "filter": "구역4:경의선 및 관련 지선", "check_db": "김종혁", "st_nm_kj": "良策", "st_nm_mr": "Yangch'aek", "st_nm_rmj": "Ryōsaku" }, "geometry": { "type": "Point", "coordinates": [ 124.6487, 39.9551 ] } },
{ "type": "Feature", "properties": { "fid": 114, "OBJECTID": 114, "st_id": "ke_058", "st_nm_kr": "비현", "comment": "-", "rail_code": "ke", "id_lines": "경의선", "filter": "구역4:경의선 및 관련 지선", "check_db": "김종혁", "st_nm_kj": "枇峴", "st_nm_mr": "Pihyŏn", "st_nm_rmj": "Hiken" }, "geometry": { "type": "Point", "coordinates": [ 124.6103, 40.013699999000039 ] } },
{ "type": "Feature", "properties": { "fid": 115, "OBJECTID": 115, "st_id": "ke_059", "st_nm_kr": "백마", "comment": "-", "rail_code": "ke", "id_lines": "경의선", "filter": "구역4:경의선 및 관련 지선", "check_db": "김종혁", "st_nm_kj": "白馬", "st_nm_mr": "Paengma", "st_nm_rmj": "Hakuba" }, "geometry": { "type": "Point", "coordinates": [ 124.5602, 40.074100001000033 ] } },
{ "type": "Feature", "properties": { "fid": 116, "OBJECTID": 116, "st_id": "ke_060", "st_nm_kr": "석하", "comment": "-", "rail_code": "ke", "id_lines": "경의선", "filter": "구역4:경의선 및 관련 지선", "check_db": "김종혁", "st_nm_kj": "石下", "st_nm_mr": "Sŏkha", "st_nm_rmj": "Sekka" }, "geometry": { "type": "Point", "coordinates": [ 124.4523, 40.0602 ] } },
{ "type": "Feature", "properties": { "fid": 117, "OBJECTID": 117, "st_id": "ke_061", "st_nm_kr": "남신의주", "comment": "-", "rail_code": "ke", "id_lines": "경의선", "filter": "구역4:경의선 및 관련 지선", "check_db": "김종혁", "st_nm_kj": "南新義州", "st_nm_mr": "Namsinŭiju", "st_nm_rmj": "Minami-Shingishū" }, "geometry": { "type": "Point", "coordinates": [ 124.4016, 40.107000001000074 ] } },
{ "type": "Feature", "properties": { "fid": 118, "OBJECTID": 118, "st_id": "ke_062", "st_nm_kr": "신의주", "comment": "-", "rail_code": "ke", "id_lines": "경의선", "filter": "구역4:경의선 및 관련 지선", "check_db": "김종혁", "st_nm_kj": "新義州", "st_nm_mr": "Sinŭiju", "st_nm_rmj": "Shingishū" }, "geometry": { "type": "Point", "coordinates": [ 124.3799, 40.123 ] } },
{ "type": "Feature", "properties": { "fid": 119, "OBJECTID": 119, "st_id": "kw_001", "st_nm_kr": "경성", "comment": "-", "rail_code": "kw", "id_lines": "경원선", "filter": "구역5:경원선 및 관련 지선", "check_db": "김종혁", "st_nm_kj": "鏡城", "st_nm_mr": "Kyŏngsŏng", "st_nm_rmj": "Kyōjō" }, "geometry": { "type": "Point", "coordinates": [ 126.9711, 37.555199999000024 ] } },
{ "type": "Feature", "properties": { "fid": 120, "OBJECTID": 120, "st_id": "kw_002", "st_nm_kr": "용산", "comment": "-", "rail_code": "kw", "id_lines": "경원선", "filter": "구역5:경원선 및 관련 지선", "check_db": "김종혁", "st_nm_kj": "龍山", "st_nm_mr": "Yongsan", "st_nm_rmj": "Ryūzan" }, "geometry": { "type": "Point", "coordinates": [ 126.964200000000119, 37.5297 ] } },
{ "type": "Feature", "properties": { "fid": 121, "OBJECTID": 121, "st_id": "kw_003", "st_nm_kr": "서빙고", "comment": "-", "rail_code": "kw", "id_lines": "경원선", "filter": "구역5:경원선 및 관련 지선", "check_db": "김종혁", "st_nm_kj": "西氷庫", "st_nm_mr": "Sŏbinggo", "st_nm_rmj": "Seihyōko" }, "geometry": { "type": "Point", "coordinates": [ 126.992300000000114, 37.5196 ] } },
{ "type": "Feature", "properties": { "fid": 122, "OBJECTID": 122, "st_id": "kw_004", "st_nm_kr": "수철리", "comment": "-", "rail_code": "kw", "id_lines": "경원선", "filter": "구역5:경원선 및 관련 지선", "check_db": "김종혁", "st_nm_kj": "水鉄里", "st_nm_mr": "Such'ŏlli", "st_nm_rmj": "Suitetsuri" }, "geometry": { "type": "Point", "coordinates": [ 127.0239, 37.544 ] } },
{ "type": "Feature", "properties": { "fid": 123, "OBJECTID": 123, "st_id": "kw_005", "st_nm_kr": "왕십리", "comment": "-", "rail_code": "kw", "id_lines": "경원선", "filter": "구역5:경원선 및 관련 지선", "check_db": "김종혁", "st_nm_kj": "往十里", "st_nm_mr": "Wangsimni", "st_nm_rmj": "Ōjūri" }, "geometry": { "type": "Point", "coordinates": [ 127.038500000000113, 37.5616 ] } },
{ "type": "Feature", "properties": { "fid": 124, "OBJECTID": 124, "st_id": "kw_006", "st_nm_kr": "동경성", "comment": "-", "rail_code": "kw", "id_lines": "경원선", "filter": "구역5:경원선 및 관련 지선", "check_db": "김종혁", "st_nm_kj": "東京城", "st_nm_mr": "Tonggyŏngsŏng", "st_nm_rmj": "Tōkyōjō" }, "geometry": { "type": "Point", "coordinates": [ 127.047100000000114, 37.579299999000057 ] } },
{ "type": "Feature", "properties": { "fid": 125, "OBJECTID": 125, "st_id": "kw_007", "st_nm_kr": "연촌", "comment": "-", "rail_code": "kw", "id_lines": "경원선", "filter": "구역5:경원선 및 관련 지선", "check_db": "김종혁", "st_nm_kj": "硯村", "st_nm_mr": "Yŏnch'on", "st_nm_rmj": "Genson" }, "geometry": { "type": "Point", "coordinates": [ 127.0595, 37.630799999000033 ] } },
{ "type": "Feature", "properties": { "fid": 126, "OBJECTID": 126, "st_id": "kw_008", "st_nm_kr": "창동", "comment": "-", "rail_code": "kw", "id_lines": "경원선", "filter": "구역5:경원선 및 관련 지선", "check_db": "김종혁", "st_nm_kj": "倉洞", "st_nm_mr": "Ch'angdong", "st_nm_rmj": "Sōdō" }, "geometry": { "type": "Point", "coordinates": [ 127.0474, 37.653000001000066 ] } },
{ "type": "Feature", "properties": { "fid": 127, "OBJECTID": 127, "st_id": "kw_009", "st_nm_kr": "의정부", "comment": "-", "rail_code": "kw", "id_lines": "경원선", "filter": "구역5:경원선 및 관련 지선", "check_db": "김종혁", "st_nm_kj": "議政府", "st_nm_mr": "Ŭijŏngbu", "st_nm_rmj": "Giseifu" }, "geometry": { "type": "Point", "coordinates": [ 127.0461, 37.738 ] } },
{ "type": "Feature", "properties": { "fid": 128, "OBJECTID": 128, "st_id": "kw_010", "st_nm_kr": "덕정", "comment": "-", "rail_code": "kw", "id_lines": "경원선", "filter": "구역5:경원선 및 관련 지선", "check_db": "김종혁", "st_nm_kj": "德亭", "st_nm_mr": "Tŏkchŏng", "st_nm_rmj": "Tokutei" }, "geometry": { "type": "Point", "coordinates": [ 127.0609, 37.843800001000034 ] } },
{ "type": "Feature", "properties": { "fid": 129, "OBJECTID": 129, "st_id": "kw_011", "st_nm_kr": "동두천", "comment": "-", "rail_code": "kw", "id_lines": "경원선", "filter": "구역5:경원선 및 관련 지선", "check_db": "김종혁", "st_nm_kj": "東豆川", "st_nm_mr": "Tongduch'ŏn", "st_nm_rmj": "Tōtōsen" }, "geometry": { "type": "Point", "coordinates": [ 127.0547, 37.92820000100005 ] } },
{ "type": "Feature", "properties": { "fid": 130, "OBJECTID": 130, "st_id": "kw_012", "st_nm_kr": "전곡", "comment": "-", "rail_code": "kw", "id_lines": "경원선", "filter": "구역5:경원선 및 관련 지선", "check_db": "김종혁", "st_nm_kj": "全谷", "st_nm_mr": "Chŏn'gok", "st_nm_rmj": "Zenkoku" }, "geometry": { "type": "Point", "coordinates": [ 127.071, 38.024800001000074 ] } },
{ "type": "Feature", "properties": { "fid": 131, "OBJECTID": 131, "st_id": "kw_013", "st_nm_kr": "연천", "comment": "-", "rail_code": "kw", "id_lines": "경원선", "filter": "구역5:경원선 및 관련 지선", "check_db": "김종혁", "st_nm_kj": "漣川", "st_nm_mr": "Yŏnch'ŏn", "st_nm_rmj": "Rensen" }, "geometry": { "type": "Point", "coordinates": [ 127.073800000000119, 38.1018 ] } },
{ "type": "Feature", "properties": { "fid": 132, "OBJECTID": 132, "st_id": "kw_014", "st_nm_kr": "대광리", "comment": "-", "rail_code": "kw", "id_lines": "경원선", "filter": "구역5:경원선 및 관련 지선", "check_db": "김종혁", "st_nm_kj": "大光里", "st_nm_mr": "Taegwangni", "st_nm_rmj": "Daikōri" }, "geometry": { "type": "Point", "coordinates": [ 127.1082, 38.184900001000074 ] } },
{ "type": "Feature", "properties": { "fid": 133, "OBJECTID": 133, "st_id": "kw_015", "st_nm_kr": "철원", "comment": "-", "rail_code": "kw", "id_lines": "경원선", "filter": "구역5:경원선 및 관련 지선", "check_db": "김종혁", "st_nm_kj": "鉄原", "st_nm_mr": "Ch'ŏrwŏn", "st_nm_rmj": "Tetsugen" }, "geometry": { "type": "Point", "coordinates": [ 127.1946, 38.273800001000041 ] } },
{ "type": "Feature", "properties": { "fid": 134, "OBJECTID": 134, "st_id": "kw_016", "st_nm_kr": "월정리", "comment": "-", "rail_code": "kw", "id_lines": "경원선", "filter": "구역5:경원선 및 관련 지선", "check_db": "김종혁", "st_nm_kj": "月井里", "st_nm_mr": "Wŏljŏngni", "st_nm_rmj": "Gesseiri" }, "geometry": { "type": "Point", "coordinates": [ 127.229200000000105, 38.309599999000056 ] } },
{ "type": "Feature", "properties": { "fid": 135, "OBJECTID": 135, "st_id": "kw_017", "st_nm_kr": "가곡", "comment": "-", "rail_code": "kw", "id_lines": "경원선", "filter": "구역5:경원선 및 관련 지선", "check_db": "김종혁", "st_nm_kj": "佳谷", "st_nm_mr": "Kagok", "st_nm_rmj": "Kaikoku" }, "geometry": { "type": "Point", "coordinates": [ 127.2594, 38.3632 ] } },
{ "type": "Feature", "properties": { "fid": 136, "OBJECTID": 136, "st_id": "kw_018", "st_nm_kr": "평강", "comment": "-", "rail_code": "kw", "id_lines": "경원선", "filter": "구역5:경원선 및 관련 지선", "check_db": "김종혁", "st_nm_kj": "平康", "st_nm_mr": "P'yŏnggang", "st_nm_rmj": "Heikō" }, "geometry": { "type": "Point", "coordinates": [ 127.2881, 38.4113 ] } },
{ "type": "Feature", "properties": { "fid": 137, "OBJECTID": 137, "st_id": "kw_019", "st_nm_kr": "복계", "comment": "-", "rail_code": "kw", "id_lines": "경원선", "filter": "구역5:경원선 및 관련 지선", "check_db": "김종혁", "st_nm_kj": "福溪", "st_nm_mr": "Pokkye", "st_nm_rmj": "Fukukei" }, "geometry": { "type": "Point", "coordinates": [ 127.263, 38.438200001000041 ] } },
{ "type": "Feature", "properties": { "fid": 138, "OBJECTID": 138, "st_id": "kw_020", "st_nm_kr": "이목", "comment": "-", "rail_code": "kw", "id_lines": "경원선", "filter": "구역5:경원선 및 관련 지선", "check_db": "김종혁", "st_nm_kj": "梨木", "st_nm_mr": "Imok", "st_nm_rmj": "Rimoku" }, "geometry": { "type": "Point", "coordinates": [ 127.2864, 38.520300001000066 ] } },
{ "type": "Feature", "properties": { "fid": 139, "OBJECTID": 139, "st_id": "kw_021", "st_nm_kr": "검불랑", "comment": "-", "rail_code": "kw", "id_lines": "경원선", "filter": "구역5:경원선 및 관련 지선", "check_db": "김종혁", "st_nm_kj": "劍拂浪", "st_nm_mr": "Kŏmbullang", "st_nm_rmj": "Kenfutsurō" }, "geometry": { "type": "Point", "coordinates": [ 127.3195, 38.560799999000039 ] } },
{ "type": "Feature", "properties": { "fid": 140, "OBJECTID": 140, "st_id": "kw_022", "st_nm_kr": "세포", "comment": "-", "rail_code": "kw", "id_lines": "경원선", "filter": "구역5:경원선 및 관련 지선", "check_db": "김종혁", "st_nm_kj": "洗浦", "st_nm_mr": "Sep'o", "st_nm_rmj": "Senho" }, "geometry": { "type": "Point", "coordinates": [ 127.3574, 38.6446 ] } },
{ "type": "Feature", "properties": { "fid": 141, "OBJECTID": 141, "st_id": "kw_023", "st_nm_kr": "삼방협", "comment": "-", "rail_code": "kw", "id_lines": "경원선", "filter": "구역5:경원선 및 관련 지선", "check_db": "김종혁", "st_nm_kj": "三防峽", "st_nm_mr": "Sambanghyŏp", "st_nm_rmj": "Sanbōgyō" }, "geometry": { "type": "Point", "coordinates": [ 127.3618, 38.7005 ] } },
{ "type": "Feature", "properties": { "fid": 142, "OBJECTID": 142, "st_id": "kw_024", "st_nm_kr": "삼방\r\n", "comment": "-", "rail_code": "kw", "id_lines": "경원선", "filter": "구역5:경원선 및 관련 지선", "check_db": "김종혁", "st_nm_kj": "三防", "st_nm_mr": "Sambang", "st_nm_rmj": "Sanbō" }, "geometry": { "type": "Point", "coordinates": [ 127.3738, 38.739700001000074 ] } },
{ "type": "Feature", "properties": { "fid": 143, "OBJECTID": 143, "st_id": "kw_025", "st_nm_kr": "고산", "comment": "-", "rail_code": "kw", "id_lines": "경원선", "filter": "구역5:경원선 및 관련 지선", "check_db": "김종혁", "st_nm_kj": "高山", "st_nm_mr": "Kosan", "st_nm_rmj": "Kōzan" }, "geometry": { "type": "Point", "coordinates": [ 127.4258, 38.856899999000063 ] } },
{ "type": "Feature", "properties": { "fid": 144, "OBJECTID": 144, "st_id": "kw_026", "st_nm_kr": "용지원", "comment": "-", "rail_code": "kw", "id_lines": "경원선", "filter": "구역5:경원선 및 관련 지선", "check_db": "김종혁", "st_nm_kj": "龍池院", "st_nm_mr": "Yongjiwŏn", "st_nm_rmj": "Ryōchien" }, "geometry": { "type": "Point", "coordinates": [ 127.4306, 38.913000001000057 ] } },
{ "type": "Feature", "properties": { "fid": 145, "OBJECTID": 145, "st_id": "kw_027", "st_nm_kr": "석왕사", "comment": "-", "rail_code": "kw", "id_lines": "경원선", "filter": "구역5:경원선 및 관련 지선", "check_db": "김종혁", "st_nm_kj": "釋王寺", "st_nm_mr": "Sŏgwangsa", "st_nm_rmj": "Shakuōji" }, "geometry": { "type": "Point", "coordinates": [ 127.4122, 39.0056 ] } },
{ "type": "Feature", "properties": { "fid": 146, "OBJECTID": 146, "st_id": "kw_028", "st_nm_kr": "남산", "comment": "-", "rail_code": "kw", "id_lines": "경원선", "filter": "구역5:경원선 및 관련 지선", "check_db": "김종혁", "st_nm_kj": "南山", "st_nm_mr": "Namsan", "st_nm_rmj": "Nansan" }, "geometry": { "type": "Point", "coordinates": [ 127.4627, 39.018999999000073 ] } },
{ "type": "Feature", "properties": { "fid": 147, "OBJECTID": 147, "st_id": "kw_029", "st_nm_kr": "안변", "comment": "-", "rail_code": "kw", "id_lines": "경원선", "filter": "구역5:경원선 및 관련 지선", "check_db": "김종혁", "st_nm_kj": "安邊", "st_nm_mr": "Anbyŏn", "st_nm_rmj": "Anhen" }, "geometry": { "type": "Point", "coordinates": [ 127.4985, 39.047499999000024 ] } },
{ "type": "Feature", "properties": { "fid": 148, "OBJECTID": 148, "st_id": "kw_030", "st_nm_kr": "배화", "comment": "-", "rail_code": "kw", "id_lines": "경원선", "filter": "구역5:경원선 및 관련 지선", "check_db": "김종혁", "st_nm_kj": "培花", "st_nm_mr": "Paehwa", "st_nm_rmj": "Haika" }, "geometry": { "type": "Point", "coordinates": [ 127.4899, 39.079299999000057 ] } },
{ "type": "Feature", "properties": { "fid": 149, "OBJECTID": 149, "st_id": "kw_031", "st_nm_kr": "갈마", "comment": "-", "rail_code": "kw", "id_lines": "경원선", "filter": "구역5:경원선 및 관련 지선", "check_db": "김종혁", "st_nm_kj": "葛麻", "st_nm_mr": "Kalma", "st_nm_rmj": "Katsuba" }, "geometry": { "type": "Point", "coordinates": [ 127.4767, 39.135500001000025 ] } },
{ "type": "Feature", "properties": { "fid": 150, "OBJECTID": 150, "st_id": "kw_032", "st_nm_kr": "원산", "comment": "-", "rail_code": "kw", "id_lines": "경원선", "filter": "구역5:경원선 및 관련 지선", "check_db": "김종혁", "st_nm_kj": "元山", "st_nm_mr": "Wŏnsan", "st_nm_rmj": "Genzan" }, "geometry": { "type": "Point", "coordinates": [ 127.4427, 39.146299999000064 ] } },
{ "type": "Feature", "properties": { "fid": 151, "OBJECTID": 151, "st_id": "kw_033", "st_nm_kr": "덕원", "comment": "-", "rail_code": "kw", "id_lines": "경원선", "filter": "구역5:경원선 및 관련 지선", "check_db": "김종혁", "st_nm_kj": "德源", "st_nm_mr": "Tŏgwŏn", "st_nm_rmj": "Tokugen" }, "geometry": { "type": "Point", "coordinates": [ 127.389500000000112, 39.1719 ] } },
{ "type": "Feature", "properties": { "fid": 152, "OBJECTID": 152, "st_id": "kw_034", "st_nm_kr": "문평", "comment": "-", "rail_code": "kw", "id_lines": "경원선", "filter": "구역5:경원선 및 관련 지선", "check_db": "김종혁", "st_nm_kj": "文坪", "st_nm_mr": "Munp'yŏng", "st_nm_rmj": "Bunhei" }, "geometry": { "type": "Point", "coordinates": [ 127.3599, 39.227 ] } },
{ "type": "Feature", "properties": { "fid": 153, "OBJECTID": 153, "st_id": "kw_035", "st_nm_kr": "문천", "comment": "-", "rail_code": "kw", "id_lines": "경원선", "filter": "구역5:경원선 및 관련 지선", "check_db": "김종혁", "st_nm_kj": "文川", "st_nm_mr": "Munch'ŏn", "st_nm_rmj": "Bunsen" }, "geometry": { "type": "Point", "coordinates": [ 127.3068, 39.284499999000047 ] } },
{ "type": "Feature", "properties": { "fid": 154, "OBJECTID": 154, "st_id": "kw_036", "st_nm_kr": "용담", "comment": "-", "rail_code": "kw", "id_lines": "경원선", "filter": "구역5:경원선 및 관련 지선", "check_db": "김종혁", "st_nm_kj": "龍潭", "st_nm_mr": "Yongdam", "st_nm_rmj": "Ryōtan" }, "geometry": { "type": "Point", "coordinates": [ 127.2463, 39.34600000100005 ] } },
{ "type": "Feature", "properties": { "fid": 155, "OBJECTID": 155, "st_id": "kw_037", "st_nm_kr": "전탄", "comment": "-", "rail_code": "kw", "id_lines": "경원선", "filter": "구역5:경원선 및 관련 지선", "check_db": "김종혁", "st_nm_kj": "箭灘", "st_nm_mr": "Chŏnt'an", "st_nm_rmj": "Sentan" }, "geometry": { "type": "Point", "coordinates": [ 127.2447, 39.383199999000055 ] } },
{ "type": "Feature", "properties": { "fid": 156, "OBJECTID": 156, "st_id": "kw_038", "st_nm_kr": "고원", "comment": "-", "rail_code": "kw", "id_lines": "경원선", "filter": "구역5:경원선 및 관련 지선", "check_db": "김종혁", "st_nm_kj": "高原", "st_nm_mr": "Kowŏn", "st_nm_rmj": "Kōgen" }, "geometry": { "type": "Point", "coordinates": [ 127.2485, 39.442 ] } },
{ "type": "Feature", "properties": { "fid": 157, "OBJECTID": 157, "st_id": "kw_039", "st_nm_kr": "영흥", "comment": "-", "rail_code": "kw", "id_lines": "경원선", "filter": "구역5:경원선 및 관련 지선", "check_db": "김종혁", "st_nm_kj": "永興", "st_nm_mr": "Yŏnghŭng", "st_nm_rmj": "Yōkō" }, "geometry": { "type": "Point", "coordinates": [ 127.2498, 39.545700001000057 ] } },
{ "type": "Feature", "properties": { "fid": 158, "OBJECTID": 158, "st_id": "kw_040", "st_nm_kr": "마장", "comment": "-", "rail_code": "kw", "id_lines": "경원선", "filter": "구역5:경원선 및 관련 지선", "check_db": "김종혁", "st_nm_kj": "馬場", "st_nm_mr": "Majang", "st_nm_rmj": "Bajō" }, "geometry": { "type": "Point", "coordinates": [ 127.3177, 39.5264 ] } },
{ "type": "Feature", "properties": { "fid": 159, "OBJECTID": 159, "st_id": "kw_041", "st_nm_kr": "범포", "comment": "-", "rail_code": "kw", "id_lines": "경원선", "filter": "구역5:경원선 및 관련 지선", "check_db": "김종혁", "st_nm_kj": "范浦", "st_nm_mr": "Pŏmp'o", "st_nm_rmj": "Honho" }, "geometry": { "type": "Point", "coordinates": [ 127.399500000000103, 39.5156 ] } },
{ "type": "Feature", "properties": { "fid": 160, "OBJECTID": 160, "st_id": "kw_042", "st_nm_kr": "왕장", "comment": "-", "rail_code": "kw", "id_lines": "경원선", "filter": "구역5:경원선 및 관련 지선", "check_db": "김종혁", "st_nm_kj": "旺場", "st_nm_mr": "Wangjang", "st_nm_rmj": "Ōjō" }, "geometry": { "type": "Point", "coordinates": [ 127.4332, 39.5688 ] } },
{ "type": "Feature", "properties": { "fid": 161, "OBJECTID": 161, "st_id": "kw_043", "st_nm_kr": "신상", "comment": "-", "rail_code": "kw", "id_lines": "경원선", "filter": "구역5:경원선 및 관련 지선", "check_db": "김종혁", "st_nm_kj": "新上", "st_nm_mr": "Sinsang", "st_nm_rmj": "Shinjō" }, "geometry": { "type": "Point", "coordinates": [ 127.4189, 39.647399999000072 ] } },
{ "type": "Feature", "properties": { "fid": 162, "OBJECTID": 162, "st_id": "kw_044", "st_nm_kr": "부평", "comment": "-", "rail_code": "kw", "id_lines": "경원선", "filter": "구역5:경원선 및 관련 지선", "check_db": "김종혁", "st_nm_kj": "富坪", "st_nm_mr": "Pup'yŏng", "st_nm_rmj": "Fuhei" }, "geometry": { "type": "Point", "coordinates": [ 127.4079, 39.703199999000049 ] } },
{ "type": "Feature", "properties": { "fid": 163, "OBJECTID": 163, "st_id": "kw_045", "st_nm_kr": "정평", "comment": "-", "rail_code": "kw", "id_lines": "경원선", "filter": "구역5:경원선 및 관련 지선", "check_db": "김종혁", "st_nm_kj": "定平", "st_nm_mr": "Chŏngp'yŏng", "st_nm_rmj": "Jōhei" }, "geometry": { "type": "Point", "coordinates": [ 127.3979, 39.78350000100005 ] } },
{ "type": "Feature", "properties": { "fid": 164, "OBJECTID": 164, "st_id": "kw_046", "st_nm_kr": "함남흥상", "comment": "-", "rail_code": "kw", "id_lines": "경원선", "filter": "구역5:경원선 및 관련 지선", "check_db": "김종혁", "st_nm_kj": "咸南興上", "st_nm_mr": "Hamnamhŭngsang", "st_nm_rmj": "Kannan Kōjō" }, "geometry": { "type": "Point", "coordinates": [ 127.439, 39.852399999000056 ] } },
{ "type": "Feature", "properties": { "fid": 165, "OBJECTID": 165, "st_id": "kw_047", "st_nm_kr": "함흥", "comment": "-", "rail_code": "kw", "id_lines": "경원선", "filter": "구역5:경원선 및 관련 지선", "check_db": "김종혁", "st_nm_kj": "咸興", "st_nm_mr": "Hamhŭng", "st_nm_rmj": "Kankō" }, "geometry": { "type": "Point", "coordinates": [ 127.546, 39.911599999000032 ] } },
{ "type": "Feature", "properties": { "fid": 166, "OBJECTID": 166, "st_id": "hk_001", "st_nm_kr": "함흥", "comment": "-", "rail_code": "hk", "id_lines": "함경선", "filter": "구역5:경원선 및 관련 지선", "check_db": "김종혁", "st_nm_kj": "咸興", "st_nm_mr": "Hamhŭng", "st_nm_rmj": "Kankō" }, "geometry": { "type": "Point", "coordinates": [ 127.546, 39.911599999000032 ] } },
{ "type": "Feature", "properties": { "fid": 167, "OBJECTID": 167, "st_id": "hk_002", "st_nm_kr": "본궁", "comment": "-", "rail_code": "hk", "id_lines": "함경선", "filter": "구역5:경원선 및 관련 지선", "check_db": "김종혁", "st_nm_kj": "本宮", "st_nm_mr": "Pon'gung", "st_nm_rmj": "Hongū" }, "geometry": { "type": "Point", "coordinates": [ 127.6185, 39.867699999000024 ] } },
{ "type": "Feature", "properties": { "fid": 168, "OBJECTID": 168, "st_id": "hk_003", "st_nm_kr": "흥남", "comment": "-", "rail_code": "hk", "id_lines": "함경선", "filter": "구역5:경원선 및 관련 지선", "check_db": "김종혁", "st_nm_kj": "興南", "st_nm_mr": "Hŭngnam", "st_nm_rmj": "Kōnan" }, "geometry": { "type": "Point", "coordinates": [ 127.65, 39.827500001000033 ] } },
{ "type": "Feature", "properties": { "fid": 169, "OBJECTID": 169, "st_id": "hk_004", "st_nm_kr": "서호진", "comment": "-", "rail_code": "hk", "id_lines": "함경선", "filter": "구역5:경원선 및 관련 지선", "check_db": "김종혁", "st_nm_kj": "西湖津", "st_nm_mr": "Sŏhojin", "st_nm_rmj": "Seikoshin" }, "geometry": { "type": "Point", "coordinates": [ 127.6655, 39.8233 ] } },
{ "type": "Feature", "properties": { "fid": 170, "OBJECTID": 170, "st_id": "hk_005", "st_nm_kr": "여호", "comment": "-", "rail_code": "hk", "id_lines": "함경선", "filter": "구역5:경원선 및 관련 지선", "check_db": "김종혁", "st_nm_kj": "呂湖", "st_nm_mr": "Yŏho", "st_nm_rmj": "Ryoko" }, "geometry": { "type": "Point", "coordinates": [ 127.729600000000119, 39.8605 ] } },
{ "type": "Feature", "properties": { "fid": 171, "OBJECTID": 171, "st_id": "hk_006", "st_nm_kr": "퇴조", "comment": "-", "rail_code": "hk", "id_lines": "함경선", "filter": "구역5:경원선 및 관련 지선", "check_db": "김종혁", "st_nm_kj": "退潮", "st_nm_mr": "T'oejo", "st_nm_rmj": "Taichō" }, "geometry": { "type": "Point", "coordinates": [ 127.7723, 39.9068 ] } },
{ "type": "Feature", "properties": { "fid": 172, "OBJECTID": 172, "st_id": "hk_007", "st_nm_kr": "삼호", "comment": "-", "rail_code": "hk", "id_lines": "함경선", "filter": "구역5:경원선 및 관련 지선", "check_db": "김종혁", "st_nm_kj": "三湖", "st_nm_mr": "Samho", "st_nm_rmj": "Sanko" }, "geometry": { "type": "Point", "coordinates": [ 127.861900000000105, 39.953199999000049 ] } },
{ "type": "Feature", "properties": { "fid": 173, "OBJECTID": 173, "st_id": "hk_008", "st_nm_kr": "용운", "comment": "-", "rail_code": "hk", "id_lines": "함경선", "filter": "구역5:경원선 및 관련 지선", "check_db": "김종혁", "st_nm_kj": "龍雲", "st_nm_mr": "Yongun", "st_nm_rmj": "Ryōun" }, "geometry": { "type": "Point", "coordinates": [ 127.9233, 39.9943 ] } },
{ "type": "Feature", "properties": { "fid": 174, "OBJECTID": 174, "st_id": "hk_009", "st_nm_kr": "전진", "comment": "-", "rail_code": "hk", "id_lines": "함경선", "filter": "구역5:경원선 및 관련 지선", "check_db": "김종혁", "st_nm_kj": "前津", "st_nm_mr": "Chŏnjin", "st_nm_rmj": "Zenshin" }, "geometry": { "type": "Point", "coordinates": [ 127.9794, 40.0418 ] } },
{ "type": "Feature", "properties": { "fid": 175, "OBJECTID": 175, "st_id": "hk_010", "st_nm_kr": "경포", "comment": "-", "rail_code": "hk", "id_lines": "함경선", "filter": "구역5:경원선 및 관련 지선", "check_db": "김종혁", "st_nm_kj": "景浦", "st_nm_mr": "Kyŏngp'o", "st_nm_rmj": "Keiho" }, "geometry": { "type": "Point", "coordinates": [ 127.992300000000114, 40.0627 ] } },
{ "type": "Feature", "properties": { "fid": 176, "OBJECTID": 176, "st_id": "hk_011", "st_nm_kr": "운포", "comment": "-", "rail_code": "hk", "id_lines": "함경선", "filter": "구역5:경원선 및 관련 지선", "check_db": "김종혁", "st_nm_kj": "雲浦", "st_nm_mr": "Unp'o", "st_nm_rmj": "Unho" }, "geometry": { "type": "Point", "coordinates": [ 128.0741, 40.051000001000034 ] } },
{ "type": "Feature", "properties": { "fid": 177, "OBJECTID": 177, "st_id": "hk_012", "st_nm_kr": "영무", "comment": "-", "rail_code": "hk", "id_lines": "함경선", "filter": "구역5:경원선 및 관련 지선", "check_db": "김종혁", "st_nm_kj": "靈武", "st_nm_mr": "Yŏngmu", "st_nm_rmj": "Reibu" }, "geometry": { "type": "Point", "coordinates": [ 128.1373, 40.0406 ] } },
{ "type": "Feature", "properties": { "fid": 178, "OBJECTID": 178, "st_id": "hk_013", "st_nm_kr": "신포", "comment": "-", "rail_code": "hk", "id_lines": "함경선", "filter": "구역5:경원선 및 관련 지선", "check_db": "김종혁", "st_nm_kj": "新浦", "st_nm_mr": "Sinp'o", "st_nm_rmj": "Shinho" }, "geometry": { "type": "Point", "coordinates": [ 128.1914, 40.033600001000025 ] } },
{ "type": "Feature", "properties": { "fid": 179, "OBJECTID": 179, "st_id": "hk_014", "st_nm_kr": "양화", "comment": "-", "rail_code": "hk", "id_lines": "함경선", "filter": "구역5:경원선 및 관련 지선", "check_db": "김종혁", "st_nm_kj": "陽化", "st_nm_mr": "Yanghwa", "st_nm_rmj": "Yōka" }, "geometry": { "type": "Point", "coordinates": [ 128.2443, 40.07829999900008 ] } },
{ "type": "Feature", "properties": { "fid": 180, "OBJECTID": 180, "st_id": "hk_015", "st_nm_kr": "강상리", "comment": "-", "rail_code": "hk", "id_lines": "함경선", "filter": "구역5:경원선 및 관련 지선", "check_db": "김종혁", "st_nm_kj": "江上里", "st_nm_mr": "Kangsangni", "st_nm_rmj": "Kōjōri" }, "geometry": { "type": "Point", "coordinates": [ 128.339, 40.082 ] } },
{ "type": "Feature", "properties": { "fid": 181, "OBJECTID": 181, "st_id": "hk_016", "st_nm_kr": "속후", "comment": "-", "rail_code": "hk", "id_lines": "함경선", "filter": "구역5:경원선 및 관련 지선", "check_db": "김종혁", "st_nm_kj": "俗厚", "st_nm_mr": "Sokhu", "st_nm_rmj": "Zokugu" }, "geometry": { "type": "Point", "coordinates": [ 128.3692, 40.108200001000057 ] } },
{ "type": "Feature", "properties": { "fid": 182, "OBJECTID": 182, "st_id": "hk_017", "st_nm_kr": "신북청", "comment": "-", "rail_code": "hk", "id_lines": "함경선", "filter": "구역5:경원선 및 관련 지선", "check_db": "김종혁", "st_nm_kj": "新北靑", "st_nm_mr": "Sinbukch'ŏng", "st_nm_rmj": "Shinhokushō" }, "geometry": { "type": "Point", "coordinates": [ 128.3731, 40.177300001000049 ] } },
{ "type": "Feature", "properties": { "fid": 183, "OBJECTID": 183, "st_id": "hk_018", "st_nm_kr": "신창", "comment": "-", "rail_code": "hk", "id_lines": "함경선", "filter": "구역5:경원선 및 관련 지선", "check_db": "김종혁", "st_nm_kj": "新昌", "st_nm_mr": "Sinch'ang", "st_nm_rmj": "Shinshō" }, "geometry": { "type": "Point", "coordinates": [ 128.4422, 40.174000001000024 ] } },
{ "type": "Feature", "properties": { "fid": 184, "OBJECTID": 184, "st_id": "hk_019", "st_nm_kr": "거산", "comment": "-", "rail_code": "hk", "id_lines": "함경선", "filter": "구역5:경원선 및 관련 지선", "check_db": "김종혁", "st_nm_kj": "居山", "st_nm_mr": "Kŏsan", "st_nm_rmj": "Kyozan" }, "geometry": { "type": "Point", "coordinates": [ 128.500500000000102, 40.1885 ] } },
{ "type": "Feature", "properties": { "fid": 185, "OBJECTID": 185, "st_id": "hk_020", "st_nm_kr": "건자", "comment": "-", "rail_code": "hk", "id_lines": "함경선", "filter": "구역5:경원선 및 관련 지선", "check_db": "김종혁", "st_nm_kj": "乾自", "st_nm_mr": "Kŏnja", "st_nm_rmj": "Kanji" }, "geometry": { "type": "Point", "coordinates": [ 128.5511, 40.169199999000057 ] } },
{ "type": "Feature", "properties": { "fid": 186, "OBJECTID": 186, "st_id": "hk_021", "st_nm_kr": "나흥", "comment": "-", "rail_code": "hk", "id_lines": "함경선", "filter": "구역5:경원선 및 관련 지선", "check_db": "김종혁", "st_nm_kj": "羅興", "st_nm_mr": "Nahŭng", "st_nm_rmj": "Nakō" }, "geometry": { "type": "Point", "coordinates": [ 128.5904, 40.192299999000056 ] } },
{ "type": "Feature", "properties": { "fid": 187, "OBJECTID": 187, "st_id": "hk_022", "st_nm_kr": "증산", "comment": "-", "rail_code": "hk", "id_lines": "함경선", "filter": "구역5:경원선 및 관련 지선", "check_db": "김종혁", "st_nm_kj": "曾山", "st_nm_mr": "Chŭngsan", "st_nm_rmj": "Sōzan" }, "geometry": { "type": "Point", "coordinates": [ 128.602800000000116, 40.2152 ] } },
{ "type": "Feature", "properties": { "fid": 188, "OBJECTID": 188, "st_id": "hk_023", "st_nm_kr": "염분", "comment": "-", "rail_code": "hk", "id_lines": "함경선", "filter": "구역5:경원선 및 관련 지선", "check_db": "김종혁", "st_nm_kj": "鹽盆", "st_nm_mr": "Yŏmbun", "st_nm_rmj": "Enbon" }, "geometry": { "type": "Point", "coordinates": [ 128.6099, 40.2651 ] } },
{ "type": "Feature", "properties": { "fid": 189, "OBJECTID": 189, "st_id": "hk_024", "st_nm_kr": "이원", "comment": "-", "rail_code": "hk", "id_lines": "함경선", "filter": "구역5:경원선 및 관련 지선", "check_db": "김종혁", "st_nm_kj": "利原", "st_nm_mr": "Iwŏn", "st_nm_rmj": "Rigen" }, "geometry": { "type": "Point", "coordinates": [ 128.647, 40.322899999000072 ] } },
{ "type": "Feature", "properties": { "fid": 190, "OBJECTID": 190, "st_id": "hk_025", "st_nm_kr": "군선", "comment": "-", "rail_code": "hk", "id_lines": "함경선", "filter": "구역5:경원선 및 관련 지선", "check_db": "김종혁", "st_nm_kj": "群仙", "st_nm_mr": "Kunsŏn", "st_nm_rmj": "Gunsen" }, "geometry": { "type": "Point", "coordinates": [ 128.6883, 40.3331 ] } },
{ "type": "Feature", "properties": { "fid": 191, "OBJECTID": 191, "st_id": "hk_026", "st_nm_kr": "쌍암", "comment": "-", "rail_code": "hk", "id_lines": "함경선", "filter": "구역5:경원선 및 관련 지선", "check_db": "김종혁", "st_nm_kj": "雙巖", "st_nm_mr": "Ssangam", "st_nm_rmj": "Sōgan" }, "geometry": { "type": "Point", "coordinates": [ 128.7096, 40.3389 ] } },
{ "type": "Feature", "properties": { "fid": 192, "OBJECTID": 192, "st_id": "hk_027", "st_nm_kr": "곡구", "comment": "-", "rail_code": "hk", "id_lines": "함경선", "filter": "구역5:경원선 및 관련 지선", "check_db": "김종혁", "st_nm_kj": "谷口", "st_nm_mr": "Kokku", "st_nm_rmj": "Kokkō" }, "geometry": { "type": "Point", "coordinates": [ 128.7614, 40.355599999000049 ] } },
{ "type": "Feature", "properties": { "fid": 193, "OBJECTID": 193, "st_id": "hk_028", "st_nm_kr": "기암", "comment": "-", "rail_code": "hk", "id_lines": "함경선", "filter": "구역5:경원선 및 관련 지선", "check_db": "김종혁", "st_nm_kj": "奇巖", "st_nm_mr": "Kiam", "st_nm_rmj": "Kigan" }, "geometry": { "type": "Point", "coordinates": [ 128.8376, 40.373 ] } },
{ "type": "Feature", "properties": { "fid": 194, "OBJECTID": 194, "st_id": "hk_029", "st_nm_kr": "용강", "comment": "-", "rail_code": "hk", "id_lines": "함경선", "filter": "구역5:경원선 및 관련 지선", "check_db": "김종혁", "st_nm_kj": "龍崗", "st_nm_mr": "Yonggang", "st_nm_rmj": "Ryōkō" }, "geometry": { "type": "Point", "coordinates": [ 128.854600000000119, 40.3914 ] } },
{ "type": "Feature", "properties": { "fid": 195, "OBJECTID": 195, "st_id": "hk_030", "st_nm_kr": "오몽리", "comment": "-", "rail_code": "hk", "id_lines": "함경선", "filter": "구역5:경원선 및 관련 지선", "check_db": "김종혁", "st_nm_kj": "五夢里", "st_nm_mr": "Omongni", "st_nm_rmj": "Gomuri" }, "geometry": { "type": "Point", "coordinates": [ 128.8752, 40.4345 ] } },
{ "type": "Feature", "properties": { "fid": 196, "OBJECTID": 196, "st_id": "hk_031", "st_nm_kr": "단천", "comment": "-", "rail_code": "hk", "id_lines": "함경선", "filter": "구역5:경원선 및 관련 지선", "check_db": "김종혁", "st_nm_kj": "端川", "st_nm_mr": "Tanch'ŏn", "st_nm_rmj": "Tansen" }, "geometry": { "type": "Point", "coordinates": [ 128.8883, 40.45329999900008 ] } },
{ "type": "Feature", "properties": { "fid": 197, "OBJECTID": 197, "st_id": "hk_032", "st_nm_kr": "여해진", "comment": "-", "rail_code": "hk", "id_lines": "함경선", "filter": "구역5:경원선 및 관련 지선", "check_db": "김종혁", "st_nm_kj": "汝海津", "st_nm_mr": "Yŏhaejin", "st_nm_rmj": "Nyokaishin" }, "geometry": { "type": "Point", "coordinates": [ 128.9908, 40.47519999900004 ] } },
{ "type": "Feature", "properties": { "fid": 198, "OBJECTID": 198, "st_id": "hk_033", "st_nm_kr": "용대", "comment": "-", "rail_code": "hk", "id_lines": "함경선", "filter": "구역5:경원선 및 관련 지선", "check_db": "김종혁", "st_nm_kj": "龍臺", "st_nm_mr": "Yongdae", "st_nm_rmj": "Ryūtai" }, "geometry": { "type": "Point", "coordinates": [ 129.061, 40.490499999000065 ] } },
{ "type": "Feature", "properties": { "fid": 199, "OBJECTID": 199, "st_id": "hk_034", "st_nm_kr": "일신", "comment": "-", "rail_code": "hk", "id_lines": "함경선", "filter": "구역5:경원선 및 관련 지선", "check_db": "김종혁", "st_nm_kj": "日新", "st_nm_mr": "Ilsin", "st_nm_rmj": "Nisshin" }, "geometry": { "type": "Point", "coordinates": [ 129.1094, 40.521600001000024 ] } },
{ "type": "Feature", "properties": { "fid": 200, "OBJECTID": 200, "st_id": "hk_035", "st_nm_kr": "만춘", "comment": "-", "rail_code": "hk", "id_lines": "함경선", "filter": "구역5:경원선 및 관련 지선", "check_db": "김종혁", "st_nm_kj": "晩春", "st_nm_mr": "Manch'un", "st_nm_rmj": "Banshun" }, "geometry": { "type": "Point", "coordinates": [ 129.1471, 40.5612 ] } },
{ "type": "Feature", "properties": { "fid": 201, "OBJECTID": 201, "st_id": "hk_036", "st_nm_kr": "쌍룡", "comment": "-", "rail_code": "hk", "id_lines": "함경선", "filter": "구역5:경원선 및 관련 지선", "check_db": "김종혁", "st_nm_kj": "雙龍", "st_nm_mr": "Ssangnyong", "st_nm_rmj": "Sōryō" }, "geometry": { "type": "Point", "coordinates": [ 129.1659, 40.6061 ] } },
{ "type": "Feature", "properties": { "fid": 202, "OBJECTID": 202, "st_id": "hk_037", "st_nm_kr": "성진", "comment": "-", "rail_code": "hk", "id_lines": "함경선", "filter": "구역5:경원선 및 관련 지선", "check_db": "김종혁", "st_nm_kj": "城津", "st_nm_mr": "Sŏngjin", "st_nm_rmj": "Seishin" }, "geometry": { "type": "Point", "coordinates": [ 129.194, 40.665999999000064 ] } },
{ "type": "Feature", "properties": { "fid": 203, "OBJECTID": 203, "st_id": "hk_038", "st_nm_kr": "농성", "comment": "-", "rail_code": "hk", "id_lines": "함경선", "filter": "구역5:경원선 및 관련 지선", "check_db": "김종혁", "st_nm_kj": "農城", "st_nm_mr": "Nongsŏng", "st_nm_rmj": "Nōsei" }, "geometry": { "type": "Point", "coordinates": [ 129.21650000000011, 40.7481 ] } },
{ "type": "Feature", "properties": { "fid": 204, "OBJECTID": 204, "st_id": "hk_039", "st_nm_kr": "업억", "comment": "-", "rail_code": "hk", "id_lines": "함경선", "filter": "구역5:경원선 및 관련 지선", "check_db": "김종혁", "st_nm_kj": "業億", "st_nm_mr": "Ŏbŏk", "st_nm_rmj": "Gōoku" }, "geometry": { "type": "Point", "coordinates": [ 129.184800000000109, 40.833699999000032 ] } },
{ "type": "Feature", "properties": { "fid": 205, "OBJECTID": 205, "st_id": "hk_040", "st_nm_kr": "원평", "comment": "-", "rail_code": "hk", "id_lines": "함경선", "filter": "구역5:경원선 및 관련 지선", "check_db": "김종혁", "st_nm_kj": "院坪", "st_nm_mr": "Wŏnp'yŏng", "st_nm_rmj": "Enhei" }, "geometry": { "type": "Point", "coordinates": [ 129.2099, 40.8728 ] } },
{ "type": "Feature", "properties": { "fid": 206, "OBJECTID": 206, "st_id": "hk_041", "st_nm_kr": "노동", "comment": "-", "rail_code": "hk", "id_lines": "함경선", "filter": "구역5:경원선 및 관련 지선", "check_db": "김종혁", "st_nm_kj": "蘆洞", "st_nm_mr": "Nodong", "st_nm_rmj": "Rodō" }, "geometry": { "type": "Point", "coordinates": [ 129.290300000000116, 40.92 ] } },
{ "type": "Feature", "properties": { "fid": 207, "OBJECTID": 207, "st_id": "hk_042", "st_nm_kr": "길주", "comment": "-", "rail_code": "hk", "id_lines": "함경선", "filter": "구역5:경원선 및 관련 지선", "check_db": "김종혁", "st_nm_kj": "吉州", "st_nm_mr": "Kilju", "st_nm_rmj": "Kisshū" }, "geometry": { "type": "Point", "coordinates": [ 129.3222, 40.9616 ] } },
{ "type": "Feature", "properties": { "fid": 208, "OBJECTID": 208, "st_id": "hk_043", "st_nm_kr": "금송", "comment": "-", "rail_code": "hk", "id_lines": "함경선", "filter": "구역5:경원선 및 관련 지선", "check_db": "김종혁", "st_nm_kj": "金松", "st_nm_mr": "Kŭmsong", "st_nm_rmj": "Kinshō" }, "geometry": { "type": "Point", "coordinates": [ 129.345, 41.0218 ] } },
{ "type": "Feature", "properties": { "fid": 209, "OBJECTID": 209, "st_id": "hk_044", "st_nm_kr": "고참", "comment": "-", "rail_code": "hk", "id_lines": "함경선", "filter": "구역5:경원선 및 관련 지선", "check_db": "김종혁", "st_nm_kj": "古站", "st_nm_mr": "Koch'am", "st_nm_rmj": "Kotan" }, "geometry": { "type": "Point", "coordinates": [ 129.3737, 41.125299999000049 ] } },
{ "type": "Feature", "properties": { "fid": 210, "OBJECTID": 210, "st_id": "hk_045", "st_nm_kr": "내포", "comment": "-", "rail_code": "hk", "id_lines": "함경선", "filter": "구역5:경원선 및 관련 지선", "check_db": "김종혁", "st_nm_kj": "內浦", "st_nm_mr": "Naep'o", "st_nm_rmj": "Naiho" }, "geometry": { "type": "Point", "coordinates": [ 129.3792, 41.1656 ] } },
{ "type": "Feature", "properties": { "fid": 211, "OBJECTID": 211, "st_id": "hk_046", "st_nm_kr": "명천", "comment": "-", "rail_code": "hk", "id_lines": "함경선", "filter": "구역5:경원선 및 관련 지선", "check_db": "김종혁", "st_nm_kj": "明川", "st_nm_mr": "Myŏngch'ŏn", "st_nm_rmj": "Meisen" }, "geometry": { "type": "Point", "coordinates": [ 129.4055, 41.1841 ] } },
{ "type": "Feature", "properties": { "fid": 212, "OBJECTID": 212, "st_id": "hk_047", "st_nm_kr": "상용전", "comment": "-", "rail_code": "hk", "id_lines": "함경선", "filter": "구역5:경원선 및 관련 지선", "check_db": "김종혁", "st_nm_kj": "上龍田", "st_nm_mr": "Sangyongjŏn", "st_nm_rmj": "Kamiryūden" }, "geometry": { "type": "Point", "coordinates": [ 129.417, 41.214199999000073 ] } },
{ "type": "Feature", "properties": { "fid": 213, "OBJECTID": 213, "st_id": "hk_048", "st_nm_kr": "용동", "comment": "-", "rail_code": "hk", "id_lines": "함경선", "filter": "구역5:경원선 및 관련 지선", "check_db": "김종혁", "st_nm_kj": "龍洞", "st_nm_mr": "Yongdong", "st_nm_rmj": "Ryōdō" }, "geometry": { "type": "Point", "coordinates": [ 129.4432, 41.2302 ] } },
{ "type": "Feature", "properties": { "fid": 214, "OBJECTID": 214, "st_id": "hk_049", "st_nm_kr": "영안", "comment": "-", "rail_code": "hk", "id_lines": "함경선", "filter": "구역5:경원선 및 관련 지선", "check_db": "김종혁", "st_nm_kj": "永安", "st_nm_mr": "Yŏngan", "st_nm_rmj": "Eian" }, "geometry": { "type": "Point", "coordinates": [ 129.492800000000102, 41.252499999000065 ] } },
{ "type": "Feature", "properties": { "fid": 215, "OBJECTID": 215, "st_id": "hk_050", "st_nm_kr": "극동", "comment": "-", "rail_code": "hk", "id_lines": "함경선", "filter": "구역5:경원선 및 관련 지선", "check_db": "김종혁", "st_nm_kj": "極洞", "st_nm_mr": "Kŭktong", "st_nm_rmj": "Gokudō" }, "geometry": { "type": "Point", "coordinates": [ 129.5374, 41.2641 ] } },
{ "type": "Feature", "properties": { "fid": 216, "OBJECTID": 216, "st_id": "hk_051", "st_nm_kr": "조막산", "comment": "-", "rail_code": "hk", "id_lines": "함경선", "filter": "구역5:경원선 및 관련 지선", "check_db": "김종혁", "st_nm_kj": "造幕山", "st_nm_mr": "Chomaksan", "st_nm_rmj": "Zōmakusen" }, "geometry": { "type": "Point", "coordinates": [ 129.6007, 41.2563 ] } },
{ "type": "Feature", "properties": { "fid": 217, "OBJECTID": 217, "st_id": "hk_052", "st_nm_kr": "봉강", "comment": "-", "rail_code": "hk", "id_lines": "함경선", "filter": "구역5:경원선 및 관련 지선", "check_db": "김종혁", "st_nm_kj": "鳳岡", "st_nm_mr": "Ponggang", "st_nm_rmj": "Bukō" }, "geometry": { "type": "Point", "coordinates": [ 129.6574, 41.3409 ] } },
{ "type": "Feature", "properties": { "fid": 218, "OBJECTID": 218, "st_id": "hk_053", "st_nm_kr": "어대진", "comment": "-", "rail_code": "hk", "id_lines": "함경선", "filter": "구역5:경원선 및 관련 지선", "check_db": "김종혁", "st_nm_kj": "漁大津", "st_nm_mr": "Ŏdaejin", "st_nm_rmj": "Gyodaishin" }, "geometry": { "type": "Point", "coordinates": [ 129.7173, 41.401699999000073 ] } },
{ "type": "Feature", "properties": { "fid": 219, "OBJECTID": 219, "st_id": "hk_054", "st_nm_kr": "회문", "comment": "-", "rail_code": "hk", "id_lines": "함경선", "filter": "구역5:경원선 및 관련 지선", "check_db": "김종혁", "st_nm_kj": "會文", "st_nm_mr": "Hoemun", "st_nm_rmj": "Kaibun" }, "geometry": { "type": "Point", "coordinates": [ 129.659900000000107, 41.446 ] } },
{ "type": "Feature", "properties": { "fid": 220, "OBJECTID": 220, "st_id": "hk_055", "st_nm_kr": "용현", "comment": "-", "rail_code": "hk", "id_lines": "함경선", "filter": "구역5:경원선 및 관련 지선", "check_db": "김종혁", "st_nm_kj": "龍峴", "st_nm_mr": "Yonghyŏn", "st_nm_rmj": "Ryūken" }, "geometry": { "type": "Point", "coordinates": [ 129.635000000000105, 41.5458 ] } },
{ "type": "Feature", "properties": { "fid": 221, "OBJECTID": 221, "st_id": "hk_056", "st_nm_kr": "주을", "comment": "-", "rail_code": "hk", "id_lines": "함경선", "filter": "구역5:경원선 및 관련 지선", "check_db": "김종혁", "st_nm_kj": "朱乙", "st_nm_mr": "Chuŭl", "st_nm_rmj": "Shuitsu" }, "geometry": { "type": "Point", "coordinates": [ 129.6077, 41.5867 ] } },
{ "type": "Feature", "properties": { "fid": 222, "OBJECTID": 222, "st_id": "hk_057", "st_nm_kr": "생기령", "comment": "-", "rail_code": "hk", "id_lines": "함경선", "filter": "구역5:경원선 및 관련 지선", "check_db": "김종혁", "st_nm_kj": "生氣嶺", "st_nm_mr": "Saenggiryŏng", "st_nm_rmj": "Seikiryō" }, "geometry": { "type": "Point", "coordinates": [ 129.6098, 41.6132 ] } },
{ "type": "Feature", "properties": { "fid": 223, "OBJECTID": 223, "st_id": "hk_058", "st_nm_kr": "경성", "comment": "-", "rail_code": "hk", "id_lines": "함경선", "filter": "구역5:경원선 및 관련 지선", "check_db": "김종혁", "st_nm_kj": "鏡城", "st_nm_mr": "Kyŏngsŏng", "st_nm_rmj": "Kyōjō" }, "geometry": { "type": "Point", "coordinates": [ 129.6296, 41.666999999000041 ] } },
{ "type": "Feature", "properties": { "fid": 224, "OBJECTID": 224, "st_id": "hk_059", "st_nm_kr": "나남", "comment": "-", "rail_code": "hk", "id_lines": "함경선", "filter": "구역5:경원선 및 관련 지선", "check_db": "김종혁", "st_nm_kj": "羅南", "st_nm_mr": "Nanam", "st_nm_rmj": "Ranan" }, "geometry": { "type": "Point", "coordinates": [ 129.6973, 41.7183 ] } },
{ "type": "Feature", "properties": { "fid": 225, "OBJECTID": 225, "st_id": "hk_060", "st_nm_kr": "강덕", "comment": "-", "rail_code": "hk", "id_lines": "함경선", "filter": "구역5:경원선 및 관련 지선", "check_db": "김종혁", "st_nm_kj": "康徳", "st_nm_mr": "Kangdŏk", "st_nm_rmj": "Kōtoku" }, "geometry": { "type": "Point", "coordinates": [ 129.744100000000117, 41.766899999000032 ] } },
{ "type": "Feature", "properties": { "fid": 226, "OBJECTID": 226, "st_id": "hk_061", "st_nm_kr": "수성", "comment": "-", "rail_code": "hk", "id_lines": "함경선", "filter": "구역5:경원선 및 관련 지선", "check_db": "김종혁", "st_nm_kj": "輸城", "st_nm_mr": "Susŏng", "st_nm_rmj": "Sujō" }, "geometry": { "type": "Point", "coordinates": [ 129.737300000000118, 41.8237 ] } },
{ "type": "Feature", "properties": { "fid": 227, "OBJECTID": 227, "st_id": "kkn_001", "st_nm_kr": "경주", "comment": "-", "rail_code": "kkn", "id_lines": "경경남부선", "filter": "구역3:경부선의 동북부 지역 철도", "check_db": "김종혁", "st_nm_kj": "慶州", "st_nm_mr": "Kyŏngju", "st_nm_rmj": "Keishū" }, "geometry": { "type": "Point", "coordinates": [ 129.2187, 35.8452 ] } },
{ "type": "Feature", "properties": { "fid": 228, "OBJECTID": 228, "st_id": "kkn_002", "st_nm_kr": "율동", "comment": "-", "rail_code": "kkn", "id_lines": "경경남부선", "filter": "구역3:경부선의 동북부 지역 철도", "check_db": "김종혁", "st_nm_kj": "栗洞", "st_nm_mr": "Yultong", "st_nm_rmj": "Ritsudō" }, "geometry": { "type": "Point", "coordinates": [ 129.175300000000107, 35.812999999000056 ] } },
{ "type": "Feature", "properties": { "fid": 229, "OBJECTID": 229, "st_id": "kkn_003", "st_nm_kr": "모량", "comment": "-", "rail_code": "kkn", "id_lines": "경경남부선", "filter": "구역3:경부선의 동북부 지역 철도", "check_db": "김종혁", "st_nm_kj": "牟梁", "st_nm_mr": "Moryang", "st_nm_rmj": "Bōryō" }, "geometry": { "type": "Point", "coordinates": [ 129.1287, 35.8244 ] } },
{ "type": "Feature", "properties": { "fid": 230, "OBJECTID": 230, "st_id": "kkn_004", "st_nm_kr": "건천", "comment": "-", "rail_code": "kkn", "id_lines": "경경남부선", "filter": "구역3:경부선의 동북부 지역 철도", "check_db": "김종혁", "st_nm_kj": "乾川", "st_nm_mr": "Kŏnch'ŏn", "st_nm_rmj": "Kansen" }, "geometry": { "type": "Point", "coordinates": [ 129.097, 35.854599999000072 ] } },
{ "type": "Feature", "properties": { "fid": 231, "OBJECTID": 231, "st_id": "kkn_005", "st_nm_kr": "아화", "comment": "-", "rail_code": "kkn", "id_lines": "경경남부선", "filter": "구역3:경부선의 동북부 지역 철도", "check_db": "김종혁", "st_nm_kj": "阿火", "st_nm_mr": "Ahwa", "st_nm_rmj": "Akuwa" }, "geometry": { "type": "Point", "coordinates": [ 129.0541, 35.8894 ] } },
{ "type": "Feature", "properties": { "fid": 232, "OBJECTID": 232, "st_id": "kkn_006", "st_nm_kr": "임포", "comment": "-", "rail_code": "kkn", "id_lines": "경경남부선", "filter": "구역3:경부선의 동북부 지역 철도", "check_db": "김종혁", "st_nm_kj": "林浦", "st_nm_mr": "Imp'o", "st_nm_rmj": "Rinpo" }, "geometry": { "type": "Point", "coordinates": [ 129.0122, 35.920499999000072 ] } },
{ "type": "Feature", "properties": { "fid": 233, "OBJECTID": 233, "st_id": "kkn_007", "st_nm_kr": "영천", "comment": "-", "rail_code": "kkn", "id_lines": "경경남부선", "filter": "구역3:경부선의 동북부 지역 철도", "check_db": "김종혁", "st_nm_kj": "永川", "st_nm_mr": "Yŏngch'ŏn", "st_nm_rmj": "Eisen" }, "geometry": { "type": "Point", "coordinates": [ 128.9447, 35.959100001000024 ] } },
{ "type": "Feature", "properties": { "fid": 234, "OBJECTID": 234, "st_id": "kkn_008", "st_nm_kr": "경북화산", "comment": "-", "rail_code": "kkn", "id_lines": "경경남부선", "filter": "구역3:경부선의 동북부 지역 철도", "check_db": "김종혁", "st_nm_kj": "慶北花山", "st_nm_mr": "Kyŏngbukhwasan", "st_nm_rmj": "Keihokukasan" }, "geometry": null },
{ "type": "Feature", "properties": { "fid": 235, "OBJECTID": 235, "st_id": "kkn_009", "st_nm_kr": "신녕", "comment": "-", "rail_code": "kkn", "id_lines": "경경남부선", "filter": "구역3:경부선의 동북부 지역 철도", "check_db": "김종혁", "st_nm_kj": "新寧", "st_nm_mr": "Sinnyŏng", "st_nm_rmj": "Shinnei" }, "geometry": null },
{ "type": "Feature", "properties": { "fid": 236, "OBJECTID": 236, "st_id": "kkn_010", "st_nm_kr": "봉림", "comment": "-", "rail_code": "kkn", "id_lines": "경경남부선", "filter": "구역3:경부선의 동북부 지역 철도", "check_db": "김종혁", "st_nm_kj": "鳳林", "st_nm_mr": "Pongnim", "st_nm_rmj": "Hōrin" }, "geometry": null },
{ "type": "Feature", "properties": { "fid": 237, "OBJECTID": 237, "st_id": "kkn_011", "st_nm_kr": "화본", "comment": "-", "rail_code": "kkn", "id_lines": "경경남부선", "filter": "구역3:경부선의 동북부 지역 철도", "check_db": "김종혁", "st_nm_kj": "花本", "st_nm_mr": "Hwabon", "st_nm_rmj": "Kahon" }, "geometry": null },
{ "type": "Feature", "properties": { "fid": 238, "OBJECTID": 238, "st_id": "kkn_012", "st_nm_kr": "우보", "comment": "-", "rail_code": "kkn", "id_lines": "경경남부선", "filter": "구역3:경부선의 동북부 지역 철도", "check_db": "김종혁", "st_nm_kj": "友保", "st_nm_mr": "Ubo", "st_nm_rmj": "Yūho" }, "geometry": null },
{ "type": "Feature", "properties": { "fid": 239, "OBJECTID": 239, "st_id": "kkn_013", "st_nm_kr": "탑리", "comment": "-", "rail_code": "kkn", "id_lines": "경경남부선", "filter": "구역3:경부선의 동북부 지역 철도", "check_db": "김종혁", "st_nm_kj": "塔里", "st_nm_mr": "T'amni", "st_nm_rmj": "Tōri" }, "geometry": null },
{ "type": "Feature", "properties": { "fid": 240, "OBJECTID": 240, "st_id": "kkn_014", "st_nm_kr": "의성", "comment": "-", "rail_code": "kkn", "id_lines": "경경남부선", "filter": "구역3:경부선의 동북부 지역 철도", "check_db": "김종혁", "st_nm_kj": "義城", "st_nm_mr": "Ŭisŏng", "st_nm_rmj": "Gijō" }, "geometry": null },
{ "type": "Feature", "properties": { "fid": 241, "OBJECTID": 241, "st_id": "kkn_015", "st_nm_kr": "단촌", "comment": "-", "rail_code": "kkn", "id_lines": "경경남부선", "filter": "구역3:경부선의 동북부 지역 철도", "check_db": "김종혁", "st_nm_kj": "丹村", "st_nm_mr": "Tanch'on", "st_nm_rmj": "Tanson" }, "geometry": null },
{ "type": "Feature", "properties": { "fid": 242, "OBJECTID": 242, "st_id": "kkn_016", "st_nm_kr": "운산", "comment": "-", "rail_code": "kkn", "id_lines": "경경남부선", "filter": "구역3:경부선의 동북부 지역 철도", "check_db": "김종혁", "st_nm_kj": "雲山", "st_nm_mr": "Unsan", "st_nm_rmj": "Unsan" }, "geometry": null },
{ "type": "Feature", "properties": { "fid": 243, "OBJECTID": 243, "st_id": "kkn_017", "st_nm_kr": "무릉", "comment": "-", "rail_code": "kkn", "id_lines": "경경남부선", "filter": "구역3:경부선의 동북부 지역 철도", "check_db": "김종혁", "st_nm_kj": "武陵", "st_nm_mr": "Murŭng", "st_nm_rmj": "Buryō" }, "geometry": null },
{ "type": "Feature", "properties": { "fid": 244, "OBJECTID": 244, "st_id": "kkn_018", "st_nm_kr": "경북안동", "comment": "-", "rail_code": "kkn", "id_lines": "경경남부선", "filter": "구역3:경부선의 동북부 지역 철도", "check_db": "김종혁", "st_nm_kj": "慶北安東", "st_nm_mr": "Kyŏngbugandong", "st_nm_rmj": "Keihoku Antō" }, "geometry": null },
{ "type": "Feature", "properties": { "fid": 245, "OBJECTID": 245, "st_id": "kkb_001", "st_nm_kr": "동경성", "comment": "-", "rail_code": "kkb", "id_lines": "경경북부선", "filter": "구역5:경원선 및 관련 지선", "check_db": "김종혁", "st_nm_kj": "東京城", "st_nm_mr": "Tonggyŏngsŏng", "st_nm_rmj": "Tōkyōjō" }, "geometry": { "type": "Point", "coordinates": [ 127.047100000000114, 37.579299999000057 ] } },
{ "type": "Feature", "properties": { "fid": 246, "OBJECTID": 246, "st_id": "kkb_002", "st_nm_kr": "망우", "comment": "-", "rail_code": "kkb", "id_lines": "경경북부선", "filter": "구역5:경원선 및 관련 지선", "check_db": "김종혁", "st_nm_kj": "忘憂", "st_nm_mr": "Mangu", "st_nm_rmj": "Bōyū" }, "geometry": null },
{ "type": "Feature", "properties": { "fid": 247, "OBJECTID": 247, "st_id": "kkb_003", "st_nm_kr": "도농", "comment": "-", "rail_code": "kkb", "id_lines": "경경북부선", "filter": "구역5:경원선 및 관련 지선", "check_db": "김종혁", "st_nm_kj": "陶農", "st_nm_mr": "Tonong", "st_nm_rmj": "Tōnō" }, "geometry": null },
{ "type": "Feature", "properties": { "fid": 248, "OBJECTID": 248, "st_id": "kkb_004", "st_nm_kr": "덕소", "comment": "-", "rail_code": "kkb", "id_lines": "경경북부선", "filter": "구역5:경원선 및 관련 지선", "check_db": "김종혁", "st_nm_kj": "徳沼", "st_nm_mr": "Tŏkso", "st_nm_rmj": "Tokushō" }, "geometry": null },
{ "type": "Feature", "properties": { "fid": 249, "OBJECTID": 249, "st_id": "kkb_005", "st_nm_kr": "팔당", "comment": "-", "rail_code": "kkb", "id_lines": "경경북부선", "filter": "구역5:경원선 및 관련 지선", "check_db": "김종혁", "st_nm_kj": "八堂", "st_nm_mr": "P'altang", "st_nm_rmj": "Hachidō" }, "geometry": null },
{ "type": "Feature", "properties": { "fid": 250, "OBJECTID": 250, "st_id": "kkb_006", "st_nm_kr": "양수", "comment": "-", "rail_code": "kkb", "id_lines": "경경북부선", "filter": "구역5:경원선 및 관련 지선", "check_db": "김종혁", "st_nm_kj": "両水", "st_nm_mr": "Yangsu", "st_nm_rmj": "Ryōsui" }, "geometry": null },
{ "type": "Feature", "properties": { "fid": 251, "OBJECTID": 251, "st_id": "kkb_007", "st_nm_kr": "국수", "comment": "-", "rail_code": "kkb", "id_lines": "경경북부선", "filter": "구역5:경원선 및 관련 지선", "check_db": "김종혁", "st_nm_kj": "菊秀", "st_nm_mr": "Kuksu", "st_nm_rmj": "Kikushū" }, "geometry": null },
{ "type": "Feature", "properties": { "fid": 252, "OBJECTID": 252, "st_id": "kkb_008", "st_nm_kr": "양평", "comment": "-", "rail_code": "kkb", "id_lines": "경경북부선", "filter": "구역5:경원선 및 관련 지선", "check_db": "김종혁", "st_nm_kj": "楊平", "st_nm_mr": "Yangp'yŏng", "st_nm_rmj": "Yōhei" }, "geometry": null },
{ "type": "Feature", "properties": { "fid": 253, "OBJECTID": 253, "st_id": "kkb_009", "st_nm_kr": "원덕", "comment": "-", "rail_code": "kkb", "id_lines": "경경북부선", "filter": "구역5:경원선 및 관련 지선", "check_db": "김종혁", "st_nm_kj": "元徳", "st_nm_mr": "Wŏndŏk", "st_nm_rmj": "Gentoku" }, "geometry": null },
{ "type": "Feature", "properties": { "fid": 254, "OBJECTID": 254, "st_id": "kkb_010", "st_nm_kr": "용문", "comment": "-", "rail_code": "kkb", "id_lines": "경경북부선", "filter": "구역5:경원선 및 관련 지선", "check_db": "김종혁", "st_nm_kj": "龍門", "st_nm_mr": "Yongmun", "st_nm_rmj": "Ryūmon" }, "geometry": null },
{ "type": "Feature", "properties": { "fid": 255, "OBJECTID": 255, "st_id": "kkb_011", "st_nm_kr": "지평", "comment": "-", "rail_code": "kkb", "id_lines": "경경북부선", "filter": "구역5:경원선 및 관련 지선", "check_db": "김종혁", "st_nm_kj": "砥平", "st_nm_mr": "Chip'yŏng", "st_nm_rmj": "Shihei" }, "geometry": null },
{ "type": "Feature", "properties": { "fid": 256, "OBJECTID": 256, "st_id": "kkb_012", "st_nm_kr": "구둔", "comment": "-", "rail_code": "kkb", "id_lines": "경경북부선", "filter": "구역5:경원선 및 관련 지선", "check_db": "김종혁", "st_nm_kj": "九屯", "st_nm_mr": "Kudun", "st_nm_rmj": "Kyūton" }, "geometry": null },
{ "type": "Feature", "properties": { "fid": 257, "OBJECTID": 257, "st_id": "kkb_013", "st_nm_kr": "양동", "comment": "-", "rail_code": "kkb", "id_lines": "경경북부선", "filter": "구역5:경원선 및 관련 지선", "check_db": "김종혁", "st_nm_kj": "楊東", "st_nm_mr": "Yangdong", "st_nm_rmj": "Yōtō" }, "geometry": null },
{ "type": "Feature", "properties": { "fid": 258, "OBJECTID": 258, "st_id": "kkb_014", "st_nm_kr": "양현", "comment": "-", "rail_code": "kkb", "id_lines": "경경북부선", "filter": "구역5:경원선 및 관련 지선", "check_db": "김종혁", "st_nm_kj": "艮峴", "st_nm_mr": "Yanghyŏn", "st_nm_rmj": "Konken" }, "geometry": null },
{ "type": "Feature", "properties": { "fid": 259, "OBJECTID": 259, "st_id": "kkb_015", "st_nm_kr": "동화", "comment": "-", "rail_code": "kkb", "id_lines": "경경북부선", "filter": "구역5:경원선 및 관련 지선", "check_db": "김종혁", "st_nm_kj": "桐華", "st_nm_mr": "Tonghwa", "st_nm_rmj": "Dōka" }, "geometry": null },
{ "type": "Feature", "properties": { "fid": 260, "OBJECTID": 260, "st_id": "kkb_016", "st_nm_kr": "만종", "comment": "-", "rail_code": "kkb", "id_lines": "경경북부선", "filter": "구역5:경원선 및 관련 지선", "check_db": "김종혁", "st_nm_kj": "万鍾", "st_nm_mr": "Manjong", "st_nm_rmj": "Manshō" }, "geometry": null },
{ "type": "Feature", "properties": { "fid": 261, "OBJECTID": 261, "st_id": "kkb_017", "st_nm_kr": "원주", "comment": "-", "rail_code": "kkb", "id_lines": "경경북부선", "filter": "구역5:경원선 및 관련 지선", "check_db": "김종혁", "st_nm_kj": "原州", "st_nm_mr": "Wŏnju", "st_nm_rmj": "Genshū" }, "geometry": null },
{ "type": "Feature", "properties": { "fid": 262, "OBJECTID": 262, "st_id": "bc_001", "st_nm_kr": "신북청", "comment": "-", "rail_code": "bc", "id_lines": "북청선", "filter": "구역5:경원선 및 관련 지선", "check_db": "김종혁", "st_nm_kj": "新北青", "st_nm_mr": "Sinbukch'ŏng", "st_nm_rmj": "Shinhokushō" }, "geometry": { "type": "Point", "coordinates": [ 128.3731, 40.177300001000049 ] } },
{ "type": "Feature", "properties": { "fid": 263, "OBJECTID": 263, "st_id": "bc_002", "st_nm_kr": "양가", "comment": "-", "rail_code": "bc", "id_lines": "북청선", "filter": "구역5:경원선 및 관련 지선", "check_db": "김종혁", "st_nm_kj": "楊家", "st_nm_mr": "Yangga", "st_nm_rmj": "Yōka" }, "geometry": { "type": "Point", "coordinates": [ 128.3535, 40.1939 ] } },
{ "type": "Feature", "properties": { "fid": 264, "OBJECTID": 264, "st_id": "bc_003", "st_nm_kr": "북청", "comment": "-", "rail_code": "bc", "id_lines": "북청선", "filter": "구역5:경원선 및 관련 지선", "check_db": "김종혁", "st_nm_kj": "北青", "st_nm_mr": "Pukch'ŏng", "st_nm_rmj": "Hokusei" }, "geometry": { "type": "Point", "coordinates": [ 128.321100000000115, 40.225299999000072 ] } },
{ "type": "Feature", "properties": { "fid": 265, "OBJECTID": 265, "st_id": "pc_001", "st_nm_kr": "맹중리", "comment": "-", "rail_code": "pc", "id_lines": "박천선", "filter": "구역4:경의선 및 관련 지선", "check_db": "김종혁", "st_nm_kj": "孟中里", "st_nm_mr": "Maengjungni", "st_nm_rmj": "Mōchūri" }, "geometry": { "type": "Point", "coordinates": [ 125.5966, 39.64849999900008 ] } },
{ "type": "Feature", "properties": { "fid": 266, "OBJECTID": 266, "st_id": "pc_002", "st_nm_kr": "일원", "comment": "-", "rail_code": "pc", "id_lines": "박천선", "filter": "구역4:경의선 및 관련 지선", "check_db": "김종혁", "st_nm_kj": "一院", "st_nm_mr": "Irwŏn", "st_nm_rmj": "Ichiin" }, "geometry": { "type": "Point", "coordinates": [ 125.5979, 39.6931 ] } },
{ "type": "Feature", "properties": { "fid": 267, "OBJECTID": 267, "st_id": "pc_003", "st_nm_kr": "박천", "comment": "-", "rail_code": "pc", "id_lines": "박천선", "filter": "구역4:경의선 및 관련 지선", "check_db": "김종혁", "st_nm_kj": "博川", "st_nm_mr": "Pakch'ŏn", "st_nm_rmj": "Hakusen" }, "geometry": { "type": "Point", "coordinates": [ 125.5766, 39.720799999000064 ] } },
{ "type": "Feature", "properties": { "fid": 268, "OBJECTID": 268, "st_id": "pys_001", "st_nm_kr": "순천", "comment": "-", "rail_code": "pys", "id_lines": "평원선", "filter": "구역4:경의선 및 관련 지선", "check_db": "김종혁", "st_nm_kj": "順川", "st_nm_mr": "Sunch'ŏn", "st_nm_rmj": "Junsen" }, "geometry": { "type": "Point", "coordinates": [ 125.9438, 39.430600001000073 ] } },
{ "type": "Feature", "properties": { "fid": 269, "OBJECTID": 269, "st_id": "pys_002", "st_nm_kr": "봉하", "comment": "-", "rail_code": "pys", "id_lines": "평원선", "filter": "구역4:경의선 및 관련 지선", "check_db": "김종혁", "st_nm_kj": "鳳下", "st_nm_mr": "Pongha", "st_nm_rmj": "Hōka" }, "geometry": { "type": "Point", "coordinates": [ 125.9739, 39.439999999000065 ] } },
{ "type": "Feature", "properties": { "fid": 270, "OBJECTID": 270, "st_id": "pys_003", "st_nm_kr": "고산", "comment": "-", "rail_code": "pys", "id_lines": "평원선", "filter": "구역4:경의선 및 관련 지선", "check_db": "김종혁", "st_nm_kj": "高山", "st_nm_mr": "Kosan", "st_nm_rmj": "Kōzan" }, "geometry": { "type": "Point", "coordinates": [ 126.0211, 39.403999999000064 ] } },
{ "type": "Feature", "properties": { "fid": 271, "OBJECTID": 271, "st_id": "pys_004", "st_nm_kr": "수양", "comment": "-", "rail_code": "pys", "id_lines": "평원선", "filter": "구역4:경의선 및 관련 지선", "check_db": "김종혁", "st_nm_kj": "首陽", "st_nm_mr": "Suyang", "st_nm_rmj": "Shuyō" }, "geometry": { "type": "Point", "coordinates": [ 126.0718, 39.3917 ] } },
{ "type": "Feature", "properties": { "fid": 272, "OBJECTID": 272, "st_id": "pys_005", "st_nm_kr": "신창", "comment": "-", "rail_code": "pys", "id_lines": "평원선", "filter": "구역4:경의선 및 관련 지선", "check_db": "김종혁", "st_nm_kj": "新倉", "st_nm_mr": "Sinch'ang", "st_nm_rmj": "Shinsō" }, "geometry": { "type": "Point", "coordinates": [ 126.1189, 39.4003 ] } },
{ "type": "Feature", "properties": { "fid": 273, "OBJECTID": 273, "st_id": "pys_006", "st_nm_kr": "수덕", "comment": "-", "rail_code": "pys", "id_lines": "평원선", "filter": "구역4:경의선 및 관련 지선", "check_db": "김종혁", "st_nm_kj": "修德", "st_nm_mr": "Sudŏk", "st_nm_rmj": "Shudoku" }, "geometry": null },
{ "type": "Feature", "properties": { "fid": 274, "OBJECTID": 274, "st_id": "pys_007", "st_nm_kr": "신성천", "comment": "-", "rail_code": "pys", "id_lines": "평원선", "filter": "구역4:경의선 및 관련 지선", "check_db": "김종혁", "st_nm_kj": "新成川", "st_nm_mr": "Sinsŏngch'ŏn", "st_nm_rmj": "Shinseisen" }, "geometry": null },
{ "type": "Feature", "properties": { "fid": 275, "OBJECTID": 275, "st_id": "pys_008", "st_nm_kr": "거흥", "comment": "-", "rail_code": "pys", "id_lines": "평원선", "filter": "구역4:경의선 및 관련 지선", "check_db": "김종혁", "st_nm_kj": "巨興", "st_nm_mr": "Kŏhŭng", "st_nm_rmj": "Kyokō" }, "geometry": null },
{ "type": "Feature", "properties": { "fid": 276, "OBJECTID": 276, "st_id": "pys_009", "st_nm_kr": "장림", "comment": "-", "rail_code": "pys", "id_lines": "평원선", "filter": "구역4:경의선 및 관련 지선", "check_db": "김종혁", "st_nm_kj": "長林", "st_nm_mr": "Changnim", "st_nm_rmj": "Chōrin" }, "geometry": null },
{ "type": "Feature", "properties": { "fid": 277, "OBJECTID": 277, "st_id": "pys_010", "st_nm_kr": "동원", "comment": "-", "rail_code": "pys", "id_lines": "평원선", "filter": "구역4:경의선 및 관련 지선", "check_db": "김종혁", "st_nm_kj": "東元", "st_nm_mr": "Tongwŏn", "st_nm_rmj": "Tōgen" }, "geometry": null },
{ "type": "Feature", "properties": { "fid": 278, "OBJECTID": 278, "st_id": "pys_011", "st_nm_kr": "인평", "comment": "-", "rail_code": "pys", "id_lines": "평원선", "filter": "구역4:경의선 및 관련 지선", "check_db": "김종혁", "st_nm_kj": "仁平", "st_nm_mr": "Inp'yŏng", "st_nm_rmj": "Jinhei" }, "geometry": null },
{ "type": "Feature", "properties": { "fid": 279, "OBJECTID": 279, "st_id": "pys_012", "st_nm_kr": "지수", "comment": "-", "rail_code": "pys", "id_lines": "평원선", "filter": "구역4:경의선 및 관련 지선", "check_db": "김종혁", "st_nm_kj": "智水", "st_nm_mr": "Chisu", "st_nm_rmj": "Chisui" }, "geometry": null },
{ "type": "Feature", "properties": { "fid": 280, "OBJECTID": 280, "st_id": "pys_013", "st_nm_kr": "양덕", "comment": "-", "rail_code": "pys", "id_lines": "평원선", "filter": "구역4:경의선 및 관련 지선", "check_db": "김종혁", "st_nm_kj": "陽德", "st_nm_mr": "Yangdŏk", "st_nm_rmj": "Yōdoku" }, "geometry": null },
{ "type": "Feature", "properties": { "fid": 281, "OBJECTID": 281, "st_id": "pn_003", "st_nm_kr": "대평", "comment": "-", "rail_code": "pn", "id_lines": "평남선", "filter": "구역4:경의선 및 관련 지선", "check_db": "김종혁", "st_nm_kj": "大平", "st_nm_mr": "Taep'yŏng", "st_nm_rmj": "Taihei" }, "geometry": { "type": "Point", "coordinates": [ 125.6144, 38.9803 ] } },
{ "type": "Feature", "properties": { "fid": 282, "OBJECTID": 282, "st_id": "pn_004", "st_nm_kr": "강선", "comment": "-", "rail_code": "pn", "id_lines": "평남선", "filter": "구역4:경의선 및 관련 지선", "check_db": "김종혁", "st_nm_kj": "降仙", "st_nm_mr": "Kangsŏn", "st_nm_rmj": "Kōsen" }, "geometry": { "type": "Point", "coordinates": [ 125.5762, 38.927999999000065 ] } },
{ "type": "Feature", "properties": { "fid": 283, "OBJECTID": 283, "st_id": "pn_005", "st_nm_kr": "기양", "comment": "-", "rail_code": "pn", "id_lines": "평남선", "filter": "구역4:경의선 및 관련 지선", "check_db": "김종혁", "st_nm_kj": "岐陽", "st_nm_mr": "Kiyang", "st_nm_rmj": "Kiyō" }, "geometry": { "type": "Point", "coordinates": [ 125.5212, 38.9165 ] } },
{ "type": "Feature", "properties": { "fid": 284, "OBJECTID": 284, "st_id": "pn_006", "st_nm_kr": "대성", "comment": "-", "rail_code": "pn", "id_lines": "평남선", "filter": "구역4:경의선 및 관련 지선", "check_db": "김종혁", "st_nm_kj": "大成", "st_nm_mr": "Taesŏng", "st_nm_rmj": "Taisei" }, "geometry": { "type": "Point", "coordinates": [ 125.4587, 38.8846 ] } },
{ "type": "Feature", "properties": { "fid": 285, "OBJECTID": 285, "st_id": "pn_008", "st_nm_kr": "갈천", "comment": "-", "rail_code": "pn", "id_lines": "평남선", "filter": "구역4:경의선 및 관련 지선", "check_db": "김종혁", "st_nm_kj": "葛川", "st_nm_mr": "Kalch'ŏn", "st_nm_rmj": "Kassen" }, "geometry": { "type": "Point", "coordinates": [ 125.4204, 38.7969 ] } },
{ "type": "Feature", "properties": { "fid": 286, "OBJECTID": 286, "st_id": "pn_009", "st_nm_kr": "진남포", "comment": "-", "rail_code": "pn", "id_lines": "평남선", "filter": "구역4:경의선 및 관련 지선", "check_db": "김종혁", "st_nm_kj": "鎭南浦", "st_nm_mr": "Chinnamp'o", "st_nm_rmj": "Chin'nanpo" }, "geometry": { "type": "Point", "coordinates": [ 125.4125, 38.7333 ] } },
{ "type": "Feature", "properties": { "fid": 287, "OBJECTID": 287, "st_id": "pn_007", "st_nm_kr": "진지동", "comment": "-", "rail_code": "pn", "id_lines": "평남선", "filter": "구역4:경의선 및 관련 지선", "check_db": "김종혁", "st_nm_kj": "眞池洞", "st_nm_mr": "Chinjidong", "st_nm_rmj": "Shinchigō" }, "geometry": { "type": "Point", "coordinates": [ 125.4242, 38.852499999000031 ] } },
{ "type": "Feature", "properties": { "fid": 288, "OBJECTID": 288, "st_id": "pn_001", "st_nm_kr": "평양", "comment": "-", "rail_code": "pn", "id_lines": "평남선", "filter": "구역4:경의선 및 관련 지선", "check_db": "김종혁", "st_nm_kj": "平壌", "st_nm_mr": "P'yŏngyang", "st_nm_rmj": "Heijō" }, "geometry": { "type": "Point", "coordinates": [ 125.7358, 39.0046 ] } },
{ "type": "Feature", "properties": { "fid": 289, "OBJECTID": 289, "st_id": "pn_002", "st_nm_kr": "조촌", "comment": "-", "rail_code": "pn", "id_lines": "평남선", "filter": "구역4:경의선 및 관련 지선", "check_db": "김종혁", "st_nm_kj": "趙村", "st_nm_mr": "Choch'on", "st_nm_rmj": "Chōson" }, "geometry": { "type": "Point", "coordinates": [ 125.6615, 39.0306 ] } },
{ "type": "Feature", "properties": { "fid": 290, "OBJECTID": 290, "st_id": "gc_001", "st_nm_kr": "신안주", "comment": "-", "rail_code": "gc", "id_lines": "개천선", "filter": "구역4:경의선 및 관련 지선", "check_db": "김종혁", "st_nm_kj": "新安州", "st_nm_mr": "Sinanju", "st_nm_rmj": "Shin'anshū" }, "geometry": { "type": "Point", "coordinates": [ 125.6034, 39.6017 ] } },
{ "type": "Feature", "properties": { "fid": 291, "OBJECTID": 291, "st_id": "gc_002", "st_nm_kr": "안주", "comment": "-", "rail_code": "gc", "id_lines": "개천선", "filter": "구역4:경의선 및 관련 지선", "check_db": "김종혁", "st_nm_kj": "安州", "st_nm_mr": "Anju", "st_nm_rmj": "Anshū" }, "geometry": { "type": "Point", "coordinates": [ 125.6793, 39.6318 ] } },
{ "type": "Feature", "properties": { "fid": 292, "OBJECTID": 292, "st_id": "gc_003", "st_nm_kr": "북송리", "comment": "-", "rail_code": "gc", "id_lines": "개천선", "filter": "구역4:경의선 및 관련 지선", "check_db": "김종혁", "st_nm_kj": "北松里", "st_nm_mr": "Puksongni", "st_nm_rmj": "Hokushō-ri" }, "geometry": { "type": "Point", "coordinates": [ 125.7552, 39.6558 ] } },
{ "type": "Feature", "properties": { "fid": 293, "OBJECTID": 293, "st_id": "gc_004", "st_nm_kr": "용흥리", "comment": "-", "rail_code": "gc", "id_lines": "개천선", "filter": "구역4:경의선 및 관련 지선", "check_db": "김종혁", "st_nm_kj": "雲興里", "st_nm_mr": "Yonghŭngni", "st_nm_rmj": "Unkōri" }, "geometry": { "type": "Point", "coordinates": [ 125.828800000000115, 39.680199999000024 ] } },
{ "type": "Feature", "properties": { "fid": 294, "OBJECTID": 294, "st_id": "gc_005", "st_nm_kr": "운흥리", "comment": "-", "rail_code": "gc", "id_lines": "개천선", "filter": "구역4:경의선 및 관련 지선", "check_db": "김종혁", "st_nm_kj": "雲興里", "st_nm_mr": "Unhŭngni", "st_nm_rmj": "Unkō-ri" }, "geometry": { "type": "Point", "coordinates": [ 125.857800000000111, 39.686799999000073 ] } },
{ "type": "Feature", "properties": { "fid": 295, "OBJECTID": 295, "st_id": "gc_006", "st_nm_kr": "개천", "comment": "-", "rail_code": "gc", "id_lines": "개천선", "filter": "구역4:경의선 및 관련 지선", "check_db": "김종혁", "st_nm_kj": "价川", "st_nm_mr": "Kaech'ŏn", "st_nm_rmj": "Kaisen" }, "geometry": { "type": "Point", "coordinates": [ 125.8929, 39.7009 ] } },
{ "type": "Feature", "properties": { "fid": 296, "OBJECTID": 296, "st_id": "gyp_001", "st_nm_kr": "황해황주", "comment": "-", "rail_code": "gyp", "id_lines": "겸이포선", "filter": "구역4:경의선 및 관련 지선", "check_db": "김종혁", "st_nm_kj": "黃海黃州", "st_nm_mr": "Hwanghaehwangju", "st_nm_rmj": "Hōkai-Kōshū" }, "geometry": { "type": "Point", "coordinates": [ 125.7605, 38.695699999000055 ] } },
{ "type": "Feature", "properties": { "fid": 297, "OBJECTID": 297, "st_id": "gyp_002", "st_nm_kr": "장천리", "comment": "-", "rail_code": "gyp", "id_lines": "겸이포선", "filter": "구역4:경의선 및 관련 지선", "check_db": "김종혁", "st_nm_kj": "長川里", "st_nm_mr": "Changch'ŏlli", "st_nm_rmj": "Chōsenri" }, "geometry": { "type": "Point", "coordinates": [ 125.688400000000115, 38.7138 ] } },
{ "type": "Feature", "properties": { "fid": 298, "OBJECTID": 298, "st_id": "gyp_003", "st_nm_kr": "겸이포", "comment": "-", "rail_code": "gyp", "id_lines": "겸이포선", "filter": "구역4:경의선 및 관련 지선", "check_db": "김종혁", "st_nm_kj": "兼二浦", "st_nm_mr": "Kyŏmip'o", "st_nm_rmj": "Kenjiho" }, "geometry": { "type": "Point", "coordinates": [ 125.626800000000117, 38.7381 ] } },
{ "type": "Feature", "properties": { "fid": 299, "OBJECTID": 299, "st_id": "pyt_001", "st_nm_kr": "평양", "comment": "-", "rail_code": "pyt", "id_lines": "평양탄광선", "filter": "구역4:경의선 및 관련 지선", "check_db": "김종혁", "st_nm_kj": "平壌", "st_nm_mr": "P'yŏngyang", "st_nm_rmj": "Heijō" }, "geometry": { "type": "Point", "coordinates": [ 125.7358, 39.0046 ] } },
{ "type": "Feature", "properties": { "fid": 300, "OBJECTID": 300, "st_id": "pyt_002", "st_nm_kr": "대동강", "comment": "-", "rail_code": "pyt", "id_lines": "평양탄광선", "filter": "구역4:경의선 및 관련 지선", "check_db": "김종혁", "st_nm_kj": "大同江", "st_nm_mr": "Taedonggang", "st_nm_rmj": "Daidōkō" }, "geometry": { "type": "Point", "coordinates": [ 125.7553, 38.984300001000065 ] } },
{ "type": "Feature", "properties": { "fid": 301, "OBJECTID": 301, "st_id": "pyt_003", "st_nm_kr": "선교리", "comment": "-", "rail_code": "pyt", "id_lines": "평양탄광선", "filter": "구역4:경의선 및 관련 지선", "check_db": "김종혁", "st_nm_kj": "船橋里", "st_nm_mr": "Sŏn'gyori", "st_nm_rmj": "Senkyōri" }, "geometry": { "type": "Point", "coordinates": [ 125.773, 39.0022 ] } },
{ "type": "Feature", "properties": { "fid": 302, "OBJECTID": 302, "st_id": "pyt_004", "st_nm_kr": "사동", "comment": "-", "rail_code": "pyt", "id_lines": "평양탄광선", "filter": "구역4:경의선 및 관련 지선", "check_db": "김종혁", "st_nm_kj": "寺洞", "st_nm_mr": "Sadong", "st_nm_rmj": "Jigō" }, "geometry": { "type": "Point", "coordinates": [ 125.8154, 39.0122 ] } },
{ "type": "Feature", "properties": { "fid": 303, "OBJECTID": 303, "st_id": "pyt_005", "st_nm_kr": "미림", "comment": "-", "rail_code": "pyt", "id_lines": "평양탄광선", "filter": "구역4:경의선 및 관련 지선", "check_db": "김종혁", "st_nm_kj": "美林", "st_nm_mr": "Mirim", "st_nm_rmj": "Mirin" }, "geometry": { "type": "Point", "coordinates": [ 125.866400000000112, 39.0273 ] } },
{ "type": "Feature", "properties": { "fid": 304, "OBJECTID": 304, "st_id": "pyt_006", "st_nm_kr": "청룡", "comment": "-", "rail_code": "pyt", "id_lines": "평양탄광선", "filter": "구역4:경의선 및 관련 지선", "check_db": "김종혁", "st_nm_kj": "青龍", "st_nm_mr": "Ch'ŏngnyong", "st_nm_rmj": "Seiryō" }, "geometry": { "type": "Point", "coordinates": [ 125.9265, 39.0156 ] } },
{ "type": "Feature", "properties": { "fid": 305, "OBJECTID": 305, "st_id": "pyt_007", "st_nm_kr": "입석리", "comment": "-", "rail_code": "pyt", "id_lines": "평양탄광선", "filter": "구역4:경의선 및 관련 지선", "check_db": "김종혁", "st_nm_kj": "立石里", "st_nm_mr": "Ipsŏngni", "st_nm_rmj": "Rissekiri" }, "geometry": { "type": "Point", "coordinates": [ 125.955200000000104, 39.0065 ] } },
{ "type": "Feature", "properties": { "fid": 306, "OBJECTID": 306, "st_id": "pyt_008", "st_nm_kr": "승호리", "comment": "-", "rail_code": "pyt", "id_lines": "평양탄광선", "filter": "구역4:경의선 및 관련 지선", "check_db": "김종혁", "st_nm_kj": "勝湖里", "st_nm_mr": "Sŭnghori", "st_nm_rmj": "Shōkori" }, "geometry": { "type": "Point", "coordinates": [ 125.9693, 38.9943 ] } },
{ "type": "Feature", "properties": { "fid": 307, "OBJECTID": 307, "st_id": "mp_001", "st_nm_kr": "평양", "comment": "-", "rail_code": "mp", "id_lines": "만포선", "filter": "구역4:경의선 및 관련 지선", "check_db": "김종혁", "st_nm_kj": "平壌", "st_nm_mr": "P'yŏngyang", "st_nm_rmj": "Heijō" }, "geometry": { "type": "Point", "coordinates": [ 125.7358, 39.0046 ] } },
{ "type": "Feature", "properties": { "fid": 308, "OBJECTID": 308, "st_id": "mp_002", "st_nm_kr": "서평양", "comment": "-", "rail_code": "mp", "id_lines": "만포선", "filter": "구역4:경의선 및 관련 지선", "check_db": "김종혁", "st_nm_kj": "西平壌", "st_nm_mr": "Sŏp'yŏngyang", "st_nm_rmj": "Nishi-Heijō" }, "geometry": { "type": "Point", "coordinates": [ 125.744600000000105, 39.0385 ] } },
{ "type": "Feature", "properties": { "fid": 309, "OBJECTID": 309, "st_id": "mp_003", "st_nm_kr": "서포", "comment": "-", "rail_code": "mp", "id_lines": "만포선", "filter": "구역4:경의선 및 관련 지선", "check_db": "김종혁", "st_nm_kj": "西浦", "st_nm_mr": "Sŏp'o", "st_nm_rmj": "Saiho" }, "geometry": { "type": "Point", "coordinates": [ 125.735500000000116, 39.0923 ] } },
{ "type": "Feature", "properties": { "fid": 310, "OBJECTID": 310, "st_id": "mp_004", "st_nm_kr": "용성", "comment": "-", "rail_code": "mp", "id_lines": "만포선", "filter": "구역4:경의선 및 관련 지선", "check_db": "김종혁", "st_nm_kj": "龍城", "st_nm_mr": "Yongsŏng", "st_nm_rmj": "Ryūjō" }, "geometry": { "type": "Point", "coordinates": [ 125.7852, 39.125499999000056 ] } },
{ "type": "Feature", "properties": { "fid": 311, "OBJECTID": 311, "st_id": "mp_005", "st_nm_kr": "마람", "comment": "-", "rail_code": "mp", "id_lines": "만포선", "filter": "구역4:경의선 및 관련 지선", "check_db": "김종혁", "st_nm_kj": "馬嵐", "st_nm_mr": "Maram", "st_nm_rmj": "Baran" }, "geometry": { "type": "Point", "coordinates": [ 125.819, 39.1768 ] } },
{ "type": "Feature", "properties": { "fid": 312, "OBJECTID": 312, "st_id": "mp_006", "st_nm_kr": "배산점", "comment": "-", "rail_code": "mp", "id_lines": "만포선", "filter": "구역4:경의선 및 관련 지선", "check_db": "김종혁", "st_nm_kj": "裵山店", "st_nm_mr": "Paesanjŏm", "st_nm_rmj": "Haisanten" }, "geometry": { "type": "Point", "coordinates": [ 125.8607, 39.214600001000065 ] } },
{ "type": "Feature", "properties": { "fid": 313, "OBJECTID": 313, "st_id": "mp_007", "st_nm_kr": "사인장", "comment": "-", "rail_code": "mp", "id_lines": "만포선", "filter": "구역4:경의선 및 관련 지선", "check_db": "김종혁", "st_nm_kj": "舍人場", "st_nm_mr": "Sainjang", "st_nm_rmj": "Shaninjō" }, "geometry": { "type": "Point", "coordinates": [ 125.8766, 39.2445 ] } },
{ "type": "Feature", "properties": { "fid": 314, "OBJECTID": 314, "st_id": "mp_008", "st_nm_kr": "봉학", "comment": "-", "rail_code": "mp", "id_lines": "만포선", "filter": "구역4:경의선 및 관련 지선", "check_db": "김종혁", "st_nm_kj": "鳳鶴", "st_nm_mr": "Ponghak", "st_nm_rmj": "Hōkaku" }, "geometry": { "type": "Point", "coordinates": [ 125.8842, 39.297 ] } },
{ "type": "Feature", "properties": { "fid": 315, "OBJECTID": 315, "st_id": "mp_009", "st_nm_kr": "자산", "comment": "-", "rail_code": "mp", "id_lines": "만포선", "filter": "구역4:경의선 및 관련 지선", "check_db": "김종혁", "st_nm_kj": "慈山", "st_nm_mr": "Chasan", "st_nm_rmj": "Jisan" }, "geometry": { "type": "Point", "coordinates": [ 125.8991, 39.3555 ] } },
{ "type": "Feature", "properties": { "fid": 316, "OBJECTID": 316, "st_id": "mp_010", "st_nm_kr": "순천", "comment": "-", "rail_code": "mp", "id_lines": "만포선", "filter": "구역4:경의선 및 관련 지선", "check_db": "김종혁", "st_nm_kj": "順川", "st_nm_mr": "Sunch'ŏn", "st_nm_rmj": "Junsen" }, "geometry": { "type": "Point", "coordinates": [ 125.9438, 39.430600001000073 ] } },
{ "type": "Feature", "properties": { "fid": 317, "OBJECTID": 317, "st_id": "mp_011", "st_nm_kr": "중평", "comment": "-", "rail_code": "mp", "id_lines": "만포선", "filter": "구역4:경의선 및 관련 지선", "check_db": "김종혁", "st_nm_kj": "中坪", "st_nm_mr": "Chungp'yŏng", "st_nm_rmj": "Chūhyō" }, "geometry": null },
{ "type": "Feature", "properties": { "fid": 318, "OBJECTID": 318, "st_id": "mp_012", "st_nm_kr": "각암", "comment": "-", "rail_code": "mp", "id_lines": "만포선", "filter": "구역4:경의선 및 관련 지선", "check_db": "김종혁", "st_nm_kj": "閣岩", "st_nm_mr": "Kagam", "st_nm_rmj": "Kakugan" }, "geometry": null },
{ "type": "Feature", "properties": { "fid": 319, "OBJECTID": 319, "st_id": "mp_013", "st_nm_kr": "용원리", "comment": "-", "rail_code": "mp", "id_lines": "만포선", "filter": "구역4:경의선 및 관련 지선", "check_db": "김종혁", "st_nm_kj": "龍源里", "st_nm_mr": "Yongwŏlli", "st_nm_rmj": "Ryūgenri" }, "geometry": null },
{ "type": "Feature", "properties": { "fid": 320, "OBJECTID": 320, "st_id": "mp_014", "st_nm_kr": "천동", "comment": "-", "rail_code": "mp", "id_lines": "만포선", "filter": "구역4:경의선 및 관련 지선", "check_db": "김종혁", "st_nm_kj": "泉洞", "st_nm_mr": "Ch'ŏndong", "st_nm_rmj": "Sentō" }, "geometry": null },
{ "type": "Feature", "properties": { "fid": 321, "OBJECTID": 321, "st_id": "mp_015", "st_nm_kr": "개천", "comment": "-", "rail_code": "mp", "id_lines": "만포선", "filter": "구역4:경의선 및 관련 지선", "check_db": "김종혁", "st_nm_kj": "价川", "st_nm_mr": "Kaech'ŏn", "st_nm_rmj": "Kaisen" }, "geometry": { "type": "Point", "coordinates": [ 125.8889, 39.698100001000057 ] } },
{ "type": "Feature", "properties": { "fid": 322, "OBJECTID": 322, "st_id": "mp_016", "st_nm_kr": "원리", "comment": "-", "rail_code": "mp", "id_lines": "만포선", "filter": "구역4:경의선 및 관련 지선", "check_db": "김종혁", "st_nm_kj": "院里", "st_nm_mr": "Wŏlli", "st_nm_rmj": "Inri" }, "geometry": null },
{ "type": "Feature", "properties": { "fid": 323, "OBJECTID": 323, "st_id": "mp_017", "st_nm_kr": "봉천", "comment": "-", "rail_code": "mp", "id_lines": "만포선", "filter": "구역4:경의선 및 관련 지선", "check_db": "김종혁", "st_nm_kj": "鳳泉", "st_nm_mr": "Pongch'ŏn", "st_nm_rmj": "Hōsen" }, "geometry": null },
{ "type": "Feature", "properties": { "fid": 324, "OBJECTID": 324, "st_id": "mp_018", "st_nm_kr": "자작", "comment": "-", "rail_code": "mp", "id_lines": "만포선", "filter": "구역4:경의선 및 관련 지선", "check_db": "김종혁", "st_nm_kj": "自作", "st_nm_mr": "Chajak", "st_nm_rmj": "Jisaku" }, "geometry": null },
{ "type": "Feature", "properties": { "fid": 325, "OBJECTID": 325, "st_id": "mp_019", "st_nm_kr": "구장", "comment": "-", "rail_code": "mp", "id_lines": "만포선", "filter": "구역4:경의선 및 관련 지선", "check_db": "김종혁", "st_nm_kj": "球場", "st_nm_mr": "Kujang", "st_nm_rmj": "Kyūjō" }, "geometry": null },
{ "type": "Feature", "properties": { "fid": 326, "OBJECTID": 326, "st_id": "mp_020", "st_nm_kr": "신흥동", "comment": "-", "rail_code": "mp", "id_lines": "만포선", "filter": "구역4:경의선 및 관련 지선", "check_db": "김종혁", "st_nm_kj": "新興洞", "st_nm_mr": "Sinhŭngdong", "st_nm_rmj": "Shinkōdō" }, "geometry": null },
{ "type": "Feature", "properties": { "fid": 327, "OBJECTID": 327, "st_id": "mp_021", "st_nm_kr": "북신현", "comment": "-", "rail_code": "mp", "id_lines": "만포선", "filter": "구역4:경의선 및 관련 지선", "check_db": "김종혁", "st_nm_kj": "北薪峴", "st_nm_mr": "Puksinhyŏn", "st_nm_rmj": "Hokushinken" }, "geometry": null },
{ "type": "Feature", "properties": { "fid": 328, "OBJECTID": 328, "st_id": "mp_022", "st_nm_kr": "묘향산", "comment": "-", "rail_code": "mp", "id_lines": "만포선", "filter": "구역4:경의선 및 관련 지선", "check_db": "김종혁", "st_nm_kj": "妙香山", "st_nm_mr": "Myohyangsan", "st_nm_rmj": "Myōkōzan" }, "geometry": null },
{ "type": "Feature", "properties": { "fid": 329, "OBJECTID": 329, "st_id": "mp_023", "st_nm_kr": "부성", "comment": "-", "rail_code": "mp", "id_lines": "만포선", "filter": "구역4:경의선 및 관련 지선", "check_db": "김종혁", "st_nm_kj": "富成", "st_nm_mr": "Pusŏng", "st_nm_rmj": "Fūsei" }, "geometry": null },
{ "type": "Feature", "properties": { "fid": 330, "OBJECTID": 330, "st_id": "mp_024", "st_nm_kr": "희천", "comment": "-", "rail_code": "mp", "id_lines": "만포선", "filter": "구역4:경의선 및 관련 지선", "check_db": "김종혁", "st_nm_kj": "煕川", "st_nm_mr": "Hŭich'ŏn", "st_nm_rmj": "Kisen" }, "geometry": null },
{ "type": "Feature", "properties": { "fid": 331, "OBJECTID": 331, "st_id": "mp_025", "st_nm_kr": "초상", "comment": "-", "rail_code": "mp", "id_lines": "만포선", "filter": "구역4:경의선 및 관련 지선", "check_db": "김종혁", "st_nm_kj": "草上", "st_nm_mr": "Ch'osang", "st_nm_rmj": "Sōjō" }, "geometry": null },
{ "type": "Feature", "properties": { "fid": 332, "OBJECTID": 332, "st_id": "mp_026", "st_nm_kr": "명문", "comment": "-", "rail_code": "mp", "id_lines": "만포선", "filter": "구역4:경의선 및 관련 지선", "check_db": "김종혁", "st_nm_kj": "明文", "st_nm_mr": "Myŏngmun", "st_nm_rmj": "Meibun" }, "geometry": null },
{ "type": "Feature", "properties": { "fid": 333, "OBJECTID": 333, "st_id": "mp_027", "st_nm_kr": "개고", "comment": "-", "rail_code": "mp", "id_lines": "만포선", "filter": "구역4:경의선 및 관련 지선", "check_db": "김종혁", "st_nm_kj": "价古", "st_nm_mr": "Kaego", "st_nm_rmj": "Kaiko" }, "geometry": null },
{ "type": "Feature", "properties": { "fid": 334, "OBJECTID": 334, "st_id": "mp_028", "st_nm_kr": "구현", "comment": "-", "rail_code": "mp", "id_lines": "만포선", "filter": "구역4:경의선 및 관련 지선", "check_db": "김종혁", "st_nm_kj": "狗峴", "st_nm_mr": "Kuhyŏn", "st_nm_rmj": "Kuken" }, "geometry": null },
{ "type": "Feature", "properties": { "fid": 335, "OBJECTID": 335, "st_id": "mp_029", "st_nm_kr": "고인", "comment": "-", "rail_code": "mp", "id_lines": "만포선", "filter": "구역4:경의선 및 관련 지선", "check_db": "김종혁", "st_nm_kj": "古仁", "st_nm_mr": "Koin", "st_nm_rmj": "Kojin" }, "geometry": null },
{ "type": "Feature", "properties": { "fid": 336, "OBJECTID": 336, "st_id": "mp_030", "st_nm_kr": "이만", "comment": "-", "rail_code": "mp", "id_lines": "만포선", "filter": "구역4:경의선 및 관련 지선", "check_db": "김종혁", "st_nm_kj": "梨滿", "st_nm_mr": "Iman", "st_nm_rmj": "Riman" }, "geometry": null },
{ "type": "Feature", "properties": { "fid": 337, "OBJECTID": 337, "st_id": "mp_031", "st_nm_kr": "운송", "comment": "-", "rail_code": "mp", "id_lines": "만포선", "filter": "구역4:경의선 및 관련 지선", "check_db": "김종혁", "st_nm_kj": "雲松", "st_nm_mr": "Unsong", "st_nm_rmj": "Unshō" }, "geometry": null },
{ "type": "Feature", "properties": { "fid": 338, "OBJECTID": 338, "st_id": "mp_032", "st_nm_kr": "중암", "comment": "-", "rail_code": "mp", "id_lines": "만포선", "filter": "구역4:경의선 및 관련 지선", "check_db": "김종혁", "st_nm_kj": "仲岩", "st_nm_mr": "Chungam", "st_nm_rmj": "Chūgan" }, "geometry": null },
{ "type": "Feature", "properties": { "fid": 339, "OBJECTID": 339, "st_id": "mp_033", "st_nm_kr": "전천", "comment": "-", "rail_code": "mp", "id_lines": "만포선", "filter": "구역4:경의선 및 관련 지선", "check_db": "김종혁", "st_nm_kj": "前川", "st_nm_mr": "Chŏnch'ŏn", "st_nm_rmj": "Zensen" }, "geometry": null },
{ "type": "Feature", "properties": { "fid": 340, "OBJECTID": 340, "st_id": "mp_034", "st_nm_kr": "쌍방동", "comment": "-", "rail_code": "mp", "id_lines": "만포선", "filter": "구역4:경의선 및 관련 지선", "check_db": "김종혁", "st_nm_kj": "雙芳洞", "st_nm_mr": "Ssangbangdong", "st_nm_rmj": "Sōhōdō" }, "geometry": null },
{ "type": "Feature", "properties": { "fid": 341, "OBJECTID": 341, "st_id": "mp_035", "st_nm_kr": "별하", "comment": "-", "rail_code": "mp", "id_lines": "만포선", "filter": "구역4:경의선 및 관련 지선", "check_db": "김종혁", "st_nm_kj": "別河", "st_nm_mr": "Pyŏrha", "st_nm_rmj": "Betsuka" }, "geometry": null },
{ "type": "Feature", "properties": { "fid": 342, "OBJECTID": 342, "st_id": "mp_036", "st_nm_kr": "오모로", "comment": "-", "rail_code": "mp", "id_lines": "만포선", "filter": "구역4:경의선 및 관련 지선", "check_db": "김종혁", "st_nm_kj": "梧毛老", "st_nm_mr": "Omoro", "st_nm_rmj": "Gomōrō" }, "geometry": null },
{ "type": "Feature", "properties": { "fid": 343, "OBJECTID": 343, "st_id": "mp_037", "st_nm_kr": "공인", "comment": "-", "rail_code": "mp", "id_lines": "만포선", "filter": "구역4:경의선 및 관련 지선", "check_db": "김종혁", "st_nm_kj": "公仁", "st_nm_mr": "Kongin", "st_nm_rmj": "Kōjin" }, "geometry": null },
{ "type": "Feature", "properties": { "fid": 344, "OBJECTID": 344, "st_id": "mp_038", "st_nm_kr": "강계", "comment": "-", "rail_code": "mp", "id_lines": "만포선", "filter": "구역4:경의선 및 관련 지선", "check_db": "김종혁", "st_nm_kj": "江界", "st_nm_mr": "Kanggye", "st_nm_rmj": "Kōkai" }, "geometry": null },
{ "type": "Feature", "properties": { "fid": 345, "OBJECTID": 345, "st_id": "mp_039", "st_nm_kr": "곡하", "comment": "-", "rail_code": "mp", "id_lines": "만포선", "filter": "구역4:경의선 및 관련 지선", "check_db": "김종혁", "st_nm_kj": "曲河", "st_nm_mr": "Kokha", "st_nm_rmj": "Kyokuka" }, "geometry": null },
{ "type": "Feature", "properties": { "fid": 346, "OBJECTID": 346, "st_id": "mp_040", "st_nm_kr": "쌍부", "comment": "-", "rail_code": "mp", "id_lines": "만포선", "filter": "구역4:경의선 및 관련 지선", "check_db": "김종혁", "st_nm_kj": "雙富", "st_nm_mr": "Ssangbu", "st_nm_rmj": "Sōfu" }, "geometry": null },
{ "type": "Feature", "properties": { "fid": 347, "OBJECTID": 347, "st_id": "mp_041", "st_nm_kr": "안찬", "comment": "-", "rail_code": "mp", "id_lines": "만포선", "filter": "구역4:경의선 및 관련 지선", "check_db": "김종혁", "st_nm_kj": "安贊", "st_nm_mr": "Anch'an", "st_nm_rmj": "Ansan" }, "geometry": null },
{ "type": "Feature", "properties": { "fid": 348, "OBJECTID": 348, "st_id": "mp_042", "st_nm_kr": "시중", "comment": "-", "rail_code": "mp", "id_lines": "만포선", "filter": "구역4:경의선 및 관련 지선", "check_db": "김종혁", "st_nm_kj": "時中", "st_nm_mr": "Sijung", "st_nm_rmj": "Jichū" }, "geometry": null },
{ "type": "Feature", "properties": { "fid": 349, "OBJECTID": 349, "st_id": "mp_043", "st_nm_kr": "외귀", "comment": "-", "rail_code": "mp", "id_lines": "만포선", "filter": "구역4:경의선 및 관련 지선", "check_db": "김종혁", "st_nm_kj": "外貴", "st_nm_mr": "Oegwi", "st_nm_rmj": "Gaiki" }, "geometry": null },
{ "type": "Feature", "properties": { "fid": 350, "OBJECTID": 350, "st_id": "mp_044", "st_nm_kr": "만포", "comment": "-", "rail_code": "mp", "id_lines": "만포선", "filter": "구역4:경의선 및 관련 지선", "check_db": "김종혁", "st_nm_kj": "滿浦", "st_nm_mr": "Manp'o", "st_nm_rmj": "Manho" }, "geometry": null },
{ "type": "Feature", "properties": { "fid": 351, "OBJECTID": 351, "st_id": "bsc_001", "st_nm_kr": "고무산", "comment": "-", "rail_code": "bsc", "id_lines": "북선철식철도", "filter": "구역5:경원선 및 관련 지선", "check_db": "김종혁", "st_nm_kj": "古茂山", "st_nm_mr": "Komusan", "st_nm_rmj": "Komozan" }, "geometry": { "type": "Point", "coordinates": [ 129.6947, 42.1173 ] } },
{ "type": "Feature", "properties": { "fid": 352, "OBJECTID": 352, "st_id": "bsc_002", "st_nm_kr": "서상", "comment": "-", "rail_code": "bsc", "id_lines": "북선철식철도", "filter": "구역5:경원선 및 관련 지선", "check_db": "김종혁", "st_nm_kj": "西上", "st_nm_mr": "Sŏsang", "st_nm_rmj": "Seijō" }, "geometry": { "type": "Point", "coordinates": [ 129.6989, 42.1527 ] } },
{ "type": "Feature", "properties": { "fid": 353, "OBJECTID": 353, "st_id": "bsc_003", "st_nm_kr": "무수", "comment": "-", "rail_code": "bsc", "id_lines": "북선철식철도", "filter": "구역5:경원선 및 관련 지선", "check_db": "김종혁", "st_nm_kj": "舞袖", "st_nm_mr": "Musu", "st_nm_rmj": "Bushū" }, "geometry": { "type": "Point", "coordinates": [ 129.6545, 42.1511 ] } },
{ "type": "Feature", "properties": { "fid": 354, "OBJECTID": 354, "st_id": "bsc_004", "st_nm_kr": "폐무산", "comment": "-", "rail_code": "bsc", "id_lines": "북선철식철도", "filter": "구역5:경원선 및 관련 지선", "check_db": "김종혁", "st_nm_kj": "廃茂山", "st_nm_mr": "P'yemusan", "st_nm_rmj": "Haimozan" }, "geometry": { "type": "Point", "coordinates": [ 129.6127, 42.177300001000049 ] } },
{ "type": "Feature", "properties": { "fid": 355, "OBJECTID": 355, "st_id": "bsc_005", "st_nm_kr": "금패", "comment": "-", "rail_code": "bsc", "id_lines": "북선철식철도", "filter": "구역5:경원선 및 관련 지선", "check_db": "김종혁", "st_nm_kj": "金佩", "st_nm_mr": "Kŭmp'ae", "st_nm_rmj": "Kinpai" }, "geometry": { "type": "Point", "coordinates": [ 129.4758, 42.1361 ] } },
{ "type": "Feature", "properties": { "fid": 356, "OBJECTID": 356, "st_id": "bsc_006", "st_nm_kr": "주초", "comment": "-", "rail_code": "bsc", "id_lines": "북선철식철도", "filter": "구역5:경원선 및 관련 지선", "check_db": "김종혁", "st_nm_kj": "朱草", "st_nm_mr": "Chuch'o", "st_nm_rmj": "Shusō" }, "geometry": { "type": "Point", "coordinates": [ 129.3245, 42.191500001000065 ] } },
{ "type": "Feature", "properties": { "fid": 357, "OBJECTID": 357, "st_id": "bsc_007", "st_nm_kr": "진화", "comment": "-", "rail_code": "bsc", "id_lines": "북선철식철도", "filter": "구역5:경원선 및 관련 지선", "check_db": "김종혁", "st_nm_kj": "珍貨", "st_nm_mr": "Chinhwa", "st_nm_rmj": "Chinka" }, "geometry": { "type": "Point", "coordinates": [ 129.3208, 42.208000001000073 ] } },
{ "type": "Feature", "properties": { "fid": 358, "OBJECTID": 358, "st_id": "bsc_008", "st_nm_kr": "무산철산", "comment": "-", "rail_code": "bsc", "id_lines": "북선철식철도", "filter": "구역5:경원선 및 관련 지선", "check_db": "김종혁", "st_nm_kj": "茂山鉄山", "st_nm_mr": "Musanch'ŏlsan", "st_nm_rmj": "Mōzan-Tetsuzan" }, "geometry": { "type": "Point", "coordinates": [ 129.261, 42.222899999000049 ] } },
{ "type": "Feature", "properties": { "fid": 359, "OBJECTID": 359, "st_id": "bsc_009", "st_nm_kr": "무산", "comment": "-", "rail_code": "bsc", "id_lines": "북선철식철도", "filter": "구역5:경원선 및 관련 지선", "check_db": "김종혁", "st_nm_kj": "茂山", "st_nm_mr": "Musan", "st_nm_rmj": "Mōzan" }, "geometry": { "type": "Point", "coordinates": [ 129.2321, 42.224099999000032 ] } },
{ "type": "Feature", "properties": { "fid": 360, "OBJECTID": 360, "st_id": "bm_001", "st_nm_kr": "백암", "comment": "-", "rail_code": "bm", "id_lines": "백무선", "filter": "구역5:경원선 및 관련 지선", "check_db": "김종혁", "st_nm_kj": "白岩", "st_nm_mr": "Paegam", "st_nm_rmj": "Hakugan" }, "geometry": null },
{ "type": "Feature", "properties": { "fid": 361, "OBJECTID": 361, "st_id": "bm_002", "st_nm_kr": "대택", "comment": "-", "rail_code": "bm", "id_lines": "백무선", "filter": "구역5:경원선 및 관련 지선", "check_db": "김종혁", "st_nm_kj": "大澤", "st_nm_mr": "Taet'aek", "st_nm_rmj": "Daitaku" }, "geometry": null },
{ "type": "Feature", "properties": { "fid": 362, "OBJECTID": 362, "st_id": "bm_003", "st_nm_kr": "북계수", "comment": "-", "rail_code": "bm", "id_lines": "백무선", "filter": "구역5:경원선 및 관련 지선", "check_db": "김종혁", "st_nm_kj": "北溪水", "st_nm_mr": "Pukkyesu", "st_nm_rmj": "Hokukeisui" }, "geometry": null },
{ "type": "Feature", "properties": { "fid": 363, "OBJECTID": 363, "st_id": "bm_004", "st_nm_kr": "도내", "comment": "-", "rail_code": "bm", "id_lines": "백무선", "filter": "구역5:경원선 및 관련 지선", "check_db": "김종혁", "st_nm_kj": "島內", "st_nm_mr": "Tonae", "st_nm_rmj": "Tōnai" }, "geometry": null },
{ "type": "Feature", "properties": { "fid": 364, "OBJECTID": 364, "st_id": "bm_005", "st_nm_kr": "산양대", "comment": "-", "rail_code": "bm", "id_lines": "백무선", "filter": "구역5:경원선 및 관련 지선", "check_db": "김종혁", "st_nm_kj": "山羊台", "st_nm_mr": "Sanyangdae", "st_nm_rmj": "San'yōdai" }, "geometry": null },
{ "type": "Feature", "properties": { "fid": 365, "OBJECTID": 365, "st_id": "bm_006", "st_nm_kr": "서두", "comment": "-", "rail_code": "bm", "id_lines": "백무선", "filter": "구역5:경원선 및 관련 지선", "check_db": "김종혁", "st_nm_kj": "西頭", "st_nm_mr": "Sŏdu", "st_nm_rmj": "Seitō" }, "geometry": null },
{ "type": "Feature", "properties": { "fid": 366, "OBJECTID": 366, "st_id": "bm_007", "st_nm_kr": "연암", "comment": "-", "rail_code": "bm", "id_lines": "백무선", "filter": "구역5:경원선 및 관련 지선", "check_db": "김종혁", "st_nm_kj": "延岩", "st_nm_mr": "Yŏnam", "st_nm_rmj": "Engan" }, "geometry": null },
{ "type": "Feature", "properties": { "fid": 367, "OBJECTID": 367, "st_id": "bm_008", "st_nm_kr": "삼사", "comment": "-", "rail_code": "bm", "id_lines": "백무선", "filter": "구역5:경원선 및 관련 지선", "check_db": "김종혁", "st_nm_kj": "三社", "st_nm_mr": "Samsa", "st_nm_rmj": "Sansha" }, "geometry": null },
{ "type": "Feature", "properties": { "fid": 368, "OBJECTID": 368, "st_id": "bm_009", "st_nm_kr": "하황토", "comment": "-", "rail_code": "bm", "id_lines": "백무선", "filter": "구역5:경원선 및 관련 지선", "check_db": "김종혁", "st_nm_kj": "下黃土", "st_nm_mr": "Hahwangt'o", "st_nm_rmj": "Shimokōdo" }, "geometry": null },
{ "type": "Feature", "properties": { "fid": 369, "OBJECTID": 369, "st_id": "bm_010", "st_nm_kr": "유평동", "comment": "-", "rail_code": "bm", "id_lines": "백무선", "filter": "구역5:경원선 및 관련 지선", "check_db": "김종혁", "st_nm_kj": "楡坪洞", "st_nm_mr": "Yup'yŏngdong", "st_nm_rmj": "Yuhyōgō" }, "geometry": null },
{ "type": "Feature", "properties": { "fid": 370, "OBJECTID": 370, "st_id": "bm_011", "st_nm_kr": "신양", "comment": "-", "rail_code": "bm", "id_lines": "백무선", "filter": "구역5:경원선 및 관련 지선", "check_db": "김종혁", "st_nm_kj": "新陽", "st_nm_mr": "Sinyang", "st_nm_rmj": "Shinyō" }, "geometry": null },
{ "type": "Feature", "properties": { "fid": 371, "OBJECTID": 371, "st_id": "bm_012", "st_nm_kr": "연사", "comment": "-", "rail_code": "bm", "id_lines": "백무선", "filter": "구역5:경원선 및 관련 지선", "check_db": "김종혁", "st_nm_kj": "延社", "st_nm_mr": "Yŏnsa", "st_nm_rmj": "Ensha" }, "geometry": null },
{ "type": "Feature", "properties": { "fid": 372, "OBJECTID": 372, "st_id": "hs_001", "st_nm_kr": "길주", "comment": "-", "rail_code": "hs", "id_lines": "혜산선", "filter": "구역5:경원선 및 관련 지선", "check_db": "김종혁", "st_nm_kj": "吉州", "st_nm_mr": "Kilju", "st_nm_rmj": "Kisshū" }, "geometry": { "type": "Point", "coordinates": [ 129.3222, 40.9615 ] } },
{ "type": "Feature", "properties": { "fid": 373, "OBJECTID": 373, "st_id": "hs_002", "st_nm_kr": "남석", "comment": "-", "rail_code": "hs", "id_lines": "혜산선", "filter": "구역5:경원선 및 관련 지선", "check_db": "김종혁", "st_nm_kj": "南夕", "st_nm_mr": "Namsŏk", "st_nm_rmj": "Nanseki" }, "geometry": null },
{ "type": "Feature", "properties": { "fid": 374, "OBJECTID": 374, "st_id": "hs_003", "st_nm_kr": "재덕", "comment": "-", "rail_code": "hs", "id_lines": "혜산선", "filter": "구역5:경원선 및 관련 지선", "check_db": "김종혁", "st_nm_kj": "載德", "st_nm_mr": "Chaedŏk", "st_nm_rmj": "Saitoku" }, "geometry": null },
{ "type": "Feature", "properties": { "fid": 375, "OBJECTID": 375, "st_id": "hs_004", "st_nm_kr": "성덕", "comment": "-", "rail_code": "hs", "id_lines": "혜산선", "filter": "구역5:경원선 및 관련 지선", "check_db": "김종혁", "st_nm_kj": "城德", "st_nm_mr": "Sŏngdŏk", "st_nm_rmj": "Jōtoku" }, "geometry": null },
{ "type": "Feature", "properties": { "fid": 376, "OBJECTID": 376, "st_id": "hs_005", "st_nm_kr": "양곡", "comment": "-", "rail_code": "hs", "id_lines": "혜산선", "filter": "구역5:경원선 및 관련 지선", "check_db": "김종혁", "st_nm_kj": "暘谷", "st_nm_mr": "Yanggok", "st_nm_rmj": "Yōkoku" }, "geometry": null },
{ "type": "Feature", "properties": { "fid": 377, "OBJECTID": 377, "st_id": "hs_006", "st_nm_kr": "합수", "comment": "-", "rail_code": "hs", "id_lines": "혜산선", "filter": "구역5:경원선 및 관련 지선", "check_db": "김종혁", "st_nm_kj": "合水", "st_nm_mr": "Hapsu", "st_nm_rmj": "Gōsui" }, "geometry": null },
{ "type": "Feature", "properties": { "fid": 378, "OBJECTID": 378, "st_id": "hs_007", "st_nm_kr": "백암", "comment": "-", "rail_code": "hs", "id_lines": "혜산선", "filter": "구역5:경원선 및 관련 지선", "check_db": "김종혁", "st_nm_kj": "白岩", "st_nm_mr": "Paegam", "st_nm_rmj": "Hakugan" }, "geometry": null },
{ "type": "Feature", "properties": { "fid": 379, "OBJECTID": 379, "st_id": "hs_008", "st_nm_kr": "영하", "comment": "-", "rail_code": "hs", "id_lines": "혜산선", "filter": "구역5:경원선 및 관련 지선", "check_db": "김종혁", "st_nm_kj": "嶺下", "st_nm_mr": "Yŏngha", "st_nm_rmj": "Reika" }, "geometry": null },
{ "type": "Feature", "properties": { "fid": 380, "OBJECTID": 380, "st_id": "hs_009", "st_nm_kr": "남중", "comment": "-", "rail_code": "hs", "id_lines": "혜산선", "filter": "구역5:경원선 및 관련 지선", "check_db": "김종혁", "st_nm_kj": "南中", "st_nm_mr": "Namjung", "st_nm_rmj": "Nanchū" }, "geometry": null },
{ "type": "Feature", "properties": { "fid": 381, "OBJECTID": 381, "st_id": "hs_010", "st_nm_kr": "생장", "comment": "-", "rail_code": "hs", "id_lines": "혜산선", "filter": "구역5:경원선 및 관련 지선", "check_db": "김종혁", "st_nm_kj": "生長", "st_nm_mr": "Saengjang", "st_nm_rmj": "Seichō" }, "geometry": null },
{ "type": "Feature", "properties": { "fid": 382, "OBJECTID": 382, "st_id": "hs_011", "st_nm_kr": "봉두리", "comment": "-", "rail_code": "hs", "id_lines": "혜산선", "filter": "구역5:경원선 및 관련 지선", "check_db": "김종혁", "st_nm_kj": "鳳頭里", "st_nm_mr": "Pongduri", "st_nm_rmj": "Hōtōri" }, "geometry": null },
{ "type": "Feature", "properties": { "fid": 383, "OBJECTID": 383, "st_id": "hs_012", "st_nm_kr": "심포리", "comment": "-", "rail_code": "hs", "id_lines": "혜산선", "filter": "구역5:경원선 및 관련 지선", "check_db": "김종혁", "st_nm_kj": "深浦里", "st_nm_mr": "Simp'ori", "st_nm_rmj": "Shinpori" }, "geometry": null },
{ "type": "Feature", "properties": { "fid": 384, "OBJECTID": 384, "st_id": "hs_013", "st_nm_kr": "대오천", "comment": "-", "rail_code": "hs", "id_lines": "혜산선", "filter": "구역5:경원선 및 관련 지선", "check_db": "김종혁", "st_nm_kj": "大五川", "st_nm_mr": "Taeoch'ŏn", "st_nm_rmj": "Taigosen" }, "geometry": null },
{ "type": "Feature", "properties": { "fid": 385, "OBJECTID": 385, "st_id": "hs_014", "st_nm_kr": "위연", "comment": "-", "rail_code": "hs", "id_lines": "혜산선", "filter": "구역5:경원선 및 관련 지선", "check_db": "김종혁", "st_nm_kj": "渭淵靑年", "st_nm_mr": "Wiyŏn", "st_nm_rmj": "Ienseinen" }, "geometry": null },
{ "type": "Feature", "properties": { "fid": 386, "OBJECTID": 386, "st_id": "hs_015", "st_nm_kr": "혜산진", "comment": "-", "rail_code": "hs", "id_lines": "혜산선", "filter": "구역5:경원선 및 관련 지선", "check_db": "김종혁", "st_nm_kj": "惠山鎭", "st_nm_mr": "Hyesanjin", "st_nm_rmj": "Keisanchin" }, "geometry": null },
{ "type": "Feature", "properties": { "fid": 387, "OBJECTID": 387, "st_id": "db_001", "st_nm_kr": "원산", "comment": "-", "rail_code": "db", "id_lines": "동해북부선", "filter": "구역5:경원선 및 관련 지선", "check_db": "김종혁", "st_nm_kj": "元山", "st_nm_mr": "Wŏnsan", "st_nm_rmj": "Genzan" }, "geometry": { "type": "Point", "coordinates": [ 127.4427, 39.146299999000064 ] } },
{ "type": "Feature", "properties": { "fid": 388, "OBJECTID": 388, "st_id": "db_002", "st_nm_kr": "갈마", "comment": "-", "rail_code": "db", "id_lines": "동해북부선", "filter": "구역5:경원선 및 관련 지선", "check_db": "김종혁", "st_nm_kj": "葛麻", "st_nm_mr": "Kalma", "st_nm_rmj": "Katsuba" }, "geometry": { "type": "Point", "coordinates": [ 127.4767, 39.135500001000025 ] } },
{ "type": "Feature", "properties": { "fid": 389, "OBJECTID": 389, "st_id": "db_003", "st_nm_kr": "배화", "comment": "-", "rail_code": "db", "id_lines": "동해북부선", "filter": "구역5:경원선 및 관련 지선", "check_db": "김종혁", "st_nm_kj": "培花", "st_nm_mr": "Paehwa", "st_nm_rmj": "Haika" }, "geometry": { "type": "Point", "coordinates": [ 127.49, 39.079 ] } },
{ "type": "Feature", "properties": { "fid": 390, "OBJECTID": 390, "st_id": "db_004", "st_nm_kr": "안변", "comment": "-", "rail_code": "db", "id_lines": "동해북부선", "filter": "구역5:경원선 및 관련 지선", "check_db": "김종혁", "st_nm_kj": "安辺", "st_nm_mr": "Anbyŏn", "st_nm_rmj": "Anpen" }, "geometry": { "type": "Point", "coordinates": [ 127.4987, 39.0473 ] } },
{ "type": "Feature", "properties": { "fid": 391, "OBJECTID": 391, "st_id": "db_005", "st_nm_kr": "상음", "comment": "-", "rail_code": "db", "id_lines": "동해북부선", "filter": "구역5:경원선 및 관련 지선", "check_db": "김종혁", "st_nm_kj": "桑陰", "st_nm_mr": "Sangŭm", "st_nm_rmj": "Sōin" }, "geometry": { "type": "Point", "coordinates": [ 127.609200000000101, 39.134 ] } },
{ "type": "Feature", "properties": { "fid": 392, "OBJECTID": 392, "st_id": "db_006", "st_nm_kr": "흡곡", "comment": "-", "rail_code": "db", "id_lines": "동해북부선", "filter": "구역5:경원선 및 관련 지선", "check_db": "김종혁", "st_nm_kj": "歙谷", "st_nm_mr": "Hŭpkok", "st_nm_rmj": "Kyūkoku" }, "geometry": { "type": "Point", "coordinates": [ 127.7383, 39.0677 ] } },
{ "type": "Feature", "properties": { "fid": 393, "OBJECTID": 393, "st_id": "db_007", "st_nm_kr": "패천", "comment": "-", "rail_code": "db", "id_lines": "동해북부선", "filter": "구역5:경원선 및 관련 지선", "check_db": "김종혁", "st_nm_kj": "沛川", "st_nm_mr": "P'aech'ŏn", "st_nm_rmj": "Haisen" }, "geometry": null },
{ "type": "Feature", "properties": { "fid": 394, "OBJECTID": 394, "st_id": "db_008", "st_nm_kr": "고저", "comment": "-", "rail_code": "db", "id_lines": "동해북부선", "filter": "구역5:경원선 및 관련 지선", "check_db": "김종혁", "st_nm_kj": "庫底", "st_nm_mr": "Kojŏ", "st_nm_rmj": "Kotei" }, "geometry": null },
{ "type": "Feature", "properties": { "fid": 395, "OBJECTID": 395, "st_id": "db_009", "st_nm_kr": "통천", "comment": "-", "rail_code": "db", "id_lines": "동해북부선", "filter": "구역5:경원선 및 관련 지선", "check_db": "김종혁", "st_nm_kj": "通川", "st_nm_mr": "T'ongch'ŏn", "st_nm_rmj": "Tsūsen" }, "geometry": null },
{ "type": "Feature", "properties": { "fid": 396, "OBJECTID": 396, "st_id": "db_010", "st_nm_kr": "두백", "comment": "-", "rail_code": "db", "id_lines": "동해북부선", "filter": "구역5:경원선 및 관련 지선", "check_db": "김종혁", "st_nm_kj": "荳白", "st_nm_mr": "Tubaek", "st_nm_rmj": "Tōhaku" }, "geometry": null },
{ "type": "Feature", "properties": { "fid": 397, "OBJECTID": 397, "st_id": "db_011", "st_nm_kr": "장전", "comment": "-", "rail_code": "db", "id_lines": "동해북부선", "filter": "구역5:경원선 및 관련 지선", "check_db": "김종혁", "st_nm_kj": "長箭", "st_nm_mr": "Changjŏn", "st_nm_rmj": "Chōsen" }, "geometry": null },
{ "type": "Feature", "properties": { "fid": 398, "OBJECTID": 398, "st_id": "db_012", "st_nm_kr": "외금강", "comment": "-", "rail_code": "db", "id_lines": "동해북부선", "filter": "구역5:경원선 및 관련 지선", "check_db": "김종혁", "st_nm_kj": "外金剛", "st_nm_mr": "Oegŭmgang", "st_nm_rmj": "Gaikongō" }, "geometry": null },
{ "type": "Feature", "properties": { "fid": 399, "OBJECTID": 399, "st_id": "db_013", "st_nm_kr": "고성", "comment": "-", "rail_code": "db", "id_lines": "동해북부선", "filter": "구역5:경원선 및 관련 지선", "check_db": "김종혁", "st_nm_kj": "高城", "st_nm_mr": "Kosŏng", "st_nm_rmj": "Kōjō" }, "geometry": null },
{ "type": "Feature", "properties": { "fid": 400, "OBJECTID": 400, "st_id": "db_014", "st_nm_kr": "저진", "comment": "-", "rail_code": "db", "id_lines": "동해북부선", "filter": "구역5:경원선 및 관련 지선", "check_db": "김종혁", "st_nm_kj": "猪津", "st_nm_mr": "Chŏjin", "st_nm_rmj": "Choshin" }, "geometry": null },
{ "type": "Feature", "properties": { "fid": 401, "OBJECTID": 401, "st_id": "db_015", "st_nm_kr": "거진", "comment": "-", "rail_code": "db", "id_lines": "동해북부선", "filter": "구역5:경원선 및 관련 지선", "check_db": "김종혁", "st_nm_kj": "巨津", "st_nm_mr": "Kŏjin", "st_nm_rmj": "Kyoshin" }, "geometry": null },
{ "type": "Feature", "properties": { "fid": 402, "OBJECTID": 402, "st_id": "db_016", "st_nm_kr": "간성", "comment": "-", "rail_code": "db", "id_lines": "동해북부선", "filter": "구역5:경원선 및 관련 지선", "check_db": "김종혁", "st_nm_kj": "杆城", "st_nm_mr": "Kansŏng", "st_nm_rmj": "Kanjō" }, "geometry": null },
{ "type": "Feature", "properties": { "fid": 403, "OBJECTID": 403, "st_id": "bs_001", "st_nm_kr": "청진", "comment": "-", "rail_code": "bs", "id_lines": "북선", "filter": "구역5:경원선 및 관련 지선", "check_db": "김종혁", "st_nm_kj": "淸津", "st_nm_mr": "Ch'ŏngjin", "st_nm_rmj": "Seishin" }, "geometry": { "type": "Point", "coordinates": [ 129.744, 41.766899999000032 ] } },
{ "type": "Feature", "properties": { "fid": 404, "OBJECTID": 404, "st_id": "bs_002", "st_nm_kr": "수성", "comment": "-", "rail_code": "bs", "id_lines": "북선", "filter": "구역5:경원선 및 관련 지선", "check_db": "김종혁", "st_nm_kj": "輸城", "st_nm_mr": "Susŏng", "st_nm_rmj": "Sujō" }, "geometry": { "type": "Point", "coordinates": [ 129.737300000000118, 41.8237 ] } },
{ "type": "Feature", "properties": { "fid": 405, "OBJECTID": 405, "st_id": "bs_003", "st_nm_kr": "석막", "comment": "-", "rail_code": "bs", "id_lines": "북선", "filter": "구역5:경원선 및 관련 지선", "check_db": "김종혁", "st_nm_kj": "石幕", "st_nm_mr": "Sŏngmak", "st_nm_rmj": "Sekimaku" }, "geometry": { "type": "Point", "coordinates": [ 129.7305, 41.874399999000048 ] } },
{ "type": "Feature", "properties": { "fid": 406, "OBJECTID": 406, "st_id": "bs_004", "st_nm_kr": "장흥", "comment": "-", "rail_code": "bs", "id_lines": "북선", "filter": "구역5:경원선 및 관련 지선", "check_db": "김종혁", "st_nm_kj": "章興", "st_nm_mr": "Changhŭng", "st_nm_rmj": "Shōkō" }, "geometry": { "type": "Point", "coordinates": [ 129.712000000000103, 41.938100001000066 ] } },
{ "type": "Feature", "properties": { "fid": 407, "OBJECTID": 407, "st_id": "bs_005", "st_nm_kr": "부령", "comment": "-", "rail_code": "bs", "id_lines": "북선", "filter": "구역5:경원선 및 관련 지선", "check_db": "김종혁", "st_nm_kj": "富寧", "st_nm_mr": "Puryŏng", "st_nm_rmj": "Funei" }, "geometry": { "type": "Point", "coordinates": [ 129.715600000000109, 42.0528 ] } },
{ "type": "Feature", "properties": { "fid": 408, "OBJECTID": 408, "st_id": "bs_006", "st_nm_kr": "고무산", "comment": "-", "rail_code": "bs", "id_lines": "북선", "filter": "구역5:경원선 및 관련 지선", "check_db": "김종혁", "st_nm_kj": "古茂山", "st_nm_mr": "Komusan", "st_nm_rmj": "Komosan" }, "geometry": { "type": "Point", "coordinates": [ 129.6947, 42.1173 ] } },
{ "type": "Feature", "properties": { "fid": 409, "OBJECTID": 409, "st_id": "bs_007", "st_nm_kr": "창평", "comment": "-", "rail_code": "bs", "id_lines": "북선", "filter": "구역5:경원선 및 관련 지선", "check_db": "김종혁", "st_nm_kj": "蒼坪", "st_nm_mr": "Ch'angp'yŏng", "st_nm_rmj": "Sōhei" }, "geometry": { "type": "Point", "coordinates": [ 129.6666, 42.202 ] } },
{ "type": "Feature", "properties": { "fid": 410, "OBJECTID": 410, "st_id": "bs_008", "st_nm_kr": "전거리", "comment": "-", "rail_code": "bs", "id_lines": "북선", "filter": "구역5:경원선 및 관련 지선", "check_db": "김종혁", "st_nm_kj": "全巨里", "st_nm_mr": "Chŏn'gŏri", "st_nm_rmj": "Zengori" }, "geometry": { "type": "Point", "coordinates": [ 129.7202, 42.199200001000065 ] } },
{ "type": "Feature", "properties": { "fid": 411, "OBJECTID": 411, "st_id": "bs_009", "st_nm_kr": "풍산", "comment": "-", "rail_code": "bs", "id_lines": "북선", "filter": "구역5:경원선 및 관련 지선", "check_db": "김종혁", "st_nm_kj": "豊山", "st_nm_mr": "P'ungsan", "st_nm_rmj": "Hōzan" }, "geometry": { "type": "Point", "coordinates": [ 129.7623, 42.2533 ] } },
{ "type": "Feature", "properties": { "fid": 412, "OBJECTID": 412, "st_id": "bs_010", "st_nm_kr": "중도", "comment": "-", "rail_code": "bs", "id_lines": "북선", "filter": "구역5:경원선 및 관련 지선", "check_db": "김종혁", "st_nm_kj": "中島", "st_nm_mr": "Chungdo", "st_nm_rmj": "Chūdō" }, "geometry": { "type": "Point", "coordinates": [ 129.8024, 42.34249999900004 ] } },
{ "type": "Feature", "properties": { "fid": 413, "OBJECTID": 413, "st_id": "bs_011", "st_nm_kr": "회령", "comment": "-", "rail_code": "bs", "id_lines": "북선", "filter": "구역5:경원선 및 관련 지선", "check_db": "김종혁", "st_nm_kj": "會寧", "st_nm_mr": "Hoeryŏng", "st_nm_rmj": "Kainei" }, "geometry": { "type": "Point", "coordinates": [ 129.7411, 42.45130000100005 ] } },
{ "type": "Feature", "properties": { "fid": 414, "OBJECTID": 414, "st_id": "bs_012", "st_nm_kr": "금생", "comment": "-", "rail_code": "bs", "id_lines": "북선", "filter": "구역5:경원선 및 관련 지선", "check_db": "김종혁", "st_nm_kj": "金生", "st_nm_mr": "Kŭmsaeng", "st_nm_rmj": "Kinsei" }, "geometry": { "type": "Point", "coordinates": [ 129.744, 42.4758 ] } },
{ "type": "Feature", "properties": { "fid": 415, "OBJECTID": 415, "st_id": "bs_013", "st_nm_kr": "고령진", "comment": "-", "rail_code": "bs", "id_lines": "북선", "filter": "구역5:경원선 및 관련 지선", "check_db": "김종혁", "st_nm_kj": "高嶺鎮", "st_nm_mr": "Koryŏngjin", "st_nm_rmj": "Kōreichin" }, "geometry": { "type": "Point", "coordinates": [ 129.748200000000111, 42.5275 ] } },
{ "type": "Feature", "properties": { "fid": 416, "OBJECTID": 416, "st_id": "bs_014", "st_nm_kr": "학포", "comment": "-", "rail_code": "bs", "id_lines": "북선", "filter": "구역5:경원선 및 관련 지선", "check_db": "김종혁", "st_nm_kj": "鶴浦", "st_nm_mr": "Hakp'o", "st_nm_rmj": "Kakuho" }, "geometry": { "type": "Point", "coordinates": [ 129.7576, 42.5955 ] } },
{ "type": "Feature", "properties": { "fid": 417, "OBJECTID": 417, "st_id": "bs_015", "st_nm_kr": "신전", "comment": "-", "rail_code": "bs", "id_lines": "북선", "filter": "구역5:경원선 및 관련 지선", "check_db": "김종혁", "st_nm_kj": "新田", "st_nm_mr": "Sinjŏn", "st_nm_rmj": "Shinden" }, "geometry": { "type": "Point", "coordinates": [ 129.756, 42.640900001000034 ] } },
{ "type": "Feature", "properties": { "fid": 418, "OBJECTID": 418, "st_id": "bs_016", "st_nm_kr": "간평", "comment": "-", "rail_code": "bs", "id_lines": "북선", "filter": "구역5:경원선 및 관련 지선", "check_db": "김종혁", "st_nm_kj": "間坪", "st_nm_mr": "Kanp'yŏng", "st_nm_rmj": "Kanpei" }, "geometry": { "type": "Point", "coordinates": [ 129.78670000000011, 42.6483 ] } },
{ "type": "Feature", "properties": { "fid": 419, "OBJECTID": 419, "st_id": "bs_017", "st_nm_kr": "상삼봉", "comment": "-", "rail_code": "bs", "id_lines": "북선", "filter": "구역5:경원선 및 관련 지선", "check_db": "김종혁", "st_nm_kj": "上三峰", "st_nm_mr": "Sangsambong", "st_nm_rmj": "Jōsanpō" }, "geometry": { "type": "Point", "coordinates": [ 129.7987, 42.682600001000026 ] } },
{ "type": "Feature", "properties": { "fid": 420, "OBJECTID": 420, "st_id": "bs_018", "st_nm_kr": "종성", "comment": "-", "rail_code": "bs", "id_lines": "북선", "filter": "구역5:경원선 및 관련 지선", "check_db": "김종혁", "st_nm_kj": "鍾城", "st_nm_mr": "Chongsŏng", "st_nm_rmj": "Shōjō" }, "geometry": { "type": "Point", "coordinates": [ 129.7865, 42.757300001000033 ] } },
{ "type": "Feature", "properties": { "fid": 421, "OBJECTID": 421, "st_id": "bs_019", "st_nm_kr": "○암", "comment": "-", "rail_code": "bs", "id_lines": "북선", "filter": "구역5:경원선 및 관련 지선", "check_db": "김종혁", "st_nm_kj": "小岩", "st_nm_mr": "Soam", "st_nm_rmj": "Shōgan" }, "geometry": { "type": "Point", "coordinates": [ 129.8093, 42.795700001000057 ] } },
{ "type": "Feature", "properties": { "fid": 422, "OBJECTID": 422, "st_id": "bs_020", "st_nm_kr": "동관", "comment": "-", "rail_code": "bs", "id_lines": "북선", "filter": "구역5:경원선 및 관련 지선", "check_db": "김종혁", "st_nm_kj": "東關", "st_nm_mr": "Tonggwan", "st_nm_rmj": "Tōken" }, "geometry": { "type": "Point", "coordinates": [ 129.8245, 42.8215 ] } },
{ "type": "Feature", "properties": { "fid": 423, "OBJECTID": 423, "st_id": "bs_021", "st_nm_kr": "수구포", "comment": "-", "rail_code": "bs", "id_lines": "북선", "filter": "구역5:경원선 및 관련 지선", "check_db": "김종혁", "st_nm_kj": "水口浦", "st_nm_mr": "Sugup'o", "st_nm_rmj": "Suigōho" }, "geometry": null },
{ "type": "Feature", "properties": { "fid": 424, "OBJECTID": 424, "st_id": "bs_022", "st_nm_kr": "강양", "comment": "-", "rail_code": "bs", "id_lines": "북선", "filter": "구역5:경원선 및 관련 지선", "check_db": "김종혁", "st_nm_kj": "江陽", "st_nm_mr": "Kangyang", "st_nm_rmj": "Kōyō" }, "geometry": null },
{ "type": "Feature", "properties": { "fid": 425, "OBJECTID": 425, "st_id": "bs_023", "st_nm_kr": "남양", "comment": "-", "rail_code": "bs", "id_lines": "북선", "filter": "구역5:경원선 및 관련 지선", "check_db": "김종혁", "st_nm_kj": "南陽", "st_nm_mr": "Namyang", "st_nm_rmj": "Nan'yō" }, "geometry": null },
{ "type": "Feature", "properties": { "fid": 426, "OBJECTID": 426, "st_id": "bs_024", "st_nm_kr": "풍이", "comment": "-", "rail_code": "bs", "id_lines": "북선", "filter": "구역5:경원선 및 관련 지선", "check_db": "김종혁", "st_nm_kj": "豊利", "st_nm_mr": "P'ungi", "st_nm_rmj": "Hōri" }, "geometry": null },
{ "type": "Feature", "properties": { "fid": 427, "OBJECTID": 427, "st_id": "bs_025", "st_nm_kr": "세선", "comment": "-", "rail_code": "bs", "id_lines": "북선", "filter": "구역5:경원선 및 관련 지선", "check_db": "김종혁", "st_nm_kj": "世仙", "st_nm_mr": "Sesŏn", "st_nm_rmj": "Seizen" }, "geometry": null },
{ "type": "Feature", "properties": { "fid": 428, "OBJECTID": 428, "st_id": "bs_026", "st_nm_kr": "온성", "comment": "-", "rail_code": "bs", "id_lines": "북선", "filter": "구역5:경원선 및 관련 지선", "check_db": "김종혁", "st_nm_kj": "穏城", "st_nm_mr": "Onsŏng", "st_nm_rmj": "Onjō" }, "geometry": null },
{ "type": "Feature", "properties": { "fid": 429, "OBJECTID": 429, "st_id": "bs_027", "st_nm_kr": "풍인", "comment": "-", "rail_code": "bs", "id_lines": "북선", "filter": "구역5:경원선 및 관련 지선", "check_db": "김종혁", "st_nm_kj": "豊仁", "st_nm_mr": "P'ungin", "st_nm_rmj": "Hōjin" }, "geometry": null },
{ "type": "Feature", "properties": { "fid": 430, "OBJECTID": 430, "st_id": "bs_028", "st_nm_kr": "황파", "comment": "-", "rail_code": "bs", "id_lines": "북선", "filter": "구역5:경원선 및 관련 지선", "check_db": "김종혁", "st_nm_kj": "黄坡", "st_nm_mr": "Hwangp'a", "st_nm_rmj": "Kōha" }, "geometry": null },
{ "type": "Feature", "properties": { "fid": 431, "OBJECTID": 431, "st_id": "bs_029", "st_nm_kr": "훈융", "comment": "-", "rail_code": "bs", "id_lines": "북선", "filter": "구역5:경원선 및 관련 지선", "check_db": "김종혁", "st_nm_kj": "訓戎", "st_nm_mr": "Hunyung", "st_nm_rmj": "Kunjū" }, "geometry": { "type": "Point", "coordinates": [ 130.2229, 42.8947 ] } },
{ "type": "Feature", "properties": { "fid": 432, "OBJECTID": 432, "st_id": "bs_030", "st_nm_kr": "경원", "comment": "-", "rail_code": "bs", "id_lines": "북선", "filter": "구역5:경원선 및 관련 지선", "check_db": "김종혁", "st_nm_kj": "慶源", "st_nm_mr": "Kyŏngwŏn", "st_nm_rmj": "Keigen" }, "geometry": { "type": "Point", "coordinates": [ 130.1942, 42.8506 ] } },
{ "type": "Feature", "properties": { "fid": 433, "OBJECTID": 433, "st_id": "bs_031", "st_nm_kr": "농포", "comment": "-", "rail_code": "bs", "id_lines": "북선", "filter": "구역5:경원선 및 관련 지선", "check_db": "김종혁", "st_nm_kj": "農圃", "st_nm_mr": "Nongp'o", "st_nm_rmj": "Nōho" }, "geometry": { "type": "Point", "coordinates": [ 130.2091, 42.7544 ] } },
{ "type": "Feature", "properties": { "fid": 434, "OBJECTID": 434, "st_id": "bs_032", "st_nm_kr": "승량", "comment": "-", "rail_code": "bs", "id_lines": "북선", "filter": "구역5:경원선 및 관련 지선", "check_db": "김종혁", "st_nm_kj": "承良", "st_nm_mr": "Sŭngnyang", "st_nm_rmj": "Shōryō" }, "geometry": { "type": "Point", "coordinates": [ 130.229600000000119, 42.717900001000032 ] } },
{ "type": "Feature", "properties": { "fid": 435, "OBJECTID": 435, "st_id": "bs_033", "st_nm_kr": "신건", "comment": "-", "rail_code": "bs", "id_lines": "북선", "filter": "구역5:경원선 및 관련 지선", "check_db": "김종혁", "st_nm_kj": "新乾", "st_nm_mr": "Sin'gŏn", "st_nm_rmj": "Shinkan" }, "geometry": { "type": "Point", "coordinates": [ 130.289400000000114, 42.672499999000081 ] } },
{ "type": "Feature", "properties": { "fid": 436, "OBJECTID": 436, "st_id": "bs_034", "st_nm_kr": "신아산", "comment": "-", "rail_code": "bs", "id_lines": "북선", "filter": "구역5:경원선 및 관련 지선", "check_db": "김종혁", "st_nm_kj": "新阿山", "st_nm_mr": "Sinasan", "st_nm_rmj": "Shin'azan" }, "geometry": { "type": "Point", "coordinates": [ 130.3597, 42.618000001000041 ] } },
{ "type": "Feature", "properties": { "fid": 437, "OBJECTID": 437, "st_id": "bs_035", "st_nm_kr": "아오지", "comment": "-", "rail_code": "bs", "id_lines": "북선", "filter": "구역5:경원선 및 관련 지선", "check_db": "김종혁", "st_nm_kj": "阿吾地", "st_nm_mr": "Aoji", "st_nm_rmj": "Aguji" }, "geometry": { "type": "Point", "coordinates": [ 130.3952, 42.527100001000065 ] } },
{ "type": "Feature", "properties": { "fid": 438, "OBJECTID": 438, "st_id": "bs_036", "st_nm_kr": "청학", "comment": "-", "rail_code": "bs", "id_lines": "북선", "filter": "구역5:경원선 및 관련 지선", "check_db": "김종혁", "st_nm_kj": "青鶴", "st_nm_mr": "Ch'ŏnghak", "st_nm_rmj": "Seikaku" }, "geometry": { "type": "Point", "coordinates": [ 130.450200000000109, 42.469900001000042 ] } },
{ "type": "Feature", "properties": { "fid": 439, "OBJECTID": 439, "st_id": "bs_037", "st_nm_kr": "사회", "comment": "-", "rail_code": "bs", "id_lines": "북선", "filter": "구역5:경원선 및 관련 지선", "check_db": "김종혁", "st_nm_kj": "四会", "st_nm_mr": "Sahoe", "st_nm_rmj": "Seikai" }, "geometry": { "type": "Point", "coordinates": [ 130.5092, 42.457900001000041 ] } },
{ "type": "Feature", "properties": { "fid": 440, "OBJECTID": 440, "st_id": "bs_038", "st_nm_kr": "홍의", "comment": "-", "rail_code": "bs", "id_lines": "북선", "filter": "구역5:경원선 및 관련 지선", "check_db": "김종혁", "st_nm_kj": "洪儀", "st_nm_mr": "Hongŭi", "st_nm_rmj": "Kōgi" }, "geometry": { "type": "Point", "coordinates": [ 130.5342, 42.4267 ] } },
{ "type": "Feature", "properties": { "fid": 441, "OBJECTID": 441, "st_id": "bs_039", "st_nm_kr": "구룡평", "comment": "-", "rail_code": "bs", "id_lines": "북선", "filter": "구역5:경원선 및 관련 지선", "check_db": "김종혁", "st_nm_kj": "九龍坪", "st_nm_mr": "Kuryongp'yŏng", "st_nm_rmj": "Kyūryōhei" }, "geometry": { "type": "Point", "coordinates": [ 130.5289, 42.366900001000033 ] } },
{ "type": "Feature", "properties": { "fid": 442, "OBJECTID": 442, "st_id": "bs_040", "st_nm_kr": "웅상", "comment": "-", "rail_code": "bs", "id_lines": "북선", "filter": "구역5:경원선 및 관련 지선", "check_db": "김종혁", "st_nm_kj": "雄尚", "st_nm_mr": "Ungsang", "st_nm_rmj": "Yūshō" }, "geometry": { "type": "Point", "coordinates": [ 130.459700000000112, 42.3521 ] } },
{ "type": "Feature", "properties": { "fid": 443, "OBJECTID": 443, "st_id": "bs_041", "st_nm_kr": "웅기", "comment": "-", "rail_code": "bs", "id_lines": "북선", "filter": "구역5:경원선 및 관련 지선", "check_db": "김종혁", "st_nm_kj": "雄基", "st_nm_mr": "Unggi", "st_nm_rmj": "Yūki" }, "geometry": { "type": "Point", "coordinates": [ 130.3778, 42.3574 ] } },
{ "type": "Feature", "properties": { "fid": 444, "OBJECTID": 444, "st_id": "bs_042", "st_nm_kr": "관곡", "comment": "-", "rail_code": "bs", "id_lines": "북선", "filter": "구역5:경원선 및 관련 지선", "check_db": "김종혁", "st_nm_kj": "寛谷", "st_nm_mr": "Kwan'gok", "st_nm_rmj": "Kankoku" }, "geometry": null },
{ "type": "Feature", "properties": { "fid": 445, "OBJECTID": 445, "st_id": "bs_043", "st_nm_kr": "나진", "comment": "-", "rail_code": "bs", "id_lines": "북선", "filter": "구역5:경원선 및 관련 지선", "check_db": "김종혁", "st_nm_kj": "羅津", "st_nm_mr": "Najin", "st_nm_rmj": "Rashin" }, "geometry": null },
{ "type": "Feature", "properties": { "fid": 446, "OBJECTID": 446, "st_id": "hrt_001", "st_nm_kr": "회령", "comment": "-", "rail_code": "hrt", "id_lines": "회령탄광선", "filter": "구역5:경원선 및 관련 지선", "check_db": "김종혁", "st_nm_kj": "會寧", "st_nm_mr": "Hoeryŏng", "st_nm_rmj": "Kainei" }, "geometry": { "type": "Point", "coordinates": [ 129.7411, 42.45130000100005 ] } },
{ "type": "Feature", "properties": { "fid": 447, "OBJECTID": 447, "st_id": "hrt_002", "st_nm_kr": "영수", "comment": "-", "rail_code": "hrt", "id_lines": "회령탄광선", "filter": "구역5:경원선 및 관련 지선", "check_db": "김종혁", "st_nm_kj": "永綏", "st_nm_mr": "Yŏngsu", "st_nm_rmj": "Yōsui" }, "geometry": { "type": "Point", "coordinates": [ 129.6981, 42.42390000100005 ] } },
{ "type": "Feature", "properties": { "fid": 448, "OBJECTID": 448, "st_id": "hrt_003", "st_nm_kr": "봉의", "comment": "-", "rail_code": "hrt", "id_lines": "회령탄광선", "filter": "구역5:경원선 및 관련 지선", "check_db": "김종혁", "st_nm_kj": "鳳儀", "st_nm_mr": "Pongŭi", "st_nm_rmj": "Hōgi" }, "geometry": { "type": "Point", "coordinates": [ 129.6628, 42.4299 ] } },
{ "type": "Feature", "properties": { "fid": 449, "OBJECTID": 449, "st_id": "hrt_004", "st_nm_kr": "유선", "comment": "-", "rail_code": "hrt", "id_lines": "회령탄광선", "filter": "구역5:경원선 및 관련 지선", "check_db": "김종혁", "st_nm_kj": "遊仙", "st_nm_mr": "Yusŏn", "st_nm_rmj": "Yūsen" }, "geometry": { "type": "Point", "coordinates": [ 129.6552, 42.418500001000041 ] } },
{ "type": "Feature", "properties": { "fid": 450, "OBJECTID": 450, "st_id": "hrt_005", "st_nm_kr": "계림", "comment": "-", "rail_code": "hrt", "id_lines": "회령탄광선", "filter": "구역5:경원선 및 관련 지선", "check_db": "김종혁", "st_nm_kj": "鶏林", "st_nm_mr": "Kyerim", "st_nm_rmj": "Keirin" }, "geometry": { "type": "Point", "coordinates": [ 129.643100000000118, 42.4177 ] } },
{ "type": "Feature", "properties": { "fid": 451, "OBJECTID": 451, "st_id": "pb_001", "st_nm_kr": "정주", "comment": "-", "rail_code": "pb", "id_lines": "평북선", "filter": "구역4:경의선 및 관련 지선", "check_db": "김종혁", "st_nm_kj": "定州", "st_nm_mr": "Chŏngju", "st_nm_rmj": "Jōshū" }, "geometry": { "type": "Point", "coordinates": [ 125.214200000000119, 39.686699999000041 ] } },
{ "type": "Feature", "properties": { "fid": 452, "OBJECTID": 452, "st_id": "pb_002", "st_nm_kr": "고안", "comment": "-", "rail_code": "pb", "id_lines": "평북선", "filter": "구역4:경의선 및 관련 지선", "check_db": "김종혁", "st_nm_kj": "高安", "st_nm_mr": "Koan", "st_nm_rmj": "Kōan" }, "geometry": null },
{ "type": "Feature", "properties": { "fid": 453, "OBJECTID": 453, "st_id": "pb_003", "st_nm_kr": "봉명", "comment": "-", "rail_code": "pb", "id_lines": "평북선", "filter": "구역4:경의선 및 관련 지선", "check_db": "김종혁", "st_nm_kj": "鳳鳴", "st_nm_mr": "Pongmyŏng", "st_nm_rmj": "Hōmei" }, "geometry": null },
{ "type": "Feature", "properties": { "fid": 454, "OBJECTID": 454, "st_id": "pb_004", "st_nm_kr": "방현", "comment": "-", "rail_code": "pb", "id_lines": "평북선", "filter": "구역4:경의선 및 관련 지선", "check_db": "김종혁", "st_nm_kj": "方峴", "st_nm_mr": "Panghyŏn", "st_nm_rmj": "Hōken" }, "geometry": null },
{ "type": "Feature", "properties": { "fid": 455, "OBJECTID": 455, "st_id": "pb_005", "st_nm_kr": "평북구성", "comment": "-", "rail_code": "pb", "id_lines": "평북선", "filter": "구역4:경의선 및 관련 지선", "check_db": "김종혁", "st_nm_kj": "平北亀城", "st_nm_mr": "P'yŏngbukkusŏng", "st_nm_rmj": "Heihoku Kujō" }, "geometry": null },
{ "type": "Feature", "properties": { "fid": 456, "OBJECTID": 456, "st_id": "pb_006", "st_nm_kr": "백운", "comment": "-", "rail_code": "pb", "id_lines": "평북선", "filter": "구역4:경의선 및 관련 지선", "check_db": "김종혁", "st_nm_kj": "白雲", "st_nm_mr": "Paegun", "st_nm_rmj": "Hakuun" }, "geometry": null },
{ "type": "Feature", "properties": { "fid": 457, "OBJECTID": 457, "st_id": "pb_007", "st_nm_kr": "대안", "comment": "-", "rail_code": "pb", "id_lines": "평북선", "filter": "구역4:경의선 및 관련 지선", "check_db": "김종혁", "st_nm_kj": "大安", "st_nm_mr": "Taean", "st_nm_rmj": "Daiain" }, "geometry": null },
{ "type": "Feature", "properties": { "fid": 458, "OBJECTID": 458, "st_id": "pb_008", "st_nm_kr": "대관", "comment": "-", "rail_code": "pb", "id_lines": "평북선", "filter": "구역4:경의선 및 관련 지선", "check_db": "김종혁", "st_nm_kj": "大館", "st_nm_mr": "Taegwan", "st_nm_rmj": "Daikan" }, "geometry": null },
{ "type": "Feature", "properties": { "fid": 459, "OBJECTID": 459, "st_id": "pb_009", "st_nm_kr": "창평", "comment": "-", "rail_code": "pb", "id_lines": "평북선", "filter": "구역4:경의선 및 관련 지선", "check_db": "김종혁", "st_nm_kj": "昌坪", "st_nm_mr": "Ch'angp'yŏng", "st_nm_rmj": "Shōhei" }, "geometry": null },
{ "type": "Feature", "properties": { "fid": 460, "OBJECTID": 460, "st_id": "pb_010", "st_nm_kr": "삭주온천", "comment": "-", "rail_code": "pb", "id_lines": "평북선", "filter": "구역4:경의선 및 관련 지선", "check_db": "김종혁", "st_nm_kj": "朔州温泉", "st_nm_mr": "Sakchuonch'ŏn", "st_nm_rmj": "Sakushū Onsen" }, "geometry": null },
{ "type": "Feature", "properties": { "fid": 461, "OBJECTID": 461, "st_id": "pb_011", "st_nm_kr": "삭주", "comment": "-", "rail_code": "pb", "id_lines": "평북선", "filter": "구역4:경의선 및 관련 지선", "check_db": "김종혁", "st_nm_kj": "朔州", "st_nm_mr": "Sakchu", "st_nm_rmj": "Sakushū" }, "geometry": null },
{ "type": "Feature", "properties": { "fid": 462, "OBJECTID": 462, "st_id": "pb_012", "st_nm_kr": "신안", "comment": "-", "rail_code": "pb", "id_lines": "평북선", "filter": "구역4:경의선 및 관련 지선", "check_db": "김종혁", "st_nm_kj": "新安", "st_nm_mr": "Sinan", "st_nm_rmj": "Shin'an" }, "geometry": null },
{ "type": "Feature", "properties": { "fid": 463, "OBJECTID": 463, "st_id": "pb_013", "st_nm_kr": "부풍", "comment": "-", "rail_code": "pb", "id_lines": "평북선", "filter": "구역4:경의선 및 관련 지선", "check_db": "김종혁", "st_nm_kj": "富豊", "st_nm_mr": "Pup'ung", "st_nm_rmj": "Fūhō" }, "geometry": null },
{ "type": "Feature", "properties": { "fid": 464, "OBJECTID": 464, "st_id": "pb_014", "st_nm_kr": "수풍", "comment": "-", "rail_code": "pb", "id_lines": "평북선", "filter": "구역4:경의선 및 관련 지선", "check_db": "김종혁", "st_nm_kj": "水豊", "st_nm_mr": "Sup'ung", "st_nm_rmj": "Suihō" }, "geometry": null },
{ "type": "Feature", "properties": { "fid": 465, "OBJECTID": 465, "st_id": "sj_002", "st_nm_kr": "서사리원", "comment": "-", "rail_code": "sj", "id_lines": "사장선", "filter": "구역4:경의선 및 관련 지선", "check_db": "김종혁", "st_nm_kj": "西沙里院", "st_nm_mr": "Sŏsariwŏn", "st_nm_rmj": "Nishi-Shariin" }, "geometry": { "type": "Point", "coordinates": [ 125.7465, 38.504699999000024 ] } },
{ "type": "Feature", "properties": { "fid": 466, "OBJECTID": 466, "st_id": "sj_003", "st_nm_kr": "미곡", "comment": "-", "rail_code": "sj", "id_lines": "사장선", "filter": "구역4:경의선 및 관련 지선", "check_db": "김종혁", "st_nm_kj": "嵋谷", "st_nm_mr": "Migok", "st_nm_rmj": "Bikoku" }, "geometry": { "type": "Point", "coordinates": [ 125.7343, 38.488500001000034 ] } },
{ "type": "Feature", "properties": { "fid": 467, "OBJECTID": 467, "st_id": "sj_004", "st_nm_kr": "서종", "comment": "-", "rail_code": "sj", "id_lines": "사장선", "filter": "구역4:경의선 및 관련 지선", "check_db": "김종혁", "st_nm_kj": "西鐘", "st_nm_mr": "Sŏjong", "st_nm_rmj": "Seishō" }, "geometry": { "type": "Point", "coordinates": [ 125.7214, 38.4498 ] } },
{ "type": "Feature", "properties": { "fid": 468, "OBJECTID": 468, "st_id": "sj_005", "st_nm_kr": "삼강", "comment": "-", "rail_code": "sj", "id_lines": "사장선", "filter": "구역4:경의선 및 관련 지선", "check_db": "김종혁", "st_nm_kj": "三江", "st_nm_mr": "Samgang", "st_nm_rmj": "Sankō" }, "geometry": { "type": "Point", "coordinates": [ 125.7077, 38.418500001000041 ] } },
{ "type": "Feature", "properties": { "fid": 469, "OBJECTID": 469, "st_id": "sj_006", "st_nm_kr": "금산", "comment": "-", "rail_code": "sj", "id_lines": "사장선", "filter": "구역4:경의선 및 관련 지선", "check_db": "김종혁", "st_nm_kj": "金山", "st_nm_mr": "Kŭmsan", "st_nm_rmj": "Kinzan" }, "geometry": { "type": "Point", "coordinates": [ 125.6691, 38.411 ] } },
{ "type": "Feature", "properties": { "fid": 470, "OBJECTID": 470, "st_id": "sj_007", "st_nm_kr": "재령", "comment": "-", "rail_code": "sj", "id_lines": "사장선", "filter": "구역4:경의선 및 관련 지선", "check_db": "김종혁", "st_nm_kj": "載寧", "st_nm_mr": "Chaeryŏng", "st_nm_rmj": "Sainei" }, "geometry": null },
{ "type": "Feature", "properties": { "fid": 471, "OBJECTID": 471, "st_id": "sj_008", "st_nm_kr": "백석", "comment": "-", "rail_code": "sj", "id_lines": "사장선", "filter": "구역4:경의선 및 관련 지선", "check_db": "김종혁", "st_nm_kj": "白石", "st_nm_mr": "Paeksŏk", "st_nm_rmj": "Hakuseki" }, "geometry": null },
{ "type": "Feature", "properties": { "fid": 472, "OBJECTID": 472, "st_id": "sj_009", "st_nm_kr": "창촌", "comment": "-", "rail_code": "sj", "id_lines": "사장선", "filter": "구역4:경의선 및 관련 지선", "check_db": "김종혁", "st_nm_kj": "倉村", "st_nm_mr": "Ch'angch'on", "st_nm_rmj": "Sōson" }, "geometry": null },
{ "type": "Feature", "properties": { "fid": 473, "OBJECTID": 473, "st_id": "sj_010", "st_nm_kr": "신천온천", "comment": "-", "rail_code": "sj", "id_lines": "사장선", "filter": "구역4:경의선 및 관련 지선", "check_db": "김종혁", "st_nm_kj": "信川温泉", "st_nm_mr": "Sinch'ŏnonch'ŏn", "st_nm_rmj": "Shinsen Onsen" }, "geometry": null },
{ "type": "Feature", "properties": { "fid": 474, "OBJECTID": 474, "st_id": "sj_011", "st_nm_kr": "신천", "comment": "-", "rail_code": "sj", "id_lines": "사장선", "filter": "구역4:경의선 및 관련 지선", "check_db": "김종혁", "st_nm_kj": "信川", "st_nm_mr": "Sinch'ŏn", "st_nm_rmj": "Shinsen" }, "geometry": null },
{ "type": "Feature", "properties": { "fid": 475, "OBJECTID": 475, "st_id": "sj_012", "st_nm_kr": "용문", "comment": "-", "rail_code": "sj", "id_lines": "사장선", "filter": "구역4:경의선 및 관련 지선", "check_db": "김종혁", "st_nm_kj": "竜門", "st_nm_mr": "Yongmun", "st_nm_rmj": "Ryūmon" }, "geometry": null },
{ "type": "Feature", "properties": { "fid": 476, "OBJECTID": 476, "st_id": "sj_013", "st_nm_kr": "문화", "comment": "-", "rail_code": "sj", "id_lines": "사장선", "filter": "구역4:경의선 및 관련 지선", "check_db": "김종혁", "st_nm_kj": "文化", "st_nm_mr": "Munhwa", "st_nm_rmj": "Bunka" }, "geometry": null },
{ "type": "Feature", "properties": { "fid": 477, "OBJECTID": 477, "st_id": "sj_014", "st_nm_kr": "삼천온천", "comment": "-", "rail_code": "sj", "id_lines": "사장선", "filter": "구역4:경의선 및 관련 지선", "check_db": "김종혁", "st_nm_kj": "三泉温泉", "st_nm_mr": "Samch'ŏnonch'ŏn", "st_nm_rmj": "Sansen Onsen" }, "geometry": null },
{ "type": "Feature", "properties": { "fid": 478, "OBJECTID": 478, "st_id": "sj_015", "st_nm_kr": "궁흥", "comment": "-", "rail_code": "sj", "id_lines": "사장선", "filter": "구역4:경의선 및 관련 지선", "check_db": "김종혁", "st_nm_kj": "弓興", "st_nm_mr": "Kunghŭng", "st_nm_rmj": "Kyūkyō" }, "geometry": null },
{ "type": "Feature", "properties": { "fid": 479, "OBJECTID": 479, "st_id": "sj_016", "st_nm_kr": "야촌", "comment": "-", "rail_code": "sj", "id_lines": "사장선", "filter": "구역4:경의선 및 관련 지선", "check_db": "김종혁", "st_nm_kj": "野村", "st_nm_mr": "Yach'on", "st_nm_rmj": "Yason" }, "geometry": null },
{ "type": "Feature", "properties": { "fid": 480, "OBJECTID": 480, "st_id": "sj_017", "st_nm_kr": "수교", "comment": "-", "rail_code": "sj", "id_lines": "사장선", "filter": "구역4:경의선 및 관련 지선", "check_db": "김종혁", "st_nm_kj": "水橋", "st_nm_mr": "Sugyo", "st_nm_rmj": "Suikyō" }, "geometry": null },
{ "type": "Feature", "properties": { "fid": 481, "OBJECTID": 481, "st_id": "sj_018", "st_nm_kr": "송화온천", "comment": "-", "rail_code": "sj", "id_lines": "사장선", "filter": "구역4:경의선 및 관련 지선", "check_db": "김종혁", "st_nm_kj": "松禾温泉", "st_nm_mr": "Songhwaonch'ŏn", "st_nm_rmj": "Shōka Onsen" }, "geometry": null },
{ "type": "Feature", "properties": { "fid": 482, "OBJECTID": 482, "st_id": "sj_019", "st_nm_kr": "낙산", "comment": "-", "rail_code": "sj", "id_lines": "사장선", "filter": "구역4:경의선 및 관련 지선", "check_db": "김종혁", "st_nm_kj": "楽山", "st_nm_mr": "Naksan", "st_nm_rmj": "Rakuzan" }, "geometry": null },
{ "type": "Feature", "properties": { "fid": 483, "OBJECTID": 483, "st_id": "sj_020", "st_nm_kr": "낙도", "comment": "-", "rail_code": "sj", "id_lines": "사장선", "filter": "구역4:경의선 및 관련 지선", "check_db": "김종혁", "st_nm_kj": "楽道", "st_nm_mr": "Nakto", "st_nm_rmj": "Rakudō" }, "geometry": null },
{ "type": "Feature", "properties": { "fid": 484, "OBJECTID": 484, "st_id": "sj_021", "st_nm_kr": "장연", "comment": "-", "rail_code": "sj", "id_lines": "사장선", "filter": "구역4:경의선 및 관련 지선", "check_db": "김종혁", "st_nm_kj": "長淵", "st_nm_mr": "Changyŏn", "st_nm_rmj": "Chōen" }, "geometry": null },
{ "type": "Feature", "properties": { "fid": 485, "OBJECTID": 485, "st_id": "oj_012", "st_nm_kr": "옹진", "comment": "-", "rail_code": "oj", "id_lines": "옹진선", "filter": "구역4:경의선 및 관련 지선", "check_db": "김종혁", "st_nm_kj": "甕津", "st_nm_mr": "Ongjin", "st_nm_rmj": "Ōshin" }, "geometry": null },
{ "type": "Feature", "properties": { "fid": 486, "OBJECTID": 486, "st_id": "oj_011", "st_nm_kr": "냉정", "comment": "-", "rail_code": "oj", "id_lines": "옹진선", "filter": "구역4:경의선 및 관련 지선", "check_db": "김종혁", "st_nm_kj": "冷井", "st_nm_mr": "Naengjŏng", "st_nm_rmj": "Reisei" }, "geometry": null },
{ "type": "Feature", "properties": { "fid": 487, "OBJECTID": 487, "st_id": "oj_010", "st_nm_kr": "신강령", "comment": "-", "rail_code": "oj", "id_lines": "옹진선", "filter": "구역4:경의선 및 관련 지선", "check_db": "김종혁", "st_nm_kj": "新康翎", "st_nm_mr": "Sin'gangnyŏng", "st_nm_rmj": "Shinkōrei" }, "geometry": null },
{ "type": "Feature", "properties": { "fid": 488, "OBJECTID": 488, "st_id": "oj_009", "st_nm_kr": "장둔", "comment": "-", "rail_code": "oj", "id_lines": "옹진선", "filter": "구역4:경의선 및 관련 지선", "check_db": "김종혁", "st_nm_kj": "長屯", "st_nm_mr": "Changdun", "st_nm_rmj": "Chōton" }, "geometry": null },
{ "type": "Feature", "properties": { "fid": 489, "OBJECTID": 489, "st_id": "oj_008", "st_nm_kr": "자양", "comment": "-", "rail_code": "oj", "id_lines": "옹진선", "filter": "구역4:경의선 및 관련 지선", "check_db": "김종혁", "st_nm_kj": "紫陽", "st_nm_mr": "Chayang", "st_nm_rmj": "Shiyō" }, "geometry": null },
{ "type": "Feature", "properties": { "fid": 490, "OBJECTID": 490, "st_id": "oj_007", "st_nm_kr": "국봉", "comment": "-", "rail_code": "oj", "id_lines": "옹진선", "filter": "구역4:경의선 및 관련 지선", "check_db": "김종혁", "st_nm_kj": "菊峰", "st_nm_mr": "Kukpong", "st_nm_rmj": "Kikuhō" }, "geometry": null },
{ "type": "Feature", "properties": { "fid": 491, "OBJECTID": 491, "st_id": "oj_006", "st_nm_kr": "취야", "comment": "-", "rail_code": "oj", "id_lines": "옹진선", "filter": "구역4:경의선 및 관련 지선", "check_db": "김종혁", "st_nm_kj": "翠野", "st_nm_mr": "Ch'wiya", "st_nm_rmj": "Suiya" }, "geometry": null },
{ "type": "Feature", "properties": { "fid": 492, "OBJECTID": 492, "st_id": "oj_005", "st_nm_kr": "서석", "comment": "-", "rail_code": "oj", "id_lines": "옹진선", "filter": "구역4:경의선 및 관련 지선", "check_db": "김종혁", "st_nm_kj": "西席", "st_nm_mr": "Sŏsŏk", "st_nm_rmj": "Seiseki" }, "geometry": null },
{ "type": "Feature", "properties": { "fid": 493, "OBJECTID": 493, "st_id": "oj_004", "st_nm_kr": "문정", "comment": "-", "rail_code": "oj", "id_lines": "옹진선", "filter": "구역4:경의선 및 관련 지선", "check_db": "김종혁", "st_nm_kj": "文井", "st_nm_mr": "Munjŏng", "st_nm_rmj": "Bunshō" }, "geometry": null },
{ "type": "Feature", "properties": { "fid": 494, "OBJECTID": 494, "st_id": "oj_003", "st_nm_kr": "서해주", "comment": "-", "rail_code": "oj", "id_lines": "옹진선", "filter": "구역4:경의선 및 관련 지선", "check_db": "김종혁", "st_nm_kj": "西海州", "st_nm_mr": "Sŏhaeju", "st_nm_rmj": "Nishi-Kaishū" }, "geometry": null },
{ "type": "Feature", "properties": { "fid": 495, "OBJECTID": 495, "st_id": "oj_002", "st_nm_kr": "해주", "comment": "-", "rail_code": "oj", "id_lines": "옹진선", "filter": "구역4:경의선 및 관련 지선", "check_db": "김종혁", "st_nm_kj": "海州", "st_nm_mr": "Haeju", "st_nm_rmj": "Kaishū" }, "geometry": { "type": "Point", "coordinates": [ 125.7023, 38.0254 ] } },
{ "type": "Feature", "properties": { "fid": 496, "OBJECTID": 496, "st_id": "oj_001", "st_nm_kr": "동해주", "comment": "-", "rail_code": "oj", "id_lines": "옹진선", "filter": "구역4:경의선 및 관련 지선", "check_db": "김종혁", "st_nm_kj": "東海州", "st_nm_mr": "Tonghaeju", "st_nm_rmj": "Higashi-Kaishū" }, "geometry": { "type": "Point", "coordinates": [ 125.7259, 38.0277 ] } },
{ "type": "Feature", "properties": { "fid": 497, "OBJECTID": 497, "st_id": "hh_001", "st_nm_kr": "해주", "comment": "-", "rail_code": "hh", "id_lines": "황해청년선", "filter": "구역4:경의선 및 관련 지선", "check_db": "김종혁", "st_nm_kj": "海州", "st_nm_mr": "Haeju", "st_nm_rmj": "Kaishū" }, "geometry": { "type": "Point", "coordinates": [ 125.7023, 38.0254 ] } },
{ "type": "Feature", "properties": { "fid": 498, "OBJECTID": 498, "st_id": "hh_002", "st_nm_kr": "동해주", "comment": "-", "rail_code": "hh", "id_lines": "황해청년선", "filter": "구역4:경의선 및 관련 지선", "check_db": "김종혁", "st_nm_kj": "東海州", "st_nm_mr": "Tonghaeju", "st_nm_rmj": "Higashi-Kaishū" }, "geometry": { "type": "Point", "coordinates": [ 125.7259, 38.0277 ] } },
{ "type": "Feature", "properties": { "fid": 499, "OBJECTID": 499, "st_id": "hh_003", "st_nm_kr": "학현", "comment": "-", "rail_code": "hh", "id_lines": "황해청년선", "filter": "구역4:경의선 및 관련 지선", "check_db": "김종혁", "st_nm_kj": "鶴峴", "st_nm_mr": "Hakhyŏn", "st_nm_rmj": "Kakken" }, "geometry": { "type": "Point", "coordinates": [ 125.7824, 38.0101 ] } },
{ "type": "Feature", "properties": { "fid": 500, "OBJECTID": 500, "st_id": "pa_001", "st_nm_kr": "진남포", "comment": "-", "rail_code": "pa", "id_lines": "평안선", "filter": "구역4:경의선 및 관련 지선", "check_db": "김종혁", "st_nm_kj": "鎮南浦", "st_nm_mr": "Chinnamp'o", "st_nm_rmj": "Chin'nanpo" }, "geometry": { "type": "Point", "coordinates": [ 125.4125, 38.7333 ] } },
{ "type": "Feature", "properties": { "fid": 501, "OBJECTID": 501, "st_id": "pa_002", "st_nm_kr": "덕동", "comment": "-", "rail_code": "pa", "id_lines": "평안선", "filter": "구역4:경의선 및 관련 지선", "check_db": "김종혁", "st_nm_kj": "徳洞", "st_nm_mr": "Tŏktong", "st_nm_rmj": "Tokutō" }, "geometry": null },
{ "type": "Feature", "properties": { "fid": 502, "OBJECTID": 502, "st_id": "pa_003", "st_nm_kr": "동광량", "comment": "-", "rail_code": "pa", "id_lines": "평안선", "filter": "구역4:경의선 및 관련 지선", "check_db": "김종혁", "st_nm_kj": "東広梁", "st_nm_mr": "Tonggwangnyang", "st_nm_rmj": "Higashikōryō" }, "geometry": null },
{ "type": "Feature", "properties": { "fid": 503, "OBJECTID": 503, "st_id": "pa_004", "st_nm_kr": "서광량", "comment": "-", "rail_code": "pa", "id_lines": "평안선", "filter": "구역4:경의선 및 관련 지선", "check_db": "김종혁", "st_nm_kj": "西広梁", "st_nm_mr": "Sŏgwangnyang", "st_nm_rmj": "Nishikōryō" }, "geometry": null },
{ "type": "Feature", "properties": { "fid": 504, "OBJECTID": 504, "st_id": "pa_005", "st_nm_kr": "귀성", "comment": "-", "rail_code": "pa", "id_lines": "평안선", "filter": "구역4:경의선 및 관련 지선", "check_db": "김종혁", "st_nm_kj": "貴城", "st_nm_mr": "Kwisŏng", "st_nm_rmj": "Kijō" }, "geometry": null },
{ "type": "Feature", "properties": { "fid": 505, "OBJECTID": 505, "st_id": "pa_006", "st_nm_kr": "용강온천", "comment": "-", "rail_code": "pa", "id_lines": "평안선", "filter": "구역4:경의선 및 관련 지선", "check_db": "김종혁", "st_nm_kj": "龍岡温泉", "st_nm_mr": "Yonggangonch'ŏn", "st_nm_rmj": "Ryōkōonsen" }, "geometry": null },
{ "type": "Feature", "properties": { "fid": 506, "OBJECTID": 506, "st_id": "dp_001", "st_nm_kr": "단천", "comment": "-", "rail_code": "dp", "id_lines": "단풍선", "filter": "구역5:경원선 및 관련 지선", "check_db": "김종혁", "st_nm_kj": "端川", "st_nm_mr": "Tanch'ŏn", "st_nm_rmj": "Tansen" }, "geometry": { "type": "Point", "coordinates": [ 128.8882, 40.453199999000049 ] } },
{ "type": "Feature", "properties": { "fid": 507, "OBJECTID": 507, "st_id": "dp_002", "st_nm_kr": "동대", "comment": "-", "rail_code": "dp", "id_lines": "단풍선", "filter": "구역5:경원선 및 관련 지선", "check_db": "김종혁", "st_nm_kj": "東坮", "st_nm_mr": "Tongdae", "st_nm_rmj": "Tōdai" }, "geometry": null },
{ "type": "Feature", "properties": { "fid": 508, "OBJECTID": 508, "st_id": "dp_003", "st_nm_kr": "상농", "comment": "-", "rail_code": "dp", "id_lines": "단풍선", "filter": "구역5:경원선 및 관련 지선", "check_db": "김종혁", "st_nm_kj": "上農", "st_nm_mr": "Sangnong", "st_nm_rmj": "Jōnō" }, "geometry": null },
{ "type": "Feature", "properties": { "fid": 509, "OBJECTID": 509, "st_id": "dp_004", "st_nm_kr": "농촌", "comment": "-", "rail_code": "dp", "id_lines": "단풍선", "filter": "구역5:경원선 및 관련 지선", "check_db": "김종혁", "st_nm_kj": "農村", "st_nm_mr": "Nongch'on", "st_nm_rmj": "Nōson" }, "geometry": null },
{ "type": "Feature", "properties": { "fid": 510, "OBJECTID": 510, "st_id": "dp_005", "st_nm_kr": "고성", "comment": "-", "rail_code": "dp", "id_lines": "단풍선", "filter": "구역5:경원선 및 관련 지선", "check_db": "김종혁", "st_nm_kj": "古城", "st_nm_mr": "Kosŏng", "st_nm_rmj": "Kojō" }, "geometry": null },
{ "type": "Feature", "properties": { "fid": 511, "OBJECTID": 511, "st_id": "dp_006", "st_nm_kr": "수의", "comment": "-", "rail_code": "dp", "id_lines": "단풍선", "filter": "구역5:경원선 및 관련 지선", "check_db": "김종혁", "st_nm_kj": "守義", "st_nm_mr": "Suŭi", "st_nm_rmj": "Shugi" }, "geometry": null },
{ "type": "Feature", "properties": { "fid": 512, "OBJECTID": 512, "st_id": "dp_007", "st_nm_kr": "포치리", "comment": "-", "rail_code": "dp", "id_lines": "단풍선", "filter": "구역5:경원선 및 관련 지선", "check_db": "김종혁", "st_nm_kj": "浦淄里", "st_nm_mr": "P'och'iri", "st_nm_rmj": "Hoshiri" }, "geometry": null },
{ "type": "Feature", "properties": { "fid": 513, "OBJECTID": 513, "st_id": "dp_008", "st_nm_kr": "하홍군", "comment": "-", "rail_code": "dp", "id_lines": "단풍선", "filter": "구역5:경원선 및 관련 지선", "check_db": "김종혁", "st_nm_kj": "下洪君", "st_nm_mr": "Hahonggun", "st_nm_rmj": "Shimokōkun" }, "geometry": null },
{ "type": "Feature", "properties": { "fid": 514, "OBJECTID": 514, "st_id": "dp_009", "st_nm_kr": "홍군", "comment": "-", "rail_code": "dp", "id_lines": "단풍선", "filter": "구역5:경원선 및 관련 지선", "check_db": "김종혁", "st_nm_kj": "洪君", "st_nm_mr": "Honggun", "st_nm_rmj": "Kōkun" }, "geometry": null },
{ "type": "Feature", "properties": { "fid": 515, "OBJECTID": 515, "st_id": "ssj_001", "st_nm_kr": "승호리", "comment": "-", "rail_code": "ssj", "id_lines": "서선중앙철도", "filter": "구역4:경의선 및 관련 지선", "check_db": "김종혁", "st_nm_kj": "勝湖里", "st_nm_mr": "Sŭnghori", "st_nm_rmj": "Shōkori" }, "geometry": { "type": "Point", "coordinates": [ 125.969200000000114, 38.9943 ] } },
{ "type": "Feature", "properties": { "fid": 516, "OBJECTID": 516, "st_id": "ssj_002", "st_nm_kr": "화천", "comment": "-", "rail_code": "ssj", "id_lines": "서선중앙철도", "filter": "구역4:경의선 및 관련 지선", "check_db": "김종혁", "st_nm_kj": "貨泉", "st_nm_mr": "Hwach'ŏn", "st_nm_rmj": "Kasen" }, "geometry": null },
{ "type": "Feature", "properties": { "fid": 517, "OBJECTID": 517, "st_id": "ssj_003", "st_nm_kr": "송가", "comment": "-", "rail_code": "ssj", "id_lines": "서선중앙철도", "filter": "구역4:경의선 및 관련 지선", "check_db": "김종혁", "st_nm_kj": "松街", "st_nm_mr": "Songga", "st_nm_rmj": "Shōgai" }, "geometry": null },
{ "type": "Feature", "properties": { "fid": 518, "OBJECTID": 518, "st_id": "ssj_004", "st_nm_kr": "삼등", "comment": "-", "rail_code": "ssj", "id_lines": "서선중앙철도", "filter": "구역4:경의선 및 관련 지선", "check_db": "김종혁", "st_nm_kj": "三登", "st_nm_mr": "Samdŭng", "st_nm_rmj": "Santō" }, "geometry": null },
{ "type": "Feature", "properties": { "fid": 519, "OBJECTID": 519, "st_id": "ssj_005", "st_nm_kr": "흑령", "comment": "-", "rail_code": "ssj", "id_lines": "서선중앙철도", "filter": "구역4:경의선 및 관련 지선", "check_db": "김종혁", "st_nm_kj": "黒嶺", "st_nm_mr": "Hŭngnyŏng", "st_nm_rmj": "Kokuryō" }, "geometry": null },
{ "type": "Feature", "properties": { "fid": 520, "OBJECTID": 520, "st_id": "ssj_006", "st_nm_kr": "석름", "comment": "-", "rail_code": "ssj", "id_lines": "서선중앙철도", "filter": "구역4:경의선 및 관련 지선", "check_db": "김종혁", "st_nm_kj": "石凜", "st_nm_mr": "Sŏngnŭm", "st_nm_rmj": "Sekirin" }, "geometry": null },
{ "type": "Feature", "properties": { "fid": 521, "OBJECTID": 521, "st_id": "ssj_007", "st_nm_kr": "평남강동", "comment": "-", "rail_code": "ssj", "id_lines": "서선중앙철도", "filter": "구역4:경의선 및 관련 지선", "check_db": "김종혁", "st_nm_kj": "平南江東", "st_nm_mr": "P'yŏngnamgangdong", "st_nm_rmj": "Heinan Kōtō" }, "geometry": null },
{ "type": "Feature", "properties": { "fid": 522, "OBJECTID": 522, "st_id": "dsd_001", "st_nm_kr": "양시", "comment": "-", "rail_code": "ds", "id_lines": "다사도선", "filter": "구역4:경의선 및 관련 지선", "check_db": "김종혁", "st_nm_kj": "楊市", "st_nm_mr": "Yangsi", "st_nm_rmj": "Yōshi" }, "geometry": null },
{ "type": "Feature", "properties": { "fid": 523, "OBJECTID": 523, "st_id": "dsd_002", "st_nm_kr": "북중", "comment": "-", "rail_code": "ds", "id_lines": "다사도선", "filter": "구역4:경의선 및 관련 지선", "check_db": "김종혁", "st_nm_kj": "北中", "st_nm_mr": "Pukchung", "st_nm_rmj": "Hokuchū" }, "geometry": null },
{ "type": "Feature", "properties": { "fid": 524, "OBJECTID": 524, "st_id": "dsd_003", "st_nm_kr": "용암포", "comment": "-", "rail_code": "ds", "id_lines": "다사도선", "filter": "구역4:경의선 및 관련 지선", "check_db": "김종혁", "st_nm_kj": "龍岩浦", "st_nm_mr": "Yongamp'o", "st_nm_rmj": "Ryūganho" }, "geometry": null },
{ "type": "Feature", "properties": { "fid": 525, "OBJECTID": 525, "st_id": "dsd_004", "st_nm_kr": "경봉", "comment": "-", "rail_code": "ds", "id_lines": "다사도선", "filter": "구역4:경의선 및 관련 지선", "check_db": "김종혁", "st_nm_kj": "緑峰", "st_nm_mr": "Kyŏngbong", "st_nm_rmj": "Ryokuhō" }, "geometry": null },
{ "type": "Feature", "properties": { "fid": 526, "OBJECTID": 526, "st_id": "dsd_005", "st_nm_kr": "불인", "comment": "-", "rail_code": "ds", "id_lines": "다사도선", "filter": "구역4:경의선 및 관련 지선", "check_db": "김종혁", "st_nm_kj": "不二", "st_nm_mr": "Purin", "st_nm_rmj": "Funi" }, "geometry": null },
{ "type": "Feature", "properties": { "fid": 527, "OBJECTID": 527, "st_id": "dsd_006", "st_nm_kr": "다사도", "comment": "-", "rail_code": "ds", "id_lines": "다사도선", "filter": "구역4:경의선 및 관련 지선", "check_db": "김종혁", "st_nm_kj": "多獅島", "st_nm_mr": "Tasado", "st_nm_rmj": "Tashitō" }, "geometry": null },
{ "type": "Feature", "properties": { "fid": 528, "OBJECTID": 528, "st_id": "dsd_007", "st_nm_kr": "서다사도", "comment": "-", "rail_code": "ds", "id_lines": "다사도선", "filter": "구역4:경의선 및 관련 지선", "check_db": "김종혁", "st_nm_kj": "西多獅島", "st_nm_mr": "Sŏdasado", "st_nm_rmj": "Seitashitō" }, "geometry": null },
{ "type": "Feature", "properties": { "fid": 529, "OBJECTID": 529, "st_id": "jj_001", "st_nm_kr": "함흥", "comment": "-", "rail_code": "jj", "id_lines": "장진선", "filter": "구역5:경원선 및 관련 지선", "check_db": "김종혁", "st_nm_kj": "咸興", "st_nm_mr": "Hamhŭng", "st_nm_rmj": "Kankō" }, "geometry": { "type": "Point", "coordinates": [ 127.546, 39.911599999000032 ] } },
{ "type": "Feature", "properties": { "fid": 530, "OBJECTID": 530, "st_id": "jj_002", "st_nm_kr": "서함흥", "comment": "-", "rail_code": "jj", "id_lines": "장진선", "filter": "구역5:경원선 및 관련 지선", "check_db": "김종혁", "st_nm_kj": "西咸興", "st_nm_mr": "Sŏhamhŭng", "st_nm_rmj": "Nishi-Kankō" }, "geometry": { "type": "Point", "coordinates": [ 127.5215, 39.908 ] } },
{ "type": "Feature", "properties": { "fid": 531, "OBJECTID": 531, "st_id": "jj_003", "st_nm_kr": "흥상", "comment": "-", "rail_code": "jj", "id_lines": "장진선", "filter": "구역5:경원선 및 관련 지선", "check_db": "김종혁", "st_nm_kj": "興祥", "st_nm_mr": "Hŭngsang", "st_nm_rmj": "Kōshō" }, "geometry": { "type": "Point", "coordinates": [ 127.5137, 39.943700001000025 ] } },
{ "type": "Feature", "properties": { "fid": 532, "OBJECTID": 532, "st_id": "jj_004", "st_nm_kr": "부민", "comment": "-", "rail_code": "jj", "id_lines": "장진선", "filter": "구역5:경원선 및 관련 지선", "check_db": "김종혁", "st_nm_kj": "富民", "st_nm_mr": "Pumin", "st_nm_rmj": "Fumin" }, "geometry": { "type": "Point", "coordinates": [ 127.5083, 39.9671 ] } },
{ "type": "Feature", "properties": { "fid": 533, "OBJECTID": 533, "st_id": "jj_005", "st_nm_kr": "장흥", "comment": "-", "rail_code": "jj", "id_lines": "장진선", "filter": "구역5:경원선 및 관련 지선", "check_db": "김종혁", "st_nm_kj": "長興", "st_nm_mr": "Changhŭng", "st_nm_rmj": "Chōkō" }, "geometry": { "type": "Point", "coordinates": [ 127.502700000000118, 39.9802 ] } },
{ "type": "Feature", "properties": { "fid": 534, "OBJECTID": 534, "st_id": "jj_006", "st_nm_kr": "오로", "comment": "-", "rail_code": "jj", "id_lines": "장진선", "filter": "구역5:경원선 및 관련 지선", "check_db": "김종혁", "st_nm_kj": "五老", "st_nm_mr": "Oro", "st_nm_rmj": "Gorō" }, "geometry": { "type": "Point", "coordinates": [ 127.4645, 40.0167 ] } },
{ "type": "Feature", "properties": { "fid": 535, "OBJECTID": 535, "st_id": "jj_007", "st_nm_kr": "동양", "comment": "-", "rail_code": "jj", "id_lines": "장진선", "filter": "구역5:경원선 및 관련 지선", "check_db": "김종혁", "st_nm_kj": "東陽", "st_nm_mr": "Tongyang", "st_nm_rmj": "Tōyō" }, "geometry": { "type": "Point", "coordinates": [ 127.416700000000105, 40.042099999000072 ] } },
{ "type": "Feature", "properties": { "fid": 536, "OBJECTID": 536, "st_id": "jj_008", "st_nm_kr": "송당", "comment": "-", "rail_code": "jj", "id_lines": "장진선", "filter": "구역5:경원선 및 관련 지선", "check_db": "김종혁", "st_nm_kj": "松堂", "st_nm_mr": "Songdang", "st_nm_rmj": "Shōdō" }, "geometry": { "type": "Point", "coordinates": [ 127.3805, 40.0614 ] } },
{ "type": "Feature", "properties": { "fid": 537, "OBJECTID": 537, "st_id": "jj_009", "st_nm_kr": "동정", "comment": "-", "rail_code": "jj", "id_lines": "장진선", "filter": "구역5:경원선 및 관련 지선", "check_db": "김종혁", "st_nm_kj": "東井", "st_nm_mr": "Tongjŏng", "st_nm_rmj": "Tōsei" }, "geometry": { "type": "Point", "coordinates": [ 127.359, 40.0732 ] } },
{ "type": "Feature", "properties": { "fid": 538, "OBJECTID": 538, "st_id": "jj_010", "st_nm_kr": "상통", "comment": "-", "rail_code": "jj", "id_lines": "장진선", "filter": "구역5:경원선 및 관련 지선", "check_db": "김종혁", "st_nm_kj": "上通", "st_nm_mr": "Sangt'ong", "st_nm_rmj": "Jōtsū" }, "geometry": { "type": "Point", "coordinates": [ 127.353, 40.0908 ] } },
{ "type": "Feature", "properties": { "fid": 539, "OBJECTID": 539, "st_id": "jj_011", "st_nm_kr": "용수", "comment": "-", "rail_code": "jj", "id_lines": "장진선", "filter": "구역5:경원선 및 관련 지선", "check_db": "김종혁", "st_nm_kj": "龍水", "st_nm_mr": "Yongsu", "st_nm_rmj": "Ryūsui" }, "geometry": null },
{ "type": "Feature", "properties": { "fid": 540, "OBJECTID": 540, "st_id": "jj_012", "st_nm_kr": "하기천", "comment": "-", "rail_code": "jj", "id_lines": "장진선", "filter": "구역5:경원선 및 관련 지선", "check_db": "김종혁", "st_nm_kj": "下岐川", "st_nm_mr": "Hagich'ŏn", "st_nm_rmj": "Kagisen" }, "geometry": null },
{ "type": "Feature", "properties": { "fid": 541, "OBJECTID": 541, "st_id": "jj_013", "st_nm_kr": "삼거", "comment": "-", "rail_code": "jj", "id_lines": "장진선", "filter": "구역5:경원선 및 관련 지선", "check_db": "김종혁", "st_nm_kj": "三巨", "st_nm_mr": "Samgŏ", "st_nm_rmj": "Sankyo" }, "geometry": null },
{ "type": "Feature", "properties": { "fid": 542, "OBJECTID": 542, "st_id": "jj_014", "st_nm_kr": "보장", "comment": "-", "rail_code": "jj", "id_lines": "장진선", "filter": "구역5:경원선 및 관련 지선", "check_db": "김종혁", "st_nm_kj": "堡庄", "st_nm_mr": "Pojang", "st_nm_rmj": "Hoshō" }, "geometry": null },
{ "type": "Feature", "properties": { "fid": 543, "OBJECTID": 543, "st_id": "jj_015", "st_nm_kr": "황초령분실", "comment": "-", "rail_code": "jj", "id_lines": "장진선", "filter": "구역5:경원선 및 관련 지선", "check_db": "김종혁", "st_nm_kj": "黃草嶺分室", "st_nm_mr": "Hwangch'oryŏngbunsil", "st_nm_rmj": "Kōsōreibunshitsu" }, "geometry": null },
{ "type": "Feature", "properties": { "fid": 544, "OBJECTID": 544, "st_id": "jj_016", "st_nm_kr": "황초령", "comment": "-", "rail_code": "jj", "id_lines": "장진선", "filter": "구역5:경원선 및 관련 지선", "check_db": "김종혁", "st_nm_kj": "黄草嶺", "st_nm_mr": "Hwangch'oryŏng", "st_nm_rmj": "Kōsōrei" }, "geometry": null },
{ "type": "Feature", "properties": { "fid": 545, "OBJECTID": 545, "st_id": "jj_017", "st_nm_kr": "고토", "comment": "-", "rail_code": "jj", "id_lines": "장진선", "filter": "구역5:경원선 및 관련 지선", "check_db": "김종혁", "st_nm_kj": "古土", "st_nm_mr": "Kot'o", "st_nm_rmj": "Kodo" }, "geometry": null },
{ "type": "Feature", "properties": { "fid": 546, "OBJECTID": 546, "st_id": "jj_018", "st_nm_kr": "상평", "comment": "-", "rail_code": "jj", "id_lines": "장진선", "filter": "구역5:경원선 및 관련 지선", "check_db": "김종혁", "st_nm_kj": "上坪", "st_nm_mr": "Sangp'yŏng", "st_nm_rmj": "Jōhei" }, "geometry": null },
{ "type": "Feature", "properties": { "fid": 547, "OBJECTID": 547, "st_id": "jj_019", "st_nm_kr": "하갈", "comment": "-", "rail_code": "jj", "id_lines": "장진선", "filter": "구역5:경원선 및 관련 지선", "check_db": "김종혁", "st_nm_kj": "下碣", "st_nm_mr": "Hagal", "st_nm_rmj": "Kekatsu" }, "geometry": null },
{ "type": "Feature", "properties": { "fid": 548, "OBJECTID": 548, "st_id": "jj_020", "st_nm_kr": "사수", "comment": "-", "rail_code": "jj", "id_lines": "장진선", "filter": "구역5:경원선 및 관련 지선", "check_db": "김종혁", "st_nm_kj": "泗水", "st_nm_mr": "Sasu", "st_nm_rmj": "Shisui" }, "geometry": null },
{ "type": "Feature", "properties": { "fid": 549, "OBJECTID": 549, "st_id": "sh_008", "st_nm_kr": "전동", "comment": "-", "rail_code": "sh", "id_lines": "송흥선", "filter": "구역5:경원선 및 관련 지선", "check_db": "김종혁", "st_nm_kj": "典洞", "st_nm_mr": "Chŏndong", "st_nm_rmj": "Tentō" }, "geometry": { "type": "Point", "coordinates": [ 127.482, 40.1162 ] } },
{ "type": "Feature", "properties": { "fid": 550, "OBJECTID": 550, "st_id": "sh_001", "st_nm_kr": "함흥", "comment": "-", "rail_code": "sh", "id_lines": "송흥선", "filter": "구역5:경원선 및 관련 지선", "check_db": "김종혁", "st_nm_kj": "咸興", "st_nm_mr": "Hamhŭng", "st_nm_rmj": "Kankō" }, "geometry": { "type": "Point", "coordinates": [ 127.546, 39.911599999000032 ] } },
{ "type": "Feature", "properties": { "fid": 551, "OBJECTID": 551, "st_id": "sh_002", "st_nm_kr": "오로", "comment": "-", "rail_code": "sh", "id_lines": "송흥선", "filter": "구역5:경원선 및 관련 지선", "check_db": "김종혁", "st_nm_kj": "五老", "st_nm_mr": "Oro", "st_nm_rmj": "Gorō" }, "geometry": { "type": "Point", "coordinates": [ 127.4645, 40.0167 ] } },
{ "type": "Feature", "properties": { "fid": 552, "OBJECTID": 552, "st_id": "sh_003", "st_nm_kr": "중상", "comment": "-", "rail_code": "sh", "id_lines": "송흥선", "filter": "구역5:경원선 및 관련 지선", "check_db": "김종혁", "st_nm_kj": "中上", "st_nm_mr": "Chungsang", "st_nm_rmj": "Chūjō" }, "geometry": { "type": "Point", "coordinates": [ 127.47420000000011, 40.0507 ] } },
{ "type": "Feature", "properties": { "fid": 553, "OBJECTID": 553, "st_id": "sh_004", "st_nm_kr": "풍상", "comment": "-", "rail_code": "sh", "id_lines": "송흥선", "filter": "구역5:경원선 및 관련 지선", "check_db": "김종혁", "st_nm_kj": "豊上", "st_nm_mr": "P'ungsang", "st_nm_rmj": "Hōjō" }, "geometry": { "type": "Point", "coordinates": [ 127.4734, 40.0822 ] } },
{ "type": "Feature", "properties": { "fid": 554, "OBJECTID": 554, "st_id": "sh_009", "st_nm_kr": "천불산", "comment": "-", "rail_code": "sh", "id_lines": "송흥선", "filter": "구역5:경원선 및 관련 지선", "check_db": "김종혁", "st_nm_kj": "千仏山", "st_nm_mr": "Ch'ŏnbulsan", "st_nm_rmj": "Senbutsuzan" }, "geometry": { "type": "Point", "coordinates": [ 127.4979, 40.1384 ] } },
{ "type": "Feature", "properties": { "fid": 555, "OBJECTID": 555, "st_id": "sh_010", "st_nm_kr": "함남신흥", "comment": "-", "rail_code": "sh", "id_lines": "송흥선", "filter": "구역5:경원선 및 관련 지선", "check_db": "김종혁", "st_nm_kj": "咸南新興", "st_nm_mr": "Hamnamsinhŭng", "st_nm_rmj": "Kannan-Shinkō" }, "geometry": { "type": "Point", "coordinates": [ 127.5501, 40.199200001000065 ] } },
{ "type": "Feature", "properties": { "fid": 556, "OBJECTID": 556, "st_id": "sh_011", "st_nm_kr": "길봉", "comment": "-", "rail_code": "sh", "id_lines": "송흥선", "filter": "구역5:경원선 및 관련 지선", "check_db": "김종혁", "st_nm_kj": "吉峰", "st_nm_mr": "Kilbong", "st_nm_rmj": "Kippō" }, "geometry": { "type": "Point", "coordinates": [ 127.5837, 40.222200001000033 ] } },
{ "type": "Feature", "properties": { "fid": 557, "OBJECTID": 557, "st_id": "sh_012", "st_nm_kr": "동흥", "comment": "-", "rail_code": "sh", "id_lines": "송흥선", "filter": "구역5:경원선 및 관련 지선", "check_db": "김종혁", "st_nm_kj": "東興", "st_nm_mr": "Tonghŭng", "st_nm_rmj": "Tōkō" }, "geometry": { "type": "Point", "coordinates": [ 127.6135, 40.2588 ] } },
{ "type": "Feature", "properties": { "fid": 558, "OBJECTID": 558, "st_id": "sh_013", "st_nm_kr": "경흥", "comment": "-", "rail_code": "sh", "id_lines": "송흥선", "filter": "구역5:경원선 및 관련 지선", "check_db": "김종혁", "st_nm_kj": "慶興", "st_nm_mr": "Kyŏnghŭng", "st_nm_rmj": "Keikō" }, "geometry": { "type": "Point", "coordinates": [ 127.5923, 40.293 ] } },
{ "type": "Feature", "properties": { "fid": 559, "OBJECTID": 559, "st_id": "sh_014", "st_nm_kr": "송하", "comment": "-", "rail_code": "sh", "id_lines": "송흥선", "filter": "구역5:경원선 및 관련 지선", "check_db": "김종혁", "st_nm_kj": "松下", "st_nm_mr": "Songha", "st_nm_rmj": "Shōka" }, "geometry": { "type": "Point", "coordinates": [ 127.5832, 40.30739999900004 ] } },
{ "type": "Feature", "properties": { "fid": 560, "OBJECTID": 560, "st_id": "sh_016", "st_nm_kr": "함남송흥", "comment": "-", "rail_code": "sh", "id_lines": "송흥선", "filter": "구역5:경원선 및 관련 지선", "check_db": "김종혁", "st_nm_kj": "咸南松興", "st_nm_mr": "Hamnamsonghŭng", "st_nm_rmj": "Kan'nan Shōkō" }, "geometry": { "type": "Point", "coordinates": [ 127.5608, 40.3389 ] } },
{ "type": "Feature", "properties": { "fid": 561, "OBJECTID": 561, "st_id": "sh_015", "st_nm_kr": "하송흥", "comment": "-", "rail_code": "sh", "id_lines": "송흥선", "filter": "구역5:경원선 및 관련 지선", "check_db": "김종혁", "st_nm_kj": "下松興", "st_nm_mr": "Hasonghŭng", "st_nm_rmj": "Kashōkō" }, "geometry": { "type": "Point", "coordinates": [ 127.5576, 40.3478 ] } },
{ "type": "Feature", "properties": { "fid": 562, "OBJECTID": 562, "st_id": "sh_017", "st_nm_kr": "부전령", "comment": "-", "rail_code": "sh", "id_lines": "송흥선", "filter": "구역5:경원선 및 관련 지선", "check_db": "김종혁", "st_nm_kj": "赴戦嶺", "st_nm_mr": "Pujŏllyŏng", "st_nm_rmj": "Fusenrei" }, "geometry": null },
{ "type": "Feature", "properties": { "fid": 563, "OBJECTID": 563, "st_id": "sh_018", "st_nm_kr": "함지원", "comment": "-", "rail_code": "sh", "id_lines": "송흥선", "filter": "구역5:경원선 및 관련 지선", "check_db": "김종혁", "st_nm_kj": "咸地院", "st_nm_mr": "Hamjiwŏn", "st_nm_rmj": "Kanchiin" }, "geometry": null },
{ "type": "Feature", "properties": { "fid": 564, "OBJECTID": 564, "st_id": "sh_019", "st_nm_kr": "원풍", "comment": "-", "rail_code": "sh", "id_lines": "송흥선", "filter": "구역5:경원선 및 관련 지선", "check_db": "김종혁", "st_nm_kj": "元豊", "st_nm_mr": "Wŏnp'ung", "st_nm_rmj": "Genhō" }, "geometry": null },
{ "type": "Feature", "properties": { "fid": 565, "OBJECTID": 565, "st_id": "sh_020", "st_nm_kr": "함남도안", "comment": "-", "rail_code": "sh", "id_lines": "송흥선", "filter": "구역5:경원선 및 관련 지선", "check_db": "김종혁", "st_nm_kj": "咸南道安", "st_nm_mr": "Hamnamdoan", "st_nm_rmj": "Kan'nan Dōan" }, "geometry": null },
{ "type": "Feature", "properties": { "fid": 566, "OBJECTID": 566, "st_id": "sh_021", "st_nm_kr": "부전호반", "comment": "-", "rail_code": "sh", "id_lines": "송흥선", "filter": "구역5:경원선 및 관련 지선", "check_db": "김종혁", "st_nm_kj": "赴戦湖畔", "st_nm_mr": "Pujŏnhoban", "st_nm_rmj": "Fusenkohan" }, "geometry": null },
{ "type": "Feature", "properties": { "fid": 567, "OBJECTID": 567, "st_id": "sr_001", "st_nm_kr": "수원", "comment": "-", "rail_code": "sr", "id_lines": "수려선", "filter": "구역3:경부선의 동북부 지역 철도", "check_db": "김종혁", "st_nm_kj": "水原", "st_nm_mr": "Suwŏn", "st_nm_rmj": "Suigen" }, "geometry": { "type": "Point", "coordinates": [ 126.9996000000001, 37.2664 ] } },
{ "type": "Feature", "properties": { "fid": 568, "OBJECTID": 568, "st_id": "sr_002", "st_nm_kr": "본수원", "comment": "-", "rail_code": "sr", "id_lines": "수려선", "filter": "구역3:경부선의 동북부 지역 철도", "check_db": "김종혁", "st_nm_kj": "本水原", "st_nm_mr": "Ponsuwŏn", "st_nm_rmj": "Honsuigen" }, "geometry": { "type": "Point", "coordinates": [ 127.020400000000109, 37.273 ] } },
{ "type": "Feature", "properties": { "fid": 569, "OBJECTID": 569, "st_id": "sr_003", "st_nm_kr": "원천", "comment": "-", "rail_code": "sr", "id_lines": "수려선", "filter": "구역3:경부선의 동북부 지역 철도", "check_db": "김종혁", "st_nm_kj": "遠川", "st_nm_mr": "Wŏnch'ŏn", "st_nm_rmj": "Ensen" }, "geometry": { "type": "Point", "coordinates": [ 127.0563, 37.2721 ] } },
{ "type": "Feature", "properties": { "fid": 570, "OBJECTID": 570, "st_id": "sr_004", "st_nm_kr": "덕곡", "comment": "-", "rail_code": "sr", "id_lines": "수려선", "filter": "구역3:경부선의 동북부 지역 철도", "check_db": "김종혁", "st_nm_kj": "德谷", "st_nm_mr": "Tŏkkok", "st_nm_rmj": "Tokkoku" }, "geometry": { "type": "Point", "coordinates": [ 127.0776, 37.2775 ] } },
{ "type": "Feature", "properties": { "fid": 571, "OBJECTID": 571, "st_id": "sr_005", "st_nm_kr": "신갈", "comment": "-", "rail_code": "sr", "id_lines": "수려선", "filter": "구역3:경부선의 동북부 지역 철도", "check_db": "김종혁", "st_nm_kj": "新葛", "st_nm_mr": "Sin'gal", "st_nm_rmj": "Shinkatsu" }, "geometry": { "type": "Point", "coordinates": [ 127.1126, 37.2752 ] } },
{ "type": "Feature", "properties": { "fid": 572, "OBJECTID": 572, "st_id": "sr_006", "st_nm_kr": "어정", "comment": "-", "rail_code": "sr", "id_lines": "수려선", "filter": "구역3:경부선의 동북부 지역 철도", "check_db": "김종혁", "st_nm_kj": "漁汀", "st_nm_mr": "Ŏjŏng", "st_nm_rmj": "Gyochō" }, "geometry": { "type": "Point", "coordinates": [ 127.141, 37.2762 ] } },
{ "type": "Feature", "properties": { "fid": 573, "OBJECTID": 573, "st_id": "sr_007", "st_nm_kr": "삼가", "comment": "-", "rail_code": "sr", "id_lines": "수려선", "filter": "구역3:경부선의 동북부 지역 철도", "check_db": "김종혁", "st_nm_kj": "三街", "st_nm_mr": "Samga", "st_nm_rmj": "Sangai" }, "geometry": { "type": "Point", "coordinates": [ 127.1774, 37.239 ] } },
{ "type": "Feature", "properties": { "fid": 574, "OBJECTID": 574, "st_id": "sr_008", "st_nm_kr": "용인", "comment": "-", "rail_code": "sr", "id_lines": "수려선", "filter": "구역3:경부선의 동북부 지역 철도", "check_db": "김종혁", "st_nm_kj": "龍仁", "st_nm_mr": "Yongin", "st_nm_rmj": "Ryūjin" }, "geometry": { "type": "Point", "coordinates": [ 127.2039, 37.23719999900004 ] } },
{ "type": "Feature", "properties": { "fid": 575, "OBJECTID": 575, "st_id": "sr_009", "st_nm_kr": "마평", "comment": "-", "rail_code": "sr", "id_lines": "수려선", "filter": "구역3:경부선의 동북부 지역 철도", "check_db": "김종혁", "st_nm_kj": "麻坪", "st_nm_mr": "Map'yŏng", "st_nm_rmj": "Mahei" }, "geometry": { "type": "Point", "coordinates": [ 127.2495, 37.228499999000064 ] } },
{ "type": "Feature", "properties": { "fid": 576, "OBJECTID": 576, "st_id": "sr_010", "st_nm_kr": "양지", "comment": "-", "rail_code": "sr", "id_lines": "수려선", "filter": "구역3:경부선의 동북부 지역 철도", "check_db": "김종혁", "st_nm_kj": "陽智", "st_nm_mr": "Yangji", "st_nm_rmj": "Yōchi" }, "geometry": { "type": "Point", "coordinates": [ 127.2824, 37.2336 ] } },
{ "type": "Feature", "properties": { "fid": 577, "OBJECTID": 577, "st_id": "sr_011", "st_nm_kr": "제일", "comment": "-", "rail_code": "sr", "id_lines": "수려선", "filter": "구역3:경부선의 동북부 지역 철도", "check_db": "김종혁", "st_nm_kj": "霽日", "st_nm_mr": "Cheil", "st_nm_rmj": "Seijitsu" }, "geometry": { "type": "Point", "coordinates": [ 127.3197, 37.240499999000065 ] } },
{ "type": "Feature", "properties": { "fid": 578, "OBJECTID": 578, "st_id": "sr_012", "st_nm_kr": "오천", "comment": "-", "rail_code": "sr", "id_lines": "수려선", "filter": "구역3:경부선의 동북부 지역 철도", "check_db": "김종혁", "st_nm_kj": "午川", "st_nm_mr": "Och'ŏn", "st_nm_rmj": "Gosen" }, "geometry": { "type": "Point", "coordinates": [ 127.3529, 37.253900001000034 ] } },
{ "type": "Feature", "properties": { "fid": 579, "OBJECTID": 579, "st_id": "sr_013", "st_nm_kr": "표교", "comment": "-", "rail_code": "sr", "id_lines": "수려선", "filter": "구역3:경부선의 동북부 지역 철도", "check_db": "김종혁", "st_nm_kj": "標橋", "st_nm_mr": "P'yogyo", "st_nm_rmj": "Hyōkyō" }, "geometry": { "type": "Point", "coordinates": [ 127.4089, 37.252699999000072 ] } },
{ "type": "Feature", "properties": { "fid": 580, "OBJECTID": 580, "st_id": "sr_014", "st_nm_kr": "유산", "comment": "-", "rail_code": "sr", "id_lines": "수려선", "filter": "구역3:경부선의 동북부 지역 철도", "check_db": "김종혁", "st_nm_kj": "酉山", "st_nm_mr": "Yusan", "st_nm_rmj": "Yūzan" }, "geometry": { "type": "Point", "coordinates": [ 127.440700000000106, 37.247300001000042 ] } },
{ "type": "Feature", "properties": { "fid": 581, "OBJECTID": 581, "st_id": "sr_015", "st_nm_kr": "이천", "comment": "-", "rail_code": "sr", "id_lines": "수려선", "filter": "구역3:경부선의 동북부 지역 철도", "check_db": "김종혁", "st_nm_kj": "利川", "st_nm_mr": "Ich'ŏn", "st_nm_rmj": "Risen" }, "geometry": { "type": "Point", "coordinates": [ 127.4476, 37.280099999000072 ] } },
{ "type": "Feature", "properties": { "fid": 582, "OBJECTID": 582, "st_id": "sr_016", "st_nm_kr": "무촌", "comment": "-", "rail_code": "sr", "id_lines": "수려선", "filter": "구역3:경부선의 동북부 지역 철도", "check_db": "김종혁", "st_nm_kj": "茂村", "st_nm_mr": "Much'on", "st_nm_rmj": "Moson" }, "geometry": null },
{ "type": "Feature", "properties": { "fid": 583, "OBJECTID": 583, "st_id": "sr_017", "st_nm_kr": "죽당", "comment": "-", "rail_code": "sr", "id_lines": "수려선", "filter": "구역3:경부선의 동북부 지역 철도", "check_db": "김종혁", "st_nm_kj": "竹堂", "st_nm_mr": "Chuktang", "st_nm_rmj": "Chikudō" }, "geometry": null },
{ "type": "Feature", "properties": { "fid": 584, "OBJECTID": 584, "st_id": "sr_018", "st_nm_kr": "매류", "comment": "-", "rail_code": "sr", "id_lines": "수려선", "filter": "구역3:경부선의 동북부 지역 철도", "check_db": "김종혁", "st_nm_kj": "梅柳", "st_nm_mr": "Maeryu", "st_nm_rmj": "Bairyū" }, "geometry": null },
{ "type": "Feature", "properties": { "fid": 585, "OBJECTID": 585, "st_id": "sr_019", "st_nm_kr": "신대", "comment": "-", "rail_code": "sr", "id_lines": "수려선", "filter": "구역3:경부선의 동북부 지역 철도", "check_db": "김종혁", "st_nm_kj": "新垈", "st_nm_mr": "Sindae", "st_nm_rmj": "Shintai" }, "geometry": null },
{ "type": "Feature", "properties": { "fid": 586, "OBJECTID": 586, "st_id": "sr_020", "st_nm_kr": "여주", "comment": "-", "rail_code": "sr", "id_lines": "수려선", "filter": "구역3:경부선의 동북부 지역 철도", "check_db": "김종혁", "st_nm_kj": "旧驪州", "st_nm_mr": "Yŏju", "st_nm_rmj": "Kyūrishū" }, "geometry": null },
{ "type": "Feature", "properties": { "fid": 587, "OBJECTID": 587, "st_id": "si_001", "st_nm_kr": "수원", "comment": "-", "rail_code": "si", "id_lines": "수인선", "filter": "구역2:경부선의 서남부 지역 철도", "check_db": "김종혁", "st_nm_kj": "水原", "st_nm_mr": "Suwŏn", "st_nm_rmj": "Suigen" }, "geometry": { "type": "Point", "coordinates": [ 126.9996000000001, 37.2664 ] } },
{ "type": "Feature", "properties": { "fid": 588, "OBJECTID": 588, "st_id": "si_002", "st_nm_kr": "고색", "comment": "-", "rail_code": "si", "id_lines": "수인선", "filter": "구역2:경부선의 서남부 지역 철도", "check_db": "김종혁", "st_nm_kj": "古索", "st_nm_mr": "Kosaek", "st_nm_rmj": "Kosaku" }, "geometry": null },
{ "type": "Feature", "properties": { "fid": 589, "OBJECTID": 589, "st_id": "si_003", "st_nm_kr": "어천", "comment": "-", "rail_code": "si", "id_lines": "수인선", "filter": "구역2:경부선의 서남부 지역 철도", "check_db": "김종혁", "st_nm_kj": "漁川", "st_nm_mr": "Ŏch'ŏn", "st_nm_rmj": "Gyosen" }, "geometry": null },
{ "type": "Feature", "properties": { "fid": 590, "OBJECTID": 590, "st_id": "si_004", "st_nm_kr": "일리", "comment": "-", "rail_code": "si", "id_lines": "수인선", "filter": "구역2:경부선의 서남부 지역 철도", "check_db": "김종혁", "st_nm_kj": "一里", "st_nm_mr": "Illi", "st_nm_rmj": "Itsuri" }, "geometry": null },
{ "type": "Feature", "properties": { "fid": 591, "OBJECTID": 591, "st_id": "si_005", "st_nm_kr": "원곡", "comment": "-", "rail_code": "si", "id_lines": "수인선", "filter": "구역2:경부선의 서남부 지역 철도", "check_db": "김종혁", "st_nm_kj": "元谷", "st_nm_mr": "Wŏn'gok", "st_nm_rmj": "Genkoku" }, "geometry": null },
{ "type": "Feature", "properties": { "fid": 592, "OBJECTID": 592, "st_id": "si_006", "st_nm_kr": "군자", "comment": "-", "rail_code": "si", "id_lines": "수인선", "filter": "구역2:경부선의 서남부 지역 철도", "check_db": "김종혁", "st_nm_kj": "君子", "st_nm_mr": "Kunja", "st_nm_rmj": "Kunshi" }, "geometry": null },
{ "type": "Feature", "properties": { "fid": 593, "OBJECTID": 593, "st_id": "si_007", "st_nm_kr": "소래", "comment": "-", "rail_code": "si", "id_lines": "수인선", "filter": "구역2:경부선의 서남부 지역 철도", "check_db": "김종혁", "st_nm_kj": "蘇萊", "st_nm_mr": "Sorae", "st_nm_rmj": "Sorai" }, "geometry": null },
{ "type": "Feature", "properties": { "fid": 594, "OBJECTID": 594, "st_id": "si_008", "st_nm_kr": "남동", "comment": "-", "rail_code": "si", "id_lines": "수인선", "filter": "구역2:경부선의 서남부 지역 철도", "check_db": "김종혁", "st_nm_kj": "南洞", "st_nm_mr": "Namdong", "st_nm_rmj": "Nantō" }, "geometry": null },
{ "type": "Feature", "properties": { "fid": 595, "OBJECTID": 595, "st_id": "si_009", "st_nm_kr": "송도", "comment": "-", "rail_code": "si", "id_lines": "수인선", "filter": "구역2:경부선의 서남부 지역 철도", "check_db": "김종혁", "st_nm_kj": "松島", "st_nm_mr": "Songdo", "st_nm_rmj": "Matsushima" }, "geometry": null },
{ "type": "Feature", "properties": { "fid": 596, "OBJECTID": 596, "st_id": "si_010", "st_nm_kr": "인천항", "comment": "-", "rail_code": "si", "id_lines": "수인선", "filter": "구역2:경부선의 서남부 지역 철도", "check_db": "김종혁", "st_nm_kj": "仁川港", "st_nm_mr": "Inch'ŏnhang", "st_nm_rmj": "Jinsenkō" }, "geometry": { "type": "Point", "coordinates": [ 126.62860000000012, 37.4648 ] } },
{ "type": "Feature", "properties": { "fid": 597, "OBJECTID": 597, "st_id": "kc_002", "st_nm_kr": "연촌", "comment": "-", "rail_code": "kc", "id_lines": "경춘선", "filter": "구역5:경원선 및 관련 지선", "check_db": "김종혁", "st_nm_kj": "硯村", "st_nm_mr": "Yŏnch'on", "st_nm_rmj": "Genson" }, "geometry": { "type": "Point", "coordinates": [ 127.0595, 37.6307 ] } },
{ "type": "Feature", "properties": { "fid": 598, "OBJECTID": 598, "st_id": "kc_003", "st_nm_kr": "퇴계원", "comment": "-", "rail_code": "kc", "id_lines": "경춘선", "filter": "구역5:경원선 및 관련 지선", "check_db": "김종혁", "st_nm_kj": "退渓院", "st_nm_mr": "T'oegyewŏn", "st_nm_rmj": "Taikeiin" }, "geometry": null },
{ "type": "Feature", "properties": { "fid": 599, "OBJECTID": 599, "st_id": "kc_004", "st_nm_kr": "금곡리", "comment": "-", "rail_code": "kc", "id_lines": "경춘선", "filter": "구역5:경원선 및 관련 지선", "check_db": "김종혁", "st_nm_kj": "金谷里", "st_nm_mr": "Kŭmgongni", "st_nm_rmj": "Kinkokuri" }, "geometry": null },
{ "type": "Feature", "properties": { "fid": 600, "OBJECTID": 600, "st_id": "kc_005", "st_nm_kr": "마석", "comment": "-", "rail_code": "kc", "id_lines": "경춘선", "filter": "구역5:경원선 및 관련 지선", "check_db": "김종혁", "st_nm_kj": "磨石", "st_nm_mr": "Masŏk", "st_nm_rmj": "Maseki" }, "geometry": null },
{ "type": "Feature", "properties": { "fid": 601, "OBJECTID": 601, "st_id": "kc_006", "st_nm_kr": "청평", "comment": "-", "rail_code": "kc", "id_lines": "경춘선", "filter": "구역5:경원선 및 관련 지선", "check_db": "김종혁", "st_nm_kj": "清平", "st_nm_mr": "Ch'ŏngp'yŏng", "st_nm_rmj": "Seihei" }, "geometry": null },
{ "type": "Feature", "properties": { "fid": 602, "OBJECTID": 602, "st_id": "kc_007", "st_nm_kr": "가평", "comment": "-", "rail_code": "kc", "id_lines": "경춘선", "filter": "구역5:경원선 및 관련 지선", "check_db": "김종혁", "st_nm_kj": "加平", "st_nm_mr": "Kap'yŏng", "st_nm_rmj": "Kahei" }, "geometry": null },
{ "type": "Feature", "properties": { "fid": 603, "OBJECTID": 603, "st_id": "kc_008", "st_nm_kr": "춘천", "comment": "-", "rail_code": "kc", "id_lines": "경춘선", "filter": "구역5:경원선 및 관련 지선", "check_db": "김종혁", "st_nm_kj": "春川", "st_nm_mr": "Ch'unch'ŏn", "st_nm_rmj": "Shunsen" }, "geometry": null },
{ "type": "Feature", "properties": { "fid": 604, "OBJECTID": 604, "st_id": "kc_001", "st_nm_kr": "성동", "comment": "-", "rail_code": "kc", "id_lines": "경춘선", "filter": "구역5:경원선 및 관련 지선", "check_db": "김종혁", "st_nm_kj": "城東", "st_nm_mr": "Sŏngdong", "st_nm_rmj": "Jōtō" }, "geometry": null },
{ "type": "Feature", "properties": { "fid": 605, "OBJECTID": 605, "st_id": "gg_001", "st_nm_kr": "천안", "comment": "-", "rail_code": "gg", "id_lines": "경기선", "filter": "구역3:경부선의 동북부 지역 철도", "check_db": "김종혁", "st_nm_kj": "天安", "st_nm_mr": "Ch'ŏnan", "st_nm_rmj": "Ten'an" }, "geometry": { "type": "Point", "coordinates": [ 127.1469, 36.8091 ] } },
{ "type": "Feature", "properties": { "fid": 606, "OBJECTID": 606, "st_id": "gg_002", "st_nm_kr": "석교", "comment": "-", "rail_code": "gg", "id_lines": "경기선", "filter": "구역3:경부선의 동북부 지역 철도", "check_db": "김종혁", "st_nm_kj": "石橋", "st_nm_mr": "Sŏkkyo", "st_nm_rmj": "Sekikyō" }, "geometry": { "type": "Point", "coordinates": [ 127.1856, 36.8562 ] } },
{ "type": "Feature", "properties": { "fid": 607, "OBJECTID": 607, "st_id": "gg_003", "st_nm_kr": "입장", "comment": "-", "rail_code": "gg", "id_lines": "경기선", "filter": "구역3:경부선의 동북부 지역 철도", "check_db": "김종혁", "st_nm_kj": "笠場", "st_nm_mr": "Ipchang", "st_nm_rmj": "Ryūjō" }, "geometry": { "type": "Point", "coordinates": [ 127.2105, 36.9121 ] } },
{ "type": "Feature", "properties": { "fid": 608, "OBJECTID": 608, "st_id": "gg_004", "st_nm_kr": "고지", "comment": "-", "rail_code": "gg", "id_lines": "경기선", "filter": "구역3:경부선의 동북부 지역 철도", "check_db": "김종혁", "st_nm_kj": "古池", "st_nm_mr": "Koji", "st_nm_rmj": "Kochi" }, "geometry": { "type": "Point", "coordinates": [ 127.2137, 36.9593 ] } },
{ "type": "Feature", "properties": { "fid": 609, "OBJECTID": 609, "st_id": "gg_005", "st_nm_kr": "미양", "comment": "-", "rail_code": "gg", "id_lines": "경기선", "filter": "구역3:경부선의 동북부 지역 철도", "check_db": "김종혁", "st_nm_kj": "薇陽", "st_nm_mr": "Miyang", "st_nm_rmj": "Miyō" }, "geometry": { "type": "Point", "coordinates": [ 127.2176, 36.979599999000072 ] } },
{ "type": "Feature", "properties": { "fid": 610, "OBJECTID": 610, "st_id": "gg_006", "st_nm_kr": "안성", "comment": "-", "rail_code": "gg", "id_lines": "경기선", "filter": "구역3:경부선의 동북부 지역 철도", "check_db": "김종혁", "st_nm_kj": "安城", "st_nm_mr": "Ansŏng", "st_nm_rmj": "Ansei" }, "geometry": { "type": "Point", "coordinates": [ 127.2642, 37.008300001000066 ] } },
{ "type": "Feature", "properties": { "fid": 611, "OBJECTID": 611, "st_id": "gg_007", "st_nm_kr": "안성읍내", "comment": "-", "rail_code": "gg", "id_lines": "경기선", "filter": "구역3:경부선의 동북부 지역 철도", "check_db": "김종혁", "st_nm_kj": "安城邑內", "st_nm_mr": "Ansŏngŭmnae", "st_nm_rmj": "Anseiōnai" }, "geometry": { "type": "Point", "coordinates": [ 127.2742, 37.002800001000026 ] } },
{ "type": "Feature", "properties": { "fid": 612, "OBJECTID": 612, "st_id": "gg_008", "st_nm_kr": "마전", "comment": "-", "rail_code": "gg", "id_lines": "경기선", "filter": "구역3:경부선의 동북부 지역 철도", "check_db": "김종혁", "st_nm_kj": "麻田", "st_nm_mr": "Majŏn", "st_nm_rmj": "Maden" }, "geometry": { "type": "Point", "coordinates": [ 127.336500000000115, 37.0331 ] } },
{ "type": "Feature", "properties": { "fid": 613, "OBJECTID": 613, "st_id": "gg_009", "st_nm_kr": "삼죽", "comment": "-", "rail_code": "gg", "id_lines": "경기선", "filter": "구역3:경부선의 동북부 지역 철도", "check_db": "김종혁", "st_nm_kj": "三竹", "st_nm_mr": "Samjuk", "st_nm_rmj": "Sanchiku" }, "geometry": { "type": "Point", "coordinates": [ 127.3674, 37.064300001000049 ] } },
{ "type": "Feature", "properties": { "fid": 614, "OBJECTID": 614, "st_id": "gg_010", "st_nm_kr": "용월", "comment": "-", "rail_code": "gg", "id_lines": "경기선", "filter": "구역3:경부선의 동북부 지역 철도", "check_db": "김종혁", "st_nm_kj": "龍月", "st_nm_mr": "Yongwŏl", "st_nm_rmj": "Ryōgetsu" }, "geometry": { "type": "Point", "coordinates": [ 127.3908, 37.081499999000073 ] } },
{ "type": "Feature", "properties": { "fid": 615, "OBJECTID": 615, "st_id": "gg_011", "st_nm_kr": "죽산", "comment": "-", "rail_code": "gg", "id_lines": "경기선", "filter": "구역3:경부선의 동북부 지역 철도", "check_db": "김종혁", "st_nm_kj": "竹山", "st_nm_mr": "Chuksan", "st_nm_rmj": "Chikuzan" }, "geometry": { "type": "Point", "coordinates": [ 127.412, 37.07399999900008 ] } },
{ "type": "Feature", "properties": { "fid": 616, "OBJECTID": 616, "st_id": "gg_012", "st_nm_kr": "죽산읍내", "comment": "-", "rail_code": "gg", "id_lines": "경기선", "filter": "구역3:경부선의 동북부 지역 철도", "check_db": "김종혁", "st_nm_kj": "竹山邑内", "st_nm_mr": "Chuksanŭmnae", "st_nm_rmj": "Chikuzanōnai" }, "geometry": { "type": "Point", "coordinates": [ 127.4241, 37.075300001000073 ] } },
{ "type": "Feature", "properties": { "fid": 617, "OBJECTID": 617, "st_id": "gg_013", "st_nm_kr": "매산", "comment": "-", "rail_code": "gg", "id_lines": "경기선", "filter": "구역3:경부선의 동북부 지역 철도", "check_db": "김종혁", "st_nm_kj": "梅山", "st_nm_mr": "Maesan", "st_nm_rmj": "Maisan" }, "geometry": { "type": "Point", "coordinates": [ 127.44110000000012, 37.0976 ] } },
{ "type": "Feature", "properties": { "fid": 618, "OBJECTID": 618, "st_id": "gg_014", "st_nm_kr": "주천", "comment": "-", "rail_code": "gg", "id_lines": "경기선", "filter": "구역3:경부선의 동북부 지역 철도", "check_db": "김종혁", "st_nm_kj": "注川", "st_nm_mr": "Chuch'ŏn", "st_nm_rmj": "Shusen" }, "geometry": { "type": "Point", "coordinates": [ 127.4889, 37.1044 ] } },
{ "type": "Feature", "properties": { "fid": 619, "OBJECTID": 619, "st_id": "db_017", "st_nm_kr": "문암", "comment": "-", "rail_code": "db", "id_lines": "동해북부선", "filter": "구역5:경원선 및 관련 지선", "check_db": "김종혁", "st_nm_kj": "文岩", "st_nm_mr": "Munam", "st_nm_rmj": "Bungan" }, "geometry": null },
{ "type": "Feature", "properties": { "fid": 620, "OBJECTID": 620, "st_id": "db_018", "st_nm_kr": "속초", "comment": "-", "rail_code": "db", "id_lines": "동해북부선", "filter": "구역5:경원선 및 관련 지선", "check_db": "김종혁", "st_nm_kj": "束草", "st_nm_mr": "Sokch'o", "st_nm_rmj": "Sokusō" }, "geometry": null },
{ "type": "Feature", "properties": { "fid": 621, "OBJECTID": 621, "st_id": "db_019", "st_nm_kr": "낙산사", "comment": "-", "rail_code": "db", "id_lines": "동해북부선", "filter": "구역5:경원선 및 관련 지선", "check_db": "김종혁", "st_nm_kj": "洛山寺", "st_nm_mr": "Naksansa", "st_nm_rmj": "Rakuzanji" }, "geometry": null },
{ "type": "Feature", "properties": { "fid": 622, "OBJECTID": 622, "st_id": "db_020", "st_nm_kr": "양양", "comment": "-", "rail_code": "db", "id_lines": "동해북부선", "filter": "구역5:경원선 및 관련 지선", "check_db": "김종혁", "st_nm_kj": "襄陽", "st_nm_mr": "Yangyang", "st_nm_rmj": "Jōyō" }, "geometry": null },
{ "type": "Feature", "properties": { "fid": 623, "OBJECTID": 623, "st_id": "ssc_002", "st_nm_kr": "북평", "comment": "-", "rail_code": "ssc", "id_lines": "삼척철도선", "filter": "구역3:경부선의 동북부 지역 철도", "check_db": "김종혁", "st_nm_kj": "北坪", "st_nm_mr": "Pukp'yŏng", "st_nm_rmj": "Hokuhei" }, "geometry": null },
{ "type": "Feature", "properties": { "fid": 624, "OBJECTID": 624, "st_id": "ssc_003", "st_nm_kr": "도경리", "comment": "-", "rail_code": "ssc", "id_lines": "삼척철도선", "filter": "구역3:경부선의 동북부 지역 철도", "check_db": "김종혁", "st_nm_kj": "桃京里", "st_nm_mr": "Togyŏngni", "st_nm_rmj": "Tōkyōri" }, "geometry": null },
{ "type": "Feature", "properties": { "fid": 625, "OBJECTID": 625, "st_id": "ssc_004", "st_nm_kr": "미로", "comment": "-", "rail_code": "ssc", "id_lines": "삼척철도선", "filter": "구역3:경부선의 동북부 지역 철도", "check_db": "김종혁", "st_nm_kj": "未老", "st_nm_mr": "Miro", "st_nm_rmj": "Mirō" }, "geometry": null },
{ "type": "Feature", "properties": { "fid": 626, "OBJECTID": 626, "st_id": "ssc_005", "st_nm_kr": "상정", "comment": "-", "rail_code": "ssc", "id_lines": "삼척철도선", "filter": "구역3:경부선의 동북부 지역 철도", "check_db": "김종혁", "st_nm_kj": "上鼎", "st_nm_mr": "Sangjŏng", "st_nm_rmj": "Shanchō" }, "geometry": null },
{ "type": "Feature", "properties": { "fid": 627, "OBJECTID": 627, "st_id": "ssc_006", "st_nm_kr": "신기", "comment": "-", "rail_code": "ssc", "id_lines": "삼척철도선", "filter": "구역3:경부선의 동북부 지역 철도", "check_db": "김종혁", "st_nm_kj": "新基", "st_nm_mr": "Sin'gi", "st_nm_rmj": "Shinki" }, "geometry": null },
{ "type": "Feature", "properties": { "fid": 628, "OBJECTID": 628, "st_id": "ssc_007", "st_nm_kr": "마차리", "comment": "-", "rail_code": "ssc", "id_lines": "삼척철도선", "filter": "구역3:경부선의 동북부 지역 철도", "check_db": "김종혁", "st_nm_kj": "馬次里", "st_nm_mr": "Mach'ari", "st_nm_rmj": "Majiri" }, "geometry": null },
{ "type": "Feature", "properties": { "fid": 629, "OBJECTID": 629, "st_id": "ssc_008", "st_nm_kr": "하고사리", "comment": "-", "rail_code": "ssc", "id_lines": "삼척철도선", "filter": "구역3:경부선의 동북부 지역 철도", "check_db": "김종혁", "st_nm_kj": "下古士里", "st_nm_mr": "Hagosari", "st_nm_rmj": "Kakoshiri" }, "geometry": null },
{ "type": "Feature", "properties": { "fid": 630, "OBJECTID": 630, "st_id": "ssc_009", "st_nm_kr": "고사리", "comment": "-", "rail_code": "ssc", "id_lines": "삼척철도선", "filter": "구역3:경부선의 동북부 지역 철도", "check_db": "김종혁", "st_nm_kj": "古士里", "st_nm_mr": "Kosari", "st_nm_rmj": "Koshiri" }, "geometry": null },
{ "type": "Feature", "properties": { "fid": 631, "OBJECTID": 631, "st_id": "ssc_010", "st_nm_kr": "도계", "comment": "-", "rail_code": "ssc", "id_lines": "삼척철도선", "filter": "구역3:경부선의 동북부 지역 철도", "check_db": "김종혁", "st_nm_kj": "道溪", "st_nm_mr": "Togye", "st_nm_rmj": "Dōkei" }, "geometry": null },
{ "type": "Feature", "properties": { "fid": 632, "OBJECTID": 632, "st_id": "ssc_001", "st_nm_kr": "묵호항", "comment": "-", "rail_code": "ssc", "id_lines": "삼척철도선", "filter": "구역3:경부선의 동북부 지역 철도", "check_db": "김종혁", "st_nm_kj": "墨湖港", "st_nm_mr": "Mukhohang", "st_nm_rmj": "Mokkokō" }, "geometry": null },
{ "type": "Feature", "properties": { "fid": 633, "OBJECTID": 633, "st_id": "hn_001", "st_nm_kr": "대전", "comment": "-", "rail_code": "hn", "id_lines": "호남선", "filter": "구역2:경부선의 서남부 지역 철도", "check_db": "김종혁", "st_nm_kj": "大田", "st_nm_mr": "Taejŏn", "st_nm_rmj": "Taiden" }, "geometry": { "type": "Point", "coordinates": [ 127.4341, 36.332 ] } },
{ "type": "Feature", "properties": { "fid": 634, "OBJECTID": 634, "st_id": "hn_002", "st_nm_kr": "서대전", "comment": "-", "rail_code": "hn", "id_lines": "호남선", "filter": "구역2:경부선의 서남부 지역 철도", "check_db": "김종혁", "st_nm_kj": "西大田", "st_nm_mr": "Sŏdaejŏn", "st_nm_rmj": "Nishitaiden" }, "geometry": { "type": "Point", "coordinates": [ 127.4027, 36.3223 ] } },
{ "type": "Feature", "properties": { "fid": 635, "OBJECTID": 635, "st_id": "hn_003", "st_nm_kr": "가수원", "comment": "-", "rail_code": "hn", "id_lines": "호남선", "filter": "구역2:경부선의 서남부 지역 철도", "check_db": "김종혁", "st_nm_kj": "佳水院", "st_nm_mr": "Kasuwŏn", "st_nm_rmj": "Kasuiin" }, "geometry": { "type": "Point", "coordinates": [ 127.3574, 36.29659999900008 ] } },
{ "type": "Feature", "properties": { "fid": 636, "OBJECTID": 636, "st_id": "hn_004", "st_nm_kr": "흑석리", "comment": "-", "rail_code": "hn", "id_lines": "호남선", "filter": "구역2:경부선의 서남부 지역 철도", "check_db": "김종혁", "st_nm_kj": "黒石里", "st_nm_mr": "Hŭksŏngni", "st_nm_rmj": "Kokusekiri" }, "geometry": { "type": "Point", "coordinates": [ 127.3394, 36.256899999000041 ] } },
{ "type": "Feature", "properties": { "fid": 637, "OBJECTID": 637, "st_id": "hn_005", "st_nm_kr": "두계", "comment": "-", "rail_code": "hn", "id_lines": "호남선", "filter": "구역2:경부선의 서남부 지역 철도", "check_db": "김종혁", "st_nm_kj": "豆溪", "st_nm_mr": "Tugye", "st_nm_rmj": "Tōkei" }, "geometry": { "type": "Point", "coordinates": [ 127.2666, 36.27229999900004 ] } },
{ "type": "Feature", "properties": { "fid": 638, "OBJECTID": 638, "st_id": "hn_006", "st_nm_kr": "연산", "comment": "-", "rail_code": "hn", "id_lines": "호남선", "filter": "구역2:경부선의 서남부 지역 철도", "check_db": "김종혁", "st_nm_kj": "連山", "st_nm_mr": "Yŏnsan", "st_nm_rmj": "Renzan" }, "geometry": { "type": "Point", "coordinates": [ 127.1965, 36.2104 ] } },
{ "type": "Feature", "properties": { "fid": 639, "OBJECTID": 639, "st_id": "hn_007", "st_nm_kr": "논산", "comment": "-", "rail_code": "hn", "id_lines": "호남선", "filter": "구역2:경부선의 서남부 지역 철도", "check_db": "김종혁", "st_nm_kj": "論山", "st_nm_mr": "Nonsan", "st_nm_rmj": "Ronzan" }, "geometry": { "type": "Point", "coordinates": [ 127.0898, 36.205399999000065 ] } },
{ "type": "Feature", "properties": { "fid": 640, "OBJECTID": 640, "st_id": "hn_008", "st_nm_kr": "강경", "comment": "-", "rail_code": "hn", "id_lines": "호남선", "filter": "구역2:경부선의 서남부 지역 철도", "check_db": "김종혁", "st_nm_kj": "江景", "st_nm_mr": "Kanggyŏng", "st_nm_rmj": "Kōkei" }, "geometry": { "type": "Point", "coordinates": [ 127.0134, 36.152100001000065 ] } },
{ "type": "Feature", "properties": { "fid": 641, "OBJECTID": 641, "st_id": "hn_009", "st_nm_kr": "함열", "comment": "-", "rail_code": "hn", "id_lines": "호남선", "filter": "구역2:경부선의 서남부 지역 철도", "check_db": "김종혁", "st_nm_kj": "咸悅", "st_nm_mr": "Hamyŏl", "st_nm_rmj": "Kanetsu" }, "geometry": { "type": "Point", "coordinates": [ 126.957000000000107, 36.0792 ] } },
{ "type": "Feature", "properties": { "fid": 642, "OBJECTID": 642, "st_id": "hn_010", "st_nm_kr": "황등", "comment": "-", "rail_code": "hn", "id_lines": "호남선", "filter": "구역2:경부선의 서남부 지역 철도", "check_db": "김종혁", "st_nm_kj": "黄登", "st_nm_mr": "Hwangdŭng", "st_nm_rmj": "Kōgō" }, "geometry": { "type": "Point", "coordinates": [ 126.9427, 35.9999 ] } },
{ "type": "Feature", "properties": { "fid": 643, "OBJECTID": 643, "st_id": "hn_011", "st_nm_kr": "이리", "comment": "-", "rail_code": "hn", "id_lines": "호남선", "filter": "구역2:경부선의 서남부 지역 철도", "check_db": "김종혁", "st_nm_kj": "裡里", "st_nm_mr": "Iri", "st_nm_rmj": "Riri" }, "geometry": { "type": "Point", "coordinates": [ 126.9455, 35.940300001000026 ] } },
{ "type": "Feature", "properties": { "fid": 644, "OBJECTID": 644, "st_id": "hn_012", "st_nm_kr": "부용", "comment": "-", "rail_code": "hn", "id_lines": "호남선", "filter": "구역2:경부선의 서남부 지역 철도", "check_db": "김종혁", "st_nm_kj": "芙蓉", "st_nm_mr": "Puyong", "st_nm_rmj": "Fuyō" }, "geometry": { "type": "Point", "coordinates": [ 126.9454, 35.8719 ] } },
{ "type": "Feature", "properties": { "fid": 645, "OBJECTID": 645, "st_id": "hn_013", "st_nm_kr": "김제", "comment": "-", "rail_code": "hn", "id_lines": "호남선", "filter": "구역2:경부선의 서남부 지역 철도", "check_db": "김종혁", "st_nm_kj": "金堤", "st_nm_mr": "Kimje", "st_nm_rmj": "Kintei" }, "geometry": { "type": "Point", "coordinates": [ 126.9033, 35.792300001000058 ] } },
{ "type": "Feature", "properties": { "fid": 646, "OBJECTID": 646, "st_id": "hn_014", "st_nm_kr": "신태인", "comment": "-", "rail_code": "hn", "id_lines": "호남선", "filter": "구역2:경부선의 서남부 지역 철도", "check_db": "김종혁", "st_nm_kj": "新泰仁", "st_nm_mr": "Sint'aein", "st_nm_rmj": "Shintaijin" }, "geometry": { "type": "Point", "coordinates": [ 126.8842, 35.6884 ] } },
{ "type": "Feature", "properties": { "fid": 647, "OBJECTID": 647, "st_id": "hn_015", "st_nm_kr": "정읍", "comment": "-", "rail_code": "hn", "id_lines": "호남선", "filter": "구역2:경부선의 서남부 지역 철도", "check_db": "김종혁", "st_nm_kj": "井邑", "st_nm_mr": "Chŏngŭp", "st_nm_rmj": "Seiyū" }, "geometry": { "type": "Point", "coordinates": [ 126.8423, 35.5766 ] } },
{ "type": "Feature", "properties": { "fid": 648, "OBJECTID": 648, "st_id": "hn_016", "st_nm_kr": "사가리", "comment": "-", "rail_code": "hn", "id_lines": "호남선", "filter": "구역2:경부선의 서남부 지역 철도", "check_db": "김종혁", "st_nm_kj": "四街里", "st_nm_mr": "Sagari", "st_nm_rmj": "Shigairi" }, "geometry": { "type": "Point", "coordinates": [ 126.8081, 35.4307 ] } },
{ "type": "Feature", "properties": { "fid": 649, "OBJECTID": 649, "st_id": "hn_017", "st_nm_kr": "신흥리", "comment": "-", "rail_code": "hn", "id_lines": "호남선", "filter": "구역2:경부선의 서남부 지역 철도", "check_db": "김종혁", "st_nm_kj": "新興里", "st_nm_mr": "Sinhŭngni", "st_nm_rmj": "Shinkyōri" }, "geometry": { "type": "Point", "coordinates": [ 126.8047, 35.3739 ] } },
{ "type": "Feature", "properties": { "fid": 650, "OBJECTID": 650, "st_id": "hn_018", "st_nm_kr": "장성", "comment": "-", "rail_code": "hn", "id_lines": "호남선", "filter": "구역2:경부선의 서남부 지역 철도", "check_db": "김종혁", "st_nm_kj": "長城", "st_nm_mr": "Changsŏng", "st_nm_rmj": "Chōjō" }, "geometry": { "type": "Point", "coordinates": [ 126.7797, 35.29969999900004 ] } },
{ "type": "Feature", "properties": { "fid": 651, "OBJECTID": 651, "st_id": "hn_019", "st_nm_kr": "임곡", "comment": "-", "rail_code": "hn", "id_lines": "호남선", "filter": "구역2:경부선의 서남부 지역 철도", "check_db": "김종혁", "st_nm_kj": "林谷", "st_nm_mr": "Imgok", "st_nm_rmj": "Rinkoku" }, "geometry": { "type": "Point", "coordinates": [ 126.7438, 35.218599999000048 ] } },
{ "type": "Feature", "properties": { "fid": 652, "OBJECTID": 652, "st_id": "hn_020", "st_nm_kr": "송정리", "comment": "-", "rail_code": "hn", "id_lines": "호남선", "filter": "구역2:경부선의 서남부 지역 철도", "check_db": "김종혁", "st_nm_kj": "松汀里", "st_nm_mr": "Songjŏngni", "st_nm_rmj": "Shōchōri" }, "geometry": { "type": "Point", "coordinates": [ 126.7906, 35.1381 ] } },
{ "type": "Feature", "properties": { "fid": 653, "OBJECTID": 653, "st_id": "hn_021", "st_nm_kr": "나주", "comment": "-", "rail_code": "hn", "id_lines": "호남선", "filter": "구역2:경부선의 서남부 지역 철도", "check_db": "김종혁", "st_nm_kj": "羅州", "st_nm_mr": "Naju", "st_nm_rmj": "Rashū" }, "geometry": { "type": "Point", "coordinates": [ 126.726500000000101, 35.0276 ] } },
{ "type": "Feature", "properties": { "fid": 654, "OBJECTID": 654, "st_id": "hn_022", "st_nm_kr": "영산포", "comment": "-", "rail_code": "hn", "id_lines": "호남선", "filter": "구역2:경부선의 서남부 지역 철도", "check_db": "김종혁", "st_nm_kj": "栄山浦", "st_nm_mr": "Yŏngsanp'o", "st_nm_rmj": "Eisanho" }, "geometry": { "type": "Point", "coordinates": [ 126.7062, 35.004899999000031 ] } },
{ "type": "Feature", "properties": { "fid": 655, "OBJECTID": 655, "st_id": "hn_023", "st_nm_kr": "다시", "comment": "-", "rail_code": "hn", "id_lines": "호남선", "filter": "구역2:경부선의 서남부 지역 철도", "check_db": "김종혁", "st_nm_kj": "多侍", "st_nm_mr": "Tasi", "st_nm_rmj": "Taji" }, "geometry": { "type": "Point", "coordinates": [ 126.641, 35.0167 ] } },
{ "type": "Feature", "properties": { "fid": 656, "OBJECTID": 656, "st_id": "hn_024", "st_nm_kr": "고막원", "comment": "-", "rail_code": "hn", "id_lines": "호남선", "filter": "구역2:경부선의 서남부 지역 철도", "check_db": "김종혁", "st_nm_kj": "古幕院", "st_nm_mr": "Komagwŏn", "st_nm_rmj": "Komakuin" }, "geometry": { "type": "Point", "coordinates": [ 126.5911, 35.031099999000048 ] } },
{ "type": "Feature", "properties": { "fid": 657, "OBJECTID": 657, "st_id": "hn_025", "st_nm_kr": "학교", "comment": "-", "rail_code": "hn", "id_lines": "호남선", "filter": "구역2:경부선의 서남부 지역 철도", "check_db": "김종혁", "st_nm_kj": "鶴橋", "st_nm_mr": "Hakkyo", "st_nm_rmj": "Kakukyō" }, "geometry": { "type": "Point", "coordinates": [ 126.5351, 35.014799999000047 ] } },
{ "type": "Feature", "properties": { "fid": 658, "OBJECTID": 658, "st_id": "hn_026", "st_nm_kr": "몽탄", "comment": "-", "rail_code": "hn", "id_lines": "호남선", "filter": "구역2:경부선의 서남부 지역 철도", "check_db": "김종혁", "st_nm_kj": "夢灘", "st_nm_mr": "Mongt'an", "st_nm_rmj": "Munan" }, "geometry": { "type": "Point", "coordinates": [ 126.5042, 34.929500001000065 ] } },
{ "type": "Feature", "properties": { "fid": 659, "OBJECTID": 659, "st_id": "hn_027", "st_nm_kr": "명산", "comment": "-", "rail_code": "hn", "id_lines": "호남선", "filter": "구역2:경부선의 서남부 지역 철도", "check_db": "김종혁", "st_nm_kj": "明山", "st_nm_mr": "Myŏngsan", "st_nm_rmj": "Meizan" }, "geometry": { "type": "Point", "coordinates": [ 126.5238, 34.89729999900004 ] } },
{ "type": "Feature", "properties": { "fid": 660, "OBJECTID": 660, "st_id": "hn_028", "st_nm_kr": "삼향", "comment": "-", "rail_code": "hn", "id_lines": "호남선", "filter": "구역2:경부선의 서남부 지역 철도", "check_db": "김종혁", "st_nm_kj": "三鄕", "st_nm_mr": "Samhyang", "st_nm_rmj": "Sankyō" }, "geometry": { "type": "Point", "coordinates": [ 126.495500000000106, 34.849300001000074 ] } },
{ "type": "Feature", "properties": { "fid": 661, "OBJECTID": 661, "st_id": "hn_029", "st_nm_kr": "임성리", "comment": "-", "rail_code": "hn", "id_lines": "호남선", "filter": "구역2:경부선의 서남부 지역 철도", "check_db": "김종혁", "st_nm_kj": "任城里", "st_nm_mr": "Imsŏngni", "st_nm_rmj": "Ninjōri" }, "geometry": { "type": "Point", "coordinates": [ 126.4343, 34.8202 ] } },
{ "type": "Feature", "properties": { "fid": 662, "OBJECTID": 662, "st_id": "hn_030", "st_nm_kr": "목포", "comment": "-", "rail_code": "hn", "id_lines": "호남선", "filter": "구역2:경부선의 서남부 지역 철도", "check_db": "김종혁", "st_nm_kj": "木浦", "st_nm_mr": "Mokp'o", "st_nm_rmj": "Moppo" }, "geometry": { "type": "Point", "coordinates": [ 126.3872, 34.790999999000064 ] } },
{ "type": "Feature", "properties": { "fid": 663, "OBJECTID": 663, "st_id": "jr_001", "st_nm_kr": "여수항", "comment": "-", "rail_code": "jr", "id_lines": "전라선", "filter": "구역2:경부선의 서남부 지역 철도", "check_db": "김종혁", "st_nm_kj": "麗水港", "st_nm_mr": "Yŏsuhang", "st_nm_rmj": "Reisuikō" }, "geometry": { "type": "Point", "coordinates": [ 127.7565, 34.742900001000066 ] } },
{ "type": "Feature", "properties": { "fid": 664, "OBJECTID": 664, "st_id": "jr_002", "st_nm_kr": "여수", "comment": "-", "rail_code": "jr", "id_lines": "전라선", "filter": "구역2:경부선의 서남부 지역 철도", "check_db": "김종혁", "st_nm_kj": "麗水", "st_nm_mr": "Yŏsu", "st_nm_rmj": "Reisui" }, "geometry": { "type": "Point", "coordinates": [ 127.7475, 34.747400001000074 ] } },
{ "type": "Feature", "properties": { "fid": 665, "OBJECTID": 665, "st_id": "jr_003", "st_nm_kr": "만성", "comment": "-", "rail_code": "jr", "id_lines": "전라선", "filter": "구역2:경부선의 서남부 지역 철도", "check_db": "김종혁", "st_nm_kj": "万聖", "st_nm_mr": "Mansŏng", "st_nm_rmj": "Mansei" }, "geometry": { "type": "Point", "coordinates": [ 127.7463, 34.7731 ] } },
{ "type": "Feature", "properties": { "fid": 666, "OBJECTID": 666, "st_id": "jr_004", "st_nm_kr": "미평", "comment": "-", "rail_code": "jr", "id_lines": "전라선", "filter": "구역2:경부선의 서남부 지역 철도", "check_db": "김종혁", "st_nm_kj": "美坪", "st_nm_mr": "Mip'yŏng", "st_nm_rmj": "Mihyō" }, "geometry": { "type": "Point", "coordinates": [ 127.706100000000106, 34.7664 ] } },
{ "type": "Feature", "properties": { "fid": 667, "OBJECTID": 667, "st_id": "jr_005", "st_nm_kr": "쌍봉", "comment": "-", "rail_code": "jr", "id_lines": "전라선", "filter": "구역2:경부선의 서남부 지역 철도", "check_db": "김종혁", "st_nm_kj": "雙鳳", "st_nm_mr": "Ssangbong", "st_nm_rmj": "Sōhō" }, "geometry": { "type": "Point", "coordinates": [ 127.6587, 34.7685 ] } },
{ "type": "Feature", "properties": { "fid": 668, "OBJECTID": 668, "st_id": "jr_006", "st_nm_kr": "덕양", "comment": "-", "rail_code": "jr", "id_lines": "전라선", "filter": "구역2:경부선의 서남부 지역 철도", "check_db": "김종혁", "st_nm_kj": "徳陽", "st_nm_mr": "Tŏgyang", "st_nm_rmj": "Tokuyō" }, "geometry": { "type": "Point", "coordinates": [ 127.6353, 34.798599999000032 ] } },
{ "type": "Feature", "properties": { "fid": 669, "OBJECTID": 669, "st_id": "jr_007", "st_nm_kr": "신풍", "comment": "-", "rail_code": "jr", "id_lines": "전라선", "filter": "구역2:경부선의 서남부 지역 철도", "check_db": "김종혁", "st_nm_kj": "新豊", "st_nm_mr": "Sinp'ung", "st_nm_rmj": "Shinhō" }, "geometry": { "type": "Point", "coordinates": [ 127.6147, 34.835000001000026 ] } },
{ "type": "Feature", "properties": { "fid": 670, "OBJECTID": 670, "st_id": "jr_008", "st_nm_kr": "율촌", "comment": "-", "rail_code": "jr", "id_lines": "전라선", "filter": "구역2:경부선의 서남부 지역 철도", "check_db": "김종혁", "st_nm_kj": "栗村", "st_nm_mr": "Yulch'on", "st_nm_rmj": "Risson" }, "geometry": { "type": "Point", "coordinates": [ 127.581, 34.8771 ] } },
{ "type": "Feature", "properties": { "fid": 671, "OBJECTID": 671, "st_id": "jr_009", "st_nm_kr": "성산", "comment": "-", "rail_code": "jr", "id_lines": "전라선", "filter": "구역2:경부선의 서남부 지역 철도", "check_db": "김종혁", "st_nm_kj": "星山", "st_nm_mr": "Sŏngsan", "st_nm_rmj": "Seisan" }, "geometry": { "type": "Point", "coordinates": [ 127.5474, 34.921499999000048 ] } },
{ "type": "Feature", "properties": { "fid": 672, "OBJECTID": 672, "st_id": "jr_010", "st_nm_kr": "순천", "comment": "-", "rail_code": "jr", "id_lines": "전라선", "filter": "구역2:경부선의 서남부 지역 철도", "check_db": "김종혁", "st_nm_kj": "順天", "st_nm_mr": "Sunch'ŏn", "st_nm_rmj": "Junten" }, "geometry": { "type": "Point", "coordinates": [ 127.5150000000001, 34.942500001000042 ] } },
{ "type": "Feature", "properties": { "fid": 673, "OBJECTID": 673, "st_id": "jr_011", "st_nm_kr": "동순천", "comment": "-", "rail_code": "jr", "id_lines": "전라선", "filter": "구역2:경부선의 서남부 지역 철도", "check_db": "김종혁", "st_nm_kj": "東順天", "st_nm_mr": "Tongsunch'ŏn", "st_nm_rmj": "Tōjunten" }, "geometry": { "type": "Point", "coordinates": [ 127.4924, 34.9538 ] } },
{ "type": "Feature", "properties": { "fid": 674, "OBJECTID": 674, "st_id": "jr_012", "st_nm_kr": "학구", "comment": "-", "rail_code": "jr", "id_lines": "전라선", "filter": "구역2:경부선의 서남부 지역 철도", "check_db": "김종혁", "st_nm_kj": "鶴口", "st_nm_mr": "Hakku", "st_nm_rmj": "Kakukō" }, "geometry": null },
{ "type": "Feature", "properties": { "fid": 675, "OBJECTID": 675, "st_id": "jr_013", "st_nm_kr": "괴목", "comment": "-", "rail_code": "jr", "id_lines": "전라선", "filter": "구역2:경부선의 서남부 지역 철도", "check_db": "김종혁", "st_nm_kj": "槐木", "st_nm_mr": "Koemok", "st_nm_rmj": "Kaimoku" }, "geometry": null },
{ "type": "Feature", "properties": { "fid": 676, "OBJECTID": 676, "st_id": "jr_014", "st_nm_kr": "구례구", "comment": "-", "rail_code": "jr", "id_lines": "전라선", "filter": "구역2:경부선의 서남부 지역 철도", "check_db": "김종혁", "st_nm_kj": "求礼口", "st_nm_mr": "Kuryegu", "st_nm_rmj": "Ureijichi" }, "geometry": null },
{ "type": "Feature", "properties": { "fid": 677, "OBJECTID": 677, "st_id": "jr_015", "st_nm_kr": "압록", "comment": "-", "rail_code": "jr", "id_lines": "전라선", "filter": "구역2:경부선의 서남부 지역 철도", "check_db": "김종혁", "st_nm_kj": "鴨緑", "st_nm_mr": "Amnok", "st_nm_rmj": "Ōryoku" }, "geometry": null },
{ "type": "Feature", "properties": { "fid": 678, "OBJECTID": 678, "st_id": "jr_016", "st_nm_kr": "침곡", "comment": "-", "rail_code": "jr", "id_lines": "전라선", "filter": "구역2:경부선의 서남부 지역 철도", "check_db": "김종혁", "st_nm_kj": "寢谷", "st_nm_mr": "Ch'imgok", "st_nm_rmj": "Shinkoku" }, "geometry": null },
{ "type": "Feature", "properties": { "fid": 679, "OBJECTID": 679, "st_id": "jr_017", "st_nm_kr": "곡성", "comment": "-", "rail_code": "jr", "id_lines": "전라선", "filter": "구역2:경부선의 서남부 지역 철도", "check_db": "김종혁", "st_nm_kj": "谷城", "st_nm_mr": "Koksŏng", "st_nm_rmj": "Kokujō" }, "geometry": null },
{ "type": "Feature", "properties": { "fid": 680, "OBJECTID": 680, "st_id": "jr_018", "st_nm_kr": "금지", "comment": "-", "rail_code": "jr", "id_lines": "전라선", "filter": "구역2:경부선의 서남부 지역 철도", "check_db": "김종혁", "st_nm_kj": "金池", "st_nm_mr": "Kŭmji", "st_nm_rmj": "Kinchi" }, "geometry": null },
{ "type": "Feature", "properties": { "fid": 681, "OBJECTID": 681, "st_id": "jr_019", "st_nm_kr": "주생", "comment": "-", "rail_code": "jr", "id_lines": "전라선", "filter": "구역2:경부선의 서남부 지역 철도", "check_db": "김종혁", "st_nm_kj": "周生", "st_nm_mr": "Chusaeng", "st_nm_rmj": "Shūsei" }, "geometry": null },
{ "type": "Feature", "properties": { "fid": 682, "OBJECTID": 682, "st_id": "jr_020", "st_nm_kr": "남원", "comment": "-", "rail_code": "jr", "id_lines": "전라선", "filter": "구역2:경부선의 서남부 지역 철도", "check_db": "김종혁", "st_nm_kj": "南原", "st_nm_mr": "Namwŏn", "st_nm_rmj": "Nangen" }, "geometry": null },
{ "type": "Feature", "properties": { "fid": 683, "OBJECTID": 683, "st_id": "jr_021", "st_nm_kr": "산성", "comment": "-", "rail_code": "jr", "id_lines": "전라선", "filter": "구역2:경부선의 서남부 지역 철도", "check_db": "김종혁", "st_nm_kj": "山城", "st_nm_mr": "Sansŏng", "st_nm_rmj": "Sanjō" }, "geometry": null },
{ "type": "Feature", "properties": { "fid": 684, "OBJECTID": 684, "st_id": "jr_022", "st_nm_kr": "서도", "comment": "-", "rail_code": "jr", "id_lines": "전라선", "filter": "구역2:경부선의 서남부 지역 철도", "check_db": "김종혁", "st_nm_kj": "書道", "st_nm_mr": "Sŏdo", "st_nm_rmj": "Shodō" }, "geometry": null },
{ "type": "Feature", "properties": { "fid": 685, "OBJECTID": 685, "st_id": "jr_023", "st_nm_kr": "오수", "comment": "-", "rail_code": "jr", "id_lines": "전라선", "filter": "구역2:경부선의 서남부 지역 철도", "check_db": "김종혁", "st_nm_kj": "獒樹", "st_nm_mr": "Osu", "st_nm_rmj": "Gōju" }, "geometry": null },
{ "type": "Feature", "properties": { "fid": 686, "OBJECTID": 686, "st_id": "jr_024", "st_nm_kr": "오류", "comment": "-", "rail_code": "jr", "id_lines": "전라선", "filter": "구역2:경부선의 서남부 지역 철도", "check_db": "김종혁", "st_nm_kj": "五柳", "st_nm_mr": "Oryu", "st_nm_rmj": "Goryū" }, "geometry": null },
{ "type": "Feature", "properties": { "fid": 687, "OBJECTID": 687, "st_id": "jr_025", "st_nm_kr": "임실", "comment": "-", "rail_code": "jr", "id_lines": "전라선", "filter": "구역2:경부선의 서남부 지역 철도", "check_db": "김종혁", "st_nm_kj": "任實", "st_nm_mr": "Imsil", "st_nm_rmj": "Ninjitsu" }, "geometry": null },
{ "type": "Feature", "properties": { "fid": 688, "OBJECTID": 688, "st_id": "jr_026", "st_nm_kr": "관촌", "comment": "-", "rail_code": "jr", "id_lines": "전라선", "filter": "구역2:경부선의 서남부 지역 철도", "check_db": "김종혁", "st_nm_kj": "館村", "st_nm_mr": "Kwanch'on", "st_nm_rmj": "Kanson" }, "geometry": null },
{ "type": "Feature", "properties": { "fid": 689, "OBJECTID": 689, "st_id": "jr_027", "st_nm_kr": "남관", "comment": "-", "rail_code": "jr", "id_lines": "전라선", "filter": "구역2:경부선의 서남부 지역 철도", "check_db": "김종혁", "st_nm_kj": "南關", "st_nm_mr": "Namgwan", "st_nm_rmj": "Nankan" }, "geometry": null },
{ "type": "Feature", "properties": { "fid": 690, "OBJECTID": 690, "st_id": "jr_028", "st_nm_kr": "신리", "comment": "-", "rail_code": "jr", "id_lines": "전라선", "filter": "구역2:경부선의 서남부 지역 철도", "check_db": "김종혁", "st_nm_kj": "新里", "st_nm_mr": "Silli", "st_nm_rmj": "Shinri" }, "geometry": null },
{ "type": "Feature", "properties": { "fid": 691, "OBJECTID": 691, "st_id": "jr_029", "st_nm_kr": "전주", "comment": "-", "rail_code": "jr", "id_lines": "전라선", "filter": "구역2:경부선의 서남부 지역 철도", "check_db": "김종혁", "st_nm_kj": "全州", "st_nm_mr": "Chŏnju", "st_nm_rmj": "Zenshū" }, "geometry": { "type": "Point", "coordinates": [ 127.1489, 35.8248 ] } },
{ "type": "Feature", "properties": { "fid": 692, "OBJECTID": 692, "st_id": "jr_030", "st_nm_kr": "덕진", "comment": "-", "rail_code": "jr", "id_lines": "전라선", "filter": "구역2:경부선의 서남부 지역 철도", "check_db": "김종혁", "st_nm_kj": "徳津", "st_nm_mr": "Tŏkchin", "st_nm_rmj": "Tokushi" }, "geometry": { "type": "Point", "coordinates": [ 127.122300000000109, 35.8464 ] } },
{ "type": "Feature", "properties": { "fid": 693, "OBJECTID": 693, "st_id": "jr_031", "st_nm_kr": "동산", "comment": "-", "rail_code": "jr", "id_lines": "전라선", "filter": "구역2:경부선의 서남부 지역 철도", "check_db": "김종혁", "st_nm_kj": "東山", "st_nm_mr": "Tongsan", "st_nm_rmj": "Tōzan" }, "geometry": { "type": "Point", "coordinates": [ 127.0833, 35.8771 ] } },
{ "type": "Feature", "properties": { "fid": 694, "OBJECTID": 694, "st_id": "jr_032", "st_nm_kr": "삼례", "comment": "-", "rail_code": "jr", "id_lines": "전라선", "filter": "구역2:경부선의 서남부 지역 철도", "check_db": "김종혁", "st_nm_kj": "参礼", "st_nm_mr": "Samnye", "st_nm_rmj": "Sanrei" }, "geometry": { "type": "Point", "coordinates": [ 127.0638, 35.907199999000056 ] } },
{ "type": "Feature", "properties": { "fid": 695, "OBJECTID": 695, "st_id": "jr_033", "st_nm_kr": "대장", "comment": "-", "rail_code": "jr", "id_lines": "전라선", "filter": "구역2:경부선의 서남부 지역 철도", "check_db": "김종혁", "st_nm_kj": "大場", "st_nm_mr": "Taejang", "st_nm_rmj": "Ōba" }, "geometry": { "type": "Point", "coordinates": [ 127.0047, 35.904100001000074 ] } },
{ "type": "Feature", "properties": { "fid": 696, "OBJECTID": 696, "st_id": "jr_034", "st_nm_kr": "구이리", "comment": "-", "rail_code": "jr", "id_lines": "전라선", "filter": "구역2:경부선의 서남부 지역 철도", "check_db": "김종혁", "st_nm_kj": "舊裡里", "st_nm_mr": "Kuiri", "st_nm_rmj": "Kyūriri" }, "geometry": { "type": "Point", "coordinates": [ 126.9614, 35.9276 ] } },
{ "type": "Feature", "properties": { "fid": 697, "OBJECTID": 697, "st_id": "jr_035", "st_nm_kr": "이리", "comment": "-", "rail_code": "jr", "id_lines": "전라선", "filter": "구역2:경부선의 서남부 지역 철도", "check_db": "김종혁", "st_nm_kj": "裡里", "st_nm_mr": "Iri", "st_nm_rmj": "Riri" }, "geometry": { "type": "Point", "coordinates": [ 126.9455, 35.940300001000026 ] } },
{ "type": "Feature", "properties": { "fid": 698, "OBJECTID": 698, "st_id": "dhn_001", "st_nm_kr": "부산", "comment": "-", "rail_code": "dhn", "id_lines": "동해남부선", "filter": "구역3:경부선의 동북부 지역 철도", "check_db": "김종혁", "st_nm_kj": "釜山", "st_nm_mr": "Pusan", "st_nm_rmj": "Fuzan" }, "geometry": { "type": "Point", "coordinates": [ 129.04, 35.114 ] } },
{ "type": "Feature", "properties": { "fid": 699, "OBJECTID": 699, "st_id": "dhn_002", "st_nm_kr": "초량", "comment": "-", "rail_code": "dhn", "id_lines": "동해남부선", "filter": "구역3:경부선의 동북부 지역 철도", "check_db": "김종혁", "st_nm_kj": "草梁", "st_nm_mr": "Ch'oryang", "st_nm_rmj": "Sōryō" }, "geometry": { "type": "Point", "coordinates": [ 129.0433, 35.12109999900008 ] } },
{ "type": "Feature", "properties": { "fid": 700, "OBJECTID": 700, "st_id": "dhn_003", "st_nm_kr": "부산진", "comment": "-", "rail_code": "dhn", "id_lines": "동해남부선", "filter": "구역3:경부선의 동북부 지역 철도", "check_db": "김종혁", "st_nm_kj": "釜山鎮", "st_nm_mr": "Pusanjin", "st_nm_rmj": "Fuzanchin" }, "geometry": { "type": "Point", "coordinates": [ 129.0486, 35.1274 ] } },
{ "type": "Feature", "properties": { "fid": 701, "OBJECTID": 701, "st_id": "dhn_004", "st_nm_kr": "서면", "comment": "-", "rail_code": "dhn", "id_lines": "동해남부선", "filter": "구역3:경부선의 동북부 지역 철도", "check_db": "김종혁", "st_nm_kj": "西面", "st_nm_mr": "Sŏmyŏn", "st_nm_rmj": "Saimen" }, "geometry": null },
{ "type": "Feature", "properties": { "fid": 702, "OBJECTID": 702, "st_id": "dhn_005", "st_nm_kr": "동래", "comment": "-", "rail_code": "dhn", "id_lines": "동해남부선", "filter": "구역3:경부선의 동북부 지역 철도", "check_db": "김종혁", "st_nm_kj": "東萊", "st_nm_mr": "Tongnae", "st_nm_rmj": "Tōrai" }, "geometry": null },
{ "type": "Feature", "properties": { "fid": 703, "OBJECTID": 703, "st_id": "dhn_006", "st_nm_kr": "수영", "comment": "-", "rail_code": "dhn", "id_lines": "동해남부선", "filter": "구역3:경부선의 동북부 지역 철도", "check_db": "김종혁", "st_nm_kj": "水営", "st_nm_mr": "Suyŏng", "st_nm_rmj": "Suiei" }, "geometry": null },
{ "type": "Feature", "properties": { "fid": 704, "OBJECTID": 704, "st_id": "dhn_007", "st_nm_kr": "해운대", "comment": "-", "rail_code": "dhn", "id_lines": "동해남부선", "filter": "구역3:경부선의 동북부 지역 철도", "check_db": "김종혁", "st_nm_kj": "海雲台", "st_nm_mr": "Haeundae", "st_nm_rmj": "Kaiundai" }, "geometry": null },
{ "type": "Feature", "properties": { "fid": 705, "OBJECTID": 705, "st_id": "dhn_008", "st_nm_kr": "송정", "comment": "-", "rail_code": "dhn", "id_lines": "동해남부선", "filter": "구역3:경부선의 동북부 지역 철도", "check_db": "김종혁", "st_nm_kj": "松亭", "st_nm_mr": "Songjŏng", "st_nm_rmj": "Shōtei" }, "geometry": null },
{ "type": "Feature", "properties": { "fid": 706, "OBJECTID": 706, "st_id": "dhn_009", "st_nm_kr": "기장", "comment": "-", "rail_code": "dhn", "id_lines": "동해남부선", "filter": "구역3:경부선의 동북부 지역 철도", "check_db": "김종혁", "st_nm_kj": "機張", "st_nm_mr": "Kijang", "st_nm_rmj": "Kichō" }, "geometry": null },
{ "type": "Feature", "properties": { "fid": 707, "OBJECTID": 707, "st_id": "dhn_010", "st_nm_kr": "삼성", "comment": "-", "rail_code": "dhn", "id_lines": "동해남부선", "filter": "구역3:경부선의 동북부 지역 철도", "check_db": "김종혁", "st_nm_kj": "三聖", "st_nm_mr": "Samsŏng", "st_nm_rmj": "Sansei" }, "geometry": null },
{ "type": "Feature", "properties": { "fid": 708, "OBJECTID": 708, "st_id": "dhn_011", "st_nm_kr": "좌천", "comment": "-", "rail_code": "dhn", "id_lines": "동해남부선", "filter": "구역3:경부선의 동북부 지역 철도", "check_db": "김종혁", "st_nm_kj": "佐川", "st_nm_mr": "Chwach'ŏn", "st_nm_rmj": "Sasen" }, "geometry": null },
{ "type": "Feature", "properties": { "fid": 709, "OBJECTID": 709, "st_id": "dhn_012", "st_nm_kr": "월내", "comment": "-", "rail_code": "dhn", "id_lines": "동해남부선", "filter": "구역3:경부선의 동북부 지역 철도", "check_db": "김종혁", "st_nm_kj": "月内", "st_nm_mr": "Wŏllae", "st_nm_rmj": "Getsunai" }, "geometry": null },
{ "type": "Feature", "properties": { "fid": 710, "OBJECTID": 710, "st_id": "dhn_013", "st_nm_kr": "남창", "comment": "-", "rail_code": "dhn", "id_lines": "동해남부선", "filter": "구역3:경부선의 동북부 지역 철도", "check_db": "김종혁", "st_nm_kj": "南倉", "st_nm_mr": "Namch'ang", "st_nm_rmj": "Nansō" }, "geometry": null },
{ "type": "Feature", "properties": { "fid": 711, "OBJECTID": 711, "st_id": "dhn_014", "st_nm_kr": "덕하", "comment": "-", "rail_code": "dhn", "id_lines": "동해남부선", "filter": "구역3:경부선의 동북부 지역 철도", "check_db": "김종혁", "st_nm_kj": "徳下", "st_nm_mr": "Tŏkha", "st_nm_rmj": "Tokuka" }, "geometry": null },
{ "type": "Feature", "properties": { "fid": 712, "OBJECTID": 712, "st_id": "dhn_015", "st_nm_kr": "울산", "comment": "-", "rail_code": "dhn", "id_lines": "동해남부선", "filter": "구역3:경부선의 동북부 지역 철도", "check_db": "김종혁", "st_nm_kj": "蔚山", "st_nm_mr": "Ulsan", "st_nm_rmj": "Urusan" }, "geometry": { "type": "Point", "coordinates": [ 129.3296, 35.555600001000073 ] } },
{ "type": "Feature", "properties": { "fid": 713, "OBJECTID": 713, "st_id": "dhn_016", "st_nm_kr": "병영", "comment": "-", "rail_code": "dhn", "id_lines": "동해남부선", "filter": "구역3:경부선의 동북부 지역 철도", "check_db": "김종혁", "st_nm_kj": "兵營", "st_nm_mr": "Pyŏngyŏng", "st_nm_rmj": "Heiei" }, "geometry": { "type": "Point", "coordinates": [ 129.3432, 35.565400001000057 ] } },
{ "type": "Feature", "properties": { "fid": 714, "OBJECTID": 714, "st_id": "dhn_017", "st_nm_kr": "호계", "comment": "-", "rail_code": "dhn", "id_lines": "동해남부선", "filter": "구역3:경부선의 동북부 지역 철도", "check_db": "김종혁", "st_nm_kj": "虎溪", "st_nm_mr": "Hogye", "st_nm_rmj": "Kokei" }, "geometry": { "type": "Point", "coordinates": [ 129.3561, 35.6195 ] } },
{ "type": "Feature", "properties": { "fid": 715, "OBJECTID": 715, "st_id": "dhn_018", "st_nm_kr": "모화", "comment": "-", "rail_code": "dhn", "id_lines": "동해남부선", "filter": "구역3:경부선의 동북부 지역 철도", "check_db": "김종혁", "st_nm_kj": "毛火", "st_nm_mr": "Mohwa", "st_nm_rmj": "Mōka" }, "geometry": { "type": "Point", "coordinates": [ 129.3381, 35.674799999000072 ] } },
{ "type": "Feature", "properties": { "fid": 716, "OBJECTID": 716, "st_id": "dhn_019", "st_nm_kr": "입실", "comment": "-", "rail_code": "dhn", "id_lines": "동해남부선", "filter": "구역3:경부선의 동북부 지역 철도", "check_db": "김종혁", "st_nm_kj": "入室", "st_nm_mr": "Ipsil", "st_nm_rmj": "Nyūshitsu" }, "geometry": { "type": "Point", "coordinates": [ 129.322500000000105, 35.715500001000066 ] } },
{ "type": "Feature", "properties": { "fid": 717, "OBJECTID": 717, "st_id": "dhn_020", "st_nm_kr": "불국사", "comment": "-", "rail_code": "dhn", "id_lines": "동해남부선", "filter": "구역3:경부선의 동북부 지역 철도", "check_db": "김종혁", "st_nm_kj": "佛國寺", "st_nm_mr": "Pulguksa", "st_nm_rmj": "Bukkokuji" }, "geometry": { "type": "Point", "coordinates": [ 129.301200000000108, 35.773 ] } },
{ "type": "Feature", "properties": { "fid": 718, "OBJECTID": 718, "st_id": "dhn_021", "st_nm_kr": "동방", "comment": "-", "rail_code": "dhn", "id_lines": "동해남부선", "filter": "구역3:경부선의 동북부 지역 철도", "check_db": "김종혁", "st_nm_kj": "東方", "st_nm_mr": "Tongbang", "st_nm_rmj": "Tōhō" }, "geometry": { "type": "Point", "coordinates": [ 129.2673, 35.7995 ] } },
{ "type": "Feature", "properties": { "fid": 719, "OBJECTID": 719, "st_id": "dhn_022", "st_nm_kr": "경주", "comment": "-", "rail_code": "dhn", "id_lines": "동해남부선", "filter": "구역3:경부선의 동북부 지역 철도", "check_db": "김종혁", "st_nm_kj": "慶州", "st_nm_mr": "Kyŏngju", "st_nm_rmj": "Keishū" }, "geometry": { "type": "Point", "coordinates": [ 129.2186, 35.845799999000064 ] } },
{ "type": "Feature", "properties": { "fid": 720, "OBJECTID": 720, "st_id": "dhj_002", "st_nm_kr": "동촌", "comment": "-", "rail_code": "dhj", "id_lines": "동해중부선", "filter": "구역3:경부선의 동북부 지역 철도", "check_db": "김종혁", "st_nm_kj": "東村", "st_nm_mr": "Tongch'on", "st_nm_rmj": "Tōson" }, "geometry": { "type": "Point", "coordinates": [ 128.6535, 35.888900001000025 ] } },
{ "type": "Feature", "properties": { "fid": 721, "OBJECTID": 721, "st_id": "dhj_003", "st_nm_kr": "반야월", "comment": "-", "rail_code": "dhj", "id_lines": "동해중부선", "filter": "구역3:경부선의 동북부 지역 철도", "check_db": "김종혁", "st_nm_kj": "半夜月", "st_nm_mr": "Panyawŏl", "st_nm_rmj": "Han'yagetsu" }, "geometry": { "type": "Point", "coordinates": [ 128.7149, 35.8729 ] } },
{ "type": "Feature", "properties": { "fid": 722, "OBJECTID": 722, "st_id": "dhj_004", "st_nm_kr": "청천", "comment": "-", "rail_code": "dhj", "id_lines": "동해중부선", "filter": "구역3:경부선의 동북부 지역 철도", "check_db": "김종혁", "st_nm_kj": "淸泉", "st_nm_mr": "Ch'ŏngch'ŏn", "st_nm_rmj": "Seisen" }, "geometry": { "type": "Point", "coordinates": [ 128.767700000000104, 35.880100001000073 ] } },
{ "type": "Feature", "properties": { "fid": 723, "OBJECTID": 723, "st_id": "dhj_005", "st_nm_kr": "하양", "comment": "-", "rail_code": "dhj", "id_lines": "동해중부선", "filter": "구역3:경부선의 동북부 지역 철도", "check_db": "김종혁", "st_nm_kj": "河陽", "st_nm_mr": "Hayang", "st_nm_rmj": "Kayō" }, "geometry": { "type": "Point", "coordinates": [ 128.8194, 35.9099 ] } },
{ "type": "Feature", "properties": { "fid": 724, "OBJECTID": 724, "st_id": "dhj_006", "st_nm_kr": "금호", "comment": "-", "rail_code": "dhj", "id_lines": "동해중부선", "filter": "구역3:경부선의 동북부 지역 철도", "check_db": "김종혁", "st_nm_kj": "琴湖", "st_nm_mr": "Kŭmho", "st_nm_rmj": "Kinko" }, "geometry": { "type": "Point", "coordinates": [ 128.8685, 35.9318 ] } },
{ "type": "Feature", "properties": { "fid": 725, "OBJECTID": 725, "st_id": "dhj_001", "st_nm_kr": "대구", "comment": "-", "rail_code": "dhj", "id_lines": "동해중부선", "filter": "구역3:경부선의 동북부 지역 철도", "check_db": "김종혁", "st_nm_kj": "大邱", "st_nm_mr": "Taegu", "st_nm_rmj": "Taikyū" }, "geometry": { "type": "Point", "coordinates": [ 128.594700000000103, 35.8761 ] } },
{ "type": "Feature", "properties": { "fid": 726, "OBJECTID": 726, "st_id": "dhj_014", "st_nm_kr": "금장", "comment": "-", "rail_code": "dhj", "id_lines": "동해중부선", "filter": "구역3:경부선의 동북부 지역 철도", "check_db": "김종혁", "st_nm_kj": "金丈", "st_nm_mr": "Kŭmjang", "st_nm_rmj": "Kinjō" }, "geometry": { "type": "Point", "coordinates": [ 129.2119, 35.88110000100005 ] } },
{ "type": "Feature", "properties": { "fid": 727, "OBJECTID": 727, "st_id": "dhj_015", "st_nm_kr": "사방", "comment": "-", "rail_code": "dhj", "id_lines": "동해중부선", "filter": "구역3:경부선의 동북부 지역 철도", "check_db": "김종혁", "st_nm_kj": "士方", "st_nm_mr": "Sabang", "st_nm_rmj": "Shihō" }, "geometry": { "type": "Point", "coordinates": [ 129.2333, 35.9387 ] } },
{ "type": "Feature", "properties": { "fid": 728, "OBJECTID": 728, "st_id": "dhj_016", "st_nm_kr": "안강", "comment": "-", "rail_code": "dhj", "id_lines": "동해중부선", "filter": "구역3:경부선의 동북부 지역 철도", "check_db": "김종혁", "st_nm_kj": "安康", "st_nm_mr": "An'gang", "st_nm_rmj": "Ankō" }, "geometry": { "type": "Point", "coordinates": [ 129.2305, 35.9881 ] } },
{ "type": "Feature", "properties": { "fid": 729, "OBJECTID": 729, "st_id": "dhj_017", "st_nm_kr": "부조", "comment": "-", "rail_code": "dhj", "id_lines": "동해중부선", "filter": "구역3:경부선의 동북부 지역 철도", "check_db": "김종혁", "st_nm_kj": "扶助", "st_nm_mr": "Pujo", "st_nm_rmj": "Fujo" }, "geometry": { "type": "Point", "coordinates": [ 129.274900000000116, 35.9915 ] } },
{ "type": "Feature", "properties": { "fid": 730, "OBJECTID": 730, "st_id": "dhj_018", "st_nm_kr": "효자", "comment": "-", "rail_code": "dhj", "id_lines": "동해중부선", "filter": "구역3:경부선의 동북부 지역 철도", "check_db": "김종혁", "st_nm_kj": "孝子", "st_nm_mr": "Hyoja", "st_nm_rmj": "Kōshi" }, "geometry": { "type": "Point", "coordinates": [ 129.3354, 36.0089 ] } },
{ "type": "Feature", "properties": { "fid": 731, "OBJECTID": 731, "st_id": "dhj_019", "st_nm_kr": "포항", "comment": "-", "rail_code": "dhj", "id_lines": "동해중부선", "filter": "구역3:경부선의 동북부 지역 철도", "check_db": "김종혁", "st_nm_kj": "浦項", "st_nm_mr": "P'ohang", "st_nm_rmj": "Hokō" }, "geometry": { "type": "Point", "coordinates": [ 129.3602, 36.036800001000074 ] } },
{ "type": "Feature", "properties": { "fid": 732, "OBJECTID": 732, "st_id": "dhj_020", "st_nm_kr": "학산", "comment": "-", "rail_code": "dhj", "id_lines": "동해중부선", "filter": "구역3:경부선의 동북부 지역 철도", "check_db": "김종혁", "st_nm_kj": "鶴山", "st_nm_mr": "Haksan", "st_nm_rmj": "Kakuzan" }, "geometry": { "type": "Point", "coordinates": [ 129.3754, 36.052200001000074 ] } },
{ "type": "Feature", "properties": { "fid": 733, "OBJECTID": 733, "st_id": "jh_001", "st_nm_kr": "창원", "comment": "-", "rail_code": "jh", "id_lines": "진해선", "filter": "구역2:경부선의 서남부 지역 철도", "check_db": "김종혁", "st_nm_kj": "昌原", "st_nm_mr": "Ch'angwŏn", "st_nm_rmj": "Shōgen" }, "geometry": { "type": "Point", "coordinates": [ 128.6058, 35.257099999000047 ] } },
{ "type": "Feature", "properties": { "fid": 734, "OBJECTID": 734, "st_id": "jh_002", "st_nm_kr": "상남", "comment": "-", "rail_code": "jh", "id_lines": "진해선", "filter": "구역2:경부선의 서남부 지역 철도", "check_db": "김종혁", "st_nm_kj": "上南", "st_nm_mr": "Sangnam", "st_nm_rmj": "Jōnan" }, "geometry": { "type": "Point", "coordinates": [ 128.687, 35.222200001000033 ] } },
{ "type": "Feature", "properties": { "fid": 735, "OBJECTID": 735, "st_id": "jh_003", "st_nm_kr": "성주사", "comment": "-", "rail_code": "jh", "id_lines": "진해선", "filter": "구역2:경부선의 서남부 지역 철도", "check_db": "김종혁", "st_nm_kj": "聖住寺", "st_nm_mr": "Sŏngjusa", "st_nm_rmj": "Seijūji" }, "geometry": { "type": "Point", "coordinates": [ 128.6995, 35.1821 ] } },
{ "type": "Feature", "properties": { "fid": 736, "OBJECTID": 736, "st_id": "jh_004", "st_nm_kr": "경화", "comment": "-", "rail_code": "jh", "id_lines": "진해선", "filter": "구역2:경부선의 서남부 지역 철도", "check_db": "김종혁", "st_nm_kj": "慶和", "st_nm_mr": "Kyŏnghwa", "st_nm_rmj": "Keiwa" }, "geometry": { "type": "Point", "coordinates": [ 128.6867, 35.159299999000041 ] } },
{ "type": "Feature", "properties": { "fid": 737, "OBJECTID": 737, "st_id": "jh_005", "st_nm_kr": "진해", "comment": "-", "rail_code": "jh", "id_lines": "진해선", "filter": "구역2:경부선의 서남부 지역 철도", "check_db": "김종혁", "st_nm_kj": "鎮海", "st_nm_mr": "Chinhae", "st_nm_rmj": "Chinkai" }, "geometry": { "type": "Point", "coordinates": [ 128.6637, 35.1534 ] } },
{ "type": "Feature", "properties": { "fid": 738, "OBJECTID": 738, "st_id": "kjn_001", "st_nm_kr": "삼랑진", "comment": "-", "rail_code": "kjn", "id_lines": "경전남부선", "filter": "구역2:경부선의 서남부 지역 철도", "check_db": "김종혁", "st_nm_kj": "三浪津", "st_nm_mr": "Samnangjin", "st_nm_rmj": "Sanrōshin" }, "geometry": { "type": "Point", "coordinates": [ 128.8434, 35.399 ] } },
{ "type": "Feature", "properties": { "fid": 739, "OBJECTID": 739, "st_id": "kjn_002", "st_nm_kr": "낙동강", "comment": "-", "rail_code": "kjn", "id_lines": "경전남부선", "filter": "구역2:경부선의 서남부 지역 철도", "check_db": "김종혁", "st_nm_kj": "洛東江", "st_nm_mr": "Naktonggang", "st_nm_rmj": "Rakutōkō" }, "geometry": { "type": "Point", "coordinates": [ 128.8275000000001, 35.387499999000056 ] } },
{ "type": "Feature", "properties": { "fid": 740, "OBJECTID": 740, "st_id": "kjn_003", "st_nm_kr": "유림정", "comment": "-", "rail_code": "kjn", "id_lines": "경전남부선", "filter": "구역2:경부선의 서남부 지역 철도", "check_db": "김종혁", "st_nm_kj": "翰林亭", "st_nm_mr": "Yurimjŏng", "st_nm_rmj": "Kanrintei" }, "geometry": { "type": "Point", "coordinates": [ 128.8019, 35.317600001000073 ] } },
{ "type": "Feature", "properties": { "fid": 741, "OBJECTID": 741, "st_id": "kjn_004", "st_nm_kr": "진영", "comment": "-", "rail_code": "kjn", "id_lines": "경전남부선", "filter": "구역2:경부선의 서남부 지역 철도", "check_db": "김종혁", "st_nm_kj": "進永", "st_nm_mr": "Chinyŏng", "st_nm_rmj": "Shin'ei" }, "geometry": { "type": "Point", "coordinates": [ 128.7318, 35.3038 ] } },
{ "type": "Feature", "properties": { "fid": 742, "OBJECTID": 742, "st_id": "kjn_005", "st_nm_kr": "덕산", "comment": "-", "rail_code": "kjn", "id_lines": "경전남부선", "filter": "구역2:경부선의 서남부 지역 철도", "check_db": "김종혁", "st_nm_kj": "徳山", "st_nm_mr": "Tŏksan", "st_nm_rmj": "Tokusan" }, "geometry": { "type": "Point", "coordinates": [ 128.696100000000115, 35.285399999000049 ] } },
{ "type": "Feature", "properties": { "fid": 743, "OBJECTID": 743, "st_id": "kjn_006", "st_nm_kr": "창원", "comment": "-", "rail_code": "kjn", "id_lines": "경전남부선", "filter": "구역2:경부선의 서남부 지역 철도", "check_db": "김종혁", "st_nm_kj": "昌原", "st_nm_mr": "Ch'angwŏn", "st_nm_rmj": "Shōgen" }, "geometry": { "type": "Point", "coordinates": [ 128.6061, 35.257300001000033 ] } },
{ "type": "Feature", "properties": { "fid": 744, "OBJECTID": 744, "st_id": "kjn_007", "st_nm_kr": "구창원", "comment": "-", "rail_code": "kjn", "id_lines": "경전남부선", "filter": "구역2:경부선의 서남부 지역 철도", "check_db": "김종혁", "st_nm_kj": "舊昌原", "st_nm_mr": "Kuch'angwŏn", "st_nm_rmj": "Kyūshōgen" }, "geometry": { "type": "Point", "coordinates": [ 128.5775000000001, 35.2326 ] } },
{ "type": "Feature", "properties": { "fid": 745, "OBJECTID": 745, "st_id": "kjn_008", "st_nm_kr": "마산", "comment": "-", "rail_code": "kjn", "id_lines": "경전남부선", "filter": "구역2:경부선의 서남부 지역 철도", "check_db": "김종혁", "st_nm_kj": "馬山", "st_nm_mr": "Masan", "st_nm_rmj": "Masan" }, "geometry": { "type": "Point", "coordinates": [ 128.5632, 35.189200001000074 ] } },
{ "type": "Feature", "properties": { "fid": 746, "OBJECTID": 746, "st_id": "kjn_009", "st_nm_kr": "북마산", "comment": "-", "rail_code": "kjn", "id_lines": "경전남부선", "filter": "구역2:경부선의 서남부 지역 철도", "check_db": "김종혁", "st_nm_kj": "北馬山", "st_nm_mr": "Pungmasan", "st_nm_rmj": "Hokubasan" }, "geometry": { "type": "Point", "coordinates": [ 128.570200000000114, 35.208799999000064 ] } },
{ "type": "Feature", "properties": { "fid": 747, "OBJECTID": 747, "st_id": "kjn_010", "st_nm_kr": "중리", "comment": "-", "rail_code": "kjn", "id_lines": "경전남부선", "filter": "구역2:경부선의 서남부 지역 철도", "check_db": "김종혁", "st_nm_kj": "中里", "st_nm_mr": "Chungni", "st_nm_rmj": "Chūri" }, "geometry": { "type": "Point", "coordinates": [ 128.5174, 35.250700001000041 ] } },
{ "type": "Feature", "properties": { "fid": 748, "OBJECTID": 748, "st_id": "kjn_011", "st_nm_kr": "산인", "comment": "-", "rail_code": "kjn", "id_lines": "경전남부선", "filter": "구역2:경부선의 서남부 지역 철도", "check_db": "김종혁", "st_nm_kj": "山仁", "st_nm_mr": "Sanin", "st_nm_rmj": "Sanjin" }, "geometry": { "type": "Point", "coordinates": [ 128.455600000000118, 35.2709 ] } },
{ "type": "Feature", "properties": { "fid": 749, "OBJECTID": 749, "st_id": "kjn_012", "st_nm_kr": "함북", "comment": "-", "rail_code": "kjn", "id_lines": "경전남부선", "filter": "구역2:경부선의 서남부 지역 철도", "check_db": "김종혁", "st_nm_kj": "咸安", "st_nm_mr": "Hambuk", "st_nm_rmj": "Kan'an" }, "geometry": { "type": "Point", "coordinates": [ 128.4098, 35.276900001000058 ] } },
{ "type": "Feature", "properties": { "fid": 750, "OBJECTID": 750, "st_id": "kjn_013", "st_nm_kr": "군북", "comment": "-", "rail_code": "kjn", "id_lines": "경전남부선", "filter": "구역2:경부선의 서남부 지역 철도", "check_db": "김종혁", "st_nm_kj": "郡北", "st_nm_mr": "Kunbuk", "st_nm_rmj": "Gunhoku" }, "geometry": { "type": "Point", "coordinates": [ 128.3454, 35.258400001000041 ] } },
{ "type": "Feature", "properties": { "fid": 751, "OBJECTID": 751, "st_id": "kjn_014", "st_nm_kr": "원북", "comment": "-", "rail_code": "kjn", "id_lines": "경전남부선", "filter": "구역2:경부선의 서남부 지역 철도", "check_db": "김종혁", "st_nm_kj": "院北", "st_nm_mr": "Wŏnbuk", "st_nm_rmj": "Inhoku" }, "geometry": { "type": "Point", "coordinates": [ 128.3262, 35.232100001000049 ] } },
{ "type": "Feature", "properties": { "fid": 752, "OBJECTID": 752, "st_id": "kjn_015", "st_nm_kr": "평촌", "comment": "-", "rail_code": "kjn", "id_lines": "경전남부선", "filter": "구역2:경부선의 서남부 지역 철도", "check_db": "김종혁", "st_nm_kj": "坪村", "st_nm_mr": "P'yŏngch'on", "st_nm_rmj": "Heison" }, "geometry": { "type": "Point", "coordinates": [ 128.3283, 35.183499999000048 ] } },
{ "type": "Feature", "properties": { "fid": 753, "OBJECTID": 753, "st_id": "kjn_016", "st_nm_kr": "반송", "comment": "-", "rail_code": "kjn", "id_lines": "경전남부선", "filter": "구역2:경부선의 서남부 지역 철도", "check_db": "김종혁", "st_nm_kj": "班城", "st_nm_mr": "Pansong", "st_nm_rmj": "Hanjō" }, "geometry": { "type": "Point", "coordinates": [ 128.2715, 35.172599999000056 ] } },
{ "type": "Feature", "properties": { "fid": 754, "OBJECTID": 754, "st_id": "kjn_017", "st_nm_kr": "이천", "comment": "-", "rail_code": "kjn", "id_lines": "경전남부선", "filter": "구역2:경부선의 서남부 지역 철도", "check_db": "김종혁", "st_nm_kj": "晉城", "st_nm_mr": "Ich'ŏn", "st_nm_rmj": "Shinjō" }, "geometry": { "type": "Point", "coordinates": [ 128.2262, 35.1547 ] } },
{ "type": "Feature", "properties": { "fid": 755, "OBJECTID": 755, "st_id": "kjn_018", "st_nm_kr": "갈촌", "comment": "-", "rail_code": "kjn", "id_lines": "경전남부선", "filter": "구역2:경부선의 서남부 지역 철도", "check_db": "김종혁", "st_nm_kj": "葛村", "st_nm_mr": "Kalch'on", "st_nm_rmj": "Kasson" }, "geometry": { "type": "Point", "coordinates": [ 128.2167, 35.145 ] } },
{ "type": "Feature", "properties": { "fid": 756, "OBJECTID": 756, "st_id": "kjn_019", "st_nm_kr": "남문산", "comment": "-", "rail_code": "kjn", "id_lines": "경전남부선", "filter": "구역2:경부선의 서남부 지역 철도", "check_db": "김종혁", "st_nm_kj": "南文山", "st_nm_mr": "Nammunsan", "st_nm_rmj": "Nanbunzan" }, "geometry": { "type": "Point", "coordinates": [ 128.1679, 35.168199999000024 ] } },
{ "type": "Feature", "properties": { "fid": 757, "OBJECTID": 757, "st_id": "kjn_020", "st_nm_kr": "개양", "comment": "-", "rail_code": "kjn", "id_lines": "경전남부선", "filter": "구역2:경부선의 서남부 지역 철도", "check_db": "김종혁", "st_nm_kj": "開陽", "st_nm_mr": "Kaeyang", "st_nm_rmj": "Kaiyō" }, "geometry": { "type": "Point", "coordinates": [ 128.119, 35.152799999000024 ] } },
{ "type": "Feature", "properties": { "fid": 758, "OBJECTID": 758, "st_id": "kjn_021", "st_nm_kr": "진주", "comment": "-", "rail_code": "kjn", "id_lines": "경전남부선", "filter": "구역2:경부선의 서남부 지역 철도", "check_db": "김종혁", "st_nm_kj": "晉州", "st_nm_mr": "Chinju", "st_nm_rmj": "Shinshū" }, "geometry": { "type": "Point", "coordinates": [ 128.088300000000118, 35.1786 ] } },
{ "type": "Feature", "properties": { "fid": 759, "OBJECTID": 759, "st_id": "kjs_001", "st_nm_kr": "순천", "comment": "-", "rail_code": "kjs", "id_lines": "경전선", "filter": "구역2:경부선의 서남부 지역 철도", "check_db": "김종혁", "st_nm_kj": "順天", "st_nm_mr": "Sunch'ŏn", "st_nm_rmj": "Junten" }, "geometry": { "type": "Point", "coordinates": [ 127.5149, 34.942500001000042 ] } },
{ "type": "Feature", "properties": { "fid": 760, "OBJECTID": 760, "st_id": "kjs_002", "st_nm_kr": "수덕", "comment": "-", "rail_code": "kjs", "id_lines": "경전선", "filter": "구역2:경부선의 서남부 지역 철도", "check_db": "김종혁", "st_nm_kj": "水徳", "st_nm_mr": "Sudŏk", "st_nm_rmj": "Suitoku" }, "geometry": { "type": "Point", "coordinates": [ 127.467400000000112, 34.8851 ] } },
{ "type": "Feature", "properties": { "fid": 761, "OBJECTID": 761, "st_id": "kjs_003", "st_nm_kr": "원창", "comment": "-", "rail_code": "kjs", "id_lines": "경전선", "filter": "구역2:경부선의 서남부 지역 철도", "check_db": "김종혁", "st_nm_kj": "元倉", "st_nm_mr": "Wŏnch'ang", "st_nm_rmj": "Gensō" }, "geometry": { "type": "Point", "coordinates": [ 127.4515, 34.861 ] } },
{ "type": "Feature", "properties": { "fid": 762, "OBJECTID": 762, "st_id": "kjs_004", "st_nm_kr": "구룡", "comment": "-", "rail_code": "kjs", "id_lines": "경전선", "filter": "구역2:경부선의 서남부 지역 철도", "check_db": "김종혁", "st_nm_kj": "九龍", "st_nm_mr": "Kuryong", "st_nm_rmj": "Kyūryū" }, "geometry": { "type": "Point", "coordinates": [ 127.4227, 34.8413 ] } },
{ "type": "Feature", "properties": { "fid": 763, "OBJECTID": 763, "st_id": "kjs_005", "st_nm_kr": "벌교", "comment": "-", "rail_code": "kjs", "id_lines": "경전선", "filter": "구역2:경부선의 서남부 지역 철도", "check_db": "김종혁", "st_nm_kj": "筏橋", "st_nm_mr": "Pŏlgyo", "st_nm_rmj": "Hakkyō" }, "geometry": { "type": "Point", "coordinates": [ 127.3496, 34.8412 ] } },
{ "type": "Feature", "properties": { "fid": 764, "OBJECTID": 764, "st_id": "kjs_006", "st_nm_kr": "조성리", "comment": "-", "rail_code": "kjs", "id_lines": "경전선", "filter": "구역2:경부선의 서남부 지역 철도", "check_db": "김종혁", "st_nm_kj": "鳥城里", "st_nm_mr": "Chosŏngni", "st_nm_rmj": "Chōjōri" }, "geometry": { "type": "Point", "coordinates": [ 127.2515, 34.806 ] } },
{ "type": "Feature", "properties": { "fid": 765, "OBJECTID": 765, "st_id": "kjs_007", "st_nm_kr": "예당", "comment": "-", "rail_code": "kjs", "id_lines": "경전선", "filter": "구역2:경부선의 서남부 지역 철도", "check_db": "김종혁", "st_nm_kj": "礼堂", "st_nm_mr": "Yedang", "st_nm_rmj": "Reigō" }, "geometry": { "type": "Point", "coordinates": [ 127.203400000000101, 34.77580000100005 ] } },
{ "type": "Feature", "properties": { "fid": 766, "OBJECTID": 766, "st_id": "kjs_008", "st_nm_kr": "득량", "comment": "-", "rail_code": "kjs", "id_lines": "경전선", "filter": "구역2:경부선의 서남부 지역 철도", "check_db": "김종혁", "st_nm_kj": "得粮", "st_nm_mr": "Tŭngnyang", "st_nm_rmj": "Tokuryō" }, "geometry": { "type": "Point", "coordinates": [ 127.1761, 34.761399999000048 ] } },
{ "type": "Feature", "properties": { "fid": 767, "OBJECTID": 767, "st_id": "kjs_009", "st_nm_kr": "보성", "comment": "-", "rail_code": "kjs", "id_lines": "경전선", "filter": "구역2:경부선의 서남부 지역 철도", "check_db": "김종혁", "st_nm_kj": "宝城", "st_nm_mr": "Posŏng", "st_nm_rmj": "Hōjō" }, "geometry": { "type": "Point", "coordinates": [ 127.0857, 34.766899999000032 ] } },
{ "type": "Feature", "properties": { "fid": 768, "OBJECTID": 768, "st_id": "kjs_010", "st_nm_kr": "광곡", "comment": "-", "rail_code": "kjs", "id_lines": "경전선", "filter": "구역2:경부선의 서남부 지역 철도", "check_db": "김종혁", "st_nm_kj": "広谷", "st_nm_mr": "Kwanggok", "st_nm_rmj": "Kakoku" }, "geometry": { "type": "Point", "coordinates": [ 127.0782, 34.79659999900008 ] } },
{ "type": "Feature", "properties": { "fid": 769, "OBJECTID": 769, "st_id": "kjs_011", "st_nm_kr": "명봉", "comment": "-", "rail_code": "kjs", "id_lines": "경전선", "filter": "구역2:경부선의 서남부 지역 철도", "check_db": "김종혁", "st_nm_kj": "鳴鳳", "st_nm_mr": "Myŏngbong", "st_nm_rmj": "Meihō" }, "geometry": { "type": "Point", "coordinates": [ 127.0827, 34.8276 ] } },
{ "type": "Feature", "properties": { "fid": 770, "OBJECTID": 770, "st_id": "kjs_012", "st_nm_kr": "도림", "comment": "-", "rail_code": "kjs", "id_lines": "경전선", "filter": "구역2:경부선의 서남부 지역 철도", "check_db": "김종혁", "st_nm_kj": "道林", "st_nm_mr": "Torim", "st_nm_rmj": "Dōrin" }, "geometry": { "type": "Point", "coordinates": [ 127.0161, 34.866800001000058 ] } },
{ "type": "Feature", "properties": { "fid": 771, "OBJECTID": 771, "st_id": "kjs_013", "st_nm_kr": "이양", "comment": "-", "rail_code": "kjs", "id_lines": "경전선", "filter": "구역2:경부선의 서남부 지역 철도", "check_db": "김종혁", "st_nm_kj": "梨陽", "st_nm_mr": "Iyang", "st_nm_rmj": "Ryō" }, "geometry": { "type": "Point", "coordinates": [ 126.9948, 34.888 ] } },
{ "type": "Feature", "properties": { "fid": 772, "OBJECTID": 772, "st_id": "kjs_014", "st_nm_kr": "입교", "comment": "-", "rail_code": "kjs", "id_lines": "경전선", "filter": "구역2:경부선의 서남부 지역 철도", "check_db": "김종혁", "st_nm_kj": "笠橋", "st_nm_mr": "Ipkyo", "st_nm_rmj": "Ryūkyō" }, "geometry": { "type": "Point", "coordinates": [ 126.9907, 34.9319 ] } },
{ "type": "Feature", "properties": { "fid": 773, "OBJECTID": 773, "st_id": "kjs_015", "st_nm_kr": "춘양", "comment": "-", "rail_code": "kjs", "id_lines": "경전선", "filter": "구역2:경부선의 서남부 지역 철도", "check_db": "김종혁", "st_nm_kj": "春陽", "st_nm_mr": "Ch'unyang", "st_nm_rmj": "Shun'yō" }, "geometry": { "type": "Point", "coordinates": [ 126.968300000000113, 34.951099999000064 ] } },
{ "type": "Feature", "properties": { "fid": 774, "OBJECTID": 774, "st_id": "kjs_016", "st_nm_kr": "능주", "comment": "-", "rail_code": "kjs", "id_lines": "경전선", "filter": "구역2:경부선의 서남부 지역 철도", "check_db": "김종혁", "st_nm_kj": "綾州", "st_nm_mr": "Nŭngju", "st_nm_rmj": "Ryōshū" }, "geometry": { "type": "Point", "coordinates": [ 126.9694, 34.9871 ] } },
{ "type": "Feature", "properties": { "fid": 775, "OBJECTID": 775, "st_id": "kjs_017", "st_nm_kr": "만수", "comment": "-", "rail_code": "kjs", "id_lines": "경전선", "filter": "구역2:경부선의 서남부 지역 철도", "check_db": "김종혁", "st_nm_kj": "万水", "st_nm_mr": "Mansu", "st_nm_rmj": "Bansui" }, "geometry": { "type": "Point", "coordinates": [ 126.9585, 35.013599999000064 ] } },
{ "type": "Feature", "properties": { "fid": 776, "OBJECTID": 776, "st_id": "kjs_018", "st_nm_kr": "화순", "comment": "-", "rail_code": "kjs", "id_lines": "경전선", "filter": "구역2:경부선의 서남부 지역 철도", "check_db": "김종혁", "st_nm_kj": "和順", "st_nm_mr": "Hwasun", "st_nm_rmj": "Wajun" }, "geometry": { "type": "Point", "coordinates": [ 126.9681, 35.051200001000041 ] } },
{ "type": "Feature", "properties": { "fid": 777, "OBJECTID": 777, "st_id": "kjs_019", "st_nm_kr": "앵남", "comment": "-", "rail_code": "kjs", "id_lines": "경전선", "filter": "구역2:경부선의 서남부 지역 철도", "check_db": "김종혁", "st_nm_kj": "鸚南", "st_nm_mr": "Aengnam", "st_nm_rmj": "Ōnan" }, "geometry": { "type": "Point", "coordinates": [ 126.9143, 35.0516 ] } },
{ "type": "Feature", "properties": { "fid": 778, "OBJECTID": 778, "st_id": "kjs_020", "st_nm_kr": "남평", "comment": "-", "rail_code": "kjs", "id_lines": "경전선", "filter": "구역2:경부선의 서남부 지역 철도", "check_db": "김종혁", "st_nm_kj": "南平", "st_nm_mr": "Namp'yŏng", "st_nm_rmj": "Nanpei" }, "geometry": { "type": "Point", "coordinates": [ 126.8763, 35.057800001000032 ] } },
{ "type": "Feature", "properties": { "fid": 779, "OBJECTID": 779, "st_id": "kjs_021", "st_nm_kr": "효천", "comment": "-", "rail_code": "kjs", "id_lines": "경전선", "filter": "구역2:경부선의 서남부 지역 철도", "check_db": "김종혁", "st_nm_kj": "孝泉", "st_nm_mr": "Hyoch'ŏn", "st_nm_rmj": "Kōsen" }, "geometry": { "type": "Point", "coordinates": [ 126.8813, 35.0995 ] } },
{ "type": "Feature", "properties": { "fid": 780, "OBJECTID": 780, "st_id": "kjs_022", "st_nm_kr": "벽도", "comment": "-", "rail_code": "kjs", "id_lines": "경전선", "filter": "구역2:경부선의 서남부 지역 철도", "check_db": "김종혁", "st_nm_kj": "碧桃", "st_nm_mr": "Pyŏkto", "st_nm_rmj": "Hekitō" }, "geometry": { "type": "Point", "coordinates": [ 126.9026, 35.11570000100005 ] } },
{ "type": "Feature", "properties": { "fid": 781, "OBJECTID": 781, "st_id": "kjs_023", "st_nm_kr": "신광주", "comment": "-", "rail_code": "kjs", "id_lines": "경전선", "filter": "구역2:경부선의 서남부 지역 철도", "check_db": "김종혁", "st_nm_kj": "新光州", "st_nm_mr": "Sin'gwangju", "st_nm_rmj": "Shinkōshū" }, "geometry": { "type": "Point", "coordinates": [ 126.905800000000113, 35.1335 ] } },
{ "type": "Feature", "properties": { "fid": 782, "OBJECTID": 782, "st_id": "kjs_024", "st_nm_kr": "전남광주", "comment": "-", "rail_code": "kjs", "id_lines": "경전선", "filter": "구역2:경부선의 서남부 지역 철도", "check_db": "김종혁", "st_nm_kj": "全南光州", "st_nm_mr": "Chŏnnamgwangju", "st_nm_rmj": "Zen'nan Kōshū" }, "geometry": { "type": "Point", "coordinates": [ 126.9086, 35.158600001000025 ] } },
{ "type": "Feature", "properties": { "fid": 783, "OBJECTID": 783, "st_id": "kjs_025", "st_nm_kr": "운암", "comment": "-", "rail_code": "kjs", "id_lines": "경전선", "filter": "구역2:경부선의 서남부 지역 철도", "check_db": "김종혁", "st_nm_kj": "雲巖", "st_nm_mr": "Unam", "st_nm_rmj": "Ungan" }, "geometry": { "type": "Point", "coordinates": [ 126.8724, 35.1733 ] } },
{ "type": "Feature", "properties": { "fid": 784, "OBJECTID": 784, "st_id": "kjs_026", "st_nm_kr": "극락강", "comment": "-", "rail_code": "kjs", "id_lines": "경전선", "filter": "구역2:경부선의 서남부 지역 철도", "check_db": "김종혁", "st_nm_kj": "極楽江", "st_nm_mr": "Kŭngnakkang", "st_nm_rmj": "Gokurakkō" }, "geometry": { "type": "Point", "coordinates": [ 126.828400000000101, 35.1754 ] } },
{ "type": "Feature", "properties": { "fid": 785, "OBJECTID": 785, "st_id": "kjs_027", "st_nm_kr": "송정리", "comment": "-", "rail_code": "kjs", "id_lines": "경전선", "filter": "구역2:경부선의 서남부 지역 철도", "check_db": "김종혁", "st_nm_kj": "松汀里", "st_nm_mr": "Songjŏngni", "st_nm_rmj": "Shōchōri" }, "geometry": { "type": "Point", "coordinates": [ 126.7906, 35.1381 ] } },
{ "type": "Feature", "properties": { "fid": 786, "OBJECTID": 786, "st_id": "kj_001", "st_nm_kr": "전남광주", "comment": "-", "rail_code": "kj", "id_lines": "광주선", "filter": "구역2:경부선의 서남부 지역 철도", "check_db": "김종혁", "st_nm_kj": "全南光州", "st_nm_mr": "Chŏnnamgwangju", "st_nm_rmj": "Zen'nan Kōshū" }, "geometry": { "type": "Point", "coordinates": [ 126.9086, 35.158600001000025 ] } },
{ "type": "Feature", "properties": { "fid": 787, "OBJECTID": 787, "st_id": "kj_002", "st_nm_kr": "망월", "comment": "-", "rail_code": "kj", "id_lines": "광주선", "filter": "구역2:경부선의 서남부 지역 철도", "check_db": "김종혁", "st_nm_kj": "望月", "st_nm_mr": "Mangwŏl", "st_nm_rmj": "Bōgetsu" }, "geometry": { "type": "Point", "coordinates": [ 126.9464, 35.2151 ] } },
{ "type": "Feature", "properties": { "fid": 788, "OBJECTID": 788, "st_id": "kj_003", "st_nm_kr": "장산", "comment": "-", "rail_code": "kj", "id_lines": "광주선", "filter": "구역2:경부선의 서남부 지역 철도", "check_db": "김종혁", "st_nm_kj": "長山", "st_nm_mr": "Changsan", "st_nm_rmj": "Chōzan" }, "geometry": { "type": "Point", "coordinates": [ 126.9568, 35.246200001000034 ] } },
{ "type": "Feature", "properties": { "fid": 789, "OBJECTID": 789, "st_id": "kj_004", "st_nm_kr": "마항", "comment": "-", "rail_code": "kj", "id_lines": "광주선", "filter": "구역2:경부선의 서남부 지역 철도", "check_db": "김종혁", "st_nm_kj": "馬項", "st_nm_mr": "Mahang", "st_nm_rmj": "Bakō" }, "geometry": { "type": "Point", "coordinates": [ 126.9584, 35.27999999900004 ] } },
{ "type": "Feature", "properties": { "fid": 790, "OBJECTID": 790, "st_id": "kj_005", "st_nm_kr": "담양", "comment": "-", "rail_code": "kj", "id_lines": "광주선", "filter": "구역2:경부선의 서남부 지역 철도", "check_db": "김종혁", "st_nm_kj": "潭陽", "st_nm_mr": "Tamyang", "st_nm_rmj": "Tan'yō" }, "geometry": { "type": "Point", "coordinates": [ 126.9826, 35.3134 ] } },
{ "type": "Feature", "properties": { "fid": 791, "OBJECTID": 791, "st_id": "ke경인_001", "st_nm_kr": "경성", "comment": "-", "rail_code": "ke경인", "id_lines": "경인선", "filter": "구역1:경인선과 경부선", "check_db": "김종혁", "st_nm_kj": "京城", "st_nm_mr": "Kyŏngsŏng", "st_nm_rmj": "Keijō" }, "geometry": { "type": "Point", "coordinates": [ 126.9711, 37.555199999000024 ] } },
{ "type": "Feature", "properties": { "fid": 792, "OBJECTID": 792, "st_id": "ke경인_002", "st_nm_kr": "용산", "comment": "-", "rail_code": "ke경인", "id_lines": "경인선", "filter": "구역1:경인선과 경부선", "check_db": "김종혁", "st_nm_kj": "龍山", "st_nm_mr": "Yongsan", "st_nm_rmj": "Ryūzan" }, "geometry": { "type": "Point", "coordinates": [ 126.9643, 37.5297 ] } },
{ "type": "Feature", "properties": { "fid": 793, "OBJECTID": 793, "st_id": "ke경인_003", "st_nm_kr": "노량진", "comment": "-", "rail_code": "ke경인", "id_lines": "경인선", "filter": "구역1:경인선과 경부선", "check_db": "김종혁", "st_nm_kj": "鷺梁津", "st_nm_mr": "Noryangjin", "st_nm_rmj": "Roryōshin" }, "geometry": { "type": "Point", "coordinates": [ 126.9405, 37.5141 ] } },
{ "type": "Feature", "properties": { "fid": 794, "OBJECTID": 794, "st_id": "ke경인_004", "st_nm_kr": "영등포", "comment": "-", "rail_code": "ke경인", "id_lines": "경인선", "filter": "구역1:경인선과 경부선", "check_db": "김종혁", "st_nm_kj": "永登浦", "st_nm_mr": "Yŏngdŭngp'o", "st_nm_rmj": "Eitōho" }, "geometry": { "type": "Point", "coordinates": [ 126.9075, 37.515699999000049 ] } },
{ "type": "Feature", "properties": { "fid": 795, "OBJECTID": 795, "st_id": "ke경인_005", "st_nm_kr": "오류동", "comment": "-", "rail_code": "ke경인", "id_lines": "경인선", "filter": "구역1:경인선과 경부선", "check_db": "김종혁", "st_nm_kj": "梧柳洞", "st_nm_mr": "Oryudong", "st_nm_rmj": "Goryūdō" }, "geometry": { "type": "Point", "coordinates": [ 126.8435, 37.4948 ] } },
{ "type": "Feature", "properties": { "fid": 796, "OBJECTID": 796, "st_id": "ke경인_006", "st_nm_kr": "소사", "comment": "-", "rail_code": "ke경인", "id_lines": "경인선", "filter": "구역1:경인선과 경부선", "check_db": "김종혁", "st_nm_kj": "素砂", "st_nm_mr": "Sosa", "st_nm_rmj": "Sosa" }, "geometry": { "type": "Point", "coordinates": [ 126.7828, 37.4838 ] } },
{ "type": "Feature", "properties": { "fid": 797, "OBJECTID": 797, "st_id": "ke경인_007", "st_nm_kr": "부평", "comment": "-", "rail_code": "ke경인", "id_lines": "경인선", "filter": "구역1:경인선과 경부선", "check_db": "김종혁", "st_nm_kj": "富平", "st_nm_mr": "Pup'yŏng", "st_nm_rmj": "Fuhei" }, "geometry": { "type": "Point", "coordinates": [ 126.72420000000011, 37.489800001000049 ] } },
{ "type": "Feature", "properties": { "fid": 798, "OBJECTID": 798, "st_id": "ke경인_008", "st_nm_kr": "주안", "comment": "-", "rail_code": "ke경인", "id_lines": "경인선", "filter": "구역1:경인선과 경부선", "check_db": "김종혁", "st_nm_kj": "朱安", "st_nm_mr": "Chuan", "st_nm_rmj": "Shuan" }, "geometry": { "type": "Point", "coordinates": [ 126.6791, 37.465299999000024 ] } },
{ "type": "Feature", "properties": { "fid": 799, "OBJECTID": 799, "st_id": "ke경인_009", "st_nm_kr": "상인천", "comment": "-", "rail_code": "ke경인", "id_lines": "경인선", "filter": "구역1:경인선과 경부선", "check_db": "김종혁", "st_nm_kj": "上仁川", "st_nm_mr": "Sanginch'ŏn", "st_nm_rmj": "Jōjinsen" }, "geometry": { "type": "Point", "coordinates": [ 126.6356, 37.4727 ] } },
{ "type": "Feature", "properties": { "fid": 800, "OBJECTID": 800, "st_id": "ke경인_010", "st_nm_kr": "인천항", "comment": "-", "rail_code": "ke경인", "id_lines": "경인선", "filter": "구역1:경인선과 경부선", "check_db": "김종혁", "st_nm_kj": "仁川港", "st_nm_mr": "Inch'ŏnhang", "st_nm_rmj": "Jinsenkō" }, "geometry": { "type": "Point", "coordinates": [ 126.62860000000012, 37.4648 ] } },
{ "type": "Feature", "properties": { "fid": 801, "OBJECTID": 801, "st_id": "gs_001", "st_nm_kr": "이리", "comment": "-", "rail_code": "gs", "id_lines": "군산선", "filter": "구역2:경부선의 서남부 지역 철도", "check_db": "김종혁", "st_nm_kj": "裡里", "st_nm_mr": "Iri", "st_nm_rmj": "Riri" }, "geometry": { "type": "Point", "coordinates": [ 126.9455, 35.940300001000026 ] } },
{ "type": "Feature", "properties": { "fid": 802, "OBJECTID": 802, "st_id": "gs_002", "st_nm_kr": "오산", "comment": "-", "rail_code": "gs", "id_lines": "군산선", "filter": "구역2:경부선의 서남부 지역 철도", "check_db": "김종혁", "st_nm_kj": "五山里", "st_nm_mr": "Osan", "st_nm_rmj": "Gosanri" }, "geometry": { "type": "Point", "coordinates": [ 126.913, 35.941099999000073 ] } },
{ "type": "Feature", "properties": { "fid": 803, "OBJECTID": 803, "st_id": "gs_003", "st_nm_kr": "임피", "comment": "-", "rail_code": "gs", "id_lines": "군산선", "filter": "구역2:경부선의 서남부 지역 철도", "check_db": "김종혁", "st_nm_kj": "臨陂", "st_nm_mr": "Imp'i", "st_nm_rmj": "Rinpi" }, "geometry": { "type": "Point", "coordinates": [ 126.8658, 35.953400001000034 ] } },
{ "type": "Feature", "properties": { "fid": 804, "OBJECTID": 804, "st_id": "gs_004", "st_nm_kr": "지경", "comment": "-", "rail_code": "gs", "id_lines": "군산선", "filter": "구역2:경부선의 서남부 지역 철도", "check_db": "김종혁", "st_nm_kj": "地境", "st_nm_mr": "Chigyŏng", "st_nm_rmj": "Jikyō" }, "geometry": { "type": "Point", "coordinates": [ 126.8111, 35.943 ] } },
{ "type": "Feature", "properties": { "fid": 805, "OBJECTID": 805, "st_id": "gs_005", "st_nm_kr": "개정", "comment": "-", "rail_code": "gs", "id_lines": "군산선", "filter": "구역2:경부선의 서남부 지역 철도", "check_db": "김종혁", "st_nm_kj": "開井", "st_nm_mr": "Kaejŏng", "st_nm_rmj": "Kaishō" }, "geometry": { "type": "Point", "coordinates": [ 126.7718, 35.9606 ] } },
{ "type": "Feature", "properties": { "fid": 806, "OBJECTID": 806, "st_id": "gs_006", "st_nm_kr": "군산", "comment": "-", "rail_code": "gs", "id_lines": "군산선", "filter": "구역2:경부선의 서남부 지역 철도", "check_db": "김종혁", "st_nm_kj": "群山", "st_nm_mr": "Kunsan", "st_nm_rmj": "Gunsan" }, "geometry": { "type": "Point", "coordinates": [ 126.7214, 35.9804 ] } },
{ "type": "Feature", "properties": { "fid": 807, "OBJECTID": 807, "st_id": "gs_007", "st_nm_kr": "군산항", "comment": "-", "rail_code": "gs", "id_lines": "군산선", "filter": "구역2:경부선의 서남부 지역 철도", "check_db": "김종혁", "st_nm_kj": "群山港", "st_nm_mr": "Kunsanhang", "st_nm_rmj": "Gunsankō" }, "geometry": { "type": "Point", "coordinates": [ 126.7126, 35.990499999000065 ] } },
{ "type": "Feature", "properties": { "fid": 808, "OBJECTID": 808, "st_id": "경북_001", "st_nm_kr": "김천", "comment": "-", "rail_code": "경북", "id_lines": "경북선", "filter": "구역3:경부선의 동북부 지역 철도", "check_db": "김종혁", "st_nm_kj": "金泉", "st_nm_mr": "Kimch'ŏn", "st_nm_rmj": "Kinsen" }, "geometry": { "type": "Point", "coordinates": [ 128.1145, 36.1238 ] } },
{ "type": "Feature", "properties": { "fid": 809, "OBJECTID": 809, "st_id": "경북_002", "st_nm_kr": "아천", "comment": "-", "rail_code": "경북", "id_lines": "경북선", "filter": "구역3:경부선의 동북부 지역 철도", "check_db": "김종혁", "st_nm_kj": "牙川", "st_nm_mr": "Ach'ŏn", "st_nm_rmj": "Gasen" }, "geometry": { "type": "Point", "coordinates": [ 128.1193, 36.1834 ] } },
{ "type": "Feature", "properties": { "fid": 810, "OBJECTID": 810, "st_id": "경북_003", "st_nm_kr": "옥산", "comment": "-", "rail_code": "경북", "id_lines": "경북선", "filter": "구역3:경부선의 동북부 지역 철도", "check_db": "김종혁", "st_nm_kj": "玉山", "st_nm_mr": "Oksan", "st_nm_rmj": "Gyokuzan" }, "geometry": { "type": "Point", "coordinates": [ 128.0948, 36.283299999000064 ] } },
{ "type": "Feature", "properties": { "fid": 811, "OBJECTID": 811, "st_id": "경북_004", "st_nm_kr": "청리", "comment": "-", "rail_code": "경북", "id_lines": "경북선", "filter": "구역3:경부선의 동북부 지역 철도", "check_db": "김종혁", "st_nm_kj": "靑里", "st_nm_mr": "Ch'ŏngni", "st_nm_rmj": "Seiri" }, "geometry": { "type": "Point", "coordinates": [ 128.1278, 36.33830000100005 ] } },
{ "type": "Feature", "properties": { "fid": 812, "OBJECTID": 812, "st_id": "경북_005", "st_nm_kr": "상주", "comment": "-", "rail_code": "경북", "id_lines": "경북선", "filter": "구역3:경부선의 동북부 지역 철도", "check_db": "김종혁", "st_nm_kj": "尙州", "st_nm_mr": "Sangju", "st_nm_rmj": "Shōshū" }, "geometry": { "type": "Point", "coordinates": [ 128.1648, 36.412599999000065 ] } },
{ "type": "Feature", "properties": { "fid": 813, "OBJECTID": 813, "st_id": "경북_006", "st_nm_kr": "백원", "comment": "-", "rail_code": "경북", "id_lines": "경북선", "filter": "구역3:경부선의 동북부 지역 철도", "check_db": "김종혁", "st_nm_kj": "白元", "st_nm_mr": "Paegwŏn", "st_nm_rmj": "Hakugen" }, "geometry": { "type": "Point", "coordinates": [ 128.1742, 36.481799999000032 ] } },
{ "type": "Feature", "properties": { "fid": 814, "OBJECTID": 814, "st_id": "경북_007", "st_nm_kr": "양정", "comment": "-", "rail_code": "경북", "id_lines": "경북선", "filter": "구역3:경부선의 동북부 지역 철도", "check_db": "김종혁", "st_nm_kj": "楊亭", "st_nm_mr": "Yangjŏng", "st_nm_rmj": "Yōtei" }, "geometry": { "type": "Point", "coordinates": [ 128.1715, 36.505999999000039 ] } },
{ "type": "Feature", "properties": { "fid": 815, "OBJECTID": 815, "st_id": "경북_008", "st_nm_kr": "함창", "comment": "-", "rail_code": "경북", "id_lines": "경북선", "filter": "구역3:경부선의 동북부 지역 철도", "check_db": "김종혁", "st_nm_kj": "咸昌", "st_nm_mr": "Hamch'ang", "st_nm_rmj": "Kanshō" }, "geometry": { "type": "Point", "coordinates": [ 128.173900000000117, 36.569399999000041 ] } },
{ "type": "Feature", "properties": { "fid": 816, "OBJECTID": 816, "st_id": "경북_009", "st_nm_kr": "점촌", "comment": "-", "rail_code": "경북", "id_lines": "경북선", "filter": "구역3:경부선의 동북부 지역 철도", "check_db": "김종혁", "st_nm_kj": "店村", "st_nm_mr": "Chŏmch'on", "st_nm_rmj": "Tenson" }, "geometry": { "type": "Point", "coordinates": [ 128.205, 36.5978 ] } },
{ "type": "Feature", "properties": { "fid": 817, "OBJECTID": 817, "st_id": "경북_010", "st_nm_kr": "용궁", "comment": "-", "rail_code": "경북", "id_lines": "경북선", "filter": "구역3:경부선의 동북부 지역 철도", "check_db": "김종혁", "st_nm_kj": "龍宮", "st_nm_mr": "Yonggung", "st_nm_rmj": "Ryūgū" }, "geometry": { "type": "Point", "coordinates": [ 128.2573000000001, 36.6096 ] } },
{ "type": "Feature", "properties": { "fid": 818, "OBJECTID": 818, "st_id": "경북_011", "st_nm_kr": "개포", "comment": "-", "rail_code": "경북", "id_lines": "경북선", "filter": "구역3:경부선의 동북부 지역 철도", "check_db": "김종혁", "st_nm_kj": "開浦", "st_nm_mr": "Kaep'o", "st_nm_rmj": "Kaiho" }, "geometry": { "type": "Point", "coordinates": [ 128.3263, 36.6263 ] } },
{ "type": "Feature", "properties": { "fid": 819, "OBJECTID": 819, "st_id": "경북_012", "st_nm_kr": "유천", "comment": "-", "rail_code": "경북", "id_lines": "경북선", "filter": "구역3:경부선의 동북부 지역 철도", "check_db": "김종혁", "st_nm_kj": "柳川", "st_nm_mr": "Yuch'ŏn", "st_nm_rmj": "Ryūsen" }, "geometry": { "type": "Point", "coordinates": [ 128.3941, 36.6335 ] } },
{ "type": "Feature", "properties": { "fid": 820, "OBJECTID": 820, "st_id": "경북_013", "st_nm_kr": "예천", "comment": "-", "rail_code": "경북", "id_lines": "경북선", "filter": "구역3:경부선의 동북부 지역 철도", "check_db": "김종혁", "st_nm_kj": "醴泉", "st_nm_mr": "Yech'ŏn", "st_nm_rmj": "Reisen" }, "geometry": { "type": "Point", "coordinates": [ 128.4539, 36.6502 ] } },
{ "type": "Feature", "properties": { "fid": 821, "OBJECTID": 821, "st_id": "경북_014", "st_nm_kr": "고평", "comment": "-", "rail_code": "경북", "id_lines": "경북선", "filter": "구역3:경부선의 동북부 지역 철도", "check_db": "김종혁", "st_nm_kj": "高坪", "st_nm_mr": "Kop'yŏng", "st_nm_rmj": "Kōhei" }, "geometry": { "type": "Point", "coordinates": [ 128.482, 36.6416 ] } },
{ "type": "Feature", "properties": { "fid": 822, "OBJECTID": 822, "st_id": "경북_015", "st_nm_kr": "영주", "comment": "-", "rail_code": "경북", "id_lines": "경북선", "filter": "구역3:경부선의 동북부 지역 철도", "check_db": "김종혁", "st_nm_kj": "栄州", "st_nm_mr": "Yŏngju", "st_nm_rmj": "Eishū" }, "geometry": null },
{ "type": "Feature", "properties": { "fid": 823, "OBJECTID": 823, "st_id": "충북_001", "st_nm_kr": "조치원", "comment": "-", "rail_code": "충북", "id_lines": "충북선", "filter": "구역3:경부선의 동북부 지역 철도", "check_db": "김종혁", "st_nm_kj": "鳥致院", "st_nm_mr": "Choch'iwŏn", "st_nm_rmj": "Chōchiin" }, "geometry": { "type": "Point", "coordinates": [ 127.2957, 36.601199999000073 ] } },
{ "type": "Feature", "properties": { "fid": 824, "OBJECTID": 824, "st_id": "충북_002", "st_nm_kr": "오송", "comment": "-", "rail_code": "충북", "id_lines": "충북선", "filter": "구역3:경부선의 동북부 지역 철도", "check_db": "김종혁", "st_nm_kj": "五松", "st_nm_mr": "Osong", "st_nm_rmj": "Goshō" }, "geometry": { "type": "Point", "coordinates": [ 127.3237, 36.6184 ] } },
{ "type": "Feature", "properties": { "fid": 825, "OBJECTID": 825, "st_id": "충북_003", "st_nm_kr": "월곡", "comment": "-", "rail_code": "충북", "id_lines": "충북선", "filter": "구역3:경부선의 동북부 지역 철도", "check_db": "김종혁", "st_nm_kj": "月谷", "st_nm_mr": "Wŏlgok", "st_nm_rmj": "Gekkoku" }, "geometry": { "type": "Point", "coordinates": [ 127.3635, 36.6249 ] } },
{ "type": "Feature", "properties": { "fid": 826, "OBJECTID": 826, "st_id": "충북_004", "st_nm_kr": "정봉", "comment": "-", "rail_code": "충북", "id_lines": "충북선", "filter": "구역3:경부선의 동북부 지역 철도", "check_db": "김종혁", "st_nm_kj": "丁峰", "st_nm_mr": "Chŏngbong", "st_nm_rmj": "Teihō" }, "geometry": { "type": "Point", "coordinates": [ 127.392200000000116, 36.646299999000064 ] } },
{ "type": "Feature", "properties": { "fid": 827, "OBJECTID": 827, "st_id": "충북_005", "st_nm_kr": "송정", "comment": "-", "rail_code": "충북", "id_lines": "충북선", "filter": "구역3:경부선의 동북부 지역 철도", "check_db": "김종혁", "st_nm_kj": "松亭", "st_nm_mr": "Songjŏng", "st_nm_rmj": "Shōtei" }, "geometry": { "type": "Point", "coordinates": [ 127.4342, 36.644200001000058 ] } },
{ "type": "Feature", "properties": { "fid": 828, "OBJECTID": 828, "st_id": "충북_006", "st_nm_kr": "청주", "comment": "-", "rail_code": "충북", "id_lines": "충북선", "filter": "구역3:경부선의 동북부 지역 철도", "check_db": "김종혁", "st_nm_kj": "淸州", "st_nm_mr": "Ch'ŏngju", "st_nm_rmj": "Shōshū" }, "geometry": { "type": "Point", "coordinates": [ 127.4898, 36.640900001000034 ] } },
{ "type": "Feature", "properties": { "fid": 829, "OBJECTID": 829, "st_id": "충북_007", "st_nm_kr": "정하", "comment": "-", "rail_code": "충북", "id_lines": "충북선", "filter": "구역3:경부선의 동북부 지역 철도", "check_db": "김종혁", "st_nm_kj": "井下", "st_nm_mr": "Chŏngha", "st_nm_rmj": "Seika" }, "geometry": { "type": "Point", "coordinates": [ 127.4636, 36.672599999000056 ] } },
{ "type": "Feature", "properties": { "fid": 830, "OBJECTID": 830, "st_id": "충북_008", "st_nm_kr": "오근장", "comment": "-", "rail_code": "충북", "id_lines": "충북선", "filter": "구역3:경부선의 동북부 지역 철도", "check_db": "김종혁", "st_nm_kj": "梧根場", "st_nm_mr": "Ogŭnjang", "st_nm_rmj": "Gokonjō" }, "geometry": { "type": "Point", "coordinates": [ 127.4782, 36.699899999000024 ] } },
{ "type": "Feature", "properties": { "fid": 831, "OBJECTID": 831, "st_id": "충북_009", "st_nm_kr": "내수", "comment": "-", "rail_code": "충북", "id_lines": "충북선", "filter": "구역3:경부선의 동북부 지역 철도", "check_db": "김종혁", "st_nm_kj": "內秀", "st_nm_mr": "Naesu", "st_nm_rmj": "Naishū" }, "geometry": { "type": "Point", "coordinates": [ 127.5372, 36.728599999000039 ] } },
{ "type": "Feature", "properties": { "fid": 832, "OBJECTID": 832, "st_id": "충북_010", "st_nm_kr": "청안", "comment": "-", "rail_code": "충북", "id_lines": "충북선", "filter": "구역3:경부선의 동북부 지역 철도", "check_db": "김종혁", "st_nm_kj": "清安", "st_nm_mr": "Ch'ŏngan", "st_nm_rmj": "Shōan" }, "geometry": { "type": "Point", "coordinates": [ 127.582000000000107, 36.7861 ] } },
{ "type": "Feature", "properties": { "fid": 833, "OBJECTID": 833, "st_id": "충북_011", "st_nm_kr": "도안", "comment": "-", "rail_code": "충북", "id_lines": "충북선", "filter": "구역3:경부선의 동북부 지역 철도", "check_db": "김종혁", "st_nm_kj": "道安", "st_nm_mr": "Toan", "st_nm_rmj": "Dōan" }, "geometry": { "type": "Point", "coordinates": [ 127.614, 36.814099999000064 ] } },
{ "type": "Feature", "properties": { "fid": 834, "OBJECTID": 834, "st_id": "충북_012", "st_nm_kr": "보천", "comment": "-", "rail_code": "충북", "id_lines": "충북선", "filter": "구역3:경부선의 동북부 지역 철도", "check_db": "김종혁", "st_nm_kj": "甫川", "st_nm_mr": "Poch'ŏn", "st_nm_rmj": "Fusen" }, "geometry": { "type": "Point", "coordinates": [ 127.6593, 36.875800001000073 ] } },
{ "type": "Feature", "properties": { "fid": 835, "OBJECTID": 835, "st_id": "충북_013", "st_nm_kr": "음성", "comment": "-", "rail_code": "충북", "id_lines": "충북선", "filter": "구역3:경부선의 동북부 지역 철도", "check_db": "김종혁", "st_nm_kj": "陰城", "st_nm_mr": "Ŭmsŏng", "st_nm_rmj": "Injō" }, "geometry": { "type": "Point", "coordinates": [ 127.6905, 36.928300001000025 ] } },
{ "type": "Feature", "properties": { "fid": 836, "OBJECTID": 836, "st_id": "충북_014", "st_nm_kr": "소이", "comment": "-", "rail_code": "충북", "id_lines": "충북선", "filter": "구역3:경부선의 동북부 지역 철도", "check_db": "김종혁", "st_nm_kj": "蘇伊", "st_nm_mr": "Soi", "st_nm_rmj": "Soi" }, "geometry": { "type": "Point", "coordinates": [ 127.7551, 36.9232 ] } },
{ "type": "Feature", "properties": { "fid": 837, "OBJECTID": 837, "st_id": "충북_015", "st_nm_kr": "대소원", "comment": "-", "rail_code": "충북", "id_lines": "충북선", "filter": "구역3:경부선의 동북부 지역 철도", "check_db": "김종혁", "st_nm_kj": "大召院", "st_nm_mr": "Taesowŏn", "st_nm_rmj": "Taishōin" }, "geometry": { "type": "Point", "coordinates": [ 127.7996, 36.9726 ] } },
{ "type": "Feature", "properties": { "fid": 838, "OBJECTID": 838, "st_id": "충북_016", "st_nm_kr": "달천", "comment": "-", "rail_code": "충북", "id_lines": "충북선", "filter": "구역3:경부선의 동북부 지역 철도", "check_db": "김종혁", "st_nm_kj": "達川", "st_nm_mr": "Talch'ŏn", "st_nm_rmj": "Tassen" }, "geometry": { "type": "Point", "coordinates": [ 127.883, 36.95979999900004 ] } },
{ "type": "Feature", "properties": { "fid": 839, "OBJECTID": 839, "st_id": "충북_017", "st_nm_kr": "충주", "comment": "-", "rail_code": "충북", "id_lines": "충북선", "filter": "구역3:경부선의 동북부 지역 철도", "check_db": "김종혁", "st_nm_kj": "忠州", "st_nm_mr": "Ch'ungju", "st_nm_rmj": "Chūshū" }, "geometry": { "type": "Point", "coordinates": [ 127.9161, 36.991599999000073 ] } },
{ "type": "Feature", "properties": { "fid": 840, "OBJECTID": 840, "st_id": "함북_001", "st_nm_kr": "고무산", "comment": "-", "rail_code": "함북", "id_lines": "함북선", "filter": "구역5:경원선 및 관련 지선", "check_db": "김종혁", "st_nm_kj": "古茂山", "st_nm_mr": "Komusan", "st_nm_rmj": "Komozan" }, "geometry": { "type": "Point", "coordinates": [ 129.6947, 42.1173 ] } },
{ "type": "Feature", "properties": { "fid": 841, "OBJECTID": 841, "st_id": "함북_002", "st_nm_kr": "유평", "comment": "-", "rail_code": "함북", "id_lines": "함북선", "filter": "구역5:경원선 및 관련 지선", "check_db": "김종혁", "st_nm_kj": "西上", "st_nm_mr": "Yup'yŏng", "st_nm_rmj": "Seijō" }, "geometry": { "type": "Point", "coordinates": [ 129.6545, 42.1511 ] } },
{ "type": "Feature", "properties": { "fid": 842, "OBJECTID": 842, "st_id": "함북_003", "st_nm_kr": "폐무산", "comment": "-", "rail_code": "함북", "id_lines": "함북선", "filter": "구역5:경원선 및 관련 지선", "check_db": "김종혁", "st_nm_kj": "廃茂山", "st_nm_mr": "P'yemusan", "st_nm_rmj": "Haimozan" }, "geometry": { "type": "Point", "coordinates": [ 129.6127, 42.177300001000049 ] } },
{ "type": "Feature", "properties": { "fid": 843, "OBJECTID": 843, "st_id": "함북_004", "st_nm_kr": "차령", "comment": "-", "rail_code": "함북", "id_lines": "함북선", "filter": "구역5:경원선 및 관련 지선", "check_db": "김종혁", "st_nm_kj": "車嶺", "st_nm_mr": "Ch'aryŏng", "st_nm_rmj": "Sharei" }, "geometry": { "type": "Point", "coordinates": [ 129.5574, 42.162900001000025 ] } },
{ "type": "Feature", "properties": { "fid": 844, "OBJECTID": 844, "st_id": "함북_005", "st_nm_kr": "금패", "comment": "-", "rail_code": "함북", "id_lines": "함북선", "filter": "구역5:경원선 및 관련 지선", "check_db": "김종혁", "st_nm_kj": "金佩", "st_nm_mr": "Kŭmp'ae", "st_nm_rmj": "Kinpai" }, "geometry": { "type": "Point", "coordinates": [ 129.4758, 42.1361 ] } },
{ "type": "Feature", "properties": { "fid": 845, "OBJECTID": 845, "st_id": "함북_006", "st_nm_kr": "신참", "comment": "-", "rail_code": "함북", "id_lines": "함북선", "filter": "구역5:경원선 및 관련 지선", "check_db": "김종혁", "st_nm_kj": "新站", "st_nm_mr": "Sinch'am", "st_nm_rmj": "Shinten" }, "geometry": { "type": "Point", "coordinates": [ 129.4071, 42.1141 ] } },
{ "type": "Feature", "properties": { "fid": 846, "OBJECTID": 846, "st_id": "함북_007", "st_nm_kr": "서풍산", "comment": "-", "rail_code": "함북", "id_lines": "함북선", "filter": "구역5:경원선 및 관련 지선", "check_db": "김종혁", "st_nm_kj": "西豊山", "st_nm_mr": "Sŏp'ungsan", "st_nm_rmj": "Seihōzan" }, "geometry": { "type": "Point", "coordinates": [ 129.3756, 42.145400001000041 ] } },
{ "type": "Feature", "properties": { "fid": 847, "OBJECTID": 847, "st_id": "함북_008", "st_nm_kr": "진화", "comment": "-", "rail_code": "함북", "id_lines": "함북선", "filter": "구역5:경원선 및 관련 지선", "check_db": "김종혁", "st_nm_kj": "珍貨", "st_nm_mr": "Chinhwa", "st_nm_rmj": "Chinka" }, "geometry": { "type": "Point", "coordinates": [ 129.3208, 42.208000001000073 ] } },
{ "type": "Feature", "properties": { "fid": 848, "OBJECTID": 848, "st_id": "함북_009", "st_nm_kr": "무산", "comment": "-", "rail_code": "함북", "id_lines": "함북선", "filter": "구역5:경원선 및 관련 지선", "check_db": "김종혁", "st_nm_kj": "茂山", "st_nm_mr": "Musan", "st_nm_rmj": "Mōzan" }, "geometry": { "type": "Point", "coordinates": [ 129.2321, 42.224099999000032 ] } },
{ "type": "Feature", "properties": { "fid": 849, "OBJECTID": 849, "st_id": "장항_001", "st_nm_kr": "천안", "comment": "-", "rail_code": "장항", "id_lines": "장항선", "filter": "구역2:경부선의 서남부 지역 철도", "check_db": "김종혁", "st_nm_kj": "天安", "st_nm_mr": "Ch'ŏnan", "st_nm_rmj": "Ten'an" }, "geometry": { "type": "Point", "coordinates": [ 127.1469, 36.8091 ] } },
{ "type": "Feature", "properties": { "fid": 850, "OBJECTID": 850, "st_id": "장항_002", "st_nm_kr": "세교", "comment": "-", "rail_code": "장항", "id_lines": "장항선", "filter": "구역2:경부선의 서남부 지역 철도", "check_db": "김종혁", "st_nm_kj": "細橋", "st_nm_mr": "Segyo", "st_nm_rmj": "Seikyō" }, "geometry": { "type": "Point", "coordinates": [ 127.1132, 36.7853 ] } },
{ "type": "Feature", "properties": { "fid": 851, "OBJECTID": 851, "st_id": "장항_003", "st_nm_kr": "모산", "comment": "-", "rail_code": "장항", "id_lines": "장항선", "filter": "구역2:경부선의 서남부 지역 철도", "check_db": "김종혁", "st_nm_kj": "毛山", "st_nm_mr": "Mosan", "st_nm_rmj": "Mōsan" }, "geometry": { "type": "Point", "coordinates": [ 127.061, 36.7743 ] } },
{ "type": "Feature", "properties": { "fid": 852, "OBJECTID": 852, "st_id": "장항_004", "st_nm_kr": "온양온천", "comment": "-", "rail_code": "장항", "id_lines": "장항선", "filter": "구역2:경부선의 서남부 지역 철도", "check_db": "김종혁", "st_nm_kj": "溫陽溫泉", "st_nm_mr": "Onyangonch'ŏn", "st_nm_rmj": "On'yōonsen" }, "geometry": { "type": "Point", "coordinates": [ 127.002300000000105, 36.7805 ] } },
{ "type": "Feature", "properties": { "fid": 853, "OBJECTID": 853, "st_id": "장항_005", "st_nm_kr": "충남신창", "comment": "-", "rail_code": "장항", "id_lines": "장항선", "filter": "구역2:경부선의 서남부 지역 철도", "check_db": "김종혁", "st_nm_kj": "忠南新昌", "st_nm_mr": "Ch'ungnamsinch'ang", "st_nm_rmj": "Chūnan-Shinshō" }, "geometry": { "type": "Point", "coordinates": [ 126.9333, 36.804099999000073 ] } },
{ "type": "Feature", "properties": { "fid": 854, "OBJECTID": 854, "st_id": "장항_006", "st_nm_kr": "선장", "comment": "-", "rail_code": "장항", "id_lines": "장항선", "filter": "구역2:경부선의 서남부 지역 철도", "check_db": "김종혁", "st_nm_kj": "仙掌", "st_nm_mr": "Sŏnjang", "st_nm_rmj": "Senshō" }, "geometry": { "type": "Point", "coordinates": [ 126.8667, 36.761 ] } },
{ "type": "Feature", "properties": { "fid": 855, "OBJECTID": 855, "st_id": "장항_007", "st_nm_kr": "신례원", "comment": "-", "rail_code": "장항", "id_lines": "장항선", "filter": "구역2:경부선의 서남부 지역 철도", "check_db": "김종혁", "st_nm_kj": "新禮院", "st_nm_mr": "Sillyewŏn", "st_nm_rmj": "Shinreiin" }, "geometry": { "type": "Point", "coordinates": [ 126.848300000000108, 36.7259 ] } },
{ "type": "Feature", "properties": { "fid": 856, "OBJECTID": 856, "st_id": "장항_008", "st_nm_kr": "예산", "comment": "-", "rail_code": "장항", "id_lines": "장항선", "filter": "구역2:경부선의 서남부 지역 철도", "check_db": "김종혁", "st_nm_kj": "禮山", "st_nm_mr": "Yesan", "st_nm_rmj": "Reizan" }, "geometry": { "type": "Point", "coordinates": [ 126.829, 36.6864 ] } },
{ "type": "Feature", "properties": { "fid": 857, "OBJECTID": 857, "st_id": "장항_009", "st_nm_kr": "오가", "comment": "-", "rail_code": "장항", "id_lines": "장항선", "filter": "구역2:경부선의 서남부 지역 철도", "check_db": "김종혁", "st_nm_kj": "吾可", "st_nm_mr": "Oga", "st_nm_rmj": "Goka" }, "geometry": { "type": "Point", "coordinates": [ 126.781300000000101, 36.68239999900004 ] } },
{ "type": "Feature", "properties": { "fid": 858, "OBJECTID": 858, "st_id": "장항_010", "st_nm_kr": "삽교", "comment": "-", "rail_code": "장항", "id_lines": "장항선", "filter": "구역2:경부선의 서남부 지역 철도", "check_db": "김종혁", "st_nm_kj": "揷橋", "st_nm_mr": "Sapkyo", "st_nm_rmj": "Sōkyō" }, "geometry": { "type": "Point", "coordinates": [ 126.7366, 36.6853 ] } },
{ "type": "Feature", "properties": { "fid": 859, "OBJECTID": 859, "st_id": "장항_011", "st_nm_kr": "화양", "comment": "-", "rail_code": "장항", "id_lines": "장항선", "filter": "구역2:경부선의 서남부 지역 철도", "check_db": "김종혁", "st_nm_kj": "華陽", "st_nm_mr": "Hwayang", "st_nm_rmj": "Kayō" }, "geometry": { "type": "Point", "coordinates": [ 126.714200000000119, 36.624 ] } },
{ "type": "Feature", "properties": { "fid": 860, "OBJECTID": 860, "st_id": "장항_012", "st_nm_kr": "홍성", "comment": "-", "rail_code": "장항", "id_lines": "장항선", "filter": "구역2:경부선의 서남부 지역 철도", "check_db": "김종혁", "st_nm_kj": "洪城", "st_nm_mr": "Hongsŏng", "st_nm_rmj": "Kōsei" }, "geometry": { "type": "Point", "coordinates": [ 126.6786, 36.5996 ] } },
{ "type": "Feature", "properties": { "fid": 861, "OBJECTID": 861, "st_id": "장항_013", "st_nm_kr": "신곡", "comment": "-", "rail_code": "장항", "id_lines": "장항선", "filter": "구역2:경부선의 서남부 지역 철도", "check_db": "김종혁", "st_nm_kj": "新谷", "st_nm_mr": "Sin'gok", "st_nm_rmj": "Shinkoku" }, "geometry": { "type": "Point", "coordinates": [ 126.637, 36.533399999000039 ] } },
{ "type": "Feature", "properties": { "fid": 862, "OBJECTID": 862, "st_id": "장항_014", "st_nm_kr": "광천", "comment": "-", "rail_code": "장항", "id_lines": "장항선", "filter": "구역2:경부선의 서남부 지역 철도", "check_db": "김종혁", "st_nm_kj": "廣川", "st_nm_mr": "Kwangch'ŏn", "st_nm_rmj": "Kōsen" }, "geometry": { "type": "Point", "coordinates": [ 126.6226, 36.5021 ] } },
{ "type": "Feature", "properties": { "fid": 863, "OBJECTID": 863, "st_id": "장항_015", "st_nm_kr": "죽림", "comment": "-", "rail_code": "장항", "id_lines": "장항선", "filter": "구역2:경부선의 서남부 지역 철도", "check_db": "김종혁", "st_nm_kj": "竹林", "st_nm_mr": "Chungnim", "st_nm_rmj": "Chikurin" }, "geometry": { "type": "Point", "coordinates": [ 126.6175, 36.4671 ] } },
{ "type": "Feature", "properties": { "fid": 864, "OBJECTID": 864, "st_id": "장항_016", "st_nm_kr": "진죽", "comment": "-", "rail_code": "장항", "id_lines": "장항선", "filter": "구역2:경부선의 서남부 지역 철도", "check_db": "김종혁", "st_nm_kj": "眞竹", "st_nm_mr": "Chinjuk", "st_nm_rmj": "Shinchiku" }, "geometry": { "type": "Point", "coordinates": [ 126.591, 36.445499999000049 ] } },
{ "type": "Feature", "properties": { "fid": 865, "OBJECTID": 865, "st_id": "장항_017", "st_nm_kr": "주포", "comment": "-", "rail_code": "장항", "id_lines": "장항선", "filter": "구역2:경부선의 서남부 지역 철도", "check_db": "김종혁", "st_nm_kj": "周浦", "st_nm_mr": "Chup'o", "st_nm_rmj": "Shūho" }, "geometry": { "type": "Point", "coordinates": [ 126.5688, 36.406400001000065 ] } },
{ "type": "Feature", "properties": { "fid": 866, "OBJECTID": 866, "st_id": "장항_018", "st_nm_kr": "대천", "comment": "-", "rail_code": "장항", "id_lines": "장항선", "filter": "구역2:경부선의 서남부 지역 철도", "check_db": "김종혁", "st_nm_kj": "大川", "st_nm_mr": "Taech'ŏn", "st_nm_rmj": "Daisen" }, "geometry": { "type": "Point", "coordinates": [ 126.5898, 36.351299999000048 ] } },
{ "type": "Feature", "properties": { "fid": 867, "OBJECTID": 867, "st_id": "장항_019", "st_nm_kr": "남포", "comment": "-", "rail_code": "장항", "id_lines": "장항선", "filter": "구역2:경부선의 서남부 지역 철도", "check_db": "김종혁", "st_nm_kj": "藍浦", "st_nm_mr": "Namp'o", "st_nm_rmj": "Ranpo" }, "geometry": { "type": "Point", "coordinates": [ 126.5948, 36.3157 ] } },
{ "type": "Feature", "properties": { "fid": 868, "OBJECTID": 868, "st_id": "장항_020", "st_nm_kr": "웅천", "comment": "-", "rail_code": "장항", "id_lines": "장항선", "filter": "구역2:경부선의 서남부 지역 철도", "check_db": "김종혁", "st_nm_kj": "熊川", "st_nm_mr": "Ungch'ŏn", "st_nm_rmj": "Yūsen" }, "geometry": { "type": "Point", "coordinates": [ 126.601900000000114, 36.236 ] } },
{ "type": "Feature", "properties": { "fid": 869, "OBJECTID": 869, "st_id": "장항_021", "st_nm_kr": "간치", "comment": "-", "rail_code": "장항", "id_lines": "장항선", "filter": "구역2:경부선의 서남부 지역 철도", "check_db": "김종혁", "st_nm_kj": "艮峙", "st_nm_mr": "Kanch'i", "st_nm_rmj": "Konchi" }, "geometry": { "type": "Point", "coordinates": [ 126.6236, 36.2075 ] } },
{ "type": "Feature", "properties": { "fid": 870, "OBJECTID": 870, "st_id": "장항_022", "st_nm_kr": "주산", "comment": "-", "rail_code": "장항", "id_lines": "장항선", "filter": "구역2:경부선의 서남부 지역 철도", "check_db": "김종혁", "st_nm_kj": "珠山", "st_nm_mr": "Chusan", "st_nm_rmj": "Shuzan" }, "geometry": { "type": "Point", "coordinates": [ 126.6375, 36.1987 ] } },
{ "type": "Feature", "properties": { "fid": 871, "OBJECTID": 871, "st_id": "장항_023", "st_nm_kr": "판교", "comment": "-", "rail_code": "장항", "id_lines": "장항선", "filter": "구역2:경부선의 서남부 지역 철도", "check_db": "김종혁", "st_nm_kj": "板橋", "st_nm_mr": "P'an'gyo", "st_nm_rmj": "Hankyō" }, "geometry": { "type": "Point", "coordinates": [ 126.6802, 36.1536 ] } },
{ "type": "Feature", "properties": { "fid": 872, "OBJECTID": 872, "st_id": "장항_024", "st_nm_kr": "서천", "comment": "-", "rail_code": "장항", "id_lines": "장항선", "filter": "구역2:경부선의 서남부 지역 철도", "check_db": "김종혁", "st_nm_kj": "舒川", "st_nm_mr": "Sŏch'ŏn", "st_nm_rmj": "Shosen" }, "geometry": { "type": "Point", "coordinates": [ 126.7009, 36.077 ] } },
{ "type": "Feature", "properties": { "fid": 873, "OBJECTID": 873, "st_id": "장항_025", "st_nm_kr": "삼산리", "comment": "-", "rail_code": "장항", "id_lines": "장항선", "filter": "구역2:경부선의 서남부 지역 철도", "check_db": "김종혁", "st_nm_kj": "三山里", "st_nm_mr": "Samsalli", "st_nm_rmj": "Sansanri" }, "geometry": { "type": "Point", "coordinates": [ 126.7113, 36.066199999000048 ] } },
{ "type": "Feature", "properties": { "fid": 874, "OBJECTID": 874, "st_id": "장항_026", "st_nm_kr": "장항", "comment": "-", "rail_code": "장항", "id_lines": "장항선", "filter": "구역2:경부선의 서남부 지역 철도", "check_db": "김종혁", "st_nm_kj": "長項", "st_nm_mr": "Changhang", "st_nm_rmj": "Chōkō" }, "geometry": { "type": "Point", "coordinates": [ 126.696100000000115, 36.0197 ] } },
{ "type": "Feature", "properties": { "fid": 875, "OBJECTID": 875, "st_id": "장항_027", "st_nm_kr": "장항잔교", "comment": "-", "rail_code": "장항", "id_lines": "장항선", "filter": "구역2:경부선의 서남부 지역 철도", "check_db": "김종혁", "st_nm_kj": "長項棧橋", "st_nm_mr": "Changhangjan'gyo", "st_nm_rmj": "Chōkō Sanbashi" }, "geometry": { "type": "Point", "coordinates": [ 126.6736, 36.0078 ] } },
{ "type": "Feature", "properties": { "fid": 876, "OBJECTID": 876, "st_id": "토해_001", "st_nm_kr": "토성", "comment": "-", "rail_code": "토해", "id_lines": "토해선", "filter": "구역4:경의선 및 관련 지선", "check_db": "김종혁", "st_nm_kj": "土城", "st_nm_mr": "T'osŏng", "st_nm_rmj": "Dojō" }, "geometry": { "type": "Point", "coordinates": [ 126.4578, 37.9528 ] } },
{ "type": "Feature", "properties": { "fid": 877, "OBJECTID": 877, "st_id": "토해_002", "st_nm_kr": "예성강", "comment": "-", "rail_code": "토해", "id_lines": "토해선", "filter": "구역4:경의선 및 관련 지선", "check_db": "김종혁", "st_nm_kj": "禮成江", "st_nm_mr": "Yesŏnggang", "st_nm_rmj": "Reiseikō" }, "geometry": null },
{ "type": "Feature", "properties": { "fid": 878, "OBJECTID": 878, "st_id": "토해_003", "st_nm_kr": "성호", "comment": "-", "rail_code": "토해", "id_lines": "토해선", "filter": "구역4:경의선 및 관련 지선", "check_db": "김종혁", "st_nm_kj": "星湖", "st_nm_mr": "Sŏngho", "st_nm_rmj": "Seiko" }, "geometry": null },
{ "type": "Feature", "properties": { "fid": 879, "OBJECTID": 879, "st_id": "토해_004", "st_nm_kr": "배천온천", "comment": "-", "rail_code": "토해", "id_lines": "토해선", "filter": "구역4:경의선 및 관련 지선", "check_db": "김종혁", "st_nm_kj": "白川温泉", "st_nm_mr": "Paech'ŏnonch'ŏn", "st_nm_rmj": "Hakusen Onsen" }, "geometry": null },
{ "type": "Feature", "properties": { "fid": 880, "OBJECTID": 880, "st_id": "토해_005", "st_nm_kr": "홍현", "comment": "-", "rail_code": "토해", "id_lines": "토해선", "filter": "구역4:경의선 및 관련 지선", "check_db": "김종혁", "st_nm_kj": "紅峴", "st_nm_mr": "Honghyŏn", "st_nm_rmj": "Kōken" }, "geometry": null },
{ "type": "Feature", "properties": { "fid": 881, "OBJECTID": 881, "st_id": "토해_006", "st_nm_kr": "무구", "comment": "-", "rail_code": "토해", "id_lines": "토해선", "filter": "구역4:경의선 및 관련 지선", "check_db": "김종혁", "st_nm_kj": "無仇", "st_nm_mr": "Mugu", "st_nm_rmj": "Bukyū" }, "geometry": null },
{ "type": "Feature", "properties": { "fid": 882, "OBJECTID": 882, "st_id": "토해_007", "st_nm_kr": "연안온천", "comment": "-", "rail_code": "토해", "id_lines": "토해선", "filter": "구역4:경의선 및 관련 지선", "check_db": "김종혁", "st_nm_kj": "延安温泉", "st_nm_mr": "Yŏnanonch'ŏn", "st_nm_rmj": "En'an Onsen" }, "geometry": null },
{ "type": "Feature", "properties": { "fid": 883, "OBJECTID": 883, "st_id": "토해_008", "st_nm_kr": "연안", "comment": "-", "rail_code": "토해", "id_lines": "토해선", "filter": "구역4:경의선 및 관련 지선", "check_db": "김종혁", "st_nm_kj": "延安", "st_nm_mr": "Yŏnan", "st_nm_rmj": "En'an" }, "geometry": null },
{ "type": "Feature", "properties": { "fid": 884, "OBJECTID": 884, "st_id": "토해_009", "st_nm_kr": "봉서", "comment": "-", "rail_code": "토해", "id_lines": "토해선", "filter": "구역4:경의선 및 관련 지선", "check_db": "김종혁", "st_nm_kj": "鳳西", "st_nm_mr": "Pongsŏ", "st_nm_rmj": "Hōsei" }, "geometry": null },
{ "type": "Feature", "properties": { "fid": 885, "OBJECTID": 885, "st_id": "토해_010", "st_nm_kr": "풍천", "comment": "-", "rail_code": "토해", "id_lines": "토해선", "filter": "구역4:경의선 및 관련 지선", "check_db": "김종혁", "st_nm_kj": "楓川", "st_nm_mr": "P'ungch'ŏn", "st_nm_rmj": "Hōsen" }, "geometry": null },
{ "type": "Feature", "properties": { "fid": 886, "OBJECTID": 886, "st_id": "토해_011", "st_nm_kr": "천대", "comment": "-", "rail_code": "토해", "id_lines": "토해선", "filter": "구역4:경의선 및 관련 지선", "check_db": "김종혁", "st_nm_kj": "天台", "st_nm_mr": "Ch'ŏndae", "st_nm_rmj": "Tendai" }, "geometry": null },
{ "type": "Feature", "properties": { "fid": 887, "OBJECTID": 887, "st_id": "토해_012", "st_nm_kr": "심가", "comment": "-", "rail_code": "토해", "id_lines": "토해선", "filter": "구역4:경의선 및 관련 지선", "check_db": "김종혁", "st_nm_kj": "深桂", "st_nm_mr": "Simga", "st_nm_rmj": "Shinkei" }, "geometry": null },
{ "type": "Feature", "properties": { "fid": 888, "OBJECTID": 888, "st_id": "토해_013", "st_nm_kr": "청단", "comment": "-", "rail_code": "토해", "id_lines": "토해선", "filter": "구역4:경의선 및 관련 지선", "check_db": "김종혁", "st_nm_kj": "青丹", "st_nm_mr": "Ch'ŏngdan", "st_nm_rmj": "Seitan" }, "geometry": null },
{ "type": "Feature", "properties": { "fid": 889, "OBJECTID": 889, "st_id": "토해_014", "st_nm_kr": "내성", "comment": "-", "rail_code": "토해", "id_lines": "토해선", "filter": "구역4:경의선 및 관련 지선", "check_db": "김종혁", "st_nm_kj": "來城", "st_nm_mr": "Naesŏng", "st_nm_rmj": "Raijō" }, "geometry": null },
{ "type": "Feature", "properties": { "fid": 890, "OBJECTID": 890, "st_id": "토해_015", "st_nm_kr": "천결", "comment": "-", "rail_code": "토해", "id_lines": "토해선", "filter": "구역4:경의선 및 관련 지선", "check_db": "김종혁", "st_nm_kj": "泉決", "st_nm_mr": "Ch'ŏn'gyŏl", "st_nm_rmj": "Senketsu" }, "geometry": null },
{ "type": "Feature", "properties": { "fid": 891, "OBJECTID": 891, "st_id": "토해_016", "st_nm_kr": "영양", "comment": "-", "rail_code": "토해", "id_lines": "토해선", "filter": "구역4:경의선 및 관련 지선", "check_db": "김종혁", "st_nm_kj": "迎陽", "st_nm_mr": "Yŏngyang", "st_nm_rmj": "Geiyō" }, "geometry": { "type": "Point", "coordinates": [ 125.7824, 38.0101 ] } },
{ "type": "Feature", "properties": { "fid": 892, "OBJECTID": 892, "st_id": "토해_017", "st_nm_kr": "동해주", "comment": "-", "rail_code": "토해", "id_lines": "토해선", "filter": "구역4:경의선 및 관련 지선", "check_db": "김종혁", "st_nm_kj": "東海州", "st_nm_mr": "Tonghaeju", "st_nm_rmj": "Higashi-Kaishū" }, "geometry": { "type": "Point", "coordinates": [ 125.7259, 38.0277 ] } },
{ "type": "Feature", "properties": { "fid": 893, "OBJECTID": 893, "st_id": "토해_018", "st_nm_kr": "해주", "comment": "-", "rail_code": "토해", "id_lines": "토해선", "filter": "구역4:경의선 및 관련 지선", "check_db": "김종혁", "st_nm_kj": "海州", "st_nm_mr": "Haeju", "st_nm_rmj": "Kaishū" }, "geometry": { "type": "Point", "coordinates": [ 125.7023, 38.0254 ] } },
{ "type": "Feature", "properties": { "fid": 894, "OBJECTID": 894, "st_id": "cc_004", "st_nm_kr": "차호", "comment": "-", "rail_code": "cc", "id_lines": "철산차호선", "filter": "구역5:경원선 및 관련 지선", "check_db": "김종혁", "st_nm_kj": "遮湖", "st_nm_mr": "Ch'aho", "st_nm_rmj": "Shako" }, "geometry": { "type": "Point", "coordinates": [ 128.6483, 40.2009 ] } },
{ "type": "Feature", "properties": { "fid": 895, "OBJECTID": 895, "st_id": "cc_003", "st_nm_kr": "증산", "comment": "-", "rail_code": "cc", "id_lines": "철산차호선", "filter": "구역5:경원선 및 관련 지선", "check_db": "김종혁", "st_nm_kj": "曾山", "st_nm_mr": "Chŭngsan", "st_nm_rmj": "Sōzan" }, "geometry": { "type": "Point", "coordinates": [ 128.602800000000116, 40.2152 ] } },
{ "type": "Feature", "properties": { "fid": 896, "OBJECTID": 896, "st_id": "cc_002", "st_nm_kr": "나흥", "comment": "-", "rail_code": "cc", "id_lines": "철산차호선", "filter": "구역5:경원선 및 관련 지선", "check_db": "김종혁", "st_nm_kj": "羅興", "st_nm_mr": "Nahŭng", "st_nm_rmj": "Nakō" }, "geometry": { "type": "Point", "coordinates": [ 128.5904, 40.192299999000056 ] } },
{ "type": "Feature", "properties": { "fid": 897, "OBJECTID": 897, "st_id": "cc_001", "st_nm_kr": "이원철산", "comment": "-", "rail_code": "cc", "id_lines": "철산차호선", "filter": "구역5:경원선 및 관련 지선", "check_db": "김종혁", "st_nm_kj": "利原鐵山", "st_nm_mr": "Iwŏnch'ŏlsan", "st_nm_rmj": "Rigentetsuzan" }, "geometry": { "type": "Point", "coordinates": [ 128.5813, 40.214500001000033 ] } },
{ "type": "Feature", "properties": { "fid": 898, "OBJECTID": 898, "st_id": "yd_002", "st_nm_kr": "동룡굴", "comment": "-", "rail_code": "yd", "id_lines": "용등선", "filter": "구역4:경의선 및 관련 지선", "check_db": "김종혁", "st_nm_kj": "蝀龍窟", "st_nm_mr": "Tongnyonggul", "st_nm_rmj": "Tōryūkutsu" }, "geometry": null },
{ "type": "Feature", "properties": { "fid": 899, "OBJECTID": 899, "st_id": "yd_001", "st_nm_kr": "구장", "comment": "-", "rail_code": "yd", "id_lines": "용등선", "filter": "구역4:경의선 및 관련 지선", "check_db": "김종혁", "st_nm_kj": "球場", "st_nm_mr": "Kujang", "st_nm_rmj": "Kyūjō" }, "geometry": null },
{ "type": "Feature", "properties": { "fid": 900, "OBJECTID": 900, "st_id": "yd_003", "st_nm_kr": "용등", "comment": "-", "rail_code": "yd", "id_lines": "용등선", "filter": "구역4:경의선 및 관련 지선", "check_db": "김종혁", "st_nm_kj": "龍登", "st_nm_mr": "Yongdŭng", "st_nm_rmj": "Ryūtō" }, "geometry": null },
{ "type": "Feature", "properties": { "fid": 901, "OBJECTID": 901, "st_id": "장지리선_001", "st_nm_kr": "장산리", "comment": "-", "rail_code": "장지리", "id_lines": "장지리선", "filter": "구역4:경의선 및 관련 지선", "check_db": "김종혁", "st_nm_kj": "長山里", "st_nm_mr": "Changsalli", "st_nm_rmj": "Chōsanri" }, "geometry": null },
{ "type": "Feature", "properties": { "fid": 902, "OBJECTID": 902, "st_id": "경북_016", "st_nm_kr": "풍산", "comment": "-", "rail_code": "경북", "id_lines": "경북선", "filter": "구역3:경부선의 동북부 지역 철도", "check_db": "김종혁", "st_nm_kj": "豊山", "st_nm_mr": "P'ungsan", "st_nm_rmj": "Hōzan" }, "geometry": null },
{ "type": "Feature", "properties": { "fid": 903, "OBJECTID": 903, "st_id": "경북_017", "st_nm_kr": "호명", "comment": "-", "rail_code": "경북", "id_lines": "경북선", "filter": "구역3:경부선의 동북부 지역 철도", "check_db": "김종혁", "st_nm_kj": "虎鳴", "st_nm_mr": "Homyŏng", "st_nm_rmj": "Komei" }, "geometry": null },
{ "type": "Feature", "properties": { "fid": 904, "OBJECTID": 904, "st_id": "경북_018", "st_nm_kr": "명동", "comment": "-", "rail_code": "경북", "id_lines": "경북선", "filter": "구역3:경부선의 동북부 지역 철도", "check_db": "김종혁", "st_nm_kj": "鳴洞", "st_nm_mr": "Myŏngdong", "st_nm_rmj": "Meitō" }, "geometry": null },
{ "type": "Feature", "properties": { "fid": 905, "OBJECTID": 906, "st_id": "해주선_001", "st_nm_kr": "하성", "comment": "-", "rail_code": "해주", "id_lines": "해주선", "filter": "구역4:경의선 및 관련 지선", "check_db": "김종혁", "st_nm_kj": "下聖", "st_nm_mr": "Hasŏng", "st_nm_rmj": "Kasei" }, "geometry": { "type": "Point", "coordinates": [ 125.7616, 38.232799999000065 ] } },
{ "type": "Feature", "properties": { "fid": 906, "OBJECTID": 907, "st_id": "금강산_007", "st_nm_kr": "김화", "comment": "-", "rail_code": "금강산", "id_lines": "금강산선", "filter": "구역5:경원선 및 관련 지선", "check_db": "김종혁", "st_nm_kj": "金化", "st_nm_mr": "Kimhwa", "st_nm_rmj": "Kinka" }, "geometry": { "type": "Point", "coordinates": [ 127.4613, 38.2906 ] } },
{ "type": "Feature", "properties": { "fid": 907, "OBJECTID": 908, "st_id": "pys_014", "st_nm_kr": "성내", "comment": "-", "rail_code": "pys", "id_lines": "평원선", "filter": "구역4:경의선 및 관련 지선", "check_db": "김종혁", "st_nm_kj": "城內", "st_nm_mr": "Sŏngnae", "st_nm_rmj": "Jōnai" }, "geometry": null },
{ "type": "Feature", "properties": { "fid": 908, "OBJECTID": 909, "st_id": "아오선_001", "st_nm_kr": "회암", "comment": "-", "rail_code": "아오", "id_lines": "아오선", "filter": "구역5:경원선 및 관련 지선", "check_db": "김종혁", "st_nm_kj": "灰岩", "st_nm_mr": "Hoeam", "st_nm_rmj": "Kaigan" }, "geometry": null },
{ "type": "Feature", "properties": { "fid": 909, "OBJECTID": 910, "st_id": "아오선_001", "st_nm_kr": "오봉", "comment": "-", "rail_code": "아오", "id_lines": "아오선", "filter": "구역5:경원선 및 관련 지선", "check_db": "김종혁", "st_nm_kj": "梧鳳", "st_nm_mr": "Obong", "st_nm_rmj": "Gohō" }, "geometry": null },
{ "type": "Feature", "properties": { "fid": 910, "OBJECTID": 911, "st_id": "중앙선_001", "st_nm_kr": "제천", "comment": "-", "rail_code": "중앙", "id_lines": "중앙선", "filter": "구역3:경부선의 동북부 지역 철도", "check_db": "김종혁", "st_nm_kj": "堤川", "st_nm_mr": "Chech'ŏn", "st_nm_rmj": "Teisen" }, "geometry": null },
{ "type": "Feature", "properties": { "fid": 911, "OBJECTID": 912, "st_id": "삼척선_001", "st_nm_kr": "삼척", "comment": "-", "rail_code": "삼척", "id_lines": "삼척선", "filter": "구역3:경부선의 동북부 지역 철도", "check_db": "김종혁", "st_nm_kj": "三陟", "st_nm_mr": "Samch'ŏk", "st_nm_rmj": "Sanchoku" }, "geometry": null },
{ "type": "Feature", "properties": { "fid": 912, "OBJECTID": 913, "st_id": "금강산_001", "st_nm_kr": "금성", "comment": "-", "rail_code": "금강산", "id_lines": "금강산선", "filter": "구역5:경원선 및 관련 지선", "check_db": "김종혁", "st_nm_kj": "金城", "st_nm_mr": "Kŭmsŏng", "st_nm_rmj": "Kinjō" }, "geometry": { "type": "Point", "coordinates": [ 127.604, 38.419500001000074 ] } },
{ "type": "Feature", "properties": { "fid": 913, "OBJECTID": 914, "st_id": "금강산_002", "st_nm_kr": "탄감리", "comment": "-", "rail_code": "금강산", "id_lines": "금강산선", "filter": "구역5:경원선 및 관련 지선", "check_db": "김종혁", "st_nm_kj": "炭甘", "st_nm_mr": "T'an'gamni", "st_nm_rmj": "Tankan" }, "geometry": { "type": "Point", "coordinates": [ 127.6518, 38.465 ] } },
{ "type": "Feature", "properties": { "fid": 914, "OBJECTID": 915, "st_id": "hk_062", "st_nm_kr": "반송", "comment": "-", "rail_code": "hk", "id_lines": "함경선", "filter": "구역5:경원선 및 관련 지선", "check_db": "김종혁", "st_nm_kj": "盤松", "st_nm_mr": "Pansong", "st_nm_rmj": "Banshō" }, "geometry": { "type": "Point", "coordinates": [ 128.5364, 40.1732 ] } },
{ "type": "Feature", "properties": { "fid": 915, "OBJECTID": 916, "st_id": "금강산_003", "st_nm_kr": "금강구", "comment": "-", "rail_code": "금강산", "id_lines": "금강산선", "filter": "구역5:경원선 및 관련 지선", "check_db": "김종혁", "st_nm_kj": "金剛口", "st_nm_mr": "Kŭmganggu", "st_nm_rmj": "Kingōkō" }, "geometry": { "type": "Point", "coordinates": [ 127.9861, 38.6218 ] } },
{ "type": "Feature", "properties": { "fid": 916, "OBJECTID": 917, "st_id": "금강산_004", "st_nm_kr": "화계", "comment": "-", "rail_code": "금강산", "id_lines": "금강산선", "filter": "구역5:경원선 및 관련 지선", "check_db": "김종혁", "st_nm_kj": "花溪", "st_nm_mr": "Hwagye", "st_nm_rmj": "Kakei" }, "geometry": { "type": "Point", "coordinates": [ 127.8892, 38.562000001000058 ] } },
{ "type": "Feature", "properties": { "fid": 917, "OBJECTID": 918, "st_id": "금강산_005", "st_nm_kr": "창도", "comment": "-", "rail_code": "금강산", "id_lines": "금강산선", "filter": "구역5:경원선 및 관련 지선", "check_db": "김종혁", "st_nm_kj": "昌道", "st_nm_mr": "Ch'angdo", "st_nm_rmj": "Shōdō" }, "geometry": { "type": "Point", "coordinates": [ 127.6707, 38.509099999000057 ] } },
{ "type": "Feature", "properties": { "fid": 918, "OBJECTID": 919, "st_id": "금강산_006", "st_nm_kr": "내금강", "comment": "-", "rail_code": "금강산", "id_lines": "금강산선", "filter": "구역5:경원선 및 관련 지선", "check_db": "김종혁", "st_nm_kj": "內金剛", "st_nm_mr": "Naegŭmgang", "st_nm_rmj": "Uchikongō" }, "geometry": null },
{ "type": "Feature", "properties": { "fid": 919, "OBJECTID": 920, "st_id": "gg_015", "st_nm_kr": "장호원", "comment": "-", "rail_code": "gg", "id_lines": "경기선", "filter": "구역3:경부선의 동북부 지역 철도", "check_db": "김종혁", "st_nm_kj": "長湖院", "st_nm_mr": "Changhowŏn", "st_nm_rmj": "Chōkoen" }, "geometry": { "type": "Point", "coordinates": [ 127.6316, 37.1171 ] } }
]
}
