{
"type": "FeatureCollection",
"name": "manchukuo-1935",
"crs": { "type": "name", "properties": { "name": "urn:ogc:def:crs:OGC:1.3:CRS84" } },
"features": [
{ "type": "Feature", "properties": { }, "geometry": { "type": "Polygon", "coordinates": [ [ [ 119.780693054199219, 39.952079772949276 ], [ 119.803474426269645, 39.978473663330135 ], [ 119.91124656234048, 39.998747463534947 ], [ 119.77091725476545, 39.998747463534947 ], [ 119.772139200000012, 39.9979174 ], [ 119.772965299999967, 39.9974982 ], [ 119.773818199999951, 39.99719 ], [ 119.7745156, 39.997001 ], [ 119.7771978, 39.9964256 ], [ 119.778597899999951, 39.9959057 ], [ 119.780969499999983, 39.9949295 ], [ 119.782264, 39.9945224 ], [ 119.7823504, 39.9946728 ], [ 119.782559599999985, 39.994596799999989 ], [ 119.7824887, 39.9944425 ], [ 119.731792, 40.0382122 ], [ 119.7316666, 40.0381511 ], [ 119.7313772, 40.0382994 ], [ 119.7311854, 40.0382626 ], [ 119.7308203, 40.0383056 ], [ 119.730639399999973, 40.0384605 ], [ 119.7304134, 40.0386883 ], [ 119.7302364, 40.038788 ], [ 119.730008200000015, 40.0388946 ], [ 119.729945, 40.0390893 ], [ 119.729904799999986, 40.0393644 ], [ 119.7299982, 40.0395029 ], [ 119.7298749, 40.0397409 ], [ 119.729743799999966, 40.0398965 ], [ 119.729676, 40.0401243 ], [ 119.72960089999998, 40.0401571 ], [ 119.7294523, 40.0401411 ], [ 119.7293434, 40.04023930000001 ], [ 119.729380299999988, 40.0404346 ], [ 119.729202299999969, 40.0405656 ], [ 119.729067599999965, 40.040906 ], [ 119.729020299999988, 40.0409958 ], [ 119.729117400000021, 40.0412941 ], [ 119.729565400000013, 40.041822 ], [ 119.7292244, 40.0421785 ], [ 119.729149299999989, 40.0423592 ], [ 119.729198399999987, 40.042617 ], [ 119.728864799999968, 40.0426774 ], [ 119.728473399999984, 40.042967 ], [ 119.728451899999968, 40.0432873 ], [ 119.728119299999989, 40.0434844 ], [ 119.728012099999987, 40.0436405 ], [ 119.727855600000012, 40.0439012 ], [ 119.72759360000002, 40.044084 ], [ 119.727518499999974, 40.0442483 ], [ 119.726891599999988, 40.0445434 ], [ 119.726730599999982, 40.0447292 ], [ 119.72679340000002, 40.0450367 ], [ 119.726808299999973, 40.0452096 ], [ 119.726786399999966, 40.0453941 ], [ 119.7268035, 40.045748 ], [ 119.7263476, 40.0457993 ], [ 119.7261437, 40.045787 ], [ 119.7259426, 40.0458465 ], [ 119.7255912, 40.0458835 ], [ 119.7364712, 40.1136189 ], [ 119.7549194, 40.137563299999989 ], [ 119.7383326, 40.20390290000001 ], [ 119.6714733, 40.2221765 ], [ 119.5976596, 40.2258818 ], [ 119.59698370000001, 40.2257999 ], [ 119.5964794, 40.2259637 ], [ 119.5958894, 40.2261357 ], [ 119.595556799999983, 40.2260784 ], [ 119.5952778, 40.2261767 ], [ 119.594709200000011, 40.2264142 ], [ 119.594258599999989, 40.2264142 ], [ 119.5938723, 40.2266436 ], [ 119.5934325, 40.2265862 ], [ 119.5929711, 40.2265862 ], [ 119.592847699999965, 40.2263692 ], [ 119.592665299999979, 40.226234 ], [ 119.592322, 40.226160299999989 ], [ 119.5921718, 40.2260292 ], [ 119.5920913, 40.2258326 ], [ 119.591812399999966, 40.2252838 ], [ 119.5916354, 40.2251364 ], [ 119.59130810000002, 40.2250176 ], [ 119.5909702, 40.2250381 ], [ 119.5907502, 40.2250995 ], [ 119.5904767, 40.2250872 ], [ 119.5898973, 40.22478 ], [ 119.589725599999952, 40.2246244 ], [ 119.589114099999975, 40.2243991 ], [ 119.5889424, 40.2243868 ], [ 119.588797599999978, 40.2244319 ], [ 119.5877354, 40.2252101 ], [ 119.587612100000015, 40.2254558 ], [ 119.587038099999972, 40.225505 ], [ 119.586834200000013, 40.2254804 ], [ 119.5867967, 40.2255828 ], [ 119.586507, 40.2256442 ], [ 119.585863300000014, 40.2256934 ], [ 119.585680899999986, 40.2256197 ], [ 119.5849299, 40.2255951 ], [ 119.5841842, 40.225804 ], [ 119.583916, 40.2261111 ], [ 119.583556599999966, 40.2262832 ], [ 119.5829236, 40.2263856 ], [ 119.5827894, 40.2268689 ], [ 119.5823335, 40.2274996 ], [ 119.58220470000002, 40.2274422 ], [ 119.580498799999987, 40.2260948 ], [ 119.5802467, 40.225976 ], [ 119.579962399999985, 40.2260866 ], [ 119.579345499999988, 40.2260456 ], [ 119.578691, 40.226160299999989 ], [ 119.578304799999984, 40.2261275 ], [ 119.577757599999956, 40.2261849 ], [ 119.577323100000015, 40.2260661 ], [ 119.5764916, 40.2261521 ], [ 119.5756333, 40.2261521 ], [ 119.574876900000021, 40.2259965 ], [ 119.574598, 40.2260825 ], [ 119.5743888, 40.2261726 ], [ 119.5738577, 40.2261726 ], [ 119.5734768, 40.2265781 ], [ 119.5731067, 40.2267378 ], [ 119.57294570000002, 40.226918 ], [ 119.572350299999982, 40.2272743 ], [ 119.5721035, 40.2274996 ], [ 119.572051916975596, 40.227512279814306 ], [ 119.554989171343038, 40.205095905052154 ], [ 119.5546041, 40.2058397 ], [ 119.5543949, 40.2059872 ], [ 119.5540409, 40.2060773 ], [ 119.553810199999958, 40.2061511 ], [ 119.5536654, 40.2063109 ], [ 119.553633199999979, 40.2066509 ], [ 119.553327399999986, 40.2068722 ], [ 119.5533435, 40.2070074 ], [ 119.553086, 40.2072573 ], [ 119.553010900000018, 40.2074293 ], [ 119.552683699999974, 40.2075358 ], [ 119.552217, 40.2078103 ], [ 119.5520292, 40.2080643 ], [ 119.551980900000018, 40.20837980000001 ], [ 119.552168699999967, 40.2087649 ], [ 119.552013099999982, 40.2094368 ], [ 119.551900500000016, 40.2097072 ], [ 119.551997, 40.2098096 ], [ 119.551991700000016, 40.2099325 ], [ 119.552093599999978, 40.2100513 ], [ 119.552190099999976, 40.2104691 ], [ 119.5518576, 40.2109525 ], [ 119.551669799999985, 40.2115466 ], [ 119.551425499999965, 40.2119682 ], [ 119.5514016, 40.2120095 ], [ 119.551042199999983, 40.2126649 ], [ 119.5509671, 40.212923 ], [ 119.5508812, 40.2129927 ], [ 119.550849, 40.2129845 ], [ 119.5508115, 40.212837 ], [ 119.550672, 40.2127551 ], [ 119.550403799999984, 40.2128616 ], [ 119.550049699999988, 40.212837 ], [ 119.549840500000016, 40.2129599 ], [ 119.5493631, 40.2134719 ], [ 119.54917, 40.2137177 ], [ 119.5490037, 40.2138038 ], [ 119.548832, 40.2141438 ], [ 119.548767600000019, 40.214578 ], [ 119.5486013, 40.2148197 ], [ 119.548097099999964, 40.2154792 ], [ 119.547887900000021, 40.215897 ], [ 119.547909300000015, 40.2161838 ], [ 119.548081, 40.216532 ], [ 119.5480703, 40.2166876 ], [ 119.548209699999987, 40.2168883 ], [ 119.548258, 40.2171095 ], [ 119.5482527, 40.2172652 ], [ 119.5483385, 40.2174782 ], [ 119.548016599999968, 40.217638 ], [ 119.5478932, 40.2180189 ], [ 119.5477323, 40.2182893 ], [ 119.547566, 40.2184613 ], [ 119.547571399999967, 40.218662 ], [ 119.547372899999985, 40.2189447 ], [ 119.5472656, 40.2189569 ], [ 119.5471851, 40.2191126 ], [ 119.5471637, 40.2192232 ], [ 119.547072499999985, 40.2195304 ], [ 119.5471851, 40.2196246 ], [ 119.5473085, 40.219682 ], [ 119.547485499999965, 40.2198212 ], [ 119.547625, 40.2198499 ], [ 119.548199, 40.220239 ], [ 119.547925399999968, 40.2204275 ], [ 119.547496299999978, 40.2213941 ], [ 119.547421199999988, 40.2216768 ], [ 119.547496299999978, 40.2218488 ], [ 119.547501599999975, 40.2221437 ], [ 119.5411341, 40.1806756 ], [ 119.5204757, 40.1638984 ], [ 119.480200266285834, 40.131845017176069 ], [ 119.449486476157375, 40.114230758248098 ], [ 119.413288080648812, 40.105002420409342 ], [ 119.3592428, 40.1163849 ], [ 119.3308328, 40.1330631 ], [ 119.286994799999988, 40.1583884 ], [ 119.238897399999985, 40.1546903 ], [ 119.200949499999965, 40.14853990000001 ], [ 119.1385613, 40.1158845 ], [ 119.1052161, 40.100909 ], [ 119.104829900000013, 40.1007859 ], [ 119.104111, 40.1000966 ], [ 119.102812799999981, 40.1000638 ], [ 119.102362199999959, 40.1002361 ], [ 119.1021155, 40.1002033 ], [ 119.101825799999972, 40.1000555 ], [ 119.101761399999972, 40.0995878 ], [ 119.1012679, 40.0992103 ], [ 119.1008924, 40.099202 ], [ 119.100474, 40.0990297 ], [ 119.0998946, 40.0983157 ], [ 119.098360400000018, 40.0967153 ], [ 119.098210199999983, 40.0963871 ], [ 119.096, 40.0957305 ], [ 119.095753299999984, 40.0951888 ], [ 119.095442099999985, 40.0948933 ], [ 119.0954743, 40.0944994 ], [ 119.095066599999967, 40.0941054 ], [ 119.094540899999956, 40.0940234 ], [ 119.093693300000012, 40.0932026 ], [ 119.0933822, 40.0930056 ], [ 119.092770699999988, 40.0921356 ], [ 119.0921913, 40.090847 ], [ 119.0915261, 40.0904038 ], [ 119.0903674, 40.0913887 ], [ 119.0899812, 40.0917499 ], [ 119.0890477, 40.092111 ], [ 119.087889, 40.0924147 ], [ 119.0875564, 40.092743 ], [ 119.0871487, 40.0927512 ], [ 119.086140199999974, 40.0929892 ], [ 119.085711099999983, 40.0933585 ], [ 119.085260499999976, 40.0934652 ], [ 119.084037399999971, 40.0928497 ], [ 119.083372199999985, 40.0928333 ], [ 119.0829001, 40.093112299999987 ], [ 119.081848699999981, 40.0933668 ], [ 119.0812586, 40.0934242 ], [ 119.080260800000019, 40.0940234 ], [ 119.078565700000013, 40.0939413 ], [ 119.0781043, 40.0940234 ], [ 119.0774391, 40.0946307 ], [ 119.074778399999971, 40.0939905 ], [ 119.073802099999966, 40.0943845 ], [ 119.0729867, 40.0944666 ], [ 119.072235699999965, 40.0952627 ], [ 119.070604899999978, 40.095435 ], [ 119.07030450000002, 40.0952955 ], [ 119.069768, 40.095197 ], [ 119.06947839999998, 40.0954186 ], [ 119.06862, 40.0956648 ], [ 119.0685557, 40.0962147 ], [ 119.067879799999986, 40.0964855 ], [ 119.0680407, 40.0971011 ], [ 119.067397, 40.0973391 ], [ 119.0673219, 40.0976263 ], [ 119.0666567, 40.0977412 ], [ 119.065422899999987, 40.0987014 ], [ 119.0646826, 40.0994072 ], [ 119.0632771, 40.0990379 ], [ 119.018226699999971, 40.1357044 ], [ 118.935998699999985, 40.1414298 ], [ 118.870732800000013, 40.1718549 ], [ 118.821656899999979, 40.1777593 ], [ 118.787464300000011, 40.2031411 ], [ 118.7873376, 40.203183 ], [ 118.787270799999959, 40.203214 ], [ 118.787189499999982, 40.2032706 ], [ 118.7871465, 40.2033199 ], [ 118.7870725, 40.2033709 ], [ 118.786864699999967, 40.2034932 ], [ 118.786821699999976, 40.2035479 ], [ 118.786759599999982, 40.2035826 ], [ 118.7866903, 40.203644599999983 ], [ 118.7866473, 40.2036647 ], [ 118.786606699999965, 40.203745 ], [ 118.7865661, 40.2037742 ], [ 118.7865326, 40.2038179 ], [ 118.786492, 40.2038581 ], [ 118.786449, 40.2039292 ], [ 118.786375, 40.2039694 ], [ 118.786234, 40.2040588 ], [ 118.786183899999983, 40.2040788 ], [ 118.7860835, 40.2041226 ], [ 118.786007099999978, 40.2041463 ], [ 118.7858518, 40.2041463 ], [ 118.7857706, 40.2041463 ], [ 118.7856918, 40.2041628 ], [ 118.7855795, 40.2041774 ], [ 118.7854409, 40.204223 ], [ 118.785369299999985, 40.2042522 ], [ 118.7852761, 40.2042759 ], [ 118.7852116, 40.2043051 ], [ 118.7850659, 40.2043999 ], [ 118.785008600000012, 40.2044328 ], [ 118.784913, 40.204451 ], [ 118.784850899999981, 40.2044547 ], [ 118.7847769, 40.2044875 ], [ 118.784707600000019, 40.2045276 ], [ 118.7846144, 40.2045568 ], [ 118.784366, 40.2046772 ], [ 118.784294299999985, 40.2047174 ], [ 118.784191599999986, 40.2047557 ], [ 118.7840961, 40.2048013 ], [ 118.784048299999981, 40.2048269 ], [ 118.7839933, 40.2048469 ], [ 118.783924099999979, 40.2048852 ], [ 118.7838142, 40.2049509 ], [ 118.7837306, 40.2049965 ], [ 118.783613499999959, 40.2050476 ], [ 118.7835156, 40.2050768 ], [ 118.7833364, 40.2051151 ], [ 118.783197900000019, 40.205148 ], [ 118.7830259, 40.2051808 ], [ 118.782942299999988, 40.2051826 ], [ 118.78283949999998, 40.2051771 ], [ 118.7827106, 40.2051717 ], [ 118.782603099999974, 40.2051625 ], [ 118.78238810000002, 40.2051169 ], [ 118.782185, 40.2050859 ], [ 118.7818753, 40.2050198 ], [ 118.7819186, 40.2049634 ], [ 118.781975499999973, 40.2049179 ], [ 118.782016100000021, 40.2049055 ], [ 118.7820568, 40.2049013 ], [ 118.7820649, 40.2048206 ], [ 118.7820703, 40.2046448 ], [ 118.782037799999983, 40.204411 ], [ 118.781999900000017, 40.204231 ], [ 118.781959199999974, 40.2040945 ], [ 118.7819186, 40.2039786 ], [ 118.781884099999985, 40.2039319 ], [ 118.781848199999956, 40.2038835 ], [ 118.7817913, 40.2038483 ], [ 118.781566499999968, 40.203749 ], [ 118.781236, 40.2036186 ], [ 118.780870300000018, 40.2034842 ], [ 118.780640099999971, 40.2034138 ], [ 118.780464, 40.2033911 ], [ 118.7800658, 40.2033476 ], [ 118.7799033, 40.2033414 ], [ 118.7798193, 40.2033455 ], [ 118.77959989999998, 40.2033787 ], [ 118.779299199999983, 40.2034345 ], [ 118.7789931, 40.2034862 ], [ 118.7787845, 40.2034883 ], [ 118.778665399999966, 40.20348 ], [ 118.778576, 40.2034614 ], [ 118.7785299, 40.2034386 ], [ 118.7784992, 40.2034058 ], [ 118.778462199999979, 40.2033662 ], [ 118.7784378, 40.2033166 ], [ 118.7783972, 40.2032669 ], [ 118.778340299999982, 40.2031862 ], [ 118.778264499999977, 40.2030352 ], [ 118.7779963, 40.202518 ], [ 118.7779665, 40.2024704 ], [ 118.777882499999976, 40.2023608 ], [ 118.777801199999985, 40.2022759 ], [ 118.777579100000011, 40.2020794 ], [ 118.7772243, 40.2017815 ], [ 118.777186299999968, 40.2017132 ], [ 118.777018399999989, 40.201436 ], [ 118.776864, 40.2012104 ], [ 118.776736699999987, 40.2010677 ], [ 118.7766825, 40.2010367 ], [ 118.77632770000001, 40.2008732 ], [ 118.7762627, 40.2008339 ], [ 118.7760162, 40.200656 ], [ 118.7759457, 40.2006187 ], [ 118.775867199999979, 40.2006022 ], [ 118.775794, 40.2006001 ], [ 118.775701899999987, 40.2006167 ], [ 118.775501499999976, 40.200656 ], [ 118.775363299999967, 40.2006663 ], [ 118.7752523, 40.200658 ], [ 118.7746645, 40.2006146 ], [ 118.7742392, 40.2005774 ], [ 118.774076699999952, 40.2005711 ], [ 118.7739873, 40.2005525 ], [ 118.7739873, 40.2004863 ], [ 118.773998099999972, 40.2004284 ], [ 118.773992699999951, 40.2003477 ], [ 118.77394390000002, 40.2001346 ], [ 118.7738843, 40.1998842 ], [ 118.7738654, 40.1998015 ], [ 118.773841, 40.1997518 ], [ 118.773716399999969, 40.1995636 ], [ 118.773643199999981, 40.1994477 ], [ 118.773559300000016, 40.1992967 ], [ 118.7734374, 40.1991125 ], [ 118.7733399, 40.1989822 ], [ 118.773209800000018, 40.1988456 ], [ 118.7732234, 40.1987132 ], [ 118.7732613, 40.1985208 ], [ 118.7732884, 40.1983532 ], [ 118.773296500000015, 40.1982601 ], [ 118.7732884, 40.1981835 ], [ 118.7732613, 40.1980697 ], [ 118.7732044, 40.197898 ], [ 118.7731557, 40.1977677 ], [ 118.7730852, 40.1976311 ], [ 118.773066299999968, 40.19756490000001 ], [ 118.77305, 40.1974635 ], [ 118.773014800000013, 40.1971325 ], [ 118.773001300000018, 40.1970187 ], [ 118.772947099999982, 40.19688 ], [ 118.7728902, 40.1967849 ], [ 118.772768299999981, 40.1966338 ], [ 118.7726816, 40.1965386 ], [ 118.7726085, 40.1964352 ], [ 118.7724974, 40.1962531 ], [ 118.7723733, 40.1961621 ], [ 118.772292, 40.1961331 ], [ 118.7722406, 40.1960649 ], [ 118.7722026, 40.1959842 ], [ 118.7721187, 40.195911699999989 ], [ 118.772086200000018, 40.1958352 ], [ 118.772083499999965, 40.1958021 ], [ 118.7720049, 40.1957441 ], [ 118.7718857, 40.1956904 ], [ 118.7718478, 40.1956655 ], [ 118.7719724, 40.1955559 ], [ 118.771834199999986, 40.1954855 ], [ 118.7717178, 40.1953986 ], [ 118.771674399999981, 40.1953593 ], [ 118.771736699999963, 40.1953096 ], [ 118.771731300000013, 40.1952393 ], [ 118.7716988, 40.1950841 ], [ 118.7716798, 40.1950138 ], [ 118.771688, 40.1949703 ], [ 118.771734, 40.1948731 ], [ 118.771799, 40.1947034 ], [ 118.7718722, 40.1945875 ], [ 118.7718803, 40.1945296 ], [ 118.771902, 40.1944365 ], [ 118.77194529999997, 40.1942813 ], [ 118.7719859, 40.1941799 ], [ 118.7719724, 40.1939937 ], [ 118.772029299999971, 40.1938902 ], [ 118.771937199999982, 40.1938054 ], [ 118.7717963, 40.193733 ], [ 118.7717015, 40.1936523 ], [ 118.77165, 40.1935716 ], [ 118.7715959, 40.1934412 ], [ 118.771579599999967, 40.193358399999987 ], [ 118.771554499999965, 40.1932542 ], [ 118.7714714, 40.19318530000001 ], [ 118.7713814, 40.19312 ], [ 118.7713244, 40.1930982 ], [ 118.771225599999966, 40.1930479 ], [ 118.771225599999966, 40.1930093 ], [ 118.7711444, 40.1929591 ], [ 118.770999599999982, 40.1929004 ], [ 118.770846, 40.1928685 ], [ 118.7707407, 40.1928065 ], [ 118.7706508, 40.1927613 ], [ 118.770541100000017, 40.1927445 ], [ 118.7703962, 40.1927428 ], [ 118.770179, 40.1927915 ], [ 118.770034199999969, 40.19281320000001 ], [ 118.769749, 40.1928769 ], [ 118.7696239, 40.1929104 ], [ 118.769334299999969, 40.1929188 ], [ 118.769156599999974, 40.1929205 ], [ 118.7690666, 40.1929322 ], [ 118.7690052, 40.192954 ], [ 118.76886690000002, 40.1930026 ], [ 118.7687792, 40.1929356 ], [ 118.768709, 40.1929004 ], [ 118.768594899999982, 40.192892 ], [ 118.7684566, 40.1929004 ], [ 118.7683491, 40.1929155 ], [ 118.768213099999969, 40.1928736 ], [ 118.767965199999978, 40.1928082 ], [ 118.767829099999972, 40.192757899999989 ], [ 118.7677348, 40.1927261 ], [ 118.767651399999977, 40.1927144 ], [ 118.767489, 40.1926775 ], [ 118.76726960000002, 40.1926088 ], [ 118.767052399999983, 40.1925719 ], [ 118.7668593, 40.19253 ], [ 118.766670599999983, 40.1924764 ], [ 118.76646879999997, 40.1924445 ], [ 118.766163799999958, 40.1924093 ], [ 118.765839, 40.1923808 ], [ 118.7655867, 40.1923423 ], [ 118.7654222, 40.1923121 ], [ 118.765194, 40.192287 ], [ 118.7650833, 40.1922322 ], [ 118.765015399999967, 40.1922143 ], [ 118.764907599999987, 40.1922161 ], [ 118.7647505, 40.192225 ], [ 118.7646169, 40.192225 ], [ 118.764534899999987, 40.1922125 ], [ 118.764434100000017, 40.1921445 ], [ 118.764338, 40.1920926 ], [ 118.764265299999977, 40.1920675 ], [ 118.7638036, 40.1919726 ], [ 118.7635598, 40.1919135 ], [ 118.763400499999989, 40.1918831 ], [ 118.763273900000016, 40.1918705 ], [ 118.7630934, 40.1918634 ], [ 118.762912899999989, 40.1919028 ], [ 118.76282860000002, 40.1919189 ], [ 118.7624887, 40.1919869 ], [ 118.762223800000015, 40.1920532 ], [ 118.761998800000015, 40.1920926 ], [ 118.761535599999988, 40.1921864 ], [ 118.761236199999985, 40.1922461 ], [ 118.7609861, 40.1922819 ], [ 118.760910600000017, 40.1922958 ], [ 118.7605043, 40.1923456 ], [ 118.76017880000002, 40.1923774 ], [ 118.760077199999984, 40.1923834 ], [ 118.759999100000016, 40.1924251 ], [ 118.759910599999984, 40.192492799999989 ], [ 118.7597725, 40.1925604 ], [ 118.759631900000016, 40.1926181 ], [ 118.759543400000013, 40.192646 ], [ 118.759486100000018, 40.1926599 ], [ 118.759368899999984, 40.1926758 ], [ 118.7590642, 40.1926838 ], [ 118.7587647, 40.192638 ], [ 118.75862930000001, 40.1926042 ], [ 118.758556299999967, 40.1925982 ], [ 118.758480799999987, 40.1925982 ], [ 118.758402700000019, 40.1926181 ], [ 118.7582673, 40.1926599 ], [ 118.758186499999979, 40.1926738 ], [ 118.758027700000014, 40.1926798 ], [ 118.757423499999973, 40.192642 ], [ 118.756881799999974, 40.1926082 ], [ 118.7568063, 40.1926141 ], [ 118.756652599999967, 40.192636 ], [ 118.756454699999978, 40.1926858 ], [ 118.756228100000016, 40.1927454 ], [ 118.755785399999951, 40.1928429 ], [ 118.7556057, 40.1928688 ], [ 118.75548329999998, 40.1928926 ], [ 118.7554416, 40.1928946 ], [ 118.755363499999987, 40.1928807 ], [ 118.755329599999982, 40.192835 ], [ 118.755301, 40.1927633 ], [ 118.7552697, 40.1927076 ], [ 118.7552124, 40.1925743 ], [ 118.755176, 40.1924988 ], [ 118.7551343, 40.192451 ], [ 118.755051, 40.1923913 ], [ 118.754967599999972, 40.1923436 ], [ 118.7548609, 40.1922958 ], [ 118.7546812, 40.1922362 ], [ 118.754511899999969, 40.1922043 ], [ 118.753954599999986, 40.1920233 ], [ 118.7535691, 40.1919039 ], [ 118.7535092, 40.1918681 ], [ 118.7534129, 40.1917985 ], [ 118.7532071, 40.1917348 ], [ 118.752681099999975, 40.1915876 ], [ 118.7525014, 40.191522 ], [ 118.752339899999981, 40.1914583 ], [ 118.7522227, 40.1914305 ], [ 118.7521576, 40.191428499999986 ], [ 118.752089900000016, 40.1914424 ], [ 118.751897199999988, 40.1914941 ], [ 118.75178, 40.1915339 ], [ 118.751754, 40.1915558 ], [ 118.7517045, 40.191522 ], [ 118.7513633, 40.1913429 ], [ 118.7509362, 40.191132 ], [ 118.75067319999998, 40.1910007 ], [ 118.7505977, 40.190953 ], [ 118.7505273, 40.1909072 ], [ 118.750462199999987, 40.1908893 ], [ 118.7504128, 40.1908953 ], [ 118.75036590000002, 40.1909053 ], [ 118.750293, 40.1908873 ], [ 118.750216, 40.1908464 ], [ 118.750187, 40.1908066 ], [ 118.750192799999965, 40.1906961 ], [ 118.750187, 40.1906585 ], [ 118.7499527, 40.1903203 ], [ 118.749903499999974, 40.1902386 ], [ 118.7497356, 40.1899424 ], [ 118.7496893, 40.189865 ], [ 118.7496517, 40.1898119 ], [ 118.749596699999984, 40.1897324 ], [ 118.749527299999968, 40.189613 ], [ 118.749469399999967, 40.1895666 ], [ 118.7493971, 40.1894892 ], [ 118.7492813, 40.189403 ], [ 118.7491829, 40.1893411 ], [ 118.7490935, 40.1893005 ], [ 118.749015399999976, 40.1892763 ], [ 118.7489543, 40.1892682 ], [ 118.7488657, 40.1892602 ], [ 118.748621, 40.1892634 ], [ 118.7485281, 40.1892731 ], [ 118.748462699999976, 40.1892924 ], [ 118.7483636, 40.1893263 ], [ 118.74828559999996, 40.1893424 ], [ 118.748209599999967, 40.1893488 ], [ 118.748110499999981, 40.1893311 ], [ 118.7480071, 40.1893118 ], [ 118.7479797, 40.1892924 ], [ 118.7478721, 40.1892602 ], [ 118.747629499999988, 40.1891989 ], [ 118.747344700000014, 40.1891538 ], [ 118.746857399999968, 40.1890829 ], [ 118.746737200000013, 40.1890813 ], [ 118.746553699999978, 40.1890604 ], [ 118.74642289999997, 40.1890539 ], [ 118.746347, 40.189033 ], [ 118.746237300000018, 40.1889991 ], [ 118.7461276, 40.188975 ], [ 118.7460685, 40.188975 ], [ 118.746001, 40.1889878 ], [ 118.74572040000001, 40.1890942 ], [ 118.7454905, 40.1891683 ], [ 118.7453028, 40.1892199 ], [ 118.745108699999989, 40.1892666 ], [ 118.744971599999971, 40.1892908 ], [ 118.7448577, 40.1893053 ], [ 118.744731099999967, 40.1893053 ], [ 118.74464039999998, 40.1892989 ], [ 118.7445666, 40.1892811 ], [ 118.744368299999977, 40.189236 ], [ 118.7442902, 40.189207 ], [ 118.7441763, 40.1891877 ], [ 118.7441299, 40.1891893 ], [ 118.744083499999988, 40.1891941 ], [ 118.743965399999979, 40.1892199 ], [ 118.7437839, 40.1892199 ], [ 118.743741799999952, 40.1892263 ], [ 118.743655300000015, 40.1892489 ], [ 118.7433747, 40.1892634 ], [ 118.743338799999989, 40.1892731 ], [ 118.7433114, 40.189286 ], [ 118.7432924, 40.1893053 ], [ 118.7431722, 40.1894423 ], [ 118.7431279, 40.1894826 ], [ 118.7430878, 40.18951 ], [ 118.7428959, 40.1896421 ], [ 118.7428473, 40.1896872 ], [ 118.742756599999979, 40.1897871 ], [ 118.74272710000001, 40.1898032 ], [ 118.742400099999969, 40.1899467 ], [ 118.742166, 40.1900337 ], [ 118.7420774, 40.1900562 ], [ 118.7420036, 40.1900627 ], [ 118.7419508, 40.1900579 ], [ 118.741872799999967, 40.1900353 ], [ 118.741830599999986, 40.1900305 ], [ 118.741786299999973, 40.1900288 ], [ 118.741697699999989, 40.1900288 ], [ 118.741604899999984, 40.1900466 ], [ 118.741459299999974, 40.1900933 ], [ 118.7413707, 40.190111 ], [ 118.7412737, 40.1901191 ], [ 118.741183, 40.1901223 ], [ 118.74109439999998, 40.1901191 ], [ 118.741005800000011, 40.1901223 ], [ 118.7408876, 40.1901416 ], [ 118.7407505, 40.1901529 ], [ 118.7406429, 40.1901529 ], [ 118.740577699999989, 40.1901456 ], [ 118.7405206, 40.1901416 ], [ 118.7403645, 40.1901513 ], [ 118.740176800000015, 40.190161 ], [ 118.7400544, 40.1901578 ], [ 118.739818099999951, 40.1901723 ], [ 118.739744299999984, 40.19019 ], [ 118.739596600000013, 40.1901948 ], [ 118.7394933, 40.1902093 ], [ 118.739360399999967, 40.1902609 ], [ 118.7390714, 40.190364 ], [ 118.73895330000002, 40.1903511 ], [ 118.7388583, 40.1903431 ], [ 118.7387465, 40.1903399 ], [ 118.7386136, 40.1903382 ], [ 118.738529299999968, 40.190299599999989 ], [ 118.7384428, 40.1902609 ], [ 118.7383921, 40.1902335 ], [ 118.738331, 40.1901884 ], [ 118.7382529, 40.1901513 ], [ 118.7380567, 40.1901529 ], [ 118.7380082, 40.1901562 ], [ 118.7379749, 40.1901661 ], [ 118.737926, 40.1901449 ], [ 118.7378579, 40.1901255 ], [ 118.7377846, 40.1901046 ], [ 118.737734, 40.1900724 ], [ 118.737685499999984, 40.1900305 ], [ 118.7376243, 40.1900031 ], [ 118.737582099999969, 40.1899757 ], [ 118.737558899999982, 40.1899257 ], [ 118.7375188, 40.18990320000001 ], [ 118.7374408, 40.1898854 ], [ 118.7373986, 40.1898822 ], [ 118.7373395, 40.1898903 ], [ 118.7372657, 40.1899064 ], [ 118.737147599999972, 40.1899563 ], [ 118.7369872, 40.1899982 ], [ 118.736829, 40.1900176 ], [ 118.7366856, 40.1900288 ], [ 118.736512599999983, 40.1900272 ], [ 118.736286899999968, 40.1900127 ], [ 118.7362194, 40.1899837 ], [ 118.7361498, 40.1899612 ], [ 118.736052700000016, 40.1899305 ], [ 118.7358777, 40.1898854 ], [ 118.735812300000021, 40.1898854 ], [ 118.7356414, 40.1898983 ], [ 118.735434699999985, 40.189908 ], [ 118.7353798, 40.1899048 ], [ 118.735312299999975, 40.1898838 ], [ 118.735215299999965, 40.189879 ], [ 118.735114, 40.1898983 ], [ 118.7350128, 40.1899354 ], [ 118.7349284, 40.1899547 ], [ 118.734893499999984, 40.1899585 ], [ 118.73487369999998, 40.1899686 ], [ 118.734863100000013, 40.1899895 ], [ 118.734808299999983, 40.1901716 ], [ 118.7347513, 40.1902892 ], [ 118.734660599999984, 40.1903779 ], [ 118.734586799999988, 40.1904375 ], [ 118.7344644, 40.1905471 ], [ 118.734390600000012, 40.190589 ], [ 118.7343421, 40.1906196 ], [ 118.7342894, 40.1906518 ], [ 118.7342429, 40.1906663 ], [ 118.7341438, 40.190684 ], [ 118.7340868, 40.190705 ], [ 118.734040399999984, 40.190735599999989 ], [ 118.7340172, 40.190763 ], [ 118.7339139, 40.19097570000001 ], [ 118.7338691, 40.1910247 ], [ 118.7338037, 40.1910795 ], [ 118.733746700000012, 40.1911182 ], [ 118.7336961, 40.1911601 ], [ 118.733672900000016, 40.1912004 ], [ 118.7336581, 40.1912697 ], [ 118.7336497, 40.1913889 ], [ 118.733670799999985, 40.1915178 ], [ 118.733689799999979, 40.1916193 ], [ 118.733672900000016, 40.1916628 ], [ 118.7336476, 40.1916918 ], [ 118.7335948, 40.1917273 ], [ 118.733548399999961, 40.1917966 ], [ 118.7335316, 40.191861 ], [ 118.733521, 40.1919513 ], [ 118.733480899999989, 40.1920028 ], [ 118.7333987, 40.1920818 ], [ 118.733343799999986, 40.1921253 ], [ 118.733194, 40.1922284 ], [ 118.7331476, 40.1922526 ], [ 118.7330801, 40.1922848 ], [ 118.732985200000016, 40.19233160000001 ], [ 118.7329114, 40.1923525 ], [ 118.7328186, 40.1923638 ], [ 118.7327616, 40.1923702 ], [ 118.732312299999961, 40.1923767 ], [ 118.732017, 40.1923863 ], [ 118.731797599999979, 40.1923992 ], [ 118.731584499999983, 40.1924411 ], [ 118.7313926, 40.192483 ], [ 118.731217499999985, 40.1925088 ], [ 118.73115, 40.1925314 ], [ 118.7311162, 40.1925588 ], [ 118.73094540000001, 40.1929133 ], [ 118.7308525, 40.1930873 ], [ 118.7307682, 40.1932372 ], [ 118.7307007, 40.1933322 ], [ 118.7306036, 40.1934531 ], [ 118.730388499999989, 40.1936948 ], [ 118.7302661, 40.1938366 ], [ 118.730204900000018, 40.1939139 ], [ 118.7301501, 40.1939977 ], [ 118.730129, 40.1940896 ], [ 118.7301184, 40.1941846 ], [ 118.730135300000015, 40.1943329 ], [ 118.7301585, 40.1945101 ], [ 118.7301859, 40.1945456 ], [ 118.7302513, 40.1945923 ], [ 118.7302767, 40.1946326 ], [ 118.730289299999981, 40.1946713 ], [ 118.7302851, 40.1947083 ], [ 118.7302534, 40.194748599999983 ], [ 118.7300488, 40.1949468 ], [ 118.729884299999952, 40.1951128 ], [ 118.7297809, 40.1951853 ], [ 118.7296839, 40.1952481 ], [ 118.7294961, 40.1953818 ], [ 118.7294518, 40.1954205 ], [ 118.729416, 40.1954656 ], [ 118.729319, 40.1955607 ], [ 118.729186099999978, 40.1956751 ], [ 118.7291354, 40.1957283 ], [ 118.7290996, 40.195775 ], [ 118.729044699999989, 40.1958056 ], [ 118.728977200000017, 40.195833 ], [ 118.728907600000014, 40.1958378 ], [ 118.728842200000017, 40.1958217 ], [ 118.7287789, 40.1958121 ], [ 118.728698799999989, 40.1958153 ], [ 118.7286165, 40.1958346 ], [ 118.7284773, 40.1958942 ], [ 118.728376, 40.195949 ], [ 118.7282368, 40.1960473 ], [ 118.728154499999988, 40.196123 ], [ 118.7280912, 40.1961875 ], [ 118.728042699999989, 40.1962342 ], [ 118.7278993, 40.1962906 ], [ 118.7278149, 40.1963116 ], [ 118.727675699999963, 40.196347 ], [ 118.727420400000014, 40.1963921 ], [ 118.7272728, 40.1964211 ], [ 118.727131400000019, 40.1964953 ], [ 118.727055, 40.1965491 ], [ 118.726985900000017, 40.1966452 ], [ 118.7269569, 40.1966764 ], [ 118.726855700000016, 40.1966909 ], [ 118.7266215, 40.1967215 ], [ 118.7265435, 40.1967424 ], [ 118.726265, 40.1967602 ], [ 118.726151099999981, 40.1968907 ], [ 118.7260815, 40.1969519 ], [ 118.725948599999981, 40.1970566 ], [ 118.725900100000018, 40.197105 ], [ 118.725870599999965, 40.1971614 ], [ 118.7258558, 40.1972113 ], [ 118.7258368, 40.1973837 ], [ 118.7258199, 40.1974272 ], [ 118.7257503, 40.1975497 ], [ 118.725697600000018, 40.1976544 ], [ 118.7257503, 40.1975497 ], [ 118.7258199, 40.1974272 ], [ 118.7258368, 40.1973837 ], [ 118.7258558, 40.1972113 ], [ 118.725870599999965, 40.1971614 ], [ 118.725900100000018, 40.197105 ], [ 118.725948599999981, 40.1970566 ], [ 118.7260815, 40.1969519 ], [ 118.726151099999981, 40.1968907 ], [ 118.726265, 40.1967602 ], [ 118.7265435, 40.1967424 ], [ 118.7266215, 40.1967215 ], [ 118.726855700000016, 40.1966909 ], [ 118.7269569, 40.1966764 ], [ 118.726985900000017, 40.1966452 ], [ 118.727055, 40.1965491 ], [ 118.727131400000019, 40.1964953 ], [ 118.7272728, 40.1964211 ], [ 118.727420400000014, 40.1963921 ], [ 118.727675699999963, 40.196347 ], [ 118.7278149, 40.1963116 ], [ 118.7278993, 40.1962906 ], [ 118.728042699999989, 40.1962342 ], [ 118.7280912, 40.1961875 ], [ 118.728154499999988, 40.196123 ], [ 118.7282368, 40.1960473 ], [ 118.728376, 40.195949 ], [ 118.7284773, 40.1958942 ], [ 118.7286165, 40.1958346 ], [ 118.728698799999989, 40.1958153 ], [ 118.7287789, 40.1958121 ], [ 118.728842200000017, 40.1958217 ], [ 118.728907600000014, 40.1958378 ], [ 118.728977200000017, 40.195833 ], [ 118.729044699999989, 40.1958056 ], [ 118.7290996, 40.195775 ], [ 118.7291354, 40.1957283 ], [ 118.729186099999978, 40.1956751 ], [ 118.729319, 40.1955607 ], [ 118.729416, 40.1954656 ], [ 118.7294518, 40.1954205 ], [ 118.7294961, 40.1953818 ], [ 118.7296839, 40.1952481 ], [ 118.7297809, 40.1951853 ], [ 118.729884299999952, 40.1951128 ], [ 118.7300488, 40.1949468 ], [ 118.7302534, 40.194748599999983 ], [ 118.7302851, 40.1947083 ], [ 118.730289299999981, 40.1946713 ], [ 118.7302767, 40.1946326 ], [ 118.7302513, 40.1945923 ], [ 118.7301859, 40.1945456 ], [ 118.7301585, 40.1945101 ], [ 118.730135300000015, 40.1943329 ], [ 118.7301184, 40.1941846 ], [ 118.730129, 40.1940896 ], [ 118.7301501, 40.1939977 ], [ 118.730204900000018, 40.1939139 ], [ 118.7302661, 40.1938366 ], [ 118.730388499999989, 40.1936948 ], [ 118.7306036, 40.1934531 ], [ 118.7307007, 40.1933322 ], [ 118.7307682, 40.1932372 ], [ 118.7308525, 40.1930873 ], [ 118.73094540000001, 40.1929133 ], [ 118.7311162, 40.1925588 ], [ 118.73115, 40.1925314 ], [ 118.731217499999985, 40.1925088 ], [ 118.7313926, 40.192483 ], [ 118.731584499999983, 40.1924411 ], [ 118.731797599999979, 40.1923992 ], [ 118.732017, 40.1923863 ], [ 118.732312299999961, 40.1923767 ], [ 118.7327616, 40.1923702 ], [ 118.7328186, 40.1923638 ], [ 118.7329114, 40.1923525 ], [ 118.732985200000016, 40.19233160000001 ], [ 118.7330801, 40.1922848 ], [ 118.7331476, 40.1922526 ], [ 118.733194, 40.1922284 ], [ 118.733343799999986, 40.1921253 ], [ 118.7333987, 40.1920818 ], [ 118.733480899999989, 40.1920028 ], [ 118.733521, 40.1919513 ], [ 118.7335316, 40.191861 ], [ 118.733548399999961, 40.1917966 ], [ 118.7335948, 40.1917273 ], [ 118.7336476, 40.1916918 ], [ 118.733672900000016, 40.1916628 ], [ 118.733689799999979, 40.1916193 ], [ 118.733670799999985, 40.1915178 ], [ 118.7336497, 40.1913889 ], [ 118.7336581, 40.1912697 ], [ 118.733672900000016, 40.1912004 ], [ 118.7336961, 40.1911601 ], [ 118.733746700000012, 40.1911182 ], [ 118.7338037, 40.1910795 ], [ 118.7338691, 40.1910247 ], [ 118.7339139, 40.19097570000001 ], [ 118.7340172, 40.190763 ], [ 118.734040399999984, 40.190735599999989 ], [ 118.7340868, 40.190705 ], [ 118.7341438, 40.190684 ], [ 118.7342429, 40.1906663 ], [ 118.7342894, 40.1906518 ], [ 118.7343421, 40.1906196 ], [ 118.734390600000012, 40.190589 ], [ 118.7344644, 40.1905471 ], [ 118.734586799999988, 40.1904375 ], [ 118.734660599999984, 40.1903779 ], [ 118.7347513, 40.1902892 ], [ 118.734808299999983, 40.1901716 ], [ 118.734863100000013, 40.1899895 ], [ 118.73487369999998, 40.1899686 ], [ 118.734893499999984, 40.1899585 ], [ 118.7349284, 40.1899547 ], [ 118.7350128, 40.1899354 ], [ 118.735114, 40.1898983 ], [ 118.735215299999965, 40.189879 ], [ 118.735312299999975, 40.1898838 ], [ 118.7353798, 40.1899048 ], [ 118.735434699999985, 40.189908 ], [ 118.7356414, 40.1898983 ], [ 118.735812300000021, 40.1898854 ], [ 118.7358777, 40.1898854 ], [ 118.736052700000016, 40.1899305 ], [ 118.7361498, 40.1899612 ], [ 118.7362194, 40.1899837 ], [ 118.736286899999968, 40.1900127 ], [ 118.736512599999983, 40.1900272 ], [ 118.7366856, 40.1900288 ], [ 118.736829, 40.1900176 ], [ 118.7369872, 40.1899982 ], [ 118.737147599999972, 40.1899563 ], [ 118.7372657, 40.1899064 ], [ 118.7373395, 40.1898903 ], [ 118.7373986, 40.1898822 ], [ 118.7374408, 40.1898854 ], [ 118.7375188, 40.18990320000001 ], [ 118.737558899999982, 40.1899257 ], [ 118.737582099999969, 40.1899757 ], [ 118.7376243, 40.1900031 ], [ 118.737685499999984, 40.1900305 ], [ 118.737734, 40.1900724 ], [ 118.7377846, 40.1901046 ], [ 118.7378579, 40.1901255 ], [ 118.737926, 40.1901449 ], [ 118.7379749, 40.1901661 ], [ 118.7380082, 40.1901562 ], [ 118.7380567, 40.1901529 ], [ 118.7382529, 40.1901513 ], [ 118.738331, 40.1901884 ], [ 118.7383921, 40.1902335 ], [ 118.7384428, 40.1902609 ], [ 118.738529299999968, 40.190299599999989 ], [ 118.7386136, 40.1903382 ], [ 118.7387465, 40.1903399 ], [ 118.7388583, 40.1903431 ], [ 118.73895330000002, 40.1903511 ], [ 118.7390714, 40.190364 ], [ 118.739360399999967, 40.1902609 ], [ 118.7394933, 40.1902093 ], [ 118.739596600000013, 40.1901948 ], [ 118.739744299999984, 40.19019 ], [ 118.739818099999951, 40.1901723 ], [ 118.7400544, 40.1901578 ], [ 118.740176800000015, 40.190161 ], [ 118.7403645, 40.1901513 ], [ 118.7405206, 40.1901416 ], [ 118.740577699999989, 40.1901456 ], [ 118.7406429, 40.1901529 ], [ 118.7407505, 40.1901529 ], [ 118.7408876, 40.1901416 ], [ 118.741005800000011, 40.1901223 ], [ 118.74109439999998, 40.1901191 ], [ 118.741183, 40.1901223 ], [ 118.7412737, 40.1901191 ], [ 118.7413707, 40.190111 ], [ 118.741459299999974, 40.1900933 ], [ 118.741604899999984, 40.1900466 ], [ 118.741697699999989, 40.1900288 ], [ 118.741786299999973, 40.1900288 ], [ 118.741830599999986, 40.1900305 ], [ 118.741872799999967, 40.1900353 ], [ 118.7419508, 40.1900579 ], [ 118.7420036, 40.1900627 ], [ 118.7420774, 40.1900562 ], [ 118.742166, 40.1900337 ], [ 118.742400099999969, 40.1899467 ], [ 118.74272710000001, 40.1898032 ], [ 118.742756599999979, 40.1897871 ], [ 118.7428473, 40.1896872 ], [ 118.7428959, 40.1896421 ], [ 118.7430878, 40.18951 ], [ 118.7431279, 40.1894826 ], [ 118.7431722, 40.1894423 ], [ 118.7432924, 40.1893053 ], [ 118.7433114, 40.189286 ], [ 118.743338799999989, 40.1892731 ], [ 118.7433747, 40.1892634 ], [ 118.743655300000015, 40.1892489 ], [ 118.743741799999952, 40.1892263 ], [ 118.7437839, 40.1892199 ], [ 118.743965399999979, 40.1892199 ], [ 118.744083499999988, 40.1891941 ], [ 118.7441299, 40.1891893 ], [ 118.7441763, 40.1891877 ], [ 118.7442902, 40.189207 ], [ 118.744368299999977, 40.189236 ], [ 118.7445666, 40.1892811 ], [ 118.74464039999998, 40.1892989 ], [ 118.744731099999967, 40.1893053 ], [ 118.7448577, 40.1893053 ], [ 118.744971599999971, 40.1892908 ], [ 118.745108699999989, 40.1892666 ], [ 118.7453028, 40.1892199 ], [ 118.7454905, 40.1891683 ], [ 118.74572040000001, 40.1890942 ], [ 118.746001, 40.1889878 ], [ 118.7460685, 40.188975 ], [ 118.7461276, 40.188975 ], [ 118.746237300000018, 40.1889991 ], [ 118.746347, 40.189033 ], [ 118.74642289999997, 40.1890539 ], [ 118.746553699999978, 40.1890604 ], [ 118.746737200000013, 40.1890813 ], [ 118.746857399999968, 40.1890829 ], [ 118.747344700000014, 40.1891538 ], [ 118.747629499999988, 40.1891989 ], [ 118.7478721, 40.1892602 ], [ 118.7479797, 40.1892924 ], [ 118.7480071, 40.1893118 ], [ 118.748110499999981, 40.1893311 ], [ 118.748209599999967, 40.1893488 ], [ 118.74828559999996, 40.1893424 ], [ 118.7483636, 40.1893263 ], [ 118.748462699999976, 40.1892924 ], [ 118.7485281, 40.1892731 ], [ 118.748621, 40.1892634 ], [ 118.7488657, 40.1892602 ], [ 118.7489543, 40.1892682 ], [ 118.749015399999976, 40.1892763 ], [ 118.7490935, 40.1893005 ], [ 118.7491829, 40.1893411 ], [ 118.7492813, 40.189403 ], [ 118.7493971, 40.1894892 ], [ 118.749469399999967, 40.1895666 ], [ 118.749527299999968, 40.189613 ], [ 118.749596699999984, 40.1897324 ], [ 118.7496517, 40.1898119 ], [ 118.7496893, 40.189865 ], [ 118.7497356, 40.1899424 ], [ 118.749903499999974, 40.1902386 ], [ 118.7499527, 40.1903203 ], [ 118.750187, 40.1906585 ], [ 118.750192799999965, 40.1906961 ], [ 118.750187, 40.1908066 ], [ 118.750216, 40.1908464 ], [ 118.750293, 40.1908873 ], [ 118.75036590000002, 40.1909053 ], [ 118.7504128, 40.1908953 ], [ 118.750462199999987, 40.1908893 ], [ 118.7505273, 40.1909072 ], [ 118.7505977, 40.190953 ], [ 118.75067319999998, 40.1910007 ], [ 118.7509362, 40.191132 ], [ 118.7513633, 40.1913429 ], [ 118.7517045, 40.191522 ], [ 118.751754, 40.1915558 ], [ 118.75178, 40.1915339 ], [ 118.751897199999988, 40.1914941 ], [ 118.752089900000016, 40.1914424 ], [ 118.7521576, 40.191428499999986 ], [ 118.7522227, 40.1914305 ], [ 118.752339899999981, 40.1914583 ], [ 118.7525014, 40.191522 ], [ 118.752681099999975, 40.1915876 ], [ 118.7532071, 40.1917348 ], [ 118.7534129, 40.1917985 ], [ 118.7535092, 40.1918681 ], [ 118.7535691, 40.1919039 ], [ 118.753954599999986, 40.1920233 ], [ 118.754511899999969, 40.1922043 ], [ 118.7546812, 40.1922362 ], [ 118.7548609, 40.1922958 ], [ 118.754967599999972, 40.1923436 ], [ 118.755051, 40.1923913 ], [ 118.7551343, 40.192451 ], [ 118.755176, 40.1924988 ], [ 118.7552124, 40.1925743 ], [ 118.7552697, 40.1927076 ], [ 118.755301, 40.1927633 ], [ 118.755329599999982, 40.192835 ], [ 118.755363499999987, 40.1928807 ], [ 118.7554416, 40.1928946 ], [ 118.75548329999998, 40.1928926 ], [ 118.7556057, 40.1928688 ], [ 118.755785399999951, 40.1928429 ], [ 118.756228100000016, 40.1927454 ], [ 118.756454699999978, 40.1926858 ], [ 118.756652599999967, 40.192636 ], [ 118.7568063, 40.1926141 ], [ 118.756881799999974, 40.1926082 ], [ 118.757423499999973, 40.192642 ], [ 118.758027700000014, 40.1926798 ], [ 118.758186499999979, 40.1926738 ], [ 118.7582673, 40.1926599 ], [ 118.758402700000019, 40.1926181 ], [ 118.758480799999987, 40.1925982 ], [ 118.758556299999967, 40.1925982 ], [ 118.75862930000001, 40.1926042 ], [ 118.7587647, 40.192638 ], [ 118.7590642, 40.1926838 ], [ 118.759368899999984, 40.1926758 ], [ 118.759486100000018, 40.1926599 ], [ 118.759543400000013, 40.192646 ], [ 118.759631900000016, 40.1926181 ], [ 118.7597725, 40.1925604 ], [ 118.759910599999984, 40.192492799999989 ], [ 118.759999100000016, 40.1924251 ], [ 118.760077199999984, 40.1923834 ], [ 118.76017880000002, 40.1923774 ], [ 118.7605043, 40.1923456 ], [ 118.760910600000017, 40.1922958 ], [ 118.7609861, 40.1922819 ], [ 118.761236199999985, 40.1922461 ], [ 118.761535599999988, 40.1921864 ], [ 118.761998800000015, 40.1920926 ], [ 118.762223800000015, 40.1920532 ], [ 118.7624887, 40.1919869 ], [ 118.76282860000002, 40.1919189 ], [ 118.762912899999989, 40.1919028 ], [ 118.7630934, 40.1918634 ], [ 118.763273900000016, 40.1918705 ], [ 118.763400499999989, 40.1918831 ], [ 118.7635598, 40.1919135 ], [ 118.7638036, 40.1919726 ], [ 118.764265299999977, 40.1920675 ], [ 118.764338, 40.1920926 ], [ 118.764434100000017, 40.1921445 ], [ 118.764534899999987, 40.1922125 ], [ 118.7646169, 40.192225 ], [ 118.7647505, 40.192225 ], [ 118.764907599999987, 40.1922161 ], [ 118.765015399999967, 40.1922143 ], [ 118.7650833, 40.1922322 ], [ 118.765194, 40.192287 ], [ 118.7654222, 40.1923121 ], [ 118.7655867, 40.1923423 ], [ 118.765839, 40.1923808 ], [ 118.766163799999958, 40.1924093 ], [ 118.76646879999997, 40.1924445 ], [ 118.766670599999983, 40.1924764 ], [ 118.7668593, 40.19253 ], [ 118.767052399999983, 40.1925719 ], [ 118.76726960000002, 40.1926088 ], [ 118.767489, 40.1926775 ], [ 118.767651399999977, 40.1927144 ], [ 118.7677348, 40.1927261 ], [ 118.767829099999972, 40.192757899999989 ], [ 118.767965199999978, 40.1928082 ], [ 118.768213099999969, 40.1928736 ], [ 118.7683491, 40.1929155 ], [ 118.7684566, 40.1929004 ], [ 118.768594899999982, 40.192892 ], [ 118.768709, 40.1929004 ], [ 118.7687792, 40.1929356 ], [ 118.76886690000002, 40.1930026 ], [ 118.7690052, 40.192954 ], [ 118.7690666, 40.1929322 ], [ 118.769156599999974, 40.1929205 ], [ 118.769334299999969, 40.1929188 ], [ 118.7696239, 40.1929104 ], [ 118.769749, 40.1928769 ], [ 118.770034199999969, 40.19281320000001 ], [ 118.770179, 40.1927915 ], [ 118.7703962, 40.1927428 ], [ 118.770541100000017, 40.1927445 ], [ 118.7706508, 40.1927613 ], [ 118.7707407, 40.1928065 ], [ 118.770846, 40.1928685 ], [ 118.770999599999982, 40.1929004 ], [ 118.7711444, 40.1929591 ], [ 118.771225599999966, 40.1930093 ], [ 118.771225599999966, 40.1930479 ], [ 118.7713244, 40.1930982 ], [ 118.7713814, 40.19312 ], [ 118.7714714, 40.19318530000001 ], [ 118.771554499999965, 40.1932542 ], [ 118.771579599999967, 40.193358399999987 ], [ 118.7715959, 40.1934412 ], [ 118.77165, 40.1935716 ], [ 118.7717015, 40.1936523 ], [ 118.7717963, 40.193733 ], [ 118.771937199999982, 40.1938054 ], [ 118.772029299999971, 40.1938902 ], [ 118.7719724, 40.1939937 ], [ 118.7719859, 40.1941799 ], [ 118.77194529999997, 40.1942813 ], [ 118.771902, 40.1944365 ], [ 118.7718803, 40.1945296 ], [ 118.7718722, 40.1945875 ], [ 118.771799, 40.1947034 ], [ 118.771734, 40.1948731 ], [ 118.771688, 40.1949703 ], [ 118.7716798, 40.1950138 ], [ 118.7716988, 40.1950841 ], [ 118.771731300000013, 40.1952393 ], [ 118.771736699999963, 40.1953096 ], [ 118.771674399999981, 40.1953593 ], [ 118.7717178, 40.1953986 ], [ 118.771834199999986, 40.1954855 ], [ 118.7719724, 40.1955559 ], [ 118.7718478, 40.1956655 ], [ 118.7718857, 40.1956904 ], [ 118.7720049, 40.1957441 ], [ 118.772083499999965, 40.1958021 ], [ 118.772086200000018, 40.1958352 ], [ 118.7721187, 40.195911699999989 ], [ 118.7722026, 40.1959842 ], [ 118.7722406, 40.1960649 ], [ 118.772292, 40.1961331 ], [ 118.7723733, 40.1961621 ], [ 118.7724974, 40.1962531 ], [ 118.7726085, 40.1964352 ], [ 118.7726816, 40.1965386 ], [ 118.772768299999981, 40.1966338 ], [ 118.7728902, 40.1967849 ], [ 118.772947099999982, 40.19688 ], [ 118.773001300000018, 40.1970187 ], [ 118.773014800000013, 40.1971325 ], [ 118.77305, 40.1974635 ], [ 118.773066299999968, 40.19756490000001 ], [ 118.7730852, 40.1976311 ], [ 118.7731557, 40.1977677 ], [ 118.7732044, 40.197898 ], [ 118.7732613, 40.1980697 ], [ 118.7732884, 40.1981835 ], [ 118.773296500000015, 40.1982601 ], [ 118.7732884, 40.1983532 ], [ 118.7732613, 40.1985208 ], [ 118.7732234, 40.1987132 ], [ 118.773209800000018, 40.1988456 ], [ 118.7733399, 40.1989822 ], [ 118.7734374, 40.1991125 ], [ 118.773559300000016, 40.1992967 ], [ 118.773643199999981, 40.1994477 ], [ 118.773716399999969, 40.1995636 ], [ 118.773841, 40.1997518 ], [ 118.7738654, 40.1998015 ], [ 118.7738843, 40.1998842 ], [ 118.77394390000002, 40.2001346 ], [ 118.773992699999951, 40.2003477 ], [ 118.773998099999972, 40.2004284 ], [ 118.7739873, 40.2004863 ], [ 118.7739873, 40.2005525 ], [ 118.774076699999952, 40.2005711 ], [ 118.7742392, 40.2005774 ], [ 118.7746645, 40.2006146 ], [ 118.7752523, 40.200658 ], [ 118.775363299999967, 40.2006663 ], [ 118.775501499999976, 40.200656 ], [ 118.775701899999987, 40.2006167 ], [ 118.775794, 40.2006001 ], [ 118.775867199999979, 40.2006022 ], [ 118.7759457, 40.2006187 ], [ 118.7760162, 40.200656 ], [ 118.7762627, 40.2008339 ], [ 118.77632770000001, 40.2008732 ], [ 118.7766825, 40.2010367 ], [ 118.776736699999987, 40.2010677 ], [ 118.776864, 40.2012104 ], [ 118.777018399999989, 40.201436 ], [ 118.777186299999968, 40.2017132 ], [ 118.7772243, 40.2017815 ], [ 118.777579100000011, 40.2020794 ], [ 118.777801199999985, 40.2022759 ], [ 118.777882499999976, 40.2023608 ], [ 118.7779665, 40.2024704 ], [ 118.7779963, 40.202518 ], [ 118.778264499999977, 40.2030352 ], [ 118.778340299999982, 40.2031862 ], [ 118.7783972, 40.2032669 ], [ 118.7784378, 40.2033166 ], [ 118.778462199999979, 40.2033662 ], [ 118.7784992, 40.2034058 ], [ 118.7785299, 40.2034386 ], [ 118.778576, 40.2034614 ], [ 118.778665399999966, 40.20348 ], [ 118.7787845, 40.2034883 ], [ 118.7789931, 40.2034862 ], [ 118.779299199999983, 40.2034345 ], [ 118.77959989999998, 40.2033787 ], [ 118.7798193, 40.2033455 ], [ 118.7799033, 40.2033414 ], [ 118.7800658, 40.2033476 ], [ 118.780464, 40.2033911 ], [ 118.780640099999971, 40.2034138 ], [ 118.780870300000018, 40.2034842 ], [ 118.781236, 40.2036186 ], [ 118.781566499999968, 40.203749 ], [ 118.7817913, 40.2038483 ], [ 118.781848199999956, 40.2038835 ], [ 118.781884099999985, 40.2039319 ], [ 118.7819186, 40.2039786 ], [ 118.781959199999974, 40.2040945 ], [ 118.781999900000017, 40.204231 ], [ 118.782037799999983, 40.204411 ], [ 118.7820703, 40.2046448 ], [ 118.7820649, 40.2048206 ], [ 118.7820568, 40.2049013 ], [ 118.782016100000021, 40.2049055 ], [ 118.781975499999973, 40.2049179 ], [ 118.7819186, 40.2049634 ], [ 118.7818753, 40.2050198 ], [ 118.781829200000018, 40.2050937 ], [ 118.7817913, 40.205118499999983 ], [ 118.781731699999966, 40.2051599 ], [ 118.7816477, 40.20525090000001 ], [ 118.781585399999983, 40.2053192 ], [ 118.781555599999962, 40.2053813 ], [ 118.7815096, 40.2056088 ], [ 118.7814364, 40.2058406 ], [ 118.78139579999997, 40.2059192 ], [ 118.7812983, 40.2060288 ], [ 118.781097800000012, 40.2061922 ], [ 118.780946200000017, 40.2063184 ], [ 118.7809245, 40.206364 ], [ 118.7809137, 40.2064322 ], [ 118.7809164, 40.2064715 ], [ 118.781030099999967, 40.2067115 ], [ 118.781035499999973, 40.206757 ], [ 118.7810274, 40.2068791 ], [ 118.78101119999998, 40.2069287 ], [ 118.781007414423428, 40.206934817691902 ], [ 118.726173911723421, 40.212521242167995 ], [ 118.666119849560346, 40.23716348859584 ], [ 118.666121599999983, 40.2371426 ], [ 118.666171, 40.2370333 ], [ 118.6662466, 40.2369319 ], [ 118.6663533, 40.2368265 ], [ 118.6664523, 40.2366973 ], [ 118.6665252, 40.2366158 ], [ 118.6665903, 40.2364865 ], [ 118.6666086, 40.2363692 ], [ 118.6667258, 40.236246 ], [ 118.6669523, 40.2361188 ], [ 118.6670956, 40.2360054 ], [ 118.6672023, 40.2359279 ], [ 118.6673065, 40.2358543 ], [ 118.66741589999998, 40.235745 ], [ 118.6674706, 40.2356158 ], [ 118.667540899999963, 40.2355024 ], [ 118.667637299999981, 40.235403 ], [ 118.6678013, 40.2352659 ], [ 118.6679654, 40.2350611 ], [ 118.66808, 40.2348861 ], [ 118.6682414, 40.2346456 ], [ 118.6683717, 40.2344448 ], [ 118.6684159, 40.2342281 ], [ 118.6685774, 40.2340849 ], [ 118.6686686, 40.2339577 ], [ 118.6687753, 40.2338583 ], [ 118.6689186, 40.2337907 ], [ 118.66908, 40.2336873 ], [ 118.669150299999956, 40.2336276 ], [ 118.669205, 40.2335441 ], [ 118.6692233, 40.2334805 ], [ 118.6693795, 40.2333314 ], [ 118.6694993, 40.23323 ], [ 118.6696139, 40.2331107 ], [ 118.669692, 40.2329974 ], [ 118.6697441, 40.2329258 ], [ 118.669866499999969, 40.2328523 ], [ 118.669923799999978, 40.2327946 ], [ 118.6699863, 40.2327707 ], [ 118.670048799999989, 40.2327429 ], [ 118.670124299999969, 40.232733 ], [ 118.670212899999981, 40.2327747 ], [ 118.670283199999986, 40.2328085 ], [ 118.6703952, 40.2328344 ], [ 118.670528, 40.2328344 ], [ 118.6706166, 40.2328304 ], [ 118.670650399999957, 40.2328523 ], [ 118.670686900000021, 40.2329059 ], [ 118.670731100000012, 40.2329258 ], [ 118.670788399999978, 40.2329079 ], [ 118.670840499999969, 40.232894 ], [ 118.6709114, 40.2329074 ], [ 118.671017699999979, 40.2329132 ], [ 118.671095600000015, 40.2328886 ], [ 118.671224699999954, 40.2328915 ], [ 118.671355699999964, 40.2329321 ], [ 118.671477199999984, 40.2329553 ], [ 118.671606299999979, 40.2330075 ], [ 118.671705, 40.2330379 ], [ 118.671794199999979, 40.2330321 ], [ 118.671855, 40.2330248 ], [ 118.671968899999968, 40.2329277 ], [ 118.672075199999981, 40.2328466 ], [ 118.6722176, 40.2327669 ], [ 118.6723182, 40.232764 ], [ 118.6723733, 40.2327553 ], [ 118.67251, 40.2327466 ], [ 118.672580199999985, 40.232730599999982 ], [ 118.6726447, 40.2327596 ], [ 118.672809900000019, 40.2327669 ], [ 118.672861199999986, 40.2327828 ], [ 118.6728991, 40.2328205 ], [ 118.6730795, 40.2327596 ], [ 118.673180099999968, 40.2327219 ], [ 118.673248499999971, 40.2327205 ], [ 118.6733016, 40.2327422 ], [ 118.673377599999981, 40.232737899999989 ], [ 118.6735314, 40.2327118 ], [ 118.673609200000016, 40.2326842 ], [ 118.6737269, 40.2326335 ], [ 118.6738218, 40.232619 ], [ 118.6739471, 40.2325813 ], [ 118.67408380000002, 40.2325552 ], [ 118.674201499999981, 40.232535 ], [ 118.6743477, 40.2325567 ], [ 118.6744654, 40.2325509 ], [ 118.6746306, 40.2324958 ], [ 118.67484509999997, 40.2323074 ], [ 118.6749913, 40.2321755 ], [ 118.6750673, 40.2321538 ], [ 118.675116599999981, 40.2321436 ], [ 118.6752097, 40.2320842 ], [ 118.675316, 40.2320509 ], [ 118.6754014, 40.2319929 ], [ 118.675490600000018, 40.2319262 ], [ 118.675549899999979, 40.2319114 ], [ 118.6756292, 40.2319161 ], [ 118.67572789999997, 40.2319697 ], [ 118.675815300000011, 40.231974 ], [ 118.6760108, 40.23195230000001 ], [ 118.6762405, 40.2319161 ], [ 118.676382899999965, 40.2317987 ], [ 118.676540499999987, 40.2316885 ], [ 118.676679099999987, 40.2316247 ], [ 118.6768101, 40.2315465 ], [ 118.676922100000013, 40.2315102 ], [ 118.6770303, 40.2314885 ], [ 118.677165100000011, 40.2314696 ], [ 118.6771879, 40.2313479 ], [ 118.6771803, 40.231229 ], [ 118.677132899999989, 40.2311218 ], [ 118.6771632, 40.2309551 ], [ 118.677212599999976, 40.2308652 ], [ 118.6772202, 40.2306681 ], [ 118.6772164, 40.2305956 ], [ 118.677224, 40.230449299999989 ], [ 118.6772487, 40.2303623 ], [ 118.6772411, 40.2302333 ], [ 118.67725249999998, 40.2301637 ], [ 118.6772904, 40.2301115 ], [ 118.677396699999989, 40.2300101 ], [ 118.677506899999983, 40.2299564 ], [ 118.6775524, 40.2298883 ], [ 118.6776037, 40.2298289 ], [ 118.6776189, 40.2297898 ], [ 118.6776189, 40.22971 ], [ 118.6776398, 40.2296535 ], [ 118.677651199999985, 40.2295912 ], [ 118.6776872, 40.2295086 ], [ 118.6777005, 40.2294433 ], [ 118.6777442, 40.2293694 ], [ 118.677761299999958, 40.2292969 ], [ 118.677761299999958, 40.2292187 ], [ 118.6777973, 40.2290766 ], [ 118.677894199999983, 40.2288418 ], [ 118.6779454, 40.2286882 ], [ 118.6780081, 40.2285882 ], [ 118.6780783, 40.2285244 ], [ 118.678148600000014, 40.2284867 ], [ 118.6782055, 40.2284751 ], [ 118.678272, 40.2284621 ], [ 118.678319399999978, 40.2284041 ], [ 118.678365, 40.2283244 ], [ 118.6784618, 40.2282142 ], [ 118.6785643, 40.2280939 ], [ 118.678608, 40.2280765 ], [ 118.6786593, 40.2280562 ], [ 118.6787352, 40.2279939 ], [ 118.6788036, 40.2279431 ], [ 118.6788757, 40.2278953 ], [ 118.679001, 40.2278127 ], [ 118.679076899999956, 40.2277779 ], [ 118.679168100000012, 40.2277518 ], [ 118.679196500000018, 40.2277344 ], [ 118.6792041, 40.227704 ], [ 118.679196500000018, 40.2276764 ], [ 118.6792364, 40.2276358 ], [ 118.679344599999979, 40.2275822 ], [ 118.6794263, 40.227546 ], [ 118.6795364, 40.2274779 ], [ 118.6795914, 40.227446 ], [ 118.6797737, 40.2273923 ], [ 118.6799313, 40.2273315 ], [ 118.6800034, 40.2273184 ], [ 118.6801382, 40.2273025 ], [ 118.6802654, 40.2272909 ], [ 118.6804116, 40.227288 ], [ 118.6805483, 40.2272952 ], [ 118.6806375, 40.2272735 ], [ 118.680732499999976, 40.2272314 ], [ 118.68082739999997, 40.2271749 ], [ 118.680901399999982, 40.2271126 ], [ 118.680928, 40.2270676 ], [ 118.6809603, 40.2269952 ], [ 118.681017199999985, 40.2269299 ], [ 118.6811634, 40.2267546 ], [ 118.681338100000019, 40.226556 ], [ 118.681508900000011, 40.2263864 ], [ 118.6816267, 40.2262516 ], [ 118.681662700000018, 40.2262037 ], [ 118.6816741, 40.2261023 ], [ 118.6817083, 40.2260501 ], [ 118.68178039999998, 40.2258703 ], [ 118.681788, 40.225808 ], [ 118.6817766, 40.2257341 ], [ 118.6817539, 40.2256587 ], [ 118.681715899999958, 40.22545 ], [ 118.6817311, 40.225373199999986 ], [ 118.6817671, 40.2252876 ], [ 118.681848799999983, 40.2251485 ], [ 118.681943699999977, 40.2250195 ], [ 118.6820614, 40.2248934 ], [ 118.6821943, 40.2248122 ], [ 118.682236099999983, 40.2248035 ], [ 118.6823025, 40.2248136 ], [ 118.682443, 40.2248542 ], [ 118.682574, 40.224887600000017 ], [ 118.682668899999967, 40.2248905 ], [ 118.682737299999971, 40.2248847 ], [ 118.682839800000011, 40.2248528 ], [ 118.682949900000011, 40.2248397 ], [ 118.68322329999998, 40.2247455 ], [ 118.6833353, 40.224689 ], [ 118.683458700000017, 40.2246295 ], [ 118.683585899999983, 40.2245571 ], [ 118.68366, 40.2245121 ], [ 118.683876399999974, 40.224344 ], [ 118.6839542, 40.2242628 ], [ 118.683996, 40.2241976 ], [ 118.683990300000019, 40.2241294 ], [ 118.6839675, 40.2240381 ], [ 118.683975099999984, 40.2239453 ], [ 118.683956100000017, 40.2238207 ], [ 118.683952299999987, 40.2236177 ], [ 118.683935299999973, 40.2235337 ], [ 118.6839315, 40.22348 ], [ 118.6838878, 40.2233612 ], [ 118.6838802, 40.223295899999989 ], [ 118.68391440000002, 40.2232075 ], [ 118.683941, 40.2231611 ], [ 118.684053, 40.22312920000001 ], [ 118.6841403, 40.2231176 ], [ 118.6843036, 40.2230959 ], [ 118.6844232, 40.2230857 ], [ 118.684529500000011, 40.2230886 ], [ 118.684721200000013, 40.2230785 ], [ 118.6848105, 40.2230553 ], [ 118.684888299999983, 40.2230437 ], [ 118.68496810000002, 40.2230394 ], [ 118.685083899999967, 40.2230437 ], [ 118.685220599999965, 40.2230582 ], [ 118.685351599999976, 40.223122 ], [ 118.685220599999965, 40.2230582 ], [ 118.685083899999967, 40.2230437 ], [ 118.68496810000002, 40.2230394 ], [ 118.684888299999983, 40.2230437 ], [ 118.6848105, 40.2230553 ], [ 118.684721200000013, 40.2230785 ], [ 118.684529500000011, 40.2230886 ], [ 118.6844232, 40.2230857 ], [ 118.6843036, 40.2230959 ], [ 118.6841403, 40.2231176 ], [ 118.684053, 40.22312920000001 ], [ 118.683941, 40.2231611 ], [ 118.68391440000002, 40.2232075 ], [ 118.6838802, 40.223295899999989 ], [ 118.6838878, 40.2233612 ], [ 118.6839315, 40.22348 ], [ 118.683935299999973, 40.2235337 ], [ 118.683952299999987, 40.2236177 ], [ 118.683956100000017, 40.2238207 ], [ 118.683975099999984, 40.2239453 ], [ 118.6839675, 40.2240381 ], [ 118.683990300000019, 40.2241294 ], [ 118.683996, 40.2241976 ], [ 118.6839542, 40.2242628 ], [ 118.683876399999974, 40.224344 ], [ 118.68366, 40.2245121 ], [ 118.683585899999983, 40.2245571 ], [ 118.683458700000017, 40.2246295 ], [ 118.6833353, 40.224689 ], [ 118.68322329999998, 40.2247455 ], [ 118.682949900000011, 40.2248397 ], [ 118.682839800000011, 40.2248528 ], [ 118.682737299999971, 40.2248847 ], [ 118.682668899999967, 40.2248905 ], [ 118.682574, 40.224887600000017 ], [ 118.682443, 40.2248542 ], [ 118.6823025, 40.2248136 ], [ 118.682236099999983, 40.2248035 ], [ 118.6821943, 40.2248122 ], [ 118.6820614, 40.2248934 ], [ 118.681943699999977, 40.2250195 ], [ 118.681848799999983, 40.2251485 ], [ 118.6817671, 40.2252876 ], [ 118.6817311, 40.225373199999986 ], [ 118.681715899999958, 40.22545 ], [ 118.6817539, 40.2256587 ], [ 118.6817766, 40.2257341 ], [ 118.681788, 40.225808 ], [ 118.68178039999998, 40.2258703 ], [ 118.6817083, 40.2260501 ], [ 118.6816741, 40.2261023 ], [ 118.681662700000018, 40.2262037 ], [ 118.6816267, 40.2262516 ], [ 118.681508900000011, 40.2263864 ], [ 118.681338100000019, 40.226556 ], [ 118.6811634, 40.2267546 ], [ 118.681017199999985, 40.2269299 ], [ 118.6809603, 40.2269952 ], [ 118.680928, 40.2270676 ], [ 118.680901399999982, 40.2271126 ], [ 118.68082739999997, 40.2271749 ], [ 118.680732499999976, 40.2272314 ], [ 118.6806375, 40.2272735 ], [ 118.6805483, 40.2272952 ], [ 118.6804116, 40.227288 ], [ 118.6802654, 40.2272909 ], [ 118.6801382, 40.2273025 ], [ 118.6800034, 40.2273184 ], [ 118.6799313, 40.2273315 ], [ 118.6797737, 40.2273923 ], [ 118.6795914, 40.227446 ], [ 118.6795364, 40.2274779 ], [ 118.6794263, 40.227546 ], [ 118.679344599999979, 40.2275822 ], [ 118.6792364, 40.2276358 ], [ 118.679196500000018, 40.2276764 ], [ 118.6792041, 40.227704 ], [ 118.679196500000018, 40.2277344 ], [ 118.679168100000012, 40.2277518 ], [ 118.679076899999956, 40.2277779 ], [ 118.679001, 40.2278127 ], [ 118.6788757, 40.2278953 ], [ 118.6788036, 40.2279431 ], [ 118.6787352, 40.2279939 ], [ 118.6786593, 40.2280562 ], [ 118.678608, 40.2280765 ], [ 118.6785643, 40.2280939 ], [ 118.6784618, 40.2282142 ], [ 118.678365, 40.2283244 ], [ 118.678319399999978, 40.2284041 ], [ 118.678272, 40.2284621 ], [ 118.6782055, 40.2284751 ], [ 118.678148600000014, 40.2284867 ], [ 118.6780783, 40.2285244 ], [ 118.6780081, 40.2285882 ], [ 118.6779454, 40.2286882 ], [ 118.677894199999983, 40.2288418 ], [ 118.6777973, 40.2290766 ], [ 118.677761299999958, 40.2292187 ], [ 118.677761299999958, 40.2292969 ], [ 118.6777442, 40.2293694 ], [ 118.6777005, 40.2294433 ], [ 118.6776872, 40.2295086 ], [ 118.677651199999985, 40.2295912 ], [ 118.6776398, 40.2296535 ], [ 118.6776189, 40.22971 ], [ 118.6776189, 40.2297898 ], [ 118.6776037, 40.2298289 ], [ 118.6775524, 40.2298883 ], [ 118.677506899999983, 40.2299564 ], [ 118.677396699999989, 40.2300101 ], [ 118.6772904, 40.2301115 ], [ 118.67725249999998, 40.2301637 ], [ 118.6772411, 40.2302333 ], [ 118.6772487, 40.2303623 ], [ 118.677224, 40.230449299999989 ], [ 118.6772164, 40.2305956 ], [ 118.6772202, 40.2306681 ], [ 118.677212599999976, 40.2308652 ], [ 118.6771632, 40.2309551 ], [ 118.677132899999989, 40.2311218 ], [ 118.6771803, 40.231229 ], [ 118.6771879, 40.2313479 ], [ 118.677165100000011, 40.2314696 ], [ 118.6770303, 40.2314885 ], [ 118.676922100000013, 40.2315102 ], [ 118.6768101, 40.2315465 ], [ 118.676679099999987, 40.2316247 ], [ 118.676540499999987, 40.2316885 ], [ 118.676382899999965, 40.2317987 ], [ 118.6762405, 40.2319161 ], [ 118.6760108, 40.23195230000001 ], [ 118.675815300000011, 40.231974 ], [ 118.67572789999997, 40.2319697 ], [ 118.6756292, 40.2319161 ], [ 118.675549899999979, 40.2319114 ], [ 118.675490600000018, 40.2319262 ], [ 118.6754014, 40.2319929 ], [ 118.675316, 40.2320509 ], [ 118.6752097, 40.2320842 ], [ 118.675116599999981, 40.2321436 ], [ 118.6750673, 40.2321538 ], [ 118.6749913, 40.2321755 ], [ 118.67484509999997, 40.2323074 ], [ 118.6746306, 40.2324958 ], [ 118.6744654, 40.2325509 ], [ 118.6743477, 40.2325567 ], [ 118.674201499999981, 40.232535 ], [ 118.67408380000002, 40.2325552 ], [ 118.6739471, 40.2325813 ], [ 118.6738218, 40.232619 ], [ 118.6737269, 40.2326335 ], [ 118.673609200000016, 40.2326842 ], [ 118.6735314, 40.2327118 ], [ 118.673377599999981, 40.232737899999989 ], [ 118.6733016, 40.2327422 ], [ 118.673248499999971, 40.2327205 ], [ 118.673180099999968, 40.2327219 ], [ 118.6730795, 40.2327596 ], [ 118.6728991, 40.2328205 ], [ 118.672861199999986, 40.2327828 ], [ 118.672809900000019, 40.2327669 ], [ 118.6726447, 40.2327596 ], [ 118.672580199999985, 40.232730599999982 ], [ 118.67251, 40.2327466 ], [ 118.6723733, 40.2327553 ], [ 118.6723182, 40.232764 ], [ 118.6722176, 40.2327669 ], [ 118.672075199999981, 40.2328466 ], [ 118.671968899999968, 40.2329277 ], [ 118.671855, 40.2330248 ], [ 118.671794199999979, 40.2330321 ], [ 118.671705, 40.2330379 ], [ 118.671606299999979, 40.2330075 ], [ 118.671477199999984, 40.2329553 ], [ 118.671355699999964, 40.2329321 ], [ 118.671224699999954, 40.2328915 ], [ 118.671095600000015, 40.2328886 ], [ 118.671017699999979, 40.2329132 ], [ 118.6709114, 40.2329074 ], [ 118.670840499999969, 40.232894 ], [ 118.670788399999978, 40.2329079 ], [ 118.670731100000012, 40.2329258 ], [ 118.670686900000021, 40.2329059 ], [ 118.670650399999957, 40.2328523 ], [ 118.6706166, 40.2328304 ], [ 118.670528, 40.2328344 ], [ 118.6703952, 40.2328344 ], [ 118.670283199999986, 40.2328085 ], [ 118.670212899999981, 40.2327747 ], [ 118.670124299999969, 40.232733 ], [ 118.670048799999989, 40.2327429 ], [ 118.6699863, 40.2327707 ], [ 118.669923799999978, 40.2327946 ], [ 118.669866499999969, 40.2328523 ], [ 118.6697441, 40.2329258 ], [ 118.669692, 40.2329974 ], [ 118.6696139, 40.2331107 ], [ 118.6694993, 40.23323 ], [ 118.6693795, 40.2333314 ], [ 118.6692233, 40.2334805 ], [ 118.669205, 40.2335441 ], [ 118.669150299999956, 40.2336276 ], [ 118.66908, 40.2336873 ], [ 118.6689186, 40.2337907 ], [ 118.6687753, 40.2338583 ], [ 118.6686686, 40.2339577 ], [ 118.6685774, 40.2340849 ], [ 118.6684159, 40.2342281 ], [ 118.6683717, 40.2344448 ], [ 118.6682414, 40.2346456 ], [ 118.66808, 40.2348861 ], [ 118.6679654, 40.2350611 ], [ 118.6678013, 40.2352659 ], [ 118.667637299999981, 40.235403 ], [ 118.667540899999963, 40.2355024 ], [ 118.6674706, 40.2356158 ], [ 118.66741589999998, 40.235745 ], [ 118.6673065, 40.2358543 ], [ 118.6672023, 40.2359279 ], [ 118.6670956, 40.2360054 ], [ 118.6669523, 40.2361188 ], [ 118.6667258, 40.236246 ], [ 118.6666086, 40.2363692 ], [ 118.6665903, 40.2364865 ], [ 118.6665252, 40.2366158 ], [ 118.6664523, 40.2366973 ], [ 118.6663533, 40.2368265 ], [ 118.6662466, 40.2369319 ], [ 118.666171, 40.2370333 ], [ 118.666121599999983, 40.2371426 ], [ 118.666111099999981, 40.2372679 ], [ 118.66607209999998, 40.237391100000011 ], [ 118.6659445, 40.2374368 ], [ 118.6658924, 40.2374845 ], [ 118.6658064, 40.2375104 ], [ 118.6657674, 40.2375502 ], [ 118.665629399999986, 40.2375979 ], [ 118.665559, 40.23764760000001 ], [ 118.6654653, 40.237743 ], [ 118.665381899999986, 40.2377867 ], [ 118.665267399999976, 40.2378384 ], [ 118.6650981, 40.2379557 ], [ 118.665012099999984, 40.2379895 ], [ 118.6648923, 40.2381008 ], [ 118.6647569, 40.238234 ], [ 118.6646606, 40.2383255 ], [ 118.664559, 40.2383831 ], [ 118.6644418, 40.2384269 ], [ 118.664413200000013, 40.2384567 ], [ 118.66435850000002, 40.2385223 ], [ 118.664327199999974, 40.2386237 ], [ 118.664309, 40.2386992 ], [ 118.6642256, 40.238735 ], [ 118.664113699999987, 40.2388165 ], [ 118.663970399999982, 40.2389557 ], [ 118.6638168, 40.2389974 ], [ 118.663540700000013, 40.2390511 ], [ 118.663197, 40.2391008 ], [ 118.662936499999986, 40.2391346 ], [ 118.6628297, 40.2391127 ], [ 118.6627073, 40.2391306 ], [ 118.662090099999986, 40.2392897 ], [ 118.6619912, 40.2393254 ], [ 118.661855700000018, 40.2393433 ], [ 118.661759399999966, 40.2393175 ], [ 118.6616708, 40.2392996 ], [ 118.6616292, 40.2393056 ], [ 118.661592699999986, 40.2393274 ], [ 118.661512, 40.2394745 ], [ 118.661465100000015, 40.23956 ], [ 118.6614286, 40.2396058 ], [ 118.6613818, 40.2396694 ], [ 118.661337499999973, 40.2397111 ], [ 118.661288, 40.2398046 ], [ 118.661264599999967, 40.2398642 ], [ 118.6612307, 40.2399179 ], [ 118.6611969, 40.2399517 ], [ 118.661137, 40.2400272 ], [ 118.6609729, 40.2401902 ], [ 118.6608661, 40.2403075 ], [ 118.6607802, 40.2404347 ], [ 118.660775, 40.2405222 ], [ 118.660782800000021, 40.2405799 ], [ 118.660777599999975, 40.2406534 ], [ 118.660709899999986, 40.2407449 ], [ 118.660676, 40.2408403 ], [ 118.66065, 40.240959599999989 ], [ 118.6606441, 40.2410552 ], [ 118.660639499999988, 40.2411285 ], [ 118.6606786, 40.2412776 ], [ 118.66072290000001, 40.241383 ], [ 118.660795799999988, 40.2415082 ], [ 118.660788, 40.2415559 ], [ 118.6606604, 40.2416036 ], [ 118.660444199999972, 40.2416851 ], [ 118.660405199999985, 40.2417249 ], [ 118.6603739, 40.2417826 ], [ 118.6602567, 40.241874 ], [ 118.660209800000018, 40.2419933 ], [ 118.660189, 40.242039 ], [ 118.6599572, 40.2421603 ], [ 118.659902499999973, 40.2421821 ], [ 118.659814, 40.2422139 ], [ 118.6597463, 40.2422318 ], [ 118.65972020000001, 40.2423312 ], [ 118.6596577, 40.24246440000001 ], [ 118.659647299999975, 40.2425101 ], [ 118.659665499999988, 40.2425956 ], [ 118.659582199999988, 40.2427606 ], [ 118.6595119, 40.24286 ], [ 118.659402499999985, 40.2429594 ], [ 118.659241, 40.2430906 ], [ 118.6591317, 40.2431602 ], [ 118.6590431, 40.2431979 ], [ 118.6589259, 40.2432715 ], [ 118.658931100000018, 40.2434663 ], [ 118.658949400000012, 40.2435399 ], [ 118.6589624, 40.2436054 ], [ 118.658965, 40.2436691 ], [ 118.6589936, 40.2437426 ], [ 118.658996200000018, 40.24384 ], [ 118.658946799999981, 40.2439633 ], [ 118.6589337, 40.2440825 ], [ 118.6588999, 40.2441342 ], [ 118.6588374, 40.2441939 ], [ 118.658816499999986, 40.2442455 ], [ 118.6587983, 40.2443191 ], [ 118.658816499999986, 40.2443648 ], [ 118.658866, 40.2444066 ], [ 118.658858200000012, 40.2444622 ], [ 118.658728, 40.2447067 ], [ 118.6586681, 40.2448101 ], [ 118.658553499999982, 40.2448975 ], [ 118.6584285, 40.2450208 ], [ 118.6583243, 40.245148 ], [ 118.658280099999985, 40.245217599999989 ], [ 118.6581941, 40.2452812 ], [ 118.658118599999966, 40.245317 ], [ 118.658103, 40.2453667 ], [ 118.6580769, 40.2454223 ], [ 118.6579728, 40.2454104 ], [ 118.6578269, 40.2454263 ], [ 118.6577201, 40.2454223 ], [ 118.657629, 40.2453985 ], [ 118.657548299999988, 40.2453925 ], [ 118.65735549999998, 40.2454243 ], [ 118.657246199999989, 40.2454502 ], [ 118.6571758, 40.2455038 ], [ 118.6570066, 40.2455893 ], [ 118.6569415, 40.2456072 ], [ 118.6568399, 40.2456609 ], [ 118.6568347, 40.2456827 ], [ 118.656681, 40.2457662 ], [ 118.656610700000016, 40.245796 ], [ 118.6562748, 40.2458537 ], [ 118.656071599999976, 40.2458736 ], [ 118.655990899999978, 40.2459054 ], [ 118.6558841, 40.2459233 ], [ 118.655811199999988, 40.2459431 ], [ 118.655725299999986, 40.2460028 ], [ 118.655602900000019, 40.2460167 ], [ 118.655412699999985, 40.2460425 ], [ 118.6554049, 40.2461101 ], [ 118.6553216, 40.246124 ], [ 118.6552617, 40.246126 ], [ 118.65522, 40.2461061 ], [ 118.6551054, 40.2460922 ], [ 118.6550273, 40.2460664 ], [ 118.654688799999988, 40.2460266 ], [ 118.654449199999974, 40.2459948 ], [ 118.6542799, 40.2459968 ], [ 118.6540611, 40.2459889 ], [ 118.653831899999986, 40.245971 ], [ 118.6537226, 40.2459173 ], [ 118.653831899999986, 40.245971 ], [ 118.6540611, 40.2459889 ], [ 118.6542799, 40.2459968 ], [ 118.654449199999974, 40.2459948 ], [ 118.654688799999988, 40.2460266 ], [ 118.6550273, 40.2460664 ], [ 118.6551054, 40.2460922 ], [ 118.65522, 40.2461061 ], [ 118.6552617, 40.246126 ], [ 118.6553216, 40.246124 ], [ 118.6554049, 40.2461101 ], [ 118.655412699999985, 40.2460425 ], [ 118.655602900000019, 40.2460167 ], [ 118.655725299999986, 40.2460028 ], [ 118.655811199999988, 40.2459431 ], [ 118.6558841, 40.2459233 ], [ 118.655990899999978, 40.2459054 ], [ 118.656071599999976, 40.2458736 ], [ 118.6562748, 40.2458537 ], [ 118.656610700000016, 40.245796 ], [ 118.656681, 40.2457662 ], [ 118.6568347, 40.2456827 ], [ 118.6568399, 40.2456609 ], [ 118.6569415, 40.2456072 ], [ 118.6570066, 40.2455893 ], [ 118.6571758, 40.2455038 ], [ 118.657246199999989, 40.2454502 ], [ 118.65735549999998, 40.2454243 ], [ 118.657548299999988, 40.2453925 ], [ 118.657629, 40.2453985 ], [ 118.6577201, 40.2454223 ], [ 118.6578269, 40.2454263 ], [ 118.6579728, 40.2454104 ], [ 118.6580769, 40.2454223 ], [ 118.658103, 40.2453667 ], [ 118.658118599999966, 40.245317 ], [ 118.6581941, 40.2452812 ], [ 118.658280099999985, 40.245217599999989 ], [ 118.6583243, 40.245148 ], [ 118.6584285, 40.2450208 ], [ 118.658553499999982, 40.2448975 ], [ 118.6586681, 40.2448101 ], [ 118.658728, 40.2447067 ], [ 118.658858200000012, 40.2444622 ], [ 118.658866, 40.2444066 ], [ 118.658816499999986, 40.2443648 ], [ 118.6587983, 40.2443191 ], [ 118.658816499999986, 40.2442455 ], [ 118.6588374, 40.2441939 ], [ 118.6588999, 40.2441342 ], [ 118.6589337, 40.2440825 ], [ 118.658946799999981, 40.2439633 ], [ 118.658996200000018, 40.24384 ], [ 118.6589936, 40.2437426 ], [ 118.658965, 40.2436691 ], [ 118.6589624, 40.2436054 ], [ 118.658949400000012, 40.2435399 ], [ 118.658931100000018, 40.2434663 ], [ 118.6589259, 40.2432715 ], [ 118.6590431, 40.2431979 ], [ 118.6591317, 40.2431602 ], [ 118.659241, 40.2430906 ], [ 118.659402499999985, 40.2429594 ], [ 118.6595119, 40.24286 ], [ 118.659582199999988, 40.2427606 ], [ 118.659665499999988, 40.2425956 ], [ 118.659647299999975, 40.2425101 ], [ 118.6596577, 40.24246440000001 ], [ 118.65972020000001, 40.2423312 ], [ 118.6597463, 40.2422318 ], [ 118.659814, 40.2422139 ], [ 118.659902499999973, 40.2421821 ], [ 118.6599572, 40.2421603 ], [ 118.660189, 40.242039 ], [ 118.660209800000018, 40.2419933 ], [ 118.6602567, 40.241874 ], [ 118.6603739, 40.2417826 ], [ 118.660405199999985, 40.2417249 ], [ 118.660444199999972, 40.2416851 ], [ 118.6606604, 40.2416036 ], [ 118.660788, 40.2415559 ], [ 118.660795799999988, 40.2415082 ], [ 118.66072290000001, 40.241383 ], [ 118.6606786, 40.2412776 ], [ 118.660639499999988, 40.2411285 ], [ 118.6606441, 40.2410552 ], [ 118.66065, 40.240959599999989 ], [ 118.660676, 40.2408403 ], [ 118.660709899999986, 40.2407449 ], [ 118.660777599999975, 40.2406534 ], [ 118.660782800000021, 40.2405799 ], [ 118.660775, 40.2405222 ], [ 118.6607802, 40.2404347 ], [ 118.6608661, 40.2403075 ], [ 118.6609729, 40.2401902 ], [ 118.661137, 40.2400272 ], [ 118.6611969, 40.2399517 ], [ 118.6612307, 40.2399179 ], [ 118.661264599999967, 40.2398642 ], [ 118.661288, 40.2398046 ], [ 118.661337499999973, 40.2397111 ], [ 118.6613818, 40.2396694 ], [ 118.6614286, 40.2396058 ], [ 118.661465100000015, 40.23956 ], [ 118.661512, 40.2394745 ], [ 118.661592699999986, 40.2393274 ], [ 118.6616292, 40.2393056 ], [ 118.6616708, 40.2392996 ], [ 118.661759399999966, 40.2393175 ], [ 118.661855700000018, 40.2393433 ], [ 118.6619912, 40.2393254 ], [ 118.662090099999986, 40.2392897 ], [ 118.6627073, 40.2391306 ], [ 118.6628297, 40.2391127 ], [ 118.662936499999986, 40.2391346 ], [ 118.663197, 40.2391008 ], [ 118.663540700000013, 40.2390511 ], [ 118.6638168, 40.2389974 ], [ 118.663970399999982, 40.2389557 ], [ 118.664113699999987, 40.2388165 ], [ 118.6642256, 40.238735 ], [ 118.664309, 40.2386992 ], [ 118.664327199999974, 40.2386237 ], [ 118.66435850000002, 40.2385223 ], [ 118.664413200000013, 40.2384567 ], [ 118.6644418, 40.2384269 ], [ 118.664559, 40.2383831 ], [ 118.6646606, 40.2383255 ], [ 118.6647569, 40.238234 ], [ 118.6648923, 40.2381008 ], [ 118.665012099999984, 40.2379895 ], [ 118.6650981, 40.2379557 ], [ 118.665267399999976, 40.2378384 ], [ 118.665381899999986, 40.2377867 ], [ 118.6654653, 40.237743 ], [ 118.665559, 40.23764760000001 ], [ 118.665629399999986, 40.2375979 ], [ 118.6657674, 40.2375502 ], [ 118.6658064, 40.2375104 ], [ 118.6658924, 40.2374845 ], [ 118.6659445, 40.2374368 ], [ 118.66607209999998, 40.237391100000011 ], [ 118.666111099999981, 40.2372679 ], [ 118.666119849560346, 40.23716348859584 ], [ 118.632494141261219, 40.250957357769884 ], [ 118.6323169, 40.2509758 ], [ 118.631992, 40.2509919 ], [ 118.6317431, 40.2509887 ], [ 118.631643899999986, 40.2509806 ], [ 118.631234699999979, 40.2509355 ], [ 118.6310997, 40.2509291 ], [ 118.631009, 40.2509339 ], [ 118.6308677, 40.2509516 ], [ 118.630755899999983, 40.2509774 ], [ 118.630677800000015, 40.2510225 ], [ 118.6305154, 40.2511287 ], [ 118.630405699999983, 40.2511851 ], [ 118.630312900000021, 40.2512302 ], [ 118.6302264, 40.2512656 ], [ 118.629937399999974, 40.2513091 ], [ 118.629842499999967, 40.2513155 ], [ 118.6296927, 40.2512946 ], [ 118.629445899999979, 40.2512672 ], [ 118.6293214, 40.2512414 ], [ 118.6292265, 40.251243 ], [ 118.629144199999971, 40.2512575 ], [ 118.629053500000012, 40.251272 ], [ 118.628918500000012, 40.2513058 ], [ 118.6287287, 40.2513879 ], [ 118.628513499999983, 40.2514749 ], [ 118.628376399999979, 40.2515441 ], [ 118.6283089, 40.2515699 ], [ 118.6282498, 40.2515779 ], [ 118.628186499999984, 40.2515779 ], [ 118.6280853, 40.2515586 ], [ 118.6279861, 40.251528 ], [ 118.627946, 40.2515087 ], [ 118.627918599999973, 40.2514797 ], [ 118.6277815, 40.2513992 ], [ 118.627695, 40.2513509 ], [ 118.627538900000019, 40.2512495 ], [ 118.6275052, 40.2512028 ], [ 118.6274482, 40.251169 ], [ 118.6273702, 40.2511336 ], [ 118.6272816, 40.2511191 ], [ 118.627228799999983, 40.2511078 ], [ 118.6271191, 40.2510418 ], [ 118.6268765, 40.2510482 ], [ 118.626697199999981, 40.251033699999986 ], [ 118.626408199999986, 40.2510032 ], [ 118.6260475, 40.2509887 ], [ 118.625935699999985, 40.2509726 ], [ 118.625731099999953, 40.2509371 ], [ 118.625587699999983, 40.2509275 ], [ 118.625461099999981, 40.2509194 ], [ 118.6253472, 40.2509033 ], [ 118.6250286, 40.2508454 ], [ 118.6249358, 40.25080830000001 ], [ 118.624889399999986, 40.2507826 ], [ 118.624845099999973, 40.2507729 ], [ 118.624805, 40.2507778 ], [ 118.6247354, 40.2508261 ], [ 118.624680600000019, 40.2508937 ], [ 118.624604599999969, 40.2509967 ], [ 118.6245751, 40.251061099999987 ], [ 118.62450549999997, 40.251293 ], [ 118.6244992, 40.2513799 ], [ 118.6244781, 40.2514266 ], [ 118.624370499999984, 40.2515506 ], [ 118.624231299999977, 40.2516407 ], [ 118.6241427, 40.2517067 ], [ 118.6240941, 40.2517421 ], [ 118.6239992, 40.2518468 ], [ 118.623898, 40.2519192 ], [ 118.623760899999965, 40.2519852 ], [ 118.6236976, 40.2520142 ], [ 118.6236427, 40.2520738 ], [ 118.6236301, 40.2521076 ], [ 118.623628, 40.2521462 ], [ 118.6235647, 40.2522251 ], [ 118.6235014, 40.2523105 ], [ 118.6234423, 40.2523507 ], [ 118.6232546, 40.2524409 ], [ 118.6230373, 40.2525681 ], [ 118.6229656, 40.252531 ], [ 118.6228707, 40.2524312 ], [ 118.6228264, 40.2523652 ], [ 118.6228179, 40.2523378 ], [ 118.6227821, 40.2523072 ], [ 118.6227399, 40.2522766 ], [ 118.62267869999998, 40.2522573 ], [ 118.622644899999969, 40.2522364 ], [ 118.6224931, 40.2521108 ], [ 118.622419199999968, 40.2520625 ], [ 118.6223285, 40.2520013 ], [ 118.622242, 40.2519627 ], [ 118.622197699999987, 40.2519128 ], [ 118.6221619, 40.251837100000017 ], [ 118.622126, 40.2517711 ], [ 118.62208379999997, 40.2517099 ], [ 118.6220332, 40.2516745 ], [ 118.6219488, 40.2516311 ], [ 118.6218982, 40.2515908 ], [ 118.621866499999967, 40.2515441 ], [ 118.621818, 40.2515167 ], [ 118.621733699999965, 40.251491 ], [ 118.621691500000011, 40.2514443 ], [ 118.6216556, 40.2514218 ], [ 118.6216197, 40.2514057 ], [ 118.621548, 40.2514073 ], [ 118.6214447, 40.2514314 ], [ 118.621383499999979, 40.2514588 ], [ 118.6213265, 40.2514797 ], [ 118.621267500000016, 40.2514717 ], [ 118.621229499999984, 40.2514797 ], [ 118.621172499999986, 40.2515071 ], [ 118.6211135, 40.2515538 ], [ 118.6210523, 40.2515989 ], [ 118.6209637, 40.2516407 ], [ 118.620735899999985, 40.2517244 ], [ 118.6206494, 40.2517599 ], [ 118.6205228, 40.2518162 ], [ 118.620490399999966, 40.2518468 ], [ 118.6203826, 40.251854 ], [ 118.620209100000011, 40.251854 ], [ 118.620110699999984, 40.2518915 ], [ 118.619963, 40.25193620000001 ], [ 118.6198411, 40.251913 ], [ 118.6197122, 40.2519023 ], [ 118.619656, 40.251854 ], [ 118.619581, 40.2518289 ], [ 118.6194966, 40.2518253 ], [ 118.619320799999983, 40.25182 ], [ 118.619234099999971, 40.2519076 ], [ 118.6191661, 40.251873599999989 ], [ 118.619084099999981, 40.2518629 ], [ 118.6190419, 40.2518718 ], [ 118.618985599999988, 40.2518933 ], [ 118.618905899999973, 40.2519327 ], [ 118.61875120000002, 40.2519577 ], [ 118.618641100000019, 40.2519845 ], [ 118.618575399999983, 40.252065 ], [ 118.618500400000016, 40.2521151 ], [ 118.6183481, 40.252133 ], [ 118.618259, 40.2522028 ], [ 118.6182145, 40.2522922 ], [ 118.61817, 40.2523369 ], [ 118.618043400000019, 40.2524103 ], [ 118.617884, 40.2524854 ], [ 118.6177457, 40.252548 ], [ 118.6176613, 40.2526732 ], [ 118.6175699, 40.252811 ], [ 118.617478500000018, 40.2528754 ], [ 118.6174082, 40.2529398 ], [ 118.617335499999953, 40.2530006 ], [ 118.6171785, 40.2530722 ], [ 118.6171316, 40.2531026 ], [ 118.6170332, 40.253192 ], [ 118.6170098, 40.2532117 ], [ 118.6169418, 40.2532153 ], [ 118.616845699999971, 40.2532063 ], [ 118.616782400000019, 40.2532206 ], [ 118.6167004, 40.2532314 ], [ 118.61666289999998, 40.2532475 ], [ 118.616405, 40.2532618 ], [ 118.616327699999985, 40.25326 ], [ 118.6162527, 40.2532653 ], [ 118.616219900000019, 40.2532868 ], [ 118.6161683, 40.2532779 ], [ 118.6161542, 40.2532528 ], [ 118.616194100000016, 40.2532206 ], [ 118.616194100000016, 40.2531777 ], [ 118.616091, 40.2530507 ], [ 118.6159925, 40.2529738 ], [ 118.6159456, 40.2529237 ], [ 118.6158706, 40.252879 ], [ 118.61570420000001, 40.2527537 ], [ 118.615512, 40.2525802 ], [ 118.6153269, 40.2524478 ], [ 118.6152214, 40.2523709 ], [ 118.6151698, 40.252353 ], [ 118.6151019, 40.2523441 ], [ 118.61502680000001, 40.2523441 ], [ 118.614729199999985, 40.2523763 ], [ 118.6145346, 40.2523906 ], [ 118.6143987, 40.2524103 ], [ 118.614213499999977, 40.2524228 ], [ 118.614129199999965, 40.2524157 ], [ 118.614009600000017, 40.2523691 ], [ 118.613911200000018, 40.2523262 ], [ 118.61381040000002, 40.252303 ], [ 118.613740099999973, 40.2522994 ], [ 118.6137002, 40.2523101 ], [ 118.613494, 40.2523978 ], [ 118.613334600000016, 40.2524622 ], [ 118.613189299999988, 40.2525087 ], [ 118.613006399999989, 40.2525516 ], [ 118.612760300000019, 40.2525892 ], [ 118.612533, 40.2526142 ], [ 118.612375899999975, 40.2526482 ], [ 118.6122142, 40.252709 ], [ 118.61213690000001, 40.2527555 ], [ 118.612047800000013, 40.2528217 ], [ 118.611836899999986, 40.2530525 ], [ 118.611693899999977, 40.2531974 ], [ 118.6116165, 40.2532922 ], [ 118.611572, 40.2533673 ], [ 118.6115439, 40.25344960000001 ], [ 118.611504, 40.2534943 ], [ 118.586371399999962, 40.2622787 ], [ 118.558786562431237, 40.301044252661889 ], [ 118.552205035975177, 40.33366276126187 ], [ 118.533837799999986, 40.3615883 ], [ 118.537725499999979, 40.3817433 ], [ 118.5380355, 40.3818836 ], [ 118.538320700000014, 40.3819835 ], [ 118.5386608, 40.3820793 ], [ 118.5387937, 40.3821589 ], [ 118.5388787, 40.3821886 ], [ 118.539058399999988, 40.3822485 ], [ 118.5395598, 40.3823363 ], [ 118.5396926, 40.3823673 ], [ 118.539931799999962, 40.3823929 ], [ 118.5400275, 40.3823916 ], [ 118.5403461, 40.3823327 ], [ 118.540482600000018, 40.3823205 ], [ 118.54057819999997, 40.3823394 ], [ 118.540693399999981, 40.3823988 ], [ 118.540751799999981, 40.3824042 ], [ 118.54085809999998, 40.3824015 ], [ 118.541015799999983, 40.3824231 ], [ 118.541231899999985, 40.3824892 ], [ 118.541302799999968, 40.3825094 ], [ 118.5413718, 40.3825148 ], [ 118.5419617, 40.3828157 ], [ 118.542376299999972, 40.3830829 ], [ 118.5425428, 40.3831774 ], [ 118.542681, 40.383226 ], [ 118.54307249999998, 40.3834284 ], [ 118.54328510000002, 40.3835215 ], [ 118.543394899999967, 40.3835512 ], [ 118.54365, 40.3835781 ], [ 118.5438679, 40.3835822 ], [ 118.5439228, 40.383593 ], [ 118.544131800000017, 40.3837198 ], [ 118.5443001, 40.3837684 ], [ 118.544434800000019, 40.3838345 ], [ 118.544532100000012, 40.3839313 ], [ 118.5446136, 40.3840595 ], [ 118.5447128, 40.3841769 ], [ 118.5447837, 40.3842376 ], [ 118.5451398, 40.3844333 ], [ 118.545242500000015, 40.3845479 ], [ 118.5453187, 40.3846465 ], [ 118.545352300000019, 40.3847895 ], [ 118.545386, 40.3848489 ], [ 118.5454923, 40.3849905 ], [ 118.545742100000012, 40.3851376 ], [ 118.5459529, 40.3852294 ], [ 118.5462469, 40.3852793 ], [ 118.5465144, 40.3853549 ], [ 118.546819099999965, 40.3854709 ], [ 118.546913, 40.3855222 ], [ 118.547104299999972, 40.3856962 ], [ 118.5472248, 40.3858298 ], [ 118.547501199999985, 40.3860147 ], [ 118.547669499999955, 40.3861334 ], [ 118.547876700000018, 40.3863385 ], [ 118.5479723, 40.386402 ], [ 118.5480467, 40.3864776 ], [ 118.548179499999989, 40.3866449 ], [ 118.548339, 40.3867555 ], [ 118.5485143, 40.3868149 ], [ 118.548673799999975, 40.3868338 ], [ 118.548817299999982, 40.3868365 ], [ 118.548987299999979, 40.3869012 ], [ 118.549191, 40.3870348 ], [ 118.549283200000019, 40.3871441 ], [ 118.549339900000021, 40.3872723 ], [ 118.549494, 40.3874869 ], [ 118.549665800000014, 40.38765690000001 ], [ 118.5500414, 40.3879443 ], [ 118.5501211, 40.387947 ], [ 118.550172499999988, 40.3879753 ], [ 118.550215, 40.3880954 ], [ 118.5505069, 40.3883395 ], [ 118.550684100000012, 40.3886215 ], [ 118.5508506, 40.3888792 ], [ 118.551026, 40.3890681 ], [ 118.551111, 40.389137 ], [ 118.551137599999976, 40.3892557 ], [ 118.551226200000016, 40.3894311 ], [ 118.551394500000015, 40.3896902 ], [ 118.5516141, 40.3899843 ], [ 118.5517842, 40.3902366 ], [ 118.552021599999989, 40.390609 ], [ 118.552088200000014, 40.3912209 ], [ 118.552185699999981, 40.3913154 ], [ 118.552288399999981, 40.3914894 ], [ 118.55254, 40.3916729 ], [ 118.552724199999986, 40.3918645 ], [ 118.5529244, 40.3921087 ], [ 118.553055499999985, 40.3922396 ], [ 118.553122799999983, 40.39233 ], [ 118.537386499999982, 40.4171823 ], [ 118.5051321, 40.4016588 ], [ 118.440597699999984, 40.4097031 ], [ 118.396036, 40.4152913 ], [ 118.3298517, 40.4245786 ], [ 118.2718796, 40.4228196 ], [ 118.2143642, 40.4159683 ], [ 118.17386980000002, 40.4045752 ], [ 118.136471948164569, 40.362922364099283 ], [ 118.092595105123877, 40.328645554857033 ], [ 118.041744200000011, 40.3114234 ], [ 117.951996, 40.284401699999989 ], [ 117.831410599999984, 40.2629386 ], [ 117.684293299999979, 40.2357345 ], [ 117.620693700000018, 40.2051673 ], [ 117.4927809, 40.2074908 ], [ 117.416891722297166, 40.211471539591237 ], [ 117.3546377, 40.2312852 ], [ 117.290745798555164, 40.234085184529064 ], [ 117.227124376146179, 40.228223112520112 ], [ 117.177954899999989, 40.2553141 ], [ 117.1665394, 40.3113661 ], [ 117.212213700000021, 40.3570351 ], [ 117.199701349245743, 40.434763465388336 ], [ 117.179956769877421, 40.480668159004402 ], [ 117.189829059561561, 40.521538645791502 ], [ 117.223833612918128, 40.564050866601868 ], [ 117.278679666718986, 40.587379435509661 ], [ 117.3443332, 40.603178 ], [ 117.41175370000002, 40.6191591 ], [ 117.457601, 40.6364759 ], [ 117.5012048, 40.6525519 ], [ 117.5017044, 40.6650195 ], [ 117.500562700000017, 40.6655518 ], [ 117.500369299999988, 40.665655899999983 ], [ 117.500247699999989, 40.6657269 ], [ 117.500007499999953, 40.665831 ], [ 117.4998079, 40.6659706 ], [ 117.4996207, 40.6661078 ], [ 117.499546599999988, 40.666074 ], [ 117.499474899999981, 40.6660058 ], [ 117.4994218, 40.6659135 ], [ 117.4993626, 40.665849599999987 ], [ 117.4991723, 40.6657479 ], [ 117.4990538, 40.6657006 ], [ 117.4988167, 40.6656745 ], [ 117.498554700000014, 40.665669800000011 ], [ 117.498358199999984, 40.6656485 ], [ 117.4981835, 40.665613 ], [ 117.498043100000018, 40.665613 ], [ 117.497987, 40.665669800000011 ], [ 117.4979028, 40.6660271 ], [ 117.4978154, 40.6663488 ], [ 117.49779359999998, 40.6666564 ], [ 117.4977094, 40.6668528 ], [ 117.4976127, 40.6670421 ], [ 117.4975285, 40.6671864 ], [ 117.4974567, 40.6672479 ], [ 117.497385, 40.66730470000001 ], [ 117.497307, 40.6674064 ], [ 117.497235299999971, 40.6675058 ], [ 117.497172899999967, 40.6676714 ], [ 117.4970824, 40.667780299999983 ], [ 117.4970575, 40.6679766 ], [ 117.4970138, 40.6680784 ], [ 117.4969545, 40.6682913 ], [ 117.4968984, 40.6684285 ], [ 117.4968298, 40.66854210000001 ], [ 117.496720599999989, 40.6686462 ], [ 117.496583299999983, 40.6686746 ], [ 117.4963743, 40.6686793 ], [ 117.49601250000002, 40.6687172 ], [ 117.495426099999989, 40.6687361 ], [ 117.4949738, 40.6687811 ], [ 117.494880699999982, 40.6688249 ], [ 117.4947711, 40.6687716 ], [ 117.49469, 40.6687574 ], [ 117.4945714, 40.6687692 ], [ 117.494421699999975, 40.668871 ], [ 117.494034899999988, 40.668949 ], [ 117.4938665, 40.6690082 ], [ 117.4937978, 40.6690484 ], [ 117.493766699999981, 40.6691359 ], [ 117.4938072, 40.6692684 ], [ 117.493813399999965, 40.6693749 ], [ 117.4937823, 40.6694553 ], [ 117.4937448, 40.6697818 ], [ 117.493682399999969, 40.6698978 ], [ 117.4935577, 40.6700776 ], [ 117.49352020000002, 40.6701888 ], [ 117.493461, 40.670271599999985 ], [ 117.4933206, 40.670397 ], [ 117.493096, 40.6705673 ], [ 117.492949399999986, 40.67074 ], [ 117.4927779, 40.670908 ], [ 117.4927092, 40.6710121 ], [ 117.4926375, 40.6710972 ], [ 117.4925065, 40.6711658 ], [ 117.492381699999981, 40.67108540000001 ], [ 117.492247600000013, 40.6710428 ], [ 117.4920729, 40.6710807 ], [ 117.491867, 40.6711564 ], [ 117.4916924, 40.6712226 ], [ 117.4915614, 40.67125810000001 ], [ 117.491452199999983, 40.6713504 ], [ 117.491421, 40.671518399999989 ], [ 117.491362599999974, 40.6715814 ], [ 117.4912276, 40.6716272 ], [ 117.4911215, 40.6717786 ], [ 117.490934400000015, 40.6719962 ], [ 117.490659900000011, 40.6722565 ], [ 117.490485199999966, 40.6723133 ], [ 117.490354199999956, 40.6723251 ], [ 117.490210699999963, 40.6723014 ], [ 117.4901015, 40.6723014 ], [ 117.4900267, 40.6723606 ], [ 117.4898957, 40.6724221 ], [ 117.489799, 40.6724836 ], [ 117.4897366, 40.6726279 ], [ 117.4897179, 40.6727628 ], [ 117.4897584, 40.6729733 ], [ 117.4898395, 40.6731271 ], [ 117.490001699999979, 40.6733873 ], [ 117.490064099999984, 40.673534 ], [ 117.490052599999984, 40.6736328 ], [ 117.4898395, 40.6735245 ], [ 117.4894434, 40.6733992 ], [ 117.4890254, 40.673314 ], [ 117.4887384, 40.6733164 ], [ 117.488507599999977, 40.6733542 ], [ 117.488329, 40.6733552 ], [ 117.488232300000021, 40.6733055 ], [ 117.488067, 40.6731943 ], [ 117.487833, 40.6730784 ], [ 117.4877052, 40.6730595 ], [ 117.487533599999963, 40.6730784 ], [ 117.4872497, 40.673173 ], [ 117.487246599999978, 40.6732653 ], [ 117.487237299999975, 40.6733907 ], [ 117.487181099999987, 40.6734806 ], [ 117.4870189, 40.673606 ], [ 117.486841100000021, 40.6737195 ], [ 117.4865947, 40.6738355 ], [ 117.486438699999965, 40.673873299999983 ], [ 117.4861705, 40.6739253 ], [ 117.4859303, 40.6739514 ], [ 117.4855186, 40.673975 ], [ 117.4853501, 40.6739963 ], [ 117.4849758, 40.6740318 ], [ 117.484782399999986, 40.6740886 ], [ 117.4846171, 40.6741667 ], [ 117.4844073, 40.6742814 ], [ 117.484270899999984, 40.6741737 ], [ 117.4841149, 40.6740602 ], [ 117.484021299999981, 40.6740626 ], [ 117.483868500000014, 40.6741288 ], [ 117.4837094, 40.6742873 ], [ 117.4834786, 40.6744931 ], [ 117.483375599999988, 40.6745168 ], [ 117.4831978, 40.67452620000001 ], [ 117.483082400000015, 40.6745712 ], [ 117.4829857, 40.6746611 ], [ 117.4828734, 40.6748243 ], [ 117.4827799, 40.6748929 ], [ 117.482586499999982, 40.6749899 ], [ 117.482408699999951, 40.6748858 ], [ 117.482299499999982, 40.6748598 ], [ 117.4822246, 40.6748906 ], [ 117.4821435, 40.6749828 ], [ 117.4820281, 40.6750916 ], [ 117.4819002, 40.6751224 ], [ 117.481479099999987, 40.6751129 ], [ 117.4812702, 40.6751035 ], [ 117.4811142, 40.6750751 ], [ 117.480927, 40.6750656 ], [ 117.4807586, 40.675023 ], [ 117.480543399999988, 40.6750254 ], [ 117.480334399999975, 40.6750893 ], [ 117.4801348, 40.6751248 ], [ 117.4800287, 40.675165 ], [ 117.480019299999981, 40.675243 ], [ 117.480078600000013, 40.6753826 ], [ 117.4800349, 40.675482 ], [ 117.479882100000012, 40.6755317 ], [ 117.479782299999968, 40.6756003 ], [ 117.479710499999982, 40.6757138 ], [ 117.479560799999987, 40.675754 ], [ 117.4793144, 40.6757966 ], [ 117.479152199999973, 40.675851 ], [ 117.479049299999986, 40.6758983 ], [ 117.4788871, 40.675922 ], [ 117.4787716, 40.67591250000001 ], [ 117.478625, 40.6758037 ], [ 117.478335, 40.675792399999985 ], [ 117.4781656, 40.6758656 ], [ 117.478000300000019, 40.6759721 ], [ 117.4778069, 40.676043 ], [ 117.477679, 40.6760974 ], [ 117.477495, 40.6762252 ], [ 117.4773359, 40.6763624 ], [ 117.477111300000018, 40.6765067 ], [ 117.476880499999965, 40.6766273 ], [ 117.4767557, 40.676722 ], [ 117.476674599999981, 40.6768473 ], [ 117.4765187, 40.6770082 ], [ 117.476378299999965, 40.6770886 ], [ 117.4762005, 40.6771738 ], [ 117.3922664, 40.6827468 ], [ 117.330026799999985, 40.6655527 ], [ 117.27159349999998, 40.6645032 ], [ 117.271642, 40.6647916 ], [ 117.2718224, 40.6652851 ], [ 117.271968599999965, 40.6656472 ], [ 117.2721222, 40.6658532 ], [ 117.2721919, 40.6661034 ], [ 117.271953, 40.6662522 ], [ 117.2717637, 40.6664392 ], [ 117.271642, 40.6666461 ], [ 117.271542400000016, 40.6668571 ], [ 117.271435, 40.6668849 ], [ 117.2713086, 40.6669378 ], [ 117.2712002, 40.6669878 ], [ 117.2710327, 40.6670222 ], [ 117.270840499999977, 40.6671101 ], [ 117.270700299999987, 40.6672191 ], [ 117.2705267, 40.6673372 ], [ 117.270465499999972, 40.6674223 ], [ 117.270381300000011, 40.6675849 ], [ 117.2702916, 40.6675889 ], [ 117.270107399999986, 40.6676286 ], [ 117.269856299999987, 40.6676667 ], [ 117.2694498, 40.6677959 ], [ 117.26913110000001, 40.6678399 ], [ 117.269038499999979, 40.667958 ], [ 117.269014499999983, 40.6680307 ], [ 117.268819, 40.6681393 ], [ 117.2684766, 40.6681934 ], [ 117.2679594, 40.6683379 ], [ 117.2677782, 40.668367 ], [ 117.267510199999975, 40.6684328 ], [ 117.267232299999989, 40.6684868 ], [ 117.2669207, 40.6685276 ], [ 117.266752299999979, 40.6686399 ], [ 117.266709300000016, 40.6687455 ], [ 117.2666119, 40.6689206 ], [ 117.2665441, 40.6690253 ], [ 117.266488599999974, 40.6691799 ], [ 117.266477400000014, 40.6692183 ], [ 117.2663999, 40.6692698 ], [ 117.265994300000017, 40.6696484 ], [ 117.265767200000013, 40.669785799999985 ], [ 117.265614, 40.6699697 ], [ 117.2655164, 40.6700759 ], [ 117.265460899999979, 40.670187 ], [ 117.265378299999966, 40.670351599999989 ], [ 117.265269, 40.6704465 ], [ 117.264907099999988, 40.6707788 ], [ 117.2642028, 40.6715957 ], [ 117.2638401, 40.6719406 ], [ 117.2636694, 40.6721221 ], [ 117.263424399999977, 40.6724589 ], [ 117.2633387, 40.6726547 ], [ 117.2632, 40.6728234 ], [ 117.263145399999985, 40.6728926 ], [ 117.262885899999972, 40.6732699 ], [ 117.2628323, 40.6734132 ], [ 117.262748699999989, 40.6735362 ], [ 117.262647299999983, 40.6736108 ], [ 117.2625215, 40.6736838 ], [ 117.2624182, 40.673769 ], [ 117.2621116, 40.6739714 ], [ 117.261821900000015, 40.6741943 ], [ 117.261651299999983, 40.6745694 ], [ 117.2614626, 40.6749762 ], [ 117.2613111, 40.6751258 ], [ 117.2610462, 40.6753128 ], [ 117.2606802, 40.6754995 ], [ 117.26026419999998, 40.6756742 ], [ 117.259975, 40.6758565 ], [ 117.25988820000002, 40.6759165 ], [ 117.259721400000018, 40.6760463 ], [ 117.2595042, 40.6761738 ], [ 117.259313299999974, 40.6763452 ], [ 117.2592038, 40.6764166 ], [ 117.2587003, 40.6766061 ], [ 117.258667299999971, 40.6766281 ], [ 117.2585623, 40.6766771 ], [ 117.2584297, 40.6768159 ], [ 117.258359099999979, 40.6769487 ], [ 117.2582668, 40.6770643 ], [ 117.2581961, 40.67717720000001 ], [ 117.2581238, 40.67724590000001 ], [ 117.258025499999974, 40.6773107 ], [ 117.257755699999976, 40.6774364 ], [ 117.257603299999957, 40.6775304 ], [ 117.257154699999987, 40.677660199999984 ], [ 117.257000199999979, 40.6777704 ], [ 117.25663590000002, 40.6780131 ], [ 117.256476099999986, 40.6780981 ], [ 117.2562825, 40.6782663 ], [ 117.2560947, 40.6783762 ], [ 117.25592349999998, 40.67857 ], [ 117.2557615, 40.6788257 ], [ 117.2557368, 40.6789333 ], [ 117.2557196, 40.6790255 ], [ 117.2551853, 40.6794368 ], [ 117.2550266, 40.6795861 ], [ 117.2549589, 40.6797147 ], [ 117.254575700000018, 40.6797211 ], [ 117.2542616, 40.679683 ], [ 117.253775799999985, 40.6795978 ], [ 117.253584499999974, 40.6796218 ], [ 117.2533877, 40.6796628 ], [ 117.253221300000021, 40.6798047 ], [ 117.253048699999979, 40.6799344 ], [ 117.252858, 40.6800053 ], [ 117.25267, 40.6799214 ], [ 117.252504099999982, 40.6798732 ], [ 117.2522407, 40.6797164 ], [ 117.252067200000013, 40.6795875 ], [ 117.251913, 40.6793617 ], [ 117.2517767, 40.6792382 ], [ 117.251682499999987, 40.679176 ], [ 117.251567499999965, 40.6791389 ], [ 117.251335400000016, 40.6790281 ], [ 117.251283299999983, 40.6790171 ], [ 117.2511982, 40.6790374 ], [ 117.2510693, 40.6790525 ], [ 117.251023799999984, 40.679047 ], [ 117.250980499999983, 40.6790086 ], [ 117.2509408, 40.6789849 ], [ 117.2508964, 40.6789306 ], [ 117.250851399999974, 40.6788644 ], [ 117.2508013, 40.6787906 ], [ 117.250779, 40.678664 ], [ 117.250693499999983, 40.6784373 ], [ 117.250667, 40.6783529 ], [ 117.250628799999973, 40.6782691 ], [ 117.250583899999981, 40.6781993 ], [ 117.250482199999979, 40.6780707 ], [ 117.25037039999998, 40.6779698 ], [ 117.2502558, 40.6778987 ], [ 117.25014560000001, 40.6778647 ], [ 117.249961699999986, 40.6778571 ], [ 117.249801599999969, 40.6778594 ], [ 117.2496013, 40.6778825 ], [ 117.249573400000017, 40.6778849 ], [ 117.249324799999982, 40.6779061 ], [ 117.2489112, 40.6779318 ], [ 117.248746, 40.6779316 ], [ 117.248387400000013, 40.6778345 ], [ 117.2481413, 40.6777859 ], [ 117.248070299999981, 40.6777787 ], [ 117.247956300000013, 40.677767 ], [ 117.247828299999966, 40.6777823 ], [ 117.247657499999988, 40.6777746 ], [ 117.24749180000002, 40.6777181 ], [ 117.247255400000014, 40.6775779 ], [ 117.2470474, 40.6774871 ], [ 117.2469082, 40.6774061 ], [ 117.246847699999989, 40.6773854 ], [ 117.2465678, 40.6774201 ], [ 117.246164699999966, 40.6774803 ], [ 117.246006199999982, 40.6774981 ], [ 117.2458515, 40.6775365 ], [ 117.245763499999981, 40.6775314 ], [ 117.2454719, 40.6771323 ], [ 117.245362299999982, 40.6769621 ], [ 117.245288700000017, 40.6768836 ], [ 117.245027099999987, 40.6767826 ], [ 117.244864800000016, 40.6767058 ], [ 117.2447, 40.6767205 ], [ 117.2445754, 40.6767442 ], [ 117.244453799999988, 40.6767311 ], [ 117.2442991, 40.6766993 ], [ 117.244202699999988, 40.6766478 ], [ 117.2440862, 40.6765311 ], [ 117.2439904, 40.6763834 ], [ 117.24397350000001, 40.6763361 ], [ 117.243914099999984, 40.6763269 ], [ 117.243740499999973, 40.6764242 ], [ 117.2434987, 40.6765471 ], [ 117.2432882, 40.6766882 ], [ 117.24316229999998, 40.6767325 ], [ 117.243056, 40.6767832 ], [ 117.2429106, 40.6767772 ], [ 117.242790499999984, 40.6767692 ], [ 117.2426256, 40.676769 ], [ 117.2425232, 40.6767527 ], [ 117.242348, 40.6767329 ], [ 117.2422394, 40.6766991 ], [ 117.242141799999985, 40.6766744 ], [ 117.242049099999988, 40.676652899999986 ], [ 117.241856599999977, 40.6766312 ], [ 117.241592199999985, 40.6765806 ], [ 117.241459299999988, 40.6765581 ], [ 117.2413168, 40.6765013 ], [ 117.2411957, 40.676441399999987 ], [ 117.24104939999998, 40.6763345 ], [ 117.2408242, 40.6762118 ], [ 117.2407313, 40.676171 ], [ 117.2406043, 40.6761096 ], [ 117.2405168, 40.6760844 ], [ 117.2403971, 40.6760779 ], [ 117.240247100000019, 40.6761215 ], [ 117.2401048, 40.67616550000001 ], [ 117.2399197, 40.6762365 ], [ 117.2398515, 40.6762835 ], [ 117.2397331, 40.6763168 ], [ 117.2396016, 40.6762923 ], [ 117.239459, 40.6762461 ], [ 117.2393307, 40.6762056 ], [ 117.2391571, 40.6761436 ], [ 117.2390436, 40.6760627 ], [ 117.2388774, 40.6759763 ], [ 117.23872249999998, 40.67592290000001 ], [ 117.2386457, 40.6758838 ], [ 117.2385443, 40.6758528 ], [ 117.2383917, 40.675783 ], [ 117.2383369, 40.6757496 ], [ 117.238249599999989, 40.6757032 ], [ 117.238151099999968, 40.6756221 ], [ 117.2380624, 40.6755615 ], [ 117.23791989999998, 40.675524 ], [ 117.2377769, 40.6754847 ], [ 117.237661399999965, 40.6754413 ], [ 117.237513099999987, 40.6753829 ], [ 117.2374273, 40.6753213 ], [ 117.237357, 40.6752411 ], [ 117.237256, 40.6752254 ], [ 117.2369729, 40.6752407 ], [ 117.236723299999966, 40.675241 ], [ 117.236591899999965, 40.6752295 ], [ 117.2364673, 40.6752376 ], [ 117.2362067, 40.6752646 ], [ 117.2360068, 40.6752744 ], [ 117.235824099999988, 40.6752748 ], [ 117.2357041, 40.6752329 ], [ 117.2354987, 40.6751514 ], [ 117.235314599999967, 40.6750958 ], [ 117.2351844, 40.6750722 ], [ 117.2349885, 40.6751111 ], [ 117.234864, 40.675134300000011 ], [ 117.2347379, 40.6751663 ], [ 117.2346113, 40.6753017 ], [ 117.234626800000015, 40.6755175 ], [ 117.2345757, 40.6757102 ], [ 117.23449650000002, 40.6759094 ], [ 117.2344574, 40.676045 ], [ 117.234448099999966, 40.6761306 ], [ 117.234247199999984, 40.6761707 ], [ 117.234067199999984, 40.6761869 ], [ 117.233844099999985, 40.6761617 ], [ 117.233669, 40.6760745 ], [ 117.233559799999966, 40.6760492 ], [ 117.233471499999979, 40.6760732 ], [ 117.2333828, 40.6761444 ], [ 117.233281399999967, 40.6762425 ], [ 117.2331161, 40.67640020000001 ], [ 117.233018900000019, 40.6765045 ], [ 117.2329484, 40.6765655 ], [ 117.232814, 40.6766187 ], [ 117.2323769, 40.6767199 ], [ 117.2322408, 40.6767383 ], [ 117.2321389, 40.6767546 ], [ 117.232063399999959, 40.6768182 ], [ 117.2319525, 40.676876 ], [ 117.231792400000018, 40.6770956 ], [ 117.231623399999975, 40.6772954 ], [ 117.2313336, 40.6772306 ], [ 117.2311983, 40.6772091 ], [ 117.230875899999987, 40.6773328 ], [ 117.230611299999978, 40.6775243 ], [ 117.230570299999968, 40.6775866 ], [ 117.2305474, 40.6776508 ], [ 117.230551599999984, 40.677796499999985 ], [ 117.2303504, 40.6778783 ], [ 117.230119500000015, 40.677937 ], [ 117.2298429, 40.6780653 ], [ 117.229764300000014, 40.6781058 ], [ 117.2295911, 40.6780659 ], [ 117.229405, 40.6780186 ], [ 117.2291264, 40.678012 ], [ 117.228960299999983, 40.678033 ], [ 117.2286976, 40.6782667 ], [ 117.22844029999996, 40.6784728 ], [ 117.2282763, 40.6786115 ], [ 117.2281903, 40.6786779 ], [ 117.2281575, 40.6787039 ], [ 117.228031199999975, 40.6788037 ], [ 117.227817599999966, 40.67903410000001 ], [ 117.227773, 40.6791623 ], [ 117.2277576, 40.6792591 ], [ 117.227744299999955, 40.67940680000001 ], [ 117.227725300000017, 40.6795782 ], [ 117.227746, 40.6796719 ], [ 117.227814, 40.6798067 ], [ 117.227846499999984, 40.6798469 ], [ 117.228006099999988, 40.6799862 ], [ 117.228011399999971, 40.6800515 ], [ 117.2280254, 40.6801308 ], [ 117.227494799999974, 40.6805493 ], [ 117.227379499999984, 40.6806686 ], [ 117.227322799999968, 40.6807799 ], [ 117.2271946, 40.680926 ], [ 117.22710720000002, 40.681019 ], [ 117.226934899999975, 40.6811974 ], [ 117.2268108, 40.6813385 ], [ 117.2267785, 40.6814977 ], [ 117.2267612, 40.6815395 ], [ 117.2267595, 40.6816467 ], [ 117.226797300000015, 40.6817708 ], [ 117.226826, 40.6818432 ], [ 117.2268644, 40.681894 ], [ 117.226899, 40.6819731 ], [ 117.2269355, 40.682027 ], [ 117.226721799999979, 40.6821434 ], [ 117.22659219999997, 40.6822018 ], [ 117.226462200000014, 40.6822249 ], [ 117.226134, 40.682216 ], [ 117.2258786, 40.6822919 ], [ 117.2256955, 40.6823715 ], [ 117.2255175, 40.6824613 ], [ 117.225411699999967, 40.6825274 ], [ 117.225292400000015, 40.6826236 ], [ 117.225190499999954, 40.6826792 ], [ 117.224996799999971, 40.6827547 ], [ 117.2248987, 40.6827856 ], [ 117.224721499999987, 40.6828414 ], [ 117.2243552, 40.6829586 ], [ 117.2241462, 40.6830286 ], [ 117.223852599999987, 40.683082199999987 ], [ 117.2237122, 40.6831261 ], [ 117.223342299999985, 40.6831636 ], [ 117.223065, 40.6832152 ], [ 117.2226944, 40.6833235 ], [ 117.2224691, 40.6833929 ], [ 117.22205510000002, 40.6835743 ], [ 117.2218534, 40.683680099999989 ], [ 117.2217739, 40.6838115 ], [ 117.2213645, 40.6840353 ], [ 117.220970500000021, 40.6841837 ], [ 117.220710499999981, 40.684262299999986 ], [ 117.220340599999972, 40.6842902 ], [ 117.220199199999982, 40.6844692 ], [ 117.2201334, 40.6846167 ], [ 117.219963, 40.6850158 ], [ 117.2199522, 40.6852085 ], [ 117.219752, 40.6852292 ], [ 117.21949570000001, 40.68518310000001 ], [ 117.219224399999987, 40.6851456 ], [ 117.2187881, 40.6850855 ], [ 117.218442599999989, 40.685094 ], [ 117.2179069, 40.6851975 ], [ 117.2176984, 40.6853486 ], [ 117.217590800000011, 40.6854195 ], [ 117.2170889, 40.6856633 ], [ 117.216744, 40.6858379 ], [ 117.216543799999982, 40.6859191 ], [ 117.216318099999981, 40.685996 ], [ 117.2161959, 40.6860387 ], [ 117.2159879, 40.6861224 ], [ 117.215749, 40.6862887 ], [ 117.2155163, 40.6864512 ], [ 117.2151077, 40.686691 ], [ 117.2149638, 40.6868842 ], [ 117.214819899999981, 40.6870704 ], [ 117.2147222, 40.6871828 ], [ 117.2145415, 40.6872355 ], [ 117.2142593, 40.6873128 ], [ 117.2140779, 40.6874219 ], [ 117.213864500000014, 40.6875465 ], [ 117.213746, 40.6876386 ], [ 117.2135893, 40.6876898 ], [ 117.2134764, 40.6877294 ], [ 117.2133154, 40.6877812 ], [ 117.2131026, 40.6878514 ], [ 117.212937499999953, 40.6878789 ], [ 117.2125034, 40.6878803 ], [ 117.2121579, 40.6878944 ], [ 117.211907299999964, 40.6879664 ], [ 117.211707300000015, 40.6881106 ], [ 117.211706399999983, 40.688265 ], [ 117.2116949, 40.688375 ], [ 117.2117405, 40.6885017 ], [ 117.2117893, 40.6887661 ], [ 117.2118938, 40.6889163 ], [ 117.2119561, 40.689186 ], [ 117.2119868, 40.6893543 ], [ 117.211987500000021, 40.6895512 ], [ 117.211903599999971, 40.6895812 ], [ 117.2117297, 40.6896573 ], [ 117.2116239, 40.6897319 ], [ 117.21154839999997, 40.6897865 ], [ 117.211461300000011, 40.6898551 ], [ 117.211398099999968, 40.6899159 ], [ 117.2113455, 40.6899475 ], [ 117.211256400000011, 40.6900411 ], [ 117.2111285, 40.6901657 ], [ 117.2110919, 40.690284 ], [ 117.2110126, 40.690335 ], [ 117.2105637, 40.69055010000001 ], [ 117.21041259999997, 40.6905477 ], [ 117.210049799999979, 40.6904318 ], [ 117.2097718, 40.6902953 ], [ 117.209510599999987, 40.6902561 ], [ 117.209175799999983, 40.6901259 ], [ 117.143912899999989, 40.6965866 ], [ 117.056004688287445, 40.696415735022725 ], [ 117.001158634486586, 40.702237088604086 ], [ 116.951022957512322, 40.708221324488605 ], [ 116.91764670000002, 40.6936911 ], [ 116.876153, 40.6747651 ], [ 116.8451364, 40.6349393 ], [ 116.820267, 40.6050904 ], [ 116.795071899999968, 40.5611545 ], [ 116.789848300000017, 40.5317053 ], [ 116.768611366370877, 40.493182177077422 ], [ 116.740091418394428, 40.468151807720176 ], [ 116.6927397, 40.4494352 ], [ 116.617236257880506, 40.447286037773942 ], [ 116.498971900000015, 40.4547273 ], [ 116.410463, 40.4564224 ], [ 116.374891799999972, 40.4360338 ], [ 116.314680400000015, 40.41828430000001 ], [ 116.254875, 40.3996198 ], [ 116.209181617602027, 40.391333822552305 ], [ 116.177370906397528, 40.401358535584649 ], [ 116.171886301017409, 40.417227945294613 ], [ 116.181758590701605, 40.433093612824784 ], [ 116.211375459754052, 40.446451272188376 ], [ 116.242089249882554, 40.457302416090734 ], [ 116.288159935075285, 40.462310045356496 ], [ 116.338618304572051, 40.470655264626131 ], [ 116.37715510000001, 40.4771026 ], [ 116.473539596922208, 40.487342592342152 ], [ 116.483411886606362, 40.49985536596963 ], [ 116.477674400000012, 40.5133118 ], [ 116.447719300000017, 40.5272916 ], [ 116.469151912618145, 40.550716603877277 ], [ 116.492187255214503, 40.564884169840184 ], [ 116.502059544898657, 40.577382473432699 ], [ 116.49547801844254, 40.589045450595407 ], [ 116.481218044454323, 40.593210306729048 ], [ 116.443922727869747, 40.58404728082774 ], [ 116.415402779893299, 40.577382473432699 ], [ 116.390173595144887, 40.58654641240291 ], [ 116.364944410396504, 40.602372077106729 ], [ 116.310098356595645, 40.61236530370806 ], [ 116.2725863, 40.6132623 ], [ 116.216860065134171, 40.614863376872258 ], [ 116.200165899999973, 40.6237693 ], [ 116.162155199999987, 40.675949 ], [ 116.097295667848286, 40.747958592295326 ], [ 116.042449614047428, 40.830178130866805 ], [ 115.991991244550633, 40.905663852930473 ], [ 115.940435953977811, 40.992655815409854 ], [ 115.911916006001363, 41.05472275022197 ], [ 115.886686821252951, 41.136561519279539 ], [ 115.8502296, 41.2082469 ], [ 115.84354660000001, 41.22664 ], [ 115.8396515, 41.2423602 ], [ 115.825943, 41.2731506 ], [ 115.8255589, 41.27333680000001 ], [ 115.825336299999989, 41.2734231 ], [ 115.825016899999966, 41.2735526 ], [ 115.824744099999975, 41.2736902 ], [ 115.824202099999965, 41.2739195 ], [ 115.823961599999976, 41.2740166 ], [ 115.823477, 41.2741919 ], [ 115.823139599999976, 41.2743079 ], [ 115.822698099999968, 41.2744914 ], [ 115.8222386, 41.2746694 ], [ 115.82178279999998, 41.2748232 ], [ 115.8214059, 41.27495 ], [ 115.8209213, 41.2751118 ], [ 115.820695199999989, 41.2751658 ], [ 115.8203578, 41.2752386 ], [ 115.82017110000001, 41.2753222 ], [ 115.819772699999987, 41.2754814 ], [ 115.819672199999985, 41.2755515 ], [ 115.8195214, 41.2756244 ], [ 115.819324, 41.2758348 ], [ 115.8192091, 41.2759481 ], [ 115.819101499999988, 41.276029 ], [ 115.8189687, 41.2761558 ], [ 115.8188538, 41.2763096 ], [ 115.8187282, 41.2763986 ], [ 115.8185918, 41.2765092 ], [ 115.81838, 41.2766657 ], [ 115.8181754, 41.2768734 ], [ 115.8181215, 41.2770163 ], [ 115.81796, 41.2772295 ], [ 115.817899, 41.277377799999982 ], [ 115.81782, 41.2774803 ], [ 115.8177195, 41.2776125 ], [ 115.81762980000002, 41.2777825 ], [ 115.8174683, 41.277979399999985 ], [ 115.817400099999986, 41.2781196 ], [ 115.8173462, 41.2783759 ], [ 115.8172493, 41.2785485 ], [ 115.8172314, 41.2786538 ], [ 115.817235, 41.2788453 ], [ 115.817209800000015, 41.2790557 ], [ 115.8171273, 41.2792013 ], [ 115.8170196, 41.2793335 ], [ 115.816771899999978, 41.2795439 ], [ 115.816531399999988, 41.2797651 ], [ 115.816402199999956, 41.2798433 ], [ 115.816183199999983, 41.2799135 ], [ 115.816086299999952, 41.279972799999989 ], [ 115.816136599999965, 41.280099599999986 ], [ 115.816255, 41.2804179 ], [ 115.816337599999983, 41.280774 ], [ 115.8163663, 41.2809304 ], [ 115.8163519, 41.2811948 ], [ 115.816402199999956, 41.2813215 ], [ 115.8164812, 41.2816182 ], [ 115.816463199999973, 41.2818637 ], [ 115.8164417, 41.2820282 ], [ 115.8165422, 41.282271 ], [ 115.816621199999986, 41.2824652 ], [ 115.81671809999996, 41.2826675 ], [ 115.8168581, 41.2829372 ], [ 115.8169227, 41.2830775 ], [ 115.816976499999967, 41.2831557 ], [ 115.817095, 41.2832232 ], [ 115.817005199999983, 41.283412 ], [ 115.816990899999951, 41.2836493 ], [ 115.816972899999982, 41.2837977 ], [ 115.816868799999966, 41.2840728 ], [ 115.8167899, 41.2842077 ], [ 115.8167001, 41.2843156 ], [ 115.816535, 41.2844342 ], [ 115.81630890000001, 41.2845799 ], [ 115.8161402, 41.2847229 ], [ 115.816003799999976, 41.2849171 ], [ 115.8158422, 41.2850762 ], [ 115.815623299999984, 41.2853082 ], [ 115.815612500000015, 41.2854322 ], [ 115.81549769999998, 41.2855239 ], [ 115.815311, 41.2856588 ], [ 115.8151782, 41.2856966 ], [ 115.815009499999988, 41.2857883 ], [ 115.814740299999983, 41.2859986 ], [ 115.81469, 41.2860688 ], [ 115.8146613, 41.2861632 ], [ 115.814632599999982, 41.286209 ], [ 115.814524899999981, 41.2862333 ], [ 115.814485399999981, 41.2862549 ], [ 115.814446, 41.2863331 ], [ 115.81433829999996, 41.2864356 ], [ 115.8142952, 41.2865003 ], [ 115.814273699999987, 41.2865893 ], [ 115.814277199999978, 41.2867539 ], [ 115.814230599999959, 41.2868617 ], [ 115.814158799999987, 41.2870101 ], [ 115.814119299999987, 41.2871665 ], [ 115.814130099999957, 41.2872906 ], [ 115.8141624, 41.287387699999989 ], [ 115.8142808, 41.2875333 ], [ 115.814384899999979, 41.2876358 ], [ 115.814323899999977, 41.287741 ], [ 115.814424399999979, 41.2879918 ], [ 115.8145285, 41.288097 ], [ 115.814600299999981, 41.2882723 ], [ 115.814539299999979, 41.2883721 ], [ 115.814438799999962, 41.2887443 ], [ 115.8143526, 41.2888333 ], [ 115.814198299999973, 41.2889385 ], [ 115.8140475, 41.289095 ], [ 115.814008, 41.2891813 ], [ 115.814008, 41.2893674 ], [ 115.813997299999969, 41.2894348 ], [ 115.8138393, 41.2896964 ], [ 115.813749599999966, 41.2899445 ], [ 115.813692199999977, 41.2902061 ], [ 115.813616799999977, 41.2905487 ], [ 115.8135342, 41.2908939 ], [ 115.8135773, 41.291142 ], [ 115.813516299999975, 41.2912984 ], [ 115.8134337, 41.29148450000001 ], [ 115.813326, 41.2915681 ], [ 115.8132758, 41.2916275 ], [ 115.8132614, 41.2917542 ], [ 115.8133268, 41.2918823 ], [ 115.8135134, 41.2919686 ], [ 115.8134524, 41.2921142 ], [ 115.8134273, 41.2922437 ], [ 115.813456, 41.2924729 ], [ 115.8134129, 41.292624 ], [ 115.8134452, 41.2927723 ], [ 115.813391399999986, 41.2929098 ], [ 115.813240599999972, 41.2930042 ], [ 115.812975, 41.293069 ], [ 115.812784799999989, 41.2931229 ], [ 115.812501199999986, 41.2932901 ], [ 115.8121459, 41.293522 ], [ 115.811790499999958, 41.2937513 ], [ 115.811485399999981, 41.2940237 ], [ 115.8113634, 41.2940668 ], [ 115.811158799999973, 41.2941882 ], [ 115.8108644, 41.2944444 ], [ 115.810588, 41.294563 ], [ 115.810265, 41.2946089 ], [ 115.8098307, 41.2946628 ], [ 115.809461, 41.2947275 ], [ 115.8092851, 41.2947923 ], [ 115.8090733, 41.2949487 ], [ 115.808761, 41.2953532 ], [ 115.80832310000001, 41.2958764 ], [ 115.8079965, 41.2962674 ], [ 115.807831399999984, 41.296529 ], [ 115.807698499999987, 41.296766299999987 ], [ 115.80761960000001, 41.296947 ], [ 115.807476, 41.2972005 ], [ 115.807246300000017, 41.2974405 ], [ 115.8071206, 41.2976428 ], [ 115.806912499999981, 41.2981686 ], [ 115.8068443, 41.2983466 ], [ 115.8065248, 41.2984652 ], [ 115.806104799999986, 41.2985623 ], [ 115.805893, 41.2989372 ], [ 115.805763799999966, 41.2991232 ], [ 115.8055269, 41.2993336 ], [ 115.805473099999986, 41.2995331 ], [ 115.805229, 41.2996895 ], [ 115.8047803, 41.2999646 ], [ 115.8045111, 41.300148 ], [ 115.8043783, 41.3003152 ], [ 115.8043604, 41.3005282 ], [ 115.8044609, 41.3009893 ], [ 115.804529099999968, 41.3014882 ], [ 115.804374699999968, 41.3016554 ], [ 115.8041917, 41.3017821 ], [ 115.8037107, 41.301863 ], [ 115.803473799999978, 41.3019655 ], [ 115.803046599999988, 41.302041 ], [ 115.8027666, 41.3021353 ], [ 115.802271299999987, 41.3023915 ], [ 115.8019231, 41.3026585 ], [ 115.8018334, 41.3028014 ], [ 115.8019159, 41.3031438 ], [ 115.801714899999979, 41.3032409 ], [ 115.8014098, 41.3035645 ], [ 115.801162199999979, 41.3040741 ], [ 115.8011299, 41.3042089 ], [ 115.8013309, 41.304519 ], [ 115.801047299999979, 41.3047374 ], [ 115.8009791, 41.3048992 ], [ 115.800781699999987, 41.3049693 ], [ 115.8005017, 41.3051176 ], [ 115.8003689, 41.3052552 ], [ 115.8001607, 41.3054062 ], [ 115.8000351, 41.3055814 ], [ 115.7999094, 41.3056407 ], [ 115.7995002, 41.305878 ], [ 115.798872099999983, 41.3061584 ], [ 115.798520300000021, 41.3063634 ], [ 115.79841620000002, 41.3064631 ], [ 115.7982547, 41.3067409 ], [ 115.7980537, 41.3071642 ], [ 115.7979424, 41.3076037 ], [ 115.797831200000019, 41.3081079 ], [ 115.7978096, 41.3085312 ], [ 115.7975512, 41.3097014 ], [ 115.797457799999975, 41.3098739 ], [ 115.7973286, 41.3100222 ], [ 115.797465, 41.3102056 ], [ 115.7975763, 41.3103431 ], [ 115.7977845, 41.310583 ], [ 115.7980357, 41.3107799 ], [ 115.798089600000012, 41.3109308 ], [ 115.798200900000012, 41.3110683 ], [ 115.798208, 41.3112975 ], [ 115.7983588, 41.3114323 ], [ 115.7983767, 41.3115617 ], [ 115.7984234, 41.3116992 ], [ 115.7985706, 41.3117666 ], [ 115.798829, 41.3118152 ], [ 115.799173599999989, 41.3118637 ], [ 115.799202300000019, 41.3120174 ], [ 115.7991664, 41.3123382 ], [ 115.799065899999988, 41.3124892 ], [ 115.7989223, 41.3127399 ], [ 115.798872099999983, 41.3129772 ], [ 115.7988506, 41.3132657 ], [ 115.7986711, 41.3134059 ], [ 115.7984449, 41.3136971 ], [ 115.7980537, 41.3141311 ], [ 115.7977342, 41.3144816 ], [ 115.797418400000012, 41.3148078 ], [ 115.7970953, 41.3151017 ], [ 115.796790199999975, 41.3152931 ], [ 115.796463599999967, 41.3154441 ], [ 115.7962123, 41.3155465 ], [ 115.7960544, 41.3156651 ], [ 115.7959467, 41.3158134 ], [ 115.795788799999968, 41.3158673 ], [ 115.795638, 41.3160372 ], [ 115.79544060000002, 41.3162636 ], [ 115.7952503, 41.316557499999988 ], [ 115.795042199999983, 41.3167705 ], [ 115.795020599999987, 41.3169107 ], [ 115.794812399999984, 41.3171722 ], [ 115.7947406, 41.3173231 ], [ 115.794604199999981, 41.3174121 ], [ 115.794701199999977, 41.3177545 ], [ 115.794787299999982, 41.317892 ], [ 115.794808800000013, 41.3179998 ], [ 115.794945199999972, 41.3184231 ], [ 115.794974, 41.3187358 ], [ 115.794909300000015, 41.319124 ], [ 115.794708300000011, 41.3197198 ], [ 115.794625799999977, 41.319895 ], [ 115.794449900000018, 41.3201268 ], [ 115.794353, 41.320418 ], [ 115.794216599999956, 41.320639 ], [ 115.794162699999973, 41.3209302 ], [ 115.794101699999985, 41.3210596 ], [ 115.7939689, 41.3211944 ], [ 115.7938181, 41.3212968 ], [ 115.793886299999983, 41.3214693 ], [ 115.793893499999982, 41.3216257 ], [ 115.7938756, 41.3218737 ], [ 115.7938074, 41.3220705 ], [ 115.7937212, 41.3223643 ], [ 115.793642300000016, 41.3228333 ], [ 115.7936243, 41.323084 ], [ 115.793635099999989, 41.3239386 ], [ 115.793635099999989, 41.3240949 ], [ 115.7935597, 41.324262 ], [ 115.793419699999987, 41.3245289 ], [ 115.7932726, 41.3247796 ], [ 115.7931864, 41.3249952 ], [ 115.7931362, 41.325181199999989 ], [ 115.7931218, 41.3254643 ], [ 115.79311460000001, 41.3256098 ], [ 115.793060800000021, 41.3257877 ], [ 115.7928885, 41.3260896 ], [ 115.792859800000016, 41.3262056 ], [ 115.792716199999987, 41.3264077 ], [ 115.7926767, 41.3265236 ], [ 115.7926767, 41.3266854 ], [ 115.7925941, 41.3267824 ], [ 115.7923824, 41.326928 ], [ 115.7920091, 41.3271113 ], [ 115.791811599999988, 41.3272218 ], [ 115.7916717, 41.3273916 ], [ 115.7914742, 41.3276072 ], [ 115.7912266, 41.3278525 ], [ 115.791057900000013, 41.3279549 ], [ 115.7907384, 41.3281005 ], [ 115.790580500000019, 41.3281975 ], [ 115.7904082, 41.3283727 ], [ 115.790235899999985, 41.3285372 ], [ 115.7901067, 41.3287797 ], [ 115.7896041, 41.3294159 ], [ 115.789367199999987, 41.3296611 ], [ 115.789248799999982, 41.3297204 ], [ 115.7891626, 41.3297474 ], [ 115.7890693, 41.329804 ], [ 115.7890191, 41.3298849 ], [ 115.7889437, 41.3299361 ], [ 115.7888611, 41.3299226 ], [ 115.788749799999962, 41.329866 ], [ 115.7885955, 41.3298795 ], [ 115.78846990000001, 41.3299253 ], [ 115.788347800000011, 41.3299496 ], [ 115.7880714, 41.3300277 ], [ 115.787852499999985, 41.33008430000001 ], [ 115.787493499999968, 41.330114 ], [ 115.786894099999984, 41.3301733 ], [ 115.7864311, 41.3302353 ], [ 115.786190600000012, 41.330246 ], [ 115.7859896, 41.33022720000001 ], [ 115.7857347, 41.3301544 ], [ 115.785458299999988, 41.3301274 ], [ 115.7849271, 41.3301382 ], [ 115.784708100000017, 41.330184 ], [ 115.7845071, 41.3302056 ], [ 115.7841482, 41.3302703 ], [ 115.7838503, 41.3303431 ], [ 115.78356669999998, 41.3304509 ], [ 115.783204199999986, 41.330618 ], [ 115.783017500000014, 41.3307204 ], [ 115.7827375, 41.3308875 ], [ 115.7825257, 41.3310681 ], [ 115.7823391, 41.3311975 ], [ 115.782195499999986, 41.3313457 ], [ 115.782016, 41.3314293 ], [ 115.7819191, 41.3314374 ], [ 115.7817612, 41.3314616 ], [ 115.7813771, 41.331397 ], [ 115.78081, 41.3312622 ], [ 115.780630500000015, 41.3312541 ], [ 115.7800706, 41.3313565 ], [ 115.779830100000012, 41.3313565 ], [ 115.7795214, 41.3313808 ], [ 115.779485499999979, 41.3314455 ], [ 115.779306, 41.3316584 ], [ 115.7790583, 41.3318848 ], [ 115.778685, 41.3322271 ], [ 115.7785702, 41.3324023 ], [ 115.778401499999973, 41.3325829 ], [ 115.778060499999981, 41.3328443 ], [ 115.777762599999988, 41.3330842 ], [ 115.7773677, 41.3333942 ], [ 115.7772816, 41.33344 ], [ 115.776969300000019, 41.3336799 ], [ 115.776753900000017, 41.3338712 ], [ 115.776441600000012, 41.3340976 ], [ 115.7760935, 41.3344022 ], [ 115.7761509, 41.3346447 ], [ 115.775914, 41.3348011 ], [ 115.775756, 41.3348765 ], [ 115.775695, 41.3349574 ], [ 115.7756986, 41.3350814 ], [ 115.7756663, 41.3351407 ], [ 115.727760399999966, 41.36835 ], [ 115.689013699999975, 41.3513773 ], [ 115.6576558, 41.3183485 ], [ 115.616962, 41.315234 ], [ 115.602584262564505, 41.410266076003232 ], [ 115.617941157628735, 41.500698131235481 ], [ 115.628910368388915, 41.566387694489862 ], [ 115.679368737885738, 41.627091139946252 ], [ 115.786867003335416, 41.651684378740832 ], [ 115.854876110048494, 41.661519046310609 ], [ 115.909722163849366, 41.684460763631783 ], [ 115.968955901954317, 41.705756465036217 ], [ 115.99966969208279, 41.754873478711538 ], [ 116.004057376386839, 41.836651701249274 ], [ 116.012832744994995, 41.869333770588568 ], [ 116.043546535123468, 41.90526475814039 ], [ 116.11155564183656, 41.916693106983821 ], [ 116.190533959309818, 41.921590344411612 ], [ 116.280481487543241, 41.928119409693807 ], [ 116.3777904, 41.9417892 ], [ 116.440631964641781, 41.97380415744415 ], [ 116.50000044155631, 41.998728746095047 ], [ 116.539354861483332, 42.02108598305847 ], [ 116.598588599588282, 42.027604857231367 ], [ 116.649046969085049, 42.029234471337752 ], [ 116.688536127821692, 42.014566440501746 ], [ 116.721443760102233, 41.993373311358866 ], [ 116.745576023774589, 41.981958702518128 ], [ 116.774095971751052, 41.996634252246487 ], [ 116.789452866815282, 42.024345503693887 ], [ 116.79164670896732, 42.087872754954518 ], [ 116.793840551119374, 42.120426180853904 ], [ 116.771902129599027, 42.157841955933485 ], [ 116.749963708078695, 42.175728641697361 ], [ 116.747769865926642, 42.195235621818725 ], [ 116.756545234534755, 42.21961088248063 ], [ 116.743382181622579, 42.245600793308753 ], [ 116.728025286558292, 42.28294253950498 ], [ 116.741188339470526, 42.317017860221753 ], [ 116.767514445294964, 42.339724495713256 ], [ 116.774095971751052, 42.370527533229449 ], [ 116.767514445294964, 42.402935471837559 ], [ 116.736800655166491, 42.475792157097416 ], [ 116.684148443517614, 42.491971026846613 ], [ 116.655628495541166, 42.509762951042802 ], [ 116.638077758324926, 42.545331610417428 ], [ 116.629302389716756, 42.597031686050997 ], [ 116.609557810348463, 42.642234095784168 ], [ 116.574456335915897, 42.687403688313537 ], [ 116.449407333249923, 42.737374595176696 ], [ 116.383592068688884, 42.793745000955845 ], [ 116.341909067800188, 42.817888043111616 ], [ 116.295838382607499, 42.853280793322618 ], [ 116.262930750326944, 42.904724969863778 ], [ 116.273899961087153, 42.976995769921714 ], [ 116.2717061189351, 43.052388025817201 ], [ 116.287063013999358, 43.08123714290803 ], [ 116.328746014888011, 43.100462344489578 ], [ 116.377010542232767, 43.132490936254875 ], [ 116.398948963753099, 43.178902615770696 ], [ 116.407724332361241, 43.223680443606142 ], [ 116.4497716, 43.2668461 ], [ 116.475733439074361, 43.301962558092626 ], [ 116.526191808571156, 43.346649998600448 ], [ 116.563487125155746, 43.384927354254764 ], [ 116.570068651611848, 43.410432172551367 ], [ 116.585425546676078, 43.431146932465474 ], [ 116.631496231868823, 43.461409601606313 ], [ 116.657822337693219, 43.494840199910286 ], [ 116.673179232757491, 43.542566110895898 ], [ 116.699505338581901, 43.583898030143075 ], [ 116.732412970862413, 43.61726080137538 ], [ 116.765320603142911, 43.63790467415992 ], [ 116.822360499095794, 43.661715717146102 ], [ 116.899144974417027, 43.704551805774003 ], [ 116.934246448849592, 43.734677384508004 ], [ 116.94960334391385, 43.77429322584387 ], [ 116.960572554674002, 43.817048876828316 ], [ 116.958378712521949, 43.847117848167088 ], [ 116.938634133153656, 43.870845808236517 ], [ 116.947409501761797, 43.902468399395225 ], [ 116.97812329189027, 43.916693088369968 ], [ 117.019806292778938, 43.916693088369968 ], [ 117.0571016093635, 43.919853668687502 ], [ 117.087815399492015, 43.926174325669813 ], [ 117.149242979748976, 43.93881362500403 ], [ 117.223833612918185, 43.949870808390791 ], [ 117.265516613806838, 43.956188275501304 ], [ 117.313781141151608, 43.964084164996841 ], [ 117.373014879256516, 43.956188275501304 ], [ 117.401534827232965, 43.938813625004038 ], [ 117.445411670273671, 43.924594224381046 ], [ 117.495870039770494, 43.919853668687502 ], [ 117.546328409267289, 43.930914377707666 ], [ 117.5850072, 43.9343457 ], [ 117.669183569781239, 43.970400121072601 ], [ 117.710866570669879, 43.965663216976083 ], [ 117.743774202950391, 43.953029625891666 ], [ 117.774487993078893, 43.948291336681343 ], [ 117.846884784096048, 43.918273399514192 ], [ 117.910506206505048, 43.910371424085675 ], [ 117.960964576001842, 43.905629735182139 ], [ 118.007035261194574, 43.915112735254922 ], [ 118.055299788539344, 43.916693088369968 ], [ 118.086013578667817, 43.913532340169127 ], [ 118.134278106012587, 43.902468399395225 ], [ 118.18034879120529, 43.902468399395225 ], [ 118.197899528421587, 43.919853668687502 ], [ 118.21106258133382, 43.956188275501304 ], [ 118.197899528421587, 43.983030018479717 ], [ 118.18912415981346, 44.017748384674405 ], [ 118.193511844117523, 44.046139209270812 ], [ 118.1777931, 44.0874483 ], [ 118.181445712281345, 44.105243077090627 ], [ 118.184736475509382, 44.139102668842007 ], [ 118.198996449497614, 44.146974211230379 ], [ 118.24287329253832, 44.152483666416977 ], [ 118.30101010956723, 44.16192725023469 ], [ 118.370498799999979, 44.1828012 ], [ 118.423865270081208, 44.215412343086591 ], [ 118.472129797425978, 44.26413586312281 ], [ 118.52039432477072, 44.306539601596441 ], [ 118.581821905027681, 44.366167081129653 ], [ 118.687126328325334, 44.41946658750625 ], [ 118.74416622427826, 44.457060542 ], [ 118.80778764668726, 44.513406120787579 ], [ 118.825338383903514, 44.566571415881668 ], [ 118.827532226055553, 44.62281116624272 ], [ 118.871409069096288, 44.688355416821906 ], [ 118.902122859224761, 44.716423130922855 ], [ 118.948193544417506, 44.749151598859093 ], [ 118.996458071762234, 44.75382558231022 ], [ 119.020590335434647, 44.758499187767626 ], [ 119.02936570404276, 44.778747110142852 ], [ 119.011814966826506, 44.800544627082992 ], [ 118.998651913914301, 44.81922166105911 ], [ 119.011814966826506, 44.847225872011343 ], [ 119.038141072650916, 44.870552319411587 ], [ 119.053497967715174, 44.895423447199406 ], [ 119.044722599107033, 44.928050485193758 ], [ 119.009621124674467, 44.95134417214171 ], [ 118.974519650241888, 44.97462840891157 ], [ 118.985488861002082, 45.032022454800504 ], [ 119.009621124674467, 45.049074461302723 ], [ 119.031559546194799, 45.064571875312382 ], [ 119.038141072650916, 45.08316322802591 ], [ 119.079824073539555, 45.117231666423585 ], [ 119.145639338100622, 45.126519530667814 ], [ 119.193903865445392, 45.123423743921627 ], [ 119.248749919246222, 45.129615149412217 ], [ 119.288239077982865, 45.146638049478405 ], [ 119.327728236719508, 45.165202689872977 ], [ 119.354054342543932, 45.174482742060476 ], [ 119.391349659128522, 45.180668603517134 ], [ 119.42425729140902, 45.186853792973487 ], [ 119.446195712929395, 45.19149224406609 ], [ 119.454971081537522, 45.211587830814906 ], [ 119.457164923689547, 45.247124173361939 ], [ 119.463746450145663, 45.304244714010679 ], [ 119.448389555081434, 45.328927680920373 ], [ 119.391349659128522, 45.333554540267343 ], [ 119.356248184695957, 45.339723098091333 ], [ 119.356248184695957, 45.370555807750094 ], [ 119.365023553304098, 45.39983132190892 ], [ 119.367217395456109, 45.422932860744353 ], [ 119.354054342543932, 45.449103181777105 ], [ 119.35844202684801, 45.466030451568599 ], [ 119.404512712040727, 45.479876256364612 ], [ 119.422063449256981, 45.509095118086044 ], [ 119.430838817865137, 45.536762160900587 ], [ 119.437420344321254, 45.558271565426544 ], [ 119.45058339723343, 45.578237214162307 ], [ 119.492266398122112, 45.588985008629734 ], [ 119.518592503946522, 45.599730745490284 ], [ 119.544918609770932, 45.6135436694858 ], [ 119.558081662683136, 45.625818968744333 ], [ 119.599764663571818, 45.659562184807264 ], [ 119.619509242940111, 45.696349787661461 ], [ 119.643641506612525, 45.739238090126456 ], [ 119.67435529674097, 45.777503400991009 ], [ 119.687518349653203, 45.808096756215214 ], [ 119.722619824085768, 45.838673317782686 ], [ 119.764302824974408, 45.847843011566411 ], [ 119.799404299406973, 45.843258353596518 ], [ 119.838893458143588, 45.831030751768274 ], [ 119.867413406120065, 45.831030751768274 ], [ 119.887157985488329, 45.843258353596518 ], [ 119.902514880552602, 45.870760633819565 ], [ 119.913484091312782, 45.915041252881117 ], [ 119.884964143336333, 45.982158222053883 ], [ 119.852056511055807, 46.046148610871782 ], [ 119.830118089535475, 46.11462758008409 ], [ 119.827924247383422, 46.187578139192098 ], [ 119.830118089535475, 46.257398363748223 ], [ 119.849862668903796, 46.311978344606104 ], [ 119.858638037511923, 46.339247943729838 ], [ 119.836699615991591, 46.401311287066036 ], [ 119.784047404342743, 46.46028170718764 ], [ 119.709456771173564, 46.501070008110013 ], [ 119.67874298104509, 46.534282312480627 ], [ 119.65680455952473, 46.585570492211474 ], [ 119.634866138004384, 46.618731128243809 ], [ 119.586601610659642, 46.666928550197035 ], [ 119.573438557747437, 46.707561727741862 ], [ 119.573438557747437, 46.740647644405705 ], [ 119.580020084203525, 46.766200136892046 ], [ 119.55588782053114, 46.797748254123256 ], [ 119.51859250394655, 46.823273666536259 ], [ 119.498847924578229, 46.841284311317416 ], [ 119.465940292297702, 46.862289101874318 ], [ 119.397931185584639, 46.88028666975719 ], [ 119.338697447479717, 46.905772893399202 ], [ 119.297014446591021, 46.928250679857847 ], [ 119.257525287854421, 46.955211577645422 ], [ 119.204873076205544, 46.982158898838719 ], [ 119.165383917468958, 46.994131128346041 ], [ 119.121507074428237, 47.001612410061078 ], [ 119.101762495059944, 47.019563212579207 ], [ 119.106150179364008, 47.047972978144465 ], [ 119.123700916580304, 47.065908195702256 ], [ 119.154414706708778, 47.089812435421429 ], [ 119.185128496837251, 47.1196776550536 ], [ 119.193903865445421, 47.139081063200571 ], [ 119.209260760509665, 47.168918638814141 ], [ 119.233393024182007, 47.189794974097346 ], [ 119.264106814310537, 47.204701616744728 ], [ 119.286045235830869, 47.224073991669194 ], [ 119.297014446591021, 47.259819784213512 ], [ 119.268494498614572, 47.308930870486655 ], [ 119.224617655573894, 47.34313284828638 ], [ 119.189516181141329, 47.36839833833664 ], [ 119.145639338100651, 47.392166572720242 ], [ 119.114925547972163, 47.412954988333631 ], [ 118.976713492393969, 47.460440564651151 ], [ 118.917479754289033, 47.49009728952263 ], [ 118.816563015295444, 47.530107319447922 ], [ 118.744166224278288, 47.570086850089538 ], [ 118.673963275413158, 47.612993860014811 ], [ 118.5949849579399, 47.667686217257213 ], [ 118.570852694267515, 47.703131728818043 ], [ 118.570852694267515, 47.747404749247991 ], [ 118.566465009963451, 47.787218296336448 ], [ 118.562077325659402, 47.82847423158821 ], [ 118.524782009074769, 47.859394678574532 ], [ 118.487486692490208, 47.875583747701519 ], [ 118.447997533753565, 47.896180704385202 ], [ 118.452385218057657, 47.934410466893432 ], [ 118.463354428817809, 47.969674409927741 ], [ 118.441416007297448, 47.997574632765044 ], [ 118.390957637800653, 48.000510621106208 ], [ 118.336111583999795, 47.996106575937858 ], [ 118.272490161590767, 48.000510621106208 ], [ 118.217644107789937, 48.015188056606647 ], [ 118.178154949053294, 48.021057861277967 ], [ 118.145247316772782, 48.012252903661285 ], [ 118.105758158036167, 47.978486635780946 ], [ 118.053105946387348, 47.949106700965508 ], [ 117.982902997522217, 47.940289461878436 ], [ 117.928056943721344, 47.925590720990172 ], [ 117.906118522201012, 47.907946716676889 ], [ 117.879792416376603, 47.88441201776363 ], [ 117.86443552131233, 47.860866621086288 ], [ 117.849078626248101, 47.82847423158821 ], [ 117.822752520423691, 47.801956320886447 ], [ 117.787651045991126, 47.760679317845046 ], [ 117.748161887254511, 47.734126794214717 ], [ 117.710866570669921, 47.707560724237659 ], [ 117.673571254085331, 47.676549853258081 ], [ 117.629694411044625, 47.651432307825218 ], [ 117.566072988635625, 47.641086276201882 ], [ 117.434442459513548, 47.570086850089567 ], [ 117.068070820123722, 47.363940601475989 ], [ 116.326552172736015, 47.409985716909759 ], [ 116.219053907286323, 47.44560592540256 ], [ 116.155432484877295, 47.476753834613874 ], [ 116.102780273228433, 47.516774031801411 ], [ 116.050128061579642, 47.528626010393936 ], [ 115.977731270562472, 47.525663266773734 ], [ 115.911916006001405, 47.525663266773734 ], [ 115.876814531568897, 47.546398957831506 ], [ 115.848294583592434, 47.584886344547314 ], [ 115.786867003335459, 47.670640929864213 ], [ 115.74737784459883, 47.729700056636183 ], [ 115.718857896622396, 47.785744263972674 ], [ 115.674981053581689, 47.844672954871712 ], [ 115.681562580037749, 47.891767760306131 ], [ 115.694725632949982, 47.940289461878457 ], [ 115.714470212318304, 47.978486635780946 ], [ 115.725439423078484, 48.029861315263588 ], [ 115.756153213206957, 48.078253436973895 ], [ 115.78467316118342, 48.110489586974779 ], [ 115.826356162072045, 48.117813166250436 ], [ 115.885589900176996, 48.129528721980876 ], [ 115.927272901065635, 48.15148818710999 ], [ 115.947017480433985, 48.169048996166239 ], [ 115.931660585369727, 48.224618569874536 ], [ 115.900946795241254, 48.258223507555734 ], [ 115.848294583592391, 48.291806370333667 ], [ 115.808805424855748, 48.318073214505844 ], [ 115.782479319031367, 48.345784663441641 ], [ 115.773703950423226, 48.424461304331551 ], [ 115.786867003335416, 48.476844839970887 ], [ 115.787317536205236, 48.518316335470686 ], [ 115.824162319920021, 48.564030666015533 ], [ 115.86145763650461, 48.581449825273239 ], [ 115.944823638281932, 48.622071194086622 ], [ 115.995282007778727, 48.665557840335836 ], [ 116.036965008667408, 48.719139737022459 ], [ 116.063291114491818, 48.748079184512875 ], [ 116.155432484877267, 48.818910439781042 ], [ 116.240992328806627, 48.899738060821754 ], [ 116.291450698303393, 48.970355179906115 ], [ 116.352878278560397, 49.066751638086004 ], [ 116.390173595144987, 49.119905500579229 ], [ 116.409918174513308, 49.158657539303682 ], [ 116.412112016665333, 49.208846572847719 ], [ 116.405530490209216, 49.256121044108326 ], [ 116.394561279449064, 49.360537209694485 ], [ 116.414305858817372, 49.41194865272972 ], [ 116.466958070466191, 49.523155607093891 ], [ 116.545936387939435, 49.641214078241305 ], [ 116.594200915284191, 49.730634082395298 ], [ 116.63807775832494, 49.800069287619429 ], [ 116.664403864149321, 49.836872077821106 ], [ 116.688536127821735, 49.879302057095366 ], [ 116.734606813014466, 49.910393697827864 ], [ 116.850880447072299, 49.866576975394366 ], [ 117.23260898152634, 49.712195802900077 ], [ 117.305005772543495, 49.712195802900077 ], [ 117.348882615584202, 49.727797879754846 ], [ 117.491482355466445, 49.797237144281013 ], [ 117.544134567115293, 49.800069287619429 ], [ 117.57923604154783, 49.778824174655824 ], [ 117.634082095348674, 49.726379716289507 ], [ 117.732804992190268, 49.628426363822015 ], [ 117.796426414599281, 49.584354089005792 ], [ 117.8935546875, 49.546893621869103 ], [ 117.930419921874986, 49.56764557499411 ], [ 118.016796875000026, 49.596014715619113 ], [ 118.054589843749994, 49.614325262494113 ], [ 118.07089843750002, 49.625360418744116 ], [ 118.088867187499986, 49.640448309369113 ], [ 118.105957031249986, 49.65204498905662 ], [ 118.168212890624986, 49.671747137494108 ], [ 118.188085937500034, 49.681512762494116 ], [ 118.207763671875014, 49.695672918744116 ], [ 118.223046875, 49.71234772343162 ], [ 118.229101562500006, 49.72943756718162 ], [ 118.241455078125, 49.72943756718162 ], [ 118.30478515625002, 49.767352606244117 ], [ 118.328515625000037, 49.773309637494101 ], [ 118.353271484374986, 49.776727606244116 ], [ 118.372656250000034, 49.78656647343162 ], [ 118.380468750000034, 49.81171295780662 ], [ 118.393554687499986, 49.820257879681613 ], [ 118.455566406249986, 49.828924871869113 ], [ 118.476660156249991, 49.836249090619113 ], [ 118.480712890625, 49.842718817181598 ], [ 118.486083984375, 49.860956121869101 ], [ 118.490332031250034, 49.869745184369094 ], [ 118.497656250000048, 49.87702057499412 ], [ 118.520898437500023, 49.894232489056606 ], [ 118.55429687500002, 49.910028387494116 ], [ 118.5703125, 49.921014715619116 ], [ 118.599609375, 49.93121979374412 ], [ 118.644140625000048, 49.954852606244117 ], [ 118.670312500000023, 49.96234772343162 ], [ 118.701924549700777, 49.952890030881399 ], [ 119.09532561246408, 49.977963946668396 ], [ 119.250428529760825, 50.048314991246073 ], [ 119.250683593750011, 50.048529364056606 ], [ 119.300976562499997, 50.080023504681613 ], [ 119.315917968749986, 50.092889715619108 ], [ 119.328320312500011, 50.108221746869113 ], [ 119.3375, 50.124383856244108 ], [ 119.343652343749994, 50.142694403119108 ], [ 119.348046875000023, 50.184881903119106 ], [ 119.346923828124986, 50.19537994999412 ], [ 119.343261718749986, 50.20246002811912 ], [ 119.333984375, 50.211371160931613 ], [ 119.331347656249989, 50.217596746869113 ], [ 119.333496093749986, 50.276434637494106 ], [ 119.338281250000023, 50.29425690311912 ], [ 119.350097656250014, 50.30177643436911 ], [ 119.362060546875014, 50.304388739056613 ], [ 119.365332031250034, 50.311102606244113 ], [ 119.363476562500011, 50.319769598431606 ], [ 119.356347656250023, 50.34100983280662 ], [ 119.355427269664872, 50.342160359764605 ], [ 119.146250952350528, 50.404313097605858 ], [ 119.146386718750023, 50.40448639530662 ], [ 119.154541015625, 50.411566473431613 ], [ 119.16748046875, 50.41437409061912 ], [ 119.198242187499986, 50.413348699994117 ], [ 119.206445312500009, 50.415350653119106 ], [ 119.215820312499972, 50.425165106244116 ], [ 119.24326171875002, 50.445746160931613 ], [ 119.260937500000011, 50.479510809369103 ], [ 119.264404296875, 50.483026434369108 ], [ 119.263916015625, 50.48981354374412 ], [ 119.262109375000023, 50.49220612186911 ], [ 119.258886718749991, 50.493475653119113 ], [ 119.254199218750003, 50.497259832806606 ], [ 119.25058593750002, 50.504828192181613 ], [ 119.254003906250034, 50.50983307499412 ], [ 119.260253906249986, 50.514276434369108 ], [ 119.264404296875, 50.520282293744103 ], [ 119.286230468750034, 50.577948309369106 ], [ 119.284765625000034, 50.58917877811912 ], [ 119.293212890624986, 50.599432684369113 ], [ 119.302832031250034, 50.602972723431613 ], [ 119.313574218750048, 50.604852606244116 ], [ 119.325878906250011, 50.610223699994108 ], [ 119.335058593750006, 50.619501043744108 ], [ 119.3408203125, 50.62836334843162 ], [ 119.348632812500014, 50.63495514530662 ], [ 119.364013671875, 50.63751862186912 ], [ 119.37353515625, 50.64301178593162 ], [ 119.382812499999986, 50.666864324994101 ], [ 119.391357421874986, 50.67230866093162 ], [ 119.403710937500037, 50.67352936405662 ], [ 119.417578125000034, 50.676581121869113 ], [ 119.442480468750006, 50.68532135624411 ], [ 119.456933593750023, 50.69655182499411 ], [ 119.496484375000023, 50.737323309369117 ], [ 119.504492187500006, 50.750799871869113 ], [ 119.5146484375, 50.792254949994117 ], [ 119.513769531250048, 50.813592840619116 ], [ 119.497070312499986, 50.83620026249411 ], [ 119.515527343749994, 50.84840729374411 ], [ 119.527832031249986, 50.86701080936912 ], [ 119.52978515625, 50.887323309369101 ], [ 119.517578125, 50.90504791874411 ], [ 119.572851562500048, 50.946063543744117 ], [ 119.593652343750023, 50.96979401249412 ], [ 119.603906250000037, 50.978461004681613 ], [ 119.682861328125, 51.016302801556613 ], [ 119.697984783229401, 51.02890703759325 ], [ 119.7099609375, 51.040701634099108 ], [ 119.7099609375, 51.06268952030662 ], [ 119.728125, 51.064813543744108 ], [ 119.740722656249986, 51.071844793744127 ], [ 119.747949218750009, 51.083685614056606 ], [ 119.750488281249986, 51.10028717655662 ], [ 119.754394531250014, 51.11456940311912 ], [ 119.761474609375, 51.128485418744113 ], [ 119.765039062500023, 51.142694403119108 ], [ 119.757812499999986, 51.158319403119108 ], [ 119.766796875000011, 51.159979559369113 ], [ 119.7724609375, 51.162958074994108 ], [ 119.78515625, 51.171942449994113 ], [ 119.757812499999986, 51.199286199994113 ], [ 119.761962890625, 51.21539948124412 ], [ 119.77197265625, 51.21876862186911 ], [ 119.802246093749986, 51.213568426556606 ], [ 119.814697265624957, 51.216131903119113 ], [ 119.814453125, 51.223016668744108 ], [ 119.80908203125, 51.232928778119124 ], [ 119.805664062499986, 51.244256903119108 ], [ 119.81591796875, 51.26930573124411 ], [ 119.819335937499986, 51.275018621869108 ], [ 119.828515625000023, 51.279974676556613 ], [ 119.850341796875, 51.284540106244116 ], [ 119.860351562500014, 51.28925202030662 ], [ 119.882910156250048, 51.31830475468162 ], [ 119.891601562499986, 51.322821356244106 ], [ 119.915429687500037, 51.331000067181613 ], [ 119.912353515625, 51.349920965619106 ], [ 119.899804687500009, 51.370477606244123 ], [ 119.895019531249972, 51.38422272343162 ], [ 119.942773437500023, 51.391058660931613 ], [ 119.95263671875, 51.397967840619117 ], [ 119.95664062500002, 51.40485260624412 ], [ 119.959863281250023, 51.412543035931613 ], [ 119.966894531250006, 51.422137762494103 ], [ 119.982421875, 51.44245026249412 ], [ 119.980224609375, 51.453070379681613 ], [ 119.973876953124986, 51.464422918744106 ], [ 119.97705078125, 51.487323309369117 ], [ 119.991943359374986, 51.503485418744113 ], [ 120.041894531250023, 51.53876373905662 ], [ 120.052636718750023, 51.552435614056613 ], [ 120.053222656250014, 51.577264715619116 ], [ 120.056396484374972, 51.59669830936911 ], [ 120.064697265625, 51.61517975468162 ], [ 120.085546875000034, 51.644647528119108 ], [ 120.100195312499991, 51.660223699994113 ], [ 120.10791015625, 51.665399481244108 ], [ 120.121972656250023, 51.66742584843162 ], [ 120.153564453124972, 51.66425202030662 ], [ 120.165283203125014, 51.668817449994094 ], [ 120.181152343749972, 51.683221746869094 ], [ 120.319042968750011, 51.776239324994116 ], [ 120.374121093750034, 51.80255768436912 ], [ 120.407958984374986, 51.826361395306606 ], [ 120.427246093749986, 51.833929754681627 ], [ 120.453613281249986, 51.836737371869113 ], [ 120.464648437500003, 51.840521551556606 ], [ 120.47119140625, 51.849310614056613 ], [ 120.475830078124986, 51.859393621869117 ], [ 120.480566406250048, 51.867132879681606 ], [ 120.492919921875, 51.875921942181606 ], [ 120.50185546874998, 51.877508856244113 ], [ 120.511474609374972, 51.87641022343162 ], [ 120.526269531249994, 51.87770416874411 ], [ 120.540917968750009, 51.88331940311911 ], [ 120.549072265624972, 51.890741278119116 ], [ 120.555761718750006, 51.898627020306613 ], [ 120.566015625000034, 51.905585028119106 ], [ 120.578515625000023, 51.908026434369113 ], [ 120.624609375, 51.905585028119106 ], [ 120.629022308616655, 51.906697788625891 ], [ 120.66647565762625, 51.932834890406127 ], [ 120.683398437499974, 51.959588934369108 ], [ 120.705566406249986, 51.98024323124411 ], [ 120.710546875, 51.988592840619113 ], [ 120.711181640624972, 52.001825262494108 ], [ 120.707275390625, 52.012713934369117 ], [ 120.700878906250011, 52.02313873905662 ], [ 120.695996093750026, 52.034735418744113 ], [ 120.696875, 52.04901764530662 ], [ 120.70546875, 52.061346746869113 ], [ 120.7177734375, 52.06683991093162 ], [ 120.731835937500023, 52.07050202030662 ], [ 120.74462890625, 52.07692291874411 ], [ 120.752636718749997, 52.08661530155662 ], [ 120.766357421874972, 52.108710028119106 ], [ 120.778906250000034, 52.117938543744117 ], [ 120.773925781249986, 52.124530340619103 ], [ 120.770898437500037, 52.13275787968162 ], [ 120.770898437500037, 52.141229559369108 ], [ 120.775097656250026, 52.148627020306613 ], [ 120.783935546875014, 52.15827057499412 ], [ 120.782958984374986, 52.162225653119101 ], [ 120.777148437499989, 52.16522858280662 ], [ 120.771484375, 52.171942449994113 ], [ 120.766357421874972, 52.179803778119123 ], [ 120.753417968749972, 52.19476959843162 ], [ 120.750878906250009, 52.203241278119108 ], [ 120.752050781250034, 52.212030340619123 ], [ 120.756738281250037, 52.228094793744113 ], [ 120.7578125, 52.237665106244108 ], [ 120.738769531249972, 52.25690338749412 ], [ 120.654541015625014, 52.29938385624412 ], [ 120.635498046874972, 52.326434637494117 ], [ 120.63330078125, 52.335760809369127 ], [ 120.628906249999972, 52.341131903119113 ], [ 120.6259765625, 52.347113348431613 ], [ 120.628027343750034, 52.358099676556613 ], [ 120.63330078125, 52.36207916874411 ], [ 120.642822265624986, 52.366571356244116 ], [ 120.65185546875, 52.37274811405662 ], [ 120.655957031250011, 52.381659246869113 ], [ 120.660058593750023, 52.399042059369108 ], [ 120.68125, 52.42328522343162 ], [ 120.690136718749997, 52.439398504681613 ], [ 120.690136718749997, 52.47040436405662 ], [ 120.692285156250009, 52.474920965619106 ], [ 120.701660156250014, 52.48895905155662 ], [ 120.703710937500006, 52.49811432499412 ], [ 120.704589843749986, 52.50946686405662 ], [ 120.707763671875, 52.518426824994101 ], [ 120.7236328125, 52.54242584843162 ], [ 120.70703125, 52.55060455936912 ], [ 120.654199218750009, 52.567254949994108 ], [ 120.608398437499986, 52.574286199994106 ], [ 120.539257812500011, 52.603876043744101 ], [ 120.491455078125, 52.617547918744116 ], [ 120.463623046874972, 52.636297918744098 ], [ 120.453613281249986, 52.639276434369123 ], [ 120.429589843750037, 52.636346746869108 ], [ 120.389160156249986, 52.622503973431606 ], [ 120.367285156250034, 52.617547918744116 ], [ 120.26083984375002, 52.611395574994113 ], [ 120.24169921875, 52.607489324994106 ], [ 120.234734678110385, 52.604620245824577 ], [ 120.058069754280098, 52.600418278773944 ], [ 120.046602221208587, 52.77044856124234 ], [ 120.065673828124986, 52.78351471561912 ], [ 120.155664062500023, 52.80934479374411 ], [ 120.177001953124972, 52.81818268436912 ], [ 120.219335937500034, 52.84523346561911 ], [ 120.252050781250034, 52.852972723431613 ], [ 120.266992187500023, 52.858417059369117 ], [ 120.279882812500034, 52.866156317181613 ], [ 120.28544921874996, 52.875116278119101 ], [ 120.290283203125, 52.885614324994116 ], [ 120.302001953124986, 52.891473699994108 ], [ 120.326416015624986, 52.899359442181606 ], [ 120.33701171875002, 52.90790436405662 ], [ 120.342187500000023, 52.915716864056606 ], [ 120.34619140625, 52.923773504681613 ], [ 120.353759765625, 52.933465887494116 ], [ 120.361816406250014, 52.93964264530662 ], [ 120.391601562499986, 52.957098699994113 ], [ 120.45, 53.008612371869113 ], [ 120.52744140625002, 53.056024481244116 ], [ 120.614355468750048, 53.097357489056613 ], [ 120.651757812500023, 53.123114324994113 ], [ 120.713769531250023, 53.18537018436912 ], [ 120.750878906250009, 53.20722077030662 ], [ 120.823632812500023, 53.23554108280662 ], [ 120.830078124999986, 53.24506256718162 ], [ 120.825683593750014, 53.262152410931613 ], [ 120.845458984375, 53.27374909061912 ], [ 120.87392578124998, 53.280462957806598 ], [ 121.0546875, 53.290228582806613 ], [ 121.1515625, 53.27472565311912 ], [ 121.203125, 53.276971746869108 ], [ 121.253173828124986, 53.28717682499412 ], [ 121.299560546875, 53.30280182499412 ], [ 121.328027343750023, 53.32025787968162 ], [ 121.340576171875, 53.323919989056613 ], [ 121.357421875, 53.324335028119101 ], [ 121.40537109375002, 53.317084051556613 ], [ 121.458496093750014, 53.320746160931613 ], [ 121.511816406250006, 53.330096746869117 ], [ 121.64072265625002, 53.385199285931613 ], [ 121.888671874999986, 53.430926824994117 ], [ 122.081347656250003, 53.429754949994113 ], [ 122.107812500000023, 53.438348699994101 ], [ 122.147558593750034, 53.46137116093162 ], [ 122.150392035711889, 53.462453650223893 ], [ 122.35000018067015, 53.491429880817748 ], [ 122.586319732962238, 53.467768821245905 ], [ 122.859277343750037, 53.474237371869108 ], [ 123.002197265625014, 53.507635809369113 ], [ 123.1533203125, 53.513446356244103 ], [ 123.163964843750037, 53.516620184369117 ], [ 123.179687499999972, 53.530707098431613 ], [ 123.203027343750023, 53.538592840619117 ], [ 123.234375, 53.560614324994113 ], [ 123.252343750000023, 53.568060614056606 ], [ 123.277148437499989, 53.56976959843162 ], [ 123.309277343749983, 53.567743231244108 ], [ 123.339843749999986, 53.56171295780662 ], [ 123.367578125, 53.546087957806613 ], [ 123.379882812499972, 53.543085028119116 ], [ 123.419677734374986, 53.538763739056598 ], [ 123.431396484374972, 53.53607819218162 ], [ 123.464346886043316, 53.522130339744123 ], [ 123.4828000308827, 53.521578453497327 ], [ 123.485058593750026, 53.52631256718162 ], [ 123.485742187500023, 53.54420807499411 ], [ 123.49453125, 53.56037018436912 ], [ 123.51416015625, 53.562689520306613 ], [ 123.535058593750023, 53.55495026249411 ], [ 123.547119140625, 53.54079010624411 ], [ 123.53916015625002, 53.537372137494103 ], [ 123.532324218750034, 53.532782293744113 ], [ 123.519140625000048, 53.52028229374411 ], [ 123.541601562500048, 53.514349676556606 ], [ 123.560644531250034, 53.52448151249412 ], [ 123.591552734374986, 53.558124090619103 ], [ 123.614013671875014, 53.563666082806613 ], [ 123.63916015625, 53.55158112186912 ], [ 123.677441406250011, 53.52028229374411 ], [ 123.689179439051685, 53.515405684704525 ], [ 123.706301266125934, 53.514893533716403 ], [ 123.773764463781674, 53.50093088626916 ], [ 123.849853515625, 53.495306707806613 ], [ 123.876367187500023, 53.488959051556613 ], [ 123.97031250000002, 53.455438543744116 ], [ 123.989355468750034, 53.441717840619106 ], [ 124.009765624999986, 53.414984442181613 ], [ 124.01708984375, 53.40729401249412 ], [ 124.029687500000023, 53.400262762494108 ], [ 124.055419921874972, 53.395209051556613 ], [ 124.068457031250034, 53.38991119999411 ], [ 124.100097656249972, 53.363592840619106 ], [ 124.121582031249972, 53.352972723431613 ], [ 124.139892578124986, 53.358099676556606 ], [ 124.157470703125, 53.37030670780662 ], [ 124.182031250000023, 53.378778387494116 ], [ 124.208496093749986, 53.382928778119116 ], [ 124.232324218750009, 53.381952215619123 ], [ 124.252636718750011, 53.37579987186912 ], [ 124.275097656249983, 53.364935614056613 ], [ 124.293212890625014, 53.35158112186911 ], [ 124.304443359374986, 53.329291082806606 ], [ 124.320996093749997, 53.31000397343162 ], [ 124.325439453124986, 53.306219793744113 ], [ 124.342187500000037, 53.27272369999411 ], [ 124.359619140624986, 53.25971100468162 ], [ 124.38339843750002, 53.246405340619113 ], [ 124.407958984375, 53.235956121869108 ], [ 124.453613281249986, 53.228461004681613 ], [ 124.500244140625, 53.213934637494106 ], [ 124.527832031250014, 53.21063873905662 ], [ 124.639892578125014, 53.21063873905662 ], [ 124.6513671875, 53.209051824994113 ], [ 124.678417968749983, 53.199579168744108 ], [ 124.68798828125, 53.19391510624412 ], [ 124.695996093749997, 53.18402741093162 ], [ 124.696533203124957, 53.176581121869113 ], [ 124.6953125, 53.170038153119108 ], [ 124.697998046874986, 53.162860418744124 ], [ 124.719726562500014, 53.14911530155662 ], [ 124.746972656250009, 53.147967840619117 ], [ 124.800976562500011, 53.155389715619101 ], [ 124.82177734375, 53.14752838749412 ], [ 124.847753906250034, 53.113959051556613 ], [ 124.869873046874986, 53.108221746869113 ], [ 124.895898437500037, 53.11786530155662 ], [ 124.891503906250009, 53.134466864056606 ], [ 124.878808593750023, 53.154120184369113 ], [ 124.879980468750006, 53.172796942181613 ], [ 124.897460937499986, 53.18580963749411 ], [ 124.9189453125, 53.19415924686912 ], [ 125.01904296875, 53.211004949994127 ], [ 125.073437500000026, 53.212518621869101 ], [ 125.127050781250048, 53.206854559369113 ], [ 125.427734374999972, 53.09498932499411 ], [ 125.4560546875, 53.091131903119113 ], [ 125.476171875, 53.08375885624411 ], [ 125.499267578125, 53.05084869999412 ], [ 125.520996093749972, 53.04266998905662 ], [ 125.583740234375, 53.059198309369108 ], [ 125.620996093750023, 53.062372137494116 ], [ 125.637695312499972, 53.04645416874412 ], [ 125.649902343749986, 53.02362702030662 ], [ 125.678222656249986, 53.00592682499412 ], [ 125.733154296875, 52.981878973431613 ], [ 125.724023437500023, 52.95307037968162 ], [ 125.719628906250023, 52.946551824994103 ], [ 125.710693359374972, 52.94147369999412 ], [ 125.688232421875, 52.936712957806606 ], [ 125.678613281250023, 52.933465887494116 ], [ 125.66064453125, 52.919623114056598 ], [ 125.646875, 52.90119049686912 ], [ 125.646240234374986, 52.885126043744101 ], [ 125.668359375000037, 52.878241278119106 ], [ 125.691308593750023, 52.881537176556613 ], [ 125.736230468750009, 52.89606354374412 ], [ 125.837011718750034, 52.906927801556627 ], [ 125.856640625000011, 52.899359442181606 ], [ 125.863476562500011, 52.88886139530662 ], [ 125.861425781250048, 52.881659246869106 ], [ 125.857177734375, 52.87470123905662 ], [ 125.856640625000011, 52.86456940311912 ], [ 125.860742187500023, 52.856317449994108 ], [ 125.867187499999986, 52.84962799686911 ], [ 125.976562499999986, 52.765252996869108 ], [ 125.984960937500034, 52.76483795780662 ], [ 125.997146844589111, 52.772572399208741 ], [ 125.997146844589111, 52.580286134257307 ], [ 126.008886718750034, 52.568670965619113 ], [ 126.027734375000037, 52.56666901249411 ], [ 126.039257812499997, 52.569891668744113 ], [ 126.050390625, 52.571478582806613 ], [ 126.058837890624972, 52.575751043744113 ], [ 126.062255859374986, 52.58746979374412 ], [ 126.068457031250048, 52.595648504681613 ], [ 126.082275390624972, 52.593622137494116 ], [ 126.170117187499997, 52.54787018436911 ], [ 126.2119140625, 52.53327057499412 ], [ 126.210058593750006, 52.511737371869117 ], [ 126.200439453124986, 52.486761785931613 ], [ 126.2, 52.46735260624412 ], [ 126.216406250000048, 52.465033270306606 ], [ 126.24658203125, 52.46613190311912 ], [ 126.275781250000037, 52.463568426556613 ], [ 126.288818359375014, 52.450262762494127 ], [ 126.2958984375, 52.43549225468162 ], [ 126.312402343750009, 52.417669989056613 ], [ 126.343261718750014, 52.39166901249412 ], [ 126.350488281250009, 52.377215887494117 ], [ 126.343994140625014, 52.357855535931613 ], [ 126.315429687499986, 52.316473699994127 ], [ 126.34423828125, 52.30292389530662 ], [ 126.420654296874972, 52.28754303593162 ], [ 126.438964843749986, 52.27558014530662 ], [ 126.391796874999983, 52.264593817181613 ], [ 126.311718750000011, 52.22821686405662 ], [ 126.30908203125, 52.214129949994117 ], [ 126.316406250000014, 52.200018621869113 ], [ 126.33251953125, 52.193622137494103 ], [ 126.350341796875, 52.192010809369116 ], [ 126.453027343750009, 52.165887762494108 ], [ 126.493652343749986, 52.161493231244108 ], [ 126.530859375000048, 52.152948309369108 ], [ 126.555664062499986, 52.130926824994106 ], [ 126.550976562500011, 52.11322662968162 ], [ 126.519433593750009, 52.06159088749412 ], [ 126.51406249999998, 52.04901764530662 ], [ 126.51406249999998, 52.042792059369113 ], [ 126.491308593750048, 52.03908112186911 ], [ 126.466699218749994, 52.03192780155662 ], [ 126.447021484374986, 52.019061590619103 ], [ 126.438964843749986, 51.99811432499412 ], [ 126.445800781249986, 51.982855535931613 ], [ 126.64765625, 51.741522528119106 ], [ 126.662109374999972, 51.73371002811912 ], [ 126.71337890625, 51.723456121869106 ], [ 126.715429687500048, 51.717792059369117 ], [ 126.725341796875, 51.709051824994106 ], [ 126.727539062499972, 51.703314520306613 ], [ 126.724511718750023, 51.69782135624412 ], [ 126.717480468750011, 51.691229559369127 ], [ 126.710546875000034, 51.68629791874411 ], [ 126.70712890625002, 51.685858465619113 ], [ 126.715429687500048, 51.663446356244108 ], [ 126.724121093749972, 51.64984772343162 ], [ 126.723388671874972, 51.63617584843162 ], [ 126.703613281249972, 51.613885809369108 ], [ 126.674804687499986, 51.588641668744117 ], [ 126.676513671874986, 51.57692291874411 ], [ 126.700195312499986, 51.563006903119117 ], [ 126.775292968750023, 51.545965887494127 ], [ 126.807128906249986, 51.53444244999411 ], [ 126.830078125, 51.50836823124412 ], [ 126.801269531249986, 51.47748444218162 ], [ 126.792382812500023, 51.459344793744116 ], [ 126.788964843750009, 51.436102606244113 ], [ 126.800097656249974, 51.419256903119113 ], [ 126.82568359375, 51.412298895306613 ], [ 126.87656250000002, 51.41017487186911 ], [ 126.889746093750006, 51.40729401249412 ], [ 126.901757812500009, 51.401239324994108 ], [ 126.909082031250023, 51.39137604374411 ], [ 126.908691406249986, 51.37726471561912 ], [ 126.897216796875, 51.362250067181606 ], [ 126.879882812499986, 51.356463934369103 ], [ 126.860449218750048, 51.354193426556613 ], [ 126.843017578124986, 51.34962799686911 ], [ 126.826757812500048, 51.339227606244116 ], [ 126.813720703124972, 51.32521393436911 ], [ 126.806835937499997, 51.308417059369106 ], [ 126.80869140625002, 51.289374090619127 ], [ 126.823437499999983, 51.265887762494117 ], [ 126.845458984374986, 51.25172760624411 ], [ 126.86962890625, 51.252020574994098 ], [ 126.890380859374986, 51.271747137494103 ], [ 126.892578125, 51.282245184369117 ], [ 126.888769531250048, 51.28961823124412 ], [ 126.884521484375, 51.29591705936911 ], [ 126.884960937499983, 51.303168035931613 ], [ 126.891015625, 51.310736395306613 ], [ 126.899023437500006, 51.316766668744116 ], [ 126.908105468749994, 51.32147858280662 ], [ 126.916992187499957, 51.325018621869113 ], [ 126.93417968750002, 51.32904694218162 ], [ 126.954296874999983, 51.329852606244103 ], [ 126.971777343750048, 51.324286199994106 ], [ 126.980859375000023, 51.30914948124412 ], [ 126.977539062499986, 51.296820379681613 ], [ 126.967675781250009, 51.28180573124412 ], [ 126.946679687500009, 51.25836823124412 ], [ 126.915917968750009, 51.233026434369116 ], [ 126.908691406249986, 51.221942449994117 ], [ 126.90478515625, 51.208368231244108 ], [ 126.903564453124986, 51.193622137494103 ], [ 126.905029296874986, 51.164496160931613 ], [ 126.909277343750034, 51.146307684369113 ], [ 126.922753906250009, 51.108221746869127 ], [ 126.925537109375, 51.086297918744116 ], [ 126.931542968749994, 51.064032293744113 ], [ 126.945996093750011, 51.048651434369113 ], [ 126.980859375000023, 51.027948309369101 ], [ 127.031982421874986, 50.972723699994106 ], [ 127.046777343750009, 50.967474676556606 ], [ 127.11044921875002, 50.931756903119101 ], [ 127.143945312500037, 50.903753973431613 ], [ 127.22031250000002, 50.788397528119106 ], [ 127.240820312500034, 50.774969793744113 ], [ 127.265869140624986, 50.764349676556613 ], [ 127.287109375, 50.751288153119113 ], [ 127.296142578125, 50.730340887494108 ], [ 127.295312500000023, 50.72308991093162 ], [ 127.292968750000014, 50.71564362186912 ], [ 127.289550781249972, 50.708612371869116 ], [ 127.28564453125, 50.702752996869108 ], [ 127.282128906250009, 50.695086981244117 ], [ 127.283398437500026, 50.688544012494113 ], [ 127.286816406250011, 50.68219635624412 ], [ 127.288671875000034, 50.675409246869108 ], [ 127.294531250000048, 50.66669342655662 ], [ 127.326757812500034, 50.63751862186912 ], [ 127.343457031249983, 50.627997137494113 ], [ 127.358398437499972, 50.60529205936912 ], [ 127.366699218749986, 50.57807037968162 ], [ 127.364355468750034, 50.55499909061912 ], [ 127.356445312500014, 50.544867254681613 ], [ 127.333398437500023, 50.525262762494108 ], [ 127.323437500000011, 50.514032293744101 ], [ 127.309960937500037, 50.488641668744116 ], [ 127.302441406249983, 50.477899481244116 ], [ 127.288671875000034, 50.466253973431606 ], [ 127.304296875000034, 50.451727606244113 ], [ 127.348876953124986, 50.42645905155662 ], [ 127.358154296875, 50.415350653119106 ], [ 127.359277343750023, 50.39313385624412 ], [ 127.358398437499972, 50.38161041874411 ], [ 127.3544921875, 50.373797918744103 ], [ 127.345458984375, 50.36469147343162 ], [ 127.337304687500009, 50.35297272343162 ], [ 127.331542968749986, 50.340399481244113 ], [ 127.330175781249991, 50.32843659061912 ], [ 127.354296875000031, 50.29889557499412 ], [ 127.404394531250034, 50.276239324994108 ], [ 127.578125, 50.220819403119101 ], [ 127.590332031249986, 50.20900299686911 ], [ 127.589648437500031, 50.186590887494113 ], [ 127.58652343750002, 50.16742584843162 ], [ 127.580322265624986, 50.149359442181613 ], [ 127.56982421875, 50.13043854374412 ], [ 127.50625, 50.063739324994117 ], [ 127.486328124999986, 50.025897528119103 ], [ 127.494140625, 49.973456121869127 ], [ 127.521240234375, 49.941473699994127 ], [ 127.53369140625, 49.922723699994116 ], [ 127.531982421874986, 49.90790436405662 ], [ 127.520507812499972, 49.89203522343162 ], [ 127.511328125000034, 49.869330145306613 ], [ 127.506347656249972, 49.84454987186912 ], [ 127.5078125, 49.822577215619113 ], [ 127.538281250000026, 49.79022858280662 ], [ 127.644042968750014, 49.767401434369113 ], [ 127.6796875, 49.739374090619108 ], [ 127.68603515625, 49.717108465619113 ], [ 127.68671875, 49.699164129681613 ], [ 127.689697265625014, 49.681708074994098 ], [ 127.70322265625002, 49.660907293744117 ], [ 127.721679687499986, 49.648871160931613 ], [ 127.769775390625, 49.634100653119113 ], [ 127.789550781249986, 49.623358465619127 ], [ 127.809277343749997, 49.60736725468162 ], [ 127.830566406249972, 49.594110418744116 ], [ 127.854492187499972, 49.585077215619101 ], [ 127.906982421875014, 49.58051178593162 ], [ 127.920410156249986, 49.581366278119113 ], [ 127.929785156250034, 49.585516668744106 ], [ 127.940429687499972, 49.596136785931613 ], [ 127.947509765625, 49.601434637494116 ], [ 127.955078124999972, 49.60329010624411 ], [ 127.9677734375, 49.60346100468162 ], [ 127.9912109375, 49.598993231244108 ], [ 128.01220703125, 49.587713934369113 ], [ 128.046484375000034, 49.558465887494108 ], [ 128.06689453125, 49.54694244999412 ], [ 128.09228515625, 49.541815496869113 ], [ 128.198144531250023, 49.53925202030662 ], [ 128.224853515625, 49.542108465619101 ], [ 128.2451171875, 49.551629949994108 ], [ 128.267822265624972, 49.559027410931606 ], [ 128.320068359374972, 49.545038153119116 ], [ 128.344482421874972, 49.548211981244108 ], [ 128.3525390625, 49.554754949994106 ], [ 128.364648437500023, 49.570013739056613 ], [ 128.371679687500034, 49.575555731244101 ], [ 128.383203125, 49.57960846561911 ], [ 128.550976562500011, 49.588690496869113 ], [ 128.62841796875, 49.575555731244101 ], [ 128.634960937500011, 49.578436590619106 ], [ 128.665722656250011, 49.60968659061912 ], [ 128.671484375000034, 49.611688543744116 ], [ 128.686425781249994, 49.60346100468162 ], [ 128.733984375000034, 49.584588934369108 ], [ 128.759179687500023, 49.578070379681613 ], [ 128.786376953125, 49.575555731244101 ], [ 128.796630859375, 49.572699285931613 ], [ 128.801513671875, 49.565375067181613 ], [ 128.802978515625, 49.555365301556613 ], [ 128.803125, 49.54450104374412 ], [ 128.79931640625, 49.532098699994116 ], [ 128.790136718750034, 49.527362371869117 ], [ 128.779052734375, 49.525336004681613 ], [ 128.76904296875, 49.520941473431613 ], [ 128.753808593750023, 49.50275299686912 ], [ 128.749902343750023, 49.484808660931613 ], [ 128.759765625, 49.47113678593162 ], [ 128.786376953125, 49.465692449994108 ], [ 128.8095703125, 49.46893952030662 ], [ 128.853271484375, 49.48078034061912 ], [ 128.87890625, 49.479999090619117 ], [ 128.901757812500023, 49.471991278119106 ], [ 128.94677734375, 49.449774481244113 ], [ 128.997802734375, 49.441522528119108 ], [ 129.014404296874972, 49.43134186405662 ], [ 129.05029296875, 49.377020574994113 ], [ 129.066699218750017, 49.361932684369108 ], [ 129.0875, 49.352362371869113 ], [ 129.114990234375, 49.348993231244108 ], [ 129.1357421875, 49.354437567181606 ], [ 129.1708984375, 49.380633856244117 ], [ 129.193603515624972, 49.389960028119113 ], [ 129.217675781249994, 49.391058660931613 ], [ 129.245214843750006, 49.386175848431627 ], [ 129.27197265625, 49.37550690311911 ], [ 129.315917968749972, 49.344354559369116 ], [ 129.340722656250023, 49.341376043744106 ], [ 129.361718750000023, 49.35011627811911 ], [ 129.372949218749994, 49.370135809369117 ], [ 129.371191406250006, 49.410834051556613 ], [ 129.37841796875, 49.42531159061911 ], [ 129.403076171874972, 49.43092682499411 ], [ 129.454589843749972, 49.427557684369113 ], [ 129.480371093749994, 49.421502996869116 ], [ 129.501953125, 49.411078192181606 ], [ 129.519433593750023, 49.397333074994101 ], [ 129.527587890624972, 49.385126043744116 ], [ 129.530029296875, 49.369574285931606 ], [ 129.531835937500034, 49.321795965619117 ], [ 129.538671875000034, 49.304022528119106 ], [ 129.551513671874972, 49.290716864056613 ], [ 129.571533203124972, 49.280096746869106 ], [ 129.618896484375, 49.274481512494113 ], [ 129.668847656250023, 49.279413153119101 ], [ 129.7109375, 49.27443268436911 ], [ 129.734765625, 49.239129949994108 ], [ 129.737304687499972, 49.205755926556613 ], [ 129.741601562499994, 49.195990301556606 ], [ 129.75537109375, 49.184515692181613 ], [ 129.775634765625, 49.17780182499412 ], [ 129.824462890625, 49.174432684369116 ], [ 129.841210937500023, 49.167425848431613 ], [ 129.845117187499994, 49.154315496869103 ], [ 129.841210937500023, 49.109442449994113 ], [ 129.862207031250023, 49.106756903119106 ], [ 129.882910156250034, 49.100043035931613 ], [ 129.92041015625, 49.082098699994106 ], [ 129.911376953125, 49.05951569218162 ], [ 129.9130859375, 49.03981354374411 ], [ 129.926171875000023, 49.025946356244113 ], [ 129.974023437500023, 49.01539948124411 ], [ 129.99658203125, 49.00263092655662 ], [ 130.037109375, 48.972235418744113 ], [ 130.201562500000023, 48.882879949994113 ], [ 130.2490234375, 48.864813543744113 ], [ 130.293212890625, 48.87037994999411 ], [ 130.337890625, 48.885614324994116 ], [ 130.386474609375, 48.89655182499412 ], [ 130.439453125, 48.896747137494117 ], [ 130.465039062500011, 48.891620184369117 ], [ 130.424181841711288, 48.839129581798197 ], [ 130.380304998670624, 48.781338957346605 ], [ 130.362754261454313, 48.740845884297762 ], [ 130.353978892846158, 48.685838777628938 ], [ 130.34959120854208, 48.649617090306833 ], [ 130.364948103606366, 48.624971470392971 ], [ 130.432957210319415, 48.613369365184582 ], [ 130.439538736775518, 48.581449825273218 ], [ 130.443926421079624, 48.545153137749644 ], [ 130.476834053360136, 48.524815614451526 ], [ 130.525098580704878, 48.52045651084417 ], [ 130.57994463450575, 48.533532696223212 ], [ 130.614501953125, 48.530389715619108 ], [ 130.613037109375, 48.519794012494103 ], [ 130.615478515625, 48.508368231244113 ], [ 130.624267578125, 48.488592840619113 ], [ 130.6259765625, 48.482489324994113 ], [ 130.634790688306651, 48.437562254464055 ], [ 130.667698320587192, 48.390965751982584 ], [ 130.700605952867676, 48.354532518630094 ], [ 130.733513585148188, 48.322449707666301 ], [ 130.724738216540089, 48.269907006923518 ], [ 130.683055215651422, 48.198303653339536 ], [ 130.656729109827012, 48.15880592143197 ], [ 130.6630859375, 48.116644598431613 ], [ 130.664453125000023, 48.10231354374411 ], [ 130.670654296875, 48.086859442181613 ], [ 130.674560546875, 48.064227606244117 ], [ 130.682128906249972, 48.05060455936912 ], [ 130.857031250000034, 47.92804596561912 ], [ 130.906640625000023, 47.884466864056613 ], [ 130.94140625, 47.820868231244113 ], [ 130.942138671875, 47.79005768436911 ], [ 130.938085937500034, 47.751336981244116 ], [ 130.941699218750045, 47.71820709843162 ], [ 130.965332031249972, 47.70416901249412 ], [ 130.983300781250023, 47.70026276249412 ], [ 131.023193359374972, 47.682562567181606 ], [ 131.043847656250023, 47.677508856244103 ], [ 131.084082031250034, 47.67536041874412 ], [ 131.103613281250034, 47.67677643436911 ], [ 131.12890625, 47.681512762494108 ], [ 131.166894531250023, 47.697381903119116 ], [ 131.2099609375, 47.709418035931613 ], [ 131.418066406250034, 47.74286530155662 ], [ 131.440527343750006, 47.741400457806613 ], [ 131.474609375, 47.734686590619113 ], [ 131.507421875000034, 47.721795965619108 ], [ 131.537597656249972, 47.703485418744116 ], [ 131.5771484375, 47.668817449994108 ], [ 131.58447265625, 47.664911199994116 ], [ 131.593652343750023, 47.662616278119103 ], [ 131.602929687500023, 47.661737371869108 ], [ 131.6123046875, 47.662225653119108 ], [ 131.621484375000023, 47.66408112186911 ], [ 131.630371093749972, 47.667108465619101 ], [ 131.683203125000034, 47.694891668744113 ], [ 131.702636718749972, 47.696405340619116 ], [ 131.780029296875, 47.679315496869108 ], [ 131.798828125, 47.679632879681613 ], [ 131.835693359375, 47.68483307499411 ], [ 131.854296875000045, 47.68434479374411 ], [ 131.864648437500023, 47.681830145306613 ], [ 131.89404296875, 47.670233465619106 ], [ 131.903222656250023, 47.66840241093162 ], [ 131.913671875000034, 47.66791412968162 ], [ 131.924072265625, 47.66920807499411 ], [ 131.9326171875, 47.672479559369116 ], [ 131.957031249999972, 47.687201239056613 ], [ 131.966015625000011, 47.690252996869113 ], [ 132.025, 47.698065496869113 ], [ 132.088867187499972, 47.695013739056613 ], [ 132.116699218749972, 47.68971588749411 ], [ 132.161376953124972, 47.690252996869113 ], [ 132.188720703125, 47.695868231244113 ], [ 132.201904296875, 47.700751043744113 ], [ 132.250488281249972, 47.725604559369117 ], [ 132.264160156249972, 47.729071356244113 ], [ 132.33203125, 47.73676178593162 ], [ 132.3662109375, 47.735614324994117 ], [ 132.400292968749994, 47.730096746869108 ], [ 132.453027343750023, 47.71076080936912 ], [ 132.4755859375, 47.70709869999412 ], [ 132.524316406249994, 47.70770905155662 ], [ 132.536132812499972, 47.711297918744108 ], [ 132.546875, 47.717059637494117 ], [ 132.556542968750023, 47.72370026249412 ], [ 132.573828125000034, 47.73981354374412 ], [ 132.580078125, 47.748236395306613 ], [ 132.582031249999972, 47.75641510624412 ], [ 132.58056640625, 47.765008856244108 ], [ 132.573437499999983, 47.782489324994103 ], [ 132.573437499999983, 47.78864166874412 ], [ 132.576171875, 47.794501043744113 ], [ 132.581054687499972, 47.80097077030662 ], [ 132.607177734375, 47.827826239056613 ], [ 132.658593750000023, 47.870062567181613 ], [ 132.667675781250011, 47.881537176556613 ], [ 132.671972656250034, 47.894720770306606 ], [ 132.671142578124972, 47.902777410931613 ], [ 132.667871093750023, 47.909613348431613 ], [ 132.663818359374972, 47.916083074994113 ], [ 132.660546875000023, 47.923285223431613 ], [ 132.660156249999972, 47.93158600468162 ], [ 132.662988281250023, 47.938910223431613 ], [ 132.667871093750023, 47.945379949994113 ], [ 132.674414062500034, 47.950873114056613 ], [ 132.688867187499994, 47.95802643436911 ], [ 132.705468750000023, 47.960565496869101 ], [ 132.722265625, 47.95917389530662 ], [ 132.73779296875, 47.954413153119113 ], [ 132.76220703125, 47.93964264530662 ], [ 132.774658203125, 47.933954168744116 ], [ 132.789257812500011, 47.932977606244108 ], [ 132.805566406250023, 47.936468817181613 ], [ 132.820312499999972, 47.94257233280662 ], [ 132.833105468750006, 47.95184967655662 ], [ 132.853271484375, 47.976385809369106 ], [ 132.864501953124972, 47.985907293744113 ], [ 132.940039062500006, 48.022821356244101 ], [ 132.940527343750006, 48.02692291874412 ], [ 133.0244140625, 48.052679754681613 ], [ 133.032470703125, 48.057074285931613 ], [ 133.0390625, 48.061786199994117 ], [ 133.04375, 48.066473699994113 ], [ 133.047265625000023, 48.071844793744113 ], [ 133.05078125, 48.07880280155662 ], [ 133.060644531250034, 48.092108465619113 ], [ 133.075, 48.101141668744113 ], [ 133.091699218750023, 48.107001043744113 ], [ 133.184814453125, 48.125067449994113 ], [ 133.223388671875, 48.12623932499411 ], [ 133.2625, 48.119696356244106 ], [ 133.2724609375, 48.115350653119101 ], [ 133.29052734375, 48.104608465619116 ], [ 133.301171875000023, 48.10150787968162 ], [ 133.323242187499972, 48.100409246869106 ], [ 133.379199218750017, 48.106561590619108 ], [ 133.395898437499994, 48.106146551556613 ], [ 133.412841796874972, 48.103290106244124 ], [ 133.450585937500023, 48.091620184369113 ], [ 133.463378906249972, 48.089715887494116 ], [ 133.524023437500034, 48.09572174686911 ], [ 133.543554687500006, 48.10182526249411 ], [ 133.559667968750006, 48.113544012494103 ], [ 133.57177734375, 48.133002020306613 ], [ 133.577539062500023, 48.145282293744103 ], [ 133.58447265625, 48.155585028119113 ], [ 133.593359375000034, 48.164374090619113 ], [ 133.605175781250011, 48.17189362186911 ], [ 133.62109375, 48.177557684369106 ], [ 133.654296874999972, 48.18414948124412 ], [ 133.670019531250034, 48.190252996869113 ], [ 133.685156250000034, 48.20241119999411 ], [ 133.707617187500034, 48.231952215619117 ], [ 133.720898437500011, 48.244989324994108 ], [ 133.737695312499994, 48.251336981244123 ], [ 133.796289062500023, 48.250848699994108 ], [ 133.814697265625, 48.25543854374412 ], [ 133.849218750000034, 48.26954987186911 ], [ 133.867285156250006, 48.274603582806613 ], [ 133.877197265624972, 48.275506903119116 ], [ 133.936621093750006, 48.27350494999412 ], [ 133.966210937500023, 48.27887604374412 ], [ 133.982177734374972, 48.285345770306606 ], [ 134.024511718750034, 48.315375067181606 ], [ 134.040283203125, 48.322699285931613 ], [ 134.056738281250034, 48.327460028119113 ], [ 134.11572265625, 48.33546784061911 ], [ 134.205761718750011, 48.359881903119117 ], [ 134.366943359375, 48.377313543744116 ], [ 134.447265625, 48.395135809369108 ], [ 134.496191406250034, 48.41168854374412 ], [ 134.505078125000011, 48.413690496869108 ], [ 134.580175781250034, 48.417840887494108 ], [ 134.598046875000023, 48.416449285931613 ], [ 134.734375, 48.373358465619106 ], [ 134.75146484375, 48.37160065311911 ], [ 134.769140625000034, 48.373797918744117 ], [ 134.883886718750034, 48.424383856244113 ], [ 134.924560546875, 48.433417059369113 ], [ 134.965917968750006, 48.436590887494113 ], [ 135.019238281250011, 48.433221746869108 ], [ 135.035546875000023, 48.437445379681613 ], [ 135.046386718749972, 48.44708893436912 ], [ 135.049560546874972, 48.459247137494117 ], [ 135.047460937500006, 48.47260162968162 ], [ 135.043729151514526, 48.483614698208548 ], [ 135.054443359375, 48.479437567181606 ], [ 135.076416015625, 48.466424871869108 ], [ 135.085693359375, 48.458514715619103 ], [ 135.090039062499983, 48.450702215619117 ], [ 135.09033203125, 48.44142487186911 ], [ 135.087890625, 48.431952215619113 ], [ 135.084375, 48.423651434369113 ], [ 135.078125, 48.41437409061912 ], [ 135.070068359375, 48.406366278119108 ], [ 135.052001953125, 48.39259674686911 ], [ 134.998144531250034, 48.362738348431613 ], [ 134.960546875000034, 48.349920965619113 ], [ 134.840576171874972, 48.32794830936912 ], [ 134.822363281250034, 48.318304754681613 ], [ 134.791259765625, 48.29230377811912 ], [ 134.759960937500011, 48.28346588749411 ], [ 134.718359375, 48.26361725468162 ], [ 134.702880859375, 48.252875067181613 ], [ 134.687109375, 48.220086981244108 ], [ 134.6826171875, 48.13576080936911 ], [ 134.662353515625, 48.10822174686912 ], [ 134.647656250000011, 48.102362371869113 ], [ 134.586181640625, 48.061468817181606 ], [ 134.566894531249972, 48.040594793744106 ], [ 134.55908203125, 48.00978424686911 ], [ 134.566699218750017, 47.98578522343162 ], [ 134.60107421875, 47.94440338749412 ], [ 134.58740234375, 47.926141668744108 ], [ 134.598876953125, 47.910956121869113 ], [ 134.622558593749972, 47.90045807499412 ], [ 134.645410156250023, 47.896600653119116 ], [ 134.657470703124972, 47.886981512494117 ], [ 134.667382812500023, 47.86493561405662 ], [ 134.673828125, 47.84076569218162 ], [ 134.675976562499983, 47.824579168744116 ], [ 134.696191406249994, 47.795355535931606 ], [ 134.76953125, 47.741278387494106 ], [ 134.764892578125, 47.71845123905662 ], [ 134.772216796875, 47.711004949994113 ], [ 134.725195312500006, 47.66351959843162 ], [ 134.713623046875, 47.656366278119108 ], [ 134.692578125000011, 47.64918854374411 ], [ 134.686425781249994, 47.631415106244113 ], [ 134.68603515625, 47.609076239056613 ], [ 134.682373046875, 47.58808014530662 ], [ 134.667871093750023, 47.574286199994113 ], [ 134.6240234375, 47.549920965619116 ], [ 134.614648437500023, 47.536883856244117 ], [ 134.603759765625, 47.528021551556613 ], [ 134.560302734375, 47.48212311405662 ], [ 134.556542968750023, 47.471380926556613 ], [ 134.534912109375, 47.465765692181606 ], [ 134.500097656250034, 47.43915436405662 ], [ 134.484375, 47.430487371869113 ], [ 134.4716796875, 47.428900457806613 ], [ 134.436132812500034, 47.430047918744108 ], [ 134.414648437500034, 47.43947174686911 ], [ 134.401562499999983, 47.437567449994106 ], [ 134.388671874999972, 47.43305084843162 ], [ 134.3779296875, 47.430487371869113 ], [ 134.353613281250006, 47.429632879681613 ], [ 134.332421875000023, 47.42658112186912 ], [ 134.3125, 47.420355535931606 ], [ 134.29248046875, 47.409979559369113 ], [ 134.279296875, 47.398016668744113 ], [ 134.257324218749972, 47.36749909061912 ], [ 134.244726562500034, 47.355340887494108 ], [ 134.202636718749972, 47.338690496869106 ], [ 134.183398437500017, 47.327704168744113 ], [ 134.175195312500023, 47.310663153119116 ], [ 134.169677734375, 47.28705475468162 ], [ 134.159667968749972, 47.271918035931613 ], [ 134.15390625, 47.258124090619113 ], [ 134.16162109375, 47.238641668744101 ], [ 134.168066406250006, 47.230780340619113 ], [ 134.186279296875, 47.213934637494106 ], [ 134.19287109375, 47.21076080936912 ], [ 134.196875, 47.20558502811911 ], [ 134.195312499999972, 47.193963934369108 ], [ 134.189453125, 47.173163153119113 ], [ 134.198437500000011, 47.155829168744113 ], [ 134.2158203125, 47.137958074994117 ], [ 134.226757812500011, 47.117987371869113 ], [ 134.216796875, 47.094671942181606 ], [ 134.19677734375, 47.08539459843162 ], [ 134.145410156249994, 47.081415106244116 ], [ 134.1240234375, 47.07074616093162 ], [ 134.114013671875, 47.05609772343162 ], [ 134.087011718750034, 46.999090887494106 ], [ 134.08056640625, 46.99293854374411 ], [ 134.073974609375, 46.988397528119108 ], [ 134.06875, 46.98146393436911 ], [ 134.066503906250034, 46.96803619999411 ], [ 134.066503906250034, 46.927069403119113 ], [ 134.0625, 46.907098699994108 ], [ 134.020263671874972, 46.834295965619113 ], [ 134.016357421874972, 46.819696356244101 ], [ 134.021240234375, 46.806415106244103 ], [ 134.035546875000023, 46.789911199994108 ], [ 134.044335937499994, 46.77228424686912 ], [ 134.04150390625, 46.752997137494113 ], [ 134.025634765625, 46.711053778119108 ], [ 134.014355468750011, 46.66522858280662 ], [ 134.005078125000011, 46.646063543744106 ], [ 133.987695312500023, 46.62543366093162 ], [ 133.967187500000023, 46.611444403119108 ], [ 133.920117187500011, 46.590643621869113 ], [ 133.902148437500045, 46.573919989056606 ], [ 133.898681640624972, 46.56354401249412 ], [ 133.89599609375, 46.538519598431613 ], [ 133.8916015625, 46.529169012494108 ], [ 133.849023437500023, 46.480536199994106 ], [ 133.845458984375, 46.470892645306627 ], [ 133.847363281250011, 46.457220770306606 ], [ 133.85400390625, 46.444891668744113 ], [ 133.861328125, 46.441278387494108 ], [ 133.870214843750034, 46.44074127811912 ], [ 133.881591796874972, 46.437372137494108 ], [ 133.89990234375, 46.426825262494113 ], [ 133.921142578125, 46.41041901249411 ], [ 133.933593749999972, 46.390985418744108 ], [ 133.925683593750023, 46.371527410931606 ], [ 133.880615234375, 46.353949285931606 ], [ 133.86328125, 46.33954498905662 ], [ 133.874121093750006, 46.32001373905662 ], [ 133.884863281250034, 46.326849676556613 ], [ 133.89599609375, 46.327508856244108 ], [ 133.906640625, 46.322699285931613 ], [ 133.915722656250011, 46.313251043744117 ], [ 133.893457031250023, 46.302118231244108 ], [ 133.893847656250017, 46.291571356244113 ], [ 133.901757812499994, 46.278338934369117 ], [ 133.902148437500045, 46.259222723431613 ], [ 133.8896484375, 46.251044012494106 ], [ 133.869335937499983, 46.244745184369108 ], [ 133.854882812499994, 46.236883856244113 ], [ 133.860449218750006, 46.223822332806613 ], [ 133.8525390625, 46.217718817181613 ], [ 133.836328125000023, 46.200702215619103 ], [ 133.829833984374972, 46.197137762494108 ], [ 133.820996093750011, 46.20038483280662 ], [ 133.812890625000023, 46.214422918744106 ], [ 133.805908203124972, 46.217645574994108 ], [ 133.793212890625, 46.214544989056613 ], [ 133.786230468750034, 46.206903387494116 ], [ 133.781347656250006, 46.196966864056613 ], [ 133.774804687500023, 46.186883856244116 ], [ 133.765722656250034, 46.178241278119117 ], [ 133.740722656249972, 46.159295965619108 ], [ 133.7197265625, 46.150458074994113 ], [ 133.698437499999983, 46.149286199994108 ], [ 133.68701171875, 46.142035223431606 ], [ 133.695996093750011, 46.115252996869117 ], [ 133.718994140625, 46.079535223431613 ], [ 133.7197265625, 46.064032293744113 ], [ 133.694433593750034, 46.023016668744113 ], [ 133.6578125, 45.93475983280662 ], [ 133.649511718750034, 45.928094793744116 ], [ 133.627539062500034, 45.938055731244113 ], [ 133.617431640625, 45.93654205936911 ], [ 133.609765625000023, 45.929999090619106 ], [ 133.606640625000011, 45.919696356244117 ], [ 133.605859375, 45.905340887494113 ], [ 133.602783203125, 45.89887116093162 ], [ 133.586181640625, 45.88869049686911 ], [ 133.584228515624972, 45.884393621869116 ], [ 133.585693359375, 45.880072332806613 ], [ 133.585693359375, 45.876581121869101 ], [ 133.579296875000011, 45.875067449994113 ], [ 133.56982421875, 45.876654364056613 ], [ 133.563867187500023, 45.88080475468162 ], [ 133.558837890625, 45.885516668744117 ], [ 133.552001953125, 45.88869049686911 ], [ 133.53125, 45.88844635624411 ], [ 133.5140625, 45.879461981244127 ], [ 133.502343750000023, 45.862323309369103 ], [ 133.498046875, 45.837469793744113 ], [ 133.49365234375, 45.833563543744106 ], [ 133.484619140625, 45.828680731244113 ], [ 133.47705078125, 45.820331121869117 ], [ 133.476953125000023, 45.80609772343162 ], [ 133.4833984375, 45.796893621869103 ], [ 133.503173828124972, 45.787909246869113 ], [ 133.510937500000011, 45.77882721561911 ], [ 133.484619140625, 45.768744207806613 ], [ 133.470703124999972, 45.729120184369101 ], [ 133.44287109375, 45.70990631718162 ], [ 133.451269531250034, 45.699408270306613 ], [ 133.476464843750023, 45.693793035931606 ], [ 133.487597656250045, 45.686957098431613 ], [ 133.4912109375, 45.673651434369113 ], [ 133.482519531250034, 45.66315338749412 ], [ 133.456542968749972, 45.649115301556613 ], [ 133.4619140625, 45.644232489056606 ], [ 133.471435546875, 45.632684637494101 ], [ 133.476953125000023, 45.627997137494113 ], [ 133.458105468750034, 45.62287018436912 ], [ 133.441699218750017, 45.620868231244103 ], [ 133.427343750000034, 45.615545965619113 ], [ 133.414794921875, 45.60065338749412 ], [ 133.4248046875, 45.58063385624412 ], [ 133.413183593750034, 45.573602606244108 ], [ 133.37451171875, 45.573309637494113 ], [ 133.3623046875, 45.568182684369106 ], [ 133.329980468749994, 45.549505926556606 ], [ 133.298583984374972, 45.542303778119113 ], [ 133.271240234374972, 45.528631903119113 ], [ 133.240625, 45.523553778119108 ], [ 133.201855468750011, 45.511542059369113 ], [ 133.18896484375, 45.50446198124412 ], [ 133.179443359375, 45.494086004681613 ], [ 133.139892578124972, 45.435663153119108 ], [ 133.132910156250006, 45.41986725468162 ], [ 133.12841796875, 45.402948309369108 ], [ 133.126953125, 45.385321356244106 ], [ 133.101562499999972, 45.287469793744108 ], [ 133.106445312499972, 45.26491119999411 ], [ 133.097265625000034, 45.243768621869108 ], [ 133.10625, 45.214960028119108 ], [ 133.120361328125, 45.183710028119101 ], [ 133.126953125, 45.155633856244116 ], [ 133.124902343749994, 45.14162018436911 ], [ 133.12109375, 45.131537176556613 ], [ 133.115136718750023, 45.12330963749411 ], [ 133.098388671875, 45.108026434369116 ], [ 133.072998046875, 45.09083893436911 ], [ 133.049414062500006, 45.08197662968162 ], [ 133.023681640625, 45.05861237186911 ], [ 132.992431640625, 45.04877350468162 ], [ 132.9658203125, 45.029120184369106 ], [ 132.953027343750023, 45.024676824994103 ], [ 132.920996093750034, 45.02814362186912 ], [ 132.839453125, 45.059393621869106 ], [ 132.016911244088476, 45.265656053955787 ], [ 131.964259032439656, 45.281094667887267 ], [ 131.937932926615275, 45.310416463697806 ], [ 131.913800662942862, 45.333554540267308 ], [ 131.883086872814403, 45.335096742720253 ], [ 131.85017924053389, 45.31658754141074 ], [ 131.837016187621657, 45.288812399895434 ], [ 131.810690081797276, 45.23476622635819 ], [ 131.795333186733018, 45.205405329350135 ], [ 131.784363975972838, 45.183761282245271 ], [ 131.744874817236223, 45.186853792973466 ], [ 131.709773342803658, 45.193038310430431 ], [ 131.670284184067043, 45.177575756788897 ], [ 131.663702657610941, 45.149732576213289 ], [ 131.650539604698736, 45.118779748798808 ], [ 131.6307950253304, 45.084712234414134 ], [ 131.562785918617323, 45.049074461302695 ], [ 131.510133706968503, 45.019617803463476 ], [ 131.472838390383885, 44.997903195493393 ], [ 131.450899968863553, 44.963763607775213 ], [ 131.382890862150475, 44.974628408911542 ], [ 131.356564756326065, 44.980835942685346 ], [ 131.301718702525164, 44.962211325323864 ], [ 131.271004912396705, 44.942027831383108 ], [ 131.246872648724292, 44.923390613784086 ], [ 131.185445068467345, 44.924943946254679 ], [ 131.110854435298165, 44.931156856129888 ], [ 131.051620697193215, 44.882989227321588 ], [ 130.966060853263855, 44.865887785938028 ], [ 130.959479326807752, 44.834781236038403 ], [ 131.029682275672883, 44.784975812119818 ], [ 131.102079066690038, 44.697712833470469 ], [ 131.145955909730674, 44.555629588413133 ], [ 131.202995805683628, 44.419466587506228 ], [ 131.229321911508066, 44.311249238629102 ], [ 131.266617228092656, 44.179236561823792 ], [ 131.292943333917066, 44.098941477139981 ], [ 131.303912544677218, 44.042196852493205 ], [ 131.271004912396705, 44.005914860428476 ], [ 131.271004912396705, 43.945922050418645 ], [ 131.264423385940603, 43.887449761806423 ], [ 131.244678806572296, 43.817840359638964 ], [ 131.23590343796414, 43.765579990929972 ], [ 131.251260333028398, 43.70693069164426 ], [ 131.240291122268189, 43.667270268895507 ], [ 131.246872648724292, 43.632347405875144 ], [ 131.238097280116193, 43.589459776748718 ], [ 131.23590343796414, 43.529047602172348 ], [ 131.266617228092656, 43.498818800991408 ], [ 131.297331018221087, 43.465390404629595 ], [ 131.3214632818935, 43.401666102143174 ], [ 131.323657124045553, 43.363399313662804 ], [ 131.312687913285373, 43.333087643334721 ], [ 131.273198754548758, 43.294777582013189 ], [ 131.227128069356013, 43.242061816252281 ], [ 131.200801963531603, 43.203694402716181 ], [ 131.196414279227497, 43.160502201834333 ], [ 131.178863542011271, 43.107670239241848 ], [ 131.163506646946985, 43.067615640652178 ], [ 131.130599014666501, 43.02432725670559 ], [ 131.137180541122603, 42.9858230496815 ], [ 131.143762067578706, 42.95853463510521 ], [ 131.132792856818526, 42.928021491017333 ], [ 131.088916013777833, 42.913562618106134 ], [ 131.051620697193215, 42.911955867221728 ], [ 131.029682275672883, 42.886242156237792 ], [ 131.036263802128985, 42.857301414124443 ], [ 130.843205692749933, 42.86212581354814 ], [ 130.77739042818888, 42.884634693258029 ], [ 130.729125900844139, 42.854084938424535 ], [ 130.669892162739188, 42.842825954167274 ], [ 130.617239951090369, 42.850868295192335 ], [ 130.577750792353697, 42.834782566096273 ], [ 130.529486265008956, 42.817083426847994 ], [ 130.487803264120259, 42.802598543798567 ], [ 130.441732578927571, 42.778449534190273 ], [ 130.406631104495034, 42.74945828594997 ], [ 130.397855735886878, 42.720453471403992 ], [ 130.426375683863284, 42.697884792723379 ], [ 130.457089473991829, 42.689822561707977 ], [ 130.520710896400828, 42.691435091640571 ], [ 130.562393897289468, 42.680146502967588 ], [ 130.597495371722033, 42.647882089628652 ], [ 130.617239951090369, 42.609142692015631 ], [ 130.615046108938316, 42.57845690447347 ], [ 130.593107687417984, 42.560684543042584 ], [ 130.571169265897652, 42.554220610683871 ], [ 130.584332318809828, 42.528358185717678 ], [ 130.615046108938316, 42.492779860505784 ], [ 130.632596846154627, 42.463655259160603 ], [ 130.661116794131033, 42.428040116314044 ], [ 130.677570610271289, 42.386733593844838 ], [ 130.689636742107467, 42.353506668273106 ], [ 130.694024426411545, 42.325939301666089 ], [ 130.7001953125, 42.29511139530662 ], [ 130.672753906250023, 42.311395574994116 ], [ 130.6625, 42.32081940311911 ], [ 130.659912109375, 42.33417389530662 ], [ 130.660253906250034, 42.35944244999412 ], [ 130.656347656250034, 42.383490301556613 ], [ 130.6455078125, 42.40106842655662 ], [ 130.628320312500023, 42.415057684369117 ], [ 130.605566406250006, 42.420843817181613 ], [ 130.587158203125, 42.432245184369108 ], [ 130.575439453124972, 42.44599030155662 ], [ 130.558496093750023, 42.48292877811911 ], [ 130.554443359374972, 42.48786041874412 ], [ 130.549707031250023, 42.490668035931613 ], [ 130.545800781249994, 42.495550848431627 ], [ 130.544189453124972, 42.506537176556613 ], [ 130.542382812500023, 42.51080963749412 ], [ 130.530517578124972, 42.530707098431613 ], [ 130.52490234375, 42.54950592655662 ], [ 130.519238281250011, 42.58888580936911 ], [ 130.51611328125, 42.599627996869117 ], [ 130.501074218750034, 42.610956121869123 ], [ 130.48388671875, 42.610296942181627 ], [ 130.467480468750011, 42.60065338749412 ], [ 130.454833984374972, 42.585394598431613 ], [ 130.470800781250034, 42.570013739056613 ], [ 130.4677734375, 42.55519440311911 ], [ 130.4521484375, 42.54962799686912 ], [ 130.430908203124972, 42.561786199994117 ], [ 130.425976562499983, 42.572333074994127 ], [ 130.4296875, 42.59174225468162 ], [ 130.427441406250011, 42.599627996869117 ], [ 130.420117187500011, 42.604559637494113 ], [ 130.412597656249972, 42.604925848431613 ], [ 130.403515625000011, 42.604315496869113 ], [ 130.392675781250034, 42.606463934369117 ], [ 130.324462890625, 42.650506903119101 ], [ 130.316894531249972, 42.667596746869108 ], [ 130.262304687500034, 42.708856512494116 ], [ 130.24267578125, 42.743597723431613 ], [ 130.241943359375, 42.782294012494127 ], [ 130.256103515625, 42.867132879681613 ], [ 130.238476562500011, 42.902533270306613 ], [ 130.193457031250034, 42.908465887494117 ], [ 130.140136718749972, 42.907342840619123 ], [ 130.098535156250023, 42.921747137494101 ], [ 130.111328125, 42.929315496869116 ], [ 130.122314453125, 42.94354889530662 ], [ 130.130273437500023, 42.95973541874411 ], [ 130.133300781249972, 42.97296784061912 ], [ 130.121337890625, 42.982123114056606 ], [ 130.094140625000023, 42.977167059369123 ], [ 130.046972656250034, 42.962103582806613 ], [ 130.008056640625, 42.96076080936912 ], [ 129.995507812500023, 42.962103582806613 ], [ 129.98125, 42.966986395306627 ], [ 129.971435546875, 42.973944403119113 ], [ 129.94140625, 43.00385162968162 ], [ 129.933691406250006, 43.008661199994108 ], [ 129.92041015625, 43.010565496869113 ], [ 129.908935546875, 43.008734442181613 ], [ 129.890380859375, 42.99970123905662 ], [ 129.87939453125, 42.99628327030662 ], [ 129.8837890625, 42.98871491093162 ], [ 129.889746093750034, 42.983026434369108 ], [ 129.8974609375, 42.978949285931613 ], [ 129.906738281249972, 42.976385809369113 ], [ 129.893066406249972, 42.971795965619116 ], [ 129.862890625000034, 42.969305731244113 ], [ 129.8515625, 42.962103582806613 ], [ 129.847265625000034, 42.951532293744108 ], [ 129.846289062500034, 42.928485418744117 ], [ 129.841210937500023, 42.91803619999412 ], [ 129.833984375, 42.90773346561911 ], [ 129.798828125, 42.83685944218162 ], [ 129.794824218750023, 42.806708074994127 ], [ 129.789160156250006, 42.79274323124411 ], [ 129.773046875000034, 42.76715729374412 ], [ 129.760937499999983, 42.74635651249411 ], [ 129.756933593750006, 42.73493073124412 ], [ 129.75537109375, 42.722528387494116 ], [ 129.75732421875, 42.703924871869113 ], [ 129.764160156249972, 42.697088934369113 ], [ 129.774121093749983, 42.693622137494117 ], [ 129.786376953125, 42.685003973431613 ], [ 129.787207031250034, 42.677069403119127 ], [ 129.77890625, 42.670599676556613 ], [ 129.77197265625, 42.661932684369113 ], [ 129.776367187499972, 42.64740631718162 ], [ 129.750683593749983, 42.643182684369108 ], [ 129.741308593750006, 42.629266668744116 ], [ 129.745996093750023, 42.615741278119103 ], [ 129.7626953125, 42.612665106244123 ], [ 129.7626953125, 42.606463934369117 ], [ 129.736328125, 42.585394598431613 ], [ 129.73125, 42.551214910931613 ], [ 129.7333984375, 42.512030340619113 ], [ 129.728515625, 42.47614166874412 ], [ 129.703027343750023, 42.442694403119127 ], [ 129.670898437499972, 42.43817780155662 ], [ 129.63330078125, 42.445672918744116 ], [ 129.591406250000034, 42.448187567181613 ], [ 129.5953125, 42.435907293744116 ], [ 129.59423828125, 42.422479559369108 ], [ 129.58740234375, 42.41163971561911 ], [ 129.56298828125, 42.404364324994127 ], [ 129.559814453125, 42.39704010624412 ], [ 129.559082031249972, 42.38722565311911 ], [ 129.553808593750034, 42.37714264530662 ], [ 129.545019531250034, 42.371527410931613 ], [ 129.534912109375, 42.36981842655662 ], [ 129.526562499999983, 42.373358465619113 ], [ 129.523193359375, 42.383612371869113 ], [ 129.516699218750006, 42.391180731244113 ], [ 129.488476562499983, 42.402777410931613 ], [ 129.482177734375, 42.41095612186912 ], [ 129.433837890624972, 42.44135162968162 ], [ 129.418554687500034, 42.441278387494116 ], [ 129.405859375000034, 42.43622467655662 ], [ 129.395117187500006, 42.43048737186912 ], [ 129.385937500000011, 42.42829010624412 ], [ 129.371777343749983, 42.43280670780662 ], [ 129.362890625000034, 42.445257879681613 ], [ 129.351757812500011, 42.448187567181613 ], [ 129.33984375, 42.445672918744116 ], [ 129.338281250000023, 42.438592840619108 ], [ 129.343457031249983, 42.429461981244117 ], [ 129.351757812500011, 42.420843817181613 ], [ 129.3375, 42.414667059369116 ], [ 129.326269531250006, 42.42706940311912 ], [ 129.315136718750011, 42.422552801556613 ], [ 129.306738281250006, 42.40790436405662 ], [ 129.303417968750011, 42.38983795780662 ], [ 129.296386718749972, 42.387518621869127 ], [ 129.242773437500034, 42.37897369999412 ], [ 129.235742187500023, 42.37457916874412 ], [ 129.23095703125, 42.36793854374411 ], [ 129.227636718750034, 42.35944244999412 ], [ 129.228271484375, 42.350458074994123 ], [ 129.23388671875, 42.34674713749412 ], [ 129.239990234375, 42.344305731244113 ], [ 129.241943359375, 42.33893463749412 ], [ 129.235937500000034, 42.32416412968162 ], [ 129.225976562500023, 42.318426824994113 ], [ 129.193603515624972, 42.318426824994113 ], [ 129.193603515624972, 42.31098053593162 ], [ 129.203320312500011, 42.310370184369127 ], [ 129.212304687500023, 42.30805084843162 ], [ 129.220312500000034, 42.303900457806613 ], [ 129.227636718750034, 42.297967840619108 ], [ 129.216015625000011, 42.291327215619127 ], [ 129.213867187499972, 42.283954168744117 ], [ 129.214648437500017, 42.275946356244113 ], [ 129.2109375, 42.26727936405662 ], [ 129.20263671875, 42.263006903119113 ], [ 129.191894531249972, 42.26007721561912 ], [ 129.18310546875, 42.254754949994116 ], [ 129.180566406250023, 42.243353582806627 ], [ 129.186621093750034, 42.23627350468162 ], [ 129.209082031250006, 42.23493073124412 ], [ 129.214111328125, 42.22601959843162 ], [ 129.2109375, 42.22023346561911 ], [ 129.203857421875, 42.21454498905662 ], [ 129.195996093750011, 42.209491278119117 ], [ 129.177441406250011, 42.193670965619127 ], [ 129.147558593750006, 42.173944403119123 ], [ 129.11962890625, 42.149603582806613 ], [ 129.105175781249983, 42.142352606244124 ], [ 129.088281250000023, 42.143426824994116 ], [ 129.064453125, 42.15399811405662 ], [ 129.063232421875, 42.136346746869116 ], [ 129.053125, 42.123065496869124 ], [ 129.026269531250023, 42.102167059369123 ], [ 129.008691406250023, 42.095282293744113 ], [ 128.984765625000023, 42.093133856244116 ], [ 128.963623046875, 42.088812567181613 ], [ 128.95458984375, 42.07545807499411 ], [ 128.939697265625, 42.035589910931613 ], [ 128.903320312499972, 42.026556707806627 ], [ 128.816796875000023, 42.044134832806613 ], [ 128.720605468750023, 42.047870184369117 ], [ 128.708984375, 42.03046295780662 ], [ 128.682226562500006, 42.025995184369116 ], [ 128.607519531250034, 42.03046295780662 ], [ 128.597363281250011, 42.027411199994113 ], [ 128.58740234375, 42.02020905155662 ], [ 128.573339843750034, 42.00458405155662 ], [ 128.564062500000034, 42.00104401249412 ], [ 128.552978515625, 42.006903387494127 ], [ 128.543457031249972, 42.008319403119117 ], [ 128.510378434320415, 41.998728746095047 ], [ 128.499991489781451, 41.998728746095047 ], [ 128.485595696785481, 41.998728746095047 ], [ 128.45361328125, 42.010614324994123 ], [ 128.407324218750034, 42.00861237186912 ], [ 128.368551745254734, 42.00560097816993 ], [ 128.324674902214042, 42.00804622957704 ], [ 128.290670348857532, 42.009676344966834 ], [ 128.242954282050732, 42.008861292493471 ], [ 128.21004664977022, 42.006008526597981 ], [ 128.178784399103705, 42.006416072415263 ], [ 128.13216525337296, 42.006008526597981 ], [ 128.104742226472553, 42.004785873481723 ], [ 128.060865383431889, 41.985627907133079 ], [ 128.06799537042599, 41.968095354610242 ], [ 128.074576896882036, 41.926079148566679 ], [ 128.090576171875, 41.917499090619117 ], [ 128.093994140625, 41.901727606244108 ], [ 128.099707031250034, 41.888861395306627 ], [ 128.100830078125, 41.87579987186912 ], [ 128.090576171875, 41.859149481244117 ], [ 128.090722656249994, 41.84198639530662 ], [ 128.096582031250023, 41.82282135624412 ], [ 128.14404296875, 41.754999090619108 ], [ 128.154541015625, 41.73395416874412 ], [ 128.158789062500034, 41.712030340619116 ], [ 128.185644531250034, 41.693182684369113 ], [ 128.223876953125, 41.66969635624411 ], [ 128.250585937500006, 41.660419012494124 ], [ 128.268652343750034, 41.643622137494127 ], [ 128.28125, 41.62323639530662 ], [ 128.283105468749994, 41.605292059369127 ], [ 128.302734374999972, 41.583685614056613 ], [ 128.287353515625, 41.544940496869124 ], [ 128.185302734375, 41.404730535931613 ], [ 128.145898437500023, 41.37653229374412 ], [ 128.103613281250006, 41.37933991093162 ], [ 128.117919921875, 41.39362213749412 ], [ 128.103613281250006, 41.39984772343162 ], [ 128.087890625, 41.38917877811911 ], [ 128.06396484375, 41.388617254681627 ], [ 128.046484375000034, 41.398993231244113 ], [ 128.050195312500023, 41.420965887494113 ], [ 128.033300781250034, 41.413934637494108 ], [ 128.023535156250034, 41.411737371869116 ], [ 128.014892578125, 41.41351959843162 ], [ 128.011328125000034, 41.42462799686912 ], [ 128.012939453124972, 41.44257233280662 ], [ 128.01220703125, 41.460321356244116 ], [ 128.001220703125, 41.471063543744116 ], [ 127.992431640625, 41.461371160931627 ], [ 127.984277343750023, 41.454217840619116 ], [ 127.973876953125, 41.45062897343162 ], [ 127.94384765625, 41.471063543744116 ], [ 127.903320312500014, 41.466498114056613 ], [ 127.88125, 41.461127020306606 ], [ 127.871484375, 41.453973699994116 ], [ 127.86474609375, 41.437616278119116 ], [ 127.848535156250037, 41.431586004681613 ], [ 127.828515625, 41.43414948124412 ], [ 127.81005859375, 41.443793035931627 ], [ 127.784423828124986, 41.437127996869108 ], [ 127.689941406249972, 41.43915436405662 ], [ 127.662353515624972, 41.447211004681613 ], [ 127.65771484375, 41.446795965619117 ], [ 127.646679687500011, 41.43317291874412 ], [ 127.638183593749986, 41.43012116093162 ], [ 127.630371093749972, 41.433050848431613 ], [ 127.597070312499994, 41.45062897343162 ], [ 127.558593749999972, 41.45851471561911 ], [ 127.544433593749972, 41.46906159061912 ], [ 127.542480468749986, 41.491522528119113 ], [ 127.503081016277093, 41.470705108449721 ], [ 127.488821042288862, 41.457553105251485 ], [ 127.454816488932295, 41.451798265030135 ], [ 127.430684225259924, 41.44110935005753 ], [ 127.397776592979412, 41.445220679591181 ], [ 127.37803201361109, 41.460841356137934 ], [ 127.331961328418359, 41.465773419861208 ], [ 127.29247216968173, 41.474814562373091 ], [ 127.250789168793091, 41.475636421895459 ], [ 127.238723036956856, 41.512609314258064 ], [ 127.209106167904409, 41.522465187861343 ], [ 127.19155543068814, 41.532319560560296 ], [ 127.13623046875, 41.569452215619108 ], [ 127.157470703124986, 41.578876043744117 ], [ 127.179443359374986, 41.58539459843162 ], [ 127.169617009167766, 41.612740749983402 ], [ 127.130127850431165, 41.635699841090485 ], [ 127.112577113214869, 41.64717632089247 ], [ 127.092832533846575, 41.666845530871377 ], [ 127.076416015624986, 41.681024481244108 ], [ 127.06796875, 41.693866278119117 ], [ 127.046484375000048, 41.719549871869113 ], [ 127.042236328125, 41.732855535931613 ], [ 127.032714843749986, 41.731878973431606 ], [ 126.980859375000023, 41.763544012494123 ], [ 126.958300781249989, 41.767035223431613 ], [ 126.94580078125, 41.76642487186912 ], [ 126.9404296875, 41.771991278119117 ], [ 126.939160156250011, 41.79401276249412 ], [ 126.929589843750009, 41.801336981244127 ], [ 126.908203125000014, 41.796405340619117 ], [ 126.886816406250034, 41.78517487186911 ], [ 126.877197265625, 41.773797918744108 ], [ 126.864355468750034, 41.74750397343162 ], [ 126.808496093750009, 41.730047918744113 ], [ 126.795800781250037, 41.705267645306606 ], [ 126.788183593750034, 41.696161199994116 ], [ 126.771093750000034, 41.704779364056613 ], [ 126.741210937499972, 41.729437567181627 ], [ 126.726953125, 41.737176824994116 ], [ 126.712158203124986, 41.741522528119113 ], [ 126.696533203124986, 41.741522528119113 ], [ 126.679101562500009, 41.736273504681613 ], [ 126.686914062500023, 41.72431061405662 ], [ 126.699316406250006, 41.716669012494108 ], [ 126.713867187500014, 41.710223699994117 ], [ 126.727539062499972, 41.70148346561912 ], [ 126.7119140625, 41.694452215619116 ], [ 126.679785156250034, 41.67213776249411 ], [ 126.668945312499986, 41.667352606244108 ], [ 126.633691406250037, 41.668890692181613 ], [ 126.617578125000023, 41.666205145306613 ], [ 126.60166015625002, 41.64227936405662 ], [ 126.566796875, 41.614325262494113 ], [ 126.566162109374972, 41.602167059369116 ], [ 126.576904296875, 41.588495184369108 ], [ 126.58046875, 41.57545807499411 ], [ 126.576904296875, 41.562030340619117 ], [ 126.558398437499989, 41.53436920780662 ], [ 126.541992187499986, 41.489203192181606 ], [ 126.507226562499994, 41.44745514530662 ], [ 126.500976562499986, 41.43463776249412 ], [ 126.507812499999986, 41.409442449994117 ], [ 126.521875, 41.377801824994116 ], [ 126.52197265625, 41.35224030155662 ], [ 126.48740234375002, 41.344598699994123 ], [ 126.48740234375002, 41.352069403119117 ], [ 126.493554687500023, 41.35504791874412 ], [ 126.496191406250006, 41.358270574994116 ], [ 126.497949218749994, 41.36200592655662 ], [ 126.500976562499986, 41.36627838749412 ], [ 126.472167968749972, 41.366717840619117 ], [ 126.440673828125, 41.348651434369117 ], [ 126.391113281250014, 41.30365631718162 ], [ 126.38037109375, 41.29108307499412 ], [ 126.35693359375, 41.249627996869116 ], [ 126.345800781250034, 41.23786041874412 ], [ 126.320800781249986, 41.219110418744116 ], [ 126.309179687500034, 41.208075262494113 ], [ 126.284082031250037, 41.164374090619113 ], [ 126.274414062499986, 41.15277741093162 ], [ 126.260498046875, 41.14337799686912 ], [ 126.147070312500034, 41.092474676556627 ], [ 126.123535156249957, 41.07575104374412 ], [ 126.13779296875002, 41.057245184369116 ], [ 126.126074218750034, 41.04340241093162 ], [ 126.111083984374986, 41.032733465619124 ], [ 126.100976562500037, 41.022284246869113 ], [ 126.103759765624972, 41.00946686405662 ], [ 126.093164062500023, 41.006463934369116 ], [ 126.083496093749972, 41.002752996869113 ], [ 126.075439453125, 40.997333074994117 ], [ 126.069042968750011, 40.98956940311912 ], [ 126.071533203125, 40.980829168744116 ], [ 126.065673828124972, 40.968866278119108 ], [ 126.045117187500011, 40.94489166874412 ], [ 126.028222656249994, 40.93549225468162 ], [ 126.009033203125, 40.932928778119113 ], [ 125.991796875000034, 40.928583074994116 ], [ 125.980175781250011, 40.913836981244117 ], [ 125.996191406250006, 40.915155340619108 ], [ 125.997146844589111, 40.915081845891372 ], [ 125.997146844589111, 40.89534764598811 ], [ 125.994726562500034, 40.89435455936912 ], [ 125.9638671875, 40.891546942181627 ], [ 125.94921875, 40.88283112186911 ], [ 125.9359375, 40.87763092655662 ], [ 125.923583984375, 40.884295965619117 ], [ 125.912011718750009, 40.89435455936912 ], [ 125.901123046874986, 40.899603582806613 ], [ 125.884863281250034, 40.897723699994117 ], [ 125.872460937500037, 40.892938543744116 ], [ 125.831347656249989, 40.871039129681627 ], [ 125.821679687500023, 40.86994049686912 ], [ 125.77880859375, 40.88483307499412 ], [ 125.7705078125, 40.886419989056613 ], [ 125.760498046875014, 40.885931707806613 ], [ 125.754492187499991, 40.881903387494113 ], [ 125.75048828125, 40.87494537968162 ], [ 125.745361328124986, 40.868353582806613 ], [ 125.736523437499983, 40.86542389530662 ], [ 125.706054687500014, 40.86066315311912 ], [ 125.682861328125014, 40.848211981244127 ], [ 125.644433593750009, 40.81080963749411 ], [ 125.67294921875002, 40.784369207806613 ], [ 125.682373046875, 40.76911041874412 ], [ 125.668359375000037, 40.76239655155662 ], [ 125.609765625000023, 40.761493231244117 ], [ 125.607910156249986, 40.76434967655662 ], [ 125.60009765625, 40.772967840619117 ], [ 125.586181640624972, 40.782098699994108 ], [ 125.571533203125014, 40.78510162968162 ], [ 125.559814453125, 40.778631903119113 ], [ 125.555078125000023, 40.758978582806613 ], [ 125.553125, 40.737372137494127 ], [ 125.546289062499994, 40.72614166874412 ], [ 125.532714843750014, 40.722040106244116 ], [ 125.491455078124986, 40.721210028119117 ], [ 125.478515625, 40.719012762494117 ], [ 125.46875, 40.71315338749411 ], [ 125.459472656249986, 40.70160553593162 ], [ 125.45654296875, 40.693915106244113 ], [ 125.4560546875, 40.67995026249411 ], [ 125.452636718749986, 40.673651434369127 ], [ 125.443359375, 40.669012762494113 ], [ 125.425976562499969, 40.67145416874412 ], [ 125.418457031249986, 40.66681549686912 ], [ 125.41464843750002, 40.652167059369113 ], [ 125.416894531250023, 40.639520574994108 ], [ 125.412988281250037, 40.63202545780662 ], [ 125.390625, 40.632635809369127 ], [ 125.38427734375, 40.63532135624412 ], [ 125.372167968750034, 40.644159246869116 ], [ 125.36328125, 40.64691803593162 ], [ 125.355712890624986, 40.64630768436912 ], [ 125.33642578125, 40.641376043744124 ], [ 125.326562500000023, 40.64264557499412 ], [ 125.3140625, 40.650018621869108 ], [ 125.293212890624972, 40.65082428593162 ], [ 125.275634765625014, 40.645086981244127 ], [ 125.266796875, 40.631903387494113 ], [ 125.258203125000037, 40.62152741093162 ], [ 125.240478515625014, 40.61347077030662 ], [ 125.217285156249986, 40.605414129681613 ], [ 125.187109375000034, 40.59870026249412 ], [ 125.155175781250037, 40.589227606244108 ], [ 125.137207031249986, 40.57697174686912 ], [ 125.119140625, 40.565619207806613 ], [ 125.101562499999986, 40.558783270306627 ], [ 125.079589843749972, 40.552020574994117 ], [ 125.053320312500034, 40.547674871869127 ], [ 125.034765625, 40.539618231244127 ], [ 125.014404296874972, 40.52558014530662 ], [ 125.009960937499997, 40.509784246869117 ], [ 125.02880859375, 40.49103424686912 ], [ 125.041015625000014, 40.474969793744108 ], [ 125.034765625, 40.462103582806627 ], [ 125.013671875, 40.457635809369116 ], [ 124.988671875000023, 40.458075262494106 ], [ 124.971582031250023, 40.453924871869113 ], [ 124.959228515624972, 40.453924871869113 ], [ 124.935058593749986, 40.45582916874411 ], [ 124.925683593750009, 40.458124090619108 ], [ 124.917675781250011, 40.46137116093162 ], [ 124.914941406249994, 40.466131903119113 ], [ 124.9052734375, 40.47675202030662 ], [ 124.895117187500034, 40.483905340619124 ], [ 124.89023437500002, 40.478094793744113 ], [ 124.883496093749997, 40.46576569218162 ], [ 124.849511718750037, 40.43183014530662 ], [ 124.800537109375014, 40.394305731244117 ], [ 124.779541015625014, 40.38373444218162 ], [ 124.756591796875, 40.37946198124412 ], [ 124.740820312500048, 40.37055084843162 ], [ 124.730957031250014, 40.349969793744116 ], [ 124.722949218749989, 40.326971746869113 ], [ 124.712158203124986, 40.310492254681627 ], [ 124.692578124999983, 40.30304596561912 ], [ 124.64218750000002, 40.29450104374412 ], [ 124.626855468750009, 40.28632233280662 ], [ 124.610839843749986, 40.272406317181613 ], [ 124.570556640625, 40.252630926556613 ], [ 124.554443359374986, 40.24164459843162 ], [ 124.551513671874972, 40.236395574994113 ], [ 124.549902343750034, 40.224969793744116 ], [ 124.548339843749972, 40.22113678593162 ], [ 124.542871093749994, 40.217840887494113 ], [ 124.531982421875, 40.21625397343162 ], [ 124.527832031250014, 40.214374090619117 ], [ 124.38525390625, 40.11066315311912 ], [ 124.37021484375002, 40.098260809369116 ], [ 124.364789817791404, 40.077729562808713 ], [ 124.362595975639351, 40.050025941785684 ], [ 124.374662107475501, 40.024831056767788 ], [ 124.352723685955169, 39.997946253254518 ], [ 124.329688343358825, 39.979456808440332 ], [ 124.295683790002258, 39.960962359365624 ], [ 124.278133052786018, 39.933211304019359 ], [ 124.249613104809555, 39.907131877058738 ], [ 124.24193465727744, 39.887776206842432 ], [ 124.207916259766094, 39.890975952148438 ], [ 124.206802368164176, 39.867919921875 ], [ 124.162086486816634, 39.851535797119247 ], [ 124.156806945800881, 39.814865112304695 ], [ 124.127906799316364, 39.844585418701229 ], [ 124.134582519531222, 39.829032897949276 ], [ 124.090141296386719, 39.828475952148494 ], [ 123.999862670898551, 39.799865722656314 ], [ 123.99624633789071, 39.814865112304695 ], [ 123.982086181641051, 39.815975189209034 ], [ 123.981246948242188, 39.805133819580128 ], [ 123.975692749023438, 39.82347488403331 ], [ 123.967918395996321, 39.808475494384759 ], [ 123.973747253418082, 39.831531524658139 ], [ 123.963195800781691, 39.845703125000107 ], [ 123.949302673339844, 39.815975189209034 ], [ 123.945968627929688, 39.827922821044915 ], [ 123.920967102050781, 39.827644348144531 ], [ 123.921806335449688, 39.836814880371087 ], [ 123.876525878906236, 39.827365875244141 ], [ 123.869583129882926, 39.856533050537116 ], [ 123.822357177734375, 39.855140686035156 ], [ 123.781517028808594, 39.828475952148494 ], [ 123.776260375976761, 39.839313507080192 ], [ 123.755966186523438, 39.83347320556652 ], [ 123.742919921875128, 39.842361450195312 ], [ 123.719306945800895, 39.827922821044915 ], [ 123.660415649414048, 39.855976104736328 ], [ 123.606246948242188, 39.845420837402344 ], [ 123.612922668457017, 39.837921142578068 ], [ 123.602638244628892, 39.825141906738224 ], [ 123.592086791992315, 39.830703735351562 ], [ 123.555694580078111, 39.812088012695369 ], [ 123.549308776855938, 39.799324035644595 ], [ 123.566528320312599, 39.783752441406193 ], [ 123.562637329101761, 39.766807556152344 ], [ 123.546249389648892, 39.756252288818366 ], [ 123.558746337890625, 39.779865264892564 ], [ 123.546249389648892, 39.794860839843743 ], [ 123.470138549804886, 39.789859771728572 ], [ 123.475692749023523, 39.772361755371094 ], [ 123.457641601562486, 39.758190155029354 ], [ 123.470413208008125, 39.745689392089901 ], [ 123.452079772949318, 39.747638702392578 ], [ 123.440406799316506, 39.731250762939453 ], [ 123.407913208008026, 39.737079620361435 ], [ 123.405136108398395, 39.756248474121207 ], [ 123.419586181640867, 39.754581451416065 ], [ 123.420417785644645, 39.745140075683651 ], [ 123.434303283691506, 39.752361297607528 ], [ 123.409858703613509, 39.777641296386662 ], [ 123.40569305419929, 39.814029693603509 ], [ 123.303192138671861, 39.796260833740234 ], [ 123.277084350586009, 39.814582824707088 ], [ 123.26069641113304, 39.795139312744134 ], [ 123.266250610352003, 39.782435899022929 ], [ 123.265975952148438, 39.75485992431647 ], [ 123.227912902832458, 39.752639770507919 ], [ 123.233985900879134, 39.740699768066399 ], [ 123.20236206054733, 39.736804962158253 ], [ 123.193748474121321, 39.720981597900447 ], [ 123.243186950683693, 39.738471984863338 ], [ 123.266532897949233, 39.720138549804744 ], [ 123.26374816894554, 39.707920074462997 ], [ 123.277915954589844, 39.704303741455021 ], [ 123.275138854980483, 39.693195343017685 ], [ 123.21791839599608, 39.700698852539119 ], [ 123.205970764160384, 39.687358856201172 ], [ 123.21930694580098, 39.682918548584091 ], [ 123.204582214355455, 39.673469543457145 ], [ 123.164306640625014, 39.674861907959034 ], [ 123.135696411132827, 39.653469085693416 ], [ 123.134307861328239, 39.667083740234375 ], [ 123.099296569824219, 39.686531066894524 ], [ 123.088752746582358, 39.687641143798885 ], [ 123.078475952148409, 39.670421600341797 ], [ 123.039863586425881, 39.682083129882756 ], [ 123.027641296387173, 39.674861907959034 ], [ 123.033470153808608, 39.665695190429688 ], [ 123.005973815918281, 39.681804656982358 ], [ 123.004028320312599, 39.662639617919972 ], [ 122.997174920748975, 39.669493242520232 ], [ 122.997174920748975, 39.651048860602131 ], [ 122.96346282958983, 39.629310607910149 ], [ 122.965690612793054, 39.621818542480405 ], [ 122.955139160156477, 39.625968933105575 ], [ 122.959861755371094, 39.633193969726612 ], [ 122.940406799316406, 39.634860992431754 ], [ 122.92652893066429, 39.627639770507876 ], [ 122.934028625488381, 39.62125015258794 ], [ 122.860969543457003, 39.6070785522462 ], [ 122.845138549804673, 39.622360229492294 ], [ 122.834861755371207, 39.597915649414169 ], [ 122.805419921875227, 39.585414886474659 ], [ 122.782638549804688, 39.607082366943366 ], [ 122.751525878906563, 39.607082366943366 ], [ 122.756248474121207, 39.585971832275455 ], [ 122.777359008789176, 39.583751678466911 ], [ 122.777915954590043, 39.571804046630845 ], [ 122.751251220703324, 39.556804656982479 ], [ 122.739585876465085, 39.562641143798821 ], [ 122.726524353027472, 39.546806335449332 ], [ 122.701797485351534, 39.551811218261662 ], [ 122.681251525879105, 39.514862060546868 ], [ 122.664016723632812, 39.526248931884822 ], [ 122.655693054199418, 39.559028625488395 ], [ 122.656524658203239, 39.533473968505859 ], [ 122.62958526611375, 39.516803741455185 ], [ 122.636528015136705, 39.502361297607415 ], [ 122.632652282714957, 39.49346923828125 ], [ 122.617637634277685, 39.495971679687493 ], [ 122.62319183349608, 39.487361907959041 ], [ 122.621528625488381, 39.48125076293951 ], [ 122.605140686035369, 39.491249084472713 ], [ 122.572082519531264, 39.46485900878907 ], [ 122.563751220703352, 39.480419158935547 ], [ 122.532931620842419, 39.515595827032477 ], [ 122.460534829825278, 39.529134048583145 ], [ 122.394719565264239, 39.525749740609911 ], [ 122.320128932095059, 39.515595827032477 ], [ 122.219212193101441, 39.507133098458027 ], [ 122.140233875628198, 39.507133098458027 ], [ 122.100744716891555, 39.520672969378481 ], [ 122.074418611067173, 39.54774479386743 ], [ 122.05906171600293, 39.556202573880505 ], [ 122.039317136634608, 39.539285982792371 ], [ 122.026154083722403, 39.513903363782781 ], [ 121.966920345617439, 39.508825726637149 ], [ 121.95814497700934, 39.476658741161742 ], [ 121.922073364257784, 39.442359924316399 ], [ 121.92041778564473, 39.432922363281307 ], [ 121.908470153808679, 39.440975189209041 ], [ 121.879585266113509, 39.431526184082024 ], [ 121.923469543457259, 39.40291976928723 ], [ 121.867362976074318, 39.405143737792912 ], [ 121.820137023925739, 39.376804351806761 ], [ 121.802085876464844, 39.390697479248168 ], [ 121.752639770507926, 39.381252288818352 ], [ 121.723457336425881, 39.407363891601612 ], [ 121.734580993652358, 39.428199768066527 ], [ 121.72902679443358, 39.454582214355469 ], [ 121.717918395996207, 39.440963745117301 ], [ 121.724029541015753, 39.463752746582031 ], [ 121.698196411133026, 39.469032287597599 ], [ 121.691802978515952, 39.465972900390739 ], [ 121.707641601562827, 39.437644958496151 ], [ 121.690414428711051, 39.417087554931634 ], [ 121.636802673340284, 39.43736648559576 ], [ 121.592918395996307, 39.432643890380973 ], [ 121.575141906738494, 39.414863586425724 ], [ 121.552360534668068, 39.428203582763729 ], [ 121.552635192871278, 39.415142059326278 ], [ 121.57208251953125, 39.39875411987299 ], [ 121.537086486816406, 39.398197174072259 ], [ 121.55069732666017, 39.381530761718743 ], [ 121.535697937011946, 39.379314422607408 ], [ 121.535697937011946, 39.362640380859368 ], [ 121.517356872558821, 39.36347579956054 ], [ 121.499580383300753, 39.376255035400391 ], [ 121.533752441406463, 39.383197784423885 ], [ 121.517082214355582, 39.40764236450201 ], [ 121.490692138672088, 39.417919158935604 ], [ 121.49208068847669, 39.454307556152457 ], [ 121.483192443847628, 39.438751220703125 ], [ 121.470138549804688, 39.437644958496151 ], [ 121.462356567383154, 39.452922821044865 ], [ 121.479576110839844, 39.456535339355518 ], [ 121.480697631835952, 39.475143432617124 ], [ 121.448471069335952, 39.484863281249936 ], [ 121.440689086914162, 39.511535644531364 ], [ 121.452079772949219, 39.522644042968743 ], [ 121.425415039062699, 39.509307861328118 ], [ 121.399017333984489, 39.512645721435547 ], [ 121.374313354492301, 39.532642364501896 ], [ 121.342636108398665, 39.527366638183707 ], [ 121.300697326660256, 39.490425109863281 ], [ 121.282913208007827, 39.515422821045036 ], [ 121.223197937011719, 39.515422821045036 ], [ 121.224029541015852, 39.545974731445376 ], [ 121.239028930664048, 39.54180526733392 ], [ 121.290702819824219, 39.576545715332088 ], [ 121.299316406250014, 39.602645874023494 ], [ 121.319580078125085, 39.593475341796932 ], [ 121.385696411132812, 39.600143432617237 ], [ 121.446807861328352, 39.618194580078068 ], [ 121.45958709716821, 39.632644653320433 ], [ 121.441528320312472, 39.646255493164062 ], [ 121.451805114746179, 39.65319442749017 ], [ 121.477912902832244, 39.65319442749017 ], [ 121.490135192871534, 39.635971069335938 ], [ 121.502639770507798, 39.651535034179794 ], [ 121.508750915527344, 39.630695343017585 ], [ 121.521247863769531, 39.631534576416072 ], [ 121.531517028809048, 39.59597396850581 ], [ 121.544860839843992, 39.597362518310547 ], [ 121.528472900391066, 39.624034881591797 ], [ 121.545974731445398, 39.614311218261776 ], [ 121.549018859863494, 39.632923126220824 ], [ 121.529296875000327, 39.642364501953246 ], [ 121.52569580078125, 39.656810760497983 ], [ 121.538749694824418, 39.658203125000107 ], [ 121.546516418457045, 39.675422668457031 ], [ 121.521804809570398, 39.702087402343864 ], [ 121.498466491699446, 39.685424804687557 ], [ 121.500419616699446, 39.709587097167969 ], [ 121.454582214355469, 39.742362976074162 ], [ 121.481796264648565, 39.756534576416122 ], [ 121.492637634277358, 39.775154113769645 ], [ 121.471809387207273, 39.795425415039062 ], [ 121.472640991211037, 39.808475494384759 ], [ 121.494857788086051, 39.812919616699325 ], [ 121.52986145019544, 39.846252441406371 ], [ 121.535972595215185, 39.866813659668026 ], [ 121.557083129883281, 39.85736465454108 ], [ 121.607360839843736, 39.865703582763672 ], [ 121.629028320312614, 39.879863739013736 ], [ 121.629859924316406, 39.89986419677745 ], [ 121.661247253417983, 39.901809692382763 ], [ 121.695968627929688, 39.929035186767564 ], [ 121.730140686035497, 39.913196563720696 ], [ 121.769859313964844, 39.913196563720696 ], [ 121.775695800781264, 39.927364349365284 ], [ 121.805969238281449, 39.941253662109489 ], [ 121.783470153808807, 39.944030761718743 ], [ 121.793472290039404, 39.956253051757869 ], [ 121.894302368164489, 39.99986267089843 ], [ 121.889862060547117, 40.01763916015625 ], [ 121.856529235840284, 40.008754730224609 ], [ 121.825691223144645, 40.027088165283203 ], [ 121.883468627929787, 40.038192749023381 ], [ 121.92764282226571, 40.072364807128899 ], [ 121.926528930664503, 40.095142364501953 ], [ 121.952079772949418, 40.108474731445369 ], [ 121.969017028808807, 40.102088928222592 ], [ 121.965141296386719, 40.112640380859382 ], [ 122.001808166503906, 40.129581451416072 ], [ 122.008468627929702, 40.16986083984375 ], [ 122.000419616699546, 40.180694580078125 ], [ 121.985412597656477, 40.179031372070369 ], [ 121.987640380859716, 40.186531066894645 ], [ 122.058746337890625, 40.196529388427784 ], [ 122.09792327880858, 40.23374938964843 ], [ 122.11180877685581, 40.276809692382805 ], [ 122.083473205566534, 40.291252136230582 ], [ 122.170135498046875, 40.333194732666016 ], [ 122.165969848633154, 40.342639923095817 ], [ 122.205696105957031, 40.377639770507926 ], [ 122.199584960937486, 40.418472290039176 ], [ 122.227355957031222, 40.419578552246151 ], [ 122.284309387207159, 40.469310760498153 ], [ 122.295410156250469, 40.465969085693366 ], [ 122.28791809082054, 40.487083435058651 ], [ 122.30124664306642, 40.474029541015618 ], [ 122.330696105957458, 40.474029541015618 ], [ 122.324028015137173, 40.52458190917968 ], [ 122.315696716308935, 40.522640228271541 ], [ 122.319030761718977, 40.506526947021598 ], [ 122.314582824707045, 40.522914886474716 ], [ 122.270973205566634, 40.522361755371151 ], [ 122.292640686035142, 40.499309539794915 ], [ 122.282356262207017, 40.497348785400504 ], [ 122.267082214355455, 40.523471832275497 ], [ 122.144027709961023, 40.607639312744141 ], [ 122.145141601562486, 40.627922058105582 ], [ 122.162635803222869, 40.649387359619247 ], [ 122.157363891601676, 40.680694580078182 ], [ 122.121528625488622, 40.683471679687507 ], [ 121.990692138672188, 40.766529083251953 ], [ 121.947364807129006, 40.780139923095753 ], [ 121.949584960937727, 40.794582366943359 ], [ 121.931526184082031, 40.819309234619254 ], [ 121.916526794433608, 40.819305419921868 ], [ 121.916259765625, 40.832920074462884 ], [ 121.904586791992401, 40.822639465332138 ], [ 121.928466796875014, 40.813480377197259 ], [ 121.923187255859347, 40.80319976806652 ], [ 121.855140686035384, 40.824031829834041 ], [ 121.820137023925739, 40.891799926757876 ], [ 121.831253051757827, 40.923194885253842 ], [ 121.80764007568358, 40.961250305175838 ], [ 121.781517028808821, 40.930141448974716 ], [ 121.794586181640739, 40.904579162597713 ], [ 121.761802673340171, 40.879306793212947 ], [ 121.732360839844191, 40.888198852539119 ], [ 121.756248474121193, 40.872638702392635 ], [ 121.749031066894844, 40.854579925537216 ], [ 121.727355957031449, 40.844310760498146 ], [ 121.709030151367188, 40.857639312744254 ], [ 121.660415649414176, 40.841526031494148 ], [ 121.638748168945312, 40.849590301513722 ], [ 121.647636413574304, 40.859859466552798 ], [ 121.644027709961165, 40.863471984863388 ], [ 121.623191833496065, 40.844581604004013 ], [ 121.614028930664034, 40.852359771728516 ], [ 121.59124755859375, 40.840415954589787 ], [ 121.543746948242301, 40.842918395996094 ], [ 121.525405883789304, 40.857360839843864 ], [ 121.545692443847742, 40.872360229492237 ], [ 121.52041625976571, 40.857917785644645 ], [ 121.521247863769531, 40.865970611572315 ], [ 121.495407104492188, 40.867630004882876 ], [ 121.495971679687514, 40.886531829833977 ], [ 121.478469848633026, 40.895694732666016 ], [ 121.45430755615233, 40.885700225830199 ], [ 121.428474426269744, 40.89041519165044 ], [ 121.426528930664048, 40.902641296386712 ], [ 121.412635803222898, 40.888469696044972 ], [ 121.392356872558921, 40.900138854980469 ], [ 121.362915039062941, 40.894584655761662 ], [ 121.342086791992301, 40.909580230712898 ], [ 121.347923278808551, 40.920700073242301 ], [ 121.321807861328097, 40.910415649414006 ], [ 121.259025573730824, 40.910972595214957 ], [ 121.248466491699688, 40.921249389648558 ], [ 121.254859924316406, 40.930973052978516 ], [ 121.250961303711065, 40.942359924316463 ], [ 121.245971679687727, 40.912361145019538 ], [ 121.231529235839844, 40.905971527099609 ], [ 121.2218017578125, 40.921531677246087 ], [ 121.196807861328139, 40.930419921875121 ], [ 121.187637329101676, 40.920970916748153 ], [ 121.187080383300781, 40.948749542236385 ], [ 121.183471679687585, 40.920700073242301 ], [ 121.165969848632812, 40.918750762939446 ], [ 121.14069366455098, 40.882083892822372 ], [ 121.128471374511946, 40.880142211914048 ], [ 121.135696411133026, 40.886249542236442 ], [ 121.132919311523438, 40.888198852539119 ], [ 121.117637634277457, 40.871250152587891 ], [ 121.098747253418438, 40.875141143798878 ], [ 121.074302673340085, 40.863193511963004 ], [ 121.080696105957387, 40.834579467773487 ], [ 121.060691833496094, 40.822921752929688 ], [ 121.07791900634777, 40.799304962158317 ], [ 121.067352294921861, 40.79708099365245 ], [ 121.074859619140739, 40.800140380859489 ], [ 121.063751220703111, 40.803195953369141 ], [ 121.057907104492386, 40.823471069335945 ], [ 121.00235748291017, 40.834026336669858 ], [ 120.997085571289503, 40.856803894043082 ], [ 120.977912902832045, 40.857082366943466 ], [ 120.968193054199205, 40.840419769287173 ], [ 120.973747253417955, 40.827919006347713 ], [ 120.952636718750441, 40.822639465332138 ], [ 120.960693359375114, 40.807350158691463 ], [ 120.948196411133054, 40.805141448974666 ], [ 120.945686340332017, 40.800689697265739 ], [ 120.98208618164098, 40.785968780517521 ], [ 120.953750610351676, 40.771804809570312 ], [ 120.934028625488267, 40.775138854980575 ], [ 120.924026489258267, 40.737361907958977 ], [ 120.937919616699318, 40.739311218261832 ], [ 120.945419311523438, 40.722358703613224 ], [ 120.994026184082486, 40.734310150146477 ], [ 121.022918701171861, 40.72319412231456 ], [ 121.02430725097679, 40.71208190917968 ], [ 121.004592895508168, 40.720420837402457 ], [ 120.997193638188875, 40.718818038444915 ], [ 120.997193638188875, 40.708352080198623 ], [ 120.965972900390867, 40.715141296386712 ], [ 120.937080383300739, 40.691532135009872 ], [ 120.82707977294946, 40.677639007568366 ], [ 120.825691223144503, 40.642639160156243 ], [ 120.799308776855568, 40.622081756591911 ], [ 120.805686950683594, 40.615699768066527 ], [ 120.792083740234489, 40.598194122314503 ], [ 120.779861450195298, 40.589584350586051 ], [ 120.75013732910169, 40.600971221923828 ], [ 120.766807556152571, 40.587638854980582 ], [ 120.74874877929733, 40.568470001220824 ], [ 120.660140991210923, 40.529861450195426 ], [ 120.672363281249986, 40.509860992431697 ], [ 120.661247253418097, 40.480693817138729 ], [ 120.603469848633168, 40.479583740234375 ], [ 120.609016418457031, 40.474578857421982 ], [ 120.584030151367188, 40.454029083252067 ], [ 120.600418090820668, 40.429580688476506 ], [ 120.569862365722656, 40.393199920654418 ], [ 120.590415954590071, 40.38347244262706 ], [ 120.590972900390739, 40.363471984863338 ], [ 120.497917175293153, 40.324859619140575 ], [ 120.489585876464972, 40.307083129882926 ], [ 120.496528625488281, 40.281528472900384 ], [ 120.489028930664404, 40.268199920654347 ], [ 120.482917785644659, 40.26736068725581 ], [ 120.477912902832145, 40.270420074462891 ], [ 120.476249694824546, 40.269584655761719 ], [ 120.501251220703139, 40.254032135009766 ], [ 120.442085266113381, 40.195415496826286 ], [ 120.315139770507784, 40.18736267089843 ], [ 119.77719164761794, 39.996843330165063 ], [ 119.780693054199219, 39.952079772949276 ] ] ] } }
]
}
