{
"type": "FeatureCollection",
"name": "manchukuo-provinces-v2",
"crs": { "type": "name", "properties": { "name": "urn:ogc:def:crs:OGC:1.3:CRS84" } },
"features": [
{ "type": "Feature", "properties": { "fid": 10, "Name": "North Xing'an", "Name_zh": "兴安北", "Name_old": "Hsing An Peh" }, "geometry": { "type": "MultiPolygon", "coordinates": [ [ [ [ 121.458496093750014, 53.320746160931613 ], [ 121.40537109375002, 53.317084051556606 ], [ 121.357421875, 53.324335028119101 ], [ 121.340576171875, 53.323919989056613 ], [ 121.328027343750023, 53.32025787968162 ], [ 121.299560546875, 53.30280182499412 ], [ 121.253173828124986, 53.28717682499412 ], [ 121.203125, 53.276971746869108 ], [ 121.1515625, 53.27472565311912 ], [ 121.0546875, 53.290228582806613 ], [ 120.87392578124998, 53.280462957806591 ], [ 120.845458984375, 53.27374909061912 ], [ 120.825683593750014, 53.262152410931606 ], [ 120.830078124999986, 53.24506256718162 ], [ 120.823632812500023, 53.23554108280662 ], [ 120.750878906250009, 53.20722077030662 ], [ 120.713769531250023, 53.18537018436912 ], [ 120.651757812500023, 53.123114324994113 ], [ 120.614355468750048, 53.097357489056606 ], [ 120.52744140625002, 53.056024481244116 ], [ 120.45, 53.008612371869113 ], [ 120.391601562499986, 52.957098699994106 ], [ 120.361816406250014, 52.93964264530662 ], [ 120.353759765625, 52.933465887494116 ], [ 120.34619140625, 52.923773504681613 ], [ 120.342187500000023, 52.915716864056591 ], [ 120.33701171875002, 52.90790436405662 ], [ 120.326416015624986, 52.899359442181598 ], [ 120.302001953124986, 52.891473699994087 ], [ 120.290283203125, 52.885614324994116 ], [ 120.28544921874996, 52.87511627811908 ], [ 120.279882812500034, 52.866156317181613 ], [ 120.266992187500023, 52.858417059369117 ], [ 120.252050781250034, 52.852972723431613 ], [ 120.219335937500034, 52.84523346561911 ], [ 120.177001953124972, 52.81818268436912 ], [ 120.155664062500023, 52.809344793744089 ], [ 120.065673828124986, 52.78351471561912 ], [ 120.046602221208587, 52.770448561242333 ], [ 120.058069754280098, 52.600418278773944 ], [ 120.234734678110385, 52.604620245824563 ], [ 120.24169921875, 52.607489324994098 ], [ 120.26083984375002, 52.611395574994113 ], [ 120.367285156250034, 52.617547918744116 ], [ 120.389160156249986, 52.622503973431606 ], [ 120.429589843750037, 52.636346746869108 ], [ 120.453613281249986, 52.639276434369123 ], [ 120.463623046874972, 52.636297918744098 ], [ 120.491455078125, 52.617547918744116 ], [ 120.539257812500011, 52.603876043744094 ], [ 120.608398437499986, 52.574286199994106 ], [ 120.654199218750009, 52.567254949994108 ], [ 120.70703125, 52.55060455936912 ], [ 120.7236328125, 52.54242584843162 ], [ 120.707763671875, 52.518426824994101 ], [ 120.704589843749986, 52.50946686405662 ], [ 120.703710937500006, 52.49811432499412 ], [ 120.701660156250014, 52.48895905155662 ], [ 120.692285156250009, 52.474920965619091 ], [ 120.690136718749997, 52.47040436405662 ], [ 120.690136718749997, 52.439398504681606 ], [ 120.68125, 52.42328522343162 ], [ 120.660058593750023, 52.399042059369101 ], [ 120.655957031250011, 52.381659246869113 ], [ 120.65185546875, 52.37274811405662 ], [ 120.642822265624986, 52.366571356244116 ], [ 120.63330078125, 52.362079168744103 ], [ 120.628027343750034, 52.358099676556606 ], [ 120.6259765625, 52.347113348431613 ], [ 120.628906249999972, 52.341131903119113 ], [ 120.63330078125, 52.335760809369127 ], [ 120.635498046874972, 52.326434637494117 ], [ 120.654541015625014, 52.29938385624412 ], [ 120.738769531249972, 52.25690338749412 ], [ 120.7578125, 52.237665106244108 ], [ 120.756738281250037, 52.228094793744098 ], [ 120.752050781250034, 52.212030340619123 ], [ 120.750878906250009, 52.203241278119094 ], [ 120.753417968749972, 52.19476959843162 ], [ 120.766357421874972, 52.179803778119123 ], [ 120.771484375, 52.171942449994113 ], [ 120.777148437499989, 52.16522858280662 ], [ 120.782958984374986, 52.162225653119094 ], [ 120.783935546875014, 52.15827057499412 ], [ 120.775097656250026, 52.148627020306613 ], [ 120.770898437500037, 52.141229559369108 ], [ 120.770898437500037, 52.13275787968162 ], [ 120.773925781249986, 52.124530340619103 ], [ 120.778906250000034, 52.117938543744117 ], [ 120.766357421874972, 52.108710028119098 ], [ 120.752636718749997, 52.08661530155662 ], [ 120.74462890625, 52.07692291874411 ], [ 120.731835937500023, 52.07050202030662 ], [ 120.7177734375, 52.06683991093162 ], [ 120.70546875, 52.061346746869106 ], [ 120.696875, 52.04901764530662 ], [ 120.695996093750026, 52.034735418744113 ], [ 120.700878906250011, 52.02313873905662 ], [ 120.707275390625, 52.012713934369117 ], [ 120.711181640624972, 52.001825262494101 ], [ 120.710546875, 51.988592840619113 ], [ 120.705566406249986, 51.980243231244096 ], [ 120.683398437499974, 51.959588934369108 ], [ 120.66647565762625, 51.932834890406127 ], [ 120.629022308616655, 51.906697788625891 ], [ 120.624609375, 51.905585028119106 ], [ 120.578515625000023, 51.908026434369113 ], [ 120.566015625000034, 51.905585028119106 ], [ 120.555761718750006, 51.898627020306606 ], [ 120.549072265624972, 51.890741278119116 ], [ 120.540917968750009, 51.883319403119103 ], [ 120.526269531249994, 51.877704168744103 ], [ 120.511474609374972, 51.87641022343162 ], [ 120.50185546874998, 51.877508856244113 ], [ 120.492919921875, 51.875921942181606 ], [ 120.480566406250048, 51.867132879681606 ], [ 120.475830078124986, 51.859393621869117 ], [ 120.47119140625, 51.849310614056613 ], [ 120.464648437500003, 51.840521551556591 ], [ 120.453613281249986, 51.836737371869113 ], [ 120.427246093749986, 51.833929754681627 ], [ 120.407958984374986, 51.826361395306606 ], [ 120.374121093750034, 51.80255768436912 ], [ 120.319042968750011, 51.776239324994116 ], [ 120.181152343749972, 51.68322174686908 ], [ 120.165283203125014, 51.668817449994094 ], [ 120.153564453124972, 51.66425202030662 ], [ 120.121972656250023, 51.66742584843162 ], [ 120.10791015625, 51.665399481244094 ], [ 120.100195312499991, 51.660223699994113 ], [ 120.085546875000034, 51.644647528119101 ], [ 120.064697265625, 51.61517975468162 ], [ 120.056396484374972, 51.59669830936911 ], [ 120.053222656250014, 51.577264715619116 ], [ 120.052636718750023, 51.552435614056613 ], [ 120.041894531250023, 51.53876373905662 ], [ 119.991943359374986, 51.503485418744113 ], [ 119.97705078125, 51.487323309369117 ], [ 119.973876953124986, 51.464422918744106 ], [ 119.980224609375, 51.453070379681613 ], [ 119.982421875, 51.44245026249412 ], [ 119.966894531250006, 51.422137762494103 ], [ 119.959863281250023, 51.412543035931606 ], [ 119.95664062500002, 51.40485260624412 ], [ 119.95263671875, 51.397967840619117 ], [ 119.942773437500023, 51.391058660931613 ], [ 119.895019531249972, 51.38422272343162 ], [ 119.899804687500009, 51.370477606244123 ], [ 119.912353515625, 51.349920965619106 ], [ 119.915429687500037, 51.331000067181598 ], [ 119.891601562499986, 51.322821356244091 ], [ 119.882910156250048, 51.31830475468162 ], [ 119.860351562500014, 51.28925202030662 ], [ 119.850341796875, 51.284540106244116 ], [ 119.828515625000023, 51.279974676556606 ], [ 119.819335937499986, 51.275018621869101 ], [ 119.81591796875, 51.26930573124411 ], [ 119.805664062499986, 51.244256903119108 ], [ 119.80908203125, 51.232928778119124 ], [ 119.814453125, 51.223016668744101 ], [ 119.814697265624957, 51.216131903119106 ], [ 119.802246093749986, 51.213568426556606 ], [ 119.77197265625, 51.218768621869089 ], [ 119.761962890625, 51.21539948124412 ], [ 119.757812499999986, 51.199286199994098 ], [ 119.78515625, 51.171942449994113 ], [ 119.7724609375, 51.162958074994108 ], [ 119.766796875000011, 51.159979559369113 ], [ 119.757812499999986, 51.158319403119108 ], [ 119.765039062500023, 51.142694403119087 ], [ 119.761474609375, 51.128485418744106 ], [ 119.754394531250014, 51.11456940311912 ], [ 119.750488281249986, 51.10028717655662 ], [ 119.747949218750009, 51.083685614056606 ], [ 119.740722656249986, 51.071844793744127 ], [ 119.728125, 51.064813543744108 ], [ 119.7099609375, 51.06268952030662 ], [ 119.7099609375, 51.040701634099108 ], [ 119.697984783229401, 51.02890703759325 ], [ 119.682861328125, 51.016302801556598 ], [ 119.603906250000037, 50.978461004681613 ], [ 119.593652343750023, 50.96979401249412 ], [ 119.572851562500048, 50.946063543744117 ], [ 119.517578125, 50.90504791874411 ], [ 119.52978515625, 50.887323309369094 ], [ 119.527832031249986, 50.86701080936912 ], [ 119.515527343749994, 50.84840729374411 ], [ 119.497070312499986, 50.836200262494103 ], [ 119.513769531250048, 50.813592840619116 ], [ 119.5146484375, 50.792254949994117 ], [ 119.504492187500006, 50.750799871869106 ], [ 119.496484375000023, 50.737323309369117 ], [ 119.456933593750023, 50.69655182499411 ], [ 119.442480468750006, 50.685321356244096 ], [ 119.417578125000034, 50.676581121869113 ], [ 119.403710937500037, 50.67352936405662 ], [ 119.391357421874986, 50.67230866093162 ], [ 119.382812499999986, 50.666864324994087 ], [ 119.37353515625, 50.64301178593162 ], [ 119.364013671875, 50.63751862186912 ], [ 119.348632812500014, 50.63495514530662 ], [ 119.3408203125, 50.62836334843162 ], [ 119.335058593750006, 50.619501043744108 ], [ 119.325878906250011, 50.610223699994108 ], [ 119.313574218750048, 50.604852606244116 ], [ 119.302832031250034, 50.602972723431613 ], [ 119.293212890624986, 50.599432684369113 ], [ 119.284765625000034, 50.58917877811912 ], [ 119.286230468750034, 50.577948309369106 ], [ 119.264404296875, 50.520282293744089 ], [ 119.260253906249986, 50.514276434369108 ], [ 119.254003906250034, 50.50983307499412 ], [ 119.25058593750002, 50.504828192181613 ], [ 119.254199218750003, 50.497259832806606 ], [ 119.258886718749991, 50.493475653119098 ], [ 119.262109375000023, 50.492206121869103 ], [ 119.263916015625, 50.48981354374412 ], [ 119.264404296875, 50.483026434369101 ], [ 119.260937500000011, 50.479510809369103 ], [ 119.24326171875002, 50.445746160931598 ], [ 119.215820312499972, 50.425165106244116 ], [ 119.206445312500009, 50.415350653119098 ], [ 119.198242187499986, 50.413348699994117 ], [ 119.16748046875, 50.41437409061912 ], [ 119.154541015625, 50.411566473431606 ], [ 119.146386718750023, 50.40448639530662 ], [ 119.146250952350528, 50.404313097605858 ], [ 119.355427269664872, 50.342160359764605 ], [ 119.356347656250023, 50.34100983280662 ], [ 119.363476562500011, 50.319769598431606 ], [ 119.365332031250034, 50.311102606244106 ], [ 119.362060546875014, 50.304388739056613 ], [ 119.350097656250014, 50.30177643436911 ], [ 119.338281250000023, 50.29425690311912 ], [ 119.333496093749986, 50.276434637494091 ], [ 119.331347656249989, 50.217596746869113 ], [ 119.333984375, 50.211371160931606 ], [ 119.343261718749986, 50.20246002811912 ], [ 119.346923828124986, 50.19537994999412 ], [ 119.348046875000023, 50.184881903119091 ], [ 119.343652343749994, 50.142694403119108 ], [ 119.3375, 50.124383856244108 ], [ 119.328320312500011, 50.108221746869106 ], [ 119.315917968749986, 50.092889715619108 ], [ 119.300976562499997, 50.080023504681598 ], [ 119.250683593750011, 50.048529364056606 ], [ 119.250428529760825, 50.048314991246073 ], [ 119.09532561246408, 49.977963946668396 ], [ 118.701924549700777, 49.952890030881385 ], [ 118.670312500000023, 49.96234772343162 ], [ 118.644140625000048, 49.954852606244117 ], [ 118.599609375, 49.93121979374412 ], [ 118.5703125, 49.921014715619116 ], [ 118.55429687500002, 49.910028387494116 ], [ 118.520898437500023, 49.894232489056591 ], [ 118.497656250000048, 49.87702057499412 ], [ 118.490332031250034, 49.869745184369087 ], [ 118.486083984375, 49.860956121869094 ], [ 118.480712890625, 49.842718817181591 ], [ 118.476660156249991, 49.836249090619113 ], [ 118.455566406249986, 49.828924871869113 ], [ 118.393554687499986, 49.820257879681598 ], [ 118.380468750000034, 49.81171295780662 ], [ 118.372656250000034, 49.78656647343162 ], [ 118.353271484374986, 49.776727606244116 ], [ 118.328515625000037, 49.773309637494101 ], [ 118.30478515625002, 49.767352606244117 ], [ 118.241455078125, 49.72943756718162 ], [ 118.229101562500006, 49.72943756718162 ], [ 118.223046875, 49.71234772343162 ], [ 118.207763671875014, 49.695672918744116 ], [ 118.188085937500034, 49.681512762494116 ], [ 118.168212890624986, 49.671747137494108 ], [ 118.105957031249986, 49.65204498905662 ], [ 118.088867187499986, 49.640448309369098 ], [ 118.07089843750002, 49.625360418744116 ], [ 118.054589843749994, 49.614325262494113 ], [ 118.016796875000026, 49.596014715619113 ], [ 117.930419921874986, 49.56764557499411 ], [ 117.8935546875, 49.546893621869096 ], [ 117.796426414599281, 49.584354089005785 ], [ 117.732804992190268, 49.628426363822015 ], [ 117.634082095348674, 49.726379716289507 ], [ 117.57923604154783, 49.77882417465581 ], [ 117.544134567115293, 49.800069287619429 ], [ 117.491482355466445, 49.797237144281013 ], [ 117.348882615584202, 49.727797879754846 ], [ 117.305005772543495, 49.712195802900077 ], [ 117.23260898152634, 49.712195802900077 ], [ 116.850880447072299, 49.866576975394366 ], [ 116.734606813014466, 49.910393697827864 ], [ 116.688536127821735, 49.879302057095366 ], [ 116.664403864149321, 49.836872077821106 ], [ 116.63807775832494, 49.800069287619429 ], [ 116.594200915284191, 49.730634082395298 ], [ 116.545936387939435, 49.641214078241305 ], [ 116.466958070466191, 49.523155607093891 ], [ 116.414305858817372, 49.41194865272972 ], [ 116.394561279449064, 49.360537209694485 ], [ 116.405530490209216, 49.256121044108319 ], [ 116.412112016665333, 49.208846572847712 ], [ 116.409918174513308, 49.158657539303682 ], [ 116.390173595144987, 49.119905500579215 ], [ 116.352878278560397, 49.066751638086004 ], [ 116.291450698303393, 48.970355179906115 ], [ 116.240992328806627, 48.899738060821754 ], [ 116.155432484877267, 48.818910439781035 ], [ 116.063291114491818, 48.748079184512875 ], [ 116.036965008667408, 48.719139737022459 ], [ 115.995282007778727, 48.665557840335829 ], [ 115.944823638281932, 48.622071194086622 ], [ 115.86145763650461, 48.581449825273225 ], [ 115.824162319920021, 48.564030666015526 ], [ 115.787317536205236, 48.518316335470679 ], [ 115.786867003335416, 48.47684483997088 ], [ 115.773703950423226, 48.424461304331551 ], [ 115.782479319031367, 48.345784663441634 ], [ 115.808805424855748, 48.318073214505837 ], [ 115.848294583592391, 48.291806370333667 ], [ 115.900946795241254, 48.258223507555734 ], [ 115.931660585369727, 48.224618569874522 ], [ 115.947017480433985, 48.169048996166239 ], [ 115.927272901065635, 48.15148818710999 ], [ 115.885589900176996, 48.129528721980876 ], [ 115.826356162072045, 48.117813166250421 ], [ 115.78467316118342, 48.110489586974779 ], [ 115.756153213206957, 48.078253436973888 ], [ 115.725439423078484, 48.029861315263588 ], [ 115.714470212318304, 47.978486635780939 ], [ 115.694725632949982, 47.940289461878457 ], [ 115.681562580037749, 47.891767760306131 ], [ 115.674981053581689, 47.844672954871697 ], [ 115.718857896622396, 47.785744263972674 ], [ 115.74737784459883, 47.729700056636183 ], [ 115.786867003335459, 47.670640929864206 ], [ 115.848294583592434, 47.584886344547314 ], [ 115.876814531568897, 47.546398957831499 ], [ 115.911916006001405, 47.525663266773726 ], [ 115.977731270562472, 47.525663266773726 ], [ 116.050128061579642, 47.528626010393936 ], [ 116.102780273228433, 47.516774031801404 ], [ 116.155432484877295, 47.476753834613874 ], [ 116.219053907286323, 47.445605925402553 ], [ 116.326552172736015, 47.409985716909752 ], [ 117.068070820123722, 47.363940601475974 ], [ 117.434442459513548, 47.570086850089567 ], [ 117.566072988635625, 47.641086276201882 ], [ 117.629694411044625, 47.651432307825218 ], [ 117.673571254085331, 47.676549853258074 ], [ 117.710866570669921, 47.707560724237652 ], [ 117.748161887254511, 47.734126794214717 ], [ 117.787651045991126, 47.760679317845046 ], [ 117.822752520423691, 47.801956320886447 ], [ 117.849078626248101, 47.82847423158821 ], [ 117.86443552131233, 47.860866621086281 ], [ 117.879792416376603, 47.88441201776363 ], [ 117.906118522201012, 47.907946716676889 ], [ 117.928056943721344, 47.925590720990172 ], [ 117.982902997522217, 47.940289461878429 ], [ 118.053105946387348, 47.949106700965508 ], [ 118.105758158036167, 47.978486635780939 ], [ 118.145247316772782, 48.012252903661285 ], [ 118.178154949053294, 48.021057861277967 ], [ 118.217644107789937, 48.015188056606647 ], [ 118.272490161590767, 48.000510621106208 ], [ 118.336111583999795, 47.996106575937858 ], [ 118.390957637800653, 48.000510621106208 ], [ 118.441416007297448, 47.997574632765044 ], [ 118.463354428817809, 47.969674409927741 ], [ 118.452385218057657, 47.934410466893432 ], [ 118.447997533753565, 47.896180704385202 ], [ 118.487486692490208, 47.875583747701505 ], [ 118.524782009074769, 47.859394678574525 ], [ 118.562077325659402, 47.82847423158821 ], [ 118.566465009963451, 47.787218296336448 ], [ 118.570852694267515, 47.747404749247991 ], [ 118.570852694267515, 47.703131728818036 ], [ 118.5949849579399, 47.667686217257213 ], [ 118.673963275413158, 47.612993860014811 ], [ 118.744166224278288, 47.570086850089538 ], [ 118.816563015295444, 47.530107319447914 ], [ 118.917479754289033, 47.490097289522623 ], [ 118.976713492393969, 47.460440564651137 ], [ 119.114925547972163, 47.412954988333631 ], [ 119.145639338100651, 47.392166572720242 ], [ 119.189516181141329, 47.36839833833664 ], [ 119.224617655573894, 47.34313284828638 ], [ 119.268494498614572, 47.308930870486648 ], [ 119.297014446591021, 47.259819784213512 ], [ 119.286045235830869, 47.224073991669194 ], [ 119.264106814310537, 47.204701616744728 ], [ 119.233393024182007, 47.189794974097346 ], [ 119.209260760509665, 47.168918638814141 ], [ 119.193903865445421, 47.139081063200571 ], [ 119.185128496837251, 47.1196776550536 ], [ 119.154414706708778, 47.089812435421422 ], [ 119.123700916580304, 47.065908195702256 ], [ 119.106150179364008, 47.047972978144465 ], [ 119.101762495059944, 47.019563212579207 ], [ 119.121507074428237, 47.001612410061064 ], [ 119.165383917468958, 46.994131128346041 ], [ 119.204873076205544, 46.982158898838719 ], [ 119.257525287854421, 46.955211577645407 ], [ 119.297014446591021, 46.928250679857847 ], [ 119.338697447479717, 46.905772893399195 ], [ 119.397931185584639, 46.88028666975719 ], [ 119.465940292297702, 46.862289101874318 ], [ 119.498847924578229, 46.841284311317416 ], [ 119.51859250394655, 46.823273666536245 ], [ 119.55588782053114, 46.797748254123256 ], [ 119.603878117607394, 46.814406835839975 ], [ 119.632398065583828, 46.866929677251704 ], [ 119.610459644063496, 46.917902703585021 ], [ 119.579745853935009, 46.958346772823013 ], [ 119.553419748110585, 46.995767748226775 ], [ 119.549032063806507, 47.027181130265127 ], [ 119.597296591151292, 47.085471251416593 ], [ 119.649948802800097, 47.128773883984771 ], [ 119.728927120273369, 47.140713238656765 ], [ 119.829843859266958, 47.134743896395157 ], [ 119.946117493324806, 47.118324749689798 ], [ 120.082135706750961, 47.088458770844504 ], [ 120.123818707639643, 47.078001719775756 ], [ 120.200603182960819, 47.101900534768419 ], [ 120.299326079802384, 47.097420323790246 ], [ 120.395855134491924, 47.09144612271524 ], [ 120.439731977532603, 47.080989658102212 ], [ 120.474833451965182, 47.060070570978276 ], [ 120.490190347029397, 47.043628385210575 ], [ 120.643759297671807, 47.092939735817055 ], [ 120.665697719192195, 47.166075467164461 ], [ 120.64156545551981, 47.288240942666974 ], [ 120.663503877040156, 47.331378416234067 ], [ 120.70518687792881, 47.367051770038245 ], [ 120.746869878817463, 47.398246176834228 ], [ 120.755645247425605, 47.448712274358066 ], [ 120.755645247425605, 47.490236266008246 ], [ 120.689829982864552, 47.519876175513886 ], [ 120.634983929063694, 47.543576053564131 ], [ 120.595494770327065, 47.56874543917813 ], [ 120.582331717414831, 47.701793729106974 ], [ 120.60427013893522, 47.756393108600747 ], [ 120.781971353250057, 47.831557900992919 ], [ 120.871918881483467, 47.869835367501253 ], [ 120.911408040220081, 47.893376689730175 ], [ 120.935540303892495, 47.912496137184959 ], [ 120.91360188237212, 47.946305553646496 ], [ 120.858755828571262, 47.958060169953242 ], [ 120.821460511986643, 47.975687081190785 ], [ 120.814878985530584, 48.000648241460119 ], [ 120.803909774770403, 48.027064547538117 ], [ 120.768808300337852, 48.052000855470126 ], [ 120.760032931729697, 48.075459296378448 ], [ 120.768808300337852, 48.098907046967916 ], [ 120.819266669834647, 48.109162076488211 ], [ 120.876306565787559, 48.119415060075411 ], [ 120.994774041997388, 48.188203541850129 ], [ 121.003549410605558, 48.217447268308391 ], [ 120.975029462629095, 48.252517703493517 ], [ 120.961866409716876, 48.274424519116117 ], [ 120.979417146933173, 48.309455896315356 ], [ 121.016712463517777, 48.338630353305177 ], [ 121.113241518207303, 48.388188636010774 ], [ 121.135179939727664, 48.421686016832538 ], [ 121.117629202511367, 48.506059722725347 ], [ 121.13737378187966, 48.536574241371262 ], [ 121.196607519984624, 48.536574241371262 ], [ 121.233902836569214, 48.549646265113893 ], [ 121.262422784545663, 48.572877082786576 ], [ 121.297524258978228, 48.577231673340606 ], [ 121.347982628475023, 48.569973814044523 ], [ 121.385277945059613, 48.58303721064685 ], [ 121.402828682275882, 48.601900602138592 ], [ 121.448899367468641, 48.619306713105082 ], [ 121.479613157597086, 48.632357358857519 ], [ 121.523490000637764, 48.635257044050547 ], [ 121.549816106462231, 48.622207148261502 ], [ 121.565173001526446, 48.604802037313704 ], [ 121.580529896590676, 48.603351340560678 ], [ 121.602468318111036, 48.623657303341218 ], [ 121.637569792543616, 48.652651655579085 ], [ 121.659508214063948, 48.678732324839984 ], [ 121.674865109128177, 48.706247278457035 ], [ 121.690222004192407, 48.742428257678263 ], [ 121.655120529759884, 48.788701933279071 ], [ 121.67705895128023, 48.827712185151718 ], [ 121.731905005081089, 48.843596550476093 ], [ 121.786751058881975, 48.843596550476093 ], [ 121.852566323443014, 48.837821000378241 ], [ 121.909606219395926, 48.850815051574095 ], [ 121.98639069471713, 48.878235866237127 ], [ 122.065369012190374, 48.886891949531879 ], [ 122.065369012190374, 48.933032426780912 ], [ 122.021492169149695, 48.976250430770165 ], [ 121.968839957500862, 49.012236835870233 ], [ 121.927156956612194, 49.022308371065087 ], [ 121.924963114460155, 49.117168389720739 ], [ 121.920575430156106, 49.173136921433517 ], [ 121.896443166483692, 49.227609566003146 ], [ 121.821852533314541, 49.327796886180174 ], [ 121.804301796098272, 49.38638353953543 ], [ 121.804301796098272, 49.447753112698351 ], [ 121.826240217618604, 49.487673446933037 ], [ 121.953483062436632, 49.510470462763102 ], [ 122.034655222061872, 49.523289117429847 ], [ 122.089501275862787, 49.541799020600138 ], [ 122.137765803207529, 49.573107504963247 ], [ 122.150928856119762, 49.602974154068789 ], [ 122.260620963721465, 49.612925640551211 ], [ 122.315467017522323, 49.637085079185127 ], [ 122.328630070434556, 49.7009787134646 ], [ 122.337405439042669, 49.76762247933371 ], [ 122.315467017522323, 49.808697453102511 ], [ 122.256233279417401, 49.829929463176683 ], [ 122.142153487511578, 49.829929463176683 ], [ 122.003941431933399, 49.835589759078587 ], [ 121.942513851676395, 49.851152157050713 ], [ 121.913993903699975, 49.879434592384662 ], [ 121.887667797875537, 49.89639610593138 ], [ 121.821852533314512, 49.893569600912087 ], [ 121.745068057993308, 49.879434592384662 ], [ 121.696803530648523, 49.870951600422188 ], [ 121.672671266976153, 49.887916094195759 ], [ 121.670477424824114, 49.919002186325102 ], [ 121.729711162929064, 50.01355009872573 ], [ 121.828434059770629, 50.110726280261972 ], [ 121.865729376355191, 50.186639927855353 ], [ 121.91180006154795, 50.20770566951272 ], [ 121.957870746740667, 50.211917702466422 ], [ 122.028073695605755, 50.199280488257685 ], [ 122.091695118014783, 50.188044599819243 ], [ 122.133378118903423, 50.193662874538624 ], [ 122.159704224727875, 50.239988421876198 ], [ 122.161898066879871, 50.290474088212314 ], [ 122.27597785878568, 50.331104183676452 ], [ 122.376894597779298, 50.37869526241257 ], [ 122.539238917029891, 50.516997687479957 ], [ 122.609441865895008, 50.720221652693745 ], [ 122.626992603111276, 50.979233804699568 ], [ 122.686226341216198, 51.148816550889237 ], [ 122.657706393239749, 51.213452475569795 ], [ 122.585309602222623, 51.298578298377578 ], [ 122.497555916141238, 51.336970564977996 ], [ 122.339599281194708, 51.425971631652821 ], [ 122.27597785878568, 51.520260384310326 ], [ 122.223325647136846, 51.543461030029789 ], [ 122.16409190903191, 51.55301080052449 ], [ 122.109245855231052, 51.583011316384273 ], [ 122.065369012190345, 51.596641370719205 ], [ 121.990778379021165, 51.607542469921874 ], [ 121.946901535980487, 51.651120700357779 ], [ 121.953483062436575, 51.736793040441569 ], [ 121.975421483956922, 51.811453807625298 ], [ 122.008329116237462, 51.871093513361636 ], [ 121.999553747629307, 51.91847778243077 ], [ 121.922769272308102, 51.945532076212153 ], [ 121.863535534203194, 51.948236608532639 ], [ 121.797720269642099, 51.925242885052697 ], [ 121.747261900145304, 51.915771455911312 ], [ 121.668283582672089, 51.929301457266533 ], [ 121.609049844567139, 51.953645183918908 ], [ 121.532265369245934, 51.972570060996702 ], [ 121.479613157597086, 52.003643586452895 ], [ 121.462062420380818, 52.12637534159979 ], [ 121.475225473293023, 52.174835484575624 ], [ 121.484000841901164, 52.259513855300952 ], [ 121.477419315445047, 52.323922385669192 ], [ 121.486194684053203, 52.362790499440798 ], [ 121.501551579117432, 52.402962943290731 ], [ 121.486194684053203, 52.440424251635676 ], [ 121.481806999749139, 52.468499347590267 ], [ 121.549816106462231, 52.525930613603819 ], [ 121.554203790766294, 52.561953774601967 ], [ 121.558591475070344, 52.603277249858877 ], [ 121.523490000637764, 52.64056820071179 ], [ 121.565173001526446, 52.748266777139371 ], [ 121.589305265198846, 52.797374051869468 ], [ 121.626600581783435, 52.807984558248357 ], [ 121.670477424824114, 52.793394444489451 ], [ 121.712160425712796, 52.758889260345718 ], [ 121.751649584449424, 52.742954564177296 ], [ 121.826240217618604, 52.741626409747902 ], [ 121.892055482179657, 52.746938784611132 ], [ 121.953483062436632, 52.773490945713014 ], [ 121.962258431044745, 52.805332174367095 ], [ 121.933738483068282, 52.872917430700127 ], [ 121.883280113571487, 52.909978347376928 ], [ 121.804301796098216, 52.936431033246151 ], [ 121.760424953057537, 52.976079763826874 ], [ 121.690222004192407, 53.030207587006053 ], [ 121.635375950391534, 53.053949587397419 ], [ 121.602468318111036, 53.129046351302556 ], [ 121.5827237387427, 53.192184117829761 ], [ 121.530071527093881, 53.249978844803984 ], [ 121.488388526205199, 53.295896245811996 ], [ 121.458496093750014, 53.320746160931613 ] ] ] ] } },
{ "type": "Feature", "properties": { "fid": 11, "Name": "Heihe", "Name_zh": "黑河", "Name_old": "Heiho" }, "geometry": { "type": "MultiPolygon", "coordinates": [ [ [ [ 121.458496093750014, 53.320746160931613 ], [ 121.511816406250006, 53.330096746869117 ], [ 121.64072265625002, 53.385199285931606 ], [ 121.888671874999986, 53.430926824994117 ], [ 122.081347656250003, 53.429754949994098 ], [ 122.107812500000023, 53.438348699994094 ], [ 122.147558593750034, 53.46137116093162 ], [ 122.150392035711889, 53.462453650223878 ], [ 122.35000018067015, 53.491429880817741 ], [ 122.586319732962238, 53.467768821245905 ], [ 122.859277343750037, 53.474237371869108 ], [ 123.002197265625014, 53.507635809369106 ], [ 123.1533203125, 53.513446356244103 ], [ 123.163964843750037, 53.516620184369117 ], [ 123.179687499999972, 53.530707098431606 ], [ 123.203027343750023, 53.538592840619117 ], [ 123.234375, 53.560614324994106 ], [ 123.252343750000023, 53.568060614056606 ], [ 123.277148437499989, 53.56976959843162 ], [ 123.309277343749983, 53.567743231244101 ], [ 123.339843749999986, 53.56171295780662 ], [ 123.367578125, 53.546087957806613 ], [ 123.379882812499972, 53.543085028119116 ], [ 123.419677734374986, 53.538763739056591 ], [ 123.431396484374972, 53.53607819218162 ], [ 123.464346886043316, 53.522130339744123 ], [ 123.4828000308827, 53.521578453497312 ], [ 123.485058593750026, 53.52631256718162 ], [ 123.485742187500023, 53.54420807499411 ], [ 123.49453125, 53.56037018436912 ], [ 123.51416015625, 53.562689520306613 ], [ 123.535058593750023, 53.55495026249411 ], [ 123.547119140625, 53.540790106244096 ], [ 123.53916015625002, 53.537372137494096 ], [ 123.532324218750034, 53.532782293744106 ], [ 123.519140625000048, 53.52028229374411 ], [ 123.541601562500048, 53.514349676556606 ], [ 123.560644531250034, 53.52448151249412 ], [ 123.591552734374986, 53.558124090619103 ], [ 123.614013671875014, 53.563666082806606 ], [ 123.63916015625, 53.55158112186912 ], [ 123.677441406250011, 53.52028229374411 ], [ 123.689179439051685, 53.515405684704518 ], [ 123.706301266125934, 53.514893533716389 ], [ 123.773764463781646, 53.500930886269153 ], [ 123.849853515625, 53.495306707806613 ], [ 123.876367187500023, 53.488959051556606 ], [ 123.97031250000002, 53.455438543744116 ], [ 123.989355468750034, 53.441717840619091 ], [ 124.009765624999986, 53.414984442181606 ], [ 124.01708984375, 53.40729401249412 ], [ 124.029687500000023, 53.400262762494108 ], [ 124.055419921874972, 53.395209051556613 ], [ 124.068457031250034, 53.389911199994103 ], [ 124.100097656249972, 53.363592840619106 ], [ 124.121582031249972, 53.352972723431598 ], [ 124.139892578124986, 53.358099676556598 ], [ 124.157470703125, 53.37030670780662 ], [ 124.182031250000023, 53.378778387494116 ], [ 124.208496093749986, 53.382928778119116 ], [ 124.232324218750009, 53.381952215619123 ], [ 124.252636718750011, 53.37579987186912 ], [ 124.275097656249983, 53.364935614056606 ], [ 124.293212890625014, 53.35158112186911 ], [ 124.304443359374986, 53.329291082806584 ], [ 124.320996093749997, 53.31000397343162 ], [ 124.325439453124986, 53.306219793744113 ], [ 124.342187500000037, 53.272723699994096 ], [ 124.359619140624986, 53.25971100468162 ], [ 124.38339843750002, 53.246405340619113 ], [ 124.407958984375, 53.235956121869108 ], [ 124.453613281249986, 53.228461004681613 ], [ 124.500244140625, 53.213934637494098 ], [ 124.527832031250014, 53.21063873905662 ], [ 124.639892578125014, 53.21063873905662 ], [ 124.6513671875, 53.209051824994106 ], [ 124.678417968749983, 53.199579168744094 ], [ 124.68798828125, 53.19391510624412 ], [ 124.695996093749997, 53.18402741093162 ], [ 124.696533203124957, 53.176581121869113 ], [ 124.6953125, 53.170038153119094 ], [ 124.697998046874986, 53.162860418744124 ], [ 124.719726562500014, 53.14911530155662 ], [ 124.746972656250009, 53.147967840619117 ], [ 124.800976562500011, 53.155389715619101 ], [ 124.82177734375, 53.14752838749412 ], [ 124.847753906250034, 53.113959051556613 ], [ 124.869873046874986, 53.108221746869113 ], [ 124.895898437500037, 53.11786530155662 ], [ 124.891503906250009, 53.134466864056591 ], [ 124.878808593750023, 53.154120184369113 ], [ 124.879980468750006, 53.172796942181613 ], [ 124.897460937499986, 53.185809637494103 ], [ 124.9189453125, 53.19415924686912 ], [ 125.01904296875, 53.211004949994127 ], [ 125.073437500000026, 53.212518621869094 ], [ 125.127050781250048, 53.206854559369113 ], [ 125.427734374999972, 53.09498932499411 ], [ 125.4560546875, 53.091131903119113 ], [ 125.476171875, 53.08375885624411 ], [ 125.499267578125, 53.05084869999412 ], [ 125.520996093749972, 53.04266998905662 ], [ 125.583740234375, 53.059198309369108 ], [ 125.620996093750023, 53.062372137494116 ], [ 125.637695312499972, 53.04645416874412 ], [ 125.649902343749986, 53.02362702030662 ], [ 125.678222656249986, 53.00592682499412 ], [ 125.733154296875, 52.981878973431606 ], [ 125.724023437500023, 52.95307037968162 ], [ 125.719628906250023, 52.946551824994096 ], [ 125.710693359374972, 52.94147369999412 ], [ 125.688232421875, 52.936712957806598 ], [ 125.678613281250023, 52.933465887494116 ], [ 125.66064453125, 52.919623114056584 ], [ 125.646875, 52.90119049686912 ], [ 125.646240234374986, 52.885126043744101 ], [ 125.668359375000037, 52.878241278119091 ], [ 125.691308593750023, 52.881537176556598 ], [ 125.736230468750009, 52.89606354374412 ], [ 125.837011718750034, 52.906927801556627 ], [ 125.856640625000011, 52.899359442181598 ], [ 125.863476562500011, 52.88886139530662 ], [ 125.861425781250048, 52.881659246869091 ], [ 125.857177734375, 52.87470123905662 ], [ 125.856640625000011, 52.86456940311912 ], [ 125.860742187500023, 52.856317449994108 ], [ 125.867187499999986, 52.84962799686911 ], [ 125.976562499999986, 52.765252996869094 ], [ 125.984960937500034, 52.76483795780662 ], [ 125.997146844589111, 52.772572399208734 ], [ 125.997146844589111, 52.5802861342573 ], [ 126.008886718750034, 52.568670965619113 ], [ 126.027734375000037, 52.56666901249411 ], [ 126.039257812499997, 52.569891668744098 ], [ 126.050390625, 52.571478582806613 ], [ 126.058837890624972, 52.575751043744113 ], [ 126.062255859374986, 52.58746979374412 ], [ 126.068457031250048, 52.595648504681606 ], [ 126.082275390624972, 52.593622137494116 ], [ 126.170117187499997, 52.54787018436911 ], [ 126.2119140625, 52.53327057499412 ], [ 126.210058593750006, 52.511737371869117 ], [ 126.200439453124986, 52.486761785931606 ], [ 126.2, 52.46735260624412 ], [ 126.216406250000048, 52.465033270306591 ], [ 126.24658203125, 52.46613190311912 ], [ 126.275781250000037, 52.463568426556613 ], [ 126.288818359375014, 52.450262762494127 ], [ 126.2958984375, 52.43549225468162 ], [ 126.312402343750009, 52.417669989056613 ], [ 126.343261718750014, 52.39166901249412 ], [ 126.350488281250009, 52.377215887494117 ], [ 126.343994140625014, 52.357855535931613 ], [ 126.315429687499986, 52.316473699994127 ], [ 126.34423828125, 52.30292389530662 ], [ 126.420654296874972, 52.28754303593162 ], [ 126.438964843749986, 52.27558014530662 ], [ 126.391796874999983, 52.264593817181613 ], [ 126.311718750000011, 52.22821686405662 ], [ 126.30908203125, 52.214129949994117 ], [ 126.316406250000014, 52.200018621869098 ], [ 126.33251953125, 52.193622137494096 ], [ 126.350341796875, 52.192010809369116 ], [ 126.453027343750009, 52.165887762494094 ], [ 126.493652343749986, 52.161493231244108 ], [ 126.530859375000048, 52.152948309369108 ], [ 126.555664062499986, 52.130926824994098 ], [ 126.550976562500011, 52.11322662968162 ], [ 126.519433593750009, 52.06159088749412 ], [ 126.51406249999998, 52.04901764530662 ], [ 126.51406249999998, 52.042792059369113 ], [ 126.491308593750048, 52.039081121869103 ], [ 126.466699218749994, 52.03192780155662 ], [ 126.447021484374986, 52.019061590619089 ], [ 126.438964843749986, 51.99811432499412 ], [ 126.445800781249986, 51.982855535931613 ], [ 126.64765625, 51.741522528119106 ], [ 126.662109374999972, 51.73371002811912 ], [ 126.71337890625, 51.723456121869106 ], [ 126.715429687500048, 51.717792059369117 ], [ 126.725341796875, 51.709051824994106 ], [ 126.727539062499972, 51.703314520306613 ], [ 126.724511718750023, 51.69782135624412 ], [ 126.717480468750011, 51.691229559369127 ], [ 126.710546875000034, 51.68629791874411 ], [ 126.70712890625002, 51.685858465619113 ], [ 126.715429687500048, 51.663446356244108 ], [ 126.724121093749972, 51.64984772343162 ], [ 126.723388671874972, 51.63617584843162 ], [ 126.703613281249972, 51.613885809369094 ], [ 126.674804687499986, 51.588641668744117 ], [ 126.676513671874986, 51.57692291874411 ], [ 126.700195312499986, 51.563006903119117 ], [ 126.775292968750023, 51.545965887494127 ], [ 126.807128906249986, 51.534442449994103 ], [ 126.830078125, 51.50836823124412 ], [ 126.801269531249986, 51.47748444218162 ], [ 126.792382812500023, 51.459344793744116 ], [ 126.788964843750009, 51.436102606244106 ], [ 126.800097656249974, 51.419256903119098 ], [ 126.82568359375, 51.412298895306613 ], [ 126.87656250000002, 51.41017487186911 ], [ 126.889746093750006, 51.40729401249412 ], [ 126.901757812500009, 51.401239324994108 ], [ 126.909082031250023, 51.391376043744103 ], [ 126.908691406249986, 51.37726471561912 ], [ 126.897216796875, 51.362250067181591 ], [ 126.879882812499986, 51.356463934369103 ], [ 126.860449218750048, 51.354193426556613 ], [ 126.843017578124986, 51.349627996869103 ], [ 126.826757812500048, 51.339227606244116 ], [ 126.813720703124972, 51.32521393436911 ], [ 126.806835937499997, 51.308417059369106 ], [ 126.80869140625002, 51.289374090619127 ], [ 126.823437499999983, 51.265887762494117 ], [ 126.845458984374986, 51.251727606244089 ], [ 126.86962890625, 51.252020574994098 ], [ 126.890380859374986, 51.271747137494103 ], [ 126.892578125, 51.282245184369117 ], [ 126.888769531250048, 51.28961823124412 ], [ 126.884521484375, 51.295917059369103 ], [ 126.884960937499983, 51.303168035931606 ], [ 126.891015625, 51.310736395306606 ], [ 126.899023437500006, 51.316766668744116 ], [ 126.908105468749994, 51.32147858280662 ], [ 126.916992187499957, 51.325018621869113 ], [ 126.93417968750002, 51.32904694218162 ], [ 126.954296874999983, 51.329852606244103 ], [ 126.971777343750048, 51.324286199994106 ], [ 126.980859375000023, 51.30914948124412 ], [ 126.977539062499986, 51.296820379681613 ], [ 126.967675781250009, 51.28180573124412 ], [ 126.946679687500009, 51.25836823124412 ], [ 126.915917968750009, 51.233026434369116 ], [ 126.908691406249986, 51.221942449994117 ], [ 126.90478515625, 51.208368231244108 ], [ 126.903564453124986, 51.193622137494103 ], [ 126.905029296874986, 51.164496160931606 ], [ 126.909277343750034, 51.146307684369113 ], [ 126.922753906250009, 51.108221746869127 ], [ 126.925537109375, 51.086297918744116 ], [ 126.931542968749994, 51.064032293744113 ], [ 126.945996093750011, 51.048651434369106 ], [ 126.980859375000023, 51.027948309369101 ], [ 127.031982421874986, 50.972723699994106 ], [ 127.046777343750009, 50.967474676556606 ], [ 127.11044921875002, 50.93175690311908 ], [ 127.143945312500037, 50.903753973431613 ], [ 127.22031250000002, 50.788397528119106 ], [ 127.240820312500034, 50.774969793744113 ], [ 127.265869140624986, 50.764349676556613 ], [ 127.287109375, 50.751288153119113 ], [ 127.296142578125, 50.730340887494108 ], [ 127.295312500000023, 50.72308991093162 ], [ 127.292968750000014, 50.71564362186912 ], [ 127.289550781249972, 50.708612371869116 ], [ 127.28564453125, 50.702752996869101 ], [ 127.282128906250009, 50.695086981244117 ], [ 127.283398437500026, 50.688544012494113 ], [ 127.286816406250011, 50.68219635624412 ], [ 127.288671875000034, 50.675409246869101 ], [ 127.294531250000048, 50.66669342655662 ], [ 127.326757812500034, 50.63751862186912 ], [ 127.343457031249983, 50.627997137494113 ], [ 127.358398437499972, 50.60529205936912 ], [ 127.366699218749986, 50.57807037968162 ], [ 127.364355468750034, 50.55499909061912 ], [ 127.356445312500014, 50.544867254681613 ], [ 127.333398437500023, 50.525262762494094 ], [ 127.323437500000011, 50.514032293744087 ], [ 127.309960937500037, 50.488641668744116 ], [ 127.302441406249983, 50.477899481244116 ], [ 127.288671875000034, 50.466253973431606 ], [ 127.304296875000034, 50.451727606244113 ], [ 127.348876953124986, 50.42645905155662 ], [ 127.358154296875, 50.415350653119098 ], [ 127.359277343750023, 50.39313385624412 ], [ 127.358398437499972, 50.381610418744096 ], [ 127.3544921875, 50.373797918744103 ], [ 127.345458984375, 50.36469147343162 ], [ 127.337304687500009, 50.35297272343162 ], [ 127.331542968749986, 50.340399481244113 ], [ 127.330175781249991, 50.32843659061912 ], [ 127.354296875000031, 50.29889557499412 ], [ 127.404394531250034, 50.276239324994101 ], [ 127.578125, 50.220819403119087 ], [ 127.590332031249986, 50.20900299686911 ], [ 127.589648437500031, 50.186590887494113 ], [ 127.58652343750002, 50.16742584843162 ], [ 127.580322265624986, 50.149359442181598 ], [ 127.56982421875, 50.13043854374412 ], [ 127.50625, 50.063739324994117 ], [ 127.486328124999986, 50.025897528119103 ], [ 127.494140625, 49.973456121869127 ], [ 127.521240234375, 49.941473699994127 ], [ 127.53369140625, 49.922723699994116 ], [ 127.531982421874986, 49.90790436405662 ], [ 127.520507812499972, 49.89203522343162 ], [ 127.511328125000034, 49.869330145306598 ], [ 127.506347656249972, 49.84454987186912 ], [ 127.5078125, 49.822577215619113 ], [ 127.538281250000026, 49.79022858280662 ], [ 127.644042968750014, 49.767401434369113 ], [ 127.6796875, 49.739374090619108 ], [ 127.68603515625, 49.717108465619113 ], [ 127.68671875, 49.699164129681613 ], [ 127.689697265625014, 49.681708074994098 ], [ 127.70322265625002, 49.660907293744117 ], [ 127.721679687499986, 49.648871160931613 ], [ 127.769775390625, 49.634100653119113 ], [ 127.789550781249986, 49.623358465619127 ], [ 127.809277343749997, 49.60736725468162 ], [ 127.830566406249972, 49.594110418744116 ], [ 127.854492187499972, 49.585077215619101 ], [ 127.906982421875014, 49.58051178593162 ], [ 127.920410156249986, 49.581366278119113 ], [ 127.929785156250034, 49.585516668744098 ], [ 127.940429687499972, 49.596136785931606 ], [ 127.947509765625, 49.601434637494116 ], [ 127.955078124999972, 49.60329010624411 ], [ 127.9677734375, 49.60346100468162 ], [ 127.9912109375, 49.598993231244094 ], [ 128.01220703125, 49.587713934369106 ], [ 128.046484375000034, 49.558465887494108 ], [ 128.06689453125, 49.54694244999412 ], [ 128.09228515625, 49.541815496869098 ], [ 128.198144531250023, 49.53925202030662 ], [ 128.224853515625, 49.542108465619094 ], [ 128.2451171875, 49.551629949994094 ], [ 128.267822265624972, 49.559027410931598 ], [ 128.320068359374972, 49.545038153119116 ], [ 128.344482421874972, 49.548211981244108 ], [ 128.3525390625, 49.554754949994098 ], [ 128.364648437500023, 49.570013739056606 ], [ 128.371679687500034, 49.575555731244094 ], [ 128.383203125, 49.579608465619103 ], [ 128.550976562500011, 49.588690496869113 ], [ 128.62841796875, 49.575555731244094 ], [ 128.634960937500011, 49.578436590619098 ], [ 128.665722656250011, 49.60968659061912 ], [ 128.671484375000034, 49.611688543744116 ], [ 128.686425781249994, 49.60346100468162 ], [ 128.733984375000034, 49.584588934369101 ], [ 128.759179687500023, 49.578070379681606 ], [ 128.786376953125, 49.575555731244094 ], [ 128.796630859375, 49.572699285931606 ], [ 128.801513671875, 49.565375067181606 ], [ 128.802978515625, 49.555365301556613 ], [ 128.803125, 49.54450104374412 ], [ 128.79931640625, 49.532098699994116 ], [ 128.790136718750034, 49.527362371869117 ], [ 128.779052734375, 49.525336004681606 ], [ 128.76904296875, 49.520941473431613 ], [ 128.753808593750023, 49.50275299686912 ], [ 128.749902343750023, 49.484808660931613 ], [ 128.759765625, 49.47113678593162 ], [ 128.786376953125, 49.465692449994101 ], [ 128.8095703125, 49.46893952030662 ], [ 128.853271484375, 49.48078034061912 ], [ 128.87890625, 49.479999090619117 ], [ 128.901757812500023, 49.471991278119098 ], [ 128.94677734375, 49.449774481244113 ], [ 128.997802734375, 49.441522528119108 ], [ 129.014404296874972, 49.43134186405662 ], [ 129.05029296875, 49.377020574994113 ], [ 129.066699218750017, 49.361932684369108 ], [ 129.0875, 49.352362371869113 ], [ 129.114990234375, 49.348993231244108 ], [ 129.1357421875, 49.354437567181606 ], [ 129.1708984375, 49.380633856244117 ], [ 129.193603515624943, 49.389960028119113 ], [ 129.217675781249994, 49.391058660931606 ], [ 129.245214843750006, 49.386175848431627 ], [ 129.27197265625, 49.375506903119096 ], [ 129.315917968749972, 49.344354559369116 ], [ 129.340722656250023, 49.341376043744098 ], [ 129.361718750000023, 49.350116278119103 ], [ 129.372949218749994, 49.370135809369117 ], [ 129.371191406250006, 49.410834051556613 ], [ 129.37841796875, 49.42531159061911 ], [ 129.403076171874972, 49.430926824994103 ], [ 129.454589843749972, 49.427557684369113 ], [ 129.480371093749994, 49.421502996869116 ], [ 129.501953125, 49.411078192181606 ], [ 129.519433593750023, 49.397333074994101 ], [ 129.527587890624943, 49.385126043744116 ], [ 129.530029296875, 49.369574285931598 ], [ 129.531835937500034, 49.321795965619117 ], [ 129.538671875000034, 49.304022528119098 ], [ 129.551513671874943, 49.290716864056613 ], [ 129.571533203124972, 49.280096746869106 ], [ 129.618896484375, 49.274481512494113 ], [ 129.668847656250023, 49.279413153119094 ], [ 129.7109375, 49.27443268436911 ], [ 129.734765625, 49.239129949994101 ], [ 129.737304687499972, 49.205755926556613 ], [ 129.741601562499994, 49.195990301556606 ], [ 129.75537109375, 49.184515692181598 ], [ 129.775634765625, 49.17780182499412 ], [ 129.824462890625, 49.174432684369116 ], [ 129.841210937500023, 49.167425848431613 ], [ 129.845117187499994, 49.154315496869096 ], [ 129.841210937500023, 49.109442449994113 ], [ 129.862207031250023, 49.106756903119098 ], [ 129.882910156250034, 49.100043035931613 ], [ 129.92041015625, 49.082098699994098 ], [ 129.911376953125, 49.05951569218162 ], [ 129.9130859375, 49.039813543744103 ], [ 129.926171875000023, 49.025946356244113 ], [ 129.974023437500023, 49.015399481244096 ], [ 129.99658203125, 49.00263092655662 ], [ 130.037109375, 48.972235418744106 ], [ 130.201562500000023, 48.882879949994098 ], [ 130.2490234375, 48.864813543744113 ], [ 130.293212890625, 48.870379949994103 ], [ 130.337890625, 48.885614324994116 ], [ 130.386474609375, 48.89655182499412 ], [ 130.439453125, 48.896747137494117 ], [ 130.465039062500011, 48.891620184369117 ], [ 130.424181841711288, 48.839129581798197 ], [ 130.380304998670624, 48.781338957346605 ], [ 130.362754261454313, 48.740845884297762 ], [ 130.353978892846158, 48.685838777628938 ], [ 130.34959120854208, 48.649617090306826 ], [ 130.364948103606366, 48.624971470392971 ], [ 130.432957210319415, 48.613369365184582 ], [ 130.439538736775518, 48.581449825273218 ], [ 130.443926421079624, 48.545153137749629 ], [ 130.476834053360136, 48.524815614451519 ], [ 130.525098580704878, 48.520456510844163 ], [ 130.57994463450575, 48.533532696223212 ], [ 130.614501953125, 48.530389715619108 ], [ 130.613037109375, 48.519794012494096 ], [ 130.615478515625, 48.508368231244106 ], [ 130.624267578125, 48.488592840619113 ], [ 130.6259765625, 48.482489324994113 ], [ 130.634790688306651, 48.437562254464055 ], [ 130.667698320587192, 48.390965751982584 ], [ 130.700605952867676, 48.354532518630094 ], [ 130.73351358514816, 48.322449707666294 ], [ 130.724738216540089, 48.269907006923518 ], [ 130.562119667020966, 48.290483550260916 ], [ 130.478753665243659, 48.289023846964092 ], [ 130.397581505618319, 48.283184616530846 ], [ 130.303246293080861, 48.312374092958073 ], [ 130.259369450040168, 48.309455896315356 ], [ 130.246206397127935, 48.294862409807727 ], [ 130.215492606999476, 48.28610431519715 ], [ 130.191360343327091, 48.280264750963205 ], [ 130.180391132566911, 48.258360439028884 ], [ 130.189166501175038, 48.226217130731733 ], [ 130.197941869783193, 48.202827492011181 ], [ 130.193554185479144, 48.172112375575374 ], [ 130.193554185479144, 48.148698026101037 ], [ 130.066311340661088, 48.128201703386409 ], [ 129.97636381242765, 48.169186166321907 ], [ 129.86009017836983, 48.156016158320398 ], [ 129.805244124568986, 48.153089030673023 ], [ 129.743816544312011, 48.15747965952459 ], [ 129.673613595446881, 48.186740917262298 ], [ 129.638512121014344, 48.186740917262298 ], [ 129.583666067213443, 48.177964293160514 ], [ 129.531013855564652, 48.177964293160514 ], [ 129.495912381132086, 48.177964293160514 ], [ 129.423515590114931, 48.183815542862618 ], [ 129.394995642138468, 48.188203541850108 ], [ 129.34234343048962, 48.179427168199489 ], [ 129.302854271752977, 48.163333246883731 ], [ 129.269946639472494, 48.15747965952459 ], [ 129.230457480735851, 48.164796539360275 ], [ 129.197549848455338, 48.173575417586534 ], [ 129.147091478958544, 48.182352793050313 ], [ 129.061531635029183, 48.147234274415851 ], [ 129.004491739076286, 48.125272989288042 ], [ 128.903575000082697, 48.112091709135441 ], [ 128.820208998305361, 48.098907046967888 ], [ 128.767556786656542, 48.098907046967888 ], [ 128.642507783990538, 48.0578664679661 ], [ 128.484551149044051, 47.997712260950983 ], [ 128.366083672834179, 47.956590989137247 ], [ 128.256391565232434, 47.955121766543904 ], [ 128.021650454964714, 47.941896883185294 ], [ 127.848336924953941, 47.928668615680138 ], [ 127.832980029889725, 47.94483603860531 ], [ 127.824204661281584, 47.974218401685938 ], [ 127.811041608369379, 47.991839798677503 ], [ 127.747420185960351, 48.050534347939845 ], [ 127.701349500767662, 48.142842768873436 ], [ 127.657472657726984, 48.271504152832769 ], [ 127.600432761774073, 48.39547255204883 ], [ 127.681604921399369, 48.625107416755618 ], [ 127.591657393165931, 48.764124352042224 ], [ 127.569718971645599, 48.855145652766836 ], [ 127.545586707973214, 48.925825785832586 ], [ 127.473189916956045, 48.996406020297201 ], [ 127.457833021891801, 49.05107295761767 ], [ 127.479771443412162, 49.147313146591941 ], [ 127.506097549236571, 49.28631540195677 ], [ 127.503903707084518, 49.344951423299264 ], [ 127.470996074804006, 49.384955427049533 ], [ 127.446863811131635, 49.430634439481025 ], [ 127.444669968979625, 49.459162241822035 ], [ 127.330590177073773, 49.479121827954458 ], [ 127.220898069472057, 49.509045960397742 ], [ 127.194571963647618, 49.476270956390159 ], [ 127.152888962758936, 49.452031847328357 ], [ 127.11339980402235, 49.452031847328357 ], [ 127.060747592373517, 49.474845458374389 ], [ 127.014676907180757, 49.489098571557875 ], [ 126.95324932692381, 49.493373696516187 ], [ 126.878658693754602, 49.476270956390159 ], [ 126.819424955649694, 49.467717345946468 ], [ 126.600040740446204, 49.44917939907026 ], [ 126.516674738668883, 49.470568715388758 ], [ 126.472797895628204, 49.514743720972376 ], [ 126.424533368283406, 49.584487432160444 ], [ 126.428921052587469, 49.682529172633686 ], [ 126.450859474107858, 49.853981145739759 ], [ 126.444277947651756, 49.897809296357536 ], [ 126.435502579043643, 49.955714472371426 ], [ 126.453053316259911, 50.00509069184583 ], [ 126.494736317148536, 50.12479345496503 ], [ 126.494736317148536, 50.255420275673323 ], [ 126.472797895628204, 50.303087143555203 ], [ 126.459634842716028, 50.361903858549539 ], [ 126.466216369172088, 50.399676161613208 ], [ 126.424533368283463, 50.539311658189924 ], [ 126.415757999675293, 50.590872303769494 ], [ 126.365299630178498, 50.636811234800625 ], [ 126.314841260681703, 50.68826518019106 ], [ 126.308259734225615, 50.76742176676543 ], [ 126.328004313593937, 50.893517472780957 ], [ 126.330198155745961, 50.973708486201922 ], [ 126.323616629289873, 51.020652739718692 ], [ 126.356524261570385, 51.078577143298723 ], [ 126.35871810372241, 51.103379714035334 ], [ 126.297290523465463, 51.251915913346792 ], [ 126.275352101945117, 51.261526749347162 ], [ 126.240250627512552, 51.245049800358345 ], [ 126.19856762662387, 51.213452475569788 ], [ 126.108620098390432, 51.183208644253327 ], [ 126.064743255349754, 51.174956880601876 ], [ 126.003315675092779, 51.172205964491141 ], [ 125.911174304707359, 51.173581443061195 ], [ 125.836583671538179, 51.184583794600485 ], [ 125.816839092169857, 51.190083985734326 ], [ 125.761993038368971, 51.268390402147688 ], [ 125.713728511024229, 51.347933882826972 ], [ 125.698371615959971, 51.382177350383969 ], [ 125.707146984568112, 51.431442968209055 ], [ 125.731279248240497, 51.48065551890403 ], [ 125.75102382760879, 51.514799690386496 ], [ 125.748829985456737, 51.532544551998555 ], [ 125.628168667094855, 51.554374889821389 ], [ 125.415365978347495, 51.61162970744811 ], [ 125.263990869857096, 51.656565035928573 ], [ 125.154298762255323, 51.642952970773429 ], [ 125.007311338068973, 51.618440952252939 ], [ 124.82083475514608, 51.543461030029789 ], [ 124.730887226912643, 51.501145091149539 ], [ 124.629970487919067, 51.453321763220998 ], [ 124.550992170445781, 51.431442968209055 ], [ 124.399617061955411, 51.409553690799278 ], [ 124.329414113090266, 51.382177350383969 ], [ 124.267986532833291, 51.372591760427596 ], [ 124.191202057512086, 51.384915721698881 ], [ 124.129774477255111, 51.41229042379409 ], [ 124.068346896998165, 51.454688839902651 ], [ 124.011307001045253, 51.454688839902651 ], [ 123.932328683571981, 51.439648744646306 ], [ 123.877482629771123, 51.451954645599621 ], [ 123.798504312297865, 51.497047913381024 ], [ 123.686618362544095, 51.584374505845972 ], [ 123.559375517726053, 51.599366890864381 ], [ 123.397031198475489, 51.598004151237696 ], [ 123.331215933914464, 51.600729589599688 ], [ 123.201779246944398, 51.588463828854664 ], [ 123.155708561751709, 51.580284814769946 ], [ 123.087699455038589, 51.591189839718005 ], [ 123.004333453261268, 51.589826854733595 ], [ 122.936324346548233, 51.585737654411297 ], [ 122.914385925027844, 51.576194755614296 ], [ 122.920967451483946, 51.539367657605474 ], [ 122.920967451483946, 51.502510735223794 ], [ 122.951681241612476, 51.473823615026504 ], [ 122.953875083764501, 51.447853047092757 ], [ 122.888059819203463, 51.295834764040812 ], [ 122.857346029074975, 51.245049800358345 ], [ 122.809081501730176, 51.216200930307153 ], [ 122.690614025520304, 51.196958301610572 ], [ 122.670869446152025, 51.195583520481094 ], [ 122.657706393239749, 51.213452475569795 ], [ 122.585309602222623, 51.298578298377564 ], [ 122.497555916141238, 51.336970564977996 ], [ 122.339599281194708, 51.425971631652821 ], [ 122.27597785878568, 51.520260384310326 ], [ 122.223325647136846, 51.543461030029789 ], [ 122.16409190903191, 51.55301080052449 ], [ 122.109245855231052, 51.583011316384273 ], [ 122.065369012190345, 51.596641370719198 ], [ 121.990778379021165, 51.607542469921874 ], [ 121.946901535980487, 51.651120700357779 ], [ 121.953483062436575, 51.736793040441569 ], [ 121.975421483956922, 51.811453807625298 ], [ 122.008329116237462, 51.871093513361636 ], [ 121.999553747629307, 51.91847778243077 ], [ 121.922769272308102, 51.945532076212153 ], [ 121.863535534203194, 51.948236608532639 ], [ 121.797720269642099, 51.925242885052697 ], [ 121.747261900145304, 51.915771455911297 ], [ 121.668283582672089, 51.929301457266526 ], [ 121.609049844567139, 51.953645183918908 ], [ 121.532265369245934, 51.972570060996702 ], [ 121.479613157597086, 52.003643586452895 ], [ 121.462062420380818, 52.12637534159979 ], [ 121.475225473293023, 52.174835484575624 ], [ 121.484000841901164, 52.259513855300952 ], [ 121.477419315445047, 52.323922385669192 ], [ 121.486194684053203, 52.362790499440798 ], [ 121.501551579117432, 52.402962943290731 ], [ 121.486194684053203, 52.440424251635676 ], [ 121.481806999749139, 52.468499347590267 ], [ 121.549816106462231, 52.525930613603805 ], [ 121.554203790766294, 52.561953774601967 ], [ 121.558591475070344, 52.603277249858877 ], [ 121.523490000637764, 52.64056820071179 ], [ 121.565173001526446, 52.748266777139371 ], [ 121.589305265198846, 52.797374051869468 ], [ 121.626600581783435, 52.807984558248357 ], [ 121.670477424824114, 52.793394444489451 ], [ 121.712160425712796, 52.758889260345718 ], [ 121.751649584449424, 52.742954564177296 ], [ 121.826240217618604, 52.741626409747887 ], [ 121.892055482179657, 52.746938784611132 ], [ 121.953483062436632, 52.773490945713014 ], [ 121.962258431044745, 52.805332174367081 ], [ 121.933738483068282, 52.872917430700127 ], [ 121.883280113571487, 52.909978347376928 ], [ 121.804301796098216, 52.936431033246151 ], [ 121.760424953057537, 52.976079763826874 ], [ 121.690222004192407, 53.030207587006053 ], [ 121.635375950391534, 53.053949587397419 ], [ 121.602468318111036, 53.129046351302541 ], [ 121.5827237387427, 53.192184117829761 ], [ 121.530071527093881, 53.249978844803984 ], [ 121.488388526205199, 53.295896245811996 ], [ 121.458496093750014, 53.320746160931613 ] ] ] ] } },
{ "type": "Feature", "properties": { "fid": 12, "Name": "East Xing'an ", "Name_zh": "兴安东", "Name_old": "Hsing An Tung" }, "geometry": { "type": "MultiPolygon", "coordinates": [ [ [ [ 122.936324346548233, 51.585737654411297 ], [ 122.914385925027844, 51.576194755614296 ], [ 122.920967451483946, 51.539367657605474 ], [ 122.920967451483946, 51.502510735223794 ], [ 122.951681241612476, 51.473823615026504 ], [ 122.953875083764501, 51.447853047092757 ], [ 122.888059819203463, 51.295834764040812 ], [ 122.857346029074975, 51.245049800358338 ], [ 122.809081501730176, 51.216200930307153 ], [ 122.690614025520304, 51.196958301610572 ], [ 122.670869446152025, 51.195583520481094 ], [ 122.657706393239749, 51.213452475569795 ], [ 122.686226341216198, 51.148816550889237 ], [ 122.626992603111276, 50.979233804699568 ], [ 122.609441865895008, 50.720221652693745 ], [ 122.539238917029891, 50.516997687479957 ], [ 122.376894597779298, 50.37869526241257 ], [ 122.27597785878568, 50.331104183676452 ], [ 122.161898066879871, 50.290474088212306 ], [ 122.159704224727875, 50.239988421876198 ], [ 122.133378118903423, 50.193662874538624 ], [ 122.091695118014783, 50.188044599819229 ], [ 122.028073695605755, 50.199280488257685 ], [ 121.957870746740667, 50.211917702466422 ], [ 121.91180006154795, 50.207705669512698 ], [ 121.865729376355191, 50.186639927855353 ], [ 121.828434059770629, 50.110726280261972 ], [ 121.729711162929064, 50.01355009872573 ], [ 121.670477424824114, 49.919002186325102 ], [ 121.672671266976153, 49.887916094195745 ], [ 121.696803530648523, 49.870951600422188 ], [ 121.745068057993308, 49.879434592384648 ], [ 121.821852533314512, 49.893569600912087 ], [ 121.887667797875537, 49.89639610593138 ], [ 121.913993903699975, 49.879434592384648 ], [ 121.942513851676395, 49.851152157050699 ], [ 122.003941431933399, 49.835589759078587 ], [ 122.142153487511578, 49.829929463176683 ], [ 122.256233279417401, 49.829929463176683 ], [ 122.315467017522323, 49.808697453102511 ], [ 122.337405439042669, 49.76762247933371 ], [ 122.328630070434556, 49.7009787134646 ], [ 122.315467017522323, 49.63708507918512 ], [ 122.260620963721465, 49.612925640551211 ], [ 122.150928856119762, 49.602974154068789 ], [ 122.137765803207529, 49.573107504963247 ], [ 122.089501275862787, 49.541799020600131 ], [ 122.034655222061872, 49.523289117429847 ], [ 121.953483062436632, 49.510470462763102 ], [ 121.826240217618604, 49.487673446933037 ], [ 121.804301796098272, 49.447753112698351 ], [ 121.804301796098272, 49.386383539535423 ], [ 121.821852533314541, 49.327796886180167 ], [ 121.896443166483692, 49.227609566003139 ], [ 121.920575430156106, 49.173136921433503 ], [ 121.924963114460155, 49.117168389720739 ], [ 121.927156956612194, 49.022308371065087 ], [ 121.968839957500862, 49.012236835870233 ], [ 122.021492169149695, 48.976250430770165 ], [ 122.065369012190374, 48.933032426780905 ], [ 122.065369012190374, 48.886891949531872 ], [ 121.98639069471713, 48.878235866237127 ], [ 121.909606219395926, 48.850815051574095 ], [ 121.852566323443014, 48.837821000378241 ], [ 121.786751058881975, 48.843596550476086 ], [ 121.731905005081089, 48.843596550476086 ], [ 121.67705895128023, 48.827712185151711 ], [ 121.673768188052236, 48.81543445307846 ], [ 121.716548110016916, 48.797373500893045 ], [ 121.733001926157129, 48.798096063874041 ], [ 121.580529896590676, 48.603351340560678 ], [ 121.565173001526446, 48.604802037313704 ], [ 121.549816106462231, 48.622207148261495 ], [ 121.523490000637764, 48.63525704405054 ], [ 121.479613157597086, 48.632357358857504 ], [ 121.448899367468641, 48.619306713105082 ], [ 121.402828682275882, 48.601900602138592 ], [ 121.385277945059613, 48.58303721064685 ], [ 121.347982628475023, 48.569973814044516 ], [ 121.297524258978228, 48.577231673340599 ], [ 121.262422784545663, 48.572877082786569 ], [ 121.233902836569214, 48.549646265113893 ], [ 121.196607519984624, 48.536574241371248 ], [ 121.13737378187966, 48.536574241371248 ], [ 121.117629202511367, 48.506059722725347 ], [ 121.135179939727664, 48.421686016832538 ], [ 121.113241518207303, 48.388188636010774 ], [ 121.016712463517777, 48.338630353305177 ], [ 120.979417146933173, 48.309455896315356 ], [ 120.961866409716876, 48.274424519116117 ], [ 120.975029462629095, 48.252517703493517 ], [ 121.003549410605558, 48.217447268308376 ], [ 120.994774041997388, 48.188203541850129 ], [ 120.876306565787559, 48.119415060075411 ], [ 120.819266669834647, 48.109162076488211 ], [ 120.768808300337852, 48.098907046967916 ], [ 120.760032931729697, 48.07545929637844 ], [ 120.768808300337852, 48.052000855470126 ], [ 120.803909774770403, 48.02706454753811 ], [ 120.814878985530584, 48.000648241460119 ], [ 120.821460511986643, 47.975687081190785 ], [ 120.858755828571262, 47.958060169953235 ], [ 120.91360188237212, 47.946305553646496 ], [ 120.935540303892495, 47.912496137184959 ], [ 120.911408040220081, 47.893376689730175 ], [ 120.871918881483467, 47.869835367501253 ], [ 120.781971353250057, 47.831557900992919 ], [ 120.60427013893522, 47.756393108600747 ], [ 120.582331717414831, 47.701793729106974 ], [ 120.595494770327065, 47.56874543917813 ], [ 120.634983929063694, 47.543576053564131 ], [ 120.689829982864552, 47.519876175513879 ], [ 120.755645247425605, 47.490236266008246 ], [ 120.755645247425605, 47.448712274358066 ], [ 120.746869878817463, 47.398246176834228 ], [ 120.70518687792881, 47.367051770038245 ], [ 120.663503877040156, 47.331378416234067 ], [ 120.64156545551981, 47.288240942666974 ], [ 120.665697719192195, 47.166075467164461 ], [ 120.643759297671807, 47.092939735817055 ], [ 120.490190347029397, 47.043628385210575 ], [ 120.474833451965182, 47.060070570978276 ], [ 120.439731977532603, 47.080989658102212 ], [ 120.395855134491924, 47.09144612271524 ], [ 120.299326079802384, 47.097420323790246 ], [ 120.200603182960819, 47.101900534768419 ], [ 120.123818707639643, 47.078001719775749 ], [ 120.082135706750961, 47.088458770844504 ], [ 119.946117493324806, 47.118324749689783 ], [ 119.829843859266958, 47.134743896395157 ], [ 119.728927120273369, 47.140713238656758 ], [ 119.649948802800097, 47.128773883984771 ], [ 119.597296591151292, 47.085471251416585 ], [ 119.549032063806507, 47.027181130265127 ], [ 119.553419748110585, 46.995767748226775 ], [ 119.579745853935009, 46.958346772822999 ], [ 119.610459644063496, 46.917902703585021 ], [ 119.632398065583828, 46.86692967725169 ], [ 119.603878117607394, 46.814406835839975 ], [ 119.55588782053114, 46.797748254123256 ], [ 119.607168880835516, 46.774605385132389 ], [ 119.828746938191046, 46.770097705598381 ], [ 119.999866626049737, 46.768595061912485 ], [ 120.111752575803507, 46.749056879149911 ], [ 120.212669314797097, 46.737029860585892 ], [ 120.307004527334598, 46.732519036887489 ], [ 120.335524475311075, 46.718984301878102 ], [ 120.436441214304637, 46.711463537272543 ], [ 120.522001058234025, 46.700932705932225 ], [ 120.579040954186937, 46.69190464392387 ], [ 120.638274692291844, 46.69641886360062 ], [ 120.706283799004936, 46.69190464392387 ], [ 120.807200537998526, 46.676854519685882 ], [ 120.916892645600299, 46.660294540228449 ], [ 121.020003226745885, 46.636198240382726 ], [ 121.129695334347659, 46.613598210011787 ], [ 121.204285967516839, 46.609077071726389 ], [ 121.248162810557545, 46.606062769863229 ], [ 121.254744337013634, 46.628665945255896 ], [ 121.224030546885146, 46.6693278852403 ], [ 121.215255178277019, 46.706950575399155 ], [ 121.210867493972955, 46.732519036887503 ], [ 121.221836704733079, 46.753566319384873 ], [ 121.270101232077877, 46.768595061912485 ], [ 121.318365759422619, 46.765589648778018 ], [ 121.351273391703174, 46.750560067817325 ], [ 121.381987181831647, 46.753566319384873 ], [ 121.406119445504032, 46.761081214667662 ], [ 121.423670182720301, 46.777610295220015 ], [ 121.489485447281353, 46.788126160053146 ], [ 121.564076080450533, 46.800141776149914 ], [ 121.59917755488307, 46.804646940536031 ], [ 121.680349714508367, 46.813656137538246 ], [ 121.752746505525508, 46.857179317528654 ], [ 121.750552663373483, 46.920150397760587 ], [ 121.746164979069391, 47.005492912328293 ], [ 121.746164979069391, 47.051850111728676 ], [ 121.83830634945484, 47.096673585308416 ], [ 121.926060035536253, 47.122056818972951 ], [ 122.00942603731356, 47.144443737265028 ], [ 122.103761249851061, 47.18620743813117 ], [ 122.465745204936809, 47.354420214727597 ], [ 122.524978943041745, 47.382651280730144 ], [ 122.590794207602812, 47.528024216640183 ], [ 122.628089524187374, 47.541354644969246 ], [ 122.974716584208863, 47.699579033433949 ], [ 123.069051796746336, 47.721721756558921 ], [ 123.123897850547252, 47.739429161571962 ], [ 123.17874390434811, 47.783671335235773 ], [ 123.297211380557997, 47.933813344070977 ], [ 123.363026645119021, 47.955856383062788 ], [ 123.588992386778614, 48.043934547233818 ], [ 123.667970704251857, 48.12893385581679 ], [ 123.988271658448895, 48.372889018349831 ], [ 124.117708345418961, 48.455888816886471 ], [ 124.203268189348321, 48.512600095686068 ], [ 124.251532716693063, 48.521319279876884 ], [ 124.299797244037848, 48.487887590770988 ], [ 124.315154139102091, 48.431148669657468 ], [ 124.326123349862243, 48.381632220080768 ], [ 124.378775561511091, 48.291213386262804 ], [ 124.424846246703794, 48.206482827375915 ], [ 124.457753878984306, 48.187472234773892 ], [ 124.45556003683231, 48.161138229896892 ], [ 124.438009299616013, 48.140646875201959 ], [ 124.431427773159911, 48.121611861814579 ], [ 124.446784668224183, 48.124540784669108 ], [ 124.479692300504709, 48.143574712556429 ], [ 124.508212248481158, 48.161138229896892 ], [ 124.503824564177066, 48.206482827375915 ], [ 124.523569143545387, 48.23279354156179 ], [ 124.547701407217772, 48.251787314605188 ], [ 124.565252144434012, 48.266393110210636 ], [ 124.541119880761684, 48.316021604084419 ], [ 124.51918145924131, 48.400570672894133 ], [ 124.532344512153514, 48.457343744391778 ], [ 124.538926038609631, 48.505332962510678 ], [ 124.547701407217801, 48.577957401968185 ], [ 124.595965934562571, 48.649028272904381 ], [ 124.598159776714581, 48.702627748891913 ], [ 124.624485882538991, 48.751831048901856 ], [ 124.679331936339878, 48.857310812891455 ], [ 124.734177990140751, 48.897709946905344 ], [ 124.778054833181443, 48.9539258036612 ], [ 124.806574781157906, 49.060417866915536 ], [ 124.804380939005839, 49.102089137176939 ], [ 124.808768623309945, 49.143725446224217 ], [ 124.876777730023022, 49.182458864468721 ], [ 124.927236099519817, 49.192495916619421 ], [ 124.988663679776792, 49.183892853721318 ], [ 125.028152838513421, 49.182458864468721 ], [ 125.072029681554099, 49.152335490712233 ], [ 125.107131155986679, 49.137984585324482 ], [ 125.144426472571269, 49.152335490712233 ], [ 125.159783367635484, 49.178156647385457 ], [ 125.205854052828215, 49.219729080872462 ], [ 125.221210947892459, 49.289892767601586 ], [ 125.251924738020918, 49.318502348735251 ], [ 125.245343211564801, 49.354240967891727 ], [ 125.287026212453483, 49.455597174243628 ], [ 125.243149369412805, 49.612214887458052 ], [ 125.251924738020961, 49.670462224691818 ], [ 125.223404790044512, 49.727221755843807 ], [ 125.225598632196508, 49.752741916923881 ], [ 125.208047894980254, 49.809405336878434 ], [ 125.216823263588395, 49.909819743954031 ], [ 125.201466368524123, 49.95642020374963 ], [ 125.236567842956688, 50.102987572325517 ], [ 125.271669317389254, 50.219638797321672 ], [ 125.2936077389096, 50.254718936179515 ], [ 125.313352318277936, 50.312194492752333 ], [ 125.30457694966978, 50.350006352102433 ], [ 125.282638528149434, 50.377995739219948 ], [ 125.306770791821833, 50.429732595915915 ], [ 125.311158476125897, 50.466054441096404 ], [ 125.295801581061639, 50.503743774166182 ], [ 125.2936077389096, 50.546979648517528 ], [ 125.324321529038102, 50.56649254352196 ], [ 125.392330635751136, 50.598531907908317 ], [ 125.447176689552052, 50.658373128168989 ], [ 125.504216585504906, 50.712581868845419 ], [ 125.572225692218026, 50.798630977779119 ], [ 125.609521008802616, 50.866525637380029 ], [ 125.620490219562797, 50.932938956417409 ], [ 125.651204009691241, 51.004779851451865 ], [ 125.695080852731977, 51.057208714221623 ], [ 125.697274694884001, 51.099935707968733 ], [ 125.754314590836913, 51.143999611245818 ], [ 125.816839092169857, 51.190083985734326 ], [ 125.761993038368971, 51.268390402147681 ], [ 125.713728511024229, 51.347933882826965 ], [ 125.698371615959971, 51.382177350383969 ], [ 125.707146984568112, 51.431442968209055 ], [ 125.731279248240497, 51.48065551890403 ], [ 125.75102382760879, 51.514799690386496 ], [ 125.748829985456737, 51.532544551998555 ], [ 125.628168667094855, 51.554374889821389 ], [ 125.415365978347495, 51.61162970744811 ], [ 125.263990869857096, 51.656565035928573 ], [ 125.154298762255323, 51.642952970773429 ], [ 125.007311338068973, 51.618440952252939 ], [ 124.82083475514608, 51.543461030029789 ], [ 124.730887226912643, 51.501145091149539 ], [ 124.629970487919067, 51.453321763220998 ], [ 124.550992170445781, 51.431442968209055 ], [ 124.399617061955411, 51.409553690799278 ], [ 124.329414113090266, 51.382177350383969 ], [ 124.267986532833291, 51.372591760427596 ], [ 124.191202057512086, 51.384915721698881 ], [ 124.129774477255111, 51.41229042379409 ], [ 124.068346896998165, 51.454688839902651 ], [ 124.011307001045253, 51.454688839902651 ], [ 123.932328683571981, 51.439648744646306 ], [ 123.877482629771123, 51.451954645599621 ], [ 123.798504312297865, 51.497047913381024 ], [ 123.686618362544095, 51.584374505845972 ], [ 123.559375517726053, 51.599366890864381 ], [ 123.397031198475489, 51.598004151237696 ], [ 123.331215933914464, 51.600729589599688 ], [ 123.201779246944398, 51.588463828854664 ], [ 123.155708561751709, 51.580284814769939 ], [ 123.087699455038589, 51.591189839718005 ], [ 123.004333453261268, 51.58982685473358 ], [ 122.936324346548233, 51.585737654411297 ] ] ] ] } },
{ "type": "Feature", "properties": { "fid": 13, "Name": "Longjiang", "Name_zh": "龙江", "Name_old": "Lungkiang" }, "geometry": { "type": "MultiPolygon", "coordinates": [ [ [ [ 125.816839092169857, 51.190083985734326 ], [ 125.754314590836913, 51.143999611245818 ], [ 125.697274694884001, 51.099935707968733 ], [ 125.695080852731977, 51.057208714221623 ], [ 125.651204009691241, 51.004779851451865 ], [ 125.620490219562797, 50.932938956417409 ], [ 125.609521008802616, 50.866525637380029 ], [ 125.572225692218026, 50.798630977779119 ], [ 125.504216585504906, 50.712581868845412 ], [ 125.447176689552052, 50.658373128168975 ], [ 125.392330635751136, 50.59853190790831 ], [ 125.324321529038102, 50.566492543521946 ], [ 125.2936077389096, 50.546979648517528 ], [ 125.295801581061639, 50.503743774166182 ], [ 125.311158476125897, 50.466054441096404 ], [ 125.306770791821833, 50.429732595915915 ], [ 125.282638528149434, 50.377995739219948 ], [ 125.30457694966978, 50.350006352102433 ], [ 125.313352318277936, 50.312194492752333 ], [ 125.2936077389096, 50.254718936179515 ], [ 125.271669317389254, 50.219638797321672 ], [ 125.236567842956688, 50.102987572325517 ], [ 125.201466368524123, 49.95642020374963 ], [ 125.216823263588395, 49.909819743954031 ], [ 125.208047894980254, 49.809405336878434 ], [ 125.225598632196508, 49.752741916923881 ], [ 125.223404790044512, 49.727221755843807 ], [ 125.251924738020961, 49.670462224691818 ], [ 125.243149369412805, 49.612214887458052 ], [ 125.287026212453483, 49.455597174243628 ], [ 125.245343211564801, 49.354240967891727 ], [ 125.251924738020918, 49.318502348735244 ], [ 125.221210947892459, 49.289892767601572 ], [ 125.205854052828215, 49.219729080872462 ], [ 125.159783367635484, 49.178156647385443 ], [ 125.144426472571269, 49.152335490712225 ], [ 125.107131155986679, 49.137984585324482 ], [ 125.072029681554099, 49.152335490712225 ], [ 125.028152838513421, 49.182458864468721 ], [ 124.988663679776792, 49.183892853721318 ], [ 124.927236099519817, 49.192495916619414 ], [ 124.876777730023022, 49.182458864468721 ], [ 124.808768623309945, 49.143725446224217 ], [ 124.804380939005839, 49.102089137176939 ], [ 124.806574781157906, 49.060417866915529 ], [ 124.778054833181443, 48.9539258036612 ], [ 124.734177990140751, 48.89770994690533 ], [ 124.679331936339878, 48.857310812891448 ], [ 124.624485882538991, 48.751831048901849 ], [ 124.598159776714581, 48.702627748891913 ], [ 124.595965934562571, 48.649028272904381 ], [ 124.547701407217801, 48.577957401968185 ], [ 124.538926038609631, 48.505332962510678 ], [ 124.532344512153514, 48.457343744391778 ], [ 124.51918145924131, 48.400570672894133 ], [ 124.541119880761684, 48.316021604084412 ], [ 124.565252144434012, 48.266393110210636 ], [ 124.547701407217772, 48.251787314605181 ], [ 124.523569143545387, 48.23279354156179 ], [ 124.503824564177066, 48.206482827375915 ], [ 124.508212248481158, 48.161138229896892 ], [ 124.479692300504709, 48.143574712556429 ], [ 124.446784668224183, 48.124540784669108 ], [ 124.431427773159911, 48.121611861814571 ], [ 124.438009299616013, 48.140646875201952 ], [ 124.45556003683231, 48.161138229896892 ], [ 124.457753878984306, 48.187472234773892 ], [ 124.424846246703794, 48.206482827375915 ], [ 124.378775561511091, 48.291213386262804 ], [ 124.326123349862243, 48.381632220080768 ], [ 124.315154139102091, 48.431148669657468 ], [ 124.299797244037848, 48.487887590770981 ], [ 124.251532716693063, 48.521319279876884 ], [ 124.203268189348321, 48.512600095686061 ], [ 124.117708345418961, 48.455888816886471 ], [ 123.988271658448895, 48.372889018349824 ], [ 123.667970704251857, 48.12893385581679 ], [ 123.588992386778614, 48.043934547233818 ], [ 123.363026645119021, 47.95585638306278 ], [ 123.297211380557997, 47.933813344070977 ], [ 123.17874390434811, 47.783671335235773 ], [ 123.123897850547252, 47.739429161571962 ], [ 123.069051796746336, 47.721721756558921 ], [ 122.974716584208863, 47.699579033433949 ], [ 122.628089524187374, 47.541354644969239 ], [ 122.590794207602812, 47.528024216640183 ], [ 122.524978943041745, 47.382651280730144 ], [ 122.403220703603836, 47.324686978078837 ], [ 122.427352967276249, 47.283776435860929 ], [ 122.489877468609222, 47.220488773304801 ], [ 122.561177338550351, 47.170549898099544 ], [ 122.643446419251674, 47.117578304418771 ], [ 122.718037052420854, 47.086218146982176 ], [ 122.780561553753827, 47.065301112513538 ], [ 122.84637681831488, 47.047365690728988 ], [ 122.903416714267777, 47.033162536774881 ], [ 122.952778162688574, 47.009980852557177 ], [ 122.994461163577213, 46.956849389086742 ], [ 123.037241085541893, 46.891672637740925 ], [ 123.072342559974459, 46.836922912162017 ], [ 123.132673219155421, 46.791130315589008 ], [ 123.206166931248575, 46.76032977230139 ], [ 123.258819142897408, 46.770097705598403 ], [ 123.338894381446678, 46.785872933363819 ], [ 123.400321961703639, 46.824915511760942 ], [ 123.468331068416731, 46.835422133814255 ], [ 123.522080201141591, 46.842175306303083 ], [ 123.551697070194038, 46.866929677251761 ], [ 123.583507781398538, 46.908910983975829 ], [ 123.607640045070951, 46.933634582746812 ], [ 123.648226124883593, 46.93138745430219 ], [ 123.661389177795797, 46.883426252033587 ], [ 123.617512334755062, 46.849677835832615 ], [ 123.58241086032254, 46.819661430536947 ], [ 123.541824780509884, 46.755820898014704 ], [ 123.518789437913526, 46.730263483544803 ], [ 123.488075647785024, 46.725752093870085 ], [ 123.409097330311766, 46.652012647921367 ], [ 123.358638960814972, 46.618872394342922 ], [ 123.309277512394203, 46.612091205851087 ], [ 123.268691432581548, 46.596265130352151 ], [ 123.220426905236806, 46.610584159755994 ], [ 123.175453141120101, 46.624146064984856 ], [ 123.114025560863126, 46.609830620983018 ], [ 122.984588873893074, 46.550267928354181 ], [ 122.900125951039712, 46.495170814808425 ], [ 122.885865977051481, 46.483087269352204 ], [ 122.880381371671419, 46.448332122718455 ], [ 122.833213765402689, 46.371187206506612 ], [ 122.950584320536507, 46.290901377550227 ], [ 123.048210296302045, 46.270432380175997 ], [ 123.199585404792458, 46.190758026597337 ], [ 123.323537486382435, 46.142137875855681 ], [ 123.223717668464843, 46.056187996502679 ], [ 122.857346029075089, 45.827352392777186 ], [ 122.710358604888739, 45.853334552345459 ], [ 122.451485230948634, 45.937311357278617 ], [ 122.372506913475391, 45.937311357278617 ], [ 122.282559385241953, 45.888467574119787 ], [ 122.203581067768738, 45.833466933642335 ], [ 122.137765803207685, 45.824294870444838 ], [ 122.010522958389672, 45.83193836140083 ], [ 121.760424953057694, 45.871667595350253 ], [ 121.33262573341095, 45.944939315337329 ], [ 121.148342992640025, 45.955616693545252 ], [ 121.034263200734202, 45.969341728865558 ], [ 120.924571093132485, 45.954091479734316 ], [ 120.93773414604469, 45.918999976126116 ], [ 121.01232477921387, 45.873195076053193 ], [ 121.143955308335961, 45.802887511941094 ], [ 121.170281414160371, 45.769230751277824 ], [ 121.229515152265293, 45.6727376086871 ], [ 121.306299627586498, 45.589896557243797 ], [ 121.422573261644359, 45.494631754062034 ], [ 121.530071527094066, 45.459250535947447 ], [ 121.582723738742871, 45.394584030948359 ], [ 121.628794423935631, 45.343722663169885 ], [ 121.705578899256835, 45.298988553658589 ], [ 121.786751058882146, 45.291272206295126 ], [ 121.850372481291146, 45.291272206295126 ], [ 121.903024692939965, 45.266572838939375 ], [ 121.975421483957092, 45.246496686148888 ], [ 122.032461379910032, 45.226413435477056 ], [ 122.098276644471056, 45.176947501768943 ], [ 122.111439697383275, 45.147556754637193 ], [ 122.093888960166936, 45.115054604523053 ], [ 122.076338222950682, 45.068590831092983 ], [ 122.142153487511735, 44.991067207207827 ], [ 122.175061119792247, 44.910331252178935 ], [ 122.188224172704452, 44.831037597031681 ], [ 122.229907173593119, 44.757866325822917 ], [ 122.295722438154129, 44.665881696278191 ], [ 122.333017754738748, 44.562810394794901 ], [ 122.346180807650924, 44.472081566726615 ], [ 122.354956176259108, 44.404725900978072 ], [ 122.348374649803006, 44.337292592450694 ], [ 122.379088439931493, 44.307471747254013 ], [ 122.462454441708815, 44.294911067119372 ], [ 122.528269706269839, 44.288629719335034 ], [ 122.580921917918673, 44.291770477203222 ], [ 122.684032499064287, 44.3467065522564 ], [ 122.791530764514008, 44.406293193651258 ], [ 122.927548977940162, 44.481473858716669 ], [ 123.041628769845985, 44.525284565396639 ], [ 123.10963787655902, 44.542486906550593 ], [ 123.212748457704691, 44.570625231228597 ], [ 123.274176037961638, 44.575313629135444 ], [ 123.267594511505578, 44.672122562186132 ], [ 123.322440565306437, 44.759424127372256 ], [ 123.359735881891055, 44.818589464547188 ], [ 123.429938830756157, 44.869920685965262 ], [ 123.454071094428556, 44.890129518118044 ], [ 123.467234147340747, 44.921206168936621 ], [ 123.741464416345096, 45.0081314136415 ], [ 123.783147417233749, 45.042244580201533 ], [ 123.809473523058159, 45.121246918273826 ], [ 123.877482629771222, 45.175400998342248 ], [ 123.936716367876173, 45.21405098402775 ], [ 123.982787053068876, 45.252674719915944 ], [ 124.028857738261621, 45.303617858093688 ], [ 124.193395899664239, 45.36376441922927 ], [ 124.296506480809853, 45.406907171972904 ], [ 124.386454009043305, 45.428466201296857 ], [ 124.351352534610754, 45.508470531294535 ], [ 124.33599563954651, 45.540747783369874 ], [ 124.267986532833419, 45.549966453911289 ], [ 124.25043579561715, 45.586826018650633 ], [ 124.230691216248829, 45.602177031942205 ], [ 124.226303531944765, 45.622127071487931 ], [ 124.140743688015391, 45.615989353623618 ], [ 124.131968319407292, 45.64207001456321 ], [ 124.160488267383741, 45.654339067724578 ], [ 124.1275806351032, 45.669671605088531 ], [ 124.094673002822645, 45.69266253814255 ], [ 124.057377686238084, 45.706452563196969 ], [ 124.05299000193402, 45.744740343539739 ], [ 124.050796159781967, 45.783001882222052 ], [ 124.048602317629914, 45.81359221979892 ], [ 124.079316107758416, 45.828881090968309 ], [ 124.09028531851861, 45.85791837985213 ], [ 124.48078922158075, 46.007448987005262 ], [ 124.647521225135435, 46.120092721941589 ], [ 124.706754963240343, 46.152017321934458 ], [ 124.803284017929883, 46.176328404445492 ], [ 124.917363809835706, 46.196073248481284 ], [ 124.926139178443833, 46.214292963718052 ], [ 124.910782283379618, 46.253748283831435 ], [ 124.733081069064795, 46.449087905332412 ], [ 124.69359191032818, 46.494415671862392 ], [ 124.680428857415961, 46.523103732335059 ], [ 124.704561121088346, 46.577418536017774 ], [ 124.741856437672908, 46.621132601804177 ], [ 124.772570227801438, 46.658788835971066 ], [ 124.759407174889205, 46.687390046898493 ], [ 124.59706285563864, 46.76709237630579 ], [ 124.866905440338911, 46.990530388173575 ], [ 124.908588441227536, 46.996515900621034 ], [ 124.963434495028451, 46.977060534030713 ], [ 125.005117495917105, 46.95909544897772 ], [ 125.048994338957769, 46.962090048839684 ], [ 125.138941867191193, 46.989033905313306 ], [ 125.211338658208376, 47.001004595017648 ], [ 125.360519924546736, 47.0219468496879 ], [ 125.564547244685983, 47.038395717597055 ], [ 125.816839092169985, 47.051850111728719 ], [ 125.902398936099317, 47.051850111728719 ], [ 125.922143515467639, 47.071278245892131 ], [ 125.93311272622779, 47.086218146982191 ], [ 126.044998675981574, 47.104140498885776 ], [ 126.174435362951613, 47.122056818972986 ], [ 126.279739786249266, 47.135490100826473 ], [ 126.314841260681831, 47.160854821345296 ], [ 126.406982631067279, 47.339555689446868 ], [ 126.450859474107986, 47.373737839685525 ], [ 126.49912400145277, 47.456871361904149 ], [ 126.549582370949551, 47.480599691826534 ], [ 126.558357739557664, 47.514690399479562 ], [ 126.551776213101604, 47.548758974226942 ], [ 126.608816109054459, 47.631616013825543 ], [ 126.694375952983876, 47.687765734209471 ], [ 126.77116042830508, 47.705484679491441 ], [ 126.863301798690557, 47.706960986471039 ], [ 126.992738485660567, 47.712865796256658 ], [ 127.041003013005366, 47.733527362195467 ], [ 127.135338225542839, 47.789567449015536 ], [ 127.21431654301611, 47.793989095429758 ], [ 127.332784019225983, 47.791041372955213 ], [ 127.449057653283816, 47.777774552612364 ], [ 127.512679075692787, 47.746805470092276 ], [ 127.558749760885533, 47.733527362195474 ], [ 127.613595814686406, 47.704008330698116 ], [ 127.622371183294561, 47.678904003519037 ], [ 127.589463551014035, 47.658220777403379 ], [ 127.503903707084675, 47.640485773949777 ], [ 127.488546812020431, 47.59760131808121 ], [ 127.523648286452996, 47.551720413085498 ], [ 127.580688182405879, 47.528024216640198 ], [ 127.657472657727112, 47.514690399479562 ], [ 127.734257133048331, 47.485047561124127 ], [ 127.832980029889868, 47.44648684896562 ], [ 127.938284453187549, 47.45093760559373 ], [ 128.001905875596549, 47.45093760559373 ], [ 128.045782718637241, 47.464287615747466 ], [ 128.074302666613676, 47.505799305286182 ], [ 128.105016456742192, 47.557642788791931 ], [ 128.247616196624449, 47.60499769934745 ], [ 128.359502146378219, 47.612393034930435 ], [ 128.425317410939272, 47.618308550521419 ], [ 128.517458781324706, 47.670040767403933 ], [ 128.543784887149172, 47.690719309908367 ], [ 128.561335624365427, 47.737953774441827 ], [ 128.554754097909324, 47.80135767009773 ], [ 128.486744991196247, 47.836712282498354 ], [ 128.429705095243349, 47.869099528801321 ], [ 128.390215936506706, 47.929403608214841 ], [ 128.366083672834179, 47.956590989137247 ], [ 128.256391565232434, 47.955121766543904 ], [ 128.021650454964714, 47.941896883185294 ], [ 127.848336924953941, 47.928668615680131 ], [ 127.832980029889725, 47.94483603860531 ], [ 127.824204661281584, 47.974218401685938 ], [ 127.811041608369379, 47.991839798677503 ], [ 127.747420185960351, 48.050534347939831 ], [ 127.701349500767662, 48.142842768873436 ], [ 127.657472657726984, 48.271504152832769 ], [ 127.600432761774073, 48.39547255204883 ], [ 127.681604921399369, 48.625107416755611 ], [ 127.591657393165931, 48.764124352042224 ], [ 127.569718971645599, 48.855145652766829 ], [ 127.545586707973214, 48.925825785832586 ], [ 127.473189916956045, 48.996406020297187 ], [ 127.457833021891801, 49.05107295761767 ], [ 127.479771443412162, 49.147313146591934 ], [ 127.506097549236571, 49.286315401956763 ], [ 127.503903707084518, 49.344951423299264 ], [ 127.470996074804006, 49.384955427049533 ], [ 127.446863811131635, 49.430634439481025 ], [ 127.444669968979625, 49.459162241822035 ], [ 127.330590177073773, 49.479121827954458 ], [ 127.220898069472057, 49.509045960397742 ], [ 127.194571963647618, 49.476270956390159 ], [ 127.152888962758936, 49.452031847328357 ], [ 127.11339980402235, 49.452031847328357 ], [ 127.060747592373517, 49.474845458374382 ], [ 127.014676907180757, 49.489098571557875 ], [ 126.95324932692381, 49.493373696516187 ], [ 126.878658693754602, 49.476270956390159 ], [ 126.819424955649694, 49.467717345946461 ], [ 126.600040740446204, 49.44917939907026 ], [ 126.516674738668883, 49.470568715388751 ], [ 126.472797895628204, 49.514743720972376 ], [ 126.424533368283406, 49.584487432160444 ], [ 126.428921052587469, 49.682529172633686 ], [ 126.450859474107858, 49.853981145739745 ], [ 126.444277947651756, 49.897809296357536 ], [ 126.435502579043643, 49.955714472371426 ], [ 126.453053316259911, 50.00509069184583 ], [ 126.494736317148536, 50.12479345496503 ], [ 126.494736317148536, 50.255420275673323 ], [ 126.472797895628204, 50.303087143555203 ], [ 126.459634842716028, 50.361903858549532 ], [ 126.466216369172088, 50.399676161613208 ], [ 126.424533368283463, 50.539311658189924 ], [ 126.415757999675293, 50.590872303769494 ], [ 126.365299630178498, 50.636811234800625 ], [ 126.314841260681703, 50.68826518019106 ], [ 126.308259734225615, 50.76742176676543 ], [ 126.328004313593937, 50.893517472780957 ], [ 126.330198155745961, 50.973708486201922 ], [ 126.323616629289873, 51.020652739718692 ], [ 126.356524261570385, 51.078577143298716 ], [ 126.35871810372241, 51.103379714035334 ], [ 126.297290523465463, 51.251915913346792 ], [ 126.275352101945117, 51.261526749347162 ], [ 126.240250627512552, 51.245049800358338 ], [ 126.19856762662387, 51.213452475569788 ], [ 126.108620098390432, 51.18320864425332 ], [ 126.064743255349754, 51.174956880601876 ], [ 126.003315675092779, 51.172205964491141 ], [ 125.911174304707359, 51.173581443061195 ], [ 125.836583671538179, 51.184583794600471 ], [ 125.816839092169857, 51.190083985734326 ] ] ] ] } },
{ "type": "Feature", "properties": { "fid": 14, "Name": "Sanjiang", "Name_zh": "三江", "Name_old": "Sankiang" }, "geometry": { "type": "MultiPolygon", "coordinates": [ [ [ [ 130.724738216540089, 48.269907006923518 ], [ 130.683055215651422, 48.198303653339536 ], [ 130.656729109827012, 48.158805921431963 ], [ 130.6630859375, 48.116644598431613 ], [ 130.664453125000023, 48.102313543744103 ], [ 130.670654296875, 48.086859442181613 ], [ 130.674560546875, 48.064227606244117 ], [ 130.682128906249972, 48.05060455936912 ], [ 130.857031250000034, 47.92804596561912 ], [ 130.906640625000023, 47.884466864056598 ], [ 130.94140625, 47.820868231244113 ], [ 130.942138671875, 47.790057684369096 ], [ 130.938085937500034, 47.751336981244116 ], [ 130.941699218750045, 47.71820709843162 ], [ 130.965332031249972, 47.70416901249412 ], [ 130.983300781250023, 47.70026276249412 ], [ 131.023193359374972, 47.682562567181598 ], [ 131.043847656250023, 47.677508856244096 ], [ 131.084082031250034, 47.67536041874412 ], [ 131.103613281250034, 47.676776434369096 ], [ 131.12890625, 47.681512762494094 ], [ 131.166894531250023, 47.697381903119116 ], [ 131.2099609375, 47.709418035931598 ], [ 131.418066406250034, 47.74286530155662 ], [ 131.440527343750006, 47.741400457806613 ], [ 131.474609375, 47.734686590619106 ], [ 131.507421875000034, 47.721795965619108 ], [ 131.537597656249972, 47.703485418744116 ], [ 131.5771484375, 47.668817449994101 ], [ 131.58447265625, 47.664911199994116 ], [ 131.593652343750023, 47.662616278119103 ], [ 131.602929687500023, 47.661737371869101 ], [ 131.6123046875, 47.662225653119101 ], [ 131.621484375000023, 47.664081121869103 ], [ 131.630371093749972, 47.667108465619101 ], [ 131.683203125000034, 47.694891668744106 ], [ 131.702636718749972, 47.696405340619116 ], [ 131.780029296875, 47.679315496869101 ], [ 131.798828125, 47.679632879681606 ], [ 131.835693359375, 47.68483307499411 ], [ 131.854296875000045, 47.684344793744096 ], [ 131.864648437500023, 47.681830145306598 ], [ 131.89404296875, 47.670233465619106 ], [ 131.903222656250023, 47.66840241093162 ], [ 131.913671875000034, 47.66791412968162 ], [ 131.924072265625, 47.66920807499411 ], [ 131.9326171875, 47.672479559369116 ], [ 131.957031249999972, 47.687201239056598 ], [ 131.966015625000011, 47.690252996869106 ], [ 132.025, 47.698065496869106 ], [ 132.088867187499972, 47.695013739056613 ], [ 132.116699218749972, 47.689715887494103 ], [ 132.161376953124972, 47.690252996869106 ], [ 132.188720703125, 47.695868231244106 ], [ 132.201904296875, 47.700751043744106 ], [ 132.250488281249972, 47.725604559369117 ], [ 132.264160156249972, 47.729071356244113 ], [ 132.33203125, 47.73676178593162 ], [ 132.3662109375, 47.735614324994117 ], [ 132.400292968749994, 47.730096746869101 ], [ 132.453027343750023, 47.71076080936912 ], [ 132.4755859375, 47.70709869999412 ], [ 132.524316406249994, 47.70770905155662 ], [ 132.536132812499972, 47.711297918744108 ], [ 132.546875, 47.717059637494117 ], [ 132.556542968750023, 47.72370026249412 ], [ 132.573828125000034, 47.73981354374412 ], [ 132.580078125, 47.748236395306606 ], [ 132.582031249999972, 47.75641510624412 ], [ 132.58056640625, 47.765008856244101 ], [ 132.573437499999983, 47.782489324994103 ], [ 132.573437499999983, 47.78864166874412 ], [ 132.576171875, 47.794501043744106 ], [ 132.581054687499972, 47.80097077030662 ], [ 132.607177734375, 47.827826239056598 ], [ 132.658593750000023, 47.870062567181606 ], [ 132.667675781250011, 47.881537176556606 ], [ 132.671972656250034, 47.894720770306598 ], [ 132.671142578124972, 47.902777410931613 ], [ 132.667871093750023, 47.909613348431613 ], [ 132.663818359374972, 47.916083074994106 ], [ 132.660546875000023, 47.923285223431613 ], [ 132.660156249999972, 47.93158600468162 ], [ 132.662988281250023, 47.938910223431606 ], [ 132.667871093750023, 47.945379949994113 ], [ 132.674414062500034, 47.950873114056613 ], [ 132.688867187499994, 47.95802643436911 ], [ 132.705468750000023, 47.960565496869087 ], [ 132.722265625, 47.95917389530662 ], [ 132.73779296875, 47.954413153119113 ], [ 132.76220703125, 47.93964264530662 ], [ 132.774658203125, 47.933954168744116 ], [ 132.789257812500011, 47.932977606244101 ], [ 132.805566406250023, 47.936468817181606 ], [ 132.820312499999972, 47.94257233280662 ], [ 132.833105468750006, 47.95184967655662 ], [ 132.853271484375, 47.976385809369106 ], [ 132.864501953124972, 47.985907293744106 ], [ 132.940039062500006, 48.022821356244101 ], [ 132.940527343749977, 48.02692291874412 ], [ 133.0244140625, 48.052679754681613 ], [ 133.032470703125, 48.057074285931613 ], [ 133.0390625, 48.061786199994117 ], [ 133.04375, 48.066473699994113 ], [ 133.047265625000023, 48.071844793744106 ], [ 133.05078125, 48.07880280155662 ], [ 133.060644531250034, 48.092108465619106 ], [ 133.075, 48.101141668744106 ], [ 133.091699218750023, 48.107001043744098 ], [ 133.184814453125, 48.125067449994113 ], [ 133.223388671875, 48.126239324994096 ], [ 133.2625, 48.119696356244098 ], [ 133.2724609375, 48.115350653119087 ], [ 133.29052734375, 48.104608465619116 ], [ 133.301171875000023, 48.10150787968162 ], [ 133.323242187499972, 48.100409246869098 ], [ 133.379199218750017, 48.106561590619108 ], [ 133.395898437499994, 48.106146551556598 ], [ 133.412841796874972, 48.103290106244124 ], [ 133.450585937500023, 48.091620184369098 ], [ 133.463378906249972, 48.089715887494116 ], [ 133.524023437500034, 48.09572174686911 ], [ 133.543554687500006, 48.101825262494096 ], [ 133.559667968750006, 48.113544012494096 ], [ 133.57177734375, 48.133002020306606 ], [ 133.577539062500023, 48.145282293744103 ], [ 133.58447265625, 48.155585028119106 ], [ 133.593359375000034, 48.164374090619113 ], [ 133.605175781250011, 48.17189362186911 ], [ 133.62109375, 48.177557684369106 ], [ 133.654296874999972, 48.18414948124412 ], [ 133.670019531250034, 48.190252996869098 ], [ 133.685156250000034, 48.20241119999411 ], [ 133.707617187500034, 48.231952215619117 ], [ 133.720898437500011, 48.244989324994108 ], [ 133.737695312499994, 48.251336981244123 ], [ 133.796289062500023, 48.250848699994094 ], [ 133.814697265625, 48.25543854374412 ], [ 133.849218750000034, 48.269549871869103 ], [ 133.867285156250006, 48.274603582806606 ], [ 133.877197265624972, 48.275506903119116 ], [ 133.936621093750006, 48.27350494999412 ], [ 133.966210937500023, 48.27887604374412 ], [ 133.982177734374972, 48.285345770306598 ], [ 134.024511718750034, 48.315375067181606 ], [ 134.040283203125, 48.322699285931613 ], [ 134.056738281250034, 48.327460028119106 ], [ 134.11572265625, 48.335467840619096 ], [ 134.205761718750011, 48.359881903119117 ], [ 134.366943359375, 48.377313543744116 ], [ 134.447265625, 48.395135809369108 ], [ 134.496191406250034, 48.41168854374412 ], [ 134.505078125000011, 48.413690496869094 ], [ 134.580175781250034, 48.417840887494094 ], [ 134.598046875000023, 48.416449285931613 ], [ 134.734375, 48.373358465619106 ], [ 134.75146484375, 48.37160065311911 ], [ 134.769140625000034, 48.373797918744117 ], [ 134.883886718750034, 48.424383856244113 ], [ 134.924560546875, 48.433417059369113 ], [ 134.965917968750006, 48.436590887494106 ], [ 135.019238281250011, 48.433221746869108 ], [ 135.035546875000023, 48.437445379681613 ], [ 135.046386718749972, 48.44708893436912 ], [ 135.049560546874972, 48.459247137494117 ], [ 135.047460937499977, 48.47260162968162 ], [ 135.043729151514526, 48.483614698208541 ], [ 135.054443359375, 48.479437567181598 ], [ 135.076416015625, 48.466424871869108 ], [ 135.085693359375, 48.458514715619103 ], [ 135.090039062499983, 48.450702215619117 ], [ 135.09033203125, 48.44142487186911 ], [ 135.087890625, 48.431952215619106 ], [ 135.084375, 48.423651434369106 ], [ 135.078125, 48.41437409061912 ], [ 135.070068359375, 48.406366278119101 ], [ 135.052001953125, 48.392596746869096 ], [ 134.998144531250034, 48.362738348431613 ], [ 134.960546875000034, 48.349920965619106 ], [ 134.840576171874972, 48.32794830936912 ], [ 134.822363281250034, 48.318304754681606 ], [ 134.791259765625, 48.29230377811912 ], [ 134.759960937500011, 48.28346588749411 ], [ 134.718359375, 48.26361725468162 ], [ 134.702880859375, 48.252875067181598 ], [ 134.687109375, 48.220086981244108 ], [ 134.6826171875, 48.135760809369103 ], [ 134.662353515625, 48.10822174686912 ], [ 134.647656250000011, 48.102362371869113 ], [ 134.586181640625, 48.061468817181598 ], [ 134.566894531249972, 48.040594793744098 ], [ 134.55908203125, 48.009784246869103 ], [ 134.566699218750017, 47.98578522343162 ], [ 134.60107421875, 47.94440338749412 ], [ 134.58740234375, 47.926141668744108 ], [ 134.598876953125, 47.910956121869106 ], [ 134.622558593749972, 47.90045807499412 ], [ 134.645410156250023, 47.896600653119116 ], [ 134.657470703124972, 47.886981512494117 ], [ 134.667382812500023, 47.86493561405662 ], [ 134.673828125, 47.84076569218162 ], [ 134.675976562499983, 47.824579168744116 ], [ 134.696191406249994, 47.795355535931606 ], [ 134.76953125, 47.741278387494091 ], [ 134.764892578125, 47.71845123905662 ], [ 134.772216796875, 47.711004949994106 ], [ 134.725195312500006, 47.66351959843162 ], [ 134.713623046875, 47.656366278119101 ], [ 134.692578125000011, 47.649188543744103 ], [ 134.686425781249994, 47.631415106244098 ], [ 134.68603515625, 47.609076239056613 ], [ 134.682373046875, 47.58808014530662 ], [ 134.667871093750023, 47.574286199994113 ], [ 134.6240234375, 47.549920965619116 ], [ 134.614648437500023, 47.536883856244117 ], [ 134.603759765625, 47.528021551556606 ], [ 134.560302734375, 47.48212311405662 ], [ 134.556542968750023, 47.471380926556606 ], [ 134.534912109375, 47.465765692181606 ], [ 134.500097656250034, 47.43915436405662 ], [ 134.484375, 47.430487371869106 ], [ 134.4716796875, 47.428900457806606 ], [ 134.436132812500034, 47.430047918744108 ], [ 134.414648437500034, 47.439471746869103 ], [ 134.401562499999983, 47.437567449994098 ], [ 134.388671874999972, 47.43305084843162 ], [ 134.3779296875, 47.430487371869106 ], [ 134.353613281250006, 47.429632879681606 ], [ 134.332421875000023, 47.42658112186912 ], [ 134.3125, 47.420355535931606 ], [ 134.29248046875, 47.409979559369113 ], [ 134.279296875, 47.398016668744113 ], [ 134.257324218749972, 47.36749909061912 ], [ 134.244726562500034, 47.355340887494101 ], [ 134.202636718749972, 47.338690496869091 ], [ 134.183398437500017, 47.327704168744113 ], [ 134.175195312500023, 47.310663153119116 ], [ 134.169677734375, 47.28705475468162 ], [ 134.159667968749972, 47.271918035931613 ], [ 134.153906249999977, 47.258124090619113 ], [ 134.16162109375, 47.238641668744094 ], [ 134.168066406249977, 47.230780340619113 ], [ 134.186279296875, 47.213934637494106 ], [ 134.19287109375, 47.21076080936912 ], [ 134.196875, 47.205585028119103 ], [ 134.195312499999972, 47.193963934369108 ], [ 134.189453125, 47.173163153119106 ], [ 134.198437500000011, 47.155829168744106 ], [ 134.2158203125, 47.137958074994117 ], [ 134.226757812500011, 47.117987371869098 ], [ 134.216796875, 47.094671942181598 ], [ 134.19677734375, 47.08539459843162 ], [ 134.145410156249966, 47.081415106244116 ], [ 134.1240234375, 47.07074616093162 ], [ 134.114013671875, 47.05609772343162 ], [ 134.087011718750034, 46.999090887494091 ], [ 134.08056640625, 46.992938543744103 ], [ 134.073974609375, 46.988397528119101 ], [ 134.06875, 46.981463934369103 ], [ 134.066503906250034, 46.968036199994103 ], [ 134.066503906250034, 46.927069403119106 ], [ 134.0625, 46.907098699994108 ], [ 134.020263671874972, 46.834295965619106 ], [ 134.016357421874943, 46.819696356244101 ], [ 134.021240234375, 46.806415106244096 ], [ 134.035546875000023, 46.789911199994101 ], [ 134.044335937499994, 46.77228424686912 ], [ 134.04150390625, 46.752997137494091 ], [ 134.025634765625, 46.711053778119094 ], [ 134.014355468750011, 46.66522858280662 ], [ 134.005078125000011, 46.646063543744098 ], [ 133.987695312500023, 46.62543366093162 ], [ 133.967187500000023, 46.611444403119108 ], [ 133.920117187500011, 46.590643621869106 ], [ 133.902148437500045, 46.573919989056591 ], [ 133.898681640624972, 46.56354401249412 ], [ 133.89599609375, 46.538519598431613 ], [ 133.8916015625, 46.529169012494094 ], [ 133.86878825067555, 46.50423171226349 ], [ 133.826008328710884, 46.515933136706138 ], [ 133.777743801366114, 46.518952450205624 ], [ 133.72344620810324, 46.520839435948417 ], [ 133.681214746676602, 46.523481105891449 ], [ 133.649404035472088, 46.528386723583033 ], [ 133.595106442209243, 46.531028026539808 ], [ 133.492544321601628, 46.555548277367379 ], [ 133.453055162864985, 46.555548277367379 ], [ 133.319230791590883, 46.549513550841638 ], [ 133.22708942120542, 46.543478153284987 ], [ 133.128366524363827, 46.507251675870201 ], [ 133.08229583917111, 46.466468011129017 ], [ 133.005511363849877, 46.389348767912715 ], [ 132.974797573721418, 46.353019603904229 ], [ 132.840973202447316, 46.306058667722944 ], [ 132.740056463453669, 46.287869416020243 ], [ 132.630364355851952, 46.256023686845062 ], [ 132.538222985466518, 46.21505198738366 ], [ 132.459244667993261, 46.177087952664522 ], [ 132.285931137982459, 46.148217744816925 ], [ 132.198177451901103, 46.104123481413239 ], [ 132.09067918645141, 46.041723088969249 ], [ 131.994150131761899, 45.967054459099877 ], [ 131.917365656440666, 45.915184344182961 ], [ 131.776959758710433, 45.912131649721111 ], [ 131.691399914781101, 45.916710628444719 ], [ 131.62558465022002, 45.899919192685338 ], [ 131.469821857425586, 45.918236870727128 ], [ 131.397425066408431, 45.910605239520869 ], [ 131.34257901260753, 45.8663210822859 ], [ 131.254825326526145, 45.780706929899111 ], [ 131.235080747157866, 45.748567678267634 ], [ 131.23069306285376, 45.707218575977898 ], [ 131.21533616778953, 45.678102710838075 ], [ 131.151714745380502, 45.622894238981083 ], [ 130.991564268281991, 45.569167162096285 ], [ 130.686620209149169, 45.481558674439491 ], [ 130.574734259395399, 45.435394141199403 ], [ 130.535245100658756, 45.403056479130221 ], [ 130.429940677361088, 45.367617789383935 ], [ 130.410196097992753, 45.287413638875904 ], [ 130.388257676472421, 45.213278241562897 ], [ 130.377288465712269, 45.162254023461159 ], [ 130.388257676472421, 45.1018937065245 ], [ 130.337799306975626, 45.077112019349507 ], [ 130.225913357221856, 45.089504206957756 ], [ 130.103058196707906, 45.077112019349507 ], [ 130.04601830075498, 45.077112019349507 ], [ 129.958264614673624, 45.09415058429996 ], [ 129.940713877457341, 45.11273231361438 ], [ 129.87489861289626, 45.097247959191606 ], [ 129.811277190487289, 45.091053041405793 ], [ 129.741074241622186, 45.092601833853195 ], [ 129.690615872125392, 45.098796583636499 ], [ 129.653320555540773, 45.122020910242114 ], [ 129.659902081996876, 45.159160176605184 ], [ 129.664289766300953, 45.204004512990558 ], [ 129.677452819213187, 45.224095680578344 ], [ 129.703778925037597, 45.267344856915024 ], [ 129.712554293645724, 45.316732167985457 ], [ 129.690615872125392, 45.342951684656072 ], [ 129.644545186932646, 45.355286080943962 ], [ 129.600668343891954, 45.358369260039147 ], [ 129.567760711611442, 45.336783478564726 ], [ 129.510720815658487, 45.313646721000346 ], [ 129.466843972617852, 45.295130511222538 ], [ 129.42735481388118, 45.251902502444402 ], [ 129.387865655144566, 45.20864156627556 ], [ 129.339601127799824, 45.18235993301208 ], [ 129.291336600455054, 45.204004512990572 ], [ 129.260622810326538, 45.248813527560145 ], [ 129.225521335893973, 45.288957097342632 ], [ 129.203582914373641, 45.310561106021893 ], [ 129.166287597789079, 45.429236014393226 ], [ 129.150930702724821, 45.495400664257637 ], [ 129.135573807660563, 45.573774355730293 ], [ 129.100472333228055, 45.667371992167503 ], [ 129.045626279427182, 45.710282522131635 ], [ 128.979811014866158, 45.72406820142659 ], [ 128.920577276761151, 45.754690868007927 ], [ 128.852568170048102, 45.777646846520085 ], [ 128.793334431943208, 45.788356403605704 ], [ 128.758232957510614, 45.792945584009743 ], [ 128.72971300953418, 45.820472731372298 ], [ 128.716549956621975, 45.843401629877434 ], [ 128.698999219405692, 45.820472731372298 ], [ 128.674866955733307, 45.796004827688499 ], [ 128.674866955733307, 45.762343910492397 ], [ 128.641959323452795, 45.721005011052355 ], [ 128.622214744084459, 45.705686539918979 ], [ 128.611245533324279, 45.664305694643019 ], [ 128.602470164716181, 45.655105794318338 ], [ 128.523491847242894, 45.687298832123425 ], [ 128.462064266985948, 45.722536627233211 ], [ 128.37211673875251, 45.731725442582984 ], [ 128.279975368367047, 45.756221560477137 ], [ 128.288750736975203, 45.803652202155249 ], [ 128.312883000647531, 45.883122677329972 ], [ 128.328239895711818, 45.939599854889046 ], [ 128.33482142216792, 45.96247963622406 ], [ 128.266812315454843, 45.964004619159724 ], [ 128.231710841022306, 45.97620297147656 ], [ 128.216353945958048, 46.003639441755013 ], [ 128.216353945958048, 46.046291363740444 ], [ 128.244873893934511, 46.207461278640807 ], [ 128.277781526215023, 46.318181478936964 ], [ 128.269006157606867, 46.36815969227203 ], [ 128.209772419501945, 46.380268742347731 ], [ 128.194415524437716, 46.415067305578454 ], [ 128.19660936658974, 46.46797906251259 ], [ 128.216353945958048, 46.492150180108666 ], [ 128.253649262542638, 46.496681069242754 ], [ 128.312883000647531, 46.496681069242754 ], [ 128.350178317232178, 46.501211580884913 ], [ 128.37211673875251, 46.520839435948425 ], [ 128.387473633816739, 46.582696242932037 ], [ 128.433544319009485, 46.60983062098304 ], [ 128.48400268850628, 46.621885983324432 ], [ 128.53226721585105, 46.623392714914765 ], [ 128.582725585347845, 46.621885983324432 ], [ 128.663897744973127, 46.65954169334109 ], [ 128.709968430165816, 46.676101903411656 ], [ 128.705580745861766, 46.704693952961385 ], [ 128.672673113581254, 46.718232272583762 ], [ 128.628796270540562, 46.743795388672709 ], [ 128.613439375476332, 46.778361496541891 ], [ 128.60685784902023, 46.89991775569132 ], [ 128.576144058891742, 46.952356986459698 ], [ 128.562981005979537, 47.00474488562957 ], [ 128.55420563737141, 47.045123338838366 ], [ 128.55420563737141, 47.09443330703013 ], [ 128.549817953067304, 47.161600659301804 ], [ 128.59588863826005, 47.203350874814078 ], [ 128.64415316560482, 47.24208953456494 ], [ 128.720937640926024, 47.270380654580734 ], [ 128.817466695615593, 47.294193032272126 ], [ 128.905220381696978, 47.297168825876483 ], [ 128.944709540433593, 47.340299015129006 ], [ 128.966647961953953, 47.361107885440461 ], [ 129.017106331450748, 47.374480683991742 ], [ 129.058789332339387, 47.387850092153172 ], [ 129.098278491075973, 47.390820611334533 ], [ 129.142155334116723, 47.38636476978003 ], [ 129.190419861461464, 47.384879405551665 ], [ 129.223327493741976, 47.392305808143092 ], [ 129.254041283870492, 47.401216110056552 ], [ 129.245265915262308, 47.430906234771996 ], [ 129.204679835449696, 47.539133142244012 ], [ 129.193710624689515, 47.578365832815081 ], [ 129.20687367760172, 47.63900758515333 ], [ 129.214552125133821, 47.680381063176313 ], [ 129.191516782537491, 47.708437251637172 ], [ 129.162996834561028, 47.722459685306589 ], [ 129.110344622912152, 47.724673408832622 ], [ 129.039044752971051, 47.72098381735843 ], [ 128.974326409486025, 47.723935511443401 ], [ 128.932643408597386, 47.727624893862163 ], [ 128.858052775428206, 47.725411295769092 ], [ 128.820757458843616, 47.716555962643831 ], [ 128.76371756289069, 47.69441104431867 ], [ 128.704483824785768, 47.683335057039606 ], [ 128.658413139593051, 47.69514935983922 ], [ 128.59588863826005, 47.6899809316646 ], [ 128.558593321675431, 47.682596574255136 ], [ 128.517458781324706, 47.670040767403933 ], [ 128.543784887149172, 47.690719309908367 ], [ 128.561335624365427, 47.737953774441827 ], [ 128.554754097909324, 47.80135767009773 ], [ 128.486744991196247, 47.836712282498354 ], [ 128.429705095243349, 47.869099528801321 ], [ 128.390215936506706, 47.929403608214827 ], [ 128.366083672834179, 47.956590989137247 ], [ 128.484551149044051, 47.997712260950983 ], [ 128.642507783990538, 48.0578664679661 ], [ 128.767556786656542, 48.098907046967881 ], [ 128.820208998305361, 48.098907046967881 ], [ 128.903575000082697, 48.112091709135441 ], [ 129.004491739076286, 48.125272989288035 ], [ 129.061531635029183, 48.147234274415851 ], [ 129.147091478958544, 48.182352793050313 ], [ 129.197549848455338, 48.173575417586534 ], [ 129.230457480735851, 48.164796539360275 ], [ 129.269946639472494, 48.15747965952459 ], [ 129.302854271752977, 48.163333246883731 ], [ 129.34234343048962, 48.179427168199481 ], [ 129.394995642138468, 48.188203541850108 ], [ 129.423515590114931, 48.183815542862611 ], [ 129.495912381132086, 48.177964293160507 ], [ 129.531013855564652, 48.177964293160507 ], [ 129.583666067213443, 48.177964293160507 ], [ 129.638512121014344, 48.186740917262298 ], [ 129.673613595446881, 48.186740917262298 ], [ 129.743816544312011, 48.15747965952459 ], [ 129.805244124568986, 48.153089030673023 ], [ 129.86009017836983, 48.156016158320398 ], [ 129.97636381242765, 48.169186166321907 ], [ 130.066311340661088, 48.128201703386402 ], [ 130.193554185479144, 48.14869802610103 ], [ 130.193554185479144, 48.172112375575374 ], [ 130.197941869783193, 48.202827492011181 ], [ 130.189166501175038, 48.226217130731733 ], [ 130.180391132566911, 48.258360439028877 ], [ 130.191360343327091, 48.280264750963205 ], [ 130.215492606999476, 48.28610431519715 ], [ 130.246206397127935, 48.294862409807727 ], [ 130.259369450040168, 48.309455896315356 ], [ 130.303246293080861, 48.312374092958073 ], [ 130.397581505618319, 48.283184616530846 ], [ 130.478753665243659, 48.289023846964092 ], [ 130.562119667020966, 48.290483550260902 ], [ 130.724738216540089, 48.269907006923518 ] ] ] ] } },
{ "type": "Feature", "properties": { "fid": 15, "Name": "Binjiang", "Name_zh": "滨江", "Name_old": "Pin Kiang" }, "geometry": { "type": "MultiPolygon", "coordinates": [ [ [ [ 127.523648286452996, 47.551720413085498 ], [ 127.488546812020431, 47.59760131808121 ], [ 127.503903707084675, 47.640485773949777 ], [ 127.589463551014035, 47.658220777403379 ], [ 127.622371183294561, 47.678904003519015 ], [ 127.613595814686406, 47.704008330698109 ], [ 127.558749760885533, 47.733527362195474 ], [ 127.512679075692787, 47.746805470092276 ], [ 127.449057653283816, 47.777774552612364 ], [ 127.332784019225983, 47.791041372955206 ], [ 127.21431654301611, 47.793989095429751 ], [ 127.135338225542839, 47.789567449015529 ], [ 127.041003013005366, 47.733527362195467 ], [ 126.992738485660567, 47.712865796256658 ], [ 126.863301798690557, 47.706960986471032 ], [ 126.77116042830508, 47.705484679491441 ], [ 126.694375952983876, 47.687765734209464 ], [ 126.608816109054459, 47.631616013825543 ], [ 126.551776213101604, 47.548758974226942 ], [ 126.558357739557664, 47.514690399479555 ], [ 126.549582370949551, 47.480599691826534 ], [ 126.49912400145277, 47.456871361904149 ], [ 126.450859474107986, 47.373737839685525 ], [ 126.406982631067279, 47.339555689446868 ], [ 126.314841260681831, 47.160854821345296 ], [ 126.279739786249266, 47.135490100826473 ], [ 126.174435362951613, 47.122056818972986 ], [ 126.044998675981574, 47.104140498885776 ], [ 125.93311272622779, 47.086218146982176 ], [ 125.922143515467639, 47.071278245892117 ], [ 125.902398936099317, 47.051850111728719 ], [ 125.816839092169985, 47.051850111728719 ], [ 125.564547244685983, 47.038395717597048 ], [ 125.360519924546736, 47.0219468496879 ], [ 125.211338658208376, 47.001004595017648 ], [ 125.138941867191193, 46.989033905313306 ], [ 125.048994338957769, 46.962090048839677 ], [ 125.005117495917105, 46.95909544897772 ], [ 124.963434495028451, 46.977060534030713 ], [ 124.908588441227536, 46.996515900621034 ], [ 124.866905440338911, 46.990530388173575 ], [ 124.59706285563864, 46.76709237630579 ], [ 124.759407174889205, 46.687390046898486 ], [ 124.772570227801438, 46.658788835971059 ], [ 124.741856437672908, 46.621132601804177 ], [ 124.704561121088346, 46.577418536017774 ], [ 124.680428857415961, 46.523103732335059 ], [ 124.69359191032818, 46.494415671862377 ], [ 124.733081069064795, 46.449087905332405 ], [ 124.910782283379618, 46.25374828383142 ], [ 124.926139178443833, 46.214292963718052 ], [ 124.917363809835706, 46.196073248481284 ], [ 124.803284017929883, 46.176328404445478 ], [ 124.706754963240343, 46.152017321934458 ], [ 124.647521225135435, 46.120092721941589 ], [ 124.48078922158075, 46.007448987005262 ], [ 124.09028531851861, 45.85791837985213 ], [ 124.079316107758416, 45.828881090968309 ], [ 124.048602317629914, 45.813592219798906 ], [ 124.050796159781967, 45.783001882222052 ], [ 124.05299000193402, 45.744740343539739 ], [ 124.057377686238084, 45.706452563196969 ], [ 124.094673002822645, 45.692662538142535 ], [ 124.1275806351032, 45.669671605088531 ], [ 124.160488267383741, 45.654339067724571 ], [ 124.131968319407292, 45.64207001456321 ], [ 124.140743688015391, 45.615989353623618 ], [ 124.226303531944765, 45.622127071487931 ], [ 124.230691216248829, 45.602177031942198 ], [ 124.25043579561715, 45.586826018650633 ], [ 124.267986532833419, 45.549966453911281 ], [ 124.33599563954651, 45.540747783369874 ], [ 124.351352534610754, 45.508470531294535 ], [ 124.386454009043305, 45.428466201296857 ], [ 124.457205418446506, 45.430775609088876 ], [ 124.499985340411186, 45.400745937434579 ], [ 124.538377578071803, 45.396124570565121 ], [ 124.566897526048251, 45.400745937434579 ], [ 124.592126710796606, 45.412297700988248 ], [ 124.630518948457251, 45.4176877155464 ], [ 124.682074239030044, 45.419997564299081 ], [ 124.711691108082547, 45.445399664146784 ], [ 124.773118688339522, 45.463866737294794 ], [ 124.807123241696047, 45.455403412772569 ], [ 124.845515479356649, 45.458481132310204 ], [ 124.879520032713174, 45.4607893117253 ], [ 124.894876927777432, 45.479251345427201 ], [ 124.914621507145739, 45.503089188789119 ], [ 124.948626060502264, 45.500013904959935 ], [ 124.980436771706792, 45.487711089861762 ], [ 125.008956719683241, 45.487711089861762 ], [ 125.031992062279585, 45.495400664257623 ], [ 125.061608931332088, 45.502320383579722 ], [ 125.080256589624383, 45.493093902174856 ], [ 125.0868381160805, 45.4607893117253 ], [ 125.093419642536588, 45.439242629235586 ], [ 125.124133432665062, 45.422307318559994 ], [ 125.15265338064151, 45.418457675629718 ], [ 125.1899486972261, 45.419997564299081 ], [ 125.254667040711126, 45.430005816990565 ], [ 125.300737725903844, 45.424616978329233 ], [ 125.316094620968101, 45.4215374109721 ], [ 125.328160752804308, 45.435394141199403 ], [ 125.367649911540923, 45.433854672491947 ], [ 125.390685254137281, 45.430005816990565 ], [ 125.410429833505574, 45.437703265518081 ], [ 125.437852860406025, 45.453864490010446 ], [ 125.489408150978818, 45.474636403936465 ], [ 125.524509625411397, 45.483865908963175 ], [ 125.559611099843963, 45.482327763112771 ], [ 125.589227968896438, 45.488480094545388 ], [ 125.612263311492796, 45.498476200053673 ], [ 125.648461707001374, 45.503857983499934 ], [ 125.689047786814029, 45.499245057756099 ], [ 125.71756773479045, 45.478482214758962 ], [ 125.718664655866476, 45.450786518499427 ], [ 125.716470813714437, 45.409987537262211 ], [ 125.713180050486415, 45.379176324947515 ], [ 125.732924629854708, 45.327529909488625 ], [ 125.775704551819388, 45.284326595946212 ], [ 125.826162921316183, 45.259624204668832 ], [ 125.847004421760531, 45.228731095876775 ], [ 125.883202817269094, 45.21791453885303 ], [ 125.904044317713428, 45.204777381454576 ], [ 125.929273502461811, 45.19936708170745 ], [ 125.972053424426477, 45.168441213171043 ], [ 125.995088767022807, 45.169987905598134 ], [ 126.044450215443604, 45.169987905598134 ], [ 126.065291715887952, 45.15297197889069 ], [ 126.097102427092452, 45.141367296914368 ], [ 126.126719296144927, 45.139819827482846 ], [ 126.165111533805543, 45.158386688641087 ], [ 126.188146876401902, 45.18622564032853 ], [ 126.225442192986463, 45.190091085145198 ], [ 126.270415957103225, 45.20864156627556 ], [ 126.311002036915824, 45.210187166704401 ], [ 126.36036348533662, 45.226413435477049 ], [ 126.404240328377327, 45.221777831180603 ], [ 126.484315566926583, 45.244179750239176 ], [ 126.540258541803482, 45.251902502444381 ], [ 126.569875410855943, 45.245724384678809 ], [ 126.58742614807224, 45.226413435477049 ], [ 126.606073806364506, 45.21791453885303 ], [ 126.633496833264957, 45.20864156627556 ], [ 126.662016781241419, 45.192410226035392 ], [ 126.701505939978048, 45.173081164452036 ], [ 126.730025887954454, 45.170761236061651 ], [ 126.754158151626839, 45.14214101588 ], [ 126.762933520235009, 45.125890712581864 ], [ 126.809004205427698, 45.124342823146307 ], [ 126.834233390176138, 45.126664641549475 ], [ 126.845202600936318, 45.141367296914375 ], [ 126.863850259228613, 45.147556754637179 ], [ 126.881400996444896, 45.139046077016964 ], [ 126.902242496889201, 45.128212467984348 ], [ 126.928568602713639, 45.120472915805408 ], [ 126.942828576701871, 45.089504206957756 ], [ 126.948313182081932, 45.061618004775688 ], [ 126.994383867274664, 45.02751638844115 ], [ 127.017419209871022, 44.9794296071939 ], [ 127.042648394619434, 44.934408658203552 ], [ 127.071168342595882, 44.894792086756318 ], [ 127.088719079812151, 44.857480953526789 ], [ 127.135886686080909, 44.815477011425649 ], [ 127.124917475320728, 44.789792862936814 ], [ 127.110657501332497, 44.753192669178809 ], [ 127.10407597487638, 44.72202529840672 ], [ 127.106269817028434, 44.696299570601134 ], [ 127.108463659180472, 44.673682673667919 ], [ 127.136983607156907, 44.647935463727322 ], [ 127.178666608045589, 44.643252924393195 ], [ 127.231318819694422, 44.640911512984175 ], [ 127.282874110267244, 44.638570007080673 ], [ 127.332235558688041, 44.635447852218057 ], [ 127.380500086032782, 44.633886711790552 ], [ 127.418892323693399, 44.624518987280631 ], [ 127.449606113821872, 44.603436079255751 ], [ 127.507742930850839, 44.576876344445289 ], [ 127.541747484207349, 44.5526495378326 ], [ 127.520905983763043, 44.528412641745504 ], [ 127.508839851926837, 44.502600988223897 ], [ 127.48690143040649, 44.47286431546727 ], [ 127.485804509330464, 44.441546177117573 ], [ 127.497870641166656, 44.407076824240903 ], [ 127.532972115599222, 44.362393126065676 ], [ 127.56039514249963, 44.338861690725984 ], [ 127.593302774780142, 44.337292592450673 ], [ 127.620725801680607, 44.347490980673392 ], [ 127.664602644721285, 44.362393126065676 ], [ 127.685444145165619, 44.357687594820298 ], [ 127.698607198077852, 44.340430747011609 ], [ 127.748242876767591, 44.286274040715583 ], [ 127.786635114428236, 44.251713233881574 ], [ 127.787732035504234, 44.224993237307814 ], [ 127.775665903668042, 44.195115352704534 ], [ 127.762502850755823, 44.166009164923388 ], [ 127.748242876767591, 44.119566871392742 ], [ 127.74275827138753, 44.093574741404858 ], [ 127.747145955691593, 44.07151185022358 ], [ 127.78005358797212, 44.065206655783328 ], [ 127.838190405001029, 44.070723737649899 ], [ 127.879873405889654, 44.080968382518584 ], [ 127.911684117094211, 44.097513677573282 ], [ 127.944591749374723, 44.119566871392742 ], [ 127.976402460579223, 44.154205265694301 ], [ 128.010407013935747, 44.224993237307807 ], [ 128.032345435456079, 44.284703535817847 ], [ 128.034539277608104, 44.316890493836077 ], [ 128.024666987923979, 44.345137663929975 ], [ 128.03124851438011, 44.407076824240903 ], [ 128.037830040836212, 44.428230881911652 ], [ 128.060865383432571, 44.486169437793599 ], [ 128.080609962800878, 44.494777017821789 ], [ 128.113517595081419, 44.490082131648336 ], [ 128.153006753818033, 44.486169437793599 ], [ 128.203465123314828, 44.489299613874458 ], [ 128.27366807217993, 44.502600988223897 ], [ 128.321932599524672, 44.508077142837138 ], [ 128.375681732249546, 44.509641663952991 ], [ 128.417364733138214, 44.504165656320907 ], [ 128.434915470354497, 44.490082131648336 ], [ 128.428333943898366, 44.474429781453274 ], [ 128.384457100857702, 44.392969867444265 ], [ 128.370197126869471, 44.370234838331605 ], [ 128.368003284717418, 44.3467065522564 ], [ 128.353743310729186, 44.322384064610688 ], [ 128.336192573512903, 44.30119174309354 ], [ 128.331804889208826, 44.276850381513846 ], [ 128.332901810284909, 44.195901807004873 ], [ 128.348258705349139, 44.147908887171624 ], [ 128.386650943009755, 44.101452351366618 ], [ 128.412977048834108, 44.091211253764236 ], [ 128.412977048834108, 44.073876124976408 ], [ 128.41078320668214, 44.056535916740735 ], [ 128.407492443454089, 44.025783973520213 ], [ 128.428333943898366, 44.007640729773172 ], [ 128.446981602190704, 43.981599422833938 ], [ 128.453563128646806, 43.964232202902984 ], [ 128.540219893652136, 43.932642427715201 ], [ 128.647718159101856, 43.887597990550951 ], [ 128.65649352771004, 43.867040083863976 ], [ 128.657590448786038, 43.838563580957342 ], [ 128.631264342961629, 43.780777820989016 ], [ 128.625779737581468, 43.73403341054194 ], [ 128.611519763593293, 43.705493459386204 ], [ 128.624682816505469, 43.672973068493008 ], [ 128.644427395873834, 43.650753888672234 ], [ 128.651008922329908, 43.625350471296485 ], [ 128.647718159101856, 43.600730669053299 ], [ 128.659784290938035, 43.564179485700414 ], [ 128.677335028154317, 43.541124943637328 ], [ 128.701467291826702, 43.519652442114584 ], [ 128.709145739358831, 43.4973765883895 ], [ 128.715727265814934, 43.476684506053871 ], [ 128.740956450563317, 43.461558886450327 ], [ 128.760701029931653, 43.45917028471316 ], [ 128.79141482006014, 43.455189072117513 ], [ 128.816644004808524, 43.444040282357527 ], [ 128.852842400317115, 43.410581583210181 ], [ 128.859423926773218, 43.384279631229177 ], [ 128.953759139310762, 43.394642369142012 ], [ 129.008605193111634, 43.426516603655607 ], [ 129.089777352736917, 43.444040282357527 ], [ 129.11829730071338, 43.467928029738211 ], [ 129.164367985906097, 43.561794942061198 ], [ 129.188500249578453, 43.653928560676391 ], [ 129.230183250467149, 43.737996217439381 ], [ 129.32671230515669, 43.788696983197532 ], [ 129.410078306933997, 43.823528833646506 ], [ 129.471505887190972, 43.852012512865379 ], [ 129.535127309599972, 43.850430442957737 ], [ 129.583391836944742, 43.858340372823655 ], [ 129.622880995681356, 43.872575602621637 ], [ 129.64701325935377, 43.905777918678041 ], [ 129.682114733786307, 43.931062498247201 ], [ 129.723797734674974, 43.953177691342667 ], [ 129.776449946323822, 43.964232202902984 ], [ 129.857622105949076, 43.964232202902984 ], [ 129.903692791141822, 43.968969221115145 ], [ 129.969508055702846, 43.989491934745523 ], [ 130.008997214439461, 44.010007554647146 ], [ 130.061649426088337, 44.016318625910166 ], [ 130.112107795585132, 44.00211777111398 ], [ 130.149403112169693, 43.984756553522104 ], [ 130.197667639514435, 43.972127023388438 ], [ 130.239350640403131, 43.972127023388438 ], [ 130.300778220660106, 43.995805188730166 ], [ 130.353430432308926, 44.008429681891748 ], [ 130.373175011677233, 43.991070311203977 ], [ 130.397307275349618, 43.943700758778597 ], [ 130.401694959653696, 43.89629343128572 ], [ 130.401694959653724, 43.863085827133851 ], [ 130.42582722332611, 43.829859715191425 ], [ 130.42582722332611, 43.785529444203377 ], [ 130.428021065478134, 43.731655600523801 ], [ 130.441184118390339, 43.666625570504387 ], [ 130.441184118390339, 43.628526485812934 ], [ 130.498224014343265, 43.582457851283934 ], [ 130.544294699535953, 43.550665823800124 ], [ 130.579396173968519, 43.534763517932419 ], [ 130.590365384728699, 43.493397892281244 ], [ 130.599140753336826, 43.44085453640249 ], [ 130.618885332705162, 43.429703104498593 ], [ 130.741740493219112, 43.412175273969879 ], [ 130.814137284236239, 43.399424573685131 ], [ 130.8514326008208, 43.397830547439241 ], [ 130.912860181077804, 43.408987850514229 ], [ 130.958930866270521, 43.423329935062533 ], [ 131.007195393615319, 43.418549617643819 ], [ 131.042296868047828, 43.428109875045926 ], [ 131.068622973872294, 43.442447430349411 ], [ 131.110305974760962, 43.44085453640249 ], [ 131.156376659953679, 43.426516603655607 ], [ 131.215610398058573, 43.412175273969879 ], [ 131.279231820467601, 43.410581583210181 ], [ 131.302815623601958, 43.412175273969851 ], [ 131.317075597590218, 43.41337051451891 ], [ 131.297331018221087, 43.465390404629595 ], [ 131.266617228092656, 43.498818800991408 ], [ 131.23590343796414, 43.529047602172348 ], [ 131.238097280116193, 43.589459776748718 ], [ 131.246872648724292, 43.632347405875144 ], [ 131.240291122268189, 43.667270268895507 ], [ 131.251260333028398, 43.70693069164426 ], [ 131.23590343796414, 43.765579990929972 ], [ 131.244678806572296, 43.817840359638964 ], [ 131.264423385940603, 43.887449761806423 ], [ 131.271004912396705, 43.945922050418645 ], [ 131.271004912396705, 44.005914860428476 ], [ 131.303912544677218, 44.042196852493205 ], [ 131.292943333917066, 44.098941477139981 ], [ 131.266617228092656, 44.179236561823792 ], [ 131.229321911508066, 44.311249238629102 ], [ 131.202995805683628, 44.419466587506228 ], [ 131.145955909730674, 44.555629588413133 ], [ 131.102079066690038, 44.697712833470469 ], [ 131.029682275672883, 44.784975812119818 ], [ 130.959479326807752, 44.834781236038403 ], [ 130.966060853263855, 44.865887785938028 ], [ 131.051620697193215, 44.88298922732158 ], [ 131.110854435298165, 44.931156856129888 ], [ 131.185445068467345, 44.924943946254679 ], [ 131.246872648724292, 44.923390613784086 ], [ 131.271004912396705, 44.942027831383108 ], [ 131.301718702525164, 44.962211325323864 ], [ 131.356564756326065, 44.980835942685346 ], [ 131.382890862150475, 44.974628408911542 ], [ 131.450899968863553, 44.963763607775213 ], [ 131.472838390383885, 44.997903195493393 ], [ 131.510133706968503, 45.019617803463476 ], [ 131.562785918617323, 45.049074461302681 ], [ 131.6307950253304, 45.084712234414134 ], [ 131.650539604698736, 45.118779748798801 ], [ 131.663702657610941, 45.149732576213282 ], [ 131.670284184067043, 45.177575756788897 ], [ 131.709773342803658, 45.193038310430431 ], [ 131.744874817236223, 45.186853792973466 ], [ 131.784363975972838, 45.183761282245271 ], [ 131.795333186733018, 45.205405329350121 ], [ 131.810690081797276, 45.23476622635819 ], [ 131.837016187621657, 45.288812399895434 ], [ 131.85017924053389, 45.316587541410733 ], [ 131.883086872814403, 45.335096742720246 ], [ 131.913800662942862, 45.333554540267301 ], [ 131.937932926615275, 45.310416463697806 ], [ 131.964259032439656, 45.281094667887253 ], [ 132.016911244088476, 45.265656053955787 ], [ 132.839453125, 45.059393621869091 ], [ 132.920996093750034, 45.02814362186912 ], [ 132.953027343750023, 45.024676824994096 ], [ 132.9658203125, 45.029120184369106 ], [ 132.992431640625, 45.04877350468162 ], [ 133.023681640625, 45.05861237186911 ], [ 133.049414062500006, 45.08197662968162 ], [ 133.072998046875, 45.09083893436911 ], [ 133.098388671875, 45.108026434369116 ], [ 133.115136718750023, 45.123309637494103 ], [ 133.12109375, 45.131537176556613 ], [ 133.124902343749994, 45.141620184369096 ], [ 133.126953125, 45.155633856244116 ], [ 133.120361328125, 45.183710028119087 ], [ 133.10625, 45.214960028119101 ], [ 133.097265625000034, 45.243768621869108 ], [ 133.106445312499972, 45.264911199994096 ], [ 133.101562499999972, 45.287469793744108 ], [ 133.126953125, 45.385321356244106 ], [ 133.12841796875, 45.402948309369101 ], [ 133.132910156250006, 45.41986725468162 ], [ 133.139892578124972, 45.435663153119101 ], [ 133.179443359375, 45.494086004681598 ], [ 133.18896484375, 45.50446198124412 ], [ 133.201855468750011, 45.511542059369113 ], [ 133.240625, 45.523553778119108 ], [ 133.271240234374972, 45.528631903119106 ], [ 133.298583984374972, 45.542303778119113 ], [ 133.329980468749994, 45.549505926556598 ], [ 133.3623046875, 45.568182684369098 ], [ 133.37451171875, 45.573309637494113 ], [ 133.413183593750034, 45.573602606244108 ], [ 133.4248046875, 45.58063385624412 ], [ 133.414794921875, 45.60065338749412 ], [ 133.427343750000034, 45.615545965619113 ], [ 133.441699218750017, 45.620868231244096 ], [ 133.458105468750034, 45.62287018436912 ], [ 133.476953125000023, 45.627997137494113 ], [ 133.471435546875, 45.632684637494101 ], [ 133.4619140625, 45.644232489056598 ], [ 133.456542968749972, 45.649115301556606 ], [ 133.482519531250034, 45.66315338749412 ], [ 133.4912109375, 45.673651434369113 ], [ 133.487597656250045, 45.686957098431613 ], [ 133.476464843750023, 45.693793035931591 ], [ 133.451269531250034, 45.699408270306606 ], [ 133.44287109375, 45.70990631718162 ], [ 133.470703124999972, 45.729120184369094 ], [ 133.484619140625, 45.768744207806606 ], [ 133.510937500000011, 45.77882721561911 ], [ 133.503173828124972, 45.787909246869113 ], [ 133.4833984375, 45.796893621869096 ], [ 133.476953125000023, 45.80609772343162 ], [ 133.47705078125, 45.820331121869117 ], [ 133.484619140625, 45.828680731244106 ], [ 133.49365234375, 45.833563543744098 ], [ 133.498046875, 45.837469793744106 ], [ 133.502343750000023, 45.862323309369096 ], [ 133.514062499999966, 45.879461981244127 ], [ 133.53125, 45.88844635624411 ], [ 133.552001953125, 45.88869049686911 ], [ 133.558837890625, 45.885516668744117 ], [ 133.563867187500023, 45.88080475468162 ], [ 133.56982421875, 45.876654364056606 ], [ 133.579296875000011, 45.875067449994113 ], [ 133.585693359375, 45.876581121869094 ], [ 133.585693359375, 45.880072332806606 ], [ 133.584228515624972, 45.884393621869116 ], [ 133.586181640625, 45.88869049686911 ], [ 133.602783203125, 45.89887116093162 ], [ 133.605859375, 45.905340887494098 ], [ 133.606640625000011, 45.919696356244117 ], [ 133.609765625000023, 45.929999090619098 ], [ 133.617431640625, 45.93654205936911 ], [ 133.627539062500034, 45.938055731244113 ], [ 133.649511718750034, 45.928094793744116 ], [ 133.657812499999977, 45.93475983280662 ], [ 133.694433593750034, 46.023016668744113 ], [ 133.7197265625, 46.064032293744113 ], [ 133.718994140625, 46.079535223431613 ], [ 133.695996093750011, 46.115252996869117 ], [ 133.68701171875, 46.142035223431598 ], [ 133.698437499999983, 46.149286199994094 ], [ 133.7197265625, 46.150458074994098 ], [ 133.740722656249972, 46.159295965619108 ], [ 133.765722656250034, 46.178241278119117 ], [ 133.774804687500023, 46.186883856244116 ], [ 133.781347656250006, 46.196966864056606 ], [ 133.786230468750034, 46.206903387494116 ], [ 133.793212890625, 46.214544989056613 ], [ 133.805908203124972, 46.217645574994101 ], [ 133.812890625000023, 46.214422918744106 ], [ 133.820996093750011, 46.20038483280662 ], [ 133.829833984374972, 46.197137762494108 ], [ 133.836328125000023, 46.200702215619096 ], [ 133.8525390625, 46.217718817181606 ], [ 133.860449218750006, 46.223822332806606 ], [ 133.854882812499994, 46.236883856244113 ], [ 133.869335937499983, 46.244745184369108 ], [ 133.8896484375, 46.251044012494098 ], [ 133.902148437500045, 46.259222723431598 ], [ 133.901757812499994, 46.278338934369117 ], [ 133.893847656250017, 46.291571356244098 ], [ 133.893457031250023, 46.302118231244101 ], [ 133.915722656250011, 46.313251043744117 ], [ 133.906640625, 46.322699285931613 ], [ 133.89599609375, 46.327508856244094 ], [ 133.884863281250034, 46.326849676556598 ], [ 133.874121093750006, 46.32001373905662 ], [ 133.86328125, 46.33954498905662 ], [ 133.880615234375, 46.353949285931598 ], [ 133.925683593750023, 46.371527410931598 ], [ 133.933593749999972, 46.390985418744101 ], [ 133.921142578125, 46.410419012494103 ], [ 133.89990234375, 46.426825262494113 ], [ 133.881591796874972, 46.437372137494094 ], [ 133.870214843750034, 46.44074127811912 ], [ 133.861328125, 46.441278387494101 ], [ 133.85400390625, 46.444891668744113 ], [ 133.847363281250011, 46.457220770306606 ], [ 133.845458984375, 46.470892645306627 ], [ 133.849023437500023, 46.480536199994106 ], [ 133.891601562499659, 46.529169012493696 ], [ 133.86878825067555, 46.50423171226349 ], [ 133.826008328710884, 46.515933136706138 ], [ 133.777743801366114, 46.518952450205617 ], [ 133.72344620810324, 46.520839435948417 ], [ 133.681214746676602, 46.523481105891449 ], [ 133.649404035472088, 46.528386723583033 ], [ 133.595106442209243, 46.531028026539801 ], [ 133.492544321601628, 46.555548277367379 ], [ 133.453055162864985, 46.555548277367379 ], [ 133.319230791590883, 46.549513550841638 ], [ 133.22708942120542, 46.543478153284987 ], [ 133.128366524363827, 46.507251675870194 ], [ 133.08229583917111, 46.466468011129017 ], [ 133.005511363849877, 46.389348767912715 ], [ 132.974797573721418, 46.353019603904229 ], [ 132.840973202447316, 46.306058667722937 ], [ 132.740056463453669, 46.287869416020243 ], [ 132.630364355851952, 46.256023686845054 ], [ 132.538222985466518, 46.215051987383653 ], [ 132.459244667993261, 46.177087952664507 ], [ 132.285931137982459, 46.148217744816925 ], [ 132.198177451901103, 46.104123481413239 ], [ 132.09067918645141, 46.041723088969249 ], [ 131.994150131761899, 45.967054459099863 ], [ 131.917365656440666, 45.915184344182947 ], [ 131.776959758710433, 45.912131649721104 ], [ 131.691399914781101, 45.916710628444719 ], [ 131.62558465022002, 45.899919192685338 ], [ 131.469821857425586, 45.918236870727128 ], [ 131.397425066408431, 45.910605239520869 ], [ 131.34257901260753, 45.866321082285893 ], [ 131.254825326526145, 45.780706929899111 ], [ 131.235080747157866, 45.748567678267634 ], [ 131.23069306285376, 45.70721857597789 ], [ 131.21533616778953, 45.678102710838075 ], [ 131.151714745380502, 45.622894238981083 ], [ 130.991564268281991, 45.569167162096278 ], [ 130.686620209149169, 45.481558674439491 ], [ 130.574734259395399, 45.435394141199403 ], [ 130.535245100658756, 45.403056479130214 ], [ 130.429940677361088, 45.367617789383935 ], [ 130.410196097992753, 45.287413638875904 ], [ 130.388257676472421, 45.213278241562897 ], [ 130.377288465712269, 45.162254023461152 ], [ 130.388257676472421, 45.1018937065245 ], [ 130.337799306975626, 45.077112019349507 ], [ 130.225913357221856, 45.089504206957741 ], [ 130.103058196707906, 45.077112019349507 ], [ 130.04601830075498, 45.077112019349507 ], [ 129.958264614673624, 45.094150584299946 ], [ 129.940713877457341, 45.11273231361438 ], [ 129.87489861289626, 45.097247959191606 ], [ 129.811277190487289, 45.091053041405779 ], [ 129.741074241622186, 45.092601833853195 ], [ 129.690615872125392, 45.098796583636485 ], [ 129.653320555540773, 45.122020910242114 ], [ 129.659902081996876, 45.15916017660517 ], [ 129.664289766300953, 45.204004512990544 ], [ 129.677452819213187, 45.224095680578344 ], [ 129.703778925037597, 45.267344856915024 ], [ 129.712554293645724, 45.316732167985457 ], [ 129.690615872125392, 45.342951684656057 ], [ 129.644545186932646, 45.355286080943955 ], [ 129.600668343891954, 45.35836926003914 ], [ 129.567760711611442, 45.336783478564726 ], [ 129.510720815658487, 45.313646721000339 ], [ 129.466843972617852, 45.295130511222524 ], [ 129.42735481388118, 45.251902502444402 ], [ 129.387865655144566, 45.20864156627556 ], [ 129.339601127799824, 45.18235993301208 ], [ 129.291336600455054, 45.204004512990572 ], [ 129.260622810326538, 45.248813527560145 ], [ 129.225521335893973, 45.288957097342632 ], [ 129.203582914373641, 45.310561106021886 ], [ 129.166287597789079, 45.429236014393226 ], [ 129.150930702724821, 45.495400664257637 ], [ 129.135573807660563, 45.573774355730293 ], [ 129.100472333228055, 45.667371992167496 ], [ 129.045626279427182, 45.710282522131628 ], [ 128.979811014866158, 45.724068201426583 ], [ 128.920577276761151, 45.754690868007927 ], [ 128.852568170048102, 45.777646846520085 ], [ 128.793334431943208, 45.788356403605697 ], [ 128.758232957510614, 45.792945584009743 ], [ 128.72971300953418, 45.820472731372291 ], [ 128.716549956621975, 45.843401629877427 ], [ 128.698999219405692, 45.820472731372291 ], [ 128.674866955733307, 45.796004827688492 ], [ 128.674866955733307, 45.76234391049239 ], [ 128.641959323452795, 45.721005011052341 ], [ 128.622214744084459, 45.705686539918979 ], [ 128.611245533324279, 45.664305694643019 ], [ 128.602470164716181, 45.655105794318331 ], [ 128.523491847242894, 45.687298832123417 ], [ 128.462064266985948, 45.722536627233211 ], [ 128.37211673875251, 45.731725442582984 ], [ 128.279975368367047, 45.756221560477123 ], [ 128.288750736975203, 45.803652202155249 ], [ 128.312883000647531, 45.883122677329958 ], [ 128.328239895711818, 45.939599854889032 ], [ 128.33482142216792, 45.96247963622406 ], [ 128.266812315454843, 45.964004619159724 ], [ 128.231710841022306, 45.97620297147656 ], [ 128.216353945958048, 46.003639441755006 ], [ 128.216353945958048, 46.046291363740444 ], [ 128.244873893934511, 46.207461278640807 ], [ 128.277781526215023, 46.318181478936957 ], [ 128.269006157606867, 46.368159692272023 ], [ 128.209772419501945, 46.380268742347731 ], [ 128.194415524437716, 46.415067305578447 ], [ 128.19660936658974, 46.46797906251259 ], [ 128.216353945958048, 46.492150180108659 ], [ 128.253649262542638, 46.496681069242754 ], [ 128.312883000647531, 46.496681069242754 ], [ 128.350178317232178, 46.501211580884899 ], [ 128.37211673875251, 46.520839435948425 ], [ 128.387473633816739, 46.58269624293203 ], [ 128.433544319009485, 46.60983062098304 ], [ 128.48400268850628, 46.621885983324432 ], [ 128.53226721585105, 46.623392714914765 ], [ 128.582725585347845, 46.621885983324432 ], [ 128.663897744973127, 46.65954169334109 ], [ 128.709968430165787, 46.676101903411656 ], [ 128.705580745861766, 46.704693952961371 ], [ 128.672673113581254, 46.718232272583755 ], [ 128.628796270540562, 46.743795388672709 ], [ 128.613439375476332, 46.778361496541891 ], [ 128.60685784902023, 46.89991775569132 ], [ 128.576144058891742, 46.952356986459698 ], [ 128.562981005979537, 47.00474488562957 ], [ 128.55420563737141, 47.045123338838366 ], [ 128.55420563737141, 47.09443330703013 ], [ 128.549817953067304, 47.161600659301804 ], [ 128.59588863826005, 47.20335087481407 ], [ 128.64415316560482, 47.242089534564933 ], [ 128.720937640926024, 47.270380654580734 ], [ 128.817466695615593, 47.294193032272126 ], [ 128.905220381696978, 47.297168825876483 ], [ 128.944709540433593, 47.340299015128998 ], [ 128.966647961953953, 47.361107885440461 ], [ 129.017106331450748, 47.374480683991735 ], [ 129.058789332339387, 47.387850092153172 ], [ 129.098278491075973, 47.390820611334533 ], [ 129.142155334116723, 47.38636476978003 ], [ 129.190419861461464, 47.384879405551665 ], [ 129.223327493741976, 47.392305808143085 ], [ 129.254041283870492, 47.401216110056538 ], [ 129.245265915262308, 47.430906234771996 ], [ 129.204679835449696, 47.539133142244005 ], [ 129.193710624689515, 47.578365832815081 ], [ 129.20687367760172, 47.639007585153323 ], [ 129.214552125133821, 47.680381063176313 ], [ 129.191516782537491, 47.708437251637164 ], [ 129.162996834561028, 47.722459685306589 ], [ 129.110344622912152, 47.724673408832622 ], [ 129.039044752971051, 47.72098381735843 ], [ 128.974326409486025, 47.723935511443401 ], [ 128.932643408597386, 47.727624893862163 ], [ 128.858052775428206, 47.725411295769092 ], [ 128.820757458843616, 47.716555962643831 ], [ 128.76371756289069, 47.69441104431867 ], [ 128.704483824785768, 47.683335057039599 ], [ 128.658413139593051, 47.69514935983922 ], [ 128.59588863826005, 47.689980931664593 ], [ 128.558593321675431, 47.682596574255136 ], [ 128.517458781324706, 47.670040767403933 ], [ 128.425317410939272, 47.618308550521412 ], [ 128.359502146378219, 47.612393034930435 ], [ 128.247616196624449, 47.604997699347443 ], [ 128.105016456742192, 47.557642788791931 ], [ 128.074302666613676, 47.505799305286182 ], [ 128.045782718637241, 47.464287615747452 ], [ 128.001905875596549, 47.45093760559373 ], [ 127.938284453187549, 47.45093760559373 ], [ 127.832980029889868, 47.44648684896562 ], [ 127.734257133048331, 47.485047561124127 ], [ 127.657472657727112, 47.514690399479555 ], [ 127.580688182405879, 47.528024216640191 ], [ 127.523648286452996, 47.551720413085498 ] ] ] ] } },
{ "type": "Feature", "properties": { "fid": 16, "Name": "Jiandao", "Name_zh": "间岛", "Name_old": "Chien Tao" }, "geometry": { "type": "MultiPolygon", "coordinates": [ [ [ [ 131.317075597590218, 43.41337051451891 ], [ 131.302815623601958, 43.412175273969851 ], [ 131.279231820467601, 43.410581583210181 ], [ 131.215610398058573, 43.412175273969879 ], [ 131.156376659953679, 43.426516603655607 ], [ 131.110305974760962, 43.44085453640249 ], [ 131.068622973872294, 43.442447430349411 ], [ 131.042296868047828, 43.428109875045926 ], [ 131.007195393615319, 43.418549617643819 ], [ 130.958930866270521, 43.423329935062533 ], [ 130.912860181077804, 43.408987850514229 ], [ 130.851432600820772, 43.397830547439241 ], [ 130.814137284236239, 43.399424573685131 ], [ 130.741740493219112, 43.412175273969879 ], [ 130.618885332705162, 43.429703104498593 ], [ 130.599140753336826, 43.44085453640249 ], [ 130.590365384728699, 43.493397892281244 ], [ 130.579396173968519, 43.534763517932419 ], [ 130.544294699535953, 43.550665823800124 ], [ 130.498224014343265, 43.582457851283934 ], [ 130.441184118390339, 43.628526485812934 ], [ 130.441184118390339, 43.666625570504387 ], [ 130.428021065478134, 43.731655600523801 ], [ 130.42582722332611, 43.785529444203377 ], [ 130.42582722332611, 43.829859715191425 ], [ 130.401694959653724, 43.863085827133844 ], [ 130.401694959653696, 43.89629343128572 ], [ 130.397307275349618, 43.943700758778597 ], [ 130.373175011677233, 43.991070311203977 ], [ 130.353430432308926, 44.008429681891748 ], [ 130.300778220660106, 43.995805188730159 ], [ 130.239350640403131, 43.972127023388438 ], [ 130.197667639514435, 43.972127023388438 ], [ 130.149403112169693, 43.984756553522104 ], [ 130.112107795585132, 44.00211777111398 ], [ 130.061649426088337, 44.016318625910166 ], [ 130.008997214439461, 44.010007554647146 ], [ 129.969508055702846, 43.989491934745523 ], [ 129.903692791141822, 43.968969221115145 ], [ 129.857622105949076, 43.964232202902984 ], [ 129.776449946323822, 43.964232202902984 ], [ 129.723797734674974, 43.953177691342667 ], [ 129.682114733786307, 43.931062498247201 ], [ 129.64701325935377, 43.905777918678041 ], [ 129.622880995681356, 43.872575602621637 ], [ 129.583391836944742, 43.858340372823655 ], [ 129.535127309599972, 43.850430442957737 ], [ 129.471505887190972, 43.852012512865379 ], [ 129.410078306933997, 43.823528833646506 ], [ 129.285029304268107, 43.768501046344582 ], [ 129.210438671098899, 43.724125245962163 ], [ 129.188500249578453, 43.653928560676391 ], [ 129.164367985906097, 43.561794942061198 ], [ 129.124878827169539, 43.500161519689513 ], [ 129.089777352736917, 43.444040282357527 ], [ 129.008605193111634, 43.426516603655607 ], [ 128.953759139310762, 43.394642369142012 ], [ 128.859423926773218, 43.384279631229177 ], [ 128.815547083732639, 43.320070917537585 ], [ 128.734374924107385, 43.294528088425544 ], [ 128.653202764482074, 43.268974526143225 ], [ 128.620295132201534, 43.241812106493299 ], [ 128.633458185113767, 43.198646891682692 ], [ 128.664171975242283, 43.152250216344932 ], [ 128.67294734385041, 43.107419979340641 ], [ 128.637845869417845, 43.076980748696002 ], [ 128.640039711569898, 43.038509570703617 ], [ 128.642233553721923, 42.988781910958338 ], [ 128.677335028154459, 42.963100268330983 ], [ 128.745344134867537, 42.959889308883341 ], [ 128.771670240691975, 42.953466887256631 ], [ 128.767282556387897, 42.934195600621727 ], [ 128.732181081955304, 42.921344724844303 ], [ 128.668559659546332, 42.919738176863802 ], [ 128.613713605745488, 42.910098009293222 ], [ 128.57641828916087, 42.889205806297603 ], [ 128.501827655991661, 42.91813158699312 ], [ 128.462338497255075, 42.94222603650784 ], [ 128.422849338518404, 42.94222603650784 ], [ 128.374584811173662, 42.93901398782986 ], [ 128.346064863197199, 42.926164117443072 ], [ 128.275861914332125, 42.865090622001887 ], [ 128.196883596858868, 42.813613399279845 ], [ 128.174945175338507, 42.779808166068911 ], [ 128.13326217444984, 42.723425074273429 ], [ 128.106936068625402, 42.699245190996045 ], [ 128.05867154128066, 42.670216897074177 ], [ 128.023570066848123, 42.6508571658904 ], [ 128.025763909000148, 42.626649025356109 ], [ 127.981887065959441, 42.612119620458763 ], [ 127.957754802287056, 42.587896411794894 ], [ 127.933622538614699, 42.625034814458786 ], [ 127.883164169117904, 42.621806267094492 ], [ 127.865613431901636, 42.544270906535573 ], [ 127.823930431012954, 42.500614895085114 ], [ 127.786635114428378, 42.437502363455671 ], [ 127.788828956580403, 42.418070321494014 ], [ 127.83270579962111, 42.385670199350457 ], [ 127.841481168229222, 42.346767968760076 ], [ 127.867807274053632, 42.285123506587631 ], [ 127.902908748486198, 42.238038427229391 ], [ 127.924847170006529, 42.199044876271451 ], [ 127.951173275830996, 42.150269079743779 ], [ 127.968724013047265, 42.117730985056411 ], [ 128.008213171783865, 42.036312622767767 ], [ 128.060865383431889, 41.985627907133079 ], [ 128.104742226472553, 42.004785873481723 ], [ 128.13216525337296, 42.006008526597981 ], [ 128.178784399103705, 42.006416072415263 ], [ 128.21004664977022, 42.006008526597981 ], [ 128.242954282050732, 42.008861292493471 ], [ 128.290670348857532, 42.009676344966834 ], [ 128.324674902214042, 42.00804622957704 ], [ 128.368551745254734, 42.00560097816993 ], [ 128.407324218750034, 42.00861237186912 ], [ 128.45361328125, 42.010614324994123 ], [ 128.485595696785452, 41.998728746095047 ], [ 128.499991489781451, 41.998728746095047 ], [ 128.510378434320415, 41.998728746095047 ], [ 128.543457031249972, 42.008319403119117 ], [ 128.552978515625, 42.006903387494127 ], [ 128.564062500000034, 42.00104401249412 ], [ 128.573339843750034, 42.00458405155662 ], [ 128.58740234375, 42.02020905155662 ], [ 128.597363281250011, 42.027411199994106 ], [ 128.607519531250034, 42.03046295780662 ], [ 128.682226562500006, 42.025995184369116 ], [ 128.708984375, 42.03046295780662 ], [ 128.720605468750023, 42.047870184369117 ], [ 128.816796875000023, 42.044134832806613 ], [ 128.903320312499972, 42.026556707806634 ], [ 128.939697265625, 42.035589910931606 ], [ 128.95458984375, 42.075458074994103 ], [ 128.963623046875, 42.088812567181613 ], [ 128.984765625000023, 42.093133856244116 ], [ 129.008691406250023, 42.095282293744113 ], [ 129.026269531250023, 42.10216705936913 ], [ 129.053125, 42.123065496869124 ], [ 129.063232421875, 42.136346746869116 ], [ 129.064453125, 42.15399811405662 ], [ 129.088281250000023, 42.143426824994116 ], [ 129.105175781249983, 42.142352606244124 ], [ 129.11962890625, 42.149603582806606 ], [ 129.147558593750006, 42.173944403119123 ], [ 129.177441406250011, 42.193670965619127 ], [ 129.195996093750011, 42.209491278119117 ], [ 129.203857421875, 42.21454498905662 ], [ 129.2109375, 42.22023346561911 ], [ 129.214111328125, 42.22601959843162 ], [ 129.209082031250006, 42.23493073124412 ], [ 129.186621093750034, 42.23627350468162 ], [ 129.180566406250023, 42.243353582806627 ], [ 129.18310546875, 42.254754949994116 ], [ 129.191894531249972, 42.26007721561912 ], [ 129.20263671875, 42.263006903119113 ], [ 129.2109375, 42.26727936405662 ], [ 129.214648437500017, 42.275946356244113 ], [ 129.213867187499972, 42.283954168744117 ], [ 129.216015625000011, 42.291327215619127 ], [ 129.227636718750034, 42.297967840619108 ], [ 129.220312500000034, 42.303900457806613 ], [ 129.212304687500023, 42.30805084843162 ], [ 129.203320312500011, 42.310370184369127 ], [ 129.193603515624943, 42.31098053593162 ], [ 129.193603515624943, 42.318426824994113 ], [ 129.225976562500023, 42.318426824994113 ], [ 129.235937500000034, 42.32416412968162 ], [ 129.241943359375, 42.33893463749412 ], [ 129.239990234375, 42.344305731244113 ], [ 129.23388671875, 42.34674713749412 ], [ 129.228271484375, 42.350458074994123 ], [ 129.227636718750034, 42.35944244999412 ], [ 129.23095703125, 42.36793854374411 ], [ 129.235742187500023, 42.37457916874412 ], [ 129.242773437500034, 42.37897369999412 ], [ 129.296386718749972, 42.387518621869127 ], [ 129.303417968750011, 42.38983795780662 ], [ 129.306738281250006, 42.40790436405662 ], [ 129.315136718750011, 42.422552801556613 ], [ 129.326269531250006, 42.42706940311912 ], [ 129.3375, 42.414667059369116 ], [ 129.351757812500011, 42.420843817181606 ], [ 129.343457031249983, 42.429461981244117 ], [ 129.338281250000023, 42.438592840619101 ], [ 129.33984375, 42.445672918744116 ], [ 129.351757812500011, 42.448187567181613 ], [ 129.362890625000034, 42.445257879681613 ], [ 129.371777343749983, 42.43280670780662 ], [ 129.385937500000011, 42.42829010624412 ], [ 129.395117187500006, 42.43048737186912 ], [ 129.405859375000034, 42.43622467655662 ], [ 129.418554687500034, 42.441278387494116 ], [ 129.433837890624972, 42.44135162968162 ], [ 129.482177734375, 42.41095612186912 ], [ 129.488476562499983, 42.402777410931613 ], [ 129.516699218750006, 42.391180731244113 ], [ 129.523193359375, 42.383612371869113 ], [ 129.526562499999983, 42.373358465619113 ], [ 129.534912109375, 42.36981842655662 ], [ 129.545019531250034, 42.371527410931613 ], [ 129.553808593750034, 42.37714264530662 ], [ 129.559082031249972, 42.387225653119103 ], [ 129.559814453125, 42.39704010624412 ], [ 129.56298828125, 42.404364324994127 ], [ 129.58740234375, 42.41163971561911 ], [ 129.59423828125, 42.422479559369108 ], [ 129.5953125, 42.435907293744116 ], [ 129.591406250000034, 42.448187567181613 ], [ 129.63330078125, 42.445672918744116 ], [ 129.670898437499972, 42.43817780155662 ], [ 129.703027343750023, 42.442694403119134 ], [ 129.728515625, 42.47614166874412 ], [ 129.7333984375, 42.512030340619113 ], [ 129.73125, 42.551214910931613 ], [ 129.736328125, 42.585394598431613 ], [ 129.7626953125, 42.606463934369117 ], [ 129.7626953125, 42.612665106244123 ], [ 129.745996093750023, 42.615741278119096 ], [ 129.741308593749977, 42.629266668744116 ], [ 129.750683593749983, 42.643182684369108 ], [ 129.776367187499943, 42.64740631718162 ], [ 129.77197265625, 42.661932684369113 ], [ 129.77890625, 42.670599676556606 ], [ 129.787207031250034, 42.677069403119127 ], [ 129.786376953125, 42.685003973431606 ], [ 129.774121093749983, 42.693622137494117 ], [ 129.764160156249972, 42.697088934369113 ], [ 129.75732421875, 42.703924871869106 ], [ 129.75537109375, 42.722528387494116 ], [ 129.756933593750006, 42.73493073124412 ], [ 129.760937499999955, 42.74635651249411 ], [ 129.773046875000034, 42.76715729374412 ], [ 129.789160156250006, 42.792743231244103 ], [ 129.794824218750023, 42.806708074994127 ], [ 129.798828125, 42.83685944218162 ], [ 129.833984375, 42.90773346561911 ], [ 129.841210937500023, 42.91803619999412 ], [ 129.846289062500034, 42.928485418744117 ], [ 129.847265625000034, 42.951532293744101 ], [ 129.8515625, 42.962103582806606 ], [ 129.862890625000034, 42.969305731244106 ], [ 129.893066406249972, 42.971795965619116 ], [ 129.906738281249972, 42.976385809369113 ], [ 129.8974609375, 42.978949285931613 ], [ 129.889746093750034, 42.983026434369101 ], [ 129.8837890625, 42.98871491093162 ], [ 129.87939453125, 42.99628327030662 ], [ 129.890380859375, 42.99970123905662 ], [ 129.908935546875, 43.008734442181606 ], [ 129.92041015625, 43.010565496869113 ], [ 129.933691406250006, 43.008661199994108 ], [ 129.94140625, 43.00385162968162 ], [ 129.971435546875, 42.973944403119113 ], [ 129.98125, 42.966986395306627 ], [ 129.995507812500023, 42.962103582806606 ], [ 130.008056640625, 42.96076080936912 ], [ 130.046972656250034, 42.962103582806606 ], [ 130.094140625000023, 42.977167059369123 ], [ 130.121337890625, 42.982123114056606 ], [ 130.133300781249972, 42.97296784061912 ], [ 130.130273437500023, 42.959735418744103 ], [ 130.122314453125, 42.94354889530662 ], [ 130.111328125, 42.929315496869116 ], [ 130.098535156250023, 42.921747137494094 ], [ 130.140136718749972, 42.907342840619123 ], [ 130.193457031250034, 42.908465887494117 ], [ 130.238476562500011, 42.902533270306606 ], [ 130.256103515625, 42.867132879681606 ], [ 130.241943359375, 42.782294012494127 ], [ 130.24267578125, 42.743597723431598 ], [ 130.262304687500034, 42.708856512494116 ], [ 130.316894531249972, 42.667596746869108 ], [ 130.324462890625, 42.650506903119101 ], [ 130.392675781250034, 42.606463934369117 ], [ 130.403515625000011, 42.604315496869113 ], [ 130.412597656249972, 42.604925848431606 ], [ 130.420117187500011, 42.604559637494106 ], [ 130.427441406250011, 42.599627996869117 ], [ 130.4296875, 42.59174225468162 ], [ 130.425976562499983, 42.572333074994127 ], [ 130.430908203124972, 42.561786199994117 ], [ 130.4521484375, 42.54962799686912 ], [ 130.4677734375, 42.55519440311911 ], [ 130.470800781250034, 42.570013739056613 ], [ 130.454833984374972, 42.585394598431613 ], [ 130.467480468750011, 42.60065338749412 ], [ 130.48388671875, 42.610296942181627 ], [ 130.501074218750034, 42.610956121869123 ], [ 130.51611328125, 42.599627996869117 ], [ 130.519238281250011, 42.58888580936911 ], [ 130.52490234375, 42.54950592655662 ], [ 130.530517578124972, 42.530707098431613 ], [ 130.542382812500023, 42.51080963749412 ], [ 130.544189453124972, 42.506537176556613 ], [ 130.545800781249994, 42.495550848431627 ], [ 130.549707031250023, 42.490668035931598 ], [ 130.554443359374972, 42.48786041874412 ], [ 130.558496093750023, 42.48292877811911 ], [ 130.575439453124972, 42.44599030155662 ], [ 130.587158203125, 42.432245184369108 ], [ 130.605566406250006, 42.420843817181606 ], [ 130.628320312500023, 42.415057684369117 ], [ 130.6455078125, 42.40106842655662 ], [ 130.656347656250034, 42.383490301556598 ], [ 130.660253906250034, 42.35944244999412 ], [ 130.659912109375, 42.33417389530662 ], [ 130.6625, 42.320819403119103 ], [ 130.672753906250023, 42.311395574994116 ], [ 130.7001953125, 42.29511139530662 ], [ 130.694024426411545, 42.325939301666089 ], [ 130.689636742107467, 42.353506668273106 ], [ 130.677570610271289, 42.386733593844838 ], [ 130.661116794131033, 42.428040116314044 ], [ 130.632596846154627, 42.463655259160603 ], [ 130.615046108938316, 42.492779860505784 ], [ 130.584332318809828, 42.528358185717678 ], [ 130.571169265897652, 42.554220610683863 ], [ 130.593107687417984, 42.560684543042584 ], [ 130.615046108938316, 42.57845690447347 ], [ 130.617239951090369, 42.609142692015631 ], [ 130.597495371722033, 42.647882089628652 ], [ 130.562393897289468, 42.680146502967588 ], [ 130.520710896400828, 42.691435091640571 ], [ 130.457089473991829, 42.689822561707963 ], [ 130.426375683863284, 42.697884792723364 ], [ 130.397855735886878, 42.720453471403992 ], [ 130.406631104495034, 42.74945828594997 ], [ 130.441732578927571, 42.778449534190273 ], [ 130.487803264120259, 42.802598543798567 ], [ 130.529486265008956, 42.817083426847994 ], [ 130.577750792353697, 42.834782566096273 ], [ 130.617239951090369, 42.850868295192328 ], [ 130.669892162739188, 42.842825954167274 ], [ 130.729125900844139, 42.854084938424535 ], [ 130.77739042818888, 42.884634693258029 ], [ 130.843205692749933, 42.86212581354814 ], [ 131.036263802128985, 42.857301414124443 ], [ 131.029682275672883, 42.886242156237792 ], [ 131.051620697193215, 42.911955867221728 ], [ 131.088916013777833, 42.913562618106127 ], [ 131.132792856818526, 42.928021491017333 ], [ 131.143762067578706, 42.95853463510521 ], [ 131.137180541122603, 42.985823049681493 ], [ 131.130599014666501, 43.02432725670559 ], [ 131.163506646946985, 43.067615640652178 ], [ 131.178863542011271, 43.107670239241848 ], [ 131.196414279227497, 43.160502201834333 ], [ 131.200801963531603, 43.203694402716181 ], [ 131.227128069356013, 43.242061816252281 ], [ 131.273198754548758, 43.294777582013189 ], [ 131.312687913285373, 43.333087643334721 ], [ 131.323657124045553, 43.363399313662796 ], [ 131.3214632818935, 43.401666102143174 ], [ 131.317075597590218, 43.41337051451891 ] ] ] ] } },
{ "type": "Feature", "properties": { "fid": 17, "Name": "Fengtian", "Name_zh": "奉天", "Name_old": "Feng Tien" }, "geometry": { "type": "MultiPolygon", "coordinates": [ [ [ [ 123.274176037961638, 44.575313629135444 ], [ 123.212748457704691, 44.570625231228597 ], [ 123.10963787655902, 44.542486906550593 ], [ 123.106072883062268, 44.461513431195847 ], [ 123.182857358383501, 44.378467506398266 ], [ 123.261835675856716, 44.185283788346837 ], [ 123.323263256113719, 44.073482085743464 ], [ 123.364946257002373, 43.996199744805025 ], [ 123.413210784347129, 43.955151862104792 ], [ 123.446118416627669, 43.918816621776578 ], [ 123.468056838148016, 43.880877916796763 ], [ 123.459281469539846, 43.820758861831614 ], [ 123.507545996884645, 43.758994715682775 ], [ 123.53167826055703, 43.695580574464501 ], [ 123.518515207644839, 43.601922181850547 ], [ 123.511933681188722, 43.541522510459934 ], [ 123.47025068030004, 43.481062268439217 ], [ 123.472444522452079, 43.458772175249216 ], [ 123.533872102709054, 43.439659838420063 ], [ 123.593105840813962, 43.40779252347172 ], [ 123.654533421070965, 43.382286593895891 ], [ 123.69402257980758, 43.35836503527544 ], [ 123.696216421959619, 43.292931305225316 ], [ 123.683053369047414, 43.243410231265564 ], [ 123.652339578918941, 43.171453116011094 ], [ 123.610656578030259, 43.083390265003075 ], [ 123.579942787901786, 43.032095361108318 ], [ 123.542647471317167, 42.996805224698186 ], [ 123.439536890171553, 42.991991362147601 ], [ 123.373721625610514, 42.990386657501737 ], [ 122.932759353051523, 42.723425074273401 ], [ 122.93934087950764, 42.697632863846664 ], [ 122.976636196092201, 42.678281672616443 ], [ 123.024900723437, 42.654084206360615 ], [ 123.055614513565473, 42.63471945198679 ], [ 123.060002197869522, 42.589511585344326 ], [ 123.075359092933795, 42.555584152138529 ], [ 123.092909830150063, 42.524872000738348 ], [ 123.110460567366317, 42.477966436050487 ], [ 123.106072883062268, 42.453691130148989 ], [ 123.038063776349176, 42.447216125480516 ], [ 122.967860827484088, 42.455309776729003 ], [ 122.906433247227113, 42.455309776729003 ], [ 122.847199509122163, 42.452072441733939 ], [ 122.877913299250665, 42.306219196673524 ], [ 122.439144868843712, 42.143762798128613 ], [ 122.430369500235585, 42.036312622767745 ], [ 122.439144868843712, 41.953158298660142 ], [ 122.45450176390797, 41.925416049651503 ], [ 122.445726395299829, 41.876429700190563 ], [ 122.445726395299829, 41.829040510619429 ], [ 122.450114079603878, 41.775072177546193 ], [ 122.432563342387596, 41.750526091875521 ], [ 122.430369500235585, 41.704681610635248 ], [ 122.393074183650967, 41.680108610968702 ], [ 122.388686499346917, 41.639132752418767 ], [ 122.362360393522508, 41.621095115391434 ], [ 122.344809656306211, 41.606333294901326 ], [ 122.344809656306211, 41.593208840639633 ], [ 122.399655710107083, 41.589927310026304 ], [ 122.45450176390797, 41.563669059986701 ], [ 122.465470974668122, 41.560386028124533 ], [ 122.52909239707715, 41.573517154786551 ], [ 122.57735692442192, 41.56531051336934 ], [ 122.60368303024633, 41.545610320703233 ], [ 122.594907661638189, 41.504548968885928 ], [ 122.577356924421892, 41.442085814407868 ], [ 122.588326135182044, 41.381208599710355 ], [ 122.592713819486136, 41.336748685818698 ], [ 122.60368303024633, 41.274124027529503 ], [ 122.638784504678839, 41.257633858524706 ], [ 122.605876872398341, 41.224641027933998 ], [ 122.568581555813751, 41.203186756827712 ], [ 122.553224660749535, 41.186678683585257 ], [ 122.393074183650967, 41.213089602432859 ], [ 122.342615814154172, 41.214739930981729 ], [ 122.316289708329762, 41.203186756827712 ], [ 122.322871234785879, 41.178423085844798 ], [ 122.327258919089942, 41.16521196483621 ], [ 122.254862128072816, 41.117299320519408 ], [ 122.17588381059953, 41.074313401203149 ], [ 122.116650072494608, 41.064389579172989 ], [ 122.074967071605954, 41.046192015422484 ], [ 122.053028650085608, 41.013092639730047 ], [ 122.042059439325428, 40.976664109789873 ], [ 122.002570280588813, 40.943529797618346 ], [ 121.976244174764403, 40.907062844145962 ], [ 121.967468806156248, 40.867257764962638 ], [ 121.965274964004223, 40.812486690600934 ], [ 121.947364807129006, 40.780139923095746 ], [ 121.990692138672188, 40.766529083251953 ], [ 122.121528625488622, 40.683471679687514 ], [ 122.157363891601676, 40.680694580078182 ], [ 122.162635803222869, 40.649387359619247 ], [ 122.145141601562486, 40.627922058105582 ], [ 122.144027709961023, 40.607639312744141 ], [ 122.267082214355455, 40.523471832275497 ], [ 122.282356262207017, 40.497348785400504 ], [ 122.292640686035142, 40.499309539794915 ], [ 122.270973205566634, 40.522361755371151 ], [ 122.314582824707045, 40.522914886474716 ], [ 122.319030761718977, 40.506526947021598 ], [ 122.315696716308935, 40.522640228271541 ], [ 122.324028015137173, 40.524581909179673 ], [ 122.330696105957458, 40.474029541015611 ], [ 122.30124664306642, 40.474029541015611 ], [ 122.28791809082054, 40.487083435058651 ], [ 122.295410156250469, 40.465969085693366 ], [ 122.284309387207159, 40.469310760498146 ], [ 122.227355957031222, 40.419578552246151 ], [ 122.199584960937486, 40.418472290039176 ], [ 122.205696105957031, 40.377639770507926 ], [ 122.165969848633154, 40.342639923095817 ], [ 122.170135498046875, 40.333194732666016 ], [ 122.083473205566534, 40.291252136230582 ], [ 122.11180877685581, 40.276809692382805 ], [ 122.09792327880858, 40.23374938964843 ], [ 122.058746337890625, 40.196529388427784 ], [ 121.987640380859716, 40.186531066894645 ], [ 121.985412597656477, 40.179031372070369 ], [ 122.000419616699546, 40.180694580078125 ], [ 122.008468627929702, 40.16986083984375 ], [ 122.001808166503906, 40.129581451416072 ], [ 121.965141296386719, 40.112640380859382 ], [ 121.969017028808807, 40.102088928222585 ], [ 121.952079772949418, 40.108474731445369 ], [ 121.926528930664503, 40.095142364501953 ], [ 121.92764282226571, 40.072364807128899 ], [ 121.883468627929787, 40.038192749023381 ], [ 121.825691223144645, 40.027088165283203 ], [ 121.856529235840284, 40.008754730224609 ], [ 121.889862060547117, 40.01763916015625 ], [ 121.894302368164489, 39.99986267089843 ], [ 121.793472290039404, 39.956253051757869 ], [ 121.783470153808807, 39.944030761718729 ], [ 121.805969238281449, 39.941253662109489 ], [ 121.775695800781264, 39.927364349365284 ], [ 121.769859313964844, 39.913196563720696 ], [ 121.730140686035497, 39.913196563720696 ], [ 121.695968627929688, 39.929035186767564 ], [ 121.661247253417983, 39.901809692382763 ], [ 121.629859924316406, 39.89986419677745 ], [ 121.629028320312614, 39.879863739013736 ], [ 121.607360839843736, 39.865703582763672 ], [ 121.557083129883281, 39.85736465454108 ], [ 121.535972595215185, 39.866813659668026 ], [ 121.52986145019544, 39.846252441406371 ], [ 121.494857788086051, 39.812919616699325 ], [ 121.472640991211037, 39.808475494384759 ], [ 121.471809387207273, 39.795425415039062 ], [ 121.492637634277358, 39.775154113769645 ], [ 121.481796264648565, 39.756534576416122 ], [ 121.454582214355469, 39.742362976074162 ], [ 121.500419616699446, 39.709587097167969 ], [ 121.498466491699446, 39.685424804687557 ], [ 121.521804809570398, 39.702087402343864 ], [ 121.546516418457045, 39.675422668457031 ], [ 121.538749694824418, 39.658203125000107 ], [ 121.52569580078125, 39.656810760497983 ], [ 121.529296875000327, 39.642364501953246 ], [ 121.549018859863494, 39.632923126220824 ], [ 121.545974731445398, 39.614311218261776 ], [ 121.528472900391066, 39.624034881591797 ], [ 121.544860839843992, 39.597362518310547 ], [ 121.531517028809048, 39.59597396850581 ], [ 121.521247863769531, 39.631534576416072 ], [ 121.508750915527344, 39.630695343017585 ], [ 121.502639770507798, 39.651535034179787 ], [ 121.490135192871534, 39.635971069335938 ], [ 121.477912902832244, 39.65319442749017 ], [ 121.451805114746179, 39.65319442749017 ], [ 121.441528320312472, 39.646255493164062 ], [ 121.45958709716821, 39.632644653320433 ], [ 121.446807861328352, 39.618194580078068 ], [ 121.385696411132812, 39.600143432617237 ], [ 121.319580078125085, 39.593475341796932 ], [ 121.299316406250014, 39.602645874023494 ], [ 121.290702819824219, 39.576545715332088 ], [ 121.239028930664048, 39.54180526733392 ], [ 121.224029541015852, 39.545974731445376 ], [ 121.223197937011719, 39.515422821045036 ], [ 121.282913208007827, 39.515422821045036 ], [ 121.300697326660256, 39.490425109863281 ], [ 121.342636108398665, 39.527366638183707 ], [ 121.374313354492301, 39.532642364501896 ], [ 121.399017333984489, 39.512645721435547 ], [ 121.425415039062699, 39.509307861328118 ], [ 121.452079772949219, 39.522644042968736 ], [ 121.440689086914162, 39.511535644531364 ], [ 121.448471069335952, 39.484863281249936 ], [ 121.480697631835952, 39.475143432617116 ], [ 121.479576110839844, 39.456535339355511 ], [ 121.462356567383154, 39.452922821044865 ], [ 121.470138549804688, 39.437644958496151 ], [ 121.483192443847628, 39.438751220703125 ], [ 121.49208068847669, 39.454307556152457 ], [ 121.490692138672088, 39.417919158935604 ], [ 121.517082214355582, 39.40764236450201 ], [ 121.533752441406463, 39.383197784423885 ], [ 121.499580383300753, 39.376255035400391 ], [ 121.517356872558821, 39.36347579956054 ], [ 121.535697937011946, 39.362640380859361 ], [ 121.535697937011946, 39.379314422607408 ], [ 121.55069732666017, 39.381530761718743 ], [ 121.537086486816406, 39.398197174072251 ], [ 121.57208251953125, 39.39875411987299 ], [ 121.552635192871278, 39.415142059326271 ], [ 121.552360534668068, 39.428203582763729 ], [ 121.575141906738494, 39.414863586425724 ], [ 121.592918395996307, 39.432643890380973 ], [ 121.636802673340284, 39.43736648559576 ], [ 121.690414428711051, 39.417087554931634 ], [ 121.707641601562827, 39.437644958496151 ], [ 121.691802978515952, 39.465972900390739 ], [ 121.698196411133026, 39.469032287597599 ], [ 121.724029541015753, 39.463752746582031 ], [ 121.717918395996207, 39.440963745117301 ], [ 121.72902679443358, 39.454582214355469 ], [ 121.734580993652358, 39.428199768066527 ], [ 121.723457336425881, 39.407363891601612 ], [ 121.752639770507926, 39.381252288818352 ], [ 121.802085876464844, 39.390697479248168 ], [ 121.820137023925739, 39.376804351806761 ], [ 121.867362976074318, 39.405143737792912 ], [ 121.923469543457259, 39.40291976928723 ], [ 121.879585266113509, 39.431526184082024 ], [ 121.908470153808679, 39.440975189209041 ], [ 121.92041778564473, 39.432922363281307 ], [ 121.922073364257784, 39.442359924316392 ], [ 121.95814497700934, 39.476658741161742 ], [ 121.966920345617439, 39.508825726637149 ], [ 122.026154083722403, 39.513903363782781 ], [ 122.039317136634608, 39.539285982792371 ], [ 122.05906171600293, 39.556202573880505 ], [ 122.074418611067173, 39.54774479386743 ], [ 122.100744716891555, 39.520672969378481 ], [ 122.140233875628198, 39.507133098458027 ], [ 122.219212193101441, 39.507133098458027 ], [ 122.320128932095059, 39.515595827032477 ], [ 122.394719565264239, 39.525749740609896 ], [ 122.460534829825278, 39.529134048583138 ], [ 122.532931620842419, 39.515595827032477 ], [ 122.544449292141366, 39.516600707577666 ], [ 122.59106843787211, 39.577501037822969 ], [ 122.593810740562134, 39.588491233665096 ], [ 122.584486911415993, 39.596521428385593 ], [ 122.585583832491992, 39.606663501732498 ], [ 122.601489188094249, 39.61131145562841 ], [ 122.614652241006453, 39.619761481474328 ], [ 122.618491464772518, 39.637503177960284 ], [ 122.605328411860341, 39.649328448036364 ], [ 122.600392267018236, 39.672972921283105 ], [ 122.58668075356799, 39.689856877600477 ], [ 122.566936174199725, 39.715596962874315 ], [ 122.580647687649943, 39.748074835420944 ], [ 122.594359201100147, 39.763254045623974 ], [ 122.609167635626392, 39.777586894608895 ], [ 122.607522254012338, 39.789809613443467 ], [ 122.58668075356799, 39.789809613443467 ], [ 122.543900831603352, 39.79528805845586 ], [ 122.529092397077122, 39.802872877364486 ], [ 122.523607791697032, 39.81846126680545 ], [ 122.533480081381143, 39.876570563071425 ], [ 122.545546213217364, 39.922013089519943 ], [ 122.563645410971645, 39.931266205733337 ], [ 122.57461462173184, 39.943882075888759 ], [ 122.572420779579758, 39.956075206193674 ], [ 122.562548489895633, 39.976252162930926 ], [ 122.562000029357591, 39.993902114840623 ], [ 122.573517700655813, 40.014908016636873 ], [ 122.592713819486121, 40.031288133101825 ], [ 122.653592939205083, 40.031708084376397 ], [ 122.689791334713647, 40.032547979168527 ], [ 122.702405927087867, 40.043465670255976 ], [ 122.728732032912276, 40.056900428825656 ], [ 122.748476612280598, 40.064036567230076 ], [ 122.810452653075586, 40.074529530656463 ], [ 122.836778758899982, 40.088377767225559 ], [ 122.855974877730276, 40.103062212839703 ], [ 122.868589470104482, 40.123615113010537 ], [ 122.901497102385008, 40.204926831522364 ], [ 122.909175549917123, 40.294926528072203 ], [ 122.94318010327369, 40.39984448191445 ], [ 122.940986261121651, 40.426570353881267 ], [ 122.984863104162329, 40.454954961379649 ], [ 122.998026157074548, 40.486664750486142 ], [ 123.033127631507128, 40.523362640436481 ], [ 123.022158420746948, 40.555040112812684 ], [ 122.984863104162329, 40.613354135503435 ], [ 122.945373945425686, 40.633335809861727 ], [ 122.923435523905354, 40.668289355043697 ], [ 122.910272470993164, 40.699898213034288 ], [ 122.908078628841125, 40.719853978132569 ], [ 122.947567787577768, 40.7331544989338 ], [ 123.048484526571343, 40.744790274008928 ], [ 123.125269001892548, 40.759747565467642 ], [ 123.186696582149551, 40.749776411686895 ], [ 123.25251184671059, 40.753100295775511 ], [ 123.309551742663501, 40.758085810356157 ], [ 123.366591638616356, 40.766394170493847 ], [ 123.428019218873345, 40.786329997347259 ], [ 123.500416009890529, 40.797956466819258 ], [ 123.555262063691387, 40.827843753596234 ], [ 123.623271170404479, 40.874308325619083 ], [ 123.671535697749221, 40.879284739935464 ], [ 123.721994067246015, 40.88094346157385 ], [ 123.805360069023365, 40.895870085742182 ], [ 123.851430754216054, 40.900844878873627 ], [ 123.899695281560852, 40.912451274490671 ], [ 123.956735177513764, 40.897528391690379 ], [ 123.98964280979429, 40.884260780147926 ], [ 124.037907337139032, 40.872649437714351 ], [ 124.092753390939919, 40.875967171957726 ], [ 124.156374813348918, 40.884260780147926 ], [ 124.235353130822176, 40.884260780147926 ], [ 124.29897455323119, 40.899186656067641 ], [ 124.329688343359692, 40.917424820437056 ], [ 124.347239080575946, 40.957199716900192 ], [ 124.358208291336155, 40.98701517101096 ], [ 124.386728239312603, 41.016817150140824 ], [ 124.417442029441077, 41.035022836358934 ], [ 124.426217398049189, 41.064803101661795 ], [ 124.474481925393988, 41.074726861282684 ], [ 124.52713413704285, 41.074726861282684 ], [ 124.564429453627412, 41.097876475265181 ], [ 124.603918612364055, 41.106142218029547 ], [ 124.645601613252708, 41.097876475265181 ], [ 124.660958508316966, 41.10283604576194 ], [ 124.667540034773083, 41.122670582506544 ], [ 124.713610719965757, 41.177184656423023 ], [ 124.722386088573913, 41.238252588774387 ], [ 124.722386088573913, 41.289373726058749 ], [ 124.761875247310499, 41.323981434101078 ], [ 124.805752090351234, 41.363510606274652 ], [ 124.814527458959361, 41.384912221538983 ], [ 124.832078196175644, 41.44414148080282 ], [ 124.838659722631746, 41.488527979116533 ], [ 124.873761197064269, 41.513174014213639 ], [ 124.928607250865184, 41.529599493072567 ], [ 124.965902567449746, 41.529599493072567 ], [ 124.996616357578247, 41.500030629422739 ], [ 125.033911674162837, 41.49674436634124 ], [ 125.088757727963696, 41.501673698431951 ], [ 125.145797623916607, 41.503316725753088 ], [ 125.229163625693928, 41.5066026553299 ], [ 125.275234310886646, 41.511531237027178 ], [ 125.310335785319225, 41.524672287178689 ], [ 125.32569268038344, 41.549304564194927 ], [ 125.310335785319168, 41.600181539305964 ], [ 125.290591205950875, 41.632984124983409 ], [ 125.26645894227849, 41.639542640058572 ], [ 125.299366574559031, 41.683795159350538 ], [ 125.323498838231401, 41.718192758986945 ], [ 125.323498838231401, 41.777117260826813 ], [ 125.332274206839557, 41.809829724197733 ], [ 125.332274206839557, 41.85233096532324 ], [ 125.349824944055825, 41.896436999115764 ], [ 125.384926418488405, 41.927456331984587 ], [ 125.441966314441288, 41.937248778904902 ], [ 125.501200052546238, 41.929088510871594 ], [ 125.54946457989098, 41.904601442933831 ], [ 125.569209159259273, 41.849062640965798 ], [ 125.617473686604072, 41.839256665972449 ], [ 125.659156687492739, 41.837622190696173 ], [ 125.696452004077329, 41.85886711306506 ], [ 125.729359636357842, 41.873571003163505 ], [ 125.771042637246509, 41.878471548354625 ], [ 125.797368743070933, 41.888271511432073 ], [ 125.821501006743276, 41.914397397567406 ], [ 125.898285482064523, 41.922559544767481 ], [ 125.935580798649084, 41.950303036170233 ], [ 125.983845325993883, 41.973141554790622 ], [ 126.018946800426406, 41.968248275640661 ], [ 126.060629801315088, 41.960091975076573 ], [ 126.086955907139497, 41.929088510871594 ], [ 126.111088170811882, 41.91766238172162 ], [ 126.231749489173765, 41.947039722427355 ], [ 126.2756263322145, 41.978034458040845 ], [ 126.308533964495012, 42.018794032562113 ], [ 126.321697017407203, 42.031831582474801 ], [ 126.383124597664178, 42.051382894229839 ], [ 126.437970651465079, 42.062785047838894 ], [ 126.464296757289489, 42.105117979695031 ], [ 126.49062286311387, 42.137662551820185 ], [ 126.516948968938337, 42.140916089653743 ], [ 126.565213496283079, 42.144169460319873 ], [ 126.615671865779873, 42.149049202875986 ], [ 126.644191813756336, 42.153928569294663 ], [ 126.69684402540517, 42.140916089653743 ], [ 126.716588604773492, 42.119765105702726 ], [ 126.71878244692553, 42.093723430519532 ], [ 126.76046544781417, 42.075813573712658 ], [ 126.81969918591912, 42.053011898654546 ], [ 126.83505608098335, 42.039978693470566 ], [ 126.83505608098335, 42.005753809136493 ], [ 126.911840556304554, 41.978034458040845 ], [ 127.028114190362416, 41.969879410456862 ], [ 127.091735612771416, 41.978034458040845 ], [ 127.126837087203981, 41.997602311908764 ], [ 127.109286349987684, 42.015534227342584 ], [ 127.115867876443801, 42.036719974401109 ], [ 127.172907772396712, 42.035090552201709 ], [ 127.188264667460956, 42.05464086130042 ], [ 127.190458509613009, 42.067671058400457 ], [ 127.218978457589458, 42.093723430519532 ], [ 127.247498405565864, 42.140916089653743 ], [ 127.25407993202198, 42.179945504054757 ], [ 127.273824511390316, 42.202701544523613 ], [ 127.269436827086253, 42.223824817506177 ], [ 127.271630669238277, 42.246565056709827 ], [ 127.256273774174019, 42.254684584910905 ], [ 127.210203088981302, 42.249812993412874 ], [ 127.177295456700776, 42.241692838103262 ], [ 127.146581666572303, 42.230322864810709 ], [ 127.093929454923455, 42.23194727212563 ], [ 127.065409506947006, 42.256308365127587 ], [ 127.065409506947006, 42.280660051245469 ], [ 127.071991033403123, 42.314736606790504 ], [ 127.087347928467338, 42.340687319162306 ], [ 127.082960244163303, 42.365006388872871 ], [ 127.056634138338865, 42.38283439263521 ], [ 127.030308032514441, 42.40713715078774 ], [ 127.036889558970543, 42.433049719222254 ], [ 127.039083401122596, 42.481606920030409 ], [ 127.052246454034773, 42.50425406110849 ], [ 127.067603349099045, 42.536592893518062 ], [ 127.085154086315299, 42.557604158790653 ], [ 127.11806171859584, 42.567299280513112 ], [ 127.157550877332483, 42.572146276408638 ], [ 127.157550877332483, 42.633508954702471 ], [ 127.140000140116214, 42.670620160707088 ], [ 127.111480192139751, 42.694811190597107 ], [ 127.098317139227532, 42.728662807348464 ], [ 127.102704823531596, 42.788261205698184 ], [ 127.085154086315299, 42.788261205698184 ], [ 127.03250187466648, 42.759274550461626 ], [ 127.001788084537978, 42.741553804649499 ], [ 126.903065187696441, 42.759274550461626 ], [ 126.850412976047593, 42.741553804649499 ], [ 126.802148448702823, 42.720604573289563 ], [ 126.76046544781417, 42.688361170295536 ], [ 126.720976289077527, 42.656101021626299 ], [ 126.661742550972605, 42.643192273712764 ], [ 126.558631969826962, 42.63835080256959 ], [ 126.468684441593538, 42.641578491856912 ], [ 126.416032229944719, 42.659327790005015 ], [ 126.391899966272334, 42.688361170295536 ], [ 126.372155386903984, 42.725439639330332 ], [ 126.356798491839768, 42.747998298416228 ], [ 126.334860070319422, 42.765717201869279 ], [ 126.299758595886857, 42.776990229708119 ], [ 126.240524857781949, 42.77215918330603 ], [ 126.212004909805501, 42.757663782928141 ], [ 126.185678803981062, 42.749609317180493 ], [ 126.122057381572063, 42.752831229094852 ], [ 126.091343591443547, 42.754442122244562 ], [ 125.966294588777586, 42.752831229094852 ], [ 125.907060850672636, 42.760885276122657 ], [ 125.878540902696187, 42.775379922781653 ], [ 125.856602481175841, 42.796310646565274 ], [ 125.825888691047368, 42.83815086227434 ], [ 125.801756427374983, 42.876747471134458 ], [ 125.792981058766813, 42.894429520706908 ], [ 125.777624163702598, 42.92656571647489 ], [ 125.742522689270075, 42.989183101522102 ], [ 125.645993634580535, 43.003624217816125 ], [ 125.604310633691853, 43.032496268849627 ], [ 125.586759896475598, 43.064560402815438 ], [ 125.520944631914531, 43.070971218207532 ], [ 125.452935525201468, 43.107820394691601 ], [ 125.426609419377058, 43.128638383447807 ], [ 125.402477155704645, 43.181452235786892 ], [ 125.402477155704645, 43.21663611167866 ], [ 125.365181839120083, 43.247005858725984 ], [ 125.28620352164684, 43.253397561293106 ], [ 125.231357467845967, 43.2502017938546 ], [ 125.178705256197105, 43.239015287267634 ], [ 125.12824688670031, 43.242211641616578 ], [ 125.079982359355569, 43.247005858725984 ], [ 125.051462411379106, 43.242211641616578 ], [ 125.038299358466887, 43.215037284735615 ], [ 125.014167094794502, 43.199046709764886 ], [ 124.992228673274184, 43.195848091751387 ], [ 124.946157988081453, 43.17825269560101 ], [ 124.919831882257014, 43.152650338316057 ], [ 124.889118092128541, 43.128638383447807 ], [ 124.825496669719527, 43.123834860853215 ], [ 124.786007510982913, 43.117429577309728 ], [ 124.735549141486089, 43.10301523760527 ], [ 124.702641509205591, 43.093403791899021 ], [ 124.663152350468962, 43.070971218207532 ], [ 124.647795455404733, 43.050133616753961 ], [ 124.628050876036383, 43.030892622171343 ], [ 124.606112454516051, 43.008437169072948 ], [ 124.586367875147758, 42.97794877591992 ], [ 124.54907255856314, 42.957079581900651 ], [ 124.562235611475373, 42.928172086420268 ], [ 124.5710109800835, 42.886392853744738 ], [ 124.509583399826511, 42.855843969330586 ], [ 124.461318872481755, 42.82045268757836 ], [ 124.42182971374514, 42.781820899240024 ], [ 124.393309765768691, 42.75766378292812 ], [ 124.38453439716055, 42.738331306542946 ], [ 124.395503607920745, 42.720604573289556 ], [ 124.246322341582371, 42.712545292531246 ], [ 124.217802393605922, 42.733497245358336 ], [ 124.178313234869293, 42.73188580789094 ], [ 124.138824076132678, 42.743164990897249 ], [ 124.119079496764357, 42.759274550461612 ], [ 124.134436391828601, 42.783431038667544 ], [ 124.149793286892859, 42.817234293195014 ], [ 124.171731708413191, 42.847802276176282 ], [ 124.184894761325396, 42.867100580644397 ], [ 124.200251656389653, 42.900858100303374 ], [ 124.211220867149805, 42.924959304638612 ], [ 124.241934657278279, 42.965107032887161 ], [ 124.283617658166975, 43.000415374150066 ], [ 124.356014449184102, 43.050133616753961 ], [ 124.417442029441077, 43.119030961061284 ], [ 124.461318872481755, 43.167052984605462 ], [ 124.592949401603875, 43.275763237943188 ], [ 124.73993682579021, 43.352383171433956 ], [ 124.685090771989351, 43.425719952233905 ], [ 124.663152350468962, 43.486235578688849 ], [ 124.671927719077118, 43.503741956901735 ], [ 124.680703087685259, 43.540329802127197 ], [ 124.656570824012888, 43.608673641972523 ], [ 124.612693980972196, 43.662658043373725 ], [ 124.54249103210708, 43.719765134300403 ], [ 124.489838820458218, 43.743543706514352 ], [ 124.4042789765289, 43.748298288035642 ], [ 124.30774992183936, 43.75146779924615 ], [ 124.239740815126282, 43.749883064621343 ], [ 124.180507077021304, 43.749883064621343 ], [ 124.141017918284717, 43.735618564770924 ], [ 124.099334917396064, 43.708665236409054 ], [ 124.066427285115537, 43.710251061983236 ], [ 124.026938126378909, 43.735618564770924 ], [ 124.009387389162626, 43.75146779924615 ], [ 124.002805862706523, 43.798990325687917 ], [ 124.004999704858562, 43.833816175185106 ], [ 124.040101179291085, 43.871784845703871 ], [ 124.035713494987036, 43.908148804444409 ], [ 124.00061202055447, 43.957125967284263 ], [ 123.978673599034138, 43.991859483692686 ], [ 123.958929019665845, 44.017107462595071 ], [ 123.939184440297524, 44.037613532966922 ], [ 123.915052176625139, 44.034459214654156 ], [ 123.886532228648676, 44.017107462595071 ], [ 123.860206122824266, 43.987124291355272 ], [ 123.840461543455959, 43.977652773368298 ], [ 123.807553911175432, 43.974495264912193 ], [ 123.748320173070482, 43.976074040127259 ], [ 123.697861803573687, 43.977652773368298 ], [ 123.669341855597196, 43.990281128221618 ], [ 123.658372644837073, 44.017107462595071 ], [ 123.603526591036186, 44.151057160397812 ], [ 123.482865272674303, 44.226565337699036 ], [ 123.425825376721392, 44.289414924547579 ], [ 123.335877848487968, 44.342784252709343 ], [ 123.300776374055388, 44.414912552748454 ], [ 123.270062583926915, 44.460339075807916 ], [ 123.267868741774876, 44.54014143197373 ], [ 123.274176037961638, 44.575313629135444 ] ] ] ] } },
{ "type": "Feature", "properties": { "fid": 18, "Name": "Andong", "Name_zh": "安东", "Name_old": "An Tung" }, "geometry": { "type": "MultiPolygon", "coordinates": [ [ [ [ 127.157550877332483, 42.572146276408638 ], [ 127.168520088092691, 42.587088809325657 ], [ 127.176198535624806, 42.593145572807977 ], [ 127.185522364770947, 42.591126717041547 ], [ 127.191006970151037, 42.581435299078485 ], [ 127.188264667461013, 42.568914987661387 ], [ 127.183328522618922, 42.56204794325901 ], [ 127.166874706478652, 42.55396809973783 ], [ 127.163583943250615, 42.544270906535573 ], [ 127.172907772396755, 42.536188761416035 ], [ 127.201976180911217, 42.534168061675707 ], [ 127.237626115881781, 42.533359763472205 ], [ 127.261209919016153, 42.538613514797802 ], [ 127.278760656232421, 42.558816131395709 ], [ 127.295762932910705, 42.559220117033007 ], [ 127.31057136743695, 42.551139907340257 ], [ 127.331412867881269, 42.530934806093903 ], [ 127.334703631109278, 42.510723166573328 ], [ 127.341285157565423, 42.498593044655678 ], [ 127.373095868769894, 42.494549147668216 ], [ 127.403809658898425, 42.495357947985987 ], [ 127.433426527950871, 42.513148908523469 ], [ 127.453171107319193, 42.531743135681282 ], [ 127.459752633775281, 42.55760415879066 ], [ 127.468528002383451, 42.5640677406682 ], [ 127.506920240044039, 42.589915372192308 ], [ 127.523374056184309, 42.602027761284148 ], [ 127.552990925236756, 42.621402686901874 ], [ 127.537634030172541, 42.639157740588331 ], [ 127.535440188020488, 42.654487574646303 ], [ 127.554087846312754, 42.665780824432019 ], [ 127.565057057072963, 42.68513590895882 ], [ 127.554087846312811, 42.704484965097045 ], [ 127.562863214920924, 42.715769130436996 ], [ 127.582607794289217, 42.728662807348464 ], [ 127.595770847201436, 42.737525655847485 ], [ 127.608933900113669, 42.759274550461626 ], [ 127.616612347645784, 42.768133023420916 ], [ 127.629775400557961, 42.780210717937507 ], [ 127.660489190686462, 42.780210717937507 ], [ 127.671458401446642, 42.772964383877721 ], [ 127.684621454358876, 42.774574753615553 ], [ 127.695590665119028, 42.777795367468457 ], [ 127.713141402335324, 42.772964383877721 ], [ 127.715335244487321, 42.759274550461626 ], [ 127.726304455247529, 42.752831229094852 ], [ 127.730692139551593, 42.743970568319668 ], [ 127.72411061309549, 42.731080073456241 ], [ 127.732885981703618, 42.723827992518359 ], [ 127.754824403223964, 42.719798692314818 ], [ 127.765793613984115, 42.706097114316826 ], [ 127.770181298288179, 42.698035949558921 ], [ 127.76140592968008, 42.68997373816768 ], [ 127.763599771832119, 42.670620160707088 ], [ 127.782247430124414, 42.660134455936792 ], [ 127.795410483036619, 42.655294303368834 ], [ 127.814058141328914, 42.643999148943635 ], [ 127.826124273165092, 42.635122945849403 ], [ 127.828318115317145, 42.63028084683588 ], [ 127.867807274053774, 42.627052571540339 ], [ 127.883164169117904, 42.621806267094492 ], [ 127.865613431901636, 42.544270906535573 ], [ 127.823930431012954, 42.500614895085114 ], [ 127.786635114428378, 42.437502363455671 ], [ 127.788828956580403, 42.418070321494014 ], [ 127.83270579962111, 42.385670199350457 ], [ 127.841481168229222, 42.346767968760076 ], [ 127.867807274053632, 42.285123506587631 ], [ 127.902908748486198, 42.238038427229391 ], [ 127.924847170006529, 42.199044876271451 ], [ 127.951173275830996, 42.150269079743779 ], [ 127.968724013047265, 42.117730985056411 ], [ 128.008213171783865, 42.036312622767767 ], [ 128.060865383431889, 41.985627907133079 ], [ 128.06799537042599, 41.968095354610242 ], [ 128.074576896882036, 41.926079148566679 ], [ 128.090576171875, 41.917499090619117 ], [ 128.093994140625, 41.901727606244108 ], [ 128.099707031250034, 41.888861395306627 ], [ 128.100830078125, 41.87579987186912 ], [ 128.090576171875, 41.859149481244117 ], [ 128.090722656249994, 41.84198639530662 ], [ 128.096582031250023, 41.82282135624412 ], [ 128.14404296875, 41.754999090619101 ], [ 128.154541015625, 41.73395416874412 ], [ 128.158789062500034, 41.712030340619116 ], [ 128.185644531250034, 41.693182684369106 ], [ 128.223876953125, 41.669696356244103 ], [ 128.250585937500006, 41.660419012494124 ], [ 128.268652343750034, 41.643622137494127 ], [ 128.28125, 41.62323639530662 ], [ 128.283105468749994, 41.605292059369127 ], [ 128.302734374999972, 41.583685614056606 ], [ 128.287353515625, 41.544940496869124 ], [ 128.185302734375, 41.404730535931613 ], [ 128.145898437500023, 41.37653229374412 ], [ 128.103613281250006, 41.37933991093162 ], [ 128.117919921875, 41.39362213749412 ], [ 128.103613281250006, 41.39984772343162 ], [ 128.087890625, 41.38917877811911 ], [ 128.06396484375, 41.388617254681627 ], [ 128.046484375000034, 41.398993231244113 ], [ 128.050195312500023, 41.420965887494113 ], [ 128.033300781250034, 41.413934637494108 ], [ 128.023535156250034, 41.411737371869116 ], [ 128.014892578125, 41.41351959843162 ], [ 128.011328125000034, 41.42462799686912 ], [ 128.012939453124972, 41.44257233280662 ], [ 128.01220703125, 41.460321356244116 ], [ 128.001220703125, 41.471063543744116 ], [ 127.992431640625, 41.461371160931627 ], [ 127.984277343750023, 41.454217840619116 ], [ 127.973876953125, 41.45062897343162 ], [ 127.94384765625, 41.471063543744116 ], [ 127.903320312500014, 41.466498114056613 ], [ 127.88125, 41.461127020306606 ], [ 127.871484375, 41.453973699994116 ], [ 127.86474609375, 41.437616278119116 ], [ 127.848535156250037, 41.431586004681613 ], [ 127.828515625, 41.43414948124412 ], [ 127.81005859375, 41.443793035931627 ], [ 127.784423828124986, 41.437127996869108 ], [ 127.689941406249972, 41.43915436405662 ], [ 127.662353515624972, 41.447211004681613 ], [ 127.65771484375, 41.446795965619117 ], [ 127.646679687500011, 41.43317291874412 ], [ 127.638183593749986, 41.43012116093162 ], [ 127.630371093749972, 41.433050848431613 ], [ 127.597070312499994, 41.45062897343162 ], [ 127.558593749999972, 41.45851471561911 ], [ 127.544433593749972, 41.46906159061912 ], [ 127.542480468749986, 41.491522528119113 ], [ 127.503081016277093, 41.470705108449721 ], [ 127.488821042288862, 41.457553105251485 ], [ 127.454816488932295, 41.451798265030135 ], [ 127.430684225259924, 41.44110935005753 ], [ 127.397776592979412, 41.445220679591174 ], [ 127.37803201361109, 41.460841356137934 ], [ 127.331961328418359, 41.465773419861208 ], [ 127.29247216968173, 41.474814562373091 ], [ 127.250789168793091, 41.475636421895459 ], [ 127.238723036956856, 41.512609314258064 ], [ 127.209106167904409, 41.522465187861343 ], [ 127.19155543068814, 41.532319560560296 ], [ 127.13623046875, 41.569452215619101 ], [ 127.157470703124986, 41.578876043744117 ], [ 127.179443359374986, 41.58539459843162 ], [ 127.169617009167766, 41.612740749983402 ], [ 127.130127850431165, 41.635699841090485 ], [ 127.112577113214869, 41.64717632089247 ], [ 127.092832533846575, 41.666845530871377 ], [ 127.076416015624986, 41.681024481244108 ], [ 127.06796875, 41.693866278119117 ], [ 127.046484375000048, 41.719549871869113 ], [ 127.042236328125, 41.732855535931613 ], [ 127.032714843749986, 41.731878973431606 ], [ 126.980859375000023, 41.763544012494123 ], [ 126.958300781249989, 41.767035223431613 ], [ 126.94580078125, 41.76642487186912 ], [ 126.9404296875, 41.771991278119117 ], [ 126.939160156250011, 41.79401276249412 ], [ 126.929589843750009, 41.801336981244127 ], [ 126.908203125000014, 41.796405340619117 ], [ 126.886816406250034, 41.785174871869103 ], [ 126.877197265625, 41.773797918744108 ], [ 126.864355468750034, 41.74750397343162 ], [ 126.808496093750009, 41.730047918744113 ], [ 126.795800781250037, 41.705267645306606 ], [ 126.788183593750034, 41.696161199994116 ], [ 126.771093750000034, 41.704779364056613 ], [ 126.741210937499972, 41.729437567181627 ], [ 126.726953125, 41.737176824994116 ], [ 126.712158203124986, 41.741522528119113 ], [ 126.696533203124986, 41.741522528119113 ], [ 126.679101562500009, 41.736273504681606 ], [ 126.686914062500023, 41.72431061405662 ], [ 126.699316406250006, 41.716669012494101 ], [ 126.713867187500014, 41.710223699994117 ], [ 126.727539062499972, 41.70148346561912 ], [ 126.7119140625, 41.694452215619116 ], [ 126.679785156250034, 41.67213776249411 ], [ 126.668945312499986, 41.667352606244108 ], [ 126.633691406250037, 41.668890692181613 ], [ 126.617578125000023, 41.666205145306598 ], [ 126.60166015625002, 41.64227936405662 ], [ 126.566796875, 41.614325262494113 ], [ 126.566162109374972, 41.602167059369116 ], [ 126.576904296875, 41.588495184369108 ], [ 126.58046875, 41.57545807499411 ], [ 126.576904296875, 41.562030340619117 ], [ 126.558398437499989, 41.53436920780662 ], [ 126.541992187499986, 41.489203192181606 ], [ 126.507226562499994, 41.44745514530662 ], [ 126.500976562499986, 41.43463776249412 ], [ 126.507812499999986, 41.409442449994117 ], [ 126.521875, 41.377801824994116 ], [ 126.52197265625, 41.35224030155662 ], [ 126.48740234375002, 41.344598699994123 ], [ 126.48740234375002, 41.352069403119117 ], [ 126.493554687500023, 41.35504791874412 ], [ 126.496191406250006, 41.358270574994116 ], [ 126.497949218749994, 41.36200592655662 ], [ 126.500976562499986, 41.36627838749412 ], [ 126.472167968749972, 41.366717840619117 ], [ 126.440673828125, 41.348651434369117 ], [ 126.391113281250014, 41.30365631718162 ], [ 126.38037109375, 41.29108307499412 ], [ 126.35693359375, 41.249627996869116 ], [ 126.345800781250034, 41.23786041874412 ], [ 126.320800781249986, 41.219110418744116 ], [ 126.309179687500034, 41.208075262494098 ], [ 126.284082031250037, 41.164374090619113 ], [ 126.274414062499986, 41.15277741093162 ], [ 126.260498046875, 41.14337799686912 ], [ 126.147070312500034, 41.092474676556627 ], [ 126.123535156249957, 41.07575104374412 ], [ 126.13779296875002, 41.057245184369116 ], [ 126.126074218750034, 41.04340241093162 ], [ 126.111083984374986, 41.032733465619124 ], [ 126.100976562500037, 41.022284246869113 ], [ 126.103759765624972, 41.00946686405662 ], [ 126.093164062500023, 41.006463934369116 ], [ 126.083496093749972, 41.002752996869113 ], [ 126.075439453125, 40.997333074994117 ], [ 126.069042968750011, 40.98956940311912 ], [ 126.071533203125, 40.980829168744116 ], [ 126.065673828124972, 40.968866278119108 ], [ 126.045117187500011, 40.94489166874412 ], [ 126.028222656249994, 40.93549225468162 ], [ 126.009033203125, 40.932928778119113 ], [ 125.991796875000034, 40.928583074994116 ], [ 125.980175781250011, 40.913836981244117 ], [ 125.996191406250006, 40.915155340619108 ], [ 125.997146844589111, 40.915081845891365 ], [ 125.997146844589111, 40.89534764598811 ], [ 125.994726562500034, 40.89435455936912 ], [ 125.9638671875, 40.891546942181627 ], [ 125.94921875, 40.882831121869103 ], [ 125.9359375, 40.87763092655662 ], [ 125.923583984375, 40.884295965619117 ], [ 125.912011718750009, 40.89435455936912 ], [ 125.901123046874986, 40.899603582806613 ], [ 125.884863281250034, 40.897723699994117 ], [ 125.872460937500037, 40.892938543744116 ], [ 125.831347656249989, 40.871039129681627 ], [ 125.821679687500023, 40.86994049686912 ], [ 125.77880859375, 40.88483307499412 ], [ 125.7705078125, 40.886419989056613 ], [ 125.760498046875014, 40.885931707806613 ], [ 125.754492187499991, 40.881903387494106 ], [ 125.75048828125, 40.87494537968162 ], [ 125.745361328124986, 40.868353582806606 ], [ 125.736523437499983, 40.86542389530662 ], [ 125.706054687500014, 40.86066315311912 ], [ 125.682861328125014, 40.848211981244127 ], [ 125.644433593750009, 40.81080963749411 ], [ 125.67294921875002, 40.784369207806606 ], [ 125.682373046875, 40.76911041874412 ], [ 125.668359375000037, 40.76239655155662 ], [ 125.609765625000023, 40.761493231244117 ], [ 125.607910156249986, 40.76434967655662 ], [ 125.60009765625, 40.772967840619117 ], [ 125.586181640624972, 40.782098699994101 ], [ 125.571533203125014, 40.78510162968162 ], [ 125.559814453125, 40.778631903119113 ], [ 125.555078125000023, 40.758978582806613 ], [ 125.553125, 40.737372137494127 ], [ 125.546289062499994, 40.72614166874412 ], [ 125.532714843750014, 40.722040106244116 ], [ 125.491455078124986, 40.721210028119117 ], [ 125.478515625, 40.719012762494117 ], [ 125.46875, 40.71315338749411 ], [ 125.459472656249986, 40.70160553593162 ], [ 125.45654296875, 40.693915106244113 ], [ 125.4560546875, 40.67995026249411 ], [ 125.452636718749986, 40.673651434369127 ], [ 125.443359375, 40.669012762494113 ], [ 125.425976562499969, 40.67145416874412 ], [ 125.418457031249986, 40.66681549686912 ], [ 125.41464843750002, 40.652167059369106 ], [ 125.416894531250023, 40.639520574994108 ], [ 125.412988281250037, 40.63202545780662 ], [ 125.390625, 40.632635809369127 ], [ 125.38427734375, 40.63532135624412 ], [ 125.372167968750034, 40.644159246869116 ], [ 125.36328125, 40.64691803593162 ], [ 125.355712890624986, 40.64630768436912 ], [ 125.33642578125, 40.641376043744124 ], [ 125.326562500000023, 40.64264557499412 ], [ 125.3140625, 40.650018621869108 ], [ 125.293212890624972, 40.65082428593162 ], [ 125.275634765625014, 40.645086981244127 ], [ 125.266796875, 40.631903387494106 ], [ 125.258203125000037, 40.62152741093162 ], [ 125.240478515625014, 40.61347077030662 ], [ 125.217285156249986, 40.605414129681606 ], [ 125.187109375000034, 40.59870026249412 ], [ 125.155175781250037, 40.589227606244108 ], [ 125.137207031249986, 40.57697174686912 ], [ 125.119140625, 40.565619207806613 ], [ 125.101562499999986, 40.558783270306634 ], [ 125.079589843749972, 40.552020574994117 ], [ 125.053320312500034, 40.547674871869127 ], [ 125.034765625, 40.539618231244127 ], [ 125.014404296874972, 40.52558014530662 ], [ 125.009960937499997, 40.509784246869117 ], [ 125.02880859375, 40.49103424686912 ], [ 125.041015625000014, 40.474969793744108 ], [ 125.034765625, 40.462103582806627 ], [ 125.013671875, 40.457635809369116 ], [ 124.988671875000023, 40.458075262494106 ], [ 124.971582031250023, 40.453924871869113 ], [ 124.959228515624972, 40.453924871869113 ], [ 124.935058593749986, 40.45582916874411 ], [ 124.925683593750009, 40.458124090619108 ], [ 124.917675781250011, 40.46137116093162 ], [ 124.914941406249994, 40.466131903119113 ], [ 124.9052734375, 40.47675202030662 ], [ 124.895117187500034, 40.483905340619124 ], [ 124.89023437500002, 40.478094793744106 ], [ 124.883496093749997, 40.46576569218162 ], [ 124.849511718750037, 40.43183014530662 ], [ 124.800537109375014, 40.394305731244117 ], [ 124.779541015625014, 40.38373444218162 ], [ 124.756591796875, 40.37946198124412 ], [ 124.740820312500048, 40.37055084843162 ], [ 124.730957031250014, 40.349969793744116 ], [ 124.722949218749989, 40.326971746869106 ], [ 124.712158203124986, 40.310492254681627 ], [ 124.692578124999983, 40.30304596561912 ], [ 124.64218750000002, 40.29450104374412 ], [ 124.626855468750009, 40.28632233280662 ], [ 124.610839843749986, 40.272406317181613 ], [ 124.570556640625, 40.252630926556613 ], [ 124.554443359374986, 40.24164459843162 ], [ 124.551513671874972, 40.236395574994113 ], [ 124.549902343750034, 40.224969793744116 ], [ 124.548339843749972, 40.22113678593162 ], [ 124.542871093749994, 40.217840887494113 ], [ 124.531982421875, 40.21625397343162 ], [ 124.527832031250014, 40.214374090619117 ], [ 124.38525390625, 40.11066315311912 ], [ 124.37021484375002, 40.098260809369116 ], [ 124.364789817791404, 40.077729562808713 ], [ 124.362595975639351, 40.050025941785684 ], [ 124.374662107475501, 40.024831056767788 ], [ 124.352723685955169, 39.997946253254518 ], [ 124.329688343358825, 39.979456808440332 ], [ 124.295683790002258, 39.960962359365624 ], [ 124.278133052786018, 39.933211304019359 ], [ 124.249613104809555, 39.907131877058738 ], [ 124.24193465727744, 39.887776206842432 ], [ 124.207916259766094, 39.890975952148438 ], [ 124.206802368164176, 39.867919921875 ], [ 124.162086486816634, 39.85153579711924 ], [ 124.156806945800881, 39.814865112304695 ], [ 124.127906799316364, 39.844585418701229 ], [ 124.134582519531222, 39.829032897949276 ], [ 124.090141296386719, 39.828475952148494 ], [ 123.999862670898551, 39.799865722656314 ], [ 123.99624633789071, 39.814865112304695 ], [ 123.982086181641051, 39.815975189209034 ], [ 123.981246948242188, 39.805133819580121 ], [ 123.975692749023438, 39.82347488403331 ], [ 123.967918395996321, 39.808475494384759 ], [ 123.973747253418082, 39.831531524658139 ], [ 123.963195800781691, 39.845703125000092 ], [ 123.949302673339844, 39.815975189209034 ], [ 123.945968627929688, 39.827922821044915 ], [ 123.920967102050781, 39.827644348144531 ], [ 123.921806335449688, 39.836814880371087 ], [ 123.876525878906236, 39.827365875244141 ], [ 123.869583129882926, 39.856533050537116 ], [ 123.822357177734375, 39.855140686035156 ], [ 123.781517028808594, 39.828475952148494 ], [ 123.776260375976761, 39.839313507080192 ], [ 123.755966186523438, 39.83347320556652 ], [ 123.742919921875128, 39.842361450195312 ], [ 123.719306945800895, 39.827922821044915 ], [ 123.660415649414048, 39.855976104736328 ], [ 123.606246948242188, 39.845420837402344 ], [ 123.612922668457017, 39.837921142578068 ], [ 123.602638244628892, 39.825141906738224 ], [ 123.592086791992315, 39.830703735351562 ], [ 123.555694580078111, 39.812088012695369 ], [ 123.549308776855938, 39.799324035644595 ], [ 123.566528320312599, 39.783752441406193 ], [ 123.562637329101761, 39.766807556152344 ], [ 123.546249389648892, 39.756252288818374 ], [ 123.558746337890625, 39.779865264892564 ], [ 123.546249389648892, 39.794860839843736 ], [ 123.470138549804886, 39.789859771728572 ], [ 123.475692749023523, 39.772361755371094 ], [ 123.457641601562486, 39.758190155029354 ], [ 123.470413208008125, 39.745689392089901 ], [ 123.452079772949318, 39.747638702392578 ], [ 123.440406799316506, 39.731250762939453 ], [ 123.407913208008026, 39.737079620361435 ], [ 123.405136108398395, 39.756248474121207 ], [ 123.419586181640867, 39.754581451416065 ], [ 123.420417785644645, 39.745140075683651 ], [ 123.434303283691506, 39.752361297607528 ], [ 123.409858703613509, 39.777641296386662 ], [ 123.40569305419929, 39.814029693603509 ], [ 123.303192138671861, 39.796260833740234 ], [ 123.277084350586009, 39.814582824707088 ], [ 123.26069641113304, 39.795139312744134 ], [ 123.266250610352003, 39.782435899022921 ], [ 123.265975952148438, 39.75485992431647 ], [ 123.227912902832458, 39.752639770507919 ], [ 123.233985900879134, 39.740699768066399 ], [ 123.20236206054733, 39.736804962158246 ], [ 123.193748474121321, 39.720981597900447 ], [ 123.243186950683693, 39.738471984863338 ], [ 123.266532897949233, 39.720138549804744 ], [ 123.26374816894554, 39.70792007446299 ], [ 123.277915954589844, 39.704303741455021 ], [ 123.275138854980483, 39.693195343017678 ], [ 123.21791839599608, 39.700698852539119 ], [ 123.205970764160384, 39.687358856201172 ], [ 123.21930694580098, 39.682918548584084 ], [ 123.204582214355455, 39.673469543457145 ], [ 123.164306640625014, 39.674861907959034 ], [ 123.135696411132827, 39.653469085693416 ], [ 123.134307861328239, 39.667083740234375 ], [ 123.099296569824219, 39.686531066894524 ], [ 123.088752746582358, 39.687641143798885 ], [ 123.078475952148409, 39.670421600341797 ], [ 123.039863586425881, 39.682083129882756 ], [ 123.027641296387173, 39.674861907959034 ], [ 123.033470153808608, 39.665695190429688 ], [ 123.005973815918281, 39.681804656982358 ], [ 123.004028320312599, 39.662639617919972 ], [ 122.997174920748975, 39.669493242520225 ], [ 122.997174920748975, 39.651048860602138 ], [ 122.96346282958983, 39.629310607910149 ], [ 122.965690612793054, 39.621818542480405 ], [ 122.955139160156477, 39.625968933105568 ], [ 122.959861755371094, 39.633193969726605 ], [ 122.940406799316406, 39.634860992431754 ], [ 122.92652893066429, 39.627639770507876 ], [ 122.934028625488381, 39.62125015258794 ], [ 122.860969543457003, 39.607078552246193 ], [ 122.845138549804673, 39.622360229492294 ], [ 122.834861755371207, 39.597915649414169 ], [ 122.805419921875227, 39.585414886474659 ], [ 122.782638549804688, 39.607082366943366 ], [ 122.751525878906563, 39.607082366943366 ], [ 122.756248474121207, 39.585971832275455 ], [ 122.777359008789176, 39.583751678466911 ], [ 122.777915954590043, 39.571804046630845 ], [ 122.751251220703324, 39.556804656982479 ], [ 122.739585876465085, 39.562641143798821 ], [ 122.726524353027472, 39.546806335449332 ], [ 122.701797485351534, 39.551811218261662 ], [ 122.681251525879105, 39.514862060546868 ], [ 122.664016723632812, 39.526248931884822 ], [ 122.655693054199418, 39.559028625488395 ], [ 122.656524658203239, 39.533473968505859 ], [ 122.62958526611375, 39.516803741455178 ], [ 122.636528015136705, 39.502361297607415 ], [ 122.632652282714957, 39.49346923828125 ], [ 122.617637634277685, 39.495971679687493 ], [ 122.62319183349608, 39.487361907959041 ], [ 122.621528625488381, 39.48125076293951 ], [ 122.605140686035369, 39.491249084472713 ], [ 122.572082519531264, 39.46485900878907 ], [ 122.563751220703352, 39.480419158935547 ], [ 122.532931620842419, 39.515595827032477 ], [ 122.544449292141366, 39.516600707577666 ], [ 122.59106843787211, 39.577501037822969 ], [ 122.593810740562134, 39.588491233665096 ], [ 122.584486911415993, 39.596521428385593 ], [ 122.585583832491992, 39.606663501732498 ], [ 122.601489188094249, 39.61131145562841 ], [ 122.614652241006453, 39.619761481474328 ], [ 122.618491464772518, 39.637503177960284 ], [ 122.605328411860341, 39.649328448036364 ], [ 122.600392267018236, 39.672972921283105 ], [ 122.58668075356799, 39.689856877600477 ], [ 122.566936174199725, 39.715596962874315 ], [ 122.580647687649943, 39.748074835420944 ], [ 122.594359201100147, 39.763254045623974 ], [ 122.609167635626392, 39.777586894608895 ], [ 122.607522254012338, 39.789809613443467 ], [ 122.58668075356799, 39.789809613443467 ], [ 122.543900831603352, 39.79528805845586 ], [ 122.529092397077122, 39.802872877364486 ], [ 122.523607791697032, 39.81846126680545 ], [ 122.533480081381143, 39.876570563071425 ], [ 122.545546213217364, 39.922013089519943 ], [ 122.563645410971645, 39.93126620573333 ], [ 122.57461462173184, 39.943882075888759 ], [ 122.572420779579758, 39.956075206193674 ], [ 122.562548489895633, 39.976252162930926 ], [ 122.562000029357591, 39.993902114840623 ], [ 122.573517700655813, 40.014908016636873 ], [ 122.592713819486121, 40.031288133101825 ], [ 122.653592939205083, 40.03170808437639 ], [ 122.689791334713647, 40.032547979168527 ], [ 122.702405927087867, 40.043465670255976 ], [ 122.728732032912276, 40.056900428825656 ], [ 122.748476612280598, 40.064036567230076 ], [ 122.810452653075586, 40.074529530656463 ], [ 122.836778758899982, 40.088377767225559 ], [ 122.855974877730276, 40.103062212839703 ], [ 122.868589470104482, 40.123615113010537 ], [ 122.901497102385008, 40.204926831522364 ], [ 122.909175549917123, 40.294926528072203 ], [ 122.94318010327369, 40.39984448191445 ], [ 122.940986261121651, 40.426570353881267 ], [ 122.984863104162329, 40.454954961379649 ], [ 122.998026157074548, 40.486664750486142 ], [ 123.033127631507128, 40.523362640436481 ], [ 123.022158420746948, 40.555040112812684 ], [ 122.984863104162329, 40.613354135503435 ], [ 122.945373945425686, 40.63333580986172 ], [ 122.923435523905354, 40.668289355043697 ], [ 122.910272470993164, 40.699898213034288 ], [ 122.908078628841125, 40.719853978132569 ], [ 122.947567787577768, 40.7331544989338 ], [ 123.048484526571343, 40.744790274008928 ], [ 123.125269001892548, 40.759747565467634 ], [ 123.186696582149551, 40.749776411686895 ], [ 123.25251184671059, 40.753100295775511 ], [ 123.309551742663501, 40.758085810356157 ], [ 123.366591638616356, 40.766394170493847 ], [ 123.428019218873345, 40.786329997347252 ], [ 123.500416009890529, 40.797956466819258 ], [ 123.555262063691387, 40.827843753596234 ], [ 123.623271170404479, 40.874308325619083 ], [ 123.671535697749221, 40.879284739935464 ], [ 123.721994067246015, 40.88094346157385 ], [ 123.805360069023365, 40.895870085742182 ], [ 123.851430754216054, 40.900844878873627 ], [ 123.899695281560852, 40.912451274490671 ], [ 123.956735177513764, 40.897528391690379 ], [ 123.98964280979429, 40.884260780147926 ], [ 124.037907337139032, 40.872649437714344 ], [ 124.092753390939919, 40.875967171957726 ], [ 124.156374813348918, 40.884260780147926 ], [ 124.235353130822176, 40.884260780147926 ], [ 124.29897455323119, 40.899186656067641 ], [ 124.329688343359692, 40.917424820437056 ], [ 124.347239080575946, 40.957199716900192 ], [ 124.358208291336155, 40.98701517101096 ], [ 124.386728239312603, 41.016817150140824 ], [ 124.417442029441077, 41.035022836358934 ], [ 124.426217398049189, 41.064803101661795 ], [ 124.474481925393988, 41.074726861282684 ], [ 124.52713413704285, 41.074726861282684 ], [ 124.564429453627412, 41.097876475265181 ], [ 124.603918612364055, 41.106142218029547 ], [ 124.645601613252708, 41.097876475265181 ], [ 124.660958508316966, 41.10283604576194 ], [ 124.667540034773083, 41.122670582506544 ], [ 124.713610719965757, 41.177184656423023 ], [ 124.722386088573913, 41.238252588774387 ], [ 124.722386088573913, 41.289373726058749 ], [ 124.761875247310499, 41.323981434101078 ], [ 124.805752090351234, 41.363510606274652 ], [ 124.814527458959361, 41.384912221538983 ], [ 124.832078196175644, 41.444141480802813 ], [ 124.838659722631746, 41.488527979116533 ], [ 124.873761197064269, 41.513174014213639 ], [ 124.928607250865184, 41.52959949307256 ], [ 124.965902567449746, 41.52959949307256 ], [ 124.996616357578247, 41.500030629422739 ], [ 125.033911674162837, 41.49674436634124 ], [ 125.088757727963696, 41.501673698431951 ], [ 125.145797623916607, 41.503316725753088 ], [ 125.229163625693928, 41.5066026553299 ], [ 125.275234310886646, 41.511531237027178 ], [ 125.310335785319225, 41.524672287178682 ], [ 125.32569268038344, 41.549304564194927 ], [ 125.310335785319168, 41.600181539305964 ], [ 125.290591205950875, 41.632984124983409 ], [ 125.26645894227849, 41.639542640058572 ], [ 125.299366574559031, 41.683795159350538 ], [ 125.323498838231401, 41.718192758986945 ], [ 125.323498838231401, 41.777117260826813 ], [ 125.332274206839557, 41.809829724197733 ], [ 125.332274206839557, 41.85233096532324 ], [ 125.349824944055825, 41.896436999115764 ], [ 125.384926418488405, 41.927456331984587 ], [ 125.441966314441288, 41.937248778904902 ], [ 125.501200052546238, 41.929088510871594 ], [ 125.54946457989098, 41.904601442933831 ], [ 125.569209159259273, 41.849062640965798 ], [ 125.617473686604072, 41.839256665972449 ], [ 125.659156687492739, 41.837622190696173 ], [ 125.696452004077329, 41.85886711306506 ], [ 125.729359636357842, 41.873571003163505 ], [ 125.771042637246509, 41.878471548354625 ], [ 125.797368743070933, 41.888271511432073 ], [ 125.821501006743276, 41.914397397567406 ], [ 125.898285482064523, 41.922559544767481 ], [ 125.935580798649084, 41.950303036170233 ], [ 125.983845325993883, 41.973141554790622 ], [ 126.018946800426406, 41.968248275640661 ], [ 126.060629801315088, 41.960091975076573 ], [ 126.086955907139497, 41.929088510871594 ], [ 126.111088170811882, 41.91766238172162 ], [ 126.231749489173765, 41.947039722427355 ], [ 126.2756263322145, 41.978034458040845 ], [ 126.308533964495012, 42.018794032562113 ], [ 126.321697017407203, 42.031831582474801 ], [ 126.383124597664178, 42.051382894229839 ], [ 126.437970651465079, 42.062785047838894 ], [ 126.464296757289489, 42.105117979695031 ], [ 126.49062286311387, 42.137662551820185 ], [ 126.516948968938337, 42.140916089653743 ], [ 126.565213496283079, 42.144169460319866 ], [ 126.615671865779873, 42.149049202875986 ], [ 126.644191813756336, 42.153928569294663 ], [ 126.69684402540517, 42.140916089653743 ], [ 126.716588604773492, 42.119765105702726 ], [ 126.71878244692553, 42.093723430519532 ], [ 126.76046544781417, 42.075813573712658 ], [ 126.81969918591912, 42.053011898654546 ], [ 126.83505608098335, 42.039978693470566 ], [ 126.83505608098335, 42.005753809136493 ], [ 126.911840556304554, 41.978034458040845 ], [ 127.028114190362416, 41.969879410456862 ], [ 127.091735612771416, 41.978034458040845 ], [ 127.126837087203981, 41.997602311908764 ], [ 127.109286349987684, 42.015534227342584 ], [ 127.115867876443801, 42.036719974401109 ], [ 127.172907772396712, 42.035090552201709 ], [ 127.188264667460956, 42.05464086130042 ], [ 127.190458509613009, 42.067671058400457 ], [ 127.218978457589458, 42.093723430519532 ], [ 127.247498405565864, 42.140916089653743 ], [ 127.25407993202198, 42.179945504054757 ], [ 127.273824511390316, 42.202701544523613 ], [ 127.269436827086253, 42.223824817506177 ], [ 127.271630669238277, 42.246565056709827 ], [ 127.256273774174019, 42.254684584910905 ], [ 127.210203088981302, 42.249812993412874 ], [ 127.177295456700776, 42.241692838103262 ], [ 127.146581666572303, 42.230322864810709 ], [ 127.093929454923455, 42.23194727212563 ], [ 127.065409506947006, 42.256308365127587 ], [ 127.065409506947006, 42.280660051245469 ], [ 127.071991033403123, 42.314736606790504 ], [ 127.087347928467338, 42.340687319162306 ], [ 127.082960244163303, 42.365006388872871 ], [ 127.056634138338865, 42.38283439263521 ], [ 127.030308032514441, 42.40713715078774 ], [ 127.036889558970543, 42.433049719222254 ], [ 127.039083401122596, 42.481606920030409 ], [ 127.052246454034773, 42.50425406110849 ], [ 127.067603349099045, 42.536592893518062 ], [ 127.085154086315299, 42.557604158790653 ], [ 127.11806171859584, 42.567299280513112 ], [ 127.157550877332483, 42.572146276408638 ] ] ], [ [ [ 122.987056946314752, 39.545260125064225 ], [ 123.003510762455008, 39.544414260066432 ], [ 123.014479973215188, 39.552872446067163 ], [ 123.023255341823315, 39.544414260066432 ], [ 123.023255341823315, 39.531725047885786 ], [ 123.014479973215188, 39.522418151349207 ], [ 123.005704604607047, 39.507185993712909 ], [ 122.994735393846867, 39.493643494304649 ], [ 122.974990814478545, 39.492797000480884 ], [ 122.95963391941433, 39.497875808819501 ], [ 122.962924682642367, 39.508878620603561 ], [ 122.95085855080616, 39.519879690349889 ], [ 122.945373945426098, 39.52918692708662 ], [ 122.957440077262277, 39.544414260066432 ], [ 122.971700051250508, 39.556255431763432 ], [ 122.987056946314752, 39.545260125064225 ] ] ], [ [ [ 123.053969131951803, 39.515648715844797 ], [ 123.063841421635956, 39.513110007440616 ], [ 123.06274450055993, 39.504646976068599 ], [ 123.058356816255866, 39.491103981913049 ], [ 123.047387605495686, 39.484331495379564 ], [ 123.042999921191637, 39.493643494304649 ], [ 123.03641839473552, 39.506339664805857 ], [ 123.053969131951803, 39.515648715844797 ] ] ], [ [ [ 123.069326027016018, 39.456388016621311 ], [ 123.077004474548161, 39.454694111784427 ], [ 123.085779843156288, 39.444529817234297 ], [ 123.070422948092045, 39.441141389337126 ], [ 123.058356816255866, 39.430127860192378 ], [ 123.042999921191608, 39.445376898450242 ], [ 123.03641839473552, 39.463163223794766 ], [ 123.069326027016018, 39.456388016621311 ] ] ], [ [ [ 123.755998620602867, 39.758089273192375 ], [ 123.764773989211051, 39.754716151503352 ], [ 123.771355515667139, 39.747969412543242 ], [ 123.760386304906959, 39.742065473928982 ], [ 123.741738646614635, 39.740378541409363 ], [ 123.713218698638187, 39.742908924703045 ], [ 123.723090988322369, 39.754716151503352 ], [ 123.755998620602867, 39.758089273192375 ] ] ], [ [ [ 123.612301959644626, 39.804452942675702 ], [ 123.613398880720652, 39.798553846925152 ], [ 123.611205038568599, 39.791811403554455 ], [ 123.591460459200306, 39.78759704081299 ], [ 123.584878932744189, 39.796025508116713 ], [ 123.612301959644626, 39.804452942675702 ] ] ], [ [ [ 123.832783095924128, 39.785068299244998 ], [ 123.836073859152165, 39.780853523431318 ], [ 123.832783095924128, 39.776638489456623 ], [ 123.818523121935897, 39.776638489456623 ], [ 123.815232358707846, 39.78843993401528 ], [ 123.832783095924128, 39.785068299244998 ] ] ], [ [ [ 124.229868525442413, 39.863416063064456 ], [ 124.248516183734679, 39.860890110409706 ], [ 124.260582315570858, 39.83478315510083 ], [ 124.261679236646913, 39.819619722187248 ], [ 124.23315928867045, 39.796868298047059 ], [ 124.194767051009833, 39.806138305653242 ], [ 124.189282445629772, 39.838994625837593 ], [ 124.229868525442413, 39.863416063064456 ] ] ] ] } },
{ "type": "Feature", "properties": { "fid": 19, "Name": "Jilin", "Name_zh": "吉林", "Name_old": "Kirin" }, "geometry": { "type": "MultiPolygon", "coordinates": [ [ [ [ 123.467234147340747, 44.921206168936621 ], [ 123.454071094428556, 44.890129518118044 ], [ 123.429938830756157, 44.869920685965262 ], [ 123.359735881891055, 44.818589464547188 ], [ 123.322440565306437, 44.759424127372256 ], [ 123.267594511505578, 44.672122562186132 ], [ 123.274176037961638, 44.575313629135444 ], [ 123.267868741774876, 44.54014143197373 ], [ 123.270062583926915, 44.460339075807916 ], [ 123.300776374055388, 44.414912552748454 ], [ 123.335877848487968, 44.342784252709336 ], [ 123.425825376721392, 44.289414924547579 ], [ 123.482865272674303, 44.226565337699036 ], [ 123.603526591036186, 44.151057160397812 ], [ 123.658372644837073, 44.017107462595071 ], [ 123.669341855597196, 43.990281128221618 ], [ 123.697861803573687, 43.977652773368298 ], [ 123.748320173070482, 43.976074040127259 ], [ 123.807553911175432, 43.974495264912193 ], [ 123.840461543455959, 43.977652773368298 ], [ 123.860206122824266, 43.987124291355272 ], [ 123.886532228648676, 44.017107462595071 ], [ 123.915052176625139, 44.034459214654156 ], [ 123.939184440297524, 44.037613532966922 ], [ 123.958929019665845, 44.017107462595071 ], [ 123.978673599034138, 43.991859483692686 ], [ 124.00061202055447, 43.957125967284263 ], [ 124.035713494987036, 43.908148804444409 ], [ 124.040101179291085, 43.871784845703871 ], [ 124.004999704858562, 43.833816175185106 ], [ 124.002805862706523, 43.798990325687917 ], [ 124.009387389162626, 43.75146779924615 ], [ 124.026938126378909, 43.735618564770924 ], [ 124.066427285115537, 43.710251061983236 ], [ 124.099334917396064, 43.708665236409054 ], [ 124.141017918284717, 43.735618564770924 ], [ 124.180507077021304, 43.749883064621343 ], [ 124.239740815126282, 43.749883064621343 ], [ 124.30774992183936, 43.75146779924615 ], [ 124.4042789765289, 43.748298288035642 ], [ 124.489838820458218, 43.743543706514352 ], [ 124.54249103210708, 43.719765134300403 ], [ 124.612693980972196, 43.662658043373725 ], [ 124.656570824012888, 43.608673641972523 ], [ 124.680703087685259, 43.540329802127197 ], [ 124.671927719077118, 43.503741956901735 ], [ 124.663152350468962, 43.486235578688841 ], [ 124.685090771989351, 43.425719952233905 ], [ 124.73993682579021, 43.352383171433956 ], [ 124.592949401603875, 43.275763237943188 ], [ 124.461318872481755, 43.167052984605455 ], [ 124.417442029441077, 43.119030961061284 ], [ 124.356014449184102, 43.050133616753961 ], [ 124.283617658166975, 43.000415374150066 ], [ 124.241934657278279, 42.965107032887161 ], [ 124.211220867149805, 42.924959304638612 ], [ 124.200251656389653, 42.900858100303374 ], [ 124.184894761325396, 42.867100580644397 ], [ 124.171731708413191, 42.847802276176282 ], [ 124.149793286892859, 42.817234293195014 ], [ 124.134436391828601, 42.783431038667544 ], [ 124.119079496764357, 42.759274550461612 ], [ 124.138824076132678, 42.743164990897249 ], [ 124.178313234869293, 42.73188580789094 ], [ 124.217802393605922, 42.733497245358336 ], [ 124.246322341582371, 42.712545292531246 ], [ 124.395503607920745, 42.720604573289556 ], [ 124.38453439716055, 42.738331306542946 ], [ 124.393309765768691, 42.757663782928113 ], [ 124.42182971374514, 42.781820899240024 ], [ 124.461318872481755, 42.82045268757836 ], [ 124.509583399826511, 42.855843969330586 ], [ 124.5710109800835, 42.886392853744738 ], [ 124.562235611475373, 42.928172086420268 ], [ 124.54907255856314, 42.957079581900651 ], [ 124.586367875147758, 42.97794877591992 ], [ 124.606112454516051, 43.008437169072948 ], [ 124.628050876036383, 43.030892622171336 ], [ 124.647795455404733, 43.050133616753961 ], [ 124.663152350468962, 43.070971218207525 ], [ 124.702641509205591, 43.093403791899021 ], [ 124.735549141486089, 43.10301523760527 ], [ 124.786007510982913, 43.117429577309728 ], [ 124.825496669719527, 43.123834860853215 ], [ 124.889118092128541, 43.128638383447807 ], [ 124.919831882257014, 43.152650338316057 ], [ 124.946157988081453, 43.17825269560101 ], [ 124.992228673274184, 43.195848091751387 ], [ 125.014167094794502, 43.199046709764886 ], [ 125.038299358466887, 43.215037284735615 ], [ 125.051462411379106, 43.242211641616578 ], [ 125.079982359355569, 43.247005858725984 ], [ 125.12824688670031, 43.242211641616578 ], [ 125.178705256197105, 43.239015287267634 ], [ 125.231357467845967, 43.2502017938546 ], [ 125.28620352164684, 43.253397561293106 ], [ 125.365181839120083, 43.247005858725984 ], [ 125.402477155704645, 43.21663611167866 ], [ 125.402477155704645, 43.181452235786892 ], [ 125.426609419377058, 43.128638383447807 ], [ 125.452935525201468, 43.107820394691601 ], [ 125.520944631914531, 43.070971218207525 ], [ 125.586759896475598, 43.064560402815438 ], [ 125.604310633691853, 43.032496268849627 ], [ 125.645993634580535, 43.003624217816125 ], [ 125.742522689270075, 42.989183101522102 ], [ 125.777624163702598, 42.92656571647489 ], [ 125.792981058766813, 42.894429520706908 ], [ 125.801756427374983, 42.876747471134458 ], [ 125.825888691047368, 42.83815086227434 ], [ 125.856602481175841, 42.796310646565274 ], [ 125.878540902696187, 42.775379922781653 ], [ 125.907060850672636, 42.760885276122657 ], [ 125.966294588777586, 42.752831229094852 ], [ 126.091343591443547, 42.754442122244562 ], [ 126.122057381572063, 42.752831229094852 ], [ 126.185678803981062, 42.749609317180493 ], [ 126.212004909805501, 42.757663782928141 ], [ 126.240524857781949, 42.77215918330603 ], [ 126.299758595886857, 42.776990229708119 ], [ 126.334860070319422, 42.765717201869279 ], [ 126.356798491839768, 42.747998298416228 ], [ 126.372155386903984, 42.725439639330332 ], [ 126.391899966272334, 42.688361170295536 ], [ 126.416032229944719, 42.659327790005015 ], [ 126.468684441593538, 42.641578491856912 ], [ 126.558631969826962, 42.63835080256959 ], [ 126.661742550972605, 42.643192273712764 ], [ 126.720976289077527, 42.656101021626299 ], [ 126.76046544781417, 42.688361170295536 ], [ 126.802148448702823, 42.720604573289563 ], [ 126.850412976047593, 42.741553804649499 ], [ 126.903065187696441, 42.759274550461626 ], [ 127.001788084537978, 42.741553804649499 ], [ 127.03250187466648, 42.759274550461626 ], [ 127.085154086315299, 42.788261205698184 ], [ 127.102704823531596, 42.788261205698184 ], [ 127.098317139227532, 42.728662807348464 ], [ 127.111480192139751, 42.694811190597107 ], [ 127.140000140116214, 42.670620160707088 ], [ 127.157550877332483, 42.633508954702471 ], [ 127.157550877332483, 42.572146276408638 ], [ 127.168520088092691, 42.587088809325657 ], [ 127.176198535624806, 42.593145572807977 ], [ 127.185522364770947, 42.591126717041547 ], [ 127.191006970151037, 42.581435299078485 ], [ 127.188264667461013, 42.568914987661387 ], [ 127.183328522618922, 42.56204794325901 ], [ 127.166874706478652, 42.55396809973783 ], [ 127.163583943250615, 42.544270906535573 ], [ 127.172907772396755, 42.536188761416035 ], [ 127.201976180911217, 42.534168061675707 ], [ 127.237626115881781, 42.533359763472205 ], [ 127.261209919016153, 42.538613514797802 ], [ 127.278760656232421, 42.558816131395709 ], [ 127.295762932910705, 42.559220117033007 ], [ 127.31057136743695, 42.551139907340257 ], [ 127.331412867881269, 42.530934806093896 ], [ 127.334703631109278, 42.510723166573328 ], [ 127.341285157565423, 42.498593044655678 ], [ 127.373095868769894, 42.494549147668209 ], [ 127.403809658898425, 42.495357947985987 ], [ 127.433426527950871, 42.513148908523469 ], [ 127.453171107319193, 42.531743135681282 ], [ 127.459752633775281, 42.557604158790653 ], [ 127.468528002383451, 42.5640677406682 ], [ 127.506920240044039, 42.589915372192308 ], [ 127.523374056184309, 42.602027761284148 ], [ 127.552990925236756, 42.621402686901867 ], [ 127.537634030172541, 42.639157740588331 ], [ 127.535440188020488, 42.654487574646303 ], [ 127.554087846312754, 42.665780824432019 ], [ 127.565057057072963, 42.68513590895882 ], [ 127.554087846312811, 42.704484965097038 ], [ 127.562863214920924, 42.715769130436996 ], [ 127.582607794289217, 42.728662807348464 ], [ 127.595770847201436, 42.737525655847485 ], [ 127.608933900113669, 42.759274550461626 ], [ 127.616612347645784, 42.768133023420916 ], [ 127.629775400557961, 42.780210717937507 ], [ 127.660489190686462, 42.780210717937507 ], [ 127.671458401446642, 42.772964383877721 ], [ 127.684621454358876, 42.774574753615553 ], [ 127.695590665119028, 42.777795367468457 ], [ 127.713141402335324, 42.772964383877721 ], [ 127.715335244487321, 42.759274550461626 ], [ 127.726304455247529, 42.752831229094852 ], [ 127.730692139551593, 42.743970568319668 ], [ 127.72411061309549, 42.731080073456241 ], [ 127.732885981703618, 42.723827992518352 ], [ 127.754824403223964, 42.719798692314818 ], [ 127.765793613984115, 42.706097114316812 ], [ 127.770181298288179, 42.698035949558921 ], [ 127.76140592968008, 42.68997373816768 ], [ 127.763599771832119, 42.670620160707088 ], [ 127.782247430124414, 42.660134455936792 ], [ 127.795410483036619, 42.655294303368834 ], [ 127.814058141328914, 42.643999148943635 ], [ 127.826124273165092, 42.635122945849403 ], [ 127.828318115317145, 42.630280846835873 ], [ 127.867807274053774, 42.627052571540339 ], [ 127.883164169117904, 42.621806267094492 ], [ 127.933622538614699, 42.625034814458786 ], [ 127.957754802287056, 42.587896411794894 ], [ 127.981887065959441, 42.612119620458763 ], [ 128.025763909000148, 42.626649025356109 ], [ 128.023570066848123, 42.6508571658904 ], [ 128.05867154128066, 42.670216897074177 ], [ 128.106936068625402, 42.699245190996045 ], [ 128.13326217444984, 42.723425074273429 ], [ 128.174945175338507, 42.779808166068911 ], [ 128.196883596858868, 42.813613399279845 ], [ 128.275861914332125, 42.865090622001887 ], [ 128.346064863197199, 42.926164117443072 ], [ 128.374584811173662, 42.93901398782986 ], [ 128.422849338518404, 42.94222603650784 ], [ 128.462338497255075, 42.94222603650784 ], [ 128.501827655991661, 42.91813158699312 ], [ 128.57641828916087, 42.889205806297603 ], [ 128.613713605745488, 42.910098009293222 ], [ 128.668559659546332, 42.919738176863802 ], [ 128.732181081955304, 42.921344724844303 ], [ 128.767282556387897, 42.934195600621727 ], [ 128.771670240691975, 42.953466887256631 ], [ 128.745344134867537, 42.959889308883334 ], [ 128.677335028154459, 42.963100268330983 ], [ 128.642233553721923, 42.988781910958338 ], [ 128.640039711569898, 43.038509570703617 ], [ 128.637845869417845, 43.076980748696002 ], [ 128.67294734385041, 43.107419979340641 ], [ 128.664171975242283, 43.152250216344932 ], [ 128.633458185113767, 43.198646891682692 ], [ 128.620295132201534, 43.241812106493299 ], [ 128.653202764482074, 43.268974526143218 ], [ 128.734374924107385, 43.294528088425544 ], [ 128.815547083732639, 43.320070917537585 ], [ 128.859423926773218, 43.384279631229177 ], [ 128.852842400317115, 43.410581583210181 ], [ 128.816644004808524, 43.444040282357527 ], [ 128.79141482006014, 43.455189072117513 ], [ 128.760701029931653, 43.45917028471316 ], [ 128.740956450563317, 43.461558886450327 ], [ 128.715727265814934, 43.476684506053871 ], [ 128.709145739358831, 43.4973765883895 ], [ 128.701467291826702, 43.519652442114584 ], [ 128.677335028154317, 43.541124943637328 ], [ 128.659784290938035, 43.564179485700414 ], [ 128.647718159101856, 43.600730669053299 ], [ 128.651008922329908, 43.625350471296485 ], [ 128.644427395873834, 43.650753888672234 ], [ 128.624682816505469, 43.672973068493008 ], [ 128.611519763593293, 43.705493459386204 ], [ 128.625779737581468, 43.73403341054194 ], [ 128.631264342961629, 43.780777820989016 ], [ 128.657590448786038, 43.838563580957342 ], [ 128.65649352771004, 43.867040083863976 ], [ 128.647718159101856, 43.887597990550951 ], [ 128.540219893652136, 43.932642427715201 ], [ 128.453563128646806, 43.964232202902984 ], [ 128.446981602190704, 43.981599422833938 ], [ 128.428333943898366, 44.007640729773172 ], [ 128.407492443454089, 44.025783973520213 ], [ 128.41078320668214, 44.056535916740735 ], [ 128.412977048834108, 44.073876124976408 ], [ 128.412977048834108, 44.091211253764236 ], [ 128.386650943009755, 44.101452351366618 ], [ 128.348258705349139, 44.147908887171624 ], [ 128.332901810284909, 44.195901807004866 ], [ 128.331804889208826, 44.276850381513846 ], [ 128.336192573512903, 44.30119174309354 ], [ 128.353743310729186, 44.322384064610688 ], [ 128.368003284717418, 44.3467065522564 ], [ 128.370197126869471, 44.370234838331605 ], [ 128.384457100857702, 44.392969867444258 ], [ 128.428333943898366, 44.474429781453274 ], [ 128.434915470354497, 44.490082131648336 ], [ 128.417364733138214, 44.504165656320907 ], [ 128.375681732249546, 44.509641663952991 ], [ 128.321932599524672, 44.508077142837138 ], [ 128.27366807217993, 44.502600988223897 ], [ 128.203465123314828, 44.489299613874458 ], [ 128.153006753818033, 44.486169437793599 ], [ 128.113517595081419, 44.490082131648336 ], [ 128.080609962800878, 44.494777017821789 ], [ 128.060865383432571, 44.486169437793599 ], [ 128.037830040836212, 44.428230881911652 ], [ 128.03124851438011, 44.407076824240903 ], [ 128.024666987923979, 44.345137663929975 ], [ 128.034539277608104, 44.316890493836077 ], [ 128.032345435456079, 44.284703535817847 ], [ 128.010407013935747, 44.224993237307807 ], [ 127.976402460579223, 44.154205265694301 ], [ 127.944591749374723, 44.119566871392742 ], [ 127.911684117094211, 44.097513677573282 ], [ 127.879873405889654, 44.080968382518584 ], [ 127.838190405001029, 44.070723737649899 ], [ 127.78005358797212, 44.065206655783328 ], [ 127.747145955691593, 44.07151185022358 ], [ 127.74275827138753, 44.093574741404858 ], [ 127.748242876767591, 44.119566871392742 ], [ 127.762502850755823, 44.166009164923381 ], [ 127.775665903668042, 44.195115352704534 ], [ 127.787732035504234, 44.224993237307814 ], [ 127.786635114428236, 44.251713233881574 ], [ 127.748242876767591, 44.286274040715583 ], [ 127.698607198077852, 44.340430747011609 ], [ 127.685444145165619, 44.357687594820291 ], [ 127.664602644721285, 44.362393126065676 ], [ 127.620725801680607, 44.347490980673392 ], [ 127.593302774780142, 44.337292592450673 ], [ 127.56039514249963, 44.338861690725984 ], [ 127.532972115599222, 44.362393126065676 ], [ 127.497870641166656, 44.407076824240903 ], [ 127.485804509330464, 44.441546177117566 ], [ 127.48690143040649, 44.47286431546727 ], [ 127.508839851926837, 44.502600988223897 ], [ 127.520905983763043, 44.528412641745497 ], [ 127.541747484207349, 44.5526495378326 ], [ 127.507742930850839, 44.576876344445289 ], [ 127.449606113821872, 44.603436079255744 ], [ 127.418892323693399, 44.624518987280631 ], [ 127.380500086032782, 44.633886711790552 ], [ 127.332235558688041, 44.635447852218057 ], [ 127.282874110267244, 44.638570007080673 ], [ 127.231318819694422, 44.640911512984175 ], [ 127.178666608045589, 44.643252924393195 ], [ 127.136983607156907, 44.647935463727315 ], [ 127.108463659180472, 44.673682673667919 ], [ 127.106269817028434, 44.696299570601134 ], [ 127.10407597487638, 44.72202529840672 ], [ 127.110657501332497, 44.753192669178802 ], [ 127.124917475320728, 44.789792862936814 ], [ 127.135886686080909, 44.815477011425649 ], [ 127.088719079812151, 44.857480953526789 ], [ 127.071168342595882, 44.894792086756318 ], [ 127.042648394619434, 44.934408658203552 ], [ 127.017419209871022, 44.9794296071939 ], [ 126.994383867274664, 45.02751638844115 ], [ 126.948313182081932, 45.061618004775688 ], [ 126.942828576701871, 45.089504206957741 ], [ 126.928568602713639, 45.120472915805408 ], [ 126.902242496889201, 45.128212467984348 ], [ 126.881400996444896, 45.139046077016964 ], [ 126.863850259228613, 45.147556754637179 ], [ 126.845202600936318, 45.141367296914368 ], [ 126.834233390176138, 45.126664641549475 ], [ 126.809004205427698, 45.1243428231463 ], [ 126.762933520235009, 45.125890712581864 ], [ 126.754158151626839, 45.142141015879993 ], [ 126.730025887954454, 45.170761236061651 ], [ 126.701505939978048, 45.173081164452036 ], [ 126.662016781241419, 45.192410226035392 ], [ 126.633496833264957, 45.20864156627556 ], [ 126.606073806364506, 45.21791453885303 ], [ 126.58742614807224, 45.226413435477035 ], [ 126.569875410855943, 45.245724384678809 ], [ 126.540258541803482, 45.251902502444374 ], [ 126.484315566926583, 45.244179750239176 ], [ 126.404240328377327, 45.221777831180603 ], [ 126.36036348533662, 45.226413435477035 ], [ 126.311002036915824, 45.210187166704401 ], [ 126.270415957103225, 45.20864156627556 ], [ 126.225442192986463, 45.190091085145198 ], [ 126.188146876401902, 45.18622564032853 ], [ 126.165111533805543, 45.158386688641087 ], [ 126.126719296144927, 45.139819827482839 ], [ 126.097102427092452, 45.14136729691436 ], [ 126.065291715887952, 45.15297197889069 ], [ 126.044450215443604, 45.169987905598134 ], [ 125.995088767022807, 45.169987905598134 ], [ 125.972053424426477, 45.168441213171043 ], [ 125.929273502461811, 45.19936708170745 ], [ 125.904044317713428, 45.204777381454576 ], [ 125.883202817269094, 45.21791453885303 ], [ 125.847004421760531, 45.228731095876768 ], [ 125.826162921316183, 45.259624204668832 ], [ 125.775704551819388, 45.284326595946212 ], [ 125.732924629854708, 45.327529909488625 ], [ 125.713180050486415, 45.379176324947515 ], [ 125.716470813714437, 45.409987537262197 ], [ 125.718664655866476, 45.450786518499427 ], [ 125.71756773479045, 45.478482214758962 ], [ 125.689047786814029, 45.499245057756085 ], [ 125.648461707001374, 45.503857983499934 ], [ 125.612263311492796, 45.498476200053666 ], [ 125.589227968896438, 45.488480094545388 ], [ 125.559611099843963, 45.482327763112771 ], [ 125.524509625411397, 45.483865908963161 ], [ 125.489408150978818, 45.474636403936465 ], [ 125.437852860406025, 45.453864490010432 ], [ 125.410429833505574, 45.437703265518081 ], [ 125.390685254137281, 45.430005816990565 ], [ 125.367649911540923, 45.433854672491947 ], [ 125.328160752804308, 45.435394141199403 ], [ 125.316094620968101, 45.4215374109721 ], [ 125.300737725903844, 45.424616978329233 ], [ 125.254667040711126, 45.430005816990565 ], [ 125.1899486972261, 45.419997564299081 ], [ 125.15265338064151, 45.418457675629718 ], [ 125.124133432665062, 45.422307318559994 ], [ 125.093419642536588, 45.439242629235572 ], [ 125.0868381160805, 45.4607893117253 ], [ 125.080256589624383, 45.493093902174856 ], [ 125.061608931332088, 45.502320383579722 ], [ 125.031992062279585, 45.495400664257623 ], [ 125.008956719683241, 45.487711089861747 ], [ 124.980436771706792, 45.487711089861747 ], [ 124.948626060502264, 45.500013904959935 ], [ 124.914621507145739, 45.503089188789119 ], [ 124.894876927777432, 45.479251345427201 ], [ 124.879520032713174, 45.4607893117253 ], [ 124.845515479356649, 45.45848113231019 ], [ 124.807123241696047, 45.455403412772569 ], [ 124.773118688339522, 45.463866737294794 ], [ 124.711691108082547, 45.445399664146777 ], [ 124.682074239030044, 45.419997564299081 ], [ 124.630518948457251, 45.4176877155464 ], [ 124.592126710796606, 45.412297700988248 ], [ 124.566897526048251, 45.400745937434579 ], [ 124.538377578071803, 45.396124570565121 ], [ 124.499985340411186, 45.400745937434579 ], [ 124.457205418446506, 45.430775609088876 ], [ 124.386454009043305, 45.428466201296857 ], [ 124.296506480809853, 45.406907171972904 ], [ 124.193395899664239, 45.363764419229256 ], [ 124.028857738261621, 45.303617858093688 ], [ 123.982787053068876, 45.252674719915944 ], [ 123.936716367876173, 45.21405098402775 ], [ 123.877482629771222, 45.175400998342248 ], [ 123.809473523058159, 45.121246918273812 ], [ 123.783147417233749, 45.042244580201533 ], [ 123.741464416345096, 45.008131413641493 ], [ 123.467234147340747, 44.921206168936621 ] ] ] ] } },
{ "type": "Feature", "properties": { "fid": 20, "Name": "West Xing'an", "Name_zh": "兴安西", "Name_old": "Hsing An Si" }, "geometry": { "type": "MultiPolygon", "coordinates": [ [ [ [ 119.544918609770932, 45.613543669485786 ], [ 119.608540032181025, 45.579820723833976 ], [ 119.655707638449769, 45.552174869245455 ], [ 119.713844455478707, 45.513755277665936 ], [ 119.753333614215308, 45.479155204667869 ], [ 119.82463348415645, 45.389095517256763 ], [ 119.869607248273184, 45.345168219583989 ], [ 119.94200403929031, 45.329747048137186 ], [ 119.98368704017895, 45.31046467784693 ], [ 120.063762278728262, 45.269564350108212 ], [ 120.15919441234179, 45.250261505454766 ], [ 120.226106597978827, 45.244855532974448 ], [ 120.295212625767917, 45.245627846256816 ], [ 120.374190943241175, 45.229407062359492 ], [ 120.442200049954252, 45.202362132641433 ], [ 120.479495366538856, 45.160610438237036 ], [ 120.524469130655547, 45.121150168539536 ], [ 120.54421371002384, 45.095602499698749 ], [ 120.547504473251919, 45.061521153977367 ], [ 120.531050657111663, 45.049122897263686 ], [ 120.567249052620227, 45.018115495254079 ], [ 120.623192027497097, 44.972348911423957 ], [ 120.636355080409317, 44.937417624456245 ], [ 120.669262712689843, 44.918002166250886 ], [ 120.723011845414703, 44.913341479765279 ], [ 120.771276372759488, 44.890809499587768 ], [ 120.815153215800166, 44.875265057844928 ], [ 120.849157769156704, 44.876819691021431 ], [ 120.894131533273409, 44.879151562035297 ], [ 120.932523770933997, 44.870600906312752 ], [ 120.963237561062527, 44.843385821891353 ], [ 120.957752955682409, 44.818492202930145 ], [ 120.952268350302347, 44.797479848677384 ], [ 120.986272903658858, 44.762442248356372 ], [ 121.006017483027208, 44.740630343961257 ], [ 121.020277457015425, 44.713353887463725 ], [ 121.077317352968294, 44.698541281874746 ], [ 121.102546537716719, 44.69308305066383 ], [ 121.129969564617156, 44.667344459515562 ], [ 121.179331013037952, 44.613490457684264 ], [ 121.24953396190304, 44.568964666333706 ], [ 121.289023120639655, 44.542389180329778 ], [ 121.3350938058324, 44.511108364359444 ], [ 121.341675332288489, 44.468852617199751 ], [ 121.319736910768128, 44.432049548895108 ], [ 121.289023120639655, 44.402276922110687 ], [ 121.27037546234736, 44.372489136319338 ], [ 121.267084699119309, 44.345824057739542 ], [ 121.309864621083989, 44.328563716903282 ], [ 121.368001438112898, 44.315222700934086 ], [ 121.432719781597939, 44.291672331062117 ], [ 121.474402782486578, 44.266541523509233 ], [ 121.484275072170732, 44.172992026658775 ], [ 121.482081230018736, 44.132853884903938 ], [ 121.477693545714672, 44.082445829175605 ], [ 121.491953519702903, 44.042246133572284 ], [ 121.568737995024108, 43.987025637497823 ], [ 121.640037864965237, 43.925433658416708 ], [ 121.682817786929917, 43.874848970316123 ], [ 121.740954603958855, 43.791765376531075 ], [ 121.779346841619414, 43.762460740380384 ], [ 121.831999053268277, 43.733141742848801 ], [ 121.848452869408547, 43.711737735352386 ], [ 121.839677500800391, 43.602220056362832 ], [ 121.818836000356043, 43.552951435436668 ], [ 121.790316052379623, 43.518757588654196 ], [ 121.75082689364298, 43.513189313367185 ], [ 121.698174681994146, 43.520348430075089 ], [ 121.64991015464939, 43.55056644741493 ], [ 121.584094890088323, 43.598248274935827 ], [ 121.541314968123643, 43.614133827479122 ], [ 121.499631967235018, 43.606191575596888 ], [ 121.467821256030518, 43.587920416175457 ], [ 121.429429018369873, 43.576001453702645 ], [ 121.394327543937308, 43.575206772305961 ], [ 121.383358333177171, 43.55136145390896 ], [ 121.377873727797081, 43.513189313367185 ], [ 121.414072123305644, 43.447126313777481 ], [ 121.434913623749992, 43.388963011051075 ], [ 121.483178151094734, 43.319572136929047 ], [ 121.522667309831348, 43.276462032933495 ], [ 121.566544152872055, 43.260487571503489 ], [ 121.624680969900965, 43.250101923420132 ], [ 121.647716312497352, 43.241312683904745 ], [ 121.664170128637593, 43.196547803769192 ], [ 121.677333181549798, 43.137343806725909 ], [ 121.664170128637593, 43.108521115252998 ], [ 121.64881323357335, 43.076479976996794 ], [ 121.635650180661145, 43.0532396698977 ], [ 121.592870258696465, 43.012347414303946 ], [ 121.559962626415938, 42.978650981414738 ], [ 121.543508810275696, 42.937709045189266 ], [ 121.530345757363492, 42.912809458844926 ], [ 121.495244282930912, 42.879862290780068 ], [ 121.470015098182515, 42.85493933112263 ], [ 121.434913623749935, 42.820352115289566 ], [ 121.410781360077578, 42.788965573568369 ], [ 121.389939859633259, 42.794600227977732 ], [ 121.37348604349296, 42.826788411972466 ], [ 121.364710674884847, 42.858959843944099 ], [ 121.335093805832372, 42.867804050708031 ], [ 121.302186173551831, 42.862176065725166 ], [ 121.273666225575369, 42.842071931014395 ], [ 121.24953396190304, 42.823570347390422 ], [ 121.211141724242395, 42.784135461499332 ], [ 121.20126943455827, 42.75675770778966 ], [ 121.187009460570039, 42.727756308270791 ], [ 121.191397144874102, 42.700353641626016 ], [ 121.211141724242395, 42.66890627219793 ], [ 121.217723250698512, 42.643898290112084 ], [ 121.20675403993836, 42.614844142123644 ], [ 121.171652565505795, 42.598697088972266 ], [ 121.155198749365539, 42.565582545813434 ], [ 121.136551091073244, 42.542149444706261 ], [ 121.127775722465088, 42.501726884954522 ], [ 121.122291117085013, 42.470179134314542 ], [ 121.116806511704922, 42.437805941314892 ], [ 121.111321906324832, 42.391645229890507 ], [ 121.016986693787331, 42.373819727792132 ], [ 120.936911455238061, 42.373009357449135 ], [ 120.883162322513201, 42.361663074769261 ], [ 120.834897795168459, 42.340585970019873 ], [ 120.789924031051726, 42.308145854588105 ], [ 120.655002738701612, 42.441853505571018 ], [ 120.607835132432868, 42.524366740397369 ], [ 120.591381316292598, 42.629372911331721 ], [ 120.533244499263688, 42.733396531743296 ], [ 120.479495366538856, 42.903168207389051 ], [ 120.47510768223475, 43.005930470681413 ], [ 120.431230839194072, 43.141345884341902 ], [ 120.404904733369619, 43.206942580057571 ], [ 120.381869390773275, 43.270871448321103 ], [ 120.35554328494888, 43.275663409432376 ], [ 120.322635652668353, 43.269274044101756 ], [ 120.286437257159733, 43.255694415560768 ], [ 120.260111151335352, 43.234919713197435 ], [ 120.265595756715442, 43.207742104876544 ], [ 120.271080362095503, 43.16535284894087 ], [ 120.271080362095503, 43.158151749774127 ], [ 120.215137387218647, 43.134942434419862 ], [ 120.194295886774313, 43.113325840149621 ], [ 120.205265097534493, 43.081287216374392 ], [ 120.195392807850311, 43.062857417274863 ], [ 120.16577593879785, 43.052438122855271 ], [ 120.109832963920937, 43.050033418872296 ], [ 120.042920778283928, 43.051636565336885 ], [ 119.992462408787134, 43.052438122855271 ], [ 119.947488644670372, 43.0532396698977 ], [ 119.880576459033364, 43.086895185626041 ], [ 119.836699615992657, 43.091701607817882 ], [ 119.771981272507631, 43.082088386269085 ], [ 119.724813666238887, 43.081287216374392 ], [ 119.707262929022619, 43.047628620606233 ], [ 119.697390639338451, 43.017961690039122 ], [ 119.714941376554719, 43.00272174747461 ], [ 119.705069086870566, 42.993094572287731 ], [ 119.684227586426246, 42.989885178707681 ], [ 119.678742981046156, 42.981860961554077 ], [ 119.675452217818091, 42.926465316962414 ], [ 119.648029190917654, 42.899954121794735 ], [ 119.589892373888731, 42.880666089680574 ], [ 119.570147794520437, 42.852526897780059 ], [ 119.549306294076089, 42.826788411972458 ], [ 119.517495582871589, 42.805867997828813 ], [ 119.420966528182049, 42.803453648461371 ], [ 119.355151263621025, 42.784135461499332 ], [ 119.291529841212025, 42.774474106733734 ], [ 119.201582312978601, 42.797014922831174 ], [ 119.163190075317985, 42.824374879240878 ], [ 119.066661020628473, 42.860567975776512 ], [ 119.001942677143418, 42.903971702607436 ], [ 118.959162755178738, 42.903971702607436 ], [ 118.910898227833997, 42.909595875915535 ], [ 118.871409069097353, 42.928071689525986 ], [ 118.845082963272915, 42.943330139539491 ], [ 118.802303041308235, 42.979453492160758 ], [ 118.76720156687567, 43.006732625296195 ], [ 118.681641722946353, 43.039611945459534 ], [ 118.654218696045959, 43.073274941213747 ], [ 118.624601826993469, 43.130139406903055 ], [ 118.581821905028789, 43.152550308068882 ], [ 118.508328192935608, 43.170953117042473 ], [ 118.474323639579097, 43.187750840548603 ], [ 118.434834480842426, 43.254096613066956 ], [ 118.418380664702184, 43.29961755506568 ], [ 118.336111584000889, 43.296424214020576 ], [ 118.258230187603644, 43.286843184650955 ], [ 118.228613318551155, 43.289238583494054 ], [ 118.203384133802771, 43.305205498347604 ], [ 118.163894975066142, 43.308398378194219 ], [ 118.107952000189286, 43.312389242159327 ], [ 118.065172078224592, 43.318774079438576 ], [ 117.977418392143207, 43.310792928019161 ], [ 117.953286128470822, 43.305205498347604 ], [ 117.939026154482605, 43.286843184650955 ], [ 117.944510759862695, 43.25888989477918 ], [ 117.956576891698901, 43.216536186222854 ], [ 117.973030707839143, 43.170953117042473 ], [ 117.9971629715115, 43.142946642041586 ], [ 118.021295235183914, 43.115728061152595 ], [ 118.035555209172145, 43.081287216374392 ], [ 118.044330577780258, 43.058850205866221 ], [ 118.027876761640002, 43.035603215048475 ], [ 117.992775287207465, 43.030792392862708 ], [ 117.968643023535051, 43.026783086300405 ], [ 117.828237125804833, 42.946541963044709 ], [ 117.758034176939745, 42.912006078821058 ], [ 117.725126544659219, 42.868608006678343 ], [ 117.69112199130268, 42.805063225175736 ], [ 117.668086648706307, 42.752730546882738 ], [ 117.616531358133471, 42.733396531743296 ], [ 117.567169909712675, 42.711638557946507 ], [ 117.554006856800498, 42.685035116843814 ], [ 117.524389987747995, 42.653579992324488 ], [ 117.476125460403239, 42.630987009738455 ], [ 117.441023985970673, 42.621301791444992 ], [ 117.397147142929995, 42.623723237284523 ], [ 117.360948747421432, 42.633408078865997 ], [ 117.326944194064879, 42.622108950522239 ], [ 117.314878062228672, 42.597082153460235 ], [ 117.326944194064879, 42.571237493368301 ], [ 117.34120416805311, 42.546190262265085 ], [ 117.325847272988852, 42.519516033211396 ], [ 117.273195061340047, 42.484741611510977 ], [ 117.201895191398904, 42.475033669922297 ], [ 117.108656899937429, 42.473415533223928 ], [ 117.045035477528415, 42.473415533223928 ], [ 117.000061713411711, 42.473415533223928 ], [ 116.95947563359907, 42.460468933500408 ], [ 116.921083395938453, 42.445091368725272 ], [ 116.892563447962004, 42.433758115602636 ], [ 116.868431184289619, 42.41675439258497 ], [ 116.813585130488761, 42.401366097882409 ], [ 116.771902129600093, 42.390835089588514 ], [ 116.767514445294964, 42.402935471837559 ], [ 116.736800655166491, 42.475792157097416 ], [ 116.684148443517614, 42.491971026846613 ], [ 116.655628495541166, 42.509762951042802 ], [ 116.638077758324926, 42.545331610417428 ], [ 116.629302389716756, 42.597031686050997 ], [ 116.609557810348463, 42.642234095784168 ], [ 116.574456335915897, 42.687403688313537 ], [ 116.449407333249923, 42.737374595176696 ], [ 116.383592068688884, 42.793745000955845 ], [ 116.341909067800188, 42.817888043111608 ], [ 116.295838382607499, 42.853280793322618 ], [ 116.262930750326944, 42.904724969863778 ], [ 116.273899961087153, 42.976995769921714 ], [ 116.2717061189351, 43.052388025817201 ], [ 116.287063013999358, 43.08123714290803 ], [ 116.328746014888011, 43.100462344489578 ], [ 116.377010542232767, 43.132490936254875 ], [ 116.398948963753099, 43.178902615770696 ], [ 116.407724332361241, 43.223680443606142 ], [ 116.4497716, 43.2668461 ], [ 116.475733439074361, 43.301962558092626 ], [ 116.526191808571156, 43.346649998600441 ], [ 116.563487125155746, 43.384927354254764 ], [ 116.570068651611848, 43.410432172551367 ], [ 116.585425546676078, 43.431146932465474 ], [ 116.631496231868823, 43.461409601606313 ], [ 116.657822337693219, 43.494840199910286 ], [ 116.673179232757491, 43.542566110895898 ], [ 116.699505338581901, 43.583898030143075 ], [ 116.732412970862413, 43.61726080137538 ], [ 116.765320603142911, 43.63790467415992 ], [ 116.822360499095794, 43.661715717146109 ], [ 116.899144974417027, 43.704551805774003 ], [ 116.934246448849592, 43.734677384508004 ], [ 116.94960334391385, 43.77429322584387 ], [ 116.960572554674002, 43.817048876828316 ], [ 116.958378712521949, 43.847117848167088 ], [ 116.938634133153656, 43.870845808236517 ], [ 116.947409501761797, 43.902468399395225 ], [ 116.97812329189027, 43.916693088369968 ], [ 117.019806292778938, 43.916693088369968 ], [ 117.0571016093635, 43.919853668687502 ], [ 117.087815399492015, 43.926174325669813 ], [ 117.149242979748976, 43.93881362500403 ], [ 117.223833612918185, 43.949870808390791 ], [ 117.265516613806838, 43.956188275501297 ], [ 117.313781141151608, 43.964084164996841 ], [ 117.373014879256516, 43.956188275501297 ], [ 117.401534827232965, 43.938813625004038 ], [ 117.445411670273671, 43.924594224381046 ], [ 117.495870039770494, 43.919853668687502 ], [ 117.546328409267289, 43.930914377707666 ], [ 117.5850072, 43.9343457 ], [ 117.669183569781239, 43.970400121072601 ], [ 117.710866570669879, 43.965663216976083 ], [ 117.743774202950391, 43.953029625891666 ], [ 117.774487993078893, 43.948291336681343 ], [ 117.846884784096048, 43.918273399514192 ], [ 117.910506206505048, 43.910371424085675 ], [ 117.960964576001842, 43.905629735182139 ], [ 118.007035261194574, 43.915112735254922 ], [ 118.055299788539344, 43.916693088369968 ], [ 118.086013578667817, 43.913532340169127 ], [ 118.134278106012587, 43.902468399395225 ], [ 118.18034879120529, 43.902468399395225 ], [ 118.197899528421587, 43.919853668687502 ], [ 118.21106258133382, 43.956188275501297 ], [ 118.197899528421587, 43.983030018479717 ], [ 118.18912415981346, 44.017748384674405 ], [ 118.193511844117523, 44.046139209270812 ], [ 118.1777931, 44.0874483 ], [ 118.181445712281345, 44.105243077090627 ], [ 118.184736475509382, 44.139102668842007 ], [ 118.198996449497614, 44.146974211230379 ], [ 118.24287329253832, 44.152483666416977 ], [ 118.30101010956723, 44.16192725023469 ], [ 118.370498799999979, 44.182801199999986 ], [ 118.423865270081208, 44.215412343086591 ], [ 118.472129797425978, 44.26413586312281 ], [ 118.52039432477072, 44.306539601596441 ], [ 118.581821905027681, 44.366167081129653 ], [ 118.687126328325334, 44.41946658750625 ], [ 118.74416622427826, 44.457060542 ], [ 118.80778764668726, 44.513406120787579 ], [ 118.825338383903514, 44.566571415881668 ], [ 118.827532226055553, 44.62281116624272 ], [ 118.871409069096288, 44.688355416821906 ], [ 118.902122859224761, 44.716423130922855 ], [ 118.948193544417506, 44.749151598859093 ], [ 118.996458071762234, 44.75382558231022 ], [ 119.020590335434647, 44.758499187767626 ], [ 119.02936570404276, 44.778747110142852 ], [ 119.011814966826506, 44.800544627082992 ], [ 118.998651913914301, 44.819221661059103 ], [ 119.011814966826506, 44.847225872011343 ], [ 119.038141072650916, 44.870552319411587 ], [ 119.053497967715174, 44.895423447199406 ], [ 119.044722599107033, 44.928050485193758 ], [ 119.009621124674467, 44.95134417214171 ], [ 118.974519650241888, 44.97462840891157 ], [ 118.985488861002082, 45.032022454800504 ], [ 119.009621124674467, 45.049074461302723 ], [ 119.031559546194799, 45.064571875312375 ], [ 119.038141072650916, 45.08316322802591 ], [ 119.079824073539555, 45.117231666423585 ], [ 119.145639338100622, 45.1265195306678 ], [ 119.193903865445392, 45.123423743921627 ], [ 119.248749919246222, 45.129615149412217 ], [ 119.288239077982865, 45.146638049478405 ], [ 119.327728236719508, 45.165202689872977 ], [ 119.354054342543932, 45.174482742060462 ], [ 119.391349659128522, 45.180668603517127 ], [ 119.42425729140902, 45.186853792973487 ], [ 119.446195712929395, 45.191492244066083 ], [ 119.454971081537522, 45.211587830814906 ], [ 119.457164923689547, 45.247124173361925 ], [ 119.463746450145663, 45.304244714010679 ], [ 119.448389555081434, 45.328927680920373 ], [ 119.391349659128522, 45.333554540267336 ], [ 119.356248184695957, 45.339723098091333 ], [ 119.356248184695957, 45.370555807750094 ], [ 119.365023553304098, 45.399831321908906 ], [ 119.367217395456109, 45.422932860744353 ], [ 119.354054342543932, 45.44910318177709 ], [ 119.35844202684801, 45.466030451568599 ], [ 119.404512712040727, 45.479876256364612 ], [ 119.422063449256981, 45.509095118086044 ], [ 119.430838817865137, 45.536762160900587 ], [ 119.437420344321254, 45.55827156542653 ], [ 119.45058339723343, 45.578237214162307 ], [ 119.492266398122112, 45.588985008629727 ], [ 119.518592503946522, 45.599730745490284 ], [ 119.544918609770932, 45.613543669485786 ] ] ] ] } },
{ "type": "Feature", "properties": { "fid": 21, "Name": "Jinzhou", "Name_zh": "锦州", "Name_old": "Chinchow" }, "geometry": { "type": "MultiPolygon", "coordinates": [ [ [ [ 120.789924031051726, 42.308145854588105 ], [ 120.7806002019056, 42.228190766768023 ], [ 120.756467938233214, 42.171308255213987 ], [ 120.677489620759971, 42.124138243986714 ], [ 120.545859091637908, 42.098098365651389 ], [ 120.504176090749226, 42.08833065337587 ], [ 120.453717721252431, 42.037840177929681 ], [ 120.363770193018993, 41.982417364658865 ], [ 120.337444087194584, 41.930210609632539 ], [ 120.276016506937609, 41.887761133793006 ], [ 120.243108874657111, 41.843649111424597 ], [ 120.190456663008248, 41.804412876052233 ], [ 120.120253714143161, 41.774969921670447 ], [ 120.036887712365854, 41.737328691013239 ], [ 120.017143132997532, 41.684921562562408 ], [ 120.025918501605659, 41.617712496587309 ], [ 120.041275396669917, 41.583261187412859 ], [ 120.006173922237352, 41.561924970077932 ], [ 119.909644867547797, 41.55043331871385 ], [ 119.870155708811183, 41.504446282853898 ], [ 119.835054234378646, 41.448560943033726 ], [ 119.856992655898992, 41.38768979948221 ], [ 119.900869498939684, 41.354762727252862 ], [ 119.920614078307977, 41.280615888845482 ], [ 119.94913402628444, 41.191528361937451 ], [ 120.036887712365854, 41.127111870956497 ], [ 120.091733766166712, 41.102319441309213 ], [ 120.139998293511454, 41.059323717654777 ], [ 120.17290592579198, 40.976560590973826 ], [ 120.278210349089662, 40.888718165150749 ], [ 120.376933245931227, 40.837284506830613 ], [ 120.297954928457983, 40.757566503364629 ], [ 120.24749655896116, 40.730972564522204 ], [ 120.188262820856224, 40.714345953052664 ], [ 120.122447556295185, 40.679416550816121 ], [ 120.080764555406532, 40.644468836458543 ], [ 120.071989186798362, 40.594511771072746 ], [ 120.074183028950443, 40.519506136150852 ], [ 119.995204711477157, 40.482806135678665 ], [ 119.898675656787645, 40.471124652406637 ], [ 119.870155708811183, 40.436068008849801 ], [ 119.846023445138783, 40.416027430013543 ], [ 119.571793176134491, 40.452763929653322 ], [ 119.54107938600599, 40.399322386546672 ], [ 119.521334806637697, 40.330788365725759 ], [ 119.532304017397863, 40.25381360897412 ], [ 119.547501599999975, 40.2221437 ], [ 119.54709076071093, 40.219468890348267 ], [ 119.5471637, 40.2192232 ], [ 119.5471851, 40.2191126 ], [ 119.5472656, 40.2189569 ], [ 119.547372899999985, 40.2189447 ], [ 119.547571399999967, 40.218662 ], [ 119.547566, 40.2184613 ], [ 119.5477323, 40.2182893 ], [ 119.5478932, 40.2180189 ], [ 119.548016599999968, 40.217638 ], [ 119.5483385, 40.217478199999988 ], [ 119.5482527, 40.2172652 ], [ 119.548258, 40.2171095 ], [ 119.548209699999987, 40.2168883 ], [ 119.5480703, 40.2166876 ], [ 119.548081, 40.216532 ], [ 119.547909300000015, 40.2161838 ], [ 119.547887900000021, 40.215897 ], [ 119.548097099999964, 40.2154792 ], [ 119.5486013, 40.2148197 ], [ 119.548767600000019, 40.214578 ], [ 119.548832, 40.2141438 ], [ 119.5490037, 40.213803799999987 ], [ 119.54917, 40.2137177 ], [ 119.5493631, 40.2134719 ], [ 119.549840500000016, 40.2129599 ], [ 119.550049699999988, 40.212837 ], [ 119.550403799999984, 40.2128616 ], [ 119.550672, 40.2127551 ], [ 119.5508115, 40.212837 ], [ 119.550849, 40.2129845 ], [ 119.5508812, 40.2129927 ], [ 119.5509671, 40.212923 ], [ 119.551042199999983, 40.2126649 ], [ 119.5514016, 40.2120095 ], [ 119.551425499999965, 40.211968199999987 ], [ 119.551669799999985, 40.2115466 ], [ 119.5518576, 40.2109525 ], [ 119.552190099999976, 40.2104691 ], [ 119.552093599999978, 40.2100513 ], [ 119.551991700000016, 40.2099325 ], [ 119.551997, 40.2098096 ], [ 119.551900500000016, 40.2097072 ], [ 119.552013099999982, 40.2094368 ], [ 119.552168699999967, 40.2087649 ], [ 119.551980900000018, 40.20837980000001 ], [ 119.5520292, 40.2080643 ], [ 119.552217, 40.2078103 ], [ 119.552683699999974, 40.2075358 ], [ 119.553010900000018, 40.2074293 ], [ 119.553086, 40.2072573 ], [ 119.5533435, 40.2070074 ], [ 119.553327399999986, 40.2068722 ], [ 119.553633199999979, 40.2066509 ], [ 119.5536654, 40.2063109 ], [ 119.553810199999958, 40.2061511 ], [ 119.5540409, 40.2060773 ], [ 119.5543949, 40.2059872 ], [ 119.5546041, 40.205839699999984 ], [ 119.554989171343038, 40.205095905052154 ], [ 119.572051916975582, 40.227512279814299 ], [ 119.5721035, 40.2274996 ], [ 119.572350299999982, 40.2272743 ], [ 119.57294570000002, 40.226918 ], [ 119.5731067, 40.2267378 ], [ 119.5734768, 40.2265781 ], [ 119.5738577, 40.2261726 ], [ 119.5743888, 40.2261726 ], [ 119.574598, 40.2260825 ], [ 119.574876900000021, 40.225996499999987 ], [ 119.5756333, 40.2261521 ], [ 119.5764916, 40.2261521 ], [ 119.577323100000015, 40.2260661 ], [ 119.577757599999956, 40.2261849 ], [ 119.578304799999984, 40.2261275 ], [ 119.578691, 40.226160299999989 ], [ 119.579345499999988, 40.226045599999985 ], [ 119.579962399999985, 40.2260866 ], [ 119.5802467, 40.225976 ], [ 119.580498799999987, 40.2260948 ], [ 119.58220470000002, 40.2274422 ], [ 119.5823335, 40.2274996 ], [ 119.5827894, 40.2268689 ], [ 119.5829236, 40.2263856 ], [ 119.583556599999966, 40.2262832 ], [ 119.583916, 40.2261111 ], [ 119.5841842, 40.225804 ], [ 119.5849299, 40.2255951 ], [ 119.585680899999986, 40.2256197 ], [ 119.585863300000014, 40.2256934 ], [ 119.586507, 40.2256442 ], [ 119.5867967, 40.2255828 ], [ 119.586834200000013, 40.2254804 ], [ 119.587038099999972, 40.225505 ], [ 119.587612100000015, 40.2254558 ], [ 119.5877354, 40.2252101 ], [ 119.588797599999978, 40.224431900000013 ], [ 119.5889424, 40.2243868 ], [ 119.589114099999975, 40.2243991 ], [ 119.589725599999952, 40.2246244 ], [ 119.5898973, 40.22478 ], [ 119.5904767, 40.2250872 ], [ 119.5907502, 40.2250995 ], [ 119.5909702, 40.2250381 ], [ 119.59130810000002, 40.2250176 ], [ 119.5916354, 40.2251364 ], [ 119.591812399999966, 40.2252838 ], [ 119.5920913, 40.2258326 ], [ 119.5921718, 40.2260292 ], [ 119.592322, 40.226160299999989 ], [ 119.592665299999979, 40.226234 ], [ 119.592847699999965, 40.2263692 ], [ 119.5929711, 40.2265862 ], [ 119.5934325, 40.2265862 ], [ 119.5938723, 40.2266436 ], [ 119.594258599999989, 40.2264142 ], [ 119.594709200000011, 40.2264142 ], [ 119.5952778, 40.2261767 ], [ 119.595556799999983, 40.2260784 ], [ 119.5958894, 40.2261357 ], [ 119.5964794, 40.2259637 ], [ 119.59698370000001, 40.2257999 ], [ 119.5976596, 40.2258818 ], [ 119.6714733, 40.2221765 ], [ 119.7383326, 40.20390290000001 ], [ 119.7549194, 40.137563299999989 ], [ 119.7364712, 40.1136189 ], [ 119.7255912, 40.0458835 ], [ 119.7259426, 40.0458465 ], [ 119.7261437, 40.045787 ], [ 119.7263476, 40.0457993 ], [ 119.7268035, 40.045748 ], [ 119.726786399999966, 40.0453941 ], [ 119.726808299999973, 40.0452096 ], [ 119.72679340000002, 40.0450367 ], [ 119.726730599999982, 40.0447292 ], [ 119.726891599999988, 40.0445434 ], [ 119.727518499999974, 40.0442483 ], [ 119.72759360000002, 40.044084 ], [ 119.727855600000012, 40.0439012 ], [ 119.728012099999987, 40.043640499999988 ], [ 119.728119299999989, 40.0434844 ], [ 119.728451899999968, 40.0432873 ], [ 119.728473399999984, 40.042967 ], [ 119.728864799999968, 40.0426774 ], [ 119.729198399999987, 40.042617 ], [ 119.729149299999989, 40.042359199999986 ], [ 119.7292244, 40.0421785 ], [ 119.729565400000013, 40.041822 ], [ 119.729117400000021, 40.0412941 ], [ 119.729020299999988, 40.0409958 ], [ 119.729067599999965, 40.040906 ], [ 119.729202299999969, 40.0405656 ], [ 119.729380299999988, 40.0404346 ], [ 119.7293434, 40.04023930000001 ], [ 119.7294523, 40.0401411 ], [ 119.72960089999998, 40.0401571 ], [ 119.729676, 40.0401243 ], [ 119.729743799999966, 40.0398965 ], [ 119.7298749, 40.0397409 ], [ 119.7299982, 40.0395029 ], [ 119.729904799999986, 40.0393644 ], [ 119.729945, 40.0390893 ], [ 119.730008200000015, 40.0388946 ], [ 119.7302364, 40.038788 ], [ 119.7304134, 40.0386883 ], [ 119.730639399999973, 40.0384605 ], [ 119.7308203, 40.0383056 ], [ 119.7311854, 40.0382626 ], [ 119.7313772, 40.0382994 ], [ 119.7316666, 40.0381511 ], [ 119.731792, 40.0382122 ], [ 119.777503873570595, 39.99874746353494 ], [ 119.782560697378187, 39.99874746353494 ], [ 120.315139770507784, 40.18736267089843 ], [ 120.442085266113381, 40.195415496826286 ], [ 120.501251220703139, 40.254032135009766 ], [ 120.476249694824546, 40.269584655761719 ], [ 120.477912902832145, 40.270420074462891 ], [ 120.482917785644659, 40.26736068725581 ], [ 120.489028930664404, 40.268199920654347 ], [ 120.496528625488281, 40.281528472900376 ], [ 120.489585876464972, 40.307083129882926 ], [ 120.497917175293153, 40.324859619140575 ], [ 120.590972900390739, 40.363471984863338 ], [ 120.590415954590071, 40.38347244262706 ], [ 120.569862365722656, 40.393199920654418 ], [ 120.600418090820668, 40.429580688476506 ], [ 120.584030151367188, 40.454029083252067 ], [ 120.609016418457031, 40.474578857421982 ], [ 120.603469848633168, 40.479583740234375 ], [ 120.661247253418097, 40.480693817138729 ], [ 120.672363281249986, 40.509860992431697 ], [ 120.660140991210923, 40.529861450195426 ], [ 120.74874877929733, 40.568470001220824 ], [ 120.766807556152571, 40.587638854980582 ], [ 120.75013732910169, 40.600971221923828 ], [ 120.779861450195298, 40.589584350586051 ], [ 120.792083740234489, 40.598194122314503 ], [ 120.805686950683594, 40.615699768066527 ], [ 120.799308776855568, 40.622081756591911 ], [ 120.825691223144503, 40.642639160156243 ], [ 120.82707977294946, 40.677639007568366 ], [ 120.937080383300739, 40.691532135009865 ], [ 120.965972900390867, 40.715141296386712 ], [ 120.997193638188875, 40.708352080198623 ], [ 120.997193638188875, 40.718818038444915 ], [ 121.004592895508168, 40.720420837402457 ], [ 121.02430725097679, 40.712081909179673 ], [ 121.022918701171861, 40.723194122314545 ], [ 120.994026184082486, 40.73431015014647 ], [ 120.945419311523438, 40.722358703613224 ], [ 120.937919616699318, 40.739311218261832 ], [ 120.924026489258267, 40.737361907958977 ], [ 120.934028625488267, 40.775138854980575 ], [ 120.953750610351676, 40.771804809570312 ], [ 120.98208618164098, 40.785968780517521 ], [ 120.945686340332017, 40.800689697265739 ], [ 120.948196411133054, 40.805141448974666 ], [ 120.960693359375114, 40.807350158691463 ], [ 120.952636718750441, 40.822639465332138 ], [ 120.973747253417955, 40.827919006347713 ], [ 120.968193054199205, 40.840419769287173 ], [ 120.977912902832045, 40.857082366943459 ], [ 120.997085571289503, 40.856803894043082 ], [ 121.00235748291017, 40.834026336669844 ], [ 121.057907104492386, 40.823471069335945 ], [ 121.063751220703111, 40.803195953369141 ], [ 121.074859619140739, 40.800140380859489 ], [ 121.067352294921861, 40.79708099365245 ], [ 121.07791900634777, 40.799304962158317 ], [ 121.060691833496094, 40.822921752929688 ], [ 121.080696105957387, 40.834579467773487 ], [ 121.074302673340085, 40.863193511963004 ], [ 121.098747253418438, 40.875141143798878 ], [ 121.117637634277457, 40.871250152587891 ], [ 121.132919311523438, 40.888198852539119 ], [ 121.135696411133026, 40.886249542236442 ], [ 121.128471374511946, 40.880142211914048 ], [ 121.14069366455098, 40.882083892822365 ], [ 121.165969848632812, 40.918750762939446 ], [ 121.183471679687585, 40.920700073242301 ], [ 121.187080383300781, 40.948749542236385 ], [ 121.187637329101676, 40.920970916748153 ], [ 121.196807861328139, 40.930419921875121 ], [ 121.2218017578125, 40.92153167724608 ], [ 121.231529235839844, 40.905971527099609 ], [ 121.245971679687727, 40.912361145019538 ], [ 121.250961303711065, 40.942359924316463 ], [ 121.254859924316406, 40.930973052978516 ], [ 121.248466491699688, 40.921249389648558 ], [ 121.259025573730824, 40.910972595214957 ], [ 121.321807861328097, 40.910415649414006 ], [ 121.347923278808551, 40.920700073242301 ], [ 121.342086791992301, 40.909580230712898 ], [ 121.362915039062941, 40.894584655761662 ], [ 121.392356872558921, 40.900138854980469 ], [ 121.412635803222898, 40.888469696044965 ], [ 121.426528930664048, 40.902641296386712 ], [ 121.428474426269744, 40.890415191650433 ], [ 121.45430755615233, 40.885700225830206 ], [ 121.478469848633026, 40.895694732666016 ], [ 121.495971679687514, 40.886531829833977 ], [ 121.495407104492188, 40.867630004882876 ], [ 121.521247863769531, 40.865970611572315 ], [ 121.52041625976571, 40.857917785644645 ], [ 121.545692443847742, 40.872360229492237 ], [ 121.525405883789304, 40.857360839843864 ], [ 121.543746948242301, 40.842918395996094 ], [ 121.59124755859375, 40.840415954589787 ], [ 121.614028930664034, 40.852359771728516 ], [ 121.623191833496065, 40.844581604004013 ], [ 121.644027709961165, 40.863471984863388 ], [ 121.647636413574304, 40.859859466552798 ], [ 121.638748168945312, 40.849590301513715 ], [ 121.660415649414176, 40.841526031494148 ], [ 121.709030151367188, 40.857639312744254 ], [ 121.727355957031449, 40.844310760498146 ], [ 121.749031066894844, 40.854579925537216 ], [ 121.756248474121193, 40.872638702392635 ], [ 121.732360839844191, 40.888198852539119 ], [ 121.761802673340171, 40.879306793212947 ], [ 121.794586181640739, 40.904579162597713 ], [ 121.781517028808821, 40.930141448974716 ], [ 121.80764007568358, 40.961250305175838 ], [ 121.831253051757827, 40.923194885253842 ], [ 121.820137023925739, 40.891799926757884 ], [ 121.855140686035384, 40.824031829834041 ], [ 121.923187255859347, 40.80319976806652 ], [ 121.928466796875014, 40.813480377197259 ], [ 121.904586791992401, 40.822639465332138 ], [ 121.916259765625, 40.832920074462876 ], [ 121.916526794433608, 40.819305419921868 ], [ 121.931526184082031, 40.819309234619254 ], [ 121.949584960937727, 40.794582366943359 ], [ 121.947364807129006, 40.780139923095746 ], [ 121.965274964004223, 40.812486690600934 ], [ 121.967468806156248, 40.867257764962631 ], [ 121.976244174764403, 40.907062844145962 ], [ 122.002570280588813, 40.943529797618346 ], [ 122.042059439325428, 40.976664109789873 ], [ 122.053028650085608, 41.013092639730047 ], [ 122.074967071605954, 41.046192015422484 ], [ 122.116650072494608, 41.064389579172989 ], [ 122.17588381059953, 41.074313401203149 ], [ 122.254862128072816, 41.117299320519408 ], [ 122.327258919089942, 41.16521196483621 ], [ 122.322871234785879, 41.178423085844791 ], [ 122.316289708329762, 41.203186756827712 ], [ 122.342615814154172, 41.214739930981729 ], [ 122.393074183650967, 41.213089602432859 ], [ 122.553224660749535, 41.186678683585257 ], [ 122.568581555813751, 41.203186756827712 ], [ 122.605876872398341, 41.224641027933998 ], [ 122.638784504678839, 41.257633858524706 ], [ 122.60368303024633, 41.274124027529503 ], [ 122.592713819486136, 41.336748685818698 ], [ 122.588326135182044, 41.381208599710355 ], [ 122.577356924421892, 41.442085814407868 ], [ 122.594907661638189, 41.504548968885928 ], [ 122.60368303024633, 41.545610320703233 ], [ 122.57735692442192, 41.56531051336934 ], [ 122.52909239707715, 41.573517154786551 ], [ 122.465470974668122, 41.560386028124533 ], [ 122.45450176390797, 41.563669059986701 ], [ 122.399655710107083, 41.589927310026304 ], [ 122.344809656306211, 41.593208840639633 ], [ 122.344809656306211, 41.606333294901326 ], [ 122.362360393522508, 41.621095115391434 ], [ 122.388686499346917, 41.639132752418767 ], [ 122.393074183650967, 41.680108610968702 ], [ 122.430369500235585, 41.704681610635248 ], [ 122.432563342387596, 41.750526091875521 ], [ 122.450114079603878, 41.775072177546193 ], [ 122.445726395299829, 41.829040510619429 ], [ 122.445726395299829, 41.876429700190563 ], [ 122.45450176390797, 41.925416049651503 ], [ 122.439144868843712, 41.953158298660142 ], [ 122.430369500235585, 42.036312622767745 ], [ 122.439144868843712, 42.143762798128613 ], [ 122.877913299250665, 42.306219196673524 ], [ 122.847199509122163, 42.452072441733939 ], [ 122.847199509122362, 42.499705070482257 ], [ 122.83732721943818, 42.54497804445932 ], [ 122.814291876841835, 42.561139013091797 ], [ 122.771511954877155, 42.569217928092698 ], [ 122.701309006012053, 42.573256993253295 ], [ 122.646462952211166, 42.586180244041238 ], [ 122.586132293030175, 42.621705372291636 ], [ 122.547740055369616, 42.644301724457321 ], [ 122.493990922644755, 42.662050245582144 ], [ 122.432563342387809, 42.656403538274844 ], [ 122.34700349845842, 42.672535627233408 ], [ 122.309708181873845, 42.678987290682755 ], [ 122.254862128072944, 42.685438284322785 ], [ 122.212082206108306, 42.6951135188636 ], [ 122.168205363067599, 42.711235560545624 ], [ 122.133103888635063, 42.732187955605383 ], [ 122.106777782810596, 42.749911378537391 ], [ 122.080451676986186, 42.778902414795617 ], [ 122.032187149641445, 42.78856307862403 ], [ 121.943336542484033, 42.78856307862403 ], [ 121.8588736196307, 42.770850710049807 ], [ 121.83364443488226, 42.745883772745444 ], [ 121.814996776590021, 42.727353415539518 ], [ 121.802930644753815, 42.70881752119007 ], [ 121.76892609139729, 42.705593322183041 ], [ 121.74150306449684, 42.690276089983065 ], [ 121.71517695867243, 42.668502997445458 ], [ 121.674590878859789, 42.62009103320905 ], [ 121.65704014164352, 42.585372619338152 ], [ 121.62961711474307, 42.558715134577731 ], [ 121.429977478907915, 42.522345658169939 ], [ 121.357580687890774, 42.51830329757226 ], [ 121.332351503142363, 42.514260675453599 ], [ 121.266536238581295, 42.498087571833288 ], [ 121.241307053832912, 42.484337144016315 ], [ 121.199624052944287, 42.458445785426896 ], [ 121.173297947119821, 42.43416290993931 ], [ 121.155747209903581, 42.4066309393179 ], [ 121.142584156991376, 42.397720948845588 ], [ 121.111321906324832, 42.391645229890507 ], [ 121.016986693787331, 42.373819727792132 ], [ 120.936911455238061, 42.373009357449135 ], [ 120.883162322513201, 42.361663074769261 ], [ 120.834897795168459, 42.340585970019873 ], [ 120.789924031051726, 42.308145854588105 ] ] ], [ [ [ 120.825025505484504, 40.541183061757557 ], [ 120.800893241812091, 40.52784424504037 ], [ 120.803087083964158, 40.506997028071289 ], [ 120.799796320736093, 40.494485586440376 ], [ 120.818443979028388, 40.49114880791516 ], [ 120.849157769156889, 40.509499036376461 ], [ 120.855739295612949, 40.534513985332076 ], [ 120.835994716244656, 40.545350897393128 ], [ 120.825025505484504, 40.541183061757557 ] ] ] ] } },
{ "type": "Feature", "properties": { "fid": 22, "Name": "South Xing'an", "Name_zh": "兴安南", "Name_old": "Hsing An Nan" }, "geometry": { "type": "MultiPolygon", "coordinates": [ [ [ [ 119.55588782053114, 46.797748254123256 ], [ 119.607168880835516, 46.774605385132389 ], [ 119.828746938191046, 46.770097705598381 ], [ 119.999866626049737, 46.768595061912485 ], [ 120.111752575803507, 46.749056879149911 ], [ 120.212669314797097, 46.737029860585892 ], [ 120.307004527334598, 46.732519036887489 ], [ 120.335524475311075, 46.718984301878102 ], [ 120.436441214304637, 46.711463537272543 ], [ 120.522001058234025, 46.700932705932225 ], [ 120.579040954186937, 46.69190464392387 ], [ 120.638274692291844, 46.69641886360062 ], [ 120.706283799004936, 46.69190464392387 ], [ 120.807200537998526, 46.676854519685882 ], [ 120.916892645600299, 46.660294540228435 ], [ 121.020003226745885, 46.636198240382726 ], [ 121.129695334347659, 46.613598210011787 ], [ 121.204285967516839, 46.609077071726382 ], [ 121.248162810557545, 46.606062769863215 ], [ 121.254744337013634, 46.628665945255896 ], [ 121.224030546885146, 46.669327885240286 ], [ 121.215255178277019, 46.706950575399155 ], [ 121.210867493972955, 46.732519036887503 ], [ 121.221836704733079, 46.753566319384873 ], [ 121.270101232077877, 46.768595061912485 ], [ 121.318365759422619, 46.765589648778018 ], [ 121.351273391703174, 46.750560067817325 ], [ 121.381987181831647, 46.753566319384873 ], [ 121.406119445504032, 46.761081214667648 ], [ 121.423670182720301, 46.777610295220015 ], [ 121.489485447281353, 46.788126160053139 ], [ 121.564076080450533, 46.800141776149907 ], [ 121.59917755488307, 46.804646940536031 ], [ 121.680349714508367, 46.813656137538246 ], [ 121.752746505525508, 46.857179317528647 ], [ 121.750552663373483, 46.920150397760587 ], [ 121.746164979069391, 47.005492912328286 ], [ 121.746164979069391, 47.051850111728676 ], [ 121.83830634945484, 47.096673585308416 ], [ 121.926060035536253, 47.122056818972951 ], [ 122.00942603731356, 47.144443737265028 ], [ 122.103761249851061, 47.186207438131163 ], [ 122.462424251220185, 47.352879407968011 ], [ 122.403220703603836, 47.32468697807883 ], [ 122.427352967276249, 47.283776435860929 ], [ 122.489877468609222, 47.220488773304801 ], [ 122.561177338550351, 47.170549898099537 ], [ 122.643446419251674, 47.117578304418771 ], [ 122.718037052420854, 47.086218146982169 ], [ 122.780561553753827, 47.065301112513531 ], [ 122.84637681831488, 47.047365690728981 ], [ 122.903416714267777, 47.033162536774867 ], [ 122.952778162688574, 47.009980852557177 ], [ 122.994461163577213, 46.956849389086734 ], [ 123.037241085541893, 46.891672637740918 ], [ 123.072342559974459, 46.836922912162017 ], [ 123.132673219155421, 46.791130315589008 ], [ 123.206166931248575, 46.76032977230139 ], [ 123.258819142897408, 46.770097705598403 ], [ 123.338894381446678, 46.785872933363819 ], [ 123.400321961703639, 46.824915511760942 ], [ 123.468331068416731, 46.835422133814255 ], [ 123.522080201141591, 46.842175306303069 ], [ 123.551697070194038, 46.866929677251747 ], [ 123.583507781398538, 46.908910983975829 ], [ 123.607640045070951, 46.933634582746812 ], [ 123.648226124883593, 46.931387454302183 ], [ 123.661389177795797, 46.883426252033587 ], [ 123.617512334755062, 46.849677835832615 ], [ 123.58241086032254, 46.819661430536947 ], [ 123.541824780509884, 46.75582089801469 ], [ 123.518789437913526, 46.730263483544803 ], [ 123.488075647785024, 46.725752093870078 ], [ 123.409097330311766, 46.652012647921367 ], [ 123.358638960814972, 46.618872394342908 ], [ 123.309277512394203, 46.612091205851087 ], [ 123.268691432581548, 46.596265130352151 ], [ 123.220426905236806, 46.610584159755994 ], [ 123.175453141120101, 46.624146064984849 ], [ 123.114025560863126, 46.609830620983011 ], [ 122.984588873893074, 46.550267928354174 ], [ 122.900125951039712, 46.495170814808425 ], [ 122.885865977051481, 46.483087269352197 ], [ 122.880381371671419, 46.448332122718448 ], [ 122.833213765402689, 46.371187206506598 ], [ 122.950584320536507, 46.290901377550227 ], [ 123.048210296302045, 46.27043238017599 ], [ 123.199585404792458, 46.190758026597329 ], [ 123.323537486382435, 46.142137875855681 ], [ 123.223717668464843, 46.056187996502679 ], [ 122.857346029075089, 45.827352392777186 ], [ 122.710358604888739, 45.853334552345459 ], [ 122.451485230948634, 45.937311357278602 ], [ 122.372506913475391, 45.937311357278602 ], [ 122.282559385241953, 45.888467574119787 ], [ 122.203581067768738, 45.833466933642335 ], [ 122.137765803207685, 45.824294870444838 ], [ 122.010522958389672, 45.83193836140083 ], [ 121.760424953057694, 45.871667595350253 ], [ 121.33262573341095, 45.944939315337329 ], [ 121.148342992640025, 45.955616693545252 ], [ 121.034263200734202, 45.969341728865558 ], [ 120.924571093132485, 45.954091479734309 ], [ 120.93773414604469, 45.918999976126116 ], [ 121.01232477921387, 45.873195076053193 ], [ 121.143955308335961, 45.802887511941094 ], [ 121.170281414160371, 45.769230751277817 ], [ 121.229515152265293, 45.6727376086871 ], [ 121.306299627586498, 45.58989655724379 ], [ 121.422573261644359, 45.494631754062027 ], [ 121.530071527094066, 45.45925053594744 ], [ 121.582723738742871, 45.394584030948344 ], [ 121.628794423935631, 45.343722663169885 ], [ 121.705578899256835, 45.298988553658582 ], [ 121.786751058882146, 45.291272206295119 ], [ 121.850372481291146, 45.291272206295119 ], [ 121.903024692939965, 45.266572838939375 ], [ 121.975421483957092, 45.24649668614888 ], [ 122.032461379910032, 45.226413435477049 ], [ 122.098276644471056, 45.176947501768943 ], [ 122.111439697383275, 45.147556754637193 ], [ 122.093888960166936, 45.115054604523053 ], [ 122.076338222950682, 45.068590831092983 ], [ 122.142153487511735, 44.991067207207827 ], [ 122.175061119792247, 44.910331252178935 ], [ 122.188224172704452, 44.831037597031681 ], [ 122.229907173593119, 44.757866325822917 ], [ 122.295722438154129, 44.665881696278191 ], [ 122.333017754738748, 44.562810394794901 ], [ 122.346180807650924, 44.472081566726615 ], [ 122.354956176259108, 44.404725900978072 ], [ 122.348374649803006, 44.337292592450694 ], [ 122.379088439931493, 44.307471747254013 ], [ 122.462454441708815, 44.294911067119372 ], [ 122.528269706269839, 44.288629719335034 ], [ 122.580921917918673, 44.291770477203222 ], [ 122.684032499064287, 44.3467065522564 ], [ 122.791530764514008, 44.406293193651258 ], [ 122.927548977940162, 44.481473858716669 ], [ 123.041628769845985, 44.525284565396639 ], [ 123.10963787655902, 44.542486906550593 ], [ 123.106072883062268, 44.461513431195847 ], [ 123.182857358383501, 44.378467506398266 ], [ 123.261835675856716, 44.185283788346837 ], [ 123.323263256113719, 44.073482085743464 ], [ 123.364946257002373, 43.996199744805025 ], [ 123.413210784347129, 43.955151862104792 ], [ 123.446118416627669, 43.918816621776578 ], [ 123.468056838148016, 43.880877916796763 ], [ 123.459281469539846, 43.820758861831614 ], [ 123.507545996884645, 43.758994715682775 ], [ 123.53167826055703, 43.695580574464501 ], [ 123.518515207644839, 43.601922181850547 ], [ 123.511933681188722, 43.541522510459934 ], [ 123.47025068030004, 43.481062268439217 ], [ 123.472444522452079, 43.458772175249216 ], [ 123.533872102709054, 43.439659838420063 ], [ 123.593105840813962, 43.40779252347172 ], [ 123.654533421070965, 43.382286593895891 ], [ 123.69402257980758, 43.35836503527544 ], [ 123.696216421959619, 43.292931305225316 ], [ 123.683053369047414, 43.243410231265564 ], [ 123.652339578918941, 43.171453116011094 ], [ 123.610656578030259, 43.083390265003068 ], [ 123.579942787901786, 43.032095361108318 ], [ 123.542647471317167, 42.996805224698186 ], [ 123.439536890171553, 42.991991362147601 ], [ 123.373721625610514, 42.990386657501737 ], [ 122.932759353051523, 42.723425074273401 ], [ 122.93934087950764, 42.697632863846664 ], [ 122.976636196092201, 42.678281672616436 ], [ 123.024900723437, 42.654084206360615 ], [ 123.055614513565473, 42.634719451986776 ], [ 123.060002197869522, 42.589511585344326 ], [ 123.075359092933795, 42.555584152138529 ], [ 123.092909830150063, 42.524872000738348 ], [ 123.110460567366317, 42.477966436050487 ], [ 123.106072883062268, 42.453691130148989 ], [ 123.038063776349176, 42.447216125480516 ], [ 122.967860827484088, 42.455309776729003 ], [ 122.906433247227113, 42.455309776729003 ], [ 122.847199509122163, 42.452072441733939 ], [ 122.847199509122362, 42.499705070482257 ], [ 122.83732721943818, 42.544978044459313 ], [ 122.814291876841835, 42.561139013091797 ], [ 122.771511954877155, 42.569217928092698 ], [ 122.701309006012053, 42.573256993253288 ], [ 122.646462952211166, 42.586180244041238 ], [ 122.586132293030175, 42.621705372291636 ], [ 122.547740055369616, 42.644301724457321 ], [ 122.493990922644755, 42.662050245582144 ], [ 122.432563342387809, 42.656403538274844 ], [ 122.34700349845842, 42.672535627233408 ], [ 122.309708181873845, 42.678987290682755 ], [ 122.254862128072944, 42.685438284322785 ], [ 122.212082206108306, 42.6951135188636 ], [ 122.168205363067599, 42.711235560545624 ], [ 122.133103888635063, 42.732187955605383 ], [ 122.106777782810596, 42.749911378537391 ], [ 122.080451676986186, 42.778902414795617 ], [ 122.032187149641445, 42.788563078624023 ], [ 121.943336542484033, 42.788563078624023 ], [ 121.8588736196307, 42.770850710049807 ], [ 121.83364443488226, 42.745883772745444 ], [ 121.814996776590021, 42.727353415539511 ], [ 121.802930644753815, 42.708817521190056 ], [ 121.76892609139729, 42.705593322183041 ], [ 121.74150306449684, 42.690276089983065 ], [ 121.71517695867243, 42.668502997445458 ], [ 121.674590878859789, 42.620091033209043 ], [ 121.65704014164352, 42.585372619338152 ], [ 121.62961711474307, 42.558715134577724 ], [ 121.429977478907915, 42.522345658169939 ], [ 121.357580687890774, 42.51830329757226 ], [ 121.332351503142363, 42.514260675453599 ], [ 121.266536238581295, 42.498087571833288 ], [ 121.241307053832912, 42.484337144016315 ], [ 121.199624052944287, 42.458445785426896 ], [ 121.173297947119821, 42.43416290993931 ], [ 121.155747209903581, 42.4066309393179 ], [ 121.142584156991376, 42.397720948845588 ], [ 121.111321906324832, 42.391645229890507 ], [ 121.116806511704922, 42.437805941314892 ], [ 121.122291117085013, 42.470179134314542 ], [ 121.127775722465088, 42.501726884954522 ], [ 121.136551091073244, 42.542149444706261 ], [ 121.155198749365539, 42.565582545813434 ], [ 121.171652565505795, 42.598697088972266 ], [ 121.20675403993836, 42.614844142123644 ], [ 121.217723250698512, 42.643898290112084 ], [ 121.211141724242395, 42.66890627219793 ], [ 121.191397144874102, 42.700353641626016 ], [ 121.187009460570039, 42.727756308270791 ], [ 121.20126943455827, 42.75675770778966 ], [ 121.211141724242395, 42.784135461499332 ], [ 121.24953396190304, 42.823570347390422 ], [ 121.273666225575369, 42.842071931014395 ], [ 121.302186173551831, 42.862176065725166 ], [ 121.335093805832372, 42.867804050708017 ], [ 121.364710674884847, 42.858959843944099 ], [ 121.37348604349296, 42.826788411972466 ], [ 121.389939859633259, 42.794600227977732 ], [ 121.410781360077578, 42.788965573568369 ], [ 121.434913623749935, 42.820352115289566 ], [ 121.470015098182515, 42.85493933112263 ], [ 121.495244282930912, 42.879862290780061 ], [ 121.530345757363492, 42.912809458844926 ], [ 121.543508810275696, 42.937709045189266 ], [ 121.559962626415938, 42.978650981414738 ], [ 121.592870258696465, 43.012347414303946 ], [ 121.635650180661145, 43.0532396698977 ], [ 121.64881323357335, 43.076479976996794 ], [ 121.664170128637593, 43.108521115252998 ], [ 121.677333181549798, 43.137343806725909 ], [ 121.664170128637593, 43.196547803769192 ], [ 121.647716312497352, 43.241312683904745 ], [ 121.624680969900965, 43.250101923420132 ], [ 121.566544152872055, 43.260487571503489 ], [ 121.522667309831348, 43.276462032933495 ], [ 121.483178151094734, 43.31957213692904 ], [ 121.434913623749992, 43.388963011051075 ], [ 121.414072123305644, 43.447126313777481 ], [ 121.377873727797081, 43.513189313367185 ], [ 121.383358333177171, 43.55136145390896 ], [ 121.394327543937308, 43.575206772305961 ], [ 121.429429018369873, 43.576001453702645 ], [ 121.467821256030518, 43.587920416175457 ], [ 121.499631967235018, 43.606191575596888 ], [ 121.541314968123643, 43.614133827479122 ], [ 121.584094890088323, 43.598248274935827 ], [ 121.64991015464939, 43.55056644741493 ], [ 121.698174681994146, 43.520348430075089 ], [ 121.75082689364298, 43.513189313367185 ], [ 121.790316052379623, 43.518757588654196 ], [ 121.818836000356043, 43.552951435436668 ], [ 121.839677500800391, 43.602220056362832 ], [ 121.848452869408547, 43.711737735352386 ], [ 121.831999053268277, 43.733141742848801 ], [ 121.779346841619414, 43.762460740380384 ], [ 121.740954603958855, 43.791765376531075 ], [ 121.682817786929917, 43.874848970316123 ], [ 121.640037864965237, 43.925433658416708 ], [ 121.568737995024108, 43.987025637497823 ], [ 121.491953519702903, 44.042246133572284 ], [ 121.477693545714672, 44.082445829175605 ], [ 121.482081230018736, 44.132853884903938 ], [ 121.484275072170732, 44.172992026658775 ], [ 121.474402782486578, 44.266541523509233 ], [ 121.432719781597939, 44.291672331062102 ], [ 121.368001438112898, 44.315222700934086 ], [ 121.309864621083989, 44.328563716903282 ], [ 121.267084699119309, 44.345824057739542 ], [ 121.27037546234736, 44.372489136319338 ], [ 121.289023120639655, 44.402276922110687 ], [ 121.319736910768128, 44.432049548895108 ], [ 121.341675332288489, 44.468852617199751 ], [ 121.3350938058324, 44.511108364359444 ], [ 121.289023120639655, 44.542389180329778 ], [ 121.24953396190304, 44.568964666333706 ], [ 121.179331013037952, 44.613490457684264 ], [ 121.129969564617156, 44.667344459515562 ], [ 121.102546537716719, 44.69308305066383 ], [ 121.077317352968294, 44.698541281874746 ], [ 121.020277457015425, 44.713353887463725 ], [ 121.006017483027208, 44.740630343961257 ], [ 120.986272903658858, 44.762442248356372 ], [ 120.952268350302347, 44.797479848677384 ], [ 120.957752955682409, 44.818492202930152 ], [ 120.963237561062527, 44.843385821891353 ], [ 120.932523770933997, 44.870600906312752 ], [ 120.894131533273409, 44.879151562035297 ], [ 120.849157769156704, 44.876819691021431 ], [ 120.815153215800166, 44.875265057844928 ], [ 120.771276372759488, 44.890809499587768 ], [ 120.723011845414703, 44.913341479765279 ], [ 120.669262712689843, 44.918002166250886 ], [ 120.636355080409317, 44.937417624456245 ], [ 120.623192027497097, 44.972348911423957 ], [ 120.567249052620227, 45.018115495254079 ], [ 120.531050657111663, 45.049122897263672 ], [ 120.547504473251919, 45.06152115397736 ], [ 120.54421371002384, 45.095602499698749 ], [ 120.524469130655547, 45.121150168539536 ], [ 120.479495366538856, 45.160610438237022 ], [ 120.442200049954252, 45.202362132641419 ], [ 120.374190943241175, 45.229407062359485 ], [ 120.295212625767917, 45.245627846256816 ], [ 120.226106597978827, 45.244855532974448 ], [ 120.15919441234179, 45.250261505454766 ], [ 120.063762278728262, 45.269564350108212 ], [ 119.98368704017895, 45.31046467784693 ], [ 119.94200403929031, 45.329747048137179 ], [ 119.869607248273184, 45.345168219583982 ], [ 119.82463348415645, 45.389095517256763 ], [ 119.753333614215308, 45.479155204667869 ], [ 119.713844455478707, 45.513755277665936 ], [ 119.655707638449769, 45.552174869245448 ], [ 119.608540032181025, 45.579820723833969 ], [ 119.544918609770932, 45.613543669485786 ], [ 119.518592503946522, 45.599730745490284 ], [ 119.544918609770932, 45.613543669485786 ], [ 119.558081662683136, 45.625818968744319 ], [ 119.599764663571818, 45.659562184807257 ], [ 119.619509242940111, 45.696349787661454 ], [ 119.643641506612525, 45.739238090126449 ], [ 119.67435529674097, 45.777503400991002 ], [ 119.687518349653203, 45.808096756215207 ], [ 119.722619824085768, 45.838673317782671 ], [ 119.764302824974408, 45.847843011566404 ], [ 119.799404299406973, 45.843258353596511 ], [ 119.838893458143588, 45.831030751768267 ], [ 119.867413406120065, 45.831030751768267 ], [ 119.887157985488329, 45.843258353596511 ], [ 119.902514880552602, 45.870760633819565 ], [ 119.913484091312782, 45.91504125288111 ], [ 119.884964143336333, 45.982158222053883 ], [ 119.852056511055807, 46.046148610871782 ], [ 119.830118089535475, 46.11462758008409 ], [ 119.827924247383422, 46.187578139192098 ], [ 119.830118089535475, 46.257398363748223 ], [ 119.849862668903796, 46.311978344606104 ], [ 119.858638037511923, 46.339247943729838 ], [ 119.836699615991591, 46.401311287066036 ], [ 119.784047404342743, 46.46028170718764 ], [ 119.709456771173564, 46.501070008110013 ], [ 119.67874298104509, 46.534282312480613 ], [ 119.65680455952473, 46.585570492211474 ], [ 119.634866138004384, 46.618731128243795 ], [ 119.586601610659642, 46.666928550197028 ], [ 119.573438557747437, 46.707561727741862 ], [ 119.573438557747437, 46.740647644405705 ], [ 119.580020084203525, 46.766200136892039 ], [ 119.55588782053114, 46.797748254123256 ] ] ] ] } },
{ "type": "Feature", "properties": { "fid": 23, "Name": "Rehe", "Name_zh": "热河", "Name_old": "Je Hol" }, "geometry": { "type": "MultiPolygon", "coordinates": [ [ [ [ 119.201582312978601, 42.797014922831174 ], [ 119.163190075317985, 42.824374879240878 ], [ 119.066661020628473, 42.860567975776512 ], [ 119.001942677143418, 42.903971702607421 ], [ 118.959162755178738, 42.903971702607421 ], [ 118.910898227833997, 42.909595875915535 ], [ 118.871409069097353, 42.928071689525986 ], [ 118.845082963272915, 42.943330139539491 ], [ 118.802303041308235, 42.979453492160758 ], [ 118.76720156687567, 43.006732625296195 ], [ 118.681641722946353, 43.039611945459534 ], [ 118.654218696045959, 43.073274941213747 ], [ 118.624601826993469, 43.130139406903055 ], [ 118.581821905028789, 43.152550308068882 ], [ 118.508328192935608, 43.170953117042473 ], [ 118.474323639579097, 43.187750840548603 ], [ 118.434834480842426, 43.254096613066956 ], [ 118.418380664702184, 43.29961755506568 ], [ 118.336111584000889, 43.296424214020576 ], [ 118.258230187603644, 43.286843184650955 ], [ 118.228613318551155, 43.289238583494054 ], [ 118.203384133802771, 43.305205498347604 ], [ 118.163894975066142, 43.308398378194219 ], [ 118.107952000189286, 43.312389242159327 ], [ 118.065172078224592, 43.318774079438576 ], [ 117.977418392143207, 43.310792928019161 ], [ 117.953286128470822, 43.305205498347604 ], [ 117.939026154482605, 43.286843184650955 ], [ 117.944510759862695, 43.25888989477918 ], [ 117.956576891698901, 43.216536186222854 ], [ 117.973030707839143, 43.170953117042473 ], [ 117.9971629715115, 43.142946642041586 ], [ 118.021295235183914, 43.115728061152595 ], [ 118.035555209172145, 43.081287216374392 ], [ 118.044330577780258, 43.058850205866221 ], [ 118.027876761640002, 43.035603215048468 ], [ 117.992775287207465, 43.030792392862708 ], [ 117.968643023535051, 43.026783086300405 ], [ 117.828237125804833, 42.946541963044709 ], [ 117.758034176939745, 42.912006078821058 ], [ 117.725126544659219, 42.868608006678343 ], [ 117.69112199130268, 42.805063225175736 ], [ 117.668086648706307, 42.752730546882731 ], [ 117.616531358133471, 42.733396531743296 ], [ 117.567169909712675, 42.711638557946507 ], [ 117.554006856800498, 42.685035116843814 ], [ 117.524389987747995, 42.653579992324488 ], [ 117.476125460403239, 42.630987009738455 ], [ 117.441023985970673, 42.621301791444992 ], [ 117.397147142929995, 42.623723237284523 ], [ 117.360948747421432, 42.633408078865997 ], [ 117.326944194064879, 42.622108950522239 ], [ 117.314878062228672, 42.597082153460235 ], [ 117.326944194064879, 42.571237493368301 ], [ 117.34120416805311, 42.546190262265085 ], [ 117.325847272988852, 42.519516033211396 ], [ 117.273195061340047, 42.484741611510977 ], [ 117.201895191398904, 42.475033669922297 ], [ 117.108656899937429, 42.473415533223928 ], [ 117.045035477528415, 42.473415533223928 ], [ 117.000061713411711, 42.473415533223928 ], [ 116.95947563359907, 42.460468933500408 ], [ 116.921083395938453, 42.445091368725272 ], [ 116.892563447962004, 42.433758115602636 ], [ 116.868431184289619, 42.41675439258497 ], [ 116.813585130488761, 42.401366097882409 ], [ 116.771902129600093, 42.390835089588514 ], [ 116.767514445294964, 42.402935471837559 ], [ 116.774095971751052, 42.370527533229449 ], [ 116.767514445294964, 42.339724495713256 ], [ 116.741188339470526, 42.317017860221753 ], [ 116.728025286558292, 42.28294253950498 ], [ 116.743382181622579, 42.245600793308753 ], [ 116.756545234534755, 42.21961088248063 ], [ 116.747769865926642, 42.195235621818725 ], [ 116.749963708078695, 42.175728641697361 ], [ 116.771902129599027, 42.157841955933478 ], [ 116.793840551119374, 42.120426180853904 ], [ 116.79164670896732, 42.087872754954518 ], [ 116.789452866815282, 42.024345503693887 ], [ 116.774095971751052, 41.996634252246487 ], [ 116.745576023774589, 41.981958702518128 ], [ 116.721443760102233, 41.993373311358866 ], [ 116.688536127821692, 42.014566440501746 ], [ 116.649046969085049, 42.029234471337752 ], [ 116.598588599588282, 42.027604857231367 ], [ 116.539354861483332, 42.02108598305847 ], [ 116.50000044155631, 41.998728746095047 ], [ 116.440631964641781, 41.97380415744415 ], [ 116.3777904, 41.9417892 ], [ 116.280481487543241, 41.928119409693807 ], [ 116.190533959309818, 41.921590344411605 ], [ 116.11155564183656, 41.916693106983821 ], [ 116.043546535123468, 41.90526475814039 ], [ 116.012832744994995, 41.869333770588568 ], [ 116.004057376386839, 41.836651701249274 ], [ 115.99966969208279, 41.754873478711538 ], [ 115.968955901954317, 41.705756465036217 ], [ 115.909722163849366, 41.684460763631783 ], [ 115.854876110048494, 41.661519046310609 ], [ 115.786867003335416, 41.651684378740832 ], [ 115.679368737885738, 41.627091139946252 ], [ 115.628910368388915, 41.566387694489862 ], [ 115.617941157628735, 41.500698131235481 ], [ 115.602584262564505, 41.410266076003232 ], [ 115.616962, 41.315234 ], [ 115.6576558, 41.318348499999985 ], [ 115.689013699999975, 41.3513773 ], [ 115.727760399999966, 41.36835 ], [ 115.7756663, 41.3351407 ], [ 115.7756986, 41.3350814 ], [ 115.775695, 41.3349574 ], [ 115.775756, 41.3348765 ], [ 115.775914, 41.3348011 ], [ 115.7761509, 41.3346447 ], [ 115.7760935, 41.3344022 ], [ 115.776441600000012, 41.3340976 ], [ 115.776753900000017, 41.3338712 ], [ 115.776969300000019, 41.3336799 ], [ 115.7772816, 41.33344 ], [ 115.7773677, 41.3333942 ], [ 115.777762599999988, 41.333084199999988 ], [ 115.778060499999981, 41.332844300000012 ], [ 115.778401499999973, 41.3325829 ], [ 115.7785702, 41.3324023 ], [ 115.778685, 41.332227099999983 ], [ 115.7790583, 41.331884799999983 ], [ 115.779306, 41.3316584 ], [ 115.779485499999979, 41.331445500000015 ], [ 115.7795214, 41.3313808 ], [ 115.779830100000012, 41.331356499999984 ], [ 115.7800706, 41.331356499999984 ], [ 115.780630500000015, 41.3312541 ], [ 115.78081, 41.331262199999983 ], [ 115.7813771, 41.331397 ], [ 115.7817612, 41.331461599999983 ], [ 115.7819191, 41.3314374 ], [ 115.782016, 41.3314293 ], [ 115.782195499999986, 41.3313457 ], [ 115.7823391, 41.3311975 ], [ 115.7825257, 41.331068099999989 ], [ 115.7827375, 41.3308875 ], [ 115.783017500000014, 41.3307204 ], [ 115.783204199999986, 41.330618 ], [ 115.78356669999998, 41.3304509 ], [ 115.7838503, 41.3303431 ], [ 115.7841482, 41.3302703 ], [ 115.7845071, 41.3302056 ], [ 115.784708100000017, 41.330184 ], [ 115.7849271, 41.3301382 ], [ 115.785458299999988, 41.3301274 ], [ 115.7857347, 41.3301544 ], [ 115.7859896, 41.33022720000001 ], [ 115.786190600000012, 41.330246 ], [ 115.7864311, 41.3302353 ], [ 115.786894099999984, 41.3301733 ], [ 115.787493499999968, 41.330114 ], [ 115.787852499999985, 41.330084300000017 ], [ 115.7880714, 41.330027699999988 ], [ 115.788347800000011, 41.3299496 ], [ 115.78846990000001, 41.3299253 ], [ 115.7885955, 41.3298795 ], [ 115.788749799999962, 41.329866 ], [ 115.7888611, 41.329922599999989 ], [ 115.7889437, 41.3299361 ], [ 115.7890191, 41.3298849 ], [ 115.7890693, 41.329804 ], [ 115.7891626, 41.3297474 ], [ 115.789248799999982, 41.3297204 ], [ 115.789367199999987, 41.3296611 ], [ 115.7896041, 41.3294159 ], [ 115.7901067, 41.3287797 ], [ 115.790235899999985, 41.3285372 ], [ 115.7904082, 41.3283727 ], [ 115.790580500000019, 41.3281975 ], [ 115.7907384, 41.3281005 ], [ 115.791057900000013, 41.3279549 ], [ 115.7912266, 41.3278525 ], [ 115.7914742, 41.3276072 ], [ 115.7916717, 41.3273916 ], [ 115.791811599999988, 41.3272218 ], [ 115.7920091, 41.3271113 ], [ 115.7923824, 41.326928 ], [ 115.7925941, 41.3267824 ], [ 115.7926767, 41.3266854 ], [ 115.7926767, 41.326523599999987 ], [ 115.792716199999987, 41.3264077 ], [ 115.792859800000016, 41.3262056 ], [ 115.7928885, 41.3260896 ], [ 115.793060800000021, 41.3257877 ], [ 115.79311460000001, 41.3256098 ], [ 115.7931218, 41.3254643 ], [ 115.7931362, 41.325181199999989 ], [ 115.7931864, 41.3249952 ], [ 115.7932726, 41.3247796 ], [ 115.793419699999987, 41.3245289 ], [ 115.7935597, 41.324262 ], [ 115.793635099999989, 41.3240949 ], [ 115.793635099999989, 41.3239386 ], [ 115.7936243, 41.323084 ], [ 115.793642300000016, 41.3228333 ], [ 115.7937212, 41.3223643 ], [ 115.7938074, 41.3220705 ], [ 115.7938756, 41.3218737 ], [ 115.793893499999982, 41.3216257 ], [ 115.793886299999983, 41.3214693 ], [ 115.7938181, 41.321296799999985 ], [ 115.7939689, 41.3211944 ], [ 115.794101699999985, 41.3210596 ], [ 115.794162699999973, 41.3209302 ], [ 115.794216599999956, 41.320639 ], [ 115.794353, 41.320418 ], [ 115.794449900000018, 41.3201268 ], [ 115.794625799999977, 41.319895 ], [ 115.794708300000011, 41.3197198 ], [ 115.794909300000015, 41.319124 ], [ 115.794974, 41.3187358 ], [ 115.794945199999972, 41.3184231 ], [ 115.794808800000013, 41.3179998 ], [ 115.794787299999982, 41.317892 ], [ 115.794701199999977, 41.3177545 ], [ 115.794604199999981, 41.3174121 ], [ 115.7947406, 41.3173231 ], [ 115.794812399999984, 41.317172199999987 ], [ 115.795020599999987, 41.3169107 ], [ 115.795042199999983, 41.3167705 ], [ 115.7952503, 41.316557499999988 ], [ 115.79544060000002, 41.3162636 ], [ 115.795638, 41.3160372 ], [ 115.795788799999968, 41.3158673 ], [ 115.7959467, 41.3158134 ], [ 115.7960544, 41.3156651 ], [ 115.7962123, 41.315546499999989 ], [ 115.796463599999967, 41.3154441 ], [ 115.796790199999975, 41.3152931 ], [ 115.7970953, 41.3151017 ], [ 115.797418400000012, 41.3148078 ], [ 115.7977342, 41.3144816 ], [ 115.7980537, 41.3141311 ], [ 115.7984449, 41.3136971 ], [ 115.7986711, 41.313405899999985 ], [ 115.7988506, 41.3132657 ], [ 115.798872099999983, 41.3129772 ], [ 115.7989223, 41.3127399 ], [ 115.799065899999988, 41.312489199999987 ], [ 115.7991664, 41.312338199999985 ], [ 115.799202300000019, 41.3120174 ], [ 115.799173599999989, 41.3118637 ], [ 115.798829, 41.3118152 ], [ 115.7985706, 41.3117666 ], [ 115.7984234, 41.3116992 ], [ 115.7983767, 41.3115617 ], [ 115.7983588, 41.3114323 ], [ 115.798208, 41.3112975 ], [ 115.798200900000012, 41.3110683 ], [ 115.798089600000012, 41.3109308 ], [ 115.7980357, 41.310779899999986 ], [ 115.7977845, 41.310583 ], [ 115.7975763, 41.3103431 ], [ 115.797465, 41.3102056 ], [ 115.7973286, 41.3100222 ], [ 115.797457799999975, 41.3098739 ], [ 115.7975512, 41.3097014 ], [ 115.7978096, 41.308531199999983 ], [ 115.797831200000019, 41.3081079 ], [ 115.7979424, 41.3076037 ], [ 115.7980537, 41.3071642 ], [ 115.7982547, 41.3067409 ], [ 115.79841620000002, 41.3064631 ], [ 115.798520300000021, 41.3063634 ], [ 115.798872099999983, 41.3061584 ], [ 115.7995002, 41.305878 ], [ 115.7999094, 41.305640699999977 ], [ 115.8000351, 41.3055814 ], [ 115.8001607, 41.3054062 ], [ 115.8003689, 41.3052552 ], [ 115.8005017, 41.3051176 ], [ 115.800781699999987, 41.3049693 ], [ 115.8009791, 41.3048992 ], [ 115.801047299999979, 41.3047374 ], [ 115.8013309, 41.304519 ], [ 115.8011299, 41.3042089 ], [ 115.801162199999979, 41.3040741 ], [ 115.8014098, 41.3035645 ], [ 115.801714899999979, 41.3032409 ], [ 115.8019159, 41.303143799999987 ], [ 115.8018334, 41.3028014 ], [ 115.8019231, 41.3026585 ], [ 115.802271299999987, 41.3023915 ], [ 115.8027666, 41.3021353 ], [ 115.803046599999988, 41.302041 ], [ 115.803473799999978, 41.3019655 ], [ 115.8037107, 41.301863 ], [ 115.8041917, 41.3017821 ], [ 115.804374699999968, 41.3016554 ], [ 115.804529099999968, 41.3014882 ], [ 115.8044609, 41.300989299999983 ], [ 115.8043604, 41.3005282 ], [ 115.8043783, 41.3003152 ], [ 115.8045111, 41.300148 ], [ 115.8047803, 41.2999646 ], [ 115.805229, 41.2996895 ], [ 115.805473099999986, 41.2995331 ], [ 115.8055269, 41.2993336 ], [ 115.805763799999966, 41.2991232 ], [ 115.805893, 41.2989372 ], [ 115.806104799999986, 41.2985623 ], [ 115.8065248, 41.2984652 ], [ 115.8068443, 41.2983466 ], [ 115.806912499999981, 41.2981686 ], [ 115.8071206, 41.2976428 ], [ 115.807246300000017, 41.2974405 ], [ 115.807476, 41.2972005 ], [ 115.80761960000001, 41.296947 ], [ 115.807698499999987, 41.296766299999987 ], [ 115.807831399999984, 41.296529 ], [ 115.8079965, 41.2962674 ], [ 115.80832310000001, 41.2958764 ], [ 115.808761, 41.2953532 ], [ 115.8090733, 41.2949487 ], [ 115.8092851, 41.2947923 ], [ 115.809461, 41.2947275 ], [ 115.8098307, 41.2946628 ], [ 115.810265, 41.2946089 ], [ 115.810588, 41.294563 ], [ 115.8108644, 41.2944444 ], [ 115.811158799999973, 41.2941882 ], [ 115.8113634, 41.2940668 ], [ 115.811485399999981, 41.2940237 ], [ 115.811790499999958, 41.2937513 ], [ 115.8121459, 41.293522 ], [ 115.812501199999986, 41.2932901 ], [ 115.812784799999989, 41.2931229 ], [ 115.812975, 41.293069 ], [ 115.813240599999972, 41.2930042 ], [ 115.813391399999986, 41.2929098 ], [ 115.8134452, 41.2927723 ], [ 115.8134129, 41.292624 ], [ 115.813456, 41.2924729 ], [ 115.8134273, 41.292243699999986 ], [ 115.8134524, 41.2921142 ], [ 115.8135134, 41.2919686 ], [ 115.8133268, 41.2918823 ], [ 115.8132614, 41.2917542 ], [ 115.8132758, 41.2916275 ], [ 115.813326, 41.2915681 ], [ 115.8134337, 41.29148450000001 ], [ 115.813516299999975, 41.2912984 ], [ 115.8135773, 41.291142 ], [ 115.8135342, 41.2908939 ], [ 115.813616799999977, 41.2905487 ], [ 115.813692199999977, 41.2902061 ], [ 115.813749599999966, 41.2899445 ], [ 115.8138393, 41.2896964 ], [ 115.813997299999969, 41.289434799999988 ], [ 115.814008, 41.2893674 ], [ 115.814008, 41.2891813 ], [ 115.8140475, 41.289095 ], [ 115.814198299999973, 41.2889385 ], [ 115.8143526, 41.2888333 ], [ 115.814438799999962, 41.2887443 ], [ 115.814539299999979, 41.2883721 ], [ 115.814600299999981, 41.288272299999988 ], [ 115.8145285, 41.288097 ], [ 115.814424399999979, 41.2879918 ], [ 115.814323899999977, 41.287741 ], [ 115.814384899999979, 41.2876358 ], [ 115.8142808, 41.2875333 ], [ 115.8141624, 41.287387699999989 ], [ 115.814130099999957, 41.2872906 ], [ 115.814119299999987, 41.2871665 ], [ 115.814158799999987, 41.2870101 ], [ 115.814230599999959, 41.286861699999989 ], [ 115.814277199999978, 41.2867539 ], [ 115.814273699999987, 41.2865893 ], [ 115.8142952, 41.2865003 ], [ 115.81433829999996, 41.2864356 ], [ 115.814446, 41.286333099999986 ], [ 115.814485399999981, 41.2862549 ], [ 115.814524899999981, 41.2862333 ], [ 115.814632599999982, 41.286209 ], [ 115.8146613, 41.2861632 ], [ 115.81469, 41.2860688 ], [ 115.814740299999983, 41.2859986 ], [ 115.815009499999988, 41.2857883 ], [ 115.8151782, 41.2856966 ], [ 115.815311, 41.2856588 ], [ 115.81549769999998, 41.2855239 ], [ 115.815612500000015, 41.2854322 ], [ 115.815623299999984, 41.2853082 ], [ 115.8158422, 41.2850762 ], [ 115.816003799999976, 41.2849171 ], [ 115.8161402, 41.2847229 ], [ 115.81630890000001, 41.2845799 ], [ 115.816535, 41.284434199999986 ], [ 115.8167001, 41.2843156 ], [ 115.8167899, 41.2842077 ], [ 115.816868799999966, 41.2840728 ], [ 115.816972899999982, 41.2837977 ], [ 115.816990899999951, 41.2836493 ], [ 115.817005199999983, 41.283412 ], [ 115.817095, 41.2832232 ], [ 115.816976499999967, 41.2831557 ], [ 115.8169227, 41.2830775 ], [ 115.8168581, 41.2829372 ], [ 115.81671809999996, 41.2826675 ], [ 115.816621199999986, 41.2824652 ], [ 115.8165422, 41.282271 ], [ 115.8164417, 41.2820282 ], [ 115.816463199999973, 41.2818637 ], [ 115.8164812, 41.2816182 ], [ 115.816402199999956, 41.2813215 ], [ 115.8163519, 41.2811948 ], [ 115.8163663, 41.280930399999988 ], [ 115.816337599999983, 41.280774 ], [ 115.816255, 41.280417899999989 ], [ 115.816136599999965, 41.280099599999986 ], [ 115.816086299999952, 41.279972799999989 ], [ 115.816183199999983, 41.2799135 ], [ 115.816402199999956, 41.2798433 ], [ 115.816531399999988, 41.2797651 ], [ 115.816771899999978, 41.2795439 ], [ 115.8170196, 41.2793335 ], [ 115.8171273, 41.2792013 ], [ 115.817209800000015, 41.279055699999986 ], [ 115.817235, 41.2788453 ], [ 115.8172314, 41.2786538 ], [ 115.8172493, 41.278548499999985 ], [ 115.8173462, 41.2783759 ], [ 115.817400099999986, 41.2781196 ], [ 115.8174683, 41.277979399999985 ], [ 115.81762980000002, 41.2777825 ], [ 115.8177195, 41.2776125 ], [ 115.81782, 41.2774803 ], [ 115.817899, 41.277377799999982 ], [ 115.81796, 41.2772295 ], [ 115.8181215, 41.2770163 ], [ 115.8181754, 41.2768734 ], [ 115.81838, 41.2766657 ], [ 115.8185918, 41.2765092 ], [ 115.8187282, 41.2763986 ], [ 115.8188538, 41.276309599999983 ], [ 115.8189687, 41.2761558 ], [ 115.819101499999988, 41.276029 ], [ 115.8192091, 41.2759481 ], [ 115.819324, 41.2758348 ], [ 115.8195214, 41.2756244 ], [ 115.819672199999985, 41.2755515 ], [ 115.819772699999987, 41.2754814 ], [ 115.82017110000001, 41.2753222 ], [ 115.8203578, 41.2752386 ], [ 115.820695199999989, 41.2751658 ], [ 115.8209213, 41.2751118 ], [ 115.8214059, 41.27495 ], [ 115.82178279999998, 41.2748232 ], [ 115.8222386, 41.274669399999986 ], [ 115.822698099999968, 41.2744914 ], [ 115.823139599999976, 41.2743079 ], [ 115.823477, 41.274191899999984 ], [ 115.823961599999976, 41.2740166 ], [ 115.824202099999965, 41.2739195 ], [ 115.824744099999975, 41.273690199999976 ], [ 115.825016899999966, 41.2735526 ], [ 115.825336299999989, 41.2734231 ], [ 115.8255589, 41.27333680000001 ], [ 115.825943, 41.273150599999987 ], [ 115.8396515, 41.2423602 ], [ 115.84354660000001, 41.22664 ], [ 115.8502296, 41.2082469 ], [ 115.886686821252951, 41.136561519279539 ], [ 115.911916006001363, 41.05472275022197 ], [ 115.940435953977811, 40.992655815409854 ], [ 115.991991244550633, 40.905663852930466 ], [ 116.042449614047428, 40.830178130866805 ], [ 116.097295667848286, 40.747958592295326 ], [ 116.162155199999987, 40.675949 ], [ 116.200165899999973, 40.6237693 ], [ 116.216860065134171, 40.614863376872258 ], [ 116.2725863, 40.6132623 ], [ 116.310098356595645, 40.61236530370806 ], [ 116.364944410396504, 40.602372077106729 ], [ 116.390173595144887, 40.58654641240291 ], [ 116.415402779893299, 40.577382473432699 ], [ 116.443922727869747, 40.58404728082774 ], [ 116.481218044454323, 40.593210306729048 ], [ 116.49547801844254, 40.589045450595407 ], [ 116.502059544898657, 40.577382473432699 ], [ 116.492187255214503, 40.564884169840184 ], [ 116.469151912618145, 40.55071660387727 ], [ 116.447719300000017, 40.5272916 ], [ 116.477674400000012, 40.5133118 ], [ 116.483411886606362, 40.49985536596963 ], [ 116.473539596922208, 40.487342592342152 ], [ 116.37715510000001, 40.4771026 ], [ 116.338618304572051, 40.470655264626131 ], [ 116.288159935075285, 40.462310045356496 ], [ 116.242089249882554, 40.457302416090734 ], [ 116.211375459754052, 40.446451272188376 ], [ 116.181758590701605, 40.433093612824784 ], [ 116.171886301017409, 40.417227945294613 ], [ 116.177370906397528, 40.401358535584649 ], [ 116.209181617602027, 40.391333822552305 ], [ 116.254875, 40.3996198 ], [ 116.314680400000015, 40.41828430000001 ], [ 116.374891799999972, 40.4360338 ], [ 116.410463, 40.4564224 ], [ 116.498971900000015, 40.4547273 ], [ 116.617236257880506, 40.447286037773942 ], [ 116.6927397, 40.4494352 ], [ 116.740091418394428, 40.468151807720176 ], [ 116.768611366370877, 40.493182177077422 ], [ 116.789848300000017, 40.5317053 ], [ 116.795071899999968, 40.561154499999986 ], [ 116.820267, 40.6050904 ], [ 116.8451364, 40.634939299999985 ], [ 116.876153, 40.6747651 ], [ 116.91764670000002, 40.6936911 ], [ 116.951022957512322, 40.708221324488605 ], [ 117.001158634486586, 40.702237088604086 ], [ 117.056004688287445, 40.696415735022725 ], [ 117.143912899999989, 40.696586599999989 ], [ 117.209175799999983, 40.6901259 ], [ 117.209510599999987, 40.6902561 ], [ 117.2097718, 40.690295299999981 ], [ 117.210049799999979, 40.6904318 ], [ 117.21041259999997, 40.6905477 ], [ 117.2105637, 40.69055010000001 ], [ 117.2110126, 40.690335 ], [ 117.2110919, 40.690284 ], [ 117.2111285, 40.6901657 ], [ 117.211256400000011, 40.690041100000016 ], [ 117.2113455, 40.689947500000017 ], [ 117.211398099999968, 40.6899159 ], [ 117.211461300000011, 40.6898551 ], [ 117.21154839999997, 40.6897865 ], [ 117.2116239, 40.6897319 ], [ 117.2117297, 40.6896573 ], [ 117.211903599999971, 40.6895812 ], [ 117.211987500000021, 40.6895512 ], [ 117.2119868, 40.689354299999984 ], [ 117.2119561, 40.689186 ], [ 117.2118938, 40.6889163 ], [ 117.2117893, 40.6887661 ], [ 117.2117405, 40.6885017 ], [ 117.2116949, 40.688375 ], [ 117.211706399999983, 40.688265 ], [ 117.211707300000015, 40.6881106 ], [ 117.211907299999964, 40.6879664 ], [ 117.2121579, 40.6878944 ], [ 117.2125034, 40.6878803 ], [ 117.212937499999953, 40.6878789 ], [ 117.2131026, 40.6878514 ], [ 117.2133154, 40.6877812 ], [ 117.2134764, 40.6877294 ], [ 117.2135893, 40.6876898 ], [ 117.213746, 40.6876386 ], [ 117.213864500000014, 40.6875465 ], [ 117.2140779, 40.6874219 ], [ 117.2142593, 40.6873128 ], [ 117.2145415, 40.6872355 ], [ 117.2147222, 40.6871828 ], [ 117.214819899999981, 40.6870704 ], [ 117.2149638, 40.6868842 ], [ 117.2151077, 40.686691 ], [ 117.2155163, 40.6864512 ], [ 117.215749, 40.6862887 ], [ 117.2159879, 40.6861224 ], [ 117.2161959, 40.6860387 ], [ 117.216318099999981, 40.685996 ], [ 117.216543799999982, 40.685919099999985 ], [ 117.216744, 40.6858379 ], [ 117.2170889, 40.6856633 ], [ 117.217590800000011, 40.6854195 ], [ 117.2176984, 40.6853486 ], [ 117.2179069, 40.6851975 ], [ 117.218442599999989, 40.685094 ], [ 117.2187881, 40.6850855 ], [ 117.219224399999987, 40.6851456 ], [ 117.21949570000001, 40.68518310000001 ], [ 117.219752, 40.6852292 ], [ 117.2199522, 40.6852085 ], [ 117.219963, 40.6850158 ], [ 117.2201334, 40.6846167 ], [ 117.220199199999982, 40.6844692 ], [ 117.220340599999972, 40.6842902 ], [ 117.220710499999981, 40.684262299999986 ], [ 117.220970500000021, 40.6841837 ], [ 117.2213645, 40.6840353 ], [ 117.2217739, 40.6838115 ], [ 117.2218534, 40.683680099999989 ], [ 117.22205510000002, 40.6835743 ], [ 117.2224691, 40.6833929 ], [ 117.2226944, 40.6833235 ], [ 117.223065, 40.6832152 ], [ 117.223342299999985, 40.6831636 ], [ 117.2237122, 40.6831261 ], [ 117.223852599999987, 40.683082199999987 ], [ 117.2241462, 40.6830286 ], [ 117.2243552, 40.6829586 ], [ 117.224721499999987, 40.6828414 ], [ 117.2248987, 40.682785599999988 ], [ 117.224996799999971, 40.6827547 ], [ 117.225190499999954, 40.682679199999988 ], [ 117.225292400000015, 40.6826236 ], [ 117.225411699999967, 40.6825274 ], [ 117.2255175, 40.6824613 ], [ 117.2256955, 40.6823715 ], [ 117.2258786, 40.682291899999989 ], [ 117.226134, 40.682216 ], [ 117.226462200000014, 40.6822249 ], [ 117.22659219999997, 40.6822018 ], [ 117.226721799999979, 40.6821434 ], [ 117.2269355, 40.682027 ], [ 117.226899, 40.6819731 ], [ 117.2268644, 40.681894 ], [ 117.226826, 40.6818432 ], [ 117.226797300000015, 40.6817708 ], [ 117.2267595, 40.6816467 ], [ 117.2267612, 40.6815395 ], [ 117.2267785, 40.6814977 ], [ 117.2268108, 40.6813385 ], [ 117.226934899999975, 40.6811974 ], [ 117.22710720000002, 40.681019 ], [ 117.2271946, 40.680926 ], [ 117.227322799999968, 40.6807799 ], [ 117.227379499999984, 40.6806686 ], [ 117.227494799999974, 40.6805493 ], [ 117.2280254, 40.6801308 ], [ 117.228011399999971, 40.6800515 ], [ 117.228006099999988, 40.6799862 ], [ 117.227846499999984, 40.6798469 ], [ 117.227814, 40.6798067 ], [ 117.227746, 40.6796719 ], [ 117.227725300000017, 40.6795782 ], [ 117.227744299999955, 40.67940680000001 ], [ 117.2277576, 40.6792591 ], [ 117.227773, 40.6791623 ], [ 117.227817599999966, 40.67903410000001 ], [ 117.228031199999975, 40.6788037 ], [ 117.2281575, 40.6787039 ], [ 117.2281903, 40.6786779 ], [ 117.2282763, 40.6786115 ], [ 117.22844029999996, 40.6784728 ], [ 117.2286976, 40.67826669999998 ], [ 117.228960299999983, 40.678033 ], [ 117.2291264, 40.678012 ], [ 117.229405, 40.6780186 ], [ 117.2295911, 40.6780659 ], [ 117.229764300000014, 40.6781058 ], [ 117.2298429, 40.6780653 ], [ 117.230119500000015, 40.677937 ], [ 117.2303504, 40.6778783 ], [ 117.230551599999984, 40.677796499999985 ], [ 117.2305474, 40.6776508 ], [ 117.230570299999968, 40.677586599999984 ], [ 117.230611299999978, 40.6775243 ], [ 117.230875899999987, 40.6773328 ], [ 117.2311983, 40.6772091 ], [ 117.2313336, 40.6772306 ], [ 117.231623399999975, 40.6772954 ], [ 117.231792400000018, 40.6770956 ], [ 117.2319525, 40.676876 ], [ 117.232063399999959, 40.6768182 ], [ 117.2321389, 40.6767546 ], [ 117.2322408, 40.6767383 ], [ 117.2323769, 40.6767199 ], [ 117.232814, 40.6766187 ], [ 117.2329484, 40.676565499999988 ], [ 117.233018900000019, 40.6765045 ], [ 117.2331161, 40.67640020000001 ], [ 117.233281399999967, 40.6762425 ], [ 117.2333828, 40.6761444 ], [ 117.233471499999979, 40.676073199999983 ], [ 117.233559799999966, 40.6760492 ], [ 117.233669, 40.6760745 ], [ 117.233844099999985, 40.6761617 ], [ 117.234067199999984, 40.6761869 ], [ 117.234247199999984, 40.6761707 ], [ 117.234448099999966, 40.6761306 ], [ 117.2344574, 40.676045 ], [ 117.23449650000002, 40.6759094 ], [ 117.2345757, 40.6757102 ], [ 117.234626800000015, 40.6755175 ], [ 117.2346113, 40.6753017 ], [ 117.2347379, 40.675166299999987 ], [ 117.234864, 40.675134300000011 ], [ 117.2349885, 40.6751111 ], [ 117.2351844, 40.6750722 ], [ 117.235314599999967, 40.6750958 ], [ 117.2354987, 40.6751514 ], [ 117.2357041, 40.6752329 ], [ 117.235824099999988, 40.6752748 ], [ 117.2360068, 40.6752744 ], [ 117.2362067, 40.6752646 ], [ 117.2364673, 40.6752376 ], [ 117.236591899999965, 40.6752295 ], [ 117.236723299999966, 40.675241 ], [ 117.2369729, 40.675240699999989 ], [ 117.237256, 40.6752254 ], [ 117.237357, 40.6752411 ], [ 117.2374273, 40.6753213 ], [ 117.237513099999987, 40.675382899999988 ], [ 117.237661399999965, 40.6754413 ], [ 117.2377769, 40.6754847 ], [ 117.23791989999998, 40.675524 ], [ 117.2380624, 40.6755615 ], [ 117.238151099999968, 40.6756221 ], [ 117.238249599999989, 40.6757032 ], [ 117.2383369, 40.6757496 ], [ 117.2383917, 40.675783 ], [ 117.2385443, 40.675852799999987 ], [ 117.2386457, 40.6758838 ], [ 117.23872249999998, 40.67592290000001 ], [ 117.2388774, 40.6759763 ], [ 117.2390436, 40.6760627 ], [ 117.2391571, 40.6761436 ], [ 117.2393307, 40.676205599999989 ], [ 117.239459, 40.6762461 ], [ 117.2396016, 40.6762923 ], [ 117.2397331, 40.6763168 ], [ 117.2398515, 40.6762835 ], [ 117.2399197, 40.6762365 ], [ 117.2401048, 40.67616550000001 ], [ 117.240247100000019, 40.6761215 ], [ 117.2403971, 40.6760779 ], [ 117.2405168, 40.6760844 ], [ 117.2406043, 40.6761096 ], [ 117.2407313, 40.676171 ], [ 117.2408242, 40.6762118 ], [ 117.24104939999998, 40.6763345 ], [ 117.2411957, 40.676441399999987 ], [ 117.2413168, 40.6765013 ], [ 117.241459299999988, 40.6765581 ], [ 117.241592199999985, 40.6765806 ], [ 117.241856599999977, 40.6766312 ], [ 117.242049099999988, 40.676652899999986 ], [ 117.242141799999985, 40.6766744 ], [ 117.2422394, 40.6766991 ], [ 117.242348, 40.6767329 ], [ 117.2425232, 40.6767527 ], [ 117.2426256, 40.676769 ], [ 117.242790499999984, 40.6767692 ], [ 117.2429106, 40.6767772 ], [ 117.243056, 40.6767832 ], [ 117.24316229999998, 40.6767325 ], [ 117.2432882, 40.6766882 ], [ 117.2434987, 40.6765471 ], [ 117.243740499999973, 40.6764242 ], [ 117.243914099999984, 40.6763269 ], [ 117.24397350000001, 40.6763361 ], [ 117.2439904, 40.6763834 ], [ 117.2440862, 40.6765311 ], [ 117.244202699999988, 40.6766478 ], [ 117.2442991, 40.6766993 ], [ 117.244453799999988, 40.6767311 ], [ 117.2445754, 40.6767442 ], [ 117.2447, 40.6767205 ], [ 117.244864800000016, 40.6767058 ], [ 117.245027099999987, 40.6767826 ], [ 117.245288700000017, 40.6768836 ], [ 117.245362299999982, 40.6769621 ], [ 117.2454719, 40.6771323 ], [ 117.245763499999981, 40.6775314 ], [ 117.2458515, 40.6775365 ], [ 117.246006199999982, 40.6774981 ], [ 117.246164699999966, 40.6774803 ], [ 117.2465678, 40.677420099999985 ], [ 117.246847699999989, 40.6773854 ], [ 117.2469082, 40.6774061 ], [ 117.2470474, 40.6774871 ], [ 117.247255400000014, 40.6775779 ], [ 117.24749180000002, 40.6777181 ], [ 117.247657499999988, 40.6777746 ], [ 117.247828299999966, 40.6777823 ], [ 117.247956300000013, 40.677767 ], [ 117.248070299999981, 40.6777787 ], [ 117.2481413, 40.6777859 ], [ 117.248387400000013, 40.6778345 ], [ 117.248746, 40.6779316 ], [ 117.2489112, 40.6779318 ], [ 117.249324799999982, 40.6779061 ], [ 117.249573400000017, 40.6778849 ], [ 117.2496013, 40.6778825 ], [ 117.249801599999969, 40.677859399999981 ], [ 117.249961699999986, 40.6778571 ], [ 117.25014560000001, 40.6778647 ], [ 117.2502558, 40.677898699999986 ], [ 117.25037039999998, 40.6779698 ], [ 117.250482199999979, 40.6780707 ], [ 117.250583899999981, 40.6781993 ], [ 117.250628799999973, 40.6782691 ], [ 117.250667, 40.6783529 ], [ 117.250693499999983, 40.6784373 ], [ 117.250779, 40.678664 ], [ 117.2508013, 40.6787906 ], [ 117.250851399999974, 40.6788644 ], [ 117.2508964, 40.6789306 ], [ 117.2509408, 40.6789849 ], [ 117.250980499999983, 40.679008599999989 ], [ 117.251023799999984, 40.679047 ], [ 117.2510693, 40.6790525 ], [ 117.2511982, 40.6790374 ], [ 117.251283299999983, 40.6790171 ], [ 117.251335400000016, 40.6790281 ], [ 117.251567499999965, 40.6791389 ], [ 117.251682499999987, 40.679176 ], [ 117.2517767, 40.6792382 ], [ 117.251913, 40.6793617 ], [ 117.252067200000013, 40.6795875 ], [ 117.2522407, 40.6797164 ], [ 117.252504099999982, 40.6798732 ], [ 117.25267, 40.6799214 ], [ 117.252858, 40.680005299999983 ], [ 117.253048699999979, 40.6799344 ], [ 117.253221300000021, 40.6798047 ], [ 117.2533877, 40.6796628 ], [ 117.253584499999974, 40.6796218 ], [ 117.253775799999985, 40.6795978 ], [ 117.2542616, 40.679683 ], [ 117.254575700000018, 40.6797211 ], [ 117.2549589, 40.679714699999984 ], [ 117.2550266, 40.6795861 ], [ 117.2551853, 40.6794368 ], [ 117.2557196, 40.6790255 ], [ 117.2557368, 40.6789333 ], [ 117.2557615, 40.6788257 ], [ 117.25592349999998, 40.67857 ], [ 117.2560947, 40.6783762 ], [ 117.2562825, 40.6782663 ], [ 117.256476099999986, 40.6780981 ], [ 117.25663590000002, 40.6780131 ], [ 117.257000199999979, 40.677770399999986 ], [ 117.257154699999987, 40.677660199999984 ], [ 117.257603299999957, 40.6775304 ], [ 117.257755699999976, 40.6774364 ], [ 117.258025499999974, 40.6773107 ], [ 117.2581238, 40.67724590000001 ], [ 117.2581961, 40.67717720000001 ], [ 117.2582668, 40.6770643 ], [ 117.258359099999979, 40.676948699999983 ], [ 117.2584297, 40.6768159 ], [ 117.2585623, 40.6766771 ], [ 117.258667299999971, 40.6766281 ], [ 117.2587003, 40.6766061 ], [ 117.2592038, 40.6764166 ], [ 117.259313299999974, 40.6763452 ], [ 117.2595042, 40.6761738 ], [ 117.259721400000018, 40.6760463 ], [ 117.25988820000002, 40.6759165 ], [ 117.259975, 40.6758565 ], [ 117.26026419999998, 40.675674199999989 ], [ 117.2606802, 40.6754995 ], [ 117.2610462, 40.6753128 ], [ 117.2613111, 40.6751258 ], [ 117.2614626, 40.6749762 ], [ 117.261651299999983, 40.6745694 ], [ 117.261821900000015, 40.674194299999989 ], [ 117.2621116, 40.6739714 ], [ 117.2624182, 40.673769 ], [ 117.2625215, 40.6736838 ], [ 117.262647299999983, 40.6736108 ], [ 117.262748699999989, 40.6735362 ], [ 117.2628323, 40.6734132 ], [ 117.262885899999972, 40.6732699 ], [ 117.263145399999985, 40.6728926 ], [ 117.2632, 40.6728234 ], [ 117.2633387, 40.6726547 ], [ 117.263424399999977, 40.6724589 ], [ 117.2636694, 40.6721221 ], [ 117.2638401, 40.6719406 ], [ 117.2642028, 40.6715957 ], [ 117.264907099999988, 40.6707788 ], [ 117.265269, 40.6704465 ], [ 117.265378299999966, 40.670351599999982 ], [ 117.265460899999979, 40.670187 ], [ 117.2655164, 40.6700759 ], [ 117.265614, 40.6699697 ], [ 117.265767200000013, 40.669785799999985 ], [ 117.265994300000017, 40.6696484 ], [ 117.2663999, 40.6692698 ], [ 117.266477400000014, 40.6692183 ], [ 117.266488599999974, 40.6691799 ], [ 117.2665441, 40.6690253 ], [ 117.2666119, 40.6689206 ], [ 117.266709300000016, 40.6687455 ], [ 117.266752299999979, 40.6686399 ], [ 117.2669207, 40.6685276 ], [ 117.267232299999989, 40.6684868 ], [ 117.267510199999975, 40.6684328 ], [ 117.2677782, 40.668367 ], [ 117.2679594, 40.668337900000012 ], [ 117.2684766, 40.6681934 ], [ 117.268819, 40.6681393 ], [ 117.269014499999983, 40.6680307 ], [ 117.269038499999979, 40.667958 ], [ 117.26913110000001, 40.6678399 ], [ 117.2694498, 40.6677959 ], [ 117.269856299999987, 40.6676667 ], [ 117.270107399999986, 40.6676286 ], [ 117.2702916, 40.6675889 ], [ 117.270381300000011, 40.6675849 ], [ 117.270465499999972, 40.6674223 ], [ 117.2705267, 40.6673372 ], [ 117.270700299999987, 40.6672191 ], [ 117.270840499999977, 40.6671101 ], [ 117.2710327, 40.6670222 ], [ 117.2712002, 40.6669878 ], [ 117.2713086, 40.6669378 ], [ 117.271435, 40.6668849 ], [ 117.271542400000016, 40.666857099999987 ], [ 117.271642, 40.666646099999987 ], [ 117.2717637, 40.6664392 ], [ 117.271953, 40.6662522 ], [ 117.2721919, 40.6661034 ], [ 117.2721222, 40.665853199999987 ], [ 117.271968599999965, 40.665647199999988 ], [ 117.2718224, 40.6652851 ], [ 117.271642, 40.664791599999987 ], [ 117.27159349999998, 40.6645032 ], [ 117.330026799999985, 40.6655527 ], [ 117.3922664, 40.6827468 ], [ 117.4762005, 40.6771738 ], [ 117.476378299999965, 40.6770886 ], [ 117.4765187, 40.6770082 ], [ 117.476674599999981, 40.6768473 ], [ 117.4767557, 40.676722 ], [ 117.476880499999965, 40.6766273 ], [ 117.477111300000018, 40.6765067 ], [ 117.4773359, 40.6763624 ], [ 117.477495, 40.6762252 ], [ 117.477679, 40.6760974 ], [ 117.4778069, 40.676043 ], [ 117.478000300000019, 40.6759721 ], [ 117.4781656, 40.6758656 ], [ 117.478335, 40.675792399999978 ], [ 117.478625, 40.6758037 ], [ 117.4787716, 40.67591250000001 ], [ 117.4788871, 40.675922 ], [ 117.479049299999986, 40.6758983 ], [ 117.479152199999973, 40.675851 ], [ 117.4793144, 40.6757966 ], [ 117.479560799999987, 40.675754 ], [ 117.479710499999982, 40.6757138 ], [ 117.479782299999968, 40.6756003 ], [ 117.479882100000012, 40.6755317 ], [ 117.4800349, 40.675482 ], [ 117.480078600000013, 40.6753826 ], [ 117.480019299999981, 40.675243 ], [ 117.4800287, 40.675165 ], [ 117.4801348, 40.6751248 ], [ 117.480334399999975, 40.6750893 ], [ 117.480543399999988, 40.6750254 ], [ 117.4807586, 40.675023 ], [ 117.480927, 40.6750656 ], [ 117.4811142, 40.6750751 ], [ 117.4812702, 40.6751035 ], [ 117.481479099999987, 40.6751129 ], [ 117.4819002, 40.6751224 ], [ 117.4820281, 40.6750916 ], [ 117.4821435, 40.6749828 ], [ 117.4822246, 40.6748906 ], [ 117.482299499999982, 40.6748598 ], [ 117.482408699999951, 40.6748858 ], [ 117.482586499999982, 40.6749899 ], [ 117.4827799, 40.6748929 ], [ 117.4828734, 40.6748243 ], [ 117.4829857, 40.6746611 ], [ 117.483082400000015, 40.6745712 ], [ 117.4831978, 40.67452620000001 ], [ 117.483375599999988, 40.6745168 ], [ 117.4834786, 40.6744931 ], [ 117.4837094, 40.6742873 ], [ 117.483868500000014, 40.6741288 ], [ 117.484021299999981, 40.6740626 ], [ 117.4841149, 40.6740602 ], [ 117.484270899999984, 40.674173700000011 ], [ 117.4844073, 40.6742814 ], [ 117.4846171, 40.6741667 ], [ 117.484782399999986, 40.6740886 ], [ 117.4849758, 40.6740318 ], [ 117.4853501, 40.6739963 ], [ 117.4855186, 40.673975 ], [ 117.4859303, 40.6739514 ], [ 117.4861705, 40.6739253 ], [ 117.486438699999965, 40.673873299999983 ], [ 117.4865947, 40.6738355 ], [ 117.486841100000021, 40.6737195 ], [ 117.4870189, 40.673606 ], [ 117.487181099999987, 40.6734806 ], [ 117.487237299999975, 40.6733907 ], [ 117.487246599999978, 40.6732653 ], [ 117.4872497, 40.673173 ], [ 117.487533599999963, 40.6730784 ], [ 117.4877052, 40.6730595 ], [ 117.487833, 40.6730784 ], [ 117.488067, 40.6731943 ], [ 117.488232300000021, 40.6733055 ], [ 117.488329, 40.6733552 ], [ 117.488507599999977, 40.673354199999984 ], [ 117.4887384, 40.6733164 ], [ 117.4890254, 40.673314 ], [ 117.4894434, 40.6733992 ], [ 117.4898395, 40.6735245 ], [ 117.490052599999984, 40.6736328 ], [ 117.490064099999984, 40.673534 ], [ 117.490001699999979, 40.6733873 ], [ 117.4898395, 40.6731271 ], [ 117.4897584, 40.6729733 ], [ 117.4897179, 40.6727628 ], [ 117.4897366, 40.6726279 ], [ 117.489799, 40.6724836 ], [ 117.4898957, 40.6724221 ], [ 117.4900267, 40.6723606 ], [ 117.4901015, 40.6723014 ], [ 117.490210699999963, 40.6723014 ], [ 117.490354199999956, 40.6723251 ], [ 117.490485199999966, 40.6723133 ], [ 117.490659900000011, 40.6722565 ], [ 117.490934400000015, 40.6719962 ], [ 117.4911215, 40.6717786 ], [ 117.4912276, 40.6716272 ], [ 117.491362599999974, 40.6715814 ], [ 117.491421, 40.671518399999989 ], [ 117.491452199999983, 40.671350399999987 ], [ 117.4915614, 40.67125810000001 ], [ 117.4916924, 40.6712226 ], [ 117.491867, 40.6711564 ], [ 117.4920729, 40.6710807 ], [ 117.492247600000013, 40.6710428 ], [ 117.492381699999981, 40.67108540000001 ], [ 117.4925065, 40.671165799999983 ], [ 117.4926375, 40.6710972 ], [ 117.4927092, 40.6710121 ], [ 117.4927779, 40.670908 ], [ 117.492949399999986, 40.67074 ], [ 117.493096, 40.6705673 ], [ 117.4933206, 40.670397 ], [ 117.493461, 40.670271599999985 ], [ 117.49352020000002, 40.6701888 ], [ 117.4935577, 40.6700776 ], [ 117.493682399999969, 40.6698978 ], [ 117.4937448, 40.6697818 ], [ 117.4937823, 40.6694553 ], [ 117.493813399999965, 40.6693749 ], [ 117.4938072, 40.6692684 ], [ 117.493766699999981, 40.6691359 ], [ 117.4937978, 40.6690484 ], [ 117.4938665, 40.6690082 ], [ 117.494034899999988, 40.668949 ], [ 117.494421699999975, 40.668871 ], [ 117.4945714, 40.6687692 ], [ 117.49469, 40.6687574 ], [ 117.4947711, 40.6687716 ], [ 117.494880699999982, 40.6688249 ], [ 117.4949738, 40.6687811 ], [ 117.495426099999989, 40.6687361 ], [ 117.49601250000002, 40.6687172 ], [ 117.4963743, 40.6686793 ], [ 117.496583299999983, 40.6686746 ], [ 117.496720599999989, 40.6686462 ], [ 117.4968298, 40.66854210000001 ], [ 117.4968984, 40.6684285 ], [ 117.4969545, 40.6682913 ], [ 117.4970138, 40.6680784 ], [ 117.4970575, 40.6679766 ], [ 117.4970824, 40.667780299999983 ], [ 117.497172899999967, 40.6676714 ], [ 117.497235299999971, 40.6675058 ], [ 117.497307, 40.6674064 ], [ 117.497385, 40.66730470000001 ], [ 117.4974567, 40.6672479 ], [ 117.4975285, 40.6671864 ], [ 117.4976127, 40.6670421 ], [ 117.4977094, 40.6668528 ], [ 117.49779359999998, 40.6666564 ], [ 117.4978154, 40.6663488 ], [ 117.4979028, 40.6660271 ], [ 117.497987, 40.665669800000011 ], [ 117.498043100000018, 40.665613 ], [ 117.4981835, 40.665613 ], [ 117.498358199999984, 40.6656485 ], [ 117.498554700000014, 40.665669800000011 ], [ 117.4988167, 40.6656745 ], [ 117.4990538, 40.6657006 ], [ 117.4991723, 40.6657479 ], [ 117.4993626, 40.665849599999987 ], [ 117.4994218, 40.6659135 ], [ 117.499474899999981, 40.6660058 ], [ 117.499546599999988, 40.666074 ], [ 117.4996207, 40.6661078 ], [ 117.4998079, 40.6659706 ], [ 117.500007499999953, 40.665831 ], [ 117.500247699999989, 40.6657269 ], [ 117.500369299999988, 40.665655899999983 ], [ 117.500562700000017, 40.6655518 ], [ 117.5017044, 40.6650195 ], [ 117.5012048, 40.652551899999985 ], [ 117.457601, 40.6364759 ], [ 117.41175370000002, 40.6191591 ], [ 117.3443332, 40.603178 ], [ 117.278679666718986, 40.587379435509661 ], [ 117.223833612918128, 40.564050866601868 ], [ 117.189829059561561, 40.521538645791502 ], [ 117.179956769877421, 40.480668159004402 ], [ 117.199701349245743, 40.434763465388336 ], [ 117.212213700000021, 40.3570351 ], [ 117.1665394, 40.3113661 ], [ 117.177954899999989, 40.255314099999985 ], [ 117.227124376146179, 40.228223112520112 ], [ 117.290745798555164, 40.234085184529064 ], [ 117.3546377, 40.2312852 ], [ 117.416891722297166, 40.211471539591237 ], [ 117.4927809, 40.2074908 ], [ 117.620693700000018, 40.2051673 ], [ 117.684293299999979, 40.2357345 ], [ 117.831410599999984, 40.2629386 ], [ 117.951996, 40.284401699999989 ], [ 118.041744200000011, 40.3114234 ], [ 118.092595105123877, 40.328645554857033 ], [ 118.136471948164569, 40.362922364099283 ], [ 118.17386980000002, 40.4045752 ], [ 118.2143642, 40.4159683 ], [ 118.2718796, 40.4228196 ], [ 118.3298517, 40.4245786 ], [ 118.396036, 40.4152913 ], [ 118.440597699999984, 40.4097031 ], [ 118.5051321, 40.4016588 ], [ 118.537386499999982, 40.4171823 ], [ 118.553122799999983, 40.39233 ], [ 118.553055499999985, 40.3922396 ], [ 118.5529244, 40.3921087 ], [ 118.552724199999986, 40.3918645 ], [ 118.55254, 40.3916729 ], [ 118.552288399999981, 40.3914894 ], [ 118.552185699999981, 40.3913154 ], [ 118.552088200000014, 40.3912209 ], [ 118.552021599999989, 40.390609 ], [ 118.5517842, 40.3902366 ], [ 118.5516141, 40.3899843 ], [ 118.551394500000015, 40.3896902 ], [ 118.551226200000016, 40.389431099999989 ], [ 118.551137599999976, 40.3892557 ], [ 118.551111, 40.389137 ], [ 118.551026, 40.3890681 ], [ 118.5508506, 40.3888792 ], [ 118.550684100000012, 40.3886215 ], [ 118.5505069, 40.388339499999987 ], [ 118.550215, 40.3880954 ], [ 118.550172499999988, 40.3879753 ], [ 118.5501211, 40.387947 ], [ 118.5500414, 40.3879443 ], [ 118.549665800000014, 40.38765690000001 ], [ 118.549494, 40.3874869 ], [ 118.549339900000021, 40.3872723 ], [ 118.549283200000019, 40.3871441 ], [ 118.549191, 40.3870348 ], [ 118.548987299999979, 40.3869012 ], [ 118.548817299999982, 40.3868365 ], [ 118.548673799999975, 40.3868338 ], [ 118.5485143, 40.3868149 ], [ 118.548339, 40.386755499999985 ], [ 118.548179499999989, 40.3866449 ], [ 118.5480467, 40.3864776 ], [ 118.5479723, 40.386402 ], [ 118.547876700000018, 40.3863385 ], [ 118.547669499999955, 40.3861334 ], [ 118.547501199999985, 40.3860147 ], [ 118.5472248, 40.385829799999989 ], [ 118.547104299999972, 40.3856962 ], [ 118.546913, 40.3855222 ], [ 118.546819099999965, 40.3854709 ], [ 118.5465144, 40.3853549 ], [ 118.5462469, 40.3852793 ], [ 118.5459529, 40.3852294 ], [ 118.545742100000012, 40.3851376 ], [ 118.5454923, 40.3849905 ], [ 118.545386, 40.3848489 ], [ 118.545352300000019, 40.3847895 ], [ 118.5453187, 40.3846465 ], [ 118.545242500000015, 40.3845479 ], [ 118.5451398, 40.3844333 ], [ 118.5447837, 40.3842376 ], [ 118.5447128, 40.3841769 ], [ 118.5446136, 40.3840595 ], [ 118.544532100000012, 40.3839313 ], [ 118.544434800000019, 40.3838345 ], [ 118.5443001, 40.383768399999987 ], [ 118.544131800000017, 40.383719799999987 ], [ 118.5439228, 40.383593 ], [ 118.5438679, 40.3835822 ], [ 118.54365, 40.383578099999987 ], [ 118.543394899999967, 40.3835512 ], [ 118.54328510000002, 40.383521499999986 ], [ 118.54307249999998, 40.3834284 ], [ 118.542681, 40.383226 ], [ 118.5425428, 40.3831774 ], [ 118.542376299999972, 40.3830829 ], [ 118.5419617, 40.382815699999988 ], [ 118.5413718, 40.3825148 ], [ 118.541302799999968, 40.3825094 ], [ 118.541231899999985, 40.3824892 ], [ 118.541015799999983, 40.3824231 ], [ 118.54085809999998, 40.3824015 ], [ 118.540751799999981, 40.3824042 ], [ 118.540693399999981, 40.3823988 ], [ 118.54057819999997, 40.3823394 ], [ 118.540482600000018, 40.3823205 ], [ 118.5403461, 40.3823327 ], [ 118.5400275, 40.3823916 ], [ 118.539931799999962, 40.3823929 ], [ 118.5396926, 40.3823673 ], [ 118.5395598, 40.3823363 ], [ 118.539058399999988, 40.3822485 ], [ 118.5388787, 40.382188600000013 ], [ 118.5387937, 40.3821589 ], [ 118.5386608, 40.3820793 ], [ 118.538320700000014, 40.3819835 ], [ 118.5380355, 40.3818836 ], [ 118.537725499999979, 40.3817433 ], [ 118.533837799999986, 40.3615883 ], [ 118.552205035975177, 40.33366276126187 ], [ 118.558786562431237, 40.301044252661889 ], [ 118.586371399999962, 40.2622787 ], [ 118.611504, 40.2534943 ], [ 118.6115439, 40.25344960000001 ], [ 118.611572, 40.2533673 ], [ 118.6116165, 40.2532922 ], [ 118.611693899999977, 40.253197399999983 ], [ 118.611836899999986, 40.2530525 ], [ 118.612047800000013, 40.2528217 ], [ 118.61213690000001, 40.2527555 ], [ 118.6122142, 40.252709 ], [ 118.612375899999975, 40.2526482 ], [ 118.612533, 40.252614200000011 ], [ 118.612760300000019, 40.2525892 ], [ 118.613006399999989, 40.2525516 ], [ 118.613189299999988, 40.2525087 ], [ 118.613334600000016, 40.2524622 ], [ 118.613494, 40.2523978 ], [ 118.6137002, 40.2523101 ], [ 118.613740099999973, 40.2522994 ], [ 118.61381040000002, 40.252303 ], [ 118.613911200000018, 40.2523262 ], [ 118.614009600000017, 40.252369099999989 ], [ 118.614129199999965, 40.2524157 ], [ 118.614213499999977, 40.2524228 ], [ 118.6143987, 40.2524103 ], [ 118.6145346, 40.252390599999984 ], [ 118.614729199999985, 40.2523763 ], [ 118.61502680000001, 40.2523441 ], [ 118.6151019, 40.2523441 ], [ 118.6151698, 40.252353 ], [ 118.6152214, 40.2523709 ], [ 118.6153269, 40.2524478 ], [ 118.615512, 40.252580199999983 ], [ 118.61570420000001, 40.2527537 ], [ 118.6158706, 40.252879 ], [ 118.6159456, 40.2529237 ], [ 118.6159925, 40.2529738 ], [ 118.616091, 40.2530507 ], [ 118.616194100000016, 40.2531777 ], [ 118.616194100000016, 40.2532206 ], [ 118.6161542, 40.2532528 ], [ 118.6161683, 40.2532779 ], [ 118.616219900000019, 40.2532868 ], [ 118.6162527, 40.2532653 ], [ 118.616327699999985, 40.25326 ], [ 118.616405, 40.2532618 ], [ 118.61666289999998, 40.2532475 ], [ 118.6167004, 40.2532314 ], [ 118.616782400000019, 40.2532206 ], [ 118.616845699999971, 40.2532063 ], [ 118.6169418, 40.2532153 ], [ 118.6170098, 40.2532117 ], [ 118.6170332, 40.253192 ], [ 118.6171316, 40.253102599999984 ], [ 118.6171785, 40.2530722 ], [ 118.617335499999953, 40.2530006 ], [ 118.6174082, 40.2529398 ], [ 118.617478500000018, 40.2528754 ], [ 118.6175699, 40.252811 ], [ 118.6176613, 40.2526732 ], [ 118.6177457, 40.252548 ], [ 118.617884, 40.2524854 ], [ 118.618043400000019, 40.2524103 ], [ 118.61817, 40.2523369 ], [ 118.6182145, 40.2522922 ], [ 118.618259, 40.2522028 ], [ 118.6183481, 40.252133 ], [ 118.618500400000016, 40.2521151 ], [ 118.618575399999983, 40.252065 ], [ 118.618641100000019, 40.2519845 ], [ 118.61875120000002, 40.2519577 ], [ 118.618905899999973, 40.251932699999983 ], [ 118.618985599999988, 40.2518933 ], [ 118.6190419, 40.2518718 ], [ 118.619084099999981, 40.2518629 ], [ 118.6191661, 40.251873599999989 ], [ 118.619234099999971, 40.2519076 ], [ 118.619320799999983, 40.25182 ], [ 118.6194966, 40.251825299999986 ], [ 118.619581, 40.2518289 ], [ 118.619656, 40.251854 ], [ 118.6197122, 40.2519023 ], [ 118.6198411, 40.251913 ], [ 118.619963, 40.25193620000001 ], [ 118.620110699999984, 40.2518915 ], [ 118.620209100000011, 40.251854 ], [ 118.6203826, 40.251854 ], [ 118.620490399999966, 40.2518468 ], [ 118.6205228, 40.2518162 ], [ 118.6206494, 40.2517599 ], [ 118.620735899999985, 40.2517244 ], [ 118.6209637, 40.2516407 ], [ 118.6210523, 40.2515989 ], [ 118.6211135, 40.2515538 ], [ 118.621172499999986, 40.2515071 ], [ 118.621229499999984, 40.2514797 ], [ 118.621267500000016, 40.2514717 ], [ 118.6213265, 40.2514797 ], [ 118.621383499999979, 40.2514588 ], [ 118.6214447, 40.2514314 ], [ 118.621548, 40.2514073 ], [ 118.6216197, 40.2514057 ], [ 118.6216556, 40.2514218 ], [ 118.621691500000011, 40.2514443 ], [ 118.621733699999965, 40.251491 ], [ 118.621818, 40.2515167 ], [ 118.621866499999967, 40.2515441 ], [ 118.6218982, 40.2515908 ], [ 118.6219488, 40.2516311 ], [ 118.6220332, 40.2516745 ], [ 118.62208379999997, 40.2517099 ], [ 118.622126, 40.2517711 ], [ 118.6221619, 40.251837100000017 ], [ 118.622197699999987, 40.2519128 ], [ 118.622242, 40.2519627 ], [ 118.6223285, 40.2520013 ], [ 118.622419199999968, 40.2520625 ], [ 118.6224931, 40.2521108 ], [ 118.622644899999969, 40.2522364 ], [ 118.62267869999998, 40.2522573 ], [ 118.6227399, 40.2522766 ], [ 118.6227821, 40.2523072 ], [ 118.6228179, 40.2523378 ], [ 118.6228264, 40.2523652 ], [ 118.6228707, 40.2524312 ], [ 118.6229656, 40.252531 ], [ 118.6230373, 40.2525681 ], [ 118.6232546, 40.2524409 ], [ 118.6234423, 40.2523507 ], [ 118.6235014, 40.2523105 ], [ 118.6235647, 40.2522251 ], [ 118.623628, 40.2521462 ], [ 118.6236301, 40.2521076 ], [ 118.6236427, 40.2520738 ], [ 118.6236976, 40.2520142 ], [ 118.623760899999965, 40.2519852 ], [ 118.623898, 40.2519192 ], [ 118.6239992, 40.2518468 ], [ 118.6240941, 40.251742100000016 ], [ 118.6241427, 40.2517067 ], [ 118.624231299999977, 40.2516407 ], [ 118.624370499999984, 40.2515506 ], [ 118.6244781, 40.2514266 ], [ 118.6244992, 40.2513799 ], [ 118.62450549999997, 40.251293 ], [ 118.6245751, 40.251061099999987 ], [ 118.624604599999969, 40.2509967 ], [ 118.624680600000019, 40.2508937 ], [ 118.6247354, 40.2508261 ], [ 118.624805, 40.2507778 ], [ 118.624845099999973, 40.250772899999987 ], [ 118.624889399999986, 40.2507826 ], [ 118.6249358, 40.25080830000001 ], [ 118.6250286, 40.250845399999989 ], [ 118.6253472, 40.2509033 ], [ 118.625461099999981, 40.250919399999987 ], [ 118.625587699999983, 40.2509275 ], [ 118.625731099999953, 40.2509371 ], [ 118.625935699999985, 40.2509726 ], [ 118.6260475, 40.2509887 ], [ 118.626408199999986, 40.2510032 ], [ 118.626697199999981, 40.251033699999979 ], [ 118.6268765, 40.2510482 ], [ 118.6271191, 40.2510418 ], [ 118.627228799999983, 40.2511078 ], [ 118.6272816, 40.2511191 ], [ 118.6273702, 40.2511336 ], [ 118.6274482, 40.251169 ], [ 118.6275052, 40.2512028 ], [ 118.627538900000019, 40.2512495 ], [ 118.627695, 40.2513509 ], [ 118.6277815, 40.2513992 ], [ 118.627918599999973, 40.2514797 ], [ 118.627946, 40.2515087 ], [ 118.6279861, 40.251528 ], [ 118.6280853, 40.2515586 ], [ 118.628186499999984, 40.2515779 ], [ 118.6282498, 40.2515779 ], [ 118.6283089, 40.251569899999986 ], [ 118.628376399999979, 40.2515441 ], [ 118.628513499999983, 40.2514749 ], [ 118.6287287, 40.2513879 ], [ 118.628918500000012, 40.2513058 ], [ 118.629053500000012, 40.251272 ], [ 118.629144199999971, 40.2512575 ], [ 118.6292265, 40.251243 ], [ 118.6293214, 40.2512414 ], [ 118.629445899999979, 40.251267199999987 ], [ 118.6296927, 40.2512946 ], [ 118.629842499999967, 40.2513155 ], [ 118.629937399999974, 40.2513091 ], [ 118.6302264, 40.2512656 ], [ 118.630312900000021, 40.251230199999988 ], [ 118.630405699999983, 40.2511851 ], [ 118.6305154, 40.2511287 ], [ 118.630677800000015, 40.251022500000012 ], [ 118.630755899999983, 40.2509774 ], [ 118.6308677, 40.2509516 ], [ 118.631009, 40.2509339 ], [ 118.6310997, 40.2509291 ], [ 118.631234699999979, 40.2509355 ], [ 118.631643899999986, 40.2509806 ], [ 118.6317431, 40.2509887 ], [ 118.631992, 40.2509919 ], [ 118.6323169, 40.2509758 ], [ 118.632494141261191, 40.250957357769892 ], [ 118.666119849560346, 40.23716348859584 ], [ 118.726173911723421, 40.212521242167995 ], [ 118.781007414423428, 40.206934817691902 ], [ 118.78101119999998, 40.2069287 ], [ 118.7810274, 40.2068791 ], [ 118.781035499999973, 40.206757 ], [ 118.781030099999967, 40.2067115 ], [ 118.7809164, 40.2064715 ], [ 118.7809137, 40.2064322 ], [ 118.7809245, 40.206364 ], [ 118.780946200000017, 40.206318399999986 ], [ 118.781097800000012, 40.2061922 ], [ 118.7812983, 40.2060288 ], [ 118.78139579999997, 40.2059192 ], [ 118.7814364, 40.2058406 ], [ 118.7815096, 40.2056088 ], [ 118.781555599999962, 40.2053813 ], [ 118.781585399999983, 40.2053192 ], [ 118.7816477, 40.20525090000001 ], [ 118.781731699999966, 40.205159899999984 ], [ 118.7817913, 40.205118499999983 ], [ 118.781829200000018, 40.2050937 ], [ 118.7818753, 40.2050198 ], [ 118.782185, 40.2050859 ], [ 118.78238810000002, 40.2051169 ], [ 118.782603099999974, 40.2051625 ], [ 118.7827106, 40.2051717 ], [ 118.78283949999998, 40.2051771 ], [ 118.782942299999988, 40.2051826 ], [ 118.7830259, 40.2051808 ], [ 118.783197900000019, 40.205148 ], [ 118.7833364, 40.2051151 ], [ 118.7835156, 40.2050768 ], [ 118.783613499999959, 40.2050476 ], [ 118.7837306, 40.2049965 ], [ 118.7838142, 40.2049509 ], [ 118.783924099999979, 40.2048852 ], [ 118.7839933, 40.2048469 ], [ 118.784048299999981, 40.2048269 ], [ 118.7840961, 40.2048013 ], [ 118.784191599999986, 40.2047557 ], [ 118.784294299999985, 40.2047174 ], [ 118.784366, 40.2046772 ], [ 118.7846144, 40.2045568 ], [ 118.784707600000019, 40.2045276 ], [ 118.7847769, 40.2044875 ], [ 118.784850899999981, 40.2044547 ], [ 118.784913, 40.204451 ], [ 118.785008600000012, 40.2044328 ], [ 118.7850659, 40.2043999 ], [ 118.7852116, 40.204305099999985 ], [ 118.7852761, 40.2042759 ], [ 118.785369299999985, 40.2042522 ], [ 118.7854409, 40.204223 ], [ 118.7855795, 40.2041774 ], [ 118.7856918, 40.2041628 ], [ 118.7857706, 40.2041463 ], [ 118.7858518, 40.2041463 ], [ 118.786007099999978, 40.2041463 ], [ 118.7860835, 40.2041226 ], [ 118.786183899999983, 40.2040788 ], [ 118.786234, 40.2040588 ], [ 118.786375, 40.2039694 ], [ 118.786449, 40.2039292 ], [ 118.786492, 40.203858099999984 ], [ 118.7865326, 40.2038179 ], [ 118.7865661, 40.2037742 ], [ 118.786606699999965, 40.203745 ], [ 118.7866473, 40.2036647 ], [ 118.7866903, 40.203644599999983 ], [ 118.786759599999982, 40.2035826 ], [ 118.786821699999976, 40.2035479 ], [ 118.786864699999967, 40.203493199999983 ], [ 118.7870725, 40.203370899999989 ], [ 118.7871465, 40.2033199 ], [ 118.787189499999982, 40.203270599999989 ], [ 118.787270799999959, 40.203214 ], [ 118.7873376, 40.203183 ], [ 118.787464300000011, 40.2031411 ], [ 118.821656899999979, 40.1777593 ], [ 118.870732800000013, 40.1718549 ], [ 118.935998699999985, 40.1414298 ], [ 119.018226699999971, 40.1357044 ], [ 119.0632771, 40.0990379 ], [ 119.0646826, 40.0994072 ], [ 119.065422899999987, 40.0987014 ], [ 119.0666567, 40.0977412 ], [ 119.0673219, 40.0976263 ], [ 119.067397, 40.0973391 ], [ 119.0680407, 40.0971011 ], [ 119.067879799999986, 40.0964855 ], [ 119.0685557, 40.0962147 ], [ 119.06862, 40.0956648 ], [ 119.06947839999998, 40.0954186 ], [ 119.069768, 40.095197 ], [ 119.07030450000002, 40.0952955 ], [ 119.070604899999978, 40.095435 ], [ 119.072235699999965, 40.0952627 ], [ 119.0729867, 40.0944666 ], [ 119.073802099999966, 40.0943845 ], [ 119.074778399999971, 40.0939905 ], [ 119.0774391, 40.0946307 ], [ 119.0781043, 40.0940234 ], [ 119.078565700000013, 40.0939413 ], [ 119.080260800000019, 40.0940234 ], [ 119.0812586, 40.0934242 ], [ 119.081848699999981, 40.0933668 ], [ 119.0829001, 40.093112299999987 ], [ 119.083372199999985, 40.0928333 ], [ 119.084037399999971, 40.092849699999988 ], [ 119.085260499999976, 40.0934652 ], [ 119.085711099999983, 40.0933585 ], [ 119.086140199999974, 40.0929892 ], [ 119.0871487, 40.0927512 ], [ 119.0875564, 40.092743 ], [ 119.087889, 40.0924147 ], [ 119.0890477, 40.092111 ], [ 119.0899812, 40.0917499 ], [ 119.0903674, 40.0913887 ], [ 119.0915261, 40.0904038 ], [ 119.0921913, 40.090847 ], [ 119.092770699999988, 40.0921356 ], [ 119.0933822, 40.0930056 ], [ 119.093693300000012, 40.0932026 ], [ 119.094540899999956, 40.0940234 ], [ 119.095066599999967, 40.0941054 ], [ 119.0954743, 40.0944994 ], [ 119.095442099999985, 40.0948933 ], [ 119.095753299999984, 40.0951888 ], [ 119.096, 40.0957305 ], [ 119.098210199999983, 40.0963871 ], [ 119.098360400000018, 40.0967153 ], [ 119.0998946, 40.0983157 ], [ 119.100474, 40.0990297 ], [ 119.1008924, 40.099202 ], [ 119.1012679, 40.0992103 ], [ 119.101761399999972, 40.0995878 ], [ 119.101825799999972, 40.100055499999989 ], [ 119.1021155, 40.1002033 ], [ 119.102362199999959, 40.1002361 ], [ 119.102812799999981, 40.1000638 ], [ 119.104111, 40.1000966 ], [ 119.104829900000013, 40.1007859 ], [ 119.1052161, 40.100909 ], [ 119.1385613, 40.115884499999986 ], [ 119.200949499999965, 40.14853990000001 ], [ 119.238897399999985, 40.1546903 ], [ 119.286994799999988, 40.1583884 ], [ 119.3308328, 40.1330631 ], [ 119.3592428, 40.1163849 ], [ 119.413288080648812, 40.105002420409342 ], [ 119.449486476157375, 40.114230758248091 ], [ 119.480200266285834, 40.131845017176069 ], [ 119.5204757, 40.1638984 ], [ 119.5411341, 40.1806756 ], [ 119.547501599999975, 40.2221437 ], [ 119.532304017397863, 40.25381360897412 ], [ 119.521334806637697, 40.330788365725759 ], [ 119.54107938600599, 40.399322386546672 ], [ 119.571793176134491, 40.452763929653322 ], [ 119.846023445138783, 40.416027430013543 ], [ 119.870155708811183, 40.436068008849801 ], [ 119.898675656787645, 40.471124652406637 ], [ 119.995204711477157, 40.482806135678665 ], [ 120.074183028950443, 40.519506136150852 ], [ 120.071989186798362, 40.594511771072746 ], [ 120.080764555406532, 40.644468836458543 ], [ 120.122447556295185, 40.679416550816121 ], [ 120.188262820856224, 40.714345953052664 ], [ 120.24749655896116, 40.730972564522204 ], [ 120.297954928457983, 40.757566503364629 ], [ 120.376933245931227, 40.837284506830613 ], [ 120.278210349089662, 40.888718165150749 ], [ 120.17290592579198, 40.976560590973826 ], [ 120.139998293511454, 41.059323717654777 ], [ 120.091733766166712, 41.102319441309213 ], [ 120.036887712365854, 41.127111870956497 ], [ 119.94913402628444, 41.191528361937451 ], [ 119.920614078307977, 41.280615888845482 ], [ 119.900869498939684, 41.354762727252862 ], [ 119.856992655898992, 41.387689799482203 ], [ 119.835054234378646, 41.448560943033726 ], [ 119.870155708811183, 41.504446282853898 ], [ 119.909644867547797, 41.55043331871385 ], [ 120.006173922237352, 41.561924970077932 ], [ 120.041275396669917, 41.583261187412859 ], [ 120.025918501605659, 41.617712496587309 ], [ 120.017143132997532, 41.684921562562408 ], [ 120.036887712365854, 41.737328691013239 ], [ 120.120253714143161, 41.774969921670447 ], [ 120.190456663008248, 41.804412876052226 ], [ 120.243108874657111, 41.843649111424597 ], [ 120.276016506937609, 41.887761133793006 ], [ 120.337444087194584, 41.930210609632539 ], [ 120.363770193018993, 41.982417364658865 ], [ 120.453717721252431, 42.037840177929681 ], [ 120.504176090749226, 42.08833065337587 ], [ 120.545859091637908, 42.098098365651389 ], [ 120.677489620759971, 42.124138243986714 ], [ 120.756467938233214, 42.171308255213987 ], [ 120.7806002019056, 42.228190766768023 ], [ 120.789924031051726, 42.308145854588105 ], [ 120.655002738701612, 42.441853505571018 ], [ 120.607835132432868, 42.524366740397369 ], [ 120.591381316292598, 42.629372911331721 ], [ 120.533244499263688, 42.733396531743296 ], [ 120.479495366538856, 42.903168207389051 ], [ 120.47510768223475, 43.005930470681413 ], [ 120.431230839194072, 43.141345884341888 ], [ 120.404904733369619, 43.206942580057571 ], [ 120.381869390773275, 43.270871448321103 ], [ 120.35554328494888, 43.275663409432376 ], [ 120.322635652668353, 43.269274044101756 ], [ 120.286437257159733, 43.255694415560768 ], [ 120.260111151335352, 43.234919713197435 ], [ 120.265595756715442, 43.207742104876544 ], [ 120.271080362095503, 43.165352848940863 ], [ 120.271080362095503, 43.15815174977412 ], [ 120.215137387218647, 43.134942434419862 ], [ 120.194295886774313, 43.113325840149621 ], [ 120.205265097534493, 43.081287216374392 ], [ 120.195392807850311, 43.062857417274863 ], [ 120.16577593879785, 43.052438122855271 ], [ 120.109832963920937, 43.050033418872296 ], [ 120.042920778283928, 43.051636565336885 ], [ 119.992462408787134, 43.052438122855271 ], [ 119.947488644670372, 43.0532396698977 ], [ 119.880576459033364, 43.086895185626041 ], [ 119.836699615992657, 43.091701607817882 ], [ 119.771981272507631, 43.082088386269085 ], [ 119.724813666238887, 43.081287216374392 ], [ 119.707262929022619, 43.047628620606233 ], [ 119.697390639338451, 43.017961690039115 ], [ 119.714941376554719, 43.00272174747461 ], [ 119.705069086870566, 42.993094572287731 ], [ 119.684227586426246, 42.989885178707681 ], [ 119.678742981046156, 42.981860961554077 ], [ 119.675452217818091, 42.926465316962414 ], [ 119.648029190917654, 42.899954121794735 ], [ 119.589892373888731, 42.880666089680567 ], [ 119.570147794520437, 42.852526897780059 ], [ 119.549306294076089, 42.826788411972458 ], [ 119.517495582871589, 42.805867997828813 ], [ 119.420966528182049, 42.803453648461371 ], [ 119.355151263621025, 42.784135461499332 ], [ 119.291529841212025, 42.774474106733734 ], [ 119.201582312978601, 42.797014922831174 ] ] ] ] } }
]
}
