{"type": "FeatureCollection", "features": [{"type": "Feature", "properties": {}, "geometry": {"type": "MultiLineString", "coordinates": [[[138.51502, 38.31598], [138.51752, 38.31857], [138.51639, 38.31916], [138.52049, 38.32116], [138.52202, 38.32388], [138.52125, 38.32528], [138.51705, 38.32516], [138.51723, 38.32849], [138.51454, 38.3322], [138.51064, 38.33109], [138.49373, 38.33212], [138.48867, 38.33041], [138.48506, 38.33189], [138.48501, 38.3293], [138.47971, 38.32702], [138.47542, 38.32293], [138.47227, 38.32213], [138.4674, 38.32392], [138.46418, 38.32247], [138.4617, 38.32367], [138.45819, 38.32183], [138.45998, 38.31933], [138.46288, 38.31941], [138.46371, 38.31407], [138.46269, 38.31251], [138.46004, 38.31277], [138.45925, 38.31037], [138.45309, 38.3085], [138.45384, 38.30705], [138.44935, 38.29626], [138.4461, 38.29287], [138.44165, 38.29156], [138.44021, 38.28478], [138.44222, 38.28354], [138.44397, 38.27768], [138.43701, 38.27], [138.43915, 38.26543], [138.43523, 38.26018], [138.42865, 38.25433], [138.42183, 38.25316], [138.4216, 38.25454], [138.41724, 38.25434], [138.41569, 38.25071], [138.4118, 38.25232], [138.40865, 38.2485], [138.40523, 38.24936], [138.4045, 38.25411], [138.40195, 38.25458], [138.39712, 38.24996], [138.39929, 38.24633], [138.3987, 38.24469], [138.39065, 38.23981], [138.39135, 38.23679], [138.38674, 38.23182], [138.37905, 38.22801], [138.37448, 38.22814], [138.37479, 38.22345], [138.36515, 38.21378], [138.35483, 38.20937], [138.34685, 38.20168], [138.34204, 38.19975], [138.3396, 38.20087], [138.34189, 38.19973], [138.33962, 38.19811], [138.33838, 38.19822], [138.33947, 38.20002], [138.33719, 38.19964], [138.33921, 38.19953], [138.33855, 38.19875], [138.3356, 38.19953], [138.33556, 38.19829], [138.33131, 38.19847], [138.33024, 38.20026], [138.3291, 38.19799], [138.32449, 38.19868], [138.32686, 38.19646], [138.32672, 38.19456], [138.31661, 38.17944], [138.31348, 38.17808], [138.31545, 38.17821], [138.31427, 38.17807], [138.312, 38.16906], [138.3055, 38.16761], [138.30551, 38.16565], [138.30346, 38.16554], [138.30234, 38.16265], [138.30281, 38.15833], [138.29715, 38.15725], [138.29829, 38.15538], [138.2991, 38.15663], [138.3021, 38.15192], [138.29501, 38.14364], [138.2911, 38.14245], [138.29091, 38.1351], [138.28572, 38.13325], [138.28479, 38.1309], [138.28134, 38.1309], [138.27913, 38.12633], [138.2686, 38.12073], [138.27105, 38.12053], [138.2714, 38.11874], [138.27231, 38.12022], [138.27296, 38.11672], [138.27153, 38.11409], [138.26807, 38.1127], [138.26772, 38.10901], [138.26123, 38.10467], [138.26104, 38.09725], [138.25359, 38.09495], [138.25525, 38.09479], [138.25471, 38.09354], [138.24884, 38.09616], [138.24806, 38.09367], [138.24996, 38.09329], [138.24849, 38.09247], [138.2495, 38.0921], [138.24613, 38.09057], [138.24702, 38.0896], [138.24557, 38.08855], [138.244, 38.08899], [138.24552, 38.08679], [138.24199, 38.08666], [138.24057, 38.08347], [138.24233, 38.08309], [138.24048, 38.08311], [138.23975, 38.08054], [138.24192, 38.08002], [138.24132, 38.07899], [138.2439, 38.0803], [138.24689, 38.07951], [138.24818, 38.07639], [138.24539, 38.07485], [138.24613, 38.07696], [138.24292, 38.07574], [138.24573, 38.0734], [138.24024, 38.06869], [138.24066, 38.06685], [138.23655, 38.06594], [138.23713, 38.06419], [138.23288, 38.06186], [138.23491, 38.05869], [138.23306, 38.05809], [138.23624, 38.05551], [138.23613, 38.05153], [138.23443, 38.05113], [138.23787, 38.04833], [138.23675, 38.0438], [138.23396, 38.04182], [138.23585, 38.04131], [138.23437, 38.03866], [138.23583, 38.03915], [138.23522, 38.03726], [138.23883, 38.032], [138.23844, 38.02797], [138.23692, 38.02629], [138.23578, 38.02693], [138.2362, 38.02539], [138.22073, 38.02205], [138.2239, 38.01905], [138.2204, 38.0144], [138.22414, 38.01338], [138.22428, 38.01198], [138.22762, 38.01191], [138.22835, 38.00916], [138.23333, 38.00944], [138.23448, 38.00408], [138.23314, 38.00238], [138.23451, 38.00137], [138.23517, 37.99273], [138.23343, 37.99113], [138.23335, 37.99369], [138.23252, 37.99139], [138.23474, 37.98407], [138.23178, 37.9824], [138.22916, 37.98466], [138.22827, 37.98119], [138.2268, 37.98347], [138.22708, 37.97965], [138.22987, 37.97962], [138.23104, 37.9763], [138.2334, 37.97631], [138.23249, 37.97492], [138.2353, 37.97169], [138.23752, 37.97082], [138.23563, 37.97453], [138.23684, 37.97242], [138.23959, 37.9725], [138.23782, 37.97144], [138.23963, 37.97248], [138.24848, 37.96833], [138.24928, 37.96523], [138.2548, 37.96464], [138.25533, 37.96801], [138.25782, 37.9697], [138.25851, 37.97544], [138.26603, 37.97672], [138.25864, 37.97553], [138.25954, 37.97999], [138.26186, 37.97965], [138.26322, 37.9826], [138.26189, 37.98422], [138.26523, 37.98796], [138.27276, 37.99242], [138.27471, 38.00272], [138.28188, 38.00578], [138.2826, 38.00432], [138.28561, 38.00487], [138.28264, 38.00437], [138.28212, 38.00556], [138.28587, 38.00653], [138.29804, 38.00717], [138.31347, 38.00211], [138.32804, 37.99157], [138.34021, 37.97938], [138.34171, 37.97517], [138.34011, 37.9741], [138.3415, 37.97358], [138.34354, 37.96509], [138.34053, 37.95981], [138.33564, 37.95919], [138.33648, 37.95707], [138.33261, 37.95613], [138.33526, 37.96077], [138.33312, 37.95891], [138.32946, 37.94966], [138.30736, 37.94107], [138.30068, 37.93114], [138.29338, 37.92484], [138.29308, 37.92622], [138.29295, 37.92442], [138.28966, 37.92185], [138.28462, 37.91946], [138.28525, 37.91613], [138.28219, 37.91336], [138.28237, 37.91153], [138.2799, 37.91098], [138.28127, 37.90911], [138.27837, 37.90736], [138.28163, 37.90351], [138.28104, 37.90182], [138.28556, 37.90078], [138.28707, 37.89802], [138.28932, 37.89735], [138.29043, 37.89225], [138.2882, 37.88836], [138.28985, 37.88546], [138.28662, 37.88206], [138.28711, 37.88078], [138.28352, 37.87935], [138.28495, 37.87844], [138.28346, 37.87731], [138.28471, 37.87547], [138.28332, 37.87386], [138.28463, 37.87531], [138.28545, 37.8741], [138.28016, 37.86286], [138.26749, 37.84627], [138.26005, 37.84168], [138.25498, 37.84432], [138.25222, 37.843], [138.25084, 37.84401], [138.24956, 37.83996], [138.24645, 37.83785], [138.2402, 37.83935], [138.23875, 37.83843], [138.23706, 37.84036], [138.22957, 37.83713], [138.2257, 37.83759], [138.22513, 37.83547], [138.22257, 37.83582], [138.22466, 37.83693], [138.22203, 37.83548], [138.2166, 37.83763], [138.21281, 37.83283], [138.21362, 37.83125], [138.2088, 37.82841], [138.20539, 37.82847], [138.20786, 37.82508], [138.2038, 37.82155], [138.20588, 37.81989], [138.20735, 37.82134], [138.2084, 37.81623], [138.21764, 37.81714], [138.21245, 37.81349], [138.21625, 37.8124], [138.2144, 37.81144], [138.21617, 37.8098], [138.22142, 37.81023], [138.2215, 37.80903], [138.22165, 37.81008], [138.22536, 37.80814], [138.22596, 37.80981], [138.23044, 37.80595], [138.2325, 37.80815], [138.23326, 37.80691], [138.23552, 37.80852], [138.23731, 37.80692], [138.23582, 37.80624], [138.24251, 37.80598], [138.24135, 37.80376], [138.24622, 37.80469], [138.24419, 37.80234], [138.24776, 37.80279], [138.24773, 37.80439], [138.25147, 37.80358], [138.25172, 37.8051], [138.25307, 37.80324], [138.26207, 37.80564], [138.26122, 37.80695], [138.26431, 37.80635], [138.26761, 37.81002], [138.27227, 37.81184], [138.27098, 37.81335], [138.27324, 37.81556], [138.27567, 37.81559], [138.27688, 37.81389], [138.27408, 37.81281], [138.27635, 37.81288], [138.27672, 37.80987], [138.28066, 37.81191], [138.28294, 37.81052], [138.28681, 37.81103], [138.28295, 37.81068], [138.2798, 37.81471], [138.28213, 37.814], [138.28152, 37.81611], [138.28688, 37.81658], [138.28554, 37.81789], [138.28881, 37.82138], [138.29787, 37.82095], [138.3011, 37.82422], [138.30368, 37.82349], [138.30154, 37.82398], [138.30341, 37.82405], [138.30507, 37.82687], [138.30627, 37.82709], [138.30717, 37.8243], [138.31328, 37.8226], [138.30794, 37.82412], [138.30701, 37.82692], [138.30988, 37.82756], [138.31117, 37.82759], [138.3111, 37.82445], [138.31146, 37.82674], [138.31646, 37.82772], [138.32482, 37.82434], [138.3372, 37.82489], [138.33447, 37.82563], [138.33943, 37.82666], [138.34428, 37.82495], [138.34962, 37.82902], [138.35964, 37.83048], [138.36604, 37.83446], [138.36393, 37.83387], [138.36499, 37.83571], [138.36956, 37.83602], [138.37722, 37.84239], [138.38152, 37.84331], [138.40076, 37.86084], [138.41073, 37.86311], [138.4119, 37.86614], [138.42089, 37.86783], [138.41353, 37.86654], [138.41032, 37.86819], [138.41377, 37.8704], [138.41296, 37.86875], [138.41444, 37.86961], [138.41486, 37.86843], [138.41489, 37.87109], [138.41686, 37.87149], [138.41891, 37.86897], [138.41876, 37.87302], [138.42727, 37.87975], [138.43144, 37.8792], [138.42901, 37.87903], [138.42877, 37.88033], [138.43083, 37.87969], [138.43368, 37.88173], [138.44125, 37.883], [138.44632, 37.88634], [138.44697, 37.8891], [138.45413, 37.8932], [138.46446, 37.8931], [138.46472, 37.8949], [138.47061, 37.89672], [138.47206, 37.9016], [138.47942, 37.90864], [138.48499, 37.91119], [138.48014, 37.90924], [138.48299, 37.91245], [138.48439, 37.91151], [138.48274, 37.91269], [138.4851, 37.91395], [138.48597, 37.91708], [138.49068, 37.91977], [138.50051, 37.92039], [138.49902, 37.92527], [138.50371, 37.9369], [138.50286, 37.94384], [138.50434, 37.94371], [138.50396, 37.94493], [138.50475, 37.94344], [138.50371, 37.94518], [138.51034, 37.9536], [138.51265, 37.9613], [138.51659, 37.96553], [138.52093, 37.97384], [138.52121, 37.97746], [138.52203, 37.97583], [138.52141, 37.97879], [138.52717, 37.98288], [138.5311, 37.99149], [138.53678, 37.99576], [138.53923, 38.00326], [138.54666, 38.00757], [138.55241, 38.02119], [138.55059, 38.02302], [138.55332, 38.03076], [138.55767, 38.03462], [138.56094, 38.0408], [138.56357, 38.04218], [138.56338, 38.04688], [138.56554, 38.05071], [138.56634, 38.04896], [138.56556, 38.05234], [138.57181, 38.06132], [138.57454, 38.06281], [138.57163, 38.06388], [138.57228, 38.0659], [138.57358, 38.06536], [138.57125, 38.0731], [138.56935, 38.07374], [138.5711, 38.07392], [138.5717, 38.0758], [138.57242, 38.07368], [138.57129, 38.07652], [138.57259, 38.07865], [138.5694, 38.08126], [138.56861, 38.08402], [138.56494, 38.08365], [138.56255, 38.08542], [138.56294, 38.08808], [138.55315, 38.08132], [138.54749, 38.08072], [138.54501, 38.08116], [138.54704, 38.08209], [138.53817, 38.07996], [138.53582, 38.08189], [138.53403, 38.07902], [138.5356, 38.07824], [138.53449, 38.07854], [138.53278, 38.07472], [138.53083, 38.07577], [138.52104, 38.07137], [138.50876, 38.0702], [138.5057, 38.07233], [138.50245, 38.07073], [138.49901, 38.07147], [138.49565, 38.06882], [138.49201, 38.06987], [138.48663, 38.06469], [138.48038, 38.06271], [138.48184, 38.06237], [138.47067, 38.06468], [138.4606, 38.06802], [138.46079, 38.06995], [138.46048, 38.0685], [138.45645, 38.06998], [138.45762, 38.07116], [138.45615, 38.07179], [138.45539, 38.07039], [138.45172, 38.07184], [138.4524, 38.07309], [138.45012, 38.07224], [138.4441, 38.0756], [138.44662, 38.07808], [138.43876, 38.08042], [138.44001, 38.08156], [138.43886, 38.08254], [138.43652, 38.08212], [138.43577, 38.08496], [138.43844, 38.08449], [138.43519, 38.08572], [138.43419, 38.08839], [138.4368, 38.08698], [138.43449, 38.09245], [138.44006, 38.08954], [138.43449, 38.09254], [138.43511, 38.09718], [138.43718, 38.0981], [138.43627, 38.09971], [138.43855, 38.10303], [138.43516, 38.11462], [138.43661, 38.11475], [138.43514, 38.11485], [138.43695, 38.11931], [138.43829, 38.119], [138.43723, 38.11928], [138.44114, 38.12717], [138.45107, 38.14031], [138.44907, 38.14008], [138.44984, 38.14235], [138.45115, 38.1415], [138.44952, 38.14259], [138.44963, 38.14527], [138.45915, 38.15742], [138.46042, 38.16239], [138.46184, 38.16213], [138.46085, 38.16256], [138.46244, 38.16401], [138.46214, 38.16143], [138.46328, 38.16558], [138.46748, 38.16942], [138.47035, 38.16996], [138.47134, 38.17533], [138.4767, 38.17976], [138.47741, 38.18418], [138.48122, 38.1882], [138.48184, 38.19286], [138.48657, 38.20045], [138.49021, 38.20188], [138.48804, 38.19946], [138.49255, 38.20345], [138.49355, 38.21692], [138.49242, 38.22135], [138.49414, 38.22553], [138.49589, 38.22705], [138.4961, 38.22501], [138.49683, 38.22571], [138.49942, 38.23608], [138.50323, 38.24074], [138.50435, 38.24781], [138.50648, 38.24994], [138.50725, 38.26057], [138.50983, 38.26548], [138.50761, 38.27129], [138.50788, 38.27406], [138.50961, 38.27408], [138.5077, 38.27707], [138.50934, 38.29193], [138.50793, 38.2955], [138.51055, 38.30038], [138.51226, 38.31479], [138.51502, 38.31598]], [[133.13099, 36.08532], [133.1324, 36.08288], [133.12944, 36.08235], [133.12831, 36.08389], [133.11907, 36.0815], [133.11733, 36.08457], [133.12266, 36.08494], [133.12228, 36.08613], [133.12547, 36.08781], [133.12373, 36.08949], [133.1276, 36.0903], [133.12822, 36.09262], [133.12542, 36.09397], [133.12596, 36.09629], [133.12662, 36.09493], [133.12748, 36.09658], [133.12655, 36.09818], [133.13594, 36.102], [133.13017, 36.10476], [133.13037, 36.10598], [133.12767, 36.10458], [133.12632, 36.10562], [133.1293, 36.10639], [133.12934, 36.10874], [133.13033, 36.10773], [133.13232, 36.1102], [133.13399, 36.10904], [133.13186, 36.1114], [133.12626, 36.111], [133.1257, 36.11311], [133.12344, 36.11296], [133.12163, 36.1154], [133.11838, 36.11369], [133.1145, 36.11475], [133.11616, 36.11679], [133.11474, 36.11813], [133.11454, 36.11671], [133.11267, 36.11816], [133.11062, 36.11678], [133.11178, 36.11866], [133.11452, 36.11865], [133.1131, 36.12009], [133.10467, 36.11679], [133.09999, 36.11658], [133.09883, 36.11858], [133.09756, 36.11668], [133.09352, 36.11767], [133.09385, 36.11517], [133.09094, 36.11403], [133.09036, 36.11121], [133.09272, 36.11217], [133.09398, 36.10989], [133.09749, 36.10999], [133.09683, 36.10776], [133.09192, 36.10911], [133.09577, 36.10602], [133.09054, 36.1031], [133.09044, 36.10149], [133.09272, 36.1024], [133.09076, 36.10005], [133.09068, 36.0961], [133.08645, 36.09725], [133.08816, 36.10006], [133.08526, 36.10372], [133.08864, 36.10839], [133.08815, 36.10988], [133.08563, 36.1102], [133.08643, 36.11265], [133.08392, 36.11162], [133.08309, 36.11425], [133.07981, 36.11248], [133.08118, 36.10982], [133.07729, 36.10871], [133.08106, 36.10699], [133.0796, 36.10556], [133.08131, 36.10472], [133.08133, 36.10249], [133.07675, 36.10257], [133.076, 36.10423], [133.0778, 36.10498], [133.07518, 36.10645], [133.07113, 36.10556], [133.06901, 36.10041], [133.06431, 36.10102], [133.06542, 36.09374], [133.06932, 36.09176], [133.06798, 36.08951], [133.07273, 36.08529], [133.06976, 36.08373], [133.07006, 36.08261], [133.07495, 36.08016], [133.07213, 36.07971], [133.07462, 36.07871], [133.07417, 36.07723], [133.06749, 36.07579], [133.07023, 36.07282], [133.07675, 36.07507], [133.07654, 36.07273], [133.07939, 36.07274], [133.07819, 36.07012], [133.07985, 36.06864], [133.07602, 36.06609], [133.07453, 36.06728], [133.0758, 36.0648], [133.07433, 36.06456], [133.07487, 36.06344], [133.07843, 36.06216], [133.07358, 36.06038], [133.07432, 36.05776], [133.07034, 36.05917], [133.07068, 36.05334], [133.07261, 36.0502], [133.07022, 36.04953], [133.07117, 36.04565], [133.06791, 36.04119], [133.07057, 36.03816], [133.06808, 36.03709], [133.06814, 36.03507], [133.07261, 36.03555], [133.07423, 36.03785], [133.0802, 36.03791], [133.08193, 36.04122], [133.07632, 36.04228], [133.07584, 36.04492], [133.07876, 36.04548], [133.07945, 36.04382], [133.0798, 36.04647], [133.08201, 36.047], [133.08731, 36.04537], [133.08902, 36.04816], [133.08728, 36.0495], [133.0885, 36.05132], [133.08555, 36.0499], [133.08739, 36.05275], [133.09728, 36.04928], [133.10391, 36.0501], [133.10297, 36.05083], [133.10501, 36.05331], [133.09948, 36.05275], [133.09974, 36.05452], [133.0961, 36.0573], [133.10457, 36.0581], [133.10001, 36.061], [133.10772, 36.06084], [133.10835, 36.06421], [133.098, 36.07029], [133.09697, 36.07241], [133.10154, 36.07244], [133.1015, 36.06993], [133.10739, 36.06894], [133.11712, 36.0642], [133.11818, 36.06517], [133.11584, 36.06622], [133.11607, 36.06895], [133.11826, 36.07068], [133.11501, 36.07283], [133.11744, 36.074], [133.11467, 36.07683], [133.1158, 36.07764], [133.11452, 36.07685], [133.11296, 36.07867], [133.11801, 36.0791], [133.1233, 36.07439], [133.12814, 36.07714], [133.12852, 36.07392], [133.13148, 36.07341], [133.13269, 36.07408], [133.13173, 36.07671], [133.13434, 36.07679], [133.13668, 36.0822], [133.14004, 36.08214], [133.14384, 36.07521], [133.15259, 36.07453], [133.14896, 36.07884], [133.1458, 36.07957], [133.14448, 36.08316], [133.13795, 36.08407], [133.13537, 36.08633], [133.13099, 36.08532]], [[133.37403, 36.24416], [133.37621, 36.24664], [133.37265, 36.25096], [133.37436, 36.25236], [133.37532, 36.25147], [133.3747, 36.25314], [133.37783, 36.25862], [133.37591, 36.26158], [133.38234, 36.26399], [133.38151, 36.26586], [133.38545, 36.26728], [133.38599, 36.26995], [133.3823, 36.26882], [133.38028, 36.27153], [133.37586, 36.27026], [133.37925, 36.27623], [133.37365, 36.27736], [133.37405, 36.27943], [133.37161, 36.27986], [133.37139, 36.28189], [133.36862, 36.2784], [133.3671, 36.27837], [133.3664, 36.28073], [133.36433, 36.27828], [133.3625, 36.27911], [133.3622, 36.28013], [133.36398, 36.28015], [133.36171, 36.28177], [133.362, 36.28369], [133.35961, 36.28434], [133.36306, 36.28649], [133.36374, 36.29019], [133.3581, 36.28864], [133.35587, 36.29156], [133.35887, 36.29552], [133.36219, 36.29521], [133.36217, 36.29294], [133.36392, 36.29731], [133.36054, 36.29748], [133.3595, 36.29896], [133.35961, 36.29758], [133.35753, 36.29743], [133.35675, 36.29939], [133.35474, 36.29797], [133.34631, 36.29845], [133.34468, 36.29732], [133.34478, 36.30119], [133.34278, 36.30343], [133.3396, 36.30325], [133.34096, 36.306], [133.3367, 36.30665], [133.33785, 36.30864], [133.34377, 36.31089], [133.33992, 36.31137], [133.33921, 36.31017], [133.33501, 36.31299], [133.3291, 36.30901], [133.32451, 36.30884], [133.32344, 36.31109], [133.3251, 36.31134], [133.32566, 36.31588], [133.32405, 36.31681], [133.32162, 36.31564], [133.32202, 36.317], [133.31784, 36.32003], [133.31891, 36.32402], [133.32154, 36.32617], [133.32093, 36.32781], [133.31013, 36.31933], [133.30662, 36.32068], [133.30895, 36.32225], [133.30728, 36.32142], [133.30633, 36.32361], [133.30289, 36.3219], [133.30646, 36.32431], [133.3101, 36.32272], [133.30783, 36.32518], [133.30987, 36.32849], [133.30646, 36.32955], [133.30307, 36.32558], [133.29748, 36.32766], [133.29563, 36.33365], [133.29339, 36.33259], [133.28757, 36.33656], [133.2873, 36.3396], [133.28538, 36.34042], [133.28692, 36.3422], [133.28313, 36.34417], [133.2841, 36.34678], [133.28293, 36.34824], [133.27605, 36.34886], [133.28091, 36.34557], [133.28003, 36.34049], [133.27645, 36.33716], [133.27589, 36.33851], [133.27595, 36.33689], [133.27066, 36.3321], [133.26402, 36.33121], [133.26477, 36.32908], [133.26305, 36.32778], [133.25937, 36.33001], [133.2574, 36.32743], [133.25255, 36.32901], [133.25287, 36.3325], [133.24697, 36.33445], [133.23728, 36.332], [133.23226, 36.32834], [133.22473, 36.32876], [133.22561, 36.32288], [133.22897, 36.31997], [133.23118, 36.32135], [133.22949, 36.32031], [133.2321, 36.31782], [133.22533, 36.31351], [133.21627, 36.31473], [133.21407, 36.31091], [133.21017, 36.31101], [133.2092, 36.30883], [133.20707, 36.30873], [133.21045, 36.30449], [133.2094, 36.30319], [133.21249, 36.30256], [133.2105, 36.3035], [133.21019, 36.3005], [133.20693, 36.3012], [133.20106, 36.29875], [133.19999, 36.30117], [133.19601, 36.30176], [133.19429, 36.29158], [133.19117, 36.29042], [133.19387, 36.28879], [133.19712, 36.29067], [133.20475, 36.29149], [133.20974, 36.28819], [133.21585, 36.2899], [133.21418, 36.28716], [133.20232, 36.28906], [133.19956, 36.28753], [133.19951, 36.28353], [133.20489, 36.28076], [133.20458, 36.27965], [133.19822, 36.27944], [133.19646, 36.28136], [133.1987, 36.28138], [133.19416, 36.28225], [133.19169, 36.28642], [133.18905, 36.2863], [133.18947, 36.28792], [133.18578, 36.28955], [133.18114, 36.28961], [133.1793, 36.28804], [133.18811, 36.28311], [133.18785, 36.27465], [133.18672, 36.2694], [133.18492, 36.26887], [133.18663, 36.26865], [133.18482, 36.26453], [133.18187, 36.26046], [133.17708, 36.2575], [133.17724, 36.25055], [133.18751, 36.24791], [133.1871, 36.24919], [133.18852, 36.24921], [133.19274, 36.24509], [133.18929, 36.2354], [133.1907, 36.23069], [133.18375, 36.22418], [133.18445, 36.22222], [133.18304, 36.22178], [133.18546, 36.21519], [133.18219, 36.21229], [133.1846, 36.21091], [133.19353, 36.21463], [133.1952, 36.21397], [133.19348, 36.21367], [133.1946, 36.21233], [133.19335, 36.21273], [133.19495, 36.21122], [133.20341, 36.21096], [133.20432, 36.20843], [133.20507, 36.20973], [133.20839, 36.20972], [133.20931, 36.20852], [133.20787, 36.20313], [133.20977, 36.20074], [133.208, 36.20001], [133.21006, 36.19893], [133.20858, 36.19801], [133.21774, 36.19205], [133.219, 36.19301], [133.2231, 36.18878], [133.23472, 36.18961], [133.23566, 36.18847], [133.23437, 36.1901], [133.23828, 36.19172], [133.24431, 36.19056], [133.24669, 36.18707], [133.24604, 36.18389], [133.24288, 36.18213], [133.23873, 36.18337], [133.23693, 36.17987], [133.2379, 36.17725], [133.24158, 36.17721], [133.24119, 36.17554], [133.23578, 36.17218], [133.2363, 36.1705], [133.23111, 36.17075], [133.23034, 36.16939], [133.23434, 36.16957], [133.23718, 36.16565], [133.23864, 36.16617], [133.23825, 36.16756], [133.24319, 36.16594], [133.24115, 36.16727], [133.24484, 36.16761], [133.24809, 36.17107], [133.24324, 36.17575], [133.2459, 36.17712], [133.24652, 36.17539], [133.24954, 36.17548], [133.25035, 36.17242], [133.25333, 36.17131], [133.24822, 36.16602], [133.24929, 36.16485], [133.24729, 36.16144], [133.24951, 36.15924], [133.24798, 36.15994], [133.24853, 36.16123], [133.2522, 36.16204], [133.2531, 36.16094], [133.2539, 36.16413], [133.25604, 36.16527], [133.2562, 36.16884], [133.25857, 36.17051], [133.25813, 36.17325], [133.2595, 36.16959], [133.26393, 36.17218], [133.26076, 36.16591], [133.25829, 36.1645], [133.26017, 36.16334], [133.26817, 36.1694], [133.27802, 36.16961], [133.27905, 36.17237], [133.27679, 36.17772], [133.27819, 36.17894], [133.27742, 36.18088], [133.27603, 36.18036], [133.27998, 36.18815], [133.28252, 36.18642], [133.27966, 36.18214], [133.28149, 36.17831], [133.2811, 36.17505], [133.28293, 36.17492], [133.28262, 36.17877], [133.28512, 36.17857], [133.28755, 36.17078], [133.29137, 36.17144], [133.28858, 36.17456], [133.28892, 36.17915], [133.29099, 36.17986], [133.29324, 36.17908], [133.29468, 36.1757], [133.29595, 36.17899], [133.297, 36.17689], [133.30113, 36.17643], [133.30114, 36.17528], [133.29944, 36.17576], [133.30263, 36.17467], [133.30295, 36.17142], [133.30702, 36.17417], [133.30893, 36.17307], [133.30841, 36.17895], [133.30901, 36.17374], [133.3107, 36.17246], [133.32556, 36.16712], [133.33506, 36.17046], [133.34128, 36.1701], [133.33674, 36.18185], [133.33857, 36.18763], [133.33677, 36.19165], [133.33459, 36.19243], [133.33572, 36.1972], [133.32989, 36.19761], [133.32752, 36.20063], [133.32258, 36.19968], [133.32122, 36.19597], [133.31772, 36.19855], [133.30944, 36.19957], [133.31006, 36.19339], [133.30622, 36.19867], [133.31284, 36.2043], [133.3162, 36.20528], [133.32266, 36.20221], [133.32647, 36.20399], [133.32965, 36.20071], [133.33457, 36.20249], [133.33621, 36.20104], [133.33556, 36.2048], [133.33731, 36.20433], [133.33879, 36.20734], [133.33551, 36.21183], [133.33656, 36.21332], [133.3377, 36.2111], [133.34032, 36.21619], [133.33743, 36.22061], [133.33964, 36.22044], [133.34519, 36.22468], [133.34278, 36.22201], [133.34353, 36.22046], [133.3496, 36.21785], [133.34483, 36.21705], [133.34527, 36.2143], [133.35201, 36.21219], [133.34842, 36.21078], [133.34893, 36.2091], [133.34521, 36.20872], [133.34846, 36.20832], [133.34945, 36.20659], [133.34393, 36.20298], [133.34143, 36.19871], [133.33871, 36.19815], [133.33939, 36.19607], [133.3499, 36.1964], [133.35249, 36.19721], [133.35292, 36.19971], [133.35572, 36.19941], [133.35457, 36.2036], [133.35953, 36.20253], [133.36112, 36.20414], [133.37007, 36.20564], [133.37014, 36.21102], [133.37183, 36.2138], [133.36999, 36.216], [133.37221, 36.21854], [133.37159, 36.22171], [133.37546, 36.22396], [133.37394, 36.22533], [133.37487, 36.2283], [133.37774, 36.23059], [133.37511, 36.23994], [133.37666, 36.24167], [133.3736, 36.24211], [133.37403, 36.24416]], [[133.04107, 36.02492], [133.04108, 36.02295], [133.03755, 36.02739], [133.0302, 36.02896], [133.02682, 36.03246], [133.02544, 36.02972], [133.02432, 36.02992], [133.02513, 36.03095], [133.02297, 36.0297], [133.01679, 36.03185], [133.01446, 36.0306], [133.01199, 36.03226], [133.00361, 36.03286], [132.99953, 36.03121], [133.00223, 36.02891], [133.00101, 36.02671], [133.00588, 36.02305], [133.00195, 36.02081], [133.00783, 36.01848], [133.00745, 36.01702], [133.00313, 36.01615], [133.00365, 36.01353], [133.00987, 36.00998], [133.00585, 36.00353], [133.01114, 36.00201], [133.02385, 36.00655], [133.02793, 36.00474], [133.02719, 36.00183], [133.02962, 36.00193], [133.02988, 35.99999], [133.03131, 36.00086], [133.03104, 36.00404], [133.0328, 36.0042], [133.03104, 36.00421], [133.03077, 36.00586], [133.03316, 36.0065], [133.03247, 36.00524], [133.03552, 36.00411], [133.03516, 36.00233], [133.03742, 36.00045], [133.04197, 36.00802], [133.04041, 36.01177], [133.04188, 36.01308], [133.04606, 36.00914], [133.04851, 36.00877], [133.04561, 36.00675], [133.04743, 36.00575], [133.04697, 36.00454], [133.05223, 36.00353], [133.05785, 36.0051], [133.05517, 35.99716], [133.05889, 35.99397], [133.06019, 35.99544], [133.061, 35.99392], [133.06578, 35.99585], [133.06464, 35.9992], [133.06602, 35.99991], [133.06431, 36.00129], [133.06644, 36.00157], [133.065, 36.0027], [133.06645, 36.00306], [133.06478, 36.00489], [133.06616, 36.00686], [133.06971, 36.00595], [133.0695, 36.00831], [133.07314, 36.01074], [133.06564, 36.01199], [133.06208, 36.0103], [133.05508, 36.01286], [133.05116, 36.01667], [133.04266, 36.02026], [133.04391, 36.02242], [133.04114, 36.02395], [133.0408, 36.02705], [133.04107, 36.02492]], [[133.08507, 36.13745], [133.08455, 36.1388], [133.07992, 36.13794], [133.0816, 36.14214], [133.07794, 36.14261], [133.06982, 36.14008], [133.07037, 36.14225], [133.06875, 36.14277], [133.06556, 36.13549], [133.05951, 36.13263], [133.05799, 36.13125], [133.05928, 36.13041], [133.05673, 36.12987], [133.05521, 36.1267], [133.05471, 36.13221], [133.05018, 36.12923], [133.04708, 36.12956], [133.04748, 36.12809], [133.04523, 36.12733], [133.04402, 36.12862], [133.04634, 36.13081], [133.04431, 36.13071], [133.04547, 36.13124], [133.0442, 36.13278], [133.0458, 36.13287], [133.04376, 36.13363], [133.04376, 36.13514], [133.03608, 36.13508], [133.03422, 36.13687], [133.02834, 36.13725], [133.02799, 36.13865], [133.02601, 36.13719], [133.0272, 36.13578], [133.02424, 36.13578], [133.02323, 36.13412], [133.02176, 36.13605], [133.01992, 36.13448], [133.01451, 36.13762], [133.01246, 36.13565], [133.01408, 36.12771], [133.01229, 36.12078], [133.0132, 36.11643], [133.00665, 36.1127], [133.00726, 36.10846], [133.00313, 36.1086], [133.00516, 36.10985], [132.99989, 36.11411], [132.99736, 36.11428], [132.99715, 36.11308], [132.99455, 36.11441], [132.99133, 36.11347], [132.99001, 36.10923], [132.98515, 36.10796], [132.98414, 36.10881], [132.9853, 36.11106], [132.98727, 36.11119], [132.9859, 36.11644], [132.98208, 36.11742], [132.98265, 36.115], [132.98002, 36.11342], [132.97768, 36.1149], [132.97883, 36.11328], [132.97677, 36.11055], [132.97101, 36.10708], [132.96908, 36.10325], [132.9658, 36.1028], [132.96564, 36.09968], [132.96157, 36.09703], [132.9643, 36.09793], [132.96499, 36.09555], [132.96955, 36.09539], [132.96852, 36.09256], [132.95572, 36.09049], [132.95495, 36.08621], [132.95077, 36.08538], [132.95232, 36.08277], [132.95069, 36.08029], [132.9458, 36.07978], [132.94775, 36.07641], [132.95382, 36.07657], [132.95034, 36.0729], [132.94961, 36.06816], [132.946, 36.06716], [132.94604, 36.06488], [132.95515, 36.06499], [132.94952, 36.06237], [132.9541, 36.06054], [132.95442, 36.05867], [132.96225, 36.06031], [132.97305, 36.0574], [132.97468, 36.05601], [132.9736, 36.05533], [132.97474, 36.05259], [132.98598, 36.04906], [132.9868, 36.04801], [132.98534, 36.04728], [132.98854, 36.04623], [132.98964, 36.04327], [132.99839, 36.03799], [133.00101, 36.04368], [132.99682, 36.04613], [132.99313, 36.05159], [132.99393, 36.05573], [132.99021, 36.06016], [132.98836, 36.0654], [132.98572, 36.06513], [132.98588, 36.06705], [132.98304, 36.06856], [132.98541, 36.06958], [132.98298, 36.07096], [132.98394, 36.07151], [132.98083, 36.07664], [132.98309, 36.07852], [132.97967, 36.07849], [132.97758, 36.08193], [132.97849, 36.08456], [132.97736, 36.08308], [132.9764, 36.08391], [132.98012, 36.08571], [132.97915, 36.0887], [132.98276, 36.08964], [132.98303, 36.09208], [132.98559, 36.09329], [132.98741, 36.09273], [132.98572, 36.09232], [132.98492, 36.08681], [132.99179, 36.08367], [132.99274, 36.08842], [132.99027, 36.09269], [132.99355, 36.09142], [132.99517, 36.09253], [132.99799, 36.09047], [133.00097, 36.0911], [132.99895, 36.09261], [133.00073, 36.09328], [133.00104, 36.09172], [133.00506, 36.09305], [133.00812, 36.09881], [133.00545, 36.10596], [133.01234, 36.10035], [133.01301, 36.09788], [133.01285, 36.0946], [133.00679, 36.09247], [133.00543, 36.09042], [133.00599, 36.0872], [133.00834, 36.08558], [133.00569, 36.08241], [133.00825, 36.08201], [133.0108, 36.07812], [133.0088, 36.07725], [133.00758, 36.0739], [133.01011, 36.07545], [133.01503, 36.07405], [133.02275, 36.06324], [133.03031, 36.06503], [133.03371, 36.06331], [133.03638, 36.06539], [133.03825, 36.06208], [133.04336, 36.06281], [133.04247, 36.06024], [133.04623, 36.0609], [133.04786, 36.06355], [133.04737, 36.06652], [133.0503, 36.06563], [133.05257, 36.06882], [133.05263, 36.07017], [133.05076, 36.07023], [133.05039, 36.07884], [133.057, 36.08291], [133.05598, 36.08818], [133.05006, 36.09605], [133.04718, 36.09449], [133.04448, 36.09546], [133.04405, 36.09791], [133.04634, 36.09942], [133.04329, 36.10025], [133.03996, 36.10504], [133.04049, 36.10742], [133.04349, 36.10663], [133.04117, 36.10794], [133.0411, 36.10968], [133.04362, 36.11142], [133.0435, 36.11034], [133.04538, 36.11085], [133.04608, 36.11256], [133.04699, 36.1116], [133.04759, 36.11317], [133.05498, 36.11151], [133.05431, 36.11232], [133.05804, 36.11334], [133.06341, 36.11274], [133.0655, 36.11479], [133.07008, 36.11342], [133.07641, 36.11968], [133.07633, 36.11864], [133.08063, 36.1206], [133.08369, 36.12536], [133.08756, 36.12567], [133.08528, 36.12712], [133.08711, 36.12806], [133.08606, 36.12958], [133.08846, 36.12998], [133.08749, 36.13233], [133.08999, 36.13258], [133.09025, 36.13743], [133.09137, 36.13669], [133.093, 36.13906], [133.08992, 36.1373], [133.08507, 36.13745]], [[129.48853, 34.66637], [129.4842, 34.66738], [129.48584, 34.66979], [129.48421, 34.67077], [129.48433, 34.67292], [129.48612, 34.67492], [129.49003, 34.67435], [129.48729, 34.67687], [129.48783, 34.67806], [129.49483, 34.67778], [129.49491, 34.67945], [129.49172, 34.6807], [129.49449, 34.68313], [129.48747, 34.6836], [129.4864, 34.67552], [129.48175, 34.67605], [129.47843, 34.67224], [129.48035, 34.6755], [129.47809, 34.67769], [129.47601, 34.67517], [129.47432, 34.67576], [129.47579, 34.67499], [129.47483, 34.67246], [129.47314, 34.67733], [129.47144, 34.67794], [129.47582, 34.68091], [129.47521, 34.68209], [129.47117, 34.68137], [129.47432, 34.68249], [129.47552, 34.68509], [129.47134, 34.68375], [129.4713, 34.6869], [129.47754, 34.68915], [129.47983, 34.68822], [129.47906, 34.69148], [129.48279, 34.69452], [129.48111, 34.69317], [129.47879, 34.69379], [129.47738, 34.69169], [129.47463, 34.69208], [129.47364, 34.6898], [129.47163, 34.68955], [129.47374, 34.69331], [129.47116, 34.69333], [129.47067, 34.69556], [129.46421, 34.69508], [129.46567, 34.69686], [129.46392, 34.69765], [129.46598, 34.69859], [129.46383, 34.70134], [129.46397, 34.69911], [129.4616, 34.69658], [129.45972, 34.69823], [129.45928, 34.69528], [129.45705, 34.69582], [129.45858, 34.6941], [129.45744, 34.69237], [129.45756, 34.69416], [129.45571, 34.69418], [129.45481, 34.6964], [129.45745, 34.69678], [129.45547, 34.69926], [129.45859, 34.70211], [129.45455, 34.7014], [129.45201, 34.69582], [129.45174, 34.69877], [129.44949, 34.69764], [129.44941, 34.69561], [129.44801, 34.69723], [129.44847, 34.6997], [129.45147, 34.70135], [129.44878, 34.70316], [129.44968, 34.70664], [129.44798, 34.70441], [129.44683, 34.7049], [129.44731, 34.70364], [129.44604, 34.7044], [129.44627, 34.70307], [129.44127, 34.70103], [129.44415, 34.70049], [129.44218, 34.70014], [129.44368, 34.69875], [129.43926, 34.69835], [129.44143, 34.6964], [129.43968, 34.69596], [129.44062, 34.69311], [129.439, 34.69569], [129.43582, 34.69396], [129.43667, 34.6924], [129.43296, 34.6925], [129.43194, 34.69107], [129.42811, 34.69511], [129.42631, 34.69312], [129.42309, 34.69376], [129.42027, 34.69221], [129.42462, 34.69627], [129.42227, 34.69664], [129.42389, 34.69885], [129.41786, 34.69527], [129.41675, 34.69182], [129.41535, 34.69232], [129.41444, 34.6895], [129.41901, 34.68893], [129.41541, 34.68513], [129.41484, 34.68219], [129.41751, 34.68095], [129.41767, 34.67905], [129.42196, 34.68251], [129.42295, 34.68128], [129.42323, 34.68286], [129.42959, 34.68172], [129.42852, 34.67972], [129.43298, 34.67846], [129.43196, 34.67668], [129.43476, 34.67295], [129.43247, 34.67442], [129.4283, 34.67244], [129.42939, 34.67694], [129.42523, 34.67936], [129.41951, 34.67571], [129.41808, 34.67694], [129.41216, 34.67675], [129.41055, 34.67919], [129.40795, 34.67821], [129.40857, 34.67659], [129.40664, 34.67646], [129.40781, 34.67343], [129.40042, 34.67033], [129.40035, 34.66816], [129.40302, 34.66848], [129.40343, 34.67012], [129.40463, 34.66938], [129.40116, 34.66676], [129.40311, 34.66442], [129.39515, 34.66293], [129.39702, 34.66215], [129.39503, 34.66122], [129.39645, 34.65744], [129.3936, 34.65772], [129.39305, 34.65623], [129.39548, 34.65227], [129.394, 34.65133], [129.39137, 34.65492], [129.38855, 34.65477], [129.38856, 34.65062], [129.38414, 34.64989], [129.38292, 34.64777], [129.38748, 34.64526], [129.387, 34.64219], [129.39689, 34.63937], [129.39412, 34.63897], [129.39182, 34.6406], [129.38962, 34.63848], [129.39002, 34.63996], [129.38659, 34.63952], [129.38318, 34.64304], [129.37869, 34.64259], [129.37426, 34.64691], [129.36461, 34.63854], [129.36303, 34.63949], [129.36341, 34.64404], [129.36203, 34.64632], [129.35855, 34.64917], [129.35292, 34.64988], [129.34217, 34.64524], [129.33844, 34.63914], [129.33532, 34.63808], [129.33448, 34.6389], [129.33621, 34.64122], [129.33445, 34.63893], [129.33452, 34.64016], [129.33521, 34.64196], [129.33664, 34.64163], [129.33506, 34.64213], [129.33399, 34.64967], [129.33121, 34.64934], [129.3299, 34.6511], [129.32547, 34.64861], [129.32169, 34.64919], [129.31975, 34.64707], [129.3212, 34.64213], [129.31939, 34.64075], [129.31838, 34.63401], [129.31956, 34.63155], [129.31732, 34.62833], [129.31779, 34.62609], [129.3134, 34.62139], [129.31299, 34.61391], [129.30498, 34.60268], [129.3049, 34.59935], [129.30734, 34.59694], [129.30674, 34.59276], [129.30481, 34.59177], [129.30615, 34.58902], [129.30305, 34.58872], [129.30296, 34.58702], [129.29893, 34.58476], [129.29889, 34.58026], [129.29636, 34.57477], [129.2941, 34.57228], [129.29032, 34.57141], [129.29211, 34.57137], [129.29227, 34.56988], [129.28794, 34.5703], [129.2859, 34.56258], [129.28879, 34.5561], [129.29493, 34.5559], [129.30413, 34.56493], [129.30448, 34.56772], [129.30657, 34.5681], [129.30705, 34.56514], [129.30469, 34.56473], [129.3097, 34.56361], [129.3075, 34.56047], [129.30972, 34.55886], [129.30935, 34.55571], [129.31152, 34.55778], [129.31387, 34.55746], [129.31163, 34.55785], [129.3126, 34.56015], [129.3146, 34.55956], [129.314, 34.55798], [129.31515, 34.55954], [129.31611, 34.55855], [129.31479, 34.55566], [129.31668, 34.55598], [129.31542, 34.55465], [129.31678, 34.5538], [129.31424, 34.55326], [129.31442, 34.54987], [129.32068, 34.54748], [129.32376, 34.55089], [129.3282, 34.55104], [129.32628, 34.5484], [129.32765, 34.54726], [129.32569, 34.54656], [129.32752, 34.54288], [129.32964, 34.54485], [129.33062, 34.544], [129.32859, 34.54344], [129.32996, 34.54239], [129.32774, 34.54191], [129.32885, 34.5401], [129.32683, 34.53925], [129.32893, 34.53881], [129.32763, 34.53786], [129.32923, 34.53661], [129.32822, 34.53541], [129.32935, 34.53326], [129.33212, 34.53198], [129.33406, 34.5346], [129.33338, 34.53745], [129.33814, 34.53809], [129.34448, 34.534], [129.34473, 34.53232], [129.34309, 34.53391], [129.34479, 34.53177], [129.34288, 34.53228], [129.34456, 34.53162], [129.34293, 34.5311], [129.34174, 34.53335], [129.338, 34.53499], [129.33622, 34.53145], [129.33346, 34.52988], [129.33455, 34.52844], [129.32874, 34.52791], [129.32443, 34.53096], [129.32558, 34.53525], [129.32155, 34.53803], [129.31721, 34.53661], [129.31944, 34.53494], [129.321, 34.53588], [129.31961, 34.53313], [129.31775, 34.53289], [129.32202, 34.53021], [129.31444, 34.52866], [129.31759, 34.52585], [129.31557, 34.52609], [129.31714, 34.52445], [129.3151, 34.52472], [129.31197, 34.51992], [129.3146, 34.51837], [129.31296, 34.51687], [129.31555, 34.51603], [129.3125, 34.51561], [129.31125, 34.51851], [129.31016, 34.51413], [129.30937, 34.51797], [129.31101, 34.52317], [129.30951, 34.52613], [129.30821, 34.52578], [129.30727, 34.52274], [129.30242, 34.51846], [129.30119, 34.51221], [129.30316, 34.51219], [129.30152, 34.51054], [129.30229, 34.50955], [129.29956, 34.51009], [129.29604, 34.50593], [129.29724, 34.50562], [129.29605, 34.50351], [129.29715, 34.49966], [129.29445, 34.49887], [129.29313, 34.49621], [129.29428, 34.49528], [129.29111, 34.48938], [129.29301, 34.48621], [129.28955, 34.48606], [129.28775, 34.48334], [129.28424, 34.4827], [129.28477, 34.4798], [129.28032, 34.48096], [129.28006, 34.47564], [129.27753, 34.47446], [129.27736, 34.47107], [129.27382, 34.46862], [129.27479, 34.46782], [129.27368, 34.4656], [129.27726, 34.46501], [129.27845, 34.46318], [129.27736, 34.46094], [129.2765, 34.46236], [129.27397, 34.45705], [129.27541, 34.45427], [129.27871, 34.4543], [129.27803, 34.45288], [129.2844, 34.45218], [129.28481, 34.4508], [129.28176, 34.44835], [129.28809, 34.44914], [129.2905, 34.45172], [129.29416, 34.45159], [129.29814, 34.45726], [129.30297, 34.45928], [129.30248, 34.46131], [129.30458, 34.45932], [129.30522, 34.46143], [129.30332, 34.46362], [129.30451, 34.46418], [129.30593, 34.46296], [129.30897, 34.46365], [129.31057, 34.46104], [129.30606, 34.45669], [129.3074, 34.45457], [129.31089, 34.45555], [129.31018, 34.4532], [129.31206, 34.44995], [129.30849, 34.45141], [129.30886, 34.45345], [129.30261, 34.45578], [129.30249, 34.45426], [129.29963, 34.45348], [129.2986, 34.45043], [129.30149, 34.44811], [129.29847, 34.44861], [129.2937, 34.44673], [129.29698, 34.44553], [129.2963, 34.4434], [129.29217, 34.44484], [129.29167, 34.44171], [129.29319, 34.44148], [129.29499, 34.4376], [129.2929, 34.4374], [129.29271, 34.43504], [129.29456, 34.43477], [129.29485, 34.43286], [129.28949, 34.4342], [129.29103, 34.43928], [129.28778, 34.44245], [129.28699, 34.44096], [129.28559, 34.44364], [129.28285, 34.44369], [129.28267, 34.44242], [129.28114, 34.44445], [129.27836, 34.44431], [129.27825, 34.44078], [129.27602, 34.44222], [129.27329, 34.44054], [129.27569, 34.4391], [129.27246, 34.43751], [129.2728, 34.4339], [129.28074, 34.43223], [129.27374, 34.43075], [129.27701, 34.42819], [129.28115, 34.42761], [129.27707, 34.42699], [129.27377, 34.42831], [129.27014, 34.42616], [129.27328, 34.42567], [129.27076, 34.42501], [129.27452, 34.42287], [129.27337, 34.42132], [129.27646, 34.42148], [129.27356, 34.41976], [129.27612, 34.4191], [129.27521, 34.41792], [129.27744, 34.41609], [129.28485, 34.41704], [129.28347, 34.41532], [129.28529, 34.41526], [129.2787, 34.4149], [129.28034, 34.41278], [129.2782, 34.415], [129.27662, 34.41262], [129.27699, 34.41494], [129.27266, 34.41592], [129.2714, 34.41326], [129.27312, 34.41249], [129.27159, 34.4103], [129.27417, 34.40926], [129.2748, 34.40431], [129.27278, 34.40181], [129.27432, 34.40153], [129.27276, 34.40085], [129.27308, 34.39651], [129.27092, 34.39429], [129.27209, 34.3903], [129.26791, 34.38552], [129.27228, 34.38501], [129.2726, 34.38217], [129.27427, 34.38202], [129.27566, 34.38336], [129.2753, 34.38691], [129.27722, 34.38337], [129.27659, 34.37963], [129.27469, 34.3782], [129.27649, 34.37692], [129.27662, 34.37318], [129.27406, 34.37538], [129.27095, 34.37483], [129.26724, 34.37031], [129.26324, 34.36859], [129.26332, 34.36645], [129.26015, 34.36891], [129.25876, 34.36821], [129.25904, 34.36617], [129.25294, 34.36704], [129.25563, 34.36507], [129.25182, 34.36532], [129.25167, 34.36328], [129.25586, 34.36116], [129.25097, 34.35793], [129.25118, 34.35482], [129.24935, 34.35606], [129.25054, 34.35643], [129.24884, 34.35594], [129.24844, 34.35894], [129.24993, 34.35912], [129.24495, 34.36014], [129.24587, 34.36267], [129.24449, 34.36254], [129.24419, 34.36541], [129.2417, 34.36492], [129.24306, 34.36643], [129.24459, 34.36576], [129.24308, 34.36698], [129.24338, 34.36948], [129.2415, 34.36594], [129.24007, 34.36585], [129.23997, 34.36742], [129.23628, 34.36518], [129.23272, 34.36627], [129.22718, 34.36186], [129.2298, 34.35964], [129.22888, 34.35757], [129.23322, 34.35602], [129.23292, 34.35343], [129.23992, 34.35113], [129.24235, 34.35225], [129.24408, 34.35041], [129.24444, 34.35254], [129.24713, 34.35272], [129.25439, 34.34948], [129.25465, 34.35209], [129.2625, 34.35516], [129.26395, 34.35233], [129.2659, 34.35187], [129.26424, 34.35451], [129.272, 34.35754], [129.27067, 34.35607], [129.27336, 34.35525], [129.27022, 34.35569], [129.26772, 34.35408], [129.27718, 34.35434], [129.27923, 34.35014], [129.27856, 34.34705], [129.28036, 34.34624], [129.28009, 34.34474], [129.28367, 34.34365], [129.28453, 34.34779], [129.27941, 34.34806], [129.28213, 34.35052], [129.27994, 34.35126], [129.27928, 34.35421], [129.28091, 34.3545], [129.28087, 34.35207], [129.28359, 34.35084], [129.28359, 34.34889], [129.28671, 34.3493], [129.28881, 34.34742], [129.28659, 34.34581], [129.28892, 34.34344], [129.28689, 34.3432], [129.28798, 34.33919], [129.2915, 34.34495], [129.29222, 34.34965], [129.29101, 34.34917], [129.29107, 34.35064], [129.28973, 34.35003], [129.28724, 34.35251], [129.2877, 34.35669], [129.28876, 34.3545], [129.29173, 34.35233], [129.29317, 34.35315], [129.29413, 34.35145], [129.29544, 34.35302], [129.29278, 34.35467], [129.29645, 34.35347], [129.29895, 34.35485], [129.29757, 34.35582], [129.29535, 34.35469], [129.29227, 34.35885], [129.28871, 34.35753], [129.28912, 34.35908], [129.28691, 34.36026], [129.2842, 34.35877], [129.28308, 34.3602], [129.28475, 34.36026], [129.28492, 34.3632], [129.28335, 34.36477], [129.28139, 34.36532], [129.27939, 34.36223], [129.27787, 34.36402], [129.27999, 34.3659], [129.27922, 34.36731], [129.28246, 34.36707], [129.28193, 34.36877], [129.28368, 34.36644], [129.28565, 34.36905], [129.28607, 34.36544], [129.28848, 34.36575], [129.28944, 34.37179], [129.29285, 34.37341], [129.28898, 34.37476], [129.28614, 34.37842], [129.28439, 34.37776], [129.2844, 34.38188], [129.28107, 34.38343], [129.28393, 34.38276], [129.28369, 34.38531], [129.28493, 34.38411], [129.28755, 34.385], [129.28527, 34.38763], [129.2874, 34.38881], [129.28915, 34.3849], [129.28655, 34.38304], [129.28642, 34.38082], [129.28843, 34.37927], [129.29098, 34.37991], [129.28977, 34.37783], [129.29129, 34.3764], [129.29372, 34.37882], [129.29309, 34.37568], [129.29589, 34.37572], [129.29658, 34.37837], [129.30014, 34.37999], [129.29678, 34.38165], [129.29528, 34.38477], [129.30223, 34.38059], [129.30534, 34.38221], [129.30309, 34.38483], [129.30393, 34.38648], [129.30527, 34.38402], [129.30911, 34.38601], [129.30982, 34.38437], [129.31206, 34.38422], [129.31002, 34.38761], [129.31216, 34.38992], [129.3114, 34.38805], [129.31331, 34.3831], [129.31118, 34.38194], [129.30824, 34.38329], [129.31093, 34.3794], [129.30889, 34.38015], [129.30978, 34.37789], [129.30712, 34.37822], [129.30841, 34.37749], [129.30687, 34.37697], [129.30701, 34.3749], [129.30545, 34.37665], [129.30276, 34.37446], [129.30563, 34.37384], [129.30588, 34.37133], [129.30427, 34.37122], [129.30321, 34.37354], [129.30099, 34.37295], [129.30099, 34.37076], [129.29845, 34.37047], [129.29961, 34.36625], [129.30216, 34.37035], [129.30256, 34.36841], [129.30425, 34.3692], [129.30552, 34.36777], [129.30193, 34.36706], [129.30411, 34.36629], [129.30225, 34.36115], [129.3051, 34.35914], [129.30525, 34.35449], [129.31011, 34.35976], [129.31242, 34.35997], [129.31004, 34.35809], [129.31095, 34.35444], [129.30515, 34.35255], [129.30488, 34.35055], [129.30075, 34.35129], [129.29986, 34.34951], [129.30028, 34.34726], [129.30194, 34.34687], [129.30028, 34.34457], [129.30242, 34.34107], [129.30656, 34.34376], [129.30659, 34.3456], [129.30797, 34.3437], [129.30563, 34.34187], [129.3076, 34.34122], [129.31188, 34.34717], [129.31073, 34.34032], [129.30779, 34.33675], [129.31051, 34.33752], [129.31159, 34.34025], [129.31422, 34.33997], [129.31759, 34.35387], [129.31839, 34.34432], [129.31974, 34.34728], [129.31859, 34.3495], [129.32022, 34.35027], [129.31954, 34.35682], [129.32098, 34.3567], [129.32055, 34.35385], [129.32211, 34.35336], [129.32074, 34.35292], [129.32292, 34.34993], [129.32581, 34.35081], [129.3258, 34.35613], [129.3211, 34.36073], [129.32281, 34.36261], [129.32491, 34.35932], [129.32691, 34.35984], [129.32765, 34.35837], [129.32867, 34.35991], [129.32431, 34.36257], [129.32546, 34.36383], [129.32291, 34.36367], [129.32452, 34.36502], [129.32239, 34.36604], [129.32455, 34.36625], [129.32032, 34.37026], [129.32665, 34.3672], [129.32876, 34.36413], [129.32888, 34.36627], [129.32653, 34.36864], [129.32938, 34.36785], [129.32846, 34.37106], [129.33007, 34.37084], [129.32921, 34.37206], [129.33064, 34.37183], [129.33093, 34.37466], [129.33254, 34.37436], [129.33261, 34.37601], [129.33794, 34.38069], [129.33892, 34.37677], [129.33269, 34.37136], [129.33243, 34.36508], [129.33378, 34.36335], [129.33734, 34.36939], [129.34058, 34.36617], [129.34113, 34.36757], [129.343, 34.36706], [129.34011, 34.36954], [129.34354, 34.36835], [129.34161, 34.37356], [129.34495, 34.37149], [129.34382, 34.37471], [129.3454, 34.37472], [129.34601, 34.37285], [129.34784, 34.37574], [129.34715, 34.37728], [129.34879, 34.37717], [129.34993, 34.37427], [129.35558, 34.37475], [129.35579, 34.37315], [129.35335, 34.37386], [129.34865, 34.37181], [129.34633, 34.36745], [129.34876, 34.36606], [129.34768, 34.36533], [129.34919, 34.36373], [129.35267, 34.36565], [129.35217, 34.36375], [129.34971, 34.36281], [129.35019, 34.36093], [129.34845, 34.36298], [129.34409, 34.3621], [129.34531, 34.36004], [129.34291, 34.36142], [129.34381, 34.36025], [129.34245, 34.35972], [129.34402, 34.35898], [129.34119, 34.35918], [129.34294, 34.35788], [129.3399, 34.35668], [129.34513, 34.35766], [129.34356, 34.35622], [129.34783, 34.35619], [129.34521, 34.35511], [129.3443, 34.35357], [129.34568, 34.3533], [129.34409, 34.35208], [129.35044, 34.3529], [129.34832, 34.35159], [129.34865, 34.34924], [129.35052, 34.34981], [129.35012, 34.34886], [129.34628, 34.34544], [129.35039, 34.34887], [129.35073, 34.34738], [129.35387, 34.34686], [129.34839, 34.34479], [129.34681, 34.34246], [129.34754, 34.34115], [129.34859, 34.3439], [129.34872, 34.34187], [129.34969, 34.34433], [129.35401, 34.3456], [129.35572, 34.34437], [129.35168, 34.34311], [129.35279, 34.34234], [129.35053, 34.34206], [129.35097, 34.34016], [129.3558, 34.34244], [129.35615, 34.34129], [129.35383, 34.34012], [129.35515, 34.33967], [129.35321, 34.33858], [129.36073, 34.33973], [129.35808, 34.33903], [129.3596, 34.33818], [129.35756, 34.33647], [129.35311, 34.33752], [129.35364, 34.33472], [129.35169, 34.33567], [129.35178, 34.33814], [129.34568, 34.33827], [129.34329, 34.33667], [129.34573, 34.33467], [129.35038, 34.33625], [129.34863, 34.3344], [129.35139, 34.3334], [129.35004, 34.33303], [129.35139, 34.33095], [129.34688, 34.3331], [129.34913, 34.33098], [129.34862, 34.3298], [129.34797, 34.33104], [129.34728, 34.32923], [129.34644, 34.33042], [129.34287, 34.32682], [129.3473, 34.3269], [129.34712, 34.32495], [129.34885, 34.32523], [129.34782, 34.32334], [129.34993, 34.32424], [129.34925, 34.32321], [129.35112, 34.32312], [129.351, 34.32097], [129.35296, 34.32146], [129.35408, 34.31856], [129.34646, 34.32089], [129.34323, 34.32395], [129.3381, 34.32358], [129.3375, 34.32272], [129.33922, 34.32285], [129.33828, 34.32174], [129.3412, 34.32157], [129.33884, 34.32067], [129.34133, 34.32069], [129.33864, 34.31877], [129.33631, 34.3211], [129.33684, 34.31949], [129.33483, 34.32041], [129.33316, 34.31861], [129.3358, 34.31884], [129.33681, 34.31768], [129.33544, 34.31721], [129.33778, 34.31717], [129.33586, 34.31482], [129.33675, 34.31356], [129.33467, 34.31258], [129.33459, 34.30736], [129.33831, 34.31632], [129.3387, 34.31323], [129.34033, 34.3134], [129.3344, 34.30526], [129.33641, 34.3043], [129.33867, 34.3088], [129.34035, 34.30568], [129.34046, 34.31069], [129.34248, 34.31], [129.34193, 34.30891], [129.34354, 34.30986], [129.34182, 34.30448], [129.34393, 34.30665], [129.34298, 34.30441], [129.34362, 34.30293], [129.34487, 34.30427], [129.34371, 34.30244], [129.34542, 34.30184], [129.34466, 34.29993], [129.34648, 34.30029], [129.34672, 34.30299], [129.34863, 34.30309], [129.34884, 34.30734], [129.34952, 34.30535], [129.35035, 34.30809], [129.35612, 34.30808], [129.35543, 34.31039], [129.35667, 34.30962], [129.35545, 34.30605], [129.35351, 34.30695], [129.35105, 34.30535], [129.35153, 34.30411], [129.34852, 34.30098], [129.3487, 34.29856], [129.3503, 34.3008], [129.35194, 34.29993], [129.35017, 34.2979], [129.35178, 34.29626], [129.35371, 34.29712], [129.35269, 34.29576], [129.35518, 34.29382], [129.3516, 34.29441], [129.35091, 34.29303], [129.35372, 34.29168], [129.35196, 34.29121], [129.35417, 34.28951], [129.35239, 34.28948], [129.3551, 34.2867], [129.34743, 34.28655], [129.35258, 34.27999], [129.34727, 34.28393], [129.34651, 34.28675], [129.35057, 34.28977], [129.34766, 34.29289], [129.34894, 34.29571], [129.34772, 34.29476], [129.34769, 34.29751], [129.34599, 34.29335], [129.34689, 34.29243], [129.34369, 34.29119], [129.34562, 34.29537], [129.34346, 34.29448], [129.34305, 34.29548], [129.34508, 34.29591], [129.33858, 34.29935], [129.33789, 34.29703], [129.34163, 34.29569], [129.33914, 34.29407], [129.34169, 34.29334], [129.3376, 34.29337], [129.33428, 34.28914], [129.3318, 34.29076], [129.3343, 34.29068], [129.33306, 34.29271], [129.33572, 34.29326], [129.33398, 34.29366], [129.33382, 34.29494], [129.3353, 34.29418], [129.33612, 34.29583], [129.3343, 34.29801], [129.33326, 34.29672], [129.32988, 34.29836], [129.32958, 34.29701], [129.33184, 34.29711], [129.32959, 34.29637], [129.33089, 34.29482], [129.32718, 34.2961], [129.32289, 34.29319], [129.31923, 34.29766], [129.31532, 34.29895], [129.31898, 34.29689], [129.31598, 34.29721], [129.3162, 34.29466], [129.31751, 34.29601], [129.32117, 34.2944], [129.31598, 34.29322], [129.31763, 34.29255], [129.31493, 34.29219], [129.31475, 34.29045], [129.31296, 34.29079], [129.31406, 34.28971], [129.3181, 34.29174], [129.31396, 34.28754], [129.31886, 34.28993], [129.31469, 34.28609], [129.31472, 34.28471], [129.31758, 34.28442], [129.31175, 34.28409], [129.31835, 34.27596], [129.3137, 34.2778], [129.30946, 34.28389], [129.31021, 34.28842], [129.30736, 34.28639], [129.30856, 34.28921], [129.30523, 34.28645], [129.30776, 34.28506], [129.30585, 34.28435], [129.30824, 34.28384], [129.30535, 34.28314], [129.30672, 34.28129], [129.30416, 34.28289], [129.30469, 34.28048], [129.30722, 34.27993], [129.30497, 34.27953], [129.30671, 34.27809], [129.30516, 34.2769], [129.3029, 34.28189], [129.30074, 34.28084], [129.30067, 34.28276], [129.29825, 34.28218], [129.29917, 34.28795], [129.30265, 34.2939], [129.3046, 34.29454], [129.30163, 34.29534], [129.30352, 34.29634], [129.30599, 34.2944], [129.3029, 34.2972], [129.29987, 34.29669], [129.30432, 34.30516], [129.308, 34.30668], [129.30979, 34.30585], [129.31029, 34.3072], [129.30872, 34.30712], [129.31025, 34.30812], [129.30658, 34.30824], [129.30609, 34.31007], [129.3032, 34.30629], [129.30147, 34.30976], [129.29973, 34.30557], [129.30176, 34.30537], [129.29981, 34.30419], [129.30132, 34.30253], [129.29914, 34.30308], [129.2964, 34.30047], [129.29821, 34.30397], [129.2959, 34.30537], [129.2982, 34.30538], [129.29866, 34.30966], [129.295, 34.31099], [129.29266, 34.30876], [129.29355, 34.31425], [129.29076, 34.31423], [129.29365, 34.31513], [129.29474, 34.32031], [129.29313, 34.31761], [129.29026, 34.3177], [129.28675, 34.31349], [129.28551, 34.31435], [129.28866, 34.31774], [129.28824, 34.3204], [129.28548, 34.3205], [129.28343, 34.3157], [129.28259, 34.31711], [129.28244, 34.31552], [129.28035, 34.31611], [129.27891, 34.31769], [129.28192, 34.32069], [129.28113, 34.32283], [129.27783, 34.32361], [129.2784, 34.3267], [129.27454, 34.32364], [129.27793, 34.32182], [129.27576, 34.32239], [129.276, 34.3209], [129.2739, 34.32274], [129.27422, 34.32126], [129.27068, 34.32394], [129.27109, 34.3217], [129.26751, 34.32144], [129.26678, 34.32827], [129.26551, 34.32122], [129.26705, 34.31873], [129.27245, 34.31903], [129.27452, 34.31756], [129.27371, 34.31617], [129.27075, 34.31649], [129.27523, 34.31229], [129.27336, 34.31081], [129.27516, 34.30982], [129.2781, 34.31336], [129.2808, 34.31347], [129.27677, 34.3094], [129.28213, 34.30571], [129.28508, 34.30873], [129.28677, 34.30744], [129.28614, 34.30595], [129.28948, 34.30438], [129.28442, 34.30454], [129.28531, 34.30164], [129.2834, 34.29829], [129.28618, 34.29812], [129.28604, 34.2965], [129.28865, 34.29603], [129.29023, 34.29244], [129.29171, 34.29284], [129.29138, 34.29148], [129.29332, 34.29082], [129.29127, 34.29089], [129.29172, 34.28923], [129.29022, 34.29161], [129.28436, 34.28986], [129.28734, 34.28787], [129.28603, 34.28542], [129.28859, 34.28495], [129.29139, 34.2816], [129.29081, 34.27572], [129.28754, 34.28242], [129.28199, 34.28459], [129.28372, 34.29187], [129.28235, 34.29305], [129.28473, 34.2927], [129.28554, 34.29525], [129.28058, 34.29572], [129.27855, 34.29763], [129.28232, 34.3026], [129.28199, 34.30492], [129.27976, 34.30611], [129.26636, 34.30517], [129.26697, 34.30289], [129.26372, 34.30134], [129.26499, 34.2992], [129.26218, 34.29968], [129.26323, 34.2978], [129.2612, 34.29421], [129.26306, 34.29141], [129.25926, 34.29086], [129.25661, 34.29234], [129.25919, 34.2959], [129.25816, 34.29676], [129.25983, 34.29657], [129.26016, 34.30066], [129.25107, 34.29924], [129.25283, 34.3], [129.25168, 34.30132], [129.25297, 34.3016], [129.2525, 34.3037], [129.25382, 34.3021], [129.25777, 34.30335], [129.25544, 34.3058], [129.25802, 34.30472], [129.26149, 34.30652], [129.2605, 34.3082], [129.25654, 34.30658], [129.256, 34.31153], [129.2543, 34.30665], [129.25, 34.3054], [129.24734, 34.3027], [129.24803, 34.30053], [129.24644, 34.30154], [129.24599, 34.2992], [129.24351, 34.29944], [129.24433, 34.29794], [129.2406, 34.29839], [129.23795, 34.30062], [129.23799, 34.29938], [129.23541, 34.29925], [129.2371, 34.29615], [129.23474, 34.29667], [129.23527, 34.2936], [129.23178, 34.29212], [129.22911, 34.29305], [129.23033, 34.29673], [129.22768, 34.29772], [129.22708, 34.2944], [129.22385, 34.29441], [129.22222, 34.29032], [129.22293, 34.2957], [129.22573, 34.29582], [129.22231, 34.29793], [129.2235, 34.3019], [129.22251, 34.30488], [129.22523, 34.30538], [129.22685, 34.30908], [129.2251, 34.30776], [129.22295, 34.30853], [129.2242, 34.31196], [129.22559, 34.31224], [129.22501, 34.31096], [129.22707, 34.31377], [129.225, 34.31357], [129.22717, 34.31512], [129.22798, 34.3135], [129.22881, 34.31577], [129.22712, 34.31699], [129.22917, 34.31872], [129.22694, 34.32042], [129.22779, 34.32433], [129.225, 34.32713], [129.22553, 34.32878], [129.22348, 34.32872], [129.22152, 34.33135], [129.22014, 34.33153], [129.22112, 34.32993], [129.21725, 34.32695], [129.21484, 34.32648], [129.2126, 34.32802], [129.2112, 34.327], [129.20801, 34.33114], [129.2067, 34.3298], [129.2054, 34.33182], [129.20437, 34.33127], [129.20342, 34.32355], [129.19793, 34.31854], [129.20069, 34.31394], [129.1957, 34.31286], [129.19713, 34.31032], [129.19624, 34.30652], [129.19836, 34.3057], [129.19883, 34.30166], [129.19629, 34.2946], [129.19676, 34.2877], [129.19495, 34.28621], [129.19792, 34.28241], [129.19369, 34.27442], [129.19848, 34.27404], [129.19932, 34.27291], [129.1972, 34.27062], [129.19857, 34.27157], [129.19917, 34.27016], [129.19737, 34.26792], [129.19673, 34.27006], [129.19404, 34.26691], [129.19182, 34.2586], [129.1857, 34.24944], [129.18691, 34.2412], [129.18938, 34.23977], [129.19126, 34.23588], [129.18833, 34.23343], [129.18937, 34.23463], [129.19098, 34.2338], [129.19055, 34.23233], [129.18922, 34.23149], [129.18759, 34.23288], [129.18878, 34.23077], [129.18234, 34.2276], [129.17964, 34.21954], [129.18061, 34.21064], [129.17793, 34.18834], [129.18082, 34.18765], [129.18013, 34.19025], [129.18201, 34.18717], [129.17955, 34.18465], [129.17886, 34.18009], [129.17614, 34.17594], [129.17806, 34.174], [129.17861, 34.16841], [129.17697, 34.16773], [129.17597, 34.1687], [129.17703, 34.16947], [129.17448, 34.16844], [129.17279, 34.16573], [129.17402, 34.16343], [129.17307, 34.15977], [129.17492, 34.15831], [129.17253, 34.15582], [129.17432, 34.15411], [129.17296, 34.15238], [129.17493, 34.15096], [129.17404, 34.14934], [129.17633, 34.14941], [129.16949, 34.14665], [129.16759, 34.14204], [129.16805, 34.13011], [129.17169, 34.12364], [129.17062, 34.11933], [129.17201, 34.1179], [129.17103, 34.11146], [129.16895, 34.10934], [129.16965, 34.10723], [129.16697, 34.10458], [129.16798, 34.10154], [129.17378, 34.1059], [129.17425, 34.11002], [129.17711, 34.11336], [129.18242, 34.11373], [129.1826, 34.11648], [129.18495, 34.11621], [129.18275, 34.11665], [129.18365, 34.11861], [129.18446, 34.11716], [129.18518, 34.11884], [129.18735, 34.11802], [129.18616, 34.1162], [129.19699, 34.11261], [129.19679, 34.1058], [129.20158, 34.1057], [129.20279, 34.10346], [129.20567, 34.10754], [129.2075, 34.10554], [129.2076, 34.10811], [129.20941, 34.10648], [129.21201, 34.10837], [129.20959, 34.10977], [129.21141, 34.11043], [129.21136, 34.11251], [129.21418, 34.11306], [129.21597, 34.11194], [129.21557, 34.11024], [129.21159, 34.10483], [129.21379, 34.10457], [129.21374, 34.10277], [129.21764, 34.10037], [129.21734, 34.09546], [129.21227, 34.08715], [129.21256, 34.08454], [129.21431, 34.08397], [129.21538, 34.0861], [129.22024, 34.08823], [129.21825, 34.09313], [129.21943, 34.09644], [129.22326, 34.09774], [129.22682, 34.09462], [129.22975, 34.09505], [129.23099, 34.11399], [129.23572, 34.11297], [129.23669, 34.1065], [129.23861, 34.10513], [129.23717, 34.10295], [129.23983, 34.1015], [129.24084, 34.10453], [129.24579, 34.1057], [129.2451, 34.11046], [129.24664, 34.11219], [129.24979, 34.11269], [129.25443, 34.10966], [129.26113, 34.11456], [129.26254, 34.1221], [129.25919, 34.12238], [129.2541, 34.12519], [129.2543, 34.12642], [129.25867, 34.12894], [129.25903, 34.12729], [129.26038, 34.12777], [129.25941, 34.12668], [129.26107, 34.12811], [129.26422, 34.12614], [129.27408, 34.12753], [129.27644, 34.12877], [129.27477, 34.13017], [129.27641, 34.13311], [129.28205, 34.13034], [129.28198, 34.1331], [129.27884, 34.13455], [129.2791, 34.13842], [129.27372, 34.1449], [129.27535, 34.14698], [129.27573, 34.14538], [129.27653, 34.14643], [129.27971, 34.14438], [129.28523, 34.14497], [129.28026, 34.15374], [129.28205, 34.15759], [129.28457, 34.1576], [129.28346, 34.16309], [129.28173, 34.16298], [129.283, 34.16474], [129.28661, 34.16565], [129.29064, 34.16232], [129.29514, 34.16081], [129.29604, 34.16184], [129.29675, 34.16832], [129.29455, 34.17036], [129.29703, 34.17269], [129.29475, 34.17555], [129.28847, 34.17616], [129.29127, 34.17948], [129.29628, 34.17949], [129.29728, 34.18642], [129.2945, 34.18615], [129.29199, 34.19101], [129.2883, 34.19072], [129.28727, 34.18699], [129.28491, 34.18855], [129.28271, 34.18737], [129.28707, 34.19019], [129.28649, 34.19201], [129.28973, 34.19563], [129.28861, 34.19975], [129.29039, 34.20056], [129.28866, 34.20068], [129.29089, 34.20098], [129.29033, 34.19823], [129.29361, 34.19539], [129.29703, 34.19364], [129.29936, 34.19448], [129.29786, 34.19801], [129.30035, 34.19935], [129.2984, 34.2021], [129.30083, 34.20183], [129.30009, 34.20603], [129.30165, 34.20657], [129.30033, 34.20766], [129.30451, 34.21057], [129.29684, 34.21422], [129.29768, 34.21677], [129.296, 34.21499], [129.29716, 34.22044], [129.30036, 34.22079], [129.29736, 34.22165], [129.3008, 34.2236], [129.30096, 34.22154], [129.30272, 34.22276], [129.30471, 34.22159], [129.30491, 34.22025], [129.30184, 34.22071], [129.30443, 34.22042], [129.30501, 34.21502], [129.31276, 34.21848], [129.31273, 34.2216], [129.3188, 34.2239], [129.31846, 34.22724], [129.3211, 34.22513], [129.32601, 34.22654], [129.32457, 34.22908], [129.3256, 34.22998], [129.32296, 34.23033], [129.32358, 34.23172], [129.31755, 34.23241], [129.31953, 34.23262], [129.32054, 34.23487], [129.32337, 34.23505], [129.32084, 34.2376], [129.32079, 34.24002], [129.31727, 34.24004], [129.31624, 34.24304], [129.31753, 34.2445], [129.31532, 34.24266], [129.3158, 34.24547], [129.31758, 34.24591], [129.31645, 34.24965], [129.31833, 34.25432], [129.3219, 34.25446], [129.32372, 34.25782], [129.32191, 34.25928], [129.32278, 34.26016], [129.31961, 34.25955], [129.31577, 34.26297], [129.31687, 34.26146], [129.31883, 34.26321], [129.32214, 34.26107], [129.32203, 34.26372], [129.32382, 34.26185], [129.32676, 34.26253], [129.32402, 34.26726], [129.32769, 34.26948], [129.32705, 34.27313], [129.32875, 34.27354], [129.32909, 34.27555], [129.3339, 34.27446], [129.33583, 34.2717], [129.34191, 34.27829], [129.34831, 34.27824], [129.35143, 34.27644], [129.35477, 34.27761], [129.35992, 34.27046], [129.36183, 34.27449], [129.36338, 34.27412], [129.36865, 34.27873], [129.37376, 34.27838], [129.376, 34.28263], [129.38409, 34.28635], [129.38872, 34.29392], [129.39328, 34.29687], [129.39252, 34.30064], [129.38824, 34.30015], [129.3876, 34.30366], [129.38293, 34.30417], [129.38285, 34.29939], [129.38035, 34.30365], [129.37715, 34.30369], [129.37778, 34.30217], [129.37449, 34.30353], [129.37348, 34.30245], [129.37481, 34.3017], [129.37278, 34.30125], [129.37808, 34.29653], [129.37511, 34.29724], [129.37675, 34.29508], [129.37487, 34.29503], [129.37808, 34.291], [129.37259, 34.29479], [129.3724, 34.29826], [129.37079, 34.29684], [129.37014, 34.29866], [129.37148, 34.29934], [129.36942, 34.3027], [129.36864, 34.30092], [129.36728, 34.30146], [129.36751, 34.29925], [129.36676, 34.30073], [129.36293, 34.2996], [129.36536, 34.29748], [129.36268, 34.29747], [129.36145, 34.29984], [129.35782, 34.29886], [129.36012, 34.29348], [129.35622, 34.29849], [129.35706, 34.30085], [129.36318, 34.30306], [129.363, 34.306], [129.36612, 34.30613], [129.36621, 34.30826], [129.36384, 34.31029], [129.36581, 34.31144], [129.3641, 34.31437], [129.36755, 34.31081], [129.36676, 34.30942], [129.37128, 34.31189], [129.36771, 34.31688], [129.36125, 34.31936], [129.36353, 34.32055], [129.36469, 34.31934], [129.36544, 34.32084], [129.36583, 34.31917], [129.3669, 34.32115], [129.36643, 34.31851], [129.36831, 34.31893], [129.36991, 34.31579], [129.36853, 34.32023], [129.36975, 34.32012], [129.36777, 34.32165], [129.36984, 34.32087], [129.37098, 34.32312], [129.37022, 34.31918], [129.37182, 34.31766], [129.37166, 34.31497], [129.373, 34.31486], [129.37412, 34.31768], [129.37684, 34.31714], [129.37552, 34.31604], [129.37657, 34.31537], [129.37369, 34.31436], [129.37373, 34.31181], [129.37985, 34.31276], [129.3796, 34.31473], [129.37817, 34.31475], [129.37879, 34.31788], [129.3711, 34.32069], [129.37188, 34.32165], [129.37281, 34.32027], [129.37325, 34.32215], [129.3734, 34.32066], [129.37554, 34.32015], [129.37568, 34.32328], [129.37709, 34.31972], [129.37867, 34.32572], [129.37538, 34.32431], [129.37198, 34.32528], [129.3759, 34.3256], [129.37701, 34.32712], [129.37409, 34.32906], [129.37358, 34.33139], [129.36348, 34.33037], [129.36825, 34.33311], [129.3716, 34.3329], [129.36874, 34.33529], [129.36637, 34.33524], [129.36722, 34.3368], [129.36433, 34.33859], [129.36781, 34.33678], [129.3704, 34.33846], [129.36971, 34.3367], [129.37089, 34.33778], [129.3715, 34.33517], [129.37293, 34.33837], [129.37254, 34.33637], [129.3744, 34.33827], [129.37486, 34.33545], [129.3756, 34.33716], [129.37602, 34.33565], [129.3793, 34.3355], [129.38037, 34.33721], [129.38042, 34.33452], [129.38315, 34.3331], [129.38376, 34.33549], [129.38666, 34.33639], [129.38404, 34.33219], [129.38544, 34.33019], [129.38703, 34.33356], [129.38657, 34.33043], [129.38888, 34.33481], [129.38848, 34.33063], [129.38993, 34.32932], [129.39096, 34.33522], [129.39173, 34.33369], [129.3947, 34.33514], [129.38597, 34.34061], [129.38831, 34.34071], [129.38833, 34.347], [129.38597, 34.34598], [129.38659, 34.34233], [129.38479, 34.34374], [129.38428, 34.34147], [129.38298, 34.34409], [129.38123, 34.34288], [129.37695, 34.34363], [129.3768, 34.34238], [129.37527, 34.34412], [129.37225, 34.34411], [129.37133, 34.34248], [129.37183, 34.34446], [129.365, 34.34462], [129.36476, 34.34629], [129.3703, 34.34721], [129.375, 34.34563], [129.38404, 34.3482], [129.38588, 34.35012], [129.38306, 34.35215], [129.38504, 34.35314], [129.38781, 34.3505], [129.38921, 34.3527], [129.3883, 34.3546], [129.39041, 34.35489], [129.38872, 34.35621], [129.39362, 34.36003], [129.39391, 34.36192], [129.39139, 34.36379], [129.38679, 34.3638], [129.38549, 34.3655], [129.38627, 34.3676], [129.38907, 34.36869], [129.38873, 34.37057], [129.3849, 34.37005], [129.38609, 34.37122], [129.38446, 34.37194], [129.38094, 34.36756], [129.37555, 34.37037], [129.37515, 34.37219], [129.3777, 34.37065], [129.38226, 34.37143], [129.38297, 34.37302], [129.38093, 34.37652], [129.37682, 34.37841], [129.37577, 34.38219], [129.3807, 34.37975], [129.3736, 34.38897], [129.37801, 34.38824], [129.37765, 34.38547], [129.37867, 34.38555], [129.38077, 34.38879], [129.38462, 34.39057], [129.38205, 34.38737], [129.38315, 34.38532], [129.3859, 34.38292], [129.39114, 34.38261], [129.38756, 34.38663], [129.38754, 34.3896], [129.3906, 34.39283], [129.39148, 34.39165], [129.394, 34.39254], [129.39015, 34.39508], [129.39431, 34.39328], [129.39194, 34.39671], [129.39577, 34.40119], [129.39421, 34.40266], [129.3968, 34.40659], [129.39531, 34.40783], [129.3995, 34.41317], [129.39181, 34.40781], [129.39009, 34.40089], [129.38748, 34.40144], [129.38769, 34.40319], [129.3839, 34.40364], [129.38522, 34.40127], [129.3873, 34.40129], [129.38613, 34.40049], [129.38792, 34.39905], [129.38593, 34.39673], [129.38477, 34.39876], [129.38491, 34.39558], [129.38216, 34.39857], [129.37912, 34.39506], [129.37686, 34.39463], [129.3787, 34.39825], [129.3765, 34.39842], [129.36641, 34.39104], [129.36344, 34.39209], [129.36453, 34.39071], [129.36245, 34.39159], [129.36101, 34.39048], [129.35961, 34.39156], [129.3603, 34.39359], [129.35868, 34.39067], [129.36012, 34.38985], [129.35784, 34.39032], [129.35863, 34.38792], [129.35688, 34.38994], [129.35421, 34.38646], [129.35178, 34.38608], [129.35248, 34.389], [129.35802, 34.39346], [129.35735, 34.3951], [129.36007, 34.39514], [129.35998, 34.39637], [129.36216, 34.39512], [129.36169, 34.39769], [129.36345, 34.39742], [129.36243, 34.39649], [129.36654, 34.39898], [129.36333, 34.40035], [129.36714, 34.40066], [129.36559, 34.40266], [129.36896, 34.40258], [129.36839, 34.40748], [129.37193, 34.40362], [129.37388, 34.40476], [129.37125, 34.40612], [129.37254, 34.4068], [129.37158, 34.40749], [129.37401, 34.40612], [129.37398, 34.40849], [129.37625, 34.40678], [129.37489, 34.40443], [129.37635, 34.40786], [129.37477, 34.41011], [129.37738, 34.41064], [129.37443, 34.41296], [129.37658, 34.41243], [129.37555, 34.41374], [129.37662, 34.4143], [129.37957, 34.41177], [129.37555, 34.4261], [129.37205, 34.42622], [129.3727, 34.42484], [129.36884, 34.42841], [129.36831, 34.42641], [129.37172, 34.42326], [129.36805, 34.42184], [129.36746, 34.41947], [129.36502, 34.41963], [129.3647, 34.42212], [129.36742, 34.42425], [129.36388, 34.42847], [129.36561, 34.42713], [129.36637, 34.43081], [129.36601, 34.43359], [129.36449, 34.43409], [129.36623, 34.43432], [129.36806, 34.43149], [129.37113, 34.43286], [129.3674, 34.43559], [129.37073, 34.4349], [129.36888, 34.44001], [129.37075, 34.43923], [129.37282, 34.43407], [129.37366, 34.43753], [129.37522, 34.43624], [129.37479, 34.43071], [129.37635, 34.43066], [129.37865, 34.43456], [129.3776, 34.42972], [129.37994, 34.42983], [129.38037, 34.42688], [129.38253, 34.42791], [129.38286, 34.42352], [129.38571, 34.4281], [129.38296, 34.43327], [129.3808, 34.43314], [129.38219, 34.4357], [129.38057, 34.43803], [129.38347, 34.43837], [129.38389, 34.44], [129.3758, 34.44004], [129.37661, 34.44196], [129.37425, 34.44309], [129.37562, 34.44463], [129.37454, 34.44654], [129.37143, 34.44618], [129.37375, 34.44761], [129.37148, 34.44959], [129.37221, 34.45067], [129.3683, 34.45273], [129.37087, 34.45302], [129.37066, 34.45492], [129.37208, 34.45641], [129.37206, 34.45514], [129.37239, 34.45624], [129.37363, 34.4553], [129.37407, 34.45666], [129.37396, 34.45522], [129.3756, 34.45548], [129.37304, 34.45374], [129.37543, 34.45236], [129.37475, 34.45102], [129.37589, 34.45302], [129.37791, 34.45122], [129.37891, 34.45225], [129.37741, 34.45306], [129.37908, 34.45446], [129.38631, 34.45747], [129.38337, 34.46108], [129.39119, 34.46421], [129.3892, 34.46633], [129.39404, 34.47072], [129.39447, 34.47292], [129.39547, 34.47195], [129.39762, 34.47336], [129.39689, 34.47488], [129.39831, 34.47602], [129.39589, 34.47842], [129.39772, 34.47924], [129.39692, 34.4807], [129.39881, 34.48066], [129.39823, 34.47753], [129.40143, 34.477], [129.40056, 34.47837], [129.40845, 34.48568], [129.40612, 34.48772], [129.40948, 34.48706], [129.41134, 34.48855], [129.40798, 34.49111], [129.40969, 34.49035], [129.41161, 34.49181], [129.41327, 34.48994], [129.41656, 34.49135], [129.42018, 34.4944], [129.41995, 34.49694], [129.42277, 34.49671], [129.42843, 34.50033], [129.4271, 34.50102], [129.428, 34.502], [129.43665, 34.50686], [129.43777, 34.50859], [129.43528, 34.51158], [129.43947, 34.51365], [129.43513, 34.51365], [129.43679, 34.51609], [129.44153, 34.51436], [129.44343, 34.51931], [129.45138, 34.52325], [129.45071, 34.52806], [129.44915, 34.52745], [129.44482, 34.52956], [129.44519, 34.53059], [129.44828, 34.52912], [129.45213, 34.53037], [129.45119, 34.53449], [129.45246, 34.53534], [129.45396, 34.53172], [129.45606, 34.53185], [129.45675, 34.53446], [129.46083, 34.53799], [129.46096, 34.54094], [129.46353, 34.5425], [129.46343, 34.54395], [129.45828, 34.54395], [129.458, 34.54551], [129.46029, 34.54596], [129.45884, 34.55036], [129.46, 34.55119], [129.45723, 34.5517], [129.45662, 34.55422], [129.46077, 34.55116], [129.4632, 34.5538], [129.46451, 34.55286], [129.46435, 34.55399], [129.46656, 34.55399], [129.4645, 34.55239], [129.46842, 34.55027], [129.47164, 34.55322], [129.47095, 34.55474], [129.47354, 34.55544], [129.47344, 34.55647], [129.46971, 34.55597], [129.47081, 34.55906], [129.4695, 34.55993], [129.4718, 34.56139], [129.46975, 34.56449], [129.47044, 34.56777], [129.46899, 34.56826], [129.47034, 34.57032], [129.47612, 34.57001], [129.47491, 34.57102], [129.47642, 34.5723], [129.47115, 34.57527], [129.476, 34.58442], [129.47128, 34.58794], [129.48027, 34.5935], [129.47882, 34.59369], [129.47931, 34.59521], [129.47691, 34.5941], [129.47247, 34.5955], [129.47321, 34.59721], [129.47366, 34.59594], [129.47454, 34.59745], [129.4757, 34.5962], [129.47327, 34.59966], [129.47417, 34.60113], [129.47057, 34.60086], [129.47094, 34.60413], [129.4698, 34.60437], [129.47111, 34.60824], [129.46513, 34.60427], [129.46583, 34.60675], [129.45867, 34.60529], [129.46197, 34.60643], [129.4601, 34.60939], [129.459, 34.6074], [129.45586, 34.60728], [129.45624, 34.60374], [129.45352, 34.60276], [129.45439, 34.60569], [129.45329, 34.60752], [129.45185, 34.60568], [129.44836, 34.60728], [129.45154, 34.60829], [129.45014, 34.60899], [129.45079, 34.61133], [129.44943, 34.61171], [129.45078, 34.61287], [129.44918, 34.61476], [129.44743, 34.6122], [129.44542, 34.61466], [129.44306, 34.61302], [129.44325, 34.61466], [129.43891, 34.61138], [129.43689, 34.61321], [129.43931, 34.6152], [129.43323, 34.61732], [129.43626, 34.61763], [129.43474, 34.62142], [129.43648, 34.62361], [129.44013, 34.62372], [129.43776, 34.62155], [129.43828, 34.61814], [129.44153, 34.61999], [129.44355, 34.61705], [129.44628, 34.61881], [129.4527, 34.61404], [129.45373, 34.61107], [129.45575, 34.6132], [129.45783, 34.61264], [129.45654, 34.61447], [129.45456, 34.61418], [129.45514, 34.61549], [129.45275, 34.61594], [129.45024, 34.61968], [129.45263, 34.62281], [129.44947, 34.6223], [129.44624, 34.62313], [129.44527, 34.62514], [129.44168, 34.62501], [129.44426, 34.62692], [129.44686, 34.62547], [129.44613, 34.62679], [129.44772, 34.62788], [129.4453, 34.62853], [129.44667, 34.63189], [129.44846, 34.62869], [129.45084, 34.629], [129.44988, 34.62502], [129.45388, 34.62624], [129.45473, 34.6209], [129.45722, 34.61885], [129.45689, 34.6163], [129.45989, 34.61611], [129.46041, 34.61374], [129.46392, 34.61665], [129.46765, 34.61538], [129.46712, 34.61651], [129.46912, 34.61709], [129.46793, 34.61885], [129.47265, 34.61875], [129.47223, 34.61634], [129.47444, 34.61701], [129.47666, 34.61549], [129.47589, 34.61812], [129.47767, 34.61742], [129.47532, 34.6191], [129.47821, 34.61847], [129.47794, 34.61666], [129.47953, 34.61735], [129.48042, 34.6202], [129.47791, 34.62024], [129.47802, 34.62242], [129.47541, 34.62171], [129.4753, 34.62357], [129.47294, 34.62308], [129.47394, 34.62377], [129.47113, 34.62524], [129.4711, 34.62768], [129.47655, 34.62952], [129.48153, 34.62698], [129.47856, 34.62925], [129.48228, 34.62808], [129.48358, 34.62942], [129.48136, 34.63218], [129.48451, 34.63312], [129.48325, 34.63468], [129.48617, 34.63496], [129.4865, 34.63765], [129.48922, 34.64049], [129.48729, 34.64072], [129.49057, 34.64231], [129.49137, 34.6452], [129.48882, 34.64372], [129.48823, 34.6452], [129.48456, 34.64448], [129.48468, 34.64616], [129.48459, 34.64379], [129.48131, 34.64079], [129.48218, 34.64558], [129.47733, 34.64408], [129.4794, 34.64703], [129.47593, 34.64408], [129.47201, 34.64402], [129.47273, 34.64564], [129.47534, 34.64503], [129.47532, 34.64763], [129.47883, 34.65089], [129.47497, 34.649], [129.4765, 34.65029], [129.47447, 34.65015], [129.47551, 34.65171], [129.47375, 34.65386], [129.46531, 34.65433], [129.4705, 34.65593], [129.47134, 34.65978], [129.47214, 34.65673], [129.47813, 34.65515], [129.47899, 34.65669], [129.47842, 34.65481], [129.48089, 34.65436], [129.48049, 34.65233], [129.48488, 34.65668], [129.48173, 34.6562], [129.48135, 34.65748], [129.48648, 34.65956], [129.48362, 34.65915], [129.48529, 34.66122], [129.49776, 34.66721], [129.49705, 34.66961], [129.49124, 34.66486], [129.48853, 34.66637]], [[129.43621, 34.70555], [129.44129, 34.70646], [129.44034, 34.70785], [129.43651, 34.70669], [129.43438, 34.70795], [129.43312, 34.70375], [129.43621, 34.70555]], [[129.38944, 34.33987], [129.39263, 34.34005], [129.39203, 34.33878], [129.39378, 34.33783], [129.3945, 34.34003], [129.39515, 34.3372], [129.39672, 34.34091], [129.39662, 34.33918], [129.39798, 34.34067], [129.39606, 34.33718], [129.39858, 34.33827], [129.39598, 34.33564], [129.40003, 34.33813], [129.39641, 34.33392], [129.39951, 34.33467], [129.39962, 34.33699], [129.40234, 34.33771], [129.40356, 34.33581], [129.4061, 34.33555], [129.40781, 34.33815], [129.40502, 34.34124], [129.40569, 34.34373], [129.40449, 34.34496], [129.4019, 34.34377], [129.4015, 34.34101], [129.4007, 34.34257], [129.39893, 34.34159], [129.40262, 34.34569], [129.40176, 34.34665], [129.4072, 34.34922], [129.40395, 34.35231], [129.39864, 34.34865], [129.40023, 34.35226], [129.40106, 34.35142], [129.403, 34.35366], [129.3999, 34.35487], [129.40152, 34.35578], [129.39686, 34.36], [129.39516, 34.35901], [129.39729, 34.35414], [129.39438, 34.3569], [129.39188, 34.3539], [129.39409, 34.3518], [129.39055, 34.34898], [129.39475, 34.34358], [129.38969, 34.34666], [129.39182, 34.34383], [129.38981, 34.34287], [129.39226, 34.34199], [129.38921, 34.3423], [129.38944, 34.33987]], [[129.31602, 34.32491], [129.31889, 34.32312], [129.31494, 34.32343], [129.3152, 34.32187], [129.31291, 34.32292], [129.31373, 34.32193], [129.31198, 34.32127], [129.31493, 34.32075], [129.31276, 34.3162], [129.31593, 34.31947], [129.31581, 34.31748], [129.32165, 34.31906], [129.31668, 34.31555], [129.31721, 34.31259], [129.3223, 34.31464], [129.32583, 34.31891], [129.32713, 34.31737], [129.32424, 34.31551], [129.3259, 34.31408], [129.3238, 34.31514], [129.3202, 34.31251], [129.32169, 34.3096], [129.32055, 34.30799], [129.3239, 34.31105], [129.32303, 34.30902], [129.32483, 34.30943], [129.32541, 34.31256], [129.32976, 34.31342], [129.32713, 34.31247], [129.3293, 34.31172], [129.32688, 34.31154], [129.32611, 34.30957], [129.32755, 34.30855], [129.3212, 34.3059], [129.32504, 34.30573], [129.32814, 34.30809], [129.32833, 34.31037], [129.32946, 34.30904], [129.32966, 34.31104], [129.33096, 34.31005], [129.33175, 34.31155], [129.33138, 34.30739], [129.32916, 34.30677], [129.333, 34.30649], [129.33222, 34.30492], [129.33358, 34.30445], [129.33306, 34.30879], [129.33595, 34.31607], [129.3313, 34.31648], [129.33191, 34.31513], [129.3341, 34.31553], [129.33264, 34.31341], [129.32989, 34.31522], [129.32843, 34.31719], [129.3293, 34.32414], [129.32798, 34.32382], [129.32843, 34.32144], [129.32727, 34.32429], [129.32412, 34.32491], [129.32804, 34.32479], [129.32973, 34.32776], [129.33113, 34.32722], [129.32992, 34.32901], [129.32686, 34.32827], [129.32923, 34.3301], [129.32431, 34.33409], [129.32798, 34.33372], [129.32664, 34.33627], [129.32229, 34.33506], [129.32134, 34.33341], [129.32284, 34.33206], [129.31846, 34.33149], [129.31825, 34.32987], [129.32072, 34.33022], [129.32008, 34.32873], [129.31625, 34.32856], [129.32132, 34.32787], [129.32011, 34.32578], [129.31254, 34.32618], [129.30974, 34.33093], [129.30749, 34.32984], [129.3031, 34.33084], [129.29976, 34.33354], [129.30125, 34.33633], [129.29712, 34.3376], [129.29785, 34.33476], [129.29373, 34.33093], [129.29055, 34.32368], [129.29509, 34.3229], [129.29824, 34.33028], [129.30023, 34.33103], [129.30026, 34.3295], [129.30185, 34.33016], [129.30164, 34.32886], [129.29958, 34.32883], [129.30116, 34.32806], [129.30057, 34.32673], [129.30407, 34.32806], [129.30237, 34.325], [129.30341, 34.32455], [129.30079, 34.3228], [129.30373, 34.32106], [129.30687, 34.32274], [129.30765, 34.32583], [129.30848, 34.32327], [129.30723, 34.32004], [129.30961, 34.32112], [129.31082, 34.32633], [129.31217, 34.32464], [129.31602, 34.32491]], [[129.64821, 33.72824], [129.64822, 33.72589], [129.64403, 33.72442], [129.6443, 33.72292], [129.64705, 33.72255], [129.64702, 33.7203], [129.6448, 33.71998], [129.64664, 33.71801], [129.65059, 33.71922], [129.65049, 33.72118], [129.65378, 33.72515], [129.65173, 33.72655], [129.65231, 33.72854], [129.65086, 33.72896], [129.65207, 33.72846], [129.65148, 33.72668], [129.64887, 33.72794], [129.6505, 33.72915], [129.64838, 33.72848], [129.64806, 33.73077], [129.64821, 33.72824]], [[129.7029, 33.86112], [129.69916, 33.86162], [129.69938, 33.8597], [129.69734, 33.86006], [129.69591, 33.85762], [129.69355, 33.85729], [129.7047, 33.85557], [129.70434, 33.85424], [129.69526, 33.85587], [129.69618, 33.85501], [129.69437, 33.85455], [129.69506, 33.85301], [129.69315, 33.85133], [129.69226, 33.85323], [129.69339, 33.85344], [129.69058, 33.85394], [129.69373, 33.85551], [129.68928, 33.85603], [129.69036, 33.85656], [129.68927, 33.85717], [129.69199, 33.85745], [129.68911, 33.85723], [129.68911, 33.85545], [129.6855, 33.85399], [129.68576, 33.85159], [129.67859, 33.84708], [129.68352, 33.84455], [129.67933, 33.84362], [129.68022, 33.8395], [129.6769, 33.84387], [129.67697, 33.84505], [129.67923, 33.84418], [129.6768, 33.84573], [129.67684, 33.84781], [129.67463, 33.84153], [129.67142, 33.83798], [129.67341, 33.83354], [129.67142, 33.83126], [129.67146, 33.82772], [129.66954, 33.82645], [129.67291, 33.82412], [129.67278, 33.82603], [129.67332, 33.82465], [129.6752, 33.82505], [129.67659, 33.82218], [129.6727, 33.81943], [129.67398, 33.81795], [129.67549, 33.81817], [129.67492, 33.81923], [129.67763, 33.81862], [129.67771, 33.81587], [129.6813, 33.81288], [129.68124, 33.80927], [129.68387, 33.81151], [129.68307, 33.81085], [129.68636, 33.80731], [129.6886, 33.80699], [129.6887, 33.80547], [129.68626, 33.80687], [129.6829, 33.80482], [129.68087, 33.80675], [129.68068, 33.80531], [129.67746, 33.8052], [129.67702, 33.80285], [129.67307, 33.79983], [129.67688, 33.79814], [129.67571, 33.79691], [129.67105, 33.79942], [129.67129, 33.80522], [129.66847, 33.80518], [129.66823, 33.80253], [129.66673, 33.80339], [129.66827, 33.80455], [129.66734, 33.8087], [129.66552, 33.80801], [129.66599, 33.81054], [129.66313, 33.81091], [129.66205, 33.80832], [129.66208, 33.81317], [129.65817, 33.81209], [129.65682, 33.81345], [129.65881, 33.81414], [129.65699, 33.81445], [129.64965, 33.80684], [129.66734, 33.80062], [129.66477, 33.79839], [129.65664, 33.79877], [129.65612, 33.79776], [129.65794, 33.79748], [129.65697, 33.79622], [129.65363, 33.79969], [129.65036, 33.7999], [129.6608, 33.79017], [129.66129, 33.78808], [129.65557, 33.78923], [129.65564, 33.78091], [129.65927, 33.77621], [129.66325, 33.77739], [129.67326, 33.77568], [129.67791, 33.7778], [129.67738, 33.77395], [129.67398, 33.77351], [129.67522, 33.77196], [129.68015, 33.77198], [129.68042, 33.77037], [129.6777, 33.77114], [129.67944, 33.76933], [129.67594, 33.76928], [129.67938, 33.76856], [129.67833, 33.76695], [129.68048, 33.76868], [129.68212, 33.76814], [129.67923, 33.7647], [129.68181, 33.76452], [129.68192, 33.76095], [129.68515, 33.76102], [129.68609, 33.75962], [129.68443, 33.76006], [129.68181, 33.75773], [129.67933, 33.76082], [129.67993, 33.76241], [129.67578, 33.76588], [129.67372, 33.76512], [129.67562, 33.76629], [129.67002, 33.76919], [129.67035, 33.766], [129.66619, 33.76773], [129.6641, 33.76543], [129.66485, 33.76889], [129.6628, 33.76844], [129.66306, 33.77041], [129.66182, 33.76942], [129.66018, 33.77197], [129.65896, 33.77125], [129.65999, 33.76972], [129.6582, 33.76993], [129.66008, 33.76745], [129.65446, 33.7687], [129.65644, 33.7714], [129.65113, 33.77174], [129.65128, 33.77397], [129.64581, 33.77344], [129.64245, 33.76735], [129.64804, 33.76929], [129.64427, 33.76626], [129.6447, 33.76469], [129.64974, 33.76617], [129.64659, 33.76399], [129.6471, 33.76239], [129.65432, 33.76226], [129.65433, 33.76013], [129.6499, 33.76001], [129.65151, 33.75865], [129.65053, 33.75578], [129.64624, 33.75162], [129.64854, 33.75211], [129.64759, 33.75052], [129.6496, 33.74925], [129.64856, 33.75048], [129.65053, 33.7503], [129.65368, 33.74702], [129.65341, 33.73816], [129.65525, 33.73999], [129.6557, 33.73814], [129.65745, 33.73796], [129.65711, 33.74679], [129.65899, 33.7453], [129.65989, 33.74726], [129.66458, 33.74678], [129.66151, 33.74949], [129.66467, 33.74772], [129.66835, 33.74862], [129.66585, 33.74983], [129.66689, 33.75097], [129.66393, 33.75051], [129.66563, 33.75228], [129.66663, 33.75132], [129.66908, 33.75483], [129.66761, 33.75754], [129.67397, 33.75902], [129.67208, 33.75795], [129.67135, 33.75414], [129.67545, 33.75344], [129.67744, 33.74884], [129.68034, 33.74807], [129.67719, 33.74685], [129.68116, 33.74444], [129.67956, 33.74562], [129.68155, 33.74782], [129.68129, 33.74622], [129.68365, 33.74606], [129.68165, 33.74469], [129.68322, 33.74239], [129.68524, 33.74431], [129.68387, 33.74236], [129.68905, 33.74224], [129.68295, 33.7407], [129.68583, 33.73852], [129.68066, 33.73578], [129.67847, 33.73762], [129.67843, 33.73573], [129.68217, 33.73392], [129.67951, 33.73296], [129.67684, 33.72745], [129.68423, 33.72671], [129.68373, 33.72371], [129.68961, 33.72107], [129.69176, 33.7243], [129.69474, 33.72409], [129.69428, 33.72642], [129.69555, 33.72691], [129.69741, 33.72481], [129.69613, 33.72185], [129.69272, 33.72048], [129.69402, 33.71843], [129.69198, 33.71855], [129.69195, 33.72019], [129.68791, 33.71801], [129.6885, 33.71663], [129.69342, 33.71567], [129.69156, 33.71213], [129.69632, 33.71337], [129.69618, 33.71025], [129.69806, 33.70954], [129.69983, 33.71174], [129.70905, 33.71057], [129.71443, 33.70779], [129.71617, 33.70387], [129.7183, 33.70634], [129.71641, 33.70689], [129.71731, 33.71129], [129.71889, 33.71118], [129.71713, 33.70815], [129.71815, 33.70762], [129.71918, 33.71005], [129.72303, 33.71097], [129.71956, 33.71189], [129.71826, 33.71624], [129.72665, 33.7214], [129.72785, 33.72594], [129.73423, 33.72795], [129.7322, 33.73362], [129.73521, 33.73586], [129.73363, 33.73551], [129.7333, 33.73726], [129.73487, 33.7382], [129.73256, 33.73758], [129.73444, 33.73928], [129.73833, 33.7377], [129.73609, 33.73553], [129.73859, 33.73812], [129.74933, 33.74084], [129.75111, 33.74016], [129.75095, 33.73813], [129.75119, 33.7394], [129.75355, 33.73878], [129.75459, 33.7396], [129.75304, 33.7402], [129.7537, 33.74384], [129.7567, 33.74337], [129.75576, 33.74061], [129.7573, 33.74343], [129.75857, 33.74126], [129.76135, 33.74231], [129.75942, 33.73983], [129.7643, 33.73771], [129.76474, 33.73958], [129.76894, 33.74056], [129.77316, 33.73939], [129.77462, 33.74078], [129.77984, 33.74032], [129.7791, 33.74155], [129.78168, 33.74317], [129.78839, 33.74175], [129.78616, 33.74413], [129.78759, 33.74717], [129.78973, 33.7467], [129.7869, 33.74827], [129.78741, 33.75095], [129.78872, 33.75029], [129.78741, 33.75161], [129.78774, 33.7549], [129.79127, 33.75669], [129.79295, 33.75632], [129.79236, 33.75498], [129.79337, 33.75676], [129.79454, 33.75611], [129.79233, 33.75445], [129.79762, 33.75378], [129.79596, 33.75696], [129.79878, 33.76158], [129.7979, 33.76308], [129.7904, 33.76289], [129.78688, 33.7691], [129.77689, 33.77415], [129.77757, 33.77162], [129.77553, 33.77251], [129.7767, 33.7734], [129.77296, 33.77365], [129.77204, 33.7684], [129.76559, 33.76723], [129.76144, 33.77362], [129.758, 33.77412], [129.75772, 33.77555], [129.75999, 33.7774], [129.75879, 33.77885], [129.76387, 33.78203], [129.76373, 33.78434], [129.76994, 33.78383], [129.77159, 33.78565], [129.77316, 33.78389], [129.77168, 33.78569], [129.77274, 33.78621], [129.77375, 33.78412], [129.77815, 33.78577], [129.7796, 33.78385], [129.78148, 33.7844], [129.78068, 33.78352], [129.78274, 33.78559], [129.78609, 33.78565], [129.78833, 33.78486], [129.78742, 33.78191], [129.78932, 33.78211], [129.78747, 33.78194], [129.78774, 33.78372], [129.79348, 33.78344], [129.79339, 33.7818], [129.79014, 33.78223], [129.79598, 33.77942], [129.79791, 33.78145], [129.79964, 33.78842], [129.78634, 33.78757], [129.78179, 33.7901], [129.77822, 33.7947], [129.77843, 33.79662], [129.77573, 33.79677], [129.77763, 33.79525], [129.7759, 33.79449], [129.77562, 33.79594], [129.77333, 33.79507], [129.76775, 33.79742], [129.76009, 33.8066], [129.75725, 33.8053], [129.76009, 33.80494], [129.75747, 33.80264], [129.75455, 33.80729], [129.74864, 33.80665], [129.74866, 33.80876], [129.75325, 33.80824], [129.75341, 33.80999], [129.75849, 33.8122], [129.75736, 33.81527], [129.75909, 33.8125], [129.75695, 33.80995], [129.75961, 33.80985], [129.7593, 33.80823], [129.76506, 33.81255], [129.76129, 33.81377], [129.76015, 33.81608], [129.76246, 33.81656], [129.76102, 33.81674], [129.76248, 33.81811], [129.76168, 33.81898], [129.76335, 33.81653], [129.76456, 33.82067], [129.76339, 33.82188], [129.76486, 33.8223], [129.76376, 33.82541], [129.76611, 33.82687], [129.76532, 33.82815], [129.76776, 33.82497], [129.76627, 33.82871], [129.76716, 33.82968], [129.76479, 33.83252], [129.76647, 33.83293], [129.76485, 33.83277], [129.76489, 33.83411], [129.76679, 33.8345], [129.76733, 33.83264], [129.76691, 33.83541], [129.76868, 33.83796], [129.76762, 33.83832], [129.76965, 33.8372], [129.76909, 33.83855], [129.77311, 33.8422], [129.76826, 33.8467], [129.76359, 33.8445], [129.75324, 33.84765], [129.74305, 33.84737], [129.72519, 33.85007], [129.71957, 33.85666], [129.71141, 33.85503], [129.70844, 33.85663], [129.70672, 33.86057], [129.7103, 33.86251], [129.70435, 33.86342], [129.70243, 33.86272], [129.7029, 33.86112]], [[129.64335, 33.73991], [129.64441, 33.74249], [129.64267, 33.74333], [129.64104, 33.74124], [129.63775, 33.74133], [129.6389, 33.74369], [129.63745, 33.74536], [129.63572, 33.74495], [129.63632, 33.74244], [129.63303, 33.74214], [129.6293, 33.74413], [129.62792, 33.74173], [129.6303, 33.73642], [129.62886, 33.73212], [129.63716, 33.73414], [129.63833, 33.73629], [129.63981, 33.73568], [129.64009, 33.73981], [129.64352, 33.73727], [129.64335, 33.73991]], [[129.69089, 33.8684], [129.68972, 33.87087], [129.68295, 33.87059], [129.68262, 33.86787], [129.68446, 33.86697], [129.68302, 33.86505], [129.68375, 33.86224], [129.69062, 33.86182], [129.68866, 33.86647], [129.69089, 33.8684]], [[129.86091, 33.60959], [129.8588, 33.60934], [129.86327, 33.61104], [129.86363, 33.6131], [129.8624, 33.6133], [129.86476, 33.61467], [129.86453, 33.61741], [129.86262, 33.61759], [129.86245, 33.61909], [129.86162, 33.61709], [129.85595, 33.61673], [129.85971, 33.61282], [129.85467, 33.61011], [129.85242, 33.60701], [129.85334, 33.60412], [129.85101, 33.60362], [129.85081, 33.60147], [129.85195, 33.59939], [129.84888, 33.60057], [129.84818, 33.59932], [129.8518, 33.59498], [129.8586, 33.59218], [129.85753, 33.58801], [129.85875, 33.58889], [129.86214, 33.58717], [129.86496, 33.5883], [129.86595, 33.59052], [129.86479, 33.59171], [129.86838, 33.59627], [129.8615, 33.59746], [129.85949, 33.60338], [129.86328, 33.60864], [129.86091, 33.60959]], [[134.78833, 34.19947], [134.80044, 34.19999], [134.80217, 34.20315], [134.81473, 34.2077], [134.82907, 34.21963], [134.82942, 34.22167], [134.84607, 34.23078], [134.88489, 34.24418], [134.89859, 34.25205], [134.92311, 34.2576], [134.95242, 34.26779], [134.95518, 34.27702], [134.954, 34.27712], [134.95387, 34.27407], [134.94922, 34.27374], [134.94731, 34.28316], [134.9496, 34.28677], [134.94813, 34.28676], [134.94888, 34.2898], [134.94825, 34.28756], [134.94494, 34.29426], [134.94276, 34.29352], [134.94236, 34.2947], [134.94345, 34.29361], [134.94484, 34.2949], [134.94335, 34.2991], [134.92888, 34.30502], [134.91987, 34.31278], [134.91683, 34.32741], [134.91455, 34.32689], [134.91475, 34.32978], [134.91256, 34.33093], [134.91399, 34.33122], [134.91275, 34.33134], [134.91509, 34.33612], [134.91422, 34.33794], [134.9108, 34.3411], [134.90401, 34.34087], [134.90112, 34.34392], [134.9034, 34.34702], [134.90044, 34.34422], [134.89905, 34.34579], [134.9017, 34.34671], [134.89718, 34.34673], [134.90122, 34.34995], [134.89633, 34.34831], [134.89698, 34.35034], [134.8951, 34.35126], [134.89524, 34.35332], [134.89369, 34.35218], [134.89504, 34.35452], [134.89681, 34.35453], [134.89618, 34.3524], [134.89691, 34.35331], [134.89691, 34.35457], [134.8945, 34.35491], [134.8959, 34.35662], [134.89554, 34.36523], [134.89799, 34.36751], [134.89709, 34.37335], [134.89835, 34.37454], [134.89621, 34.37787], [134.89706, 34.38203], [134.89536, 34.39221], [134.89428, 34.39238], [134.8954, 34.39252], [134.8949, 34.39964], [134.89897, 34.4091], [134.89569, 34.41296], [134.89541, 34.41941], [134.90057, 34.42778], [134.90432, 34.42912], [134.90482, 34.43162], [134.90644, 34.43159], [134.90558, 34.43245], [134.91052, 34.43518], [134.91056, 34.43839], [134.91362, 34.44237], [134.91795, 34.44628], [134.92043, 34.44656], [134.91928, 34.4472], [134.92101, 34.44852], [134.92252, 34.44749], [134.92041, 34.44589], [134.92239, 34.44718], [134.92126, 34.44926], [134.92719, 34.45494], [134.93636, 34.46067], [134.93646, 34.45946], [134.94238, 34.46474], [134.94518, 34.47139], [134.95866, 34.48894], [134.97348, 34.49746], [134.97955, 34.50348], [134.98224, 34.50924], [134.98655, 34.51146], [134.98603, 34.51265], [134.98919, 34.51532], [134.9937, 34.52367], [134.99424, 34.54068], [134.99609, 34.54124], [134.99415, 34.54128], [134.99399, 34.54268], [134.99547, 34.54542], [135.002, 34.54955], [134.99827, 34.55013], [134.99896, 34.5518], [135.00182, 34.5505], [135.0059, 34.55521], [135.01371, 34.56005], [135.0247, 34.57409], [135.02582, 34.57624], [135.025, 34.58109], [135.02351, 34.58112], [135.02284, 34.58434], [135.02384, 34.58888], [135.0225, 34.59012], [135.02252, 34.588], [135.02125, 34.59099], [135.01756, 34.59001], [135.01387, 34.59622], [135.01398, 34.59369], [135.01234, 34.59562], [135.00947, 34.60087], [135.01093, 34.60134], [135.0038, 34.60864], [134.9921, 34.60699], [134.98357, 34.60334], [134.98207, 34.60079], [134.97577, 34.59774], [134.96626, 34.58659], [134.95998, 34.5754], [134.94713, 34.56082], [134.94064, 34.55694], [134.93529, 34.54945], [134.93312, 34.55019], [134.93409, 34.54947], [134.92978, 34.54674], [134.92881, 34.54846], [134.93253, 34.5511], [134.92219, 34.5467], [134.91364, 34.53629], [134.90794, 34.53364], [134.90662, 34.53371], [134.90841, 34.53513], [134.90766, 34.53591], [134.90647, 34.53383], [134.89813, 34.5291], [134.89577, 34.52895], [134.8956, 34.53053], [134.88964, 34.52919], [134.89147, 34.53041], [134.88774, 34.53031], [134.89324, 34.53216], [134.8876, 34.53139], [134.88708, 34.529], [134.88265, 34.52481], [134.87867, 34.52457], [134.87532, 34.51812], [134.87789, 34.52537], [134.87392, 34.51553], [134.869, 34.51346], [134.85961, 34.49677], [134.85716, 34.49673], [134.85779, 34.495], [134.85153, 34.48363], [134.84696, 34.47683], [134.84411, 34.47757], [134.84648, 34.47646], [134.84352, 34.47575], [134.84481, 34.47521], [134.84315, 34.47315], [134.84144, 34.47355], [134.8425, 34.4726], [134.84154, 34.47142], [134.83981, 34.47169], [134.83994, 34.47001], [134.83765, 34.46852], [134.83699, 34.46944], [134.8359, 34.46672], [134.83339, 34.46612], [134.83122, 34.46624], [134.83022, 34.46949], [134.83083, 34.46753], [134.82894, 34.46846], [134.82759, 34.46576], [134.82628, 34.46646], [134.82803, 34.46818], [134.82343, 34.46691], [134.81869, 34.46942], [134.8153, 34.46196], [134.81074, 34.4602], [134.80293, 34.44945], [134.79785, 34.44909], [134.79073, 34.43047], [134.78768, 34.42792], [134.78266, 34.41501], [134.78079, 34.41616], [134.78127, 34.41458], [134.7785, 34.41333], [134.77979, 34.41604], [134.77847, 34.41468], [134.77585, 34.41646], [134.77724, 34.41891], [134.77532, 34.41573], [134.7756, 34.41141], [134.76534, 34.38918], [134.76066, 34.38468], [134.75486, 34.38552], [134.75128, 34.37774], [134.75257, 34.37733], [134.75011, 34.37662], [134.75054, 34.3751], [134.74892, 34.37553], [134.74938, 34.37705], [134.74708, 34.37226], [134.7488, 34.37517], [134.75048, 34.37411], [134.74954, 34.37179], [134.74825, 34.37305], [134.7484, 34.36898], [134.74198, 34.35748], [134.74184, 34.35424], [134.73204, 34.33628], [134.72963, 34.33317], [134.72766, 34.33305], [134.73058, 34.33141], [134.72523, 34.33268], [134.73013, 34.32996], [134.72676, 34.32831], [134.72794, 34.33092], [134.72612, 34.33023], [134.72598, 34.33154], [134.72331, 34.32848], [134.72308, 34.33074], [134.72223, 34.33011], [134.7241, 34.33331], [134.72221, 34.33016], [134.71728, 34.32791], [134.71937, 34.32547], [134.71182, 34.32169], [134.70666, 34.32108], [134.70123, 34.32509], [134.69355, 34.32445], [134.68985, 34.32895], [134.69161, 34.32959], [134.68732, 34.33111], [134.68609, 34.32979], [134.68674, 34.32681], [134.68205, 34.32032], [134.67764, 34.31773], [134.67397, 34.31756], [134.66215, 34.2969], [134.65842, 34.29459], [134.65674, 34.29592], [134.65431, 34.29351], [134.65642, 34.29164], [134.65788, 34.2917], [134.65699, 34.29374], [134.65935, 34.29355], [134.66003, 34.29271], [134.65828, 34.29239], [134.66299, 34.28853], [134.65942, 34.27237], [134.66298, 34.27086], [134.66836, 34.27212], [134.66967, 34.27004], [134.66781, 34.2711], [134.66803, 34.2699], [134.67093, 34.27012], [134.66837, 34.26877], [134.67165, 34.26843], [134.67303, 34.26506], [134.67232, 34.25969], [134.67601, 34.25582], [134.67209, 34.25006], [134.65939, 34.24293], [134.65816, 34.24066], [134.66779, 34.24634], [134.67227, 34.24672], [134.67404, 34.2447], [134.68104, 34.24836], [134.68579, 34.24696], [134.69506, 34.24774], [134.69992, 34.24454], [134.70136, 34.2414], [134.70706, 34.24449], [134.70715, 34.24702], [134.70305, 34.24768], [134.7059, 34.2484], [134.7077, 34.25215], [134.71178, 34.25246], [134.71077, 34.25311], [134.71279, 34.25439], [134.71291, 34.25299], [134.71434, 34.25365], [134.71338, 34.2547], [134.71626, 34.25536], [134.7148, 34.25393], [134.71632, 34.25431], [134.71807, 34.25675], [134.71848, 34.2553], [134.7227, 34.25546], [134.72011, 34.25254], [134.72178, 34.25034], [134.72053, 34.24548], [134.72174, 34.2415], [134.72038, 34.24061], [134.72022, 34.24173], [134.71994, 34.24025], [134.71967, 34.24231], [134.71773, 34.2432], [134.71566, 34.24183], [134.71509, 34.24325], [134.71474, 34.24036], [134.71074, 34.24018], [134.70625, 34.23115], [134.70312, 34.22909], [134.70139, 34.23041], [134.70308, 34.22906], [134.69977, 34.2222], [134.70176, 34.21867], [134.70093, 34.21704], [134.71751, 34.2154], [134.72258, 34.21269], [134.7209, 34.21094], [134.72258, 34.21196], [134.73031, 34.20712], [134.72925, 34.2058], [134.73249, 34.19884], [134.72919, 34.18913], [134.73412, 34.18874], [134.74615, 34.19134], [134.74393, 34.19184], [134.74591, 34.19277], [134.75507, 34.19434], [134.76662, 34.19885], [134.77677, 34.20053], [134.78833, 34.19947]], [[135.01594, 34.28803], [135.01259, 34.28382], [135.00369, 34.28475], [134.99897, 34.28], [135.00102, 34.27857], [135.00261, 34.27934], [135.00449, 34.27677], [135.007, 34.27751], [135.01081, 34.27582], [135.01191, 34.27954], [135.0167, 34.28067], [135.01791, 34.28473], [135.02026, 34.28606], [135.02055, 34.29131], [135.02357, 34.29262], [135.0199, 34.29298], [135.01594, 34.28803]], [[134.58825, 34.66947], [134.58513, 34.67106], [134.58449, 34.66927], [134.58263, 34.66938], [134.58288, 34.67082], [134.58018, 34.6712], [134.57853, 34.6748], [134.57667, 34.67431], [134.57462, 34.67702], [134.57356, 34.67602], [134.57148, 34.67737], [134.56912, 34.67561], [134.56998, 34.67237], [134.56165, 34.66897], [134.56309, 34.66772], [134.56194, 34.66752], [134.56312, 34.66483], [134.56203, 34.66396], [134.56717, 34.66001], [134.571, 34.65237], [134.57601, 34.65089], [134.57788, 34.65212], [134.57813, 34.65591], [134.58079, 34.65663], [134.58482, 34.65511], [134.58536, 34.65771], [134.591, 34.6616], [134.59106, 34.66723], [134.58825, 34.66947]], [[136.85928, 34.26482], [136.85844, 34.26664], [136.85496, 34.26633], [136.8516, 34.2686], [136.85041, 34.26795], [136.85205, 34.26568], [136.84916, 34.26674], [136.84987, 34.26273], [136.8483, 34.26276], [136.84746, 34.26775], [136.85121, 34.27145], [136.85171, 34.27342], [136.85029, 34.27362], [136.84766, 34.27032], [136.85005, 34.27064], [136.84476, 34.26898], [136.84474, 34.26693], [136.84285, 34.2674], [136.84481, 34.26595], [136.8417, 34.26647], [136.84141, 34.26309], [136.83995, 34.26523], [136.8399, 34.26296], [136.83785, 34.26273], [136.83894, 34.2616], [136.83694, 34.26239], [136.83779, 34.26035], [136.83588, 34.26113], [136.83516, 34.25872], [136.83326, 34.26081], [136.83685, 34.26422], [136.83604, 34.26572], [136.83539, 34.26395], [136.83373, 34.26422], [136.83562, 34.26685], [136.83261, 34.26533], [136.82976, 34.26652], [136.82939, 34.26471], [136.83139, 34.26356], [136.82964, 34.26263], [136.83081, 34.26075], [136.82984, 34.26], [136.83146, 34.2593], [136.83029, 34.25876], [136.82804, 34.25948], [136.82858, 34.26392], [136.82515, 34.26436], [136.8284, 34.26496], [136.82772, 34.26711], [136.82997, 34.26891], [136.8292, 34.27138], [136.82769, 34.26885], [136.82593, 34.2692], [136.82804, 34.27139], [136.8273, 34.27224], [136.8255, 34.27029], [136.82337, 34.27184], [136.82161, 34.2695], [136.82143, 34.27133], [136.82316, 34.27246], [136.81784, 34.27386], [136.81767, 34.27136], [136.8203, 34.27189], [136.81756, 34.26848], [136.81914, 34.26748], [136.81629, 34.26705], [136.81742, 34.26455], [136.813, 34.26445], [136.8119, 34.2631], [136.81207, 34.26441], [136.8094, 34.26545], [136.81417, 34.26597], [136.81089, 34.26781], [136.81387, 34.26848], [136.81124, 34.26931], [136.81367, 34.27056], [136.81369, 34.27219], [136.80996, 34.27379], [136.8116, 34.27226], [136.81037, 34.27141], [136.80485, 34.27309], [136.80344, 34.27009], [136.8045, 34.27176], [136.8017, 34.27508], [136.79916, 34.27454], [136.79847, 34.27618], [136.79595, 34.277], [136.7951, 34.27591], [136.79281, 34.27803], [136.79265, 34.27304], [136.79489, 34.27225], [136.79361, 34.27018], [136.79131, 34.27509], [136.78821, 34.27518], [136.79053, 34.27547], [136.79128, 34.2772], [136.78492, 34.27879], [136.78401, 34.2764], [136.78287, 34.27717], [136.77756, 34.2746], [136.77689, 34.27567], [136.77981, 34.27664], [136.77841, 34.27815], [136.77389, 34.27677], [136.77112, 34.27897], [136.76845, 34.27733], [136.76664, 34.27845], [136.76319, 34.27685], [136.76093, 34.2731], [136.75322, 34.27302], [136.74981, 34.26993], [136.75866, 34.26968], [136.76144, 34.26824], [136.7648, 34.26428], [136.76527, 34.25991], [136.76868, 34.26111], [136.76942, 34.25946], [136.77484, 34.25824], [136.77611, 34.26098], [136.78192, 34.26083], [136.78367, 34.25908], [136.78231, 34.25833], [136.78581, 34.25827], [136.78863, 34.25628], [136.79143, 34.25758], [136.79299, 34.25513], [136.796, 34.25691], [136.79709, 34.25485], [136.80149, 34.25498], [136.80198, 34.25271], [136.80234, 34.25408], [136.80703, 34.25514], [136.8074, 34.25288], [136.81925, 34.25071], [136.84078, 34.25228], [136.8434, 34.25163], [136.84761, 34.24674], [136.84889, 34.25819], [136.85462, 34.26219], [136.86119, 34.26205], [136.85928, 34.26482]], [[139.65131, 35.46756], [139.65599, 35.46355], [139.65229, 35.46697], [139.65597, 35.47022], [139.6504, 35.47445], [139.64571, 35.47471], [139.64184, 35.47186], [139.64365, 35.4699], [139.64215, 35.46835], [139.64528, 35.46942], [139.65298, 35.46358], [139.65411, 35.46457], [139.65131, 35.46756]], [[139.97144, 35.67072], [139.97944, 35.66983], [139.97872, 35.67324], [139.97168, 35.67439], [139.97123, 35.67707], [139.97825, 35.67592], [139.97764, 35.6795], [139.97115, 35.68058], [139.96744, 35.67896], [139.96326, 35.68078], [139.96053, 35.67895], [139.9609, 35.67588], [139.95802, 35.66998], [139.95869, 35.67183], [139.96807, 35.6711], [139.97127, 35.67037], [139.97064, 35.66789], [139.97625, 35.66704], [139.97075, 35.66799], [139.97144, 35.67072]], [[140.11046, 35.57268], [140.1095, 35.57663], [140.10512, 35.57764], [140.10297, 35.58739], [140.0816, 35.5883], [140.08612, 35.56946], [140.11175, 35.57044], [140.11046, 35.57268]], [[139.69379, 35.45958], [139.68843, 35.457], [139.6847, 35.45885], [139.6949, 35.46375], [139.69449, 35.46917], [139.69242, 35.47203], [139.67058, 35.46449], [139.6726, 35.46522], [139.67399, 35.46221], [139.67312, 35.46061], [139.67015, 35.4631], [139.67759, 35.45797], [139.69549, 35.44981], [139.69374, 35.44785], [139.70053, 35.45443], [139.7072, 35.45667], [139.70226, 35.45512], [139.69807, 35.46164], [139.69379, 35.45958]], [[139.66493, 35.43609], [139.66611, 35.43517], [139.66922, 35.43918], [139.66856, 35.44022], [139.67433, 35.44971], [139.67038, 35.45132], [139.66412, 35.4428], [139.66321, 35.44358], [139.66029, 35.44125], [139.6576, 35.44353], [139.65597, 35.44245], [139.66493, 35.43609]], [[139.64204, 35.33697], [139.64332, 35.33433], [139.64579, 35.33433], [139.6462, 35.3367], [139.64914, 35.33672], [139.64969, 35.33541], [139.64773, 35.33864], [139.64297, 35.33848], [139.64204, 35.33697]], [[139.63229, 35.32611], [139.63362, 35.32309], [139.63919, 35.32895], [139.6381, 35.32702], [139.63296, 35.33072], [139.62955, 35.32878], [139.63229, 35.32611]], [[139.86495, 35.63681], [139.86101, 35.63704], [139.85791, 35.63428], [139.86118, 35.63694], [139.86312, 35.63504], [139.86451, 35.63674], [139.86732, 35.63463], [139.86606, 35.63268], [139.86757, 35.63503], [139.86495, 35.63681]], [[134.5247, 34.66606], [134.52654, 34.66667], [134.52598, 34.66494], [134.534, 34.66167], [134.5359, 34.65844], [134.54197, 34.65824], [134.54597, 34.66256], [134.54295, 34.67004], [134.54545, 34.67305], [134.54454, 34.67591], [134.54591, 34.67983], [134.54086, 34.67741], [134.53566, 34.67951], [134.53611, 34.67831], [134.5333, 34.67712], [134.53385, 34.67585], [134.53137, 34.67275], [134.53245, 34.67639], [134.5279, 34.67704], [134.52788, 34.67963], [134.52919, 34.6815], [134.53032, 34.67973], [134.53411, 34.67985], [134.53407, 34.68286], [134.53763, 34.68463], [134.53559, 34.68655], [134.53228, 34.68355], [134.52971, 34.68574], [134.52594, 34.68447], [134.52326, 34.68092], [134.51634, 34.68158], [134.5137, 34.67949], [134.51158, 34.67995], [134.51125, 34.67818], [134.50809, 34.67726], [134.51393, 34.67476], [134.51252, 34.67186], [134.51352, 34.67078], [134.51612, 34.67036], [134.51745, 34.66816], [134.52271, 34.66783], [134.5236, 34.66555], [134.52245, 34.6646], [134.5247, 34.66606]], [[134.51873, 34.65318], [134.51886, 34.65466], [134.51561, 34.65691], [134.51582, 34.65946], [134.51359, 34.65883], [134.51335, 34.65561], [134.51121, 34.65408], [134.51337, 34.65552], [134.51395, 34.65428], [134.50938, 34.65166], [134.50779, 34.65273], [134.50889, 34.65336], [134.50469, 34.65063], [134.50365, 34.65131], [134.50239, 34.6486], [134.50405, 34.64772], [134.5012, 34.6464], [134.5009, 34.64355], [134.50778, 34.64061], [134.50767, 34.63923], [134.51187, 34.63879], [134.51566, 34.63545], [134.51523, 34.63869], [134.51876, 34.64108], [134.51451, 34.64218], [134.51782, 34.64446], [134.51167, 34.64368], [134.51292, 34.64765], [134.50971, 34.64782], [134.51002, 34.649], [134.51412, 34.64837], [134.51274, 34.65012], [134.51362, 34.65094], [134.51526, 34.64816], [134.51555, 34.65011], [134.51824, 34.65021], [134.51832, 34.64895], [134.51873, 34.65318]], [[134.48646, 34.66168], [134.48185, 34.65835], [134.48003, 34.6594], [134.48081, 34.66242], [134.47842, 34.66384], [134.4744, 34.65812], [134.47276, 34.66124], [134.4713, 34.66012], [134.46691, 34.66204], [134.47029, 34.66687], [134.46592, 34.66578], [134.46292, 34.66303], [134.46492, 34.65673], [134.46116, 34.65869], [134.46033, 34.65609], [134.46183, 34.65355], [134.46018, 34.65049], [134.46162, 34.64681], [134.45851, 34.64528], [134.46765, 34.64036], [134.47381, 34.64611], [134.48114, 34.64995], [134.48267, 34.64908], [134.48273, 34.64637], [134.48845, 34.64952], [134.49073, 34.64785], [134.48412, 34.64116], [134.48985, 34.64178], [134.49283, 34.64519], [134.50006, 34.64404], [134.50091, 34.6466], [134.49839, 34.64822], [134.4982, 34.65275], [134.49354, 34.65278], [134.49541, 34.65587], [134.49514, 34.65937], [134.49016, 34.65841], [134.49061, 34.66111], [134.496, 34.668], [134.49183, 34.66771], [134.49301, 34.66981], [134.49044, 34.66912], [134.48731, 34.67193], [134.48416, 34.67136], [134.48617, 34.66954], [134.48495, 34.66779], [134.48708, 34.66439], [134.48646, 34.66168]], [[134.58842, 34.23265], [134.58774, 34.23072], [134.58958, 34.22735], [134.5937, 34.22628], [134.59366, 34.22295], [134.59043, 34.22233], [134.59126, 34.21824], [134.58967, 34.21754], [134.59145, 34.21402], [134.59366, 34.2169], [134.59704, 34.2181], [134.59712, 34.22127], [134.59951, 34.21993], [134.59952, 34.22524], [134.6088, 34.23353], [134.6104, 34.23354], [134.60892, 34.22912], [134.61101, 34.22971], [134.61262, 34.23263], [134.61442, 34.23154], [134.6171, 34.23287], [134.61682, 34.23567], [134.61895, 34.23756], [134.61586, 34.23815], [134.61488, 34.24076], [134.61795, 34.24374], [134.61591, 34.24833], [134.61421, 34.25035], [134.60558, 34.25188], [134.60004, 34.24577], [134.59328, 34.24251], [134.5917, 34.23653], [134.58842, 34.23265]], [[134.8193, 34.16752], [134.81669, 34.16759], [134.8164, 34.16885], [134.81183, 34.16625], [134.81163, 34.15667], [134.82277, 34.15713], [134.8236, 34.15951], [134.83042, 34.16439], [134.83074, 34.17218], [134.82653, 34.17441], [134.8257, 34.17775], [134.82158, 34.17966], [134.81957, 34.17889], [134.81879, 34.1762], [134.82217, 34.17076], [134.8184, 34.17123], [134.82019, 34.16976], [134.8193, 34.16752]], [[134.61689, 34.23219], [134.61584, 34.23048], [134.61809, 34.22912], [134.61497, 34.22789], [134.61338, 34.22305], [134.61511, 34.21903], [134.61745, 34.21834], [134.61796, 34.21966], [134.62092, 34.21748], [134.62299, 34.21911], [134.62458, 34.21829], [134.62158, 34.21055], [134.61747, 34.21129], [134.61276, 34.20593], [134.60691, 34.20635], [134.60415, 34.20821], [134.60709, 34.20991], [134.60709, 34.21152], [134.61081, 34.21084], [134.60784, 34.20931], [134.60957, 34.2083], [134.61524, 34.21037], [134.61524, 34.21436], [134.61052, 34.21591], [134.60048, 34.21074], [134.60102, 34.20915], [134.59873, 34.21159], [134.59246, 34.2107], [134.59061, 34.21187], [134.58772, 34.20731], [134.59038, 34.2021], [134.59791, 34.19853], [134.5977, 34.19738], [134.59809, 34.19867], [134.60192, 34.19745], [134.60288, 34.19861], [134.61033, 34.19459], [134.61517, 34.19433], [134.61986, 34.19089], [134.62292, 34.18545], [134.6258, 34.18734], [134.62589, 34.20253], [134.62992, 34.21294], [134.63264, 34.21615], [134.6306, 34.21418], [134.63094, 34.21713], [134.63781, 34.22435], [134.63685, 34.22833], [134.64331, 34.23577], [134.644, 34.23908], [134.63723, 34.23691], [134.63564, 34.23444], [134.63704, 34.23424], [134.63748, 34.236], [134.63848, 34.23404], [134.63497, 34.23266], [134.62957, 34.23132], [134.62443, 34.23284], [134.62456, 34.23094], [134.61959, 34.23074], [134.61689, 34.23219]], [[134.01301, 34.4422], [134.00419, 34.44077], [134.00433, 34.43813], [134.00707, 34.43558], [134.01011, 34.43587], [134.01441, 34.44016], [134.01476, 34.4419], [134.01301, 34.4422]], [[134.10792, 34.41359], [134.10521, 34.41481], [134.10359, 34.41323], [134.10599, 34.40706], [134.10473, 34.40457], [134.10153, 34.4047], [134.0992, 34.40143], [134.10059, 34.40032], [134.10778, 34.40134], [134.11183, 34.4048], [134.10701, 34.41048], [134.10792, 34.41359]], [[134.05379, 34.40927], [134.05091, 34.40829], [134.04982, 34.40365], [134.03731, 34.38694], [134.03558, 34.38326], [134.03791, 34.37939], [134.04258, 34.38104], [134.04766, 34.38851], [134.05044, 34.38843], [134.04875, 34.38955], [134.052, 34.38963], [134.0512, 34.38844], [134.05307, 34.38821], [134.05234, 34.38918], [134.05465, 34.3897], [134.05381, 34.39077], [134.05605, 34.39264], [134.05705, 34.39826], [134.05555, 34.40407], [134.05666, 34.40736], [134.05379, 34.40927]], [[134.10344, 34.56648], [134.10022, 34.56694], [134.09922, 34.56353], [134.09764, 34.56433], [134.09524, 34.56245], [134.09697, 34.55948], [134.09873, 34.56144], [134.10072, 34.5603], [134.10232, 34.56153], [134.10345, 34.5598], [134.10652, 34.56076], [134.10535, 34.5677], [134.10417, 34.56772], [134.10438, 34.56526], [134.10344, 34.56648]], [[134.05514, 34.41628], [134.05798, 34.41954], [134.05724, 34.41773], [134.06497, 34.42212], [134.06588, 34.42875], [134.06309, 34.43335], [134.06082, 34.43379], [134.05766, 34.43177], [134.05298, 34.42283], [134.05309, 34.42006], [134.05303, 34.42274], [134.05477, 34.42086], [134.05369, 34.41755], [134.05514, 34.41628]], [[133.96849, 34.46278], [133.97401, 34.45821], [133.97332, 34.45611], [133.97534, 34.45628], [133.97524, 34.45328], [133.97318, 34.45303], [133.97628, 34.44902], [133.97861, 34.45031], [133.98044, 34.44708], [133.98754, 34.44664], [133.99116, 34.44229], [133.99331, 34.44656], [133.99806, 34.44569], [134.00135, 34.44324], [134.00241, 34.44522], [134.00896, 34.44756], [134.01024, 34.45069], [134.01228, 34.4513], [134.01261, 34.45344], [134.01098, 34.45438], [134.0018, 34.45102], [134.00081, 34.45269], [134.00221, 34.45329], [133.99948, 34.45471], [134.00109, 34.45697], [133.99912, 34.45882], [133.99991, 34.46031], [133.9981, 34.46191], [133.99649, 34.46128], [133.99378, 34.46466], [133.99307, 34.46159], [133.99059, 34.46214], [133.9879, 34.46626], [133.98865, 34.46767], [133.98317, 34.47211], [133.98236, 34.47693], [133.97928, 34.47692], [133.97228, 34.47309], [133.96938, 34.47857], [133.96577, 34.47701], [133.96547, 34.47018], [133.96767, 34.46882], [133.9669, 34.46648], [133.96849, 34.46278]], [[134.04409, 34.47833], [134.04507, 34.47652], [134.04391, 34.4751], [134.04728, 34.47525], [134.05172, 34.4718], [134.06556, 34.47053], [134.06931, 34.46895], [134.07811, 34.46037], [134.08494, 34.4599], [134.08841, 34.46357], [134.09143, 34.47112], [134.10274, 34.47912], [134.10448, 34.48687], [134.10245, 34.48969], [134.10385, 34.49189], [134.09931, 34.4896], [134.09402, 34.49028], [134.08709, 34.49482], [134.08775, 34.49749], [134.08438, 34.50021], [134.07656, 34.49677], [134.06923, 34.49808], [134.06715, 34.49437], [134.06159, 34.49288], [134.06356, 34.49195], [134.06245, 34.48961], [134.06094, 34.49018], [134.05735, 34.48663], [134.05865, 34.48891], [134.05462, 34.4873], [134.04354, 34.48947], [134.04202, 34.48858], [134.04137, 34.48335], [134.03693, 34.48309], [134.036, 34.4812], [134.0382, 34.47914], [134.03779, 34.4776], [134.04156, 34.47948], [134.04409, 34.47833]], [[134.19974, 34.48273], [134.20227, 34.48174], [134.20228, 34.48046], [134.20072, 34.48082], [134.20195, 34.48017], [134.20768, 34.48201], [134.20696, 34.48316], [134.21155, 34.48197], [134.21516, 34.47875], [134.21512, 34.47714], [134.21374, 34.47803], [134.21631, 34.4732], [134.22182, 34.47862], [134.22702, 34.47833], [134.22594, 34.48042], [134.22839, 34.48065], [134.22758, 34.47926], [134.23042, 34.47922], [134.23003, 34.47819], [134.23137, 34.47863], [134.23346, 34.47645], [134.23145, 34.47661], [134.23261, 34.47443], [134.22948, 34.47242], [134.22927, 34.46902], [134.23773, 34.47013], [134.23672, 34.46984], [134.23847, 34.4657], [134.23621, 34.46493], [134.23634, 34.4631], [134.24149, 34.46237], [134.24296, 34.4586], [134.2377, 34.45553], [134.23947, 34.45022], [134.238, 34.45061], [134.23477, 34.44414], [134.22768, 34.4426], [134.22347, 34.4384], [134.22685, 34.43659], [134.23593, 34.43844], [134.23788, 34.43599], [134.23775, 34.43029], [134.23442, 34.42942], [134.23448, 34.43173], [134.23266, 34.43227], [134.23287, 34.42826], [134.22463, 34.42558], [134.23225, 34.41483], [134.24111, 34.4163], [134.25107, 34.42411], [134.24681, 34.42671], [134.24764, 34.43003], [134.24663, 34.43003], [134.25164, 34.43579], [134.25114, 34.43968], [134.25673, 34.44247], [134.25786, 34.44588], [134.26261, 34.44921], [134.25884, 34.45446], [134.26504, 34.4604], [134.26526, 34.46168], [134.26375, 34.46119], [134.26701, 34.46385], [134.26786, 34.46725], [134.26663, 34.46795], [134.27594, 34.4686], [134.27911, 34.47111], [134.28278, 34.47093], [134.29269, 34.47584], [134.29634, 34.47975], [134.29907, 34.47897], [134.29758, 34.47536], [134.30077, 34.47418], [134.30258, 34.47588], [134.29909, 34.47777], [134.30104, 34.4766], [134.3006, 34.47893], [134.30396, 34.47686], [134.31026, 34.47753], [134.31289, 34.47472], [134.31522, 34.47657], [134.31377, 34.47548], [134.31459, 34.47439], [134.31278, 34.47398], [134.31579, 34.47112], [134.31781, 34.47127], [134.31544, 34.47043], [134.31573, 34.469], [134.315, 34.47044], [134.31818, 34.46637], [134.31554, 34.46373], [134.31804, 34.46316], [134.31479, 34.46272], [134.31685, 34.46007], [134.31513, 34.45889], [134.31515, 34.46019], [134.31233, 34.46015], [134.3078, 34.4631], [134.30131, 34.45964], [134.29633, 34.46334], [134.29467, 34.4608], [134.28986, 34.46239], [134.28425, 34.4608], [134.28328, 34.45599], [134.28716, 34.44952], [134.28436, 34.44565], [134.28077, 34.44843], [134.27833, 34.44817], [134.28068, 34.44391], [134.2842, 34.44188], [134.28705, 34.44608], [134.29239, 34.44684], [134.29822, 34.45024], [134.30013, 34.45627], [134.30307, 34.45781], [134.30698, 34.45531], [134.31124, 34.45583], [134.31401, 34.45448], [134.31963, 34.45801], [134.32122, 34.45667], [134.31999, 34.45577], [134.32218, 34.45547], [134.3253, 34.45094], [134.32523, 34.44896], [134.32999, 34.44579], [134.32916, 34.44254], [134.33285, 34.43553], [134.33779, 34.4329], [134.34041, 34.43784], [134.33549, 34.44811], [134.33723, 34.45097], [134.34015, 34.45099], [134.34346, 34.45331], [134.3488, 34.45984], [134.34933, 34.46417], [134.35275, 34.47013], [134.35114, 34.47248], [134.35385, 34.47631], [134.35216, 34.4787], [134.34793, 34.47912], [134.34686, 34.48245], [134.34395, 34.48257], [134.34299, 34.48553], [134.34453, 34.48781], [134.34295, 34.48736], [134.343, 34.48981], [134.34544, 34.49115], [134.34462, 34.49001], [134.34592, 34.48908], [134.34707, 34.49068], [134.35196, 34.49172], [134.35059, 34.49826], [134.3473, 34.50039], [134.34766, 34.50279], [134.35005, 34.50613], [134.35406, 34.50731], [134.35391, 34.50901], [134.35638, 34.51106], [134.35679, 34.51624], [134.35457, 34.52339], [134.35987, 34.5286], [134.36015, 34.53367], [134.35618, 34.53576], [134.35538, 34.53929], [134.36221, 34.54161], [134.35659, 34.54181], [134.35499, 34.53877], [134.35163, 34.53833], [134.34604, 34.54032], [134.34578, 34.54228], [134.345, 34.5404], [134.34349, 34.54501], [134.34522, 34.54581], [134.3455, 34.54413], [134.3476, 34.54654], [134.34844, 34.54418], [134.34778, 34.55084], [134.35015, 34.55165], [134.35467, 34.55753], [134.36286, 34.55759], [134.36691, 34.56133], [134.3563, 34.56095], [134.35392, 34.55744], [134.3474, 34.55581], [134.34661, 34.55795], [134.34321, 34.55706], [134.34743, 34.5587], [134.346, 34.56046], [134.34969, 34.56034], [134.35136, 34.56403], [134.3468, 34.56485], [134.33684, 34.56237], [134.32909, 34.56392], [134.31345, 34.5587], [134.30345, 34.54848], [134.29499, 34.54669], [134.28346, 34.54814], [134.28399, 34.54581], [134.27794, 34.54884], [134.27135, 34.54772], [134.2682, 34.54951], [134.27004, 34.55051], [134.26964, 34.55293], [134.26437, 34.55327], [134.26181, 34.54875], [134.25864, 34.54994], [134.25578, 34.54728], [134.25605, 34.54546], [134.25759, 34.54741], [134.25631, 34.54308], [134.24776, 34.53981], [134.24111, 34.53502], [134.24183, 34.53265], [134.23989, 34.53224], [134.24064, 34.53118], [134.23872, 34.52959], [134.23067, 34.5269], [134.22955, 34.52811], [134.23045, 34.52714], [134.22875, 34.52675], [134.22907, 34.52816], [134.22255, 34.52938], [134.20998, 34.52146], [134.19941, 34.51954], [134.19665, 34.5209], [134.19483, 34.51996], [134.19322, 34.52154], [134.19202, 34.51889], [134.18812, 34.51873], [134.18686, 34.51576], [134.17805, 34.51812], [134.17135, 34.52541], [134.17307, 34.52832], [134.17166, 34.52889], [134.17061, 34.52638], [134.16715, 34.52483], [134.16776, 34.52279], [134.16514, 34.51881], [134.16511, 34.51712], [134.16533, 34.51842], [134.16688, 34.51667], [134.16442, 34.51633], [134.16704, 34.5138], [134.16346, 34.51583], [134.16633, 34.51308], [134.16491, 34.51327], [134.15595, 34.50491], [134.16062, 34.50574], [134.16208, 34.50787], [134.16495, 34.50712], [134.16675, 34.50482], [134.16534, 34.50012], [134.16841, 34.4989], [134.17321, 34.49245], [134.17687, 34.4919], [134.18067, 34.48714], [134.17739, 34.48668], [134.17437, 34.49015], [134.17309, 34.48903], [134.17027, 34.48985], [134.17011, 34.49208], [134.16677, 34.49375], [134.16283, 34.49223], [134.15705, 34.49295], [134.14529, 34.4801], [134.14354, 34.4728], [134.14081, 34.4697], [134.14861, 34.46762], [134.15145, 34.45976], [134.15985, 34.46272], [134.15826, 34.46334], [134.16273, 34.46232], [134.16816, 34.46466], [134.17269, 34.47525], [134.17768, 34.47683], [134.17764, 34.47573], [134.18215, 34.47503], [134.1848, 34.47939], [134.18724, 34.47939], [134.18873, 34.47756], [134.19162, 34.47926], [134.1893, 34.47848], [134.18835, 34.47969], [134.18885, 34.48337], [134.18981, 34.48021], [134.19221, 34.48138], [134.19151, 34.47962], [134.1928, 34.48052], [134.19153, 34.48396], [134.19647, 34.48448], [134.19974, 34.48273]], [[134.02274, 34.50325], [134.02419, 34.50429], [134.02379, 34.50707], [134.01794, 34.50701], [134.00741, 34.49895], [134.01047, 34.49477], [134.01094, 34.48729], [134.01373, 34.48668], [134.01537, 34.48128], [134.02035, 34.4783], [134.02212, 34.47926], [134.01978, 34.48398], [134.02274, 34.50325]], [[134.00213, 34.47247], [133.99839, 34.46952], [134.00013, 34.46551], [133.99973, 34.46199], [134.00174, 34.46055], [134.00463, 34.46225], [134.01005, 34.47026], [134.00874, 34.47129], [134.00416, 34.46918], [134.00438, 34.47315], [134.00363, 34.47186], [134.00213, 34.47247]], [[134.1635, 34.51816], [134.16234, 34.51887], [134.16498, 34.5208], [134.16433, 34.52219], [134.16188, 34.52083], [134.16058, 34.52218], [134.15996, 34.52007], [134.15569, 34.51828], [134.15711, 34.51736], [134.16053, 34.51891], [134.16313, 34.5163], [134.1635, 34.51816]], [[130.45196, 32.59745], [130.45011, 32.59624], [130.44844, 32.5982], [130.4496, 32.59905], [130.44807, 32.59861], [130.44897, 32.59453], [130.4505, 32.59379], [130.45196, 32.59745]], [[130.43122, 32.46337], [130.43327, 32.4654], [130.43243, 32.46686], [130.43334, 32.4662], [130.43749, 32.46951], [130.43696, 32.47075], [130.43561, 32.46995], [130.43526, 32.4721], [130.43674, 32.47113], [130.43748, 32.47227], [130.43819, 32.47086], [130.43626, 32.47282], [130.43746, 32.48605], [130.451, 32.50465], [130.45232, 32.50721], [130.45152, 32.51085], [130.45787, 32.51552], [130.4563, 32.51617], [130.45799, 32.51582], [130.45665, 32.51674], [130.46107, 32.5301], [130.45955, 32.52993], [130.45792, 32.52607], [130.45164, 32.52681], [130.45496, 32.52578], [130.45536, 32.52231], [130.44624, 32.52298], [130.44313, 32.52874], [130.44152, 32.52799], [130.44217, 32.52683], [130.43811, 32.5277], [130.43787, 32.52601], [130.43427, 32.52565], [130.43459, 32.52176], [130.43311, 32.52329], [130.43126, 32.52097], [130.43425, 32.51805], [130.43206, 32.51925], [130.42907, 32.51621], [130.42893, 32.51805], [130.42429, 32.51845], [130.42161, 32.52304], [130.41774, 32.52465], [130.41893, 32.52262], [130.41685, 32.52335], [130.41788, 32.52119], [130.4149, 32.52159], [130.41695, 32.51897], [130.41083, 32.52013], [130.4112, 32.51687], [130.40909, 32.51533], [130.4025, 32.51458], [130.4052, 32.51168], [130.40041, 32.51067], [130.40413, 32.50828], [130.4001, 32.50925], [130.39698, 32.5061], [130.39906, 32.50374], [130.39569, 32.50225], [130.39669, 32.50099], [130.39462, 32.49999], [130.39088, 32.5013], [130.38928, 32.50467], [130.39146, 32.50757], [130.38945, 32.50902], [130.39032, 32.51446], [130.38643, 32.516], [130.38264, 32.51537], [130.38367, 32.51408], [130.38252, 32.51424], [130.38179, 32.50999], [130.3792, 32.51165], [130.38045, 32.51557], [130.38198, 32.51536], [130.37702, 32.5183], [130.38462, 32.52434], [130.37793, 32.52358], [130.37834, 32.52108], [130.3765, 32.52059], [130.37472, 32.51677], [130.37106, 32.51677], [130.37142, 32.51423], [130.36961, 32.51285], [130.36835, 32.51364], [130.37088, 32.51512], [130.36872, 32.51812], [130.36881, 32.5208], [130.37359, 32.52383], [130.37155, 32.52367], [130.37235, 32.52558], [130.3738, 32.5245], [130.37109, 32.52587], [130.36844, 32.52468], [130.36694, 32.52796], [130.36483, 32.52542], [130.36629, 32.52451], [130.36432, 32.52493], [130.36181, 32.52111], [130.36237, 32.52347], [130.35994, 32.52455], [130.36111, 32.52762], [130.36278, 32.52752], [130.3611, 32.52833], [130.34236, 32.52111], [130.33937, 32.51798], [130.34044, 32.51882], [130.33961, 32.51783], [130.34188, 32.51575], [130.34004, 32.51418], [130.33674, 32.51566], [130.33794, 32.51675], [130.33521, 32.51732], [130.33478, 32.52189], [130.31515, 32.51731], [130.31069, 32.51001], [130.30553, 32.50723], [130.30605, 32.50627], [130.30146, 32.50497], [130.3022, 32.50408], [130.29954, 32.50155], [130.29393, 32.49794], [130.29349, 32.49427], [130.29146, 32.49263], [130.29327, 32.49401], [130.29455, 32.49251], [130.29337, 32.49138], [130.29217, 32.4924], [130.293, 32.49101], [130.28677, 32.48779], [130.29058, 32.48453], [130.28956, 32.48368], [130.28543, 32.48727], [130.28164, 32.48401], [130.27784, 32.48483], [130.27747, 32.48347], [130.27302, 32.4829], [130.26976, 32.4793], [130.26515, 32.47929], [130.26393, 32.47788], [130.26426, 32.47931], [130.25892, 32.47904], [130.25899, 32.47777], [130.25404, 32.47691], [130.25211, 32.47578], [130.25499, 32.47648], [130.25241, 32.47543], [130.25435, 32.47513], [130.25099, 32.47036], [130.24278, 32.46607], [130.24025, 32.46628], [130.23774, 32.46273], [130.23361, 32.46229], [130.23556, 32.46251], [130.23483, 32.4608], [130.22866, 32.46147], [130.22902, 32.46019], [130.2232, 32.45963], [130.22254, 32.45742], [130.21648, 32.4572], [130.21091, 32.45293], [130.20604, 32.45259], [130.20457, 32.45143], [130.2046, 32.44837], [130.20594, 32.44844], [130.20479, 32.4452], [130.20547, 32.442], [130.20996, 32.43684], [130.2109, 32.43054], [130.22002, 32.42488], [130.22072, 32.41739], [130.22212, 32.4174], [130.22059, 32.41721], [130.2209, 32.41555], [130.22327, 32.41517], [130.22539, 32.41046], [130.2328, 32.4154], [130.23031, 32.41592], [130.22859, 32.42093], [130.23194, 32.41884], [130.231, 32.41834], [130.23368, 32.41816], [130.23334, 32.41559], [130.23677, 32.41541], [130.23855, 32.41306], [130.24087, 32.41551], [130.24203, 32.41493], [130.24433, 32.40877], [130.24607, 32.40843], [130.24357, 32.4075], [130.24486, 32.40456], [130.24305, 32.40467], [130.24401, 32.40139], [130.24296, 32.39976], [130.24723, 32.40118], [130.2464, 32.39928], [130.2476, 32.39865], [130.24588, 32.39817], [130.24674, 32.39508], [130.24595, 32.39688], [130.24447, 32.39616], [130.24241, 32.39773], [130.2404, 32.39653], [130.24093, 32.39306], [130.23902, 32.39107], [130.23712, 32.39172], [130.23661, 32.38804], [130.23499, 32.38858], [130.23366, 32.38532], [130.24236, 32.38418], [130.25247, 32.38746], [130.25445, 32.39137], [130.25224, 32.39301], [130.26126, 32.40247], [130.25983, 32.40329], [130.26144, 32.41062], [130.26909, 32.41107], [130.27087, 32.41305], [130.27072, 32.41136], [130.27376, 32.40935], [130.27195, 32.41121], [130.27477, 32.41226], [130.27401, 32.40969], [130.27877, 32.40619], [130.27845, 32.40281], [130.28626, 32.39923], [130.28621, 32.39733], [130.28941, 32.4006], [130.29105, 32.4001], [130.28931, 32.40088], [130.29416, 32.40008], [130.29458, 32.40169], [130.29504, 32.39971], [130.3057, 32.39755], [130.3057, 32.39565], [130.30809, 32.39733], [130.30863, 32.39598], [130.30505, 32.39522], [130.30695, 32.39463], [130.31237, 32.39553], [130.31056, 32.39585], [130.31167, 32.39698], [130.31037, 32.39761], [130.31284, 32.39852], [130.31409, 32.39795], [130.31195, 32.39724], [130.31385, 32.39778], [130.31463, 32.39652], [130.31285, 32.39593], [130.32556, 32.3988], [130.3252, 32.4016], [130.32937, 32.39787], [130.32991, 32.40036], [130.33406, 32.40399], [130.33645, 32.40324], [130.34042, 32.40511], [130.33946, 32.40577], [130.3418, 32.4063], [130.34299, 32.40959], [130.34459, 32.40937], [130.34279, 32.40979], [130.34659, 32.41392], [130.34465, 32.41737], [130.3471, 32.41813], [130.34806, 32.41979], [130.34701, 32.42026], [130.34936, 32.42173], [130.34816, 32.42007], [130.35032, 32.41881], [130.35223, 32.42025], [130.35052, 32.41677], [130.35375, 32.41481], [130.35173, 32.41425], [130.35141, 32.40918], [130.35377, 32.41054], [130.35503, 32.40686], [130.35174, 32.40248], [130.34869, 32.40287], [130.34953, 32.40065], [130.34806, 32.40078], [130.3486, 32.39943], [130.3469, 32.39924], [130.34495, 32.3948], [130.34765, 32.39798], [130.3507, 32.39869], [130.34845, 32.39492], [130.35037, 32.39362], [130.35004, 32.39022], [130.35267, 32.38975], [130.35101, 32.38932], [130.35188, 32.38744], [130.35381, 32.38707], [130.35151, 32.38246], [130.35554, 32.38252], [130.352, 32.3789], [130.3537, 32.37696], [130.3533, 32.37827], [130.35476, 32.37849], [130.35376, 32.37665], [130.3616, 32.38067], [130.36257, 32.38595], [130.36402, 32.38781], [130.3658, 32.38699], [130.36394, 32.38807], [130.36686, 32.38976], [130.37074, 32.38981], [130.36925, 32.38852], [130.37009, 32.38756], [130.37144, 32.38985], [130.37661, 32.38946], [130.38047, 32.38239], [130.38204, 32.38371], [130.3827, 32.38685], [130.38157, 32.38686], [130.38455, 32.38745], [130.38578, 32.39083], [130.38939, 32.39057], [130.39068, 32.3922], [130.38858, 32.39171], [130.39042, 32.39262], [130.38958, 32.39369], [130.39677, 32.39592], [130.40393, 32.3944], [130.40021, 32.39794], [130.4019, 32.40031], [130.4005, 32.40018], [130.40224, 32.40128], [130.40345, 32.39851], [130.40272, 32.40354], [130.40569, 32.40778], [130.40424, 32.40854], [130.40644, 32.40789], [130.40586, 32.40921], [130.40783, 32.40977], [130.41103, 32.41527], [130.41026, 32.41716], [130.40702, 32.41793], [130.40422, 32.42296], [130.40237, 32.42238], [130.40364, 32.42383], [130.40178, 32.4235], [130.40311, 32.424], [130.40201, 32.42691], [130.40276, 32.42586], [130.40501, 32.42712], [130.40532, 32.42334], [130.40717, 32.42245], [130.41206, 32.42163], [130.41631, 32.42286], [130.41922, 32.42938], [130.42397, 32.43254], [130.41993, 32.43292], [130.41539, 32.4304], [130.41353, 32.43204], [130.41537, 32.43309], [130.41065, 32.43236], [130.40627, 32.43548], [130.40897, 32.43612], [130.40991, 32.43496], [130.41243, 32.43773], [130.41309, 32.43873], [130.41147, 32.43749], [130.40954, 32.43927], [130.41016, 32.44069], [130.41427, 32.44044], [130.41435, 32.4385], [130.41499, 32.44068], [130.41864, 32.43917], [130.41483, 32.44079], [130.4158, 32.4457], [130.41894, 32.45023], [130.42093, 32.44985], [130.41906, 32.45028], [130.42024, 32.45146], [130.4216, 32.45022], [130.42231, 32.45225], [130.42891, 32.4553], [130.42858, 32.45778], [130.43122, 32.46337]], [[130.19428, 32.51441], [130.19489, 32.51786], [130.19256, 32.51391], [130.19037, 32.51387], [130.19243, 32.51548], [130.1916, 32.51754], [130.19398, 32.51912], [130.19588, 32.51772], [130.19314, 32.52578], [130.19363, 32.52986], [130.19539, 32.53232], [130.19928, 32.53242], [130.19862, 32.53511], [130.19972, 32.53573], [130.19246, 32.537], [130.19123, 32.53899], [130.18822, 32.53599], [130.19081, 32.53889], [130.19065, 32.5424], [130.18795, 32.54333], [130.18793, 32.54583], [130.18729, 32.5441], [130.18615, 32.54667], [130.18857, 32.54781], [130.19005, 32.54646], [130.18902, 32.54878], [130.18412, 32.54805], [130.17757, 32.55096], [130.17726, 32.54983], [130.17737, 32.55125], [130.17659, 32.55018], [130.15866, 32.54985], [130.1598, 32.55113], [130.15497, 32.5494], [130.14724, 32.5497], [130.13773, 32.54625], [130.13544, 32.5473], [130.13682, 32.54649], [130.13421, 32.54604], [130.13529, 32.54783], [130.13379, 32.54499], [130.13565, 32.54402], [130.13429, 32.54384], [130.13227, 32.54472], [130.13305, 32.54588], [130.12721, 32.54655], [130.12995, 32.54763], [130.12658, 32.54671], [130.12147, 32.54825], [130.12117, 32.54673], [130.12144, 32.54791], [130.11891, 32.54877], [130.11627, 32.54142], [130.10456, 32.53796], [130.08525, 32.52517], [130.06871, 32.52111], [130.07053, 32.52095], [130.06961, 32.51941], [130.0687, 32.52065], [130.06973, 32.51927], [130.06589, 32.51603], [130.05311, 32.51535], [130.05269, 32.51761], [130.05327, 32.51599], [130.05124, 32.51632], [130.0527, 32.51797], [130.04452, 32.51252], [130.04328, 32.51553], [130.03441, 32.52129], [130.03622, 32.52293], [130.0327, 32.52649], [130.03494, 32.52907], [130.03253, 32.53099], [130.03488, 32.53013], [130.03798, 32.53288], [130.04207, 32.52902], [130.03789, 32.5256], [130.04, 32.525], [130.04226, 32.52788], [130.03773, 32.5361], [130.0306, 32.53809], [130.0254, 32.53771], [130.01256, 32.52971], [130.02714, 32.5202], [130.03004, 32.52145], [130.03396, 32.51926], [130.03524, 32.51742], [130.03383, 32.5147], [130.03466, 32.51688], [130.03637, 32.51243], [130.03206, 32.51501], [130.0367, 32.50998], [130.04036, 32.50907], [130.04494, 32.49999], [130.04704, 32.49144], [130.04594, 32.48907], [130.0404, 32.48986], [130.03763, 32.48291], [130.0341, 32.48393], [130.03754, 32.48273], [130.03521, 32.47639], [130.03739, 32.48116], [130.03902, 32.48051], [130.03768, 32.47527], [130.03133, 32.4771], [130.03118, 32.4861], [130.03113, 32.47696], [130.03819, 32.47485], [130.03611, 32.47103], [130.03734, 32.47031], [130.03567, 32.47105], [130.03728, 32.47024], [130.03776, 32.466], [130.03591, 32.4675], [130.03674, 32.46535], [130.02772, 32.45528], [130.01968, 32.44099], [130.01171, 32.43258], [130.00821, 32.43096], [130.00663, 32.42806], [130.00708, 32.42515], [130.0046, 32.42435], [130.00605, 32.42395], [130.00453, 32.4237], [130.00539, 32.42287], [130.00358, 32.42476], [130.00519, 32.42265], [130.00206, 32.41609], [130.00311, 32.41477], [130.00116, 32.41467], [130.00438, 32.41332], [130.00486, 32.41158], [129.99724, 32.40483], [130.00316, 32.40208], [129.99791, 32.39988], [129.9993, 32.39785], [129.99707, 32.3981], [129.99812, 32.39645], [129.99602, 32.39601], [129.99772, 32.39538], [129.99646, 32.3914], [129.98826, 32.38377], [129.99407, 32.3827], [129.9946, 32.38019], [129.99304, 32.37963], [129.99494, 32.37959], [129.99469, 32.37813], [129.99114, 32.37521], [129.99036, 32.37633], [129.98894, 32.37548], [129.99013, 32.37671], [129.98781, 32.37554], [129.98937, 32.3777], [129.98535, 32.37405], [129.98469, 32.37131], [129.97733, 32.36246], [129.97481, 32.3559], [129.9772, 32.35112], [129.97631, 32.34927], [129.97774, 32.34907], [129.97754, 32.34607], [129.98107, 32.34175], [129.9797, 32.33673], [129.9777, 32.33543], [129.97943, 32.33384], [129.97908, 32.3319], [129.97687, 32.32918], [129.98041, 32.32929], [129.98207, 32.32681], [129.98126, 32.32433], [129.98662, 32.32299], [129.98696, 32.31733], [129.98915, 32.31718], [129.99051, 32.31971], [129.99218, 32.31904], [129.99028, 32.32089], [129.9925, 32.32319], [129.99444, 32.32224], [129.99403, 32.31902], [129.9928, 32.31899], [129.99493, 32.31783], [129.99524, 32.31455], [129.99302, 32.31148], [129.99447, 32.31025], [129.99422, 32.30654], [129.99816, 32.3076], [130.00203, 32.30542], [130.00087, 32.30879], [130.00459, 32.30843], [130.00456, 32.31088], [130.00625, 32.31106], [130.00438, 32.31249], [130.00506, 32.31581], [130.00674, 32.3112], [130.00994, 32.31038], [130.01268, 32.3136], [130.01761, 32.31416], [130.0182, 32.3094], [130.02159, 32.30859], [130.0227, 32.30976], [130.02528, 32.30778], [130.02389, 32.30892], [130.02657, 32.31272], [130.02472, 32.31287], [130.02414, 32.31488], [130.02501, 32.31329], [130.02511, 32.31596], [130.02672, 32.31393], [130.02498, 32.31621], [130.02685, 32.31625], [130.02866, 32.31126], [130.02686, 32.30705], [130.02973, 32.30625], [130.02993, 32.30387], [130.03206, 32.30287], [130.03698, 32.305], [130.03819, 32.31294], [130.04057, 32.315], [130.04658, 32.31027], [130.0546, 32.30925], [130.05738, 32.30329], [130.06382, 32.30454], [130.07243, 32.31155], [130.07713, 32.31016], [130.06698, 32.3048], [130.0718, 32.30043], [130.06678, 32.29673], [130.06694, 32.29533], [130.06122, 32.29618], [130.06481, 32.29164], [130.0634, 32.28956], [130.06737, 32.2878], [130.06277, 32.28489], [130.06399, 32.28112], [130.06197, 32.27704], [130.06012, 32.2799], [130.05661, 32.28008], [130.05395, 32.27799], [130.0517, 32.27879], [130.05211, 32.28177], [130.04952, 32.28249], [130.05132, 32.28441], [130.05152, 32.28804], [130.04967, 32.28778], [130.04737, 32.29195], [130.04508, 32.29209], [130.04869, 32.29396], [130.04872, 32.295], [130.04643, 32.29354], [130.04587, 32.29582], [130.04935, 32.29734], [130.05159, 32.30108], [130.05016, 32.30474], [130.04547, 32.30011], [130.04539, 32.2977], [130.04399, 32.29806], [130.04243, 32.3032], [130.04012, 32.29972], [130.03488, 32.30235], [130.03344, 32.29932], [130.02841, 32.29865], [130.0319, 32.29709], [130.03022, 32.2933], [130.03197, 32.28977], [130.02972, 32.28708], [130.03383, 32.28847], [130.03693, 32.28573], [130.03238, 32.28384], [130.03754, 32.28056], [130.03634, 32.27668], [130.03392, 32.27482], [130.03026, 32.2758], [130.03279, 32.27945], [130.03075, 32.28527], [130.02847, 32.2851], [130.02591, 32.28736], [130.02622, 32.29416], [130.0283, 32.29625], [130.02478, 32.29775], [130.02624, 32.30013], [130.02424, 32.30172], [130.01089, 32.29839], [130.00396, 32.28799], [130.00032, 32.28825], [129.99694, 32.2848], [129.99191, 32.28487], [129.99379, 32.28288], [129.98765, 32.27662], [129.98857, 32.27507], [129.98718, 32.27196], [129.98101, 32.26777], [129.97393, 32.2551], [129.97445, 32.25341], [129.9709, 32.24904], [129.97084, 32.24564], [129.9672, 32.24312], [129.97369, 32.23973], [129.97731, 32.24063], [129.98429, 32.24606], [129.98671, 32.24466], [129.98592, 32.24169], [129.98961, 32.24448], [129.98994, 32.24645], [129.99598, 32.24907], [129.99624, 32.25373], [129.99867, 32.25381], [129.99842, 32.25042], [130.00092, 32.2492], [129.99842, 32.24933], [129.99551, 32.2465], [129.99639, 32.24539], [129.99198, 32.24446], [129.98833, 32.24015], [129.98995, 32.23856], [129.99423, 32.2397], [129.99433, 32.23611], [129.99667, 32.23908], [130.00019, 32.23481], [130.00453, 32.23553], [130.00691, 32.23823], [130.00374, 32.23947], [130.00628, 32.24297], [130.00554, 32.23975], [130.01117, 32.23896], [130.01093, 32.23754], [130.00985, 32.23872], [130.01363, 32.23231], [130.01305, 32.2286], [130.01481, 32.22243], [130.00776, 32.21744], [130.00906, 32.21621], [130.00727, 32.21533], [130.0085, 32.21493], [130.00773, 32.21294], [130.00601, 32.21426], [130.00611, 32.21182], [130.00372, 32.21123], [130.00665, 32.22132], [130.00347, 32.22245], [130.00469, 32.22105], [130.00359, 32.21812], [130.00048, 32.22165], [129.99988, 32.21801], [129.99657, 32.21733], [129.99679, 32.21498], [129.99899, 32.21353], [129.99801, 32.20546], [129.99447, 32.20284], [129.99419, 32.20079], [129.99028, 32.19985], [129.99126, 32.19647], [129.99603, 32.19661], [130.00011, 32.19395], [129.99953, 32.19065], [130.00182, 32.19017], [130.00163, 32.19297], [130.00641, 32.19569], [130.01078, 32.19622], [130.00832, 32.19629], [130.01113, 32.19895], [130.00848, 32.20084], [130.01066, 32.20186], [130.01261, 32.19916], [130.01204, 32.19722], [130.0139, 32.1976], [130.01388, 32.19648], [130.01186, 32.19688], [130.01355, 32.19597], [130.01295, 32.19377], [130.01443, 32.19378], [130.01296, 32.19323], [130.013, 32.18953], [130.02306, 32.1888], [130.025, 32.1919], [130.02183, 32.19087], [130.02125, 32.1932], [130.02418, 32.19273], [130.02402, 32.19551], [130.02592, 32.19286], [130.02807, 32.19371], [130.02755, 32.19803], [130.02967, 32.19727], [130.02913, 32.19479], [130.03224, 32.19558], [130.03186, 32.19981], [130.03472, 32.20106], [130.03259, 32.20001], [130.03311, 32.20292], [130.02953, 32.20928], [130.02919, 32.21188], [130.03087, 32.21189], [130.02919, 32.21195], [130.02904, 32.21456], [130.02959, 32.21329], [130.03346, 32.21546], [130.03405, 32.21269], [130.03198, 32.21182], [130.03506, 32.2116], [130.03873, 32.2063], [130.04114, 32.20685], [130.03739, 32.20854], [130.0394, 32.20899], [130.03837, 32.21227], [130.04048, 32.20908], [130.04357, 32.2096], [130.0443, 32.20811], [130.0423, 32.205], [130.04456, 32.20225], [130.0435, 32.19988], [130.04506, 32.19909], [130.04803, 32.20491], [130.05532, 32.20766], [130.05709, 32.211], [130.06045, 32.20974], [130.07066, 32.21164], [130.07397, 32.21046], [130.07387, 32.21389], [130.07761, 32.2121], [130.08082, 32.21846], [130.08634, 32.2197], [130.07796, 32.22107], [130.0724, 32.2248], [130.07424, 32.22669], [130.07471, 32.22481], [130.07704, 32.22489], [130.0781, 32.22864], [130.08317, 32.23083], [130.07846, 32.2341], [130.08086, 32.24202], [130.0798, 32.24251], [130.08345, 32.2425], [130.08222, 32.24417], [130.0864, 32.24442], [130.0858, 32.24334], [130.08784, 32.2425], [130.09188, 32.24369], [130.08851, 32.24045], [130.08547, 32.2421], [130.08935, 32.23663], [130.08582, 32.23985], [130.08413, 32.23778], [130.08732, 32.23519], [130.0863, 32.23325], [130.08895, 32.23301], [130.08986, 32.22679], [130.09536, 32.23112], [130.09826, 32.22902], [130.10216, 32.23549], [130.10175, 32.2417], [130.09985, 32.24407], [130.10237, 32.24501], [130.10289, 32.24896], [130.09772, 32.24881], [130.09673, 32.24803], [130.09808, 32.2457], [130.09495, 32.24635], [130.0937, 32.24711], [130.09496, 32.2488], [130.09277, 32.25002], [130.09383, 32.25192], [130.09124, 32.25397], [130.10121, 32.25402], [130.10323, 32.25547], [130.10676, 32.25353], [130.1094, 32.25909], [130.11114, 32.25879], [130.11216, 32.26095], [130.10903, 32.2655], [130.11073, 32.26719], [130.11454, 32.26634], [130.11732, 32.27207], [130.12336, 32.27888], [130.13049, 32.28495], [130.13403, 32.28515], [130.13146, 32.28578], [130.1345, 32.28903], [130.13654, 32.28888], [130.13666, 32.29158], [130.13787, 32.28748], [130.14052, 32.28701], [130.14176, 32.28376], [130.14502, 32.28145], [130.14601, 32.28397], [130.14931, 32.28297], [130.15144, 32.28576], [130.15813, 32.28714], [130.16647, 32.29588], [130.16558, 32.30029], [130.16344, 32.30183], [130.15276, 32.30264], [130.15035, 32.30067], [130.14825, 32.3025], [130.14956, 32.30024], [130.1484, 32.29944], [130.14612, 32.30135], [130.14596, 32.30388], [130.1449, 32.29709], [130.14272, 32.29899], [130.14202, 32.2974], [130.13956, 32.29744], [130.14147, 32.30416], [130.13972, 32.30454], [130.14213, 32.30575], [130.13984, 32.30852], [130.14213, 32.30903], [130.14097, 32.3128], [130.14335, 32.31196], [130.14383, 32.30992], [130.14458, 32.31079], [130.143, 32.31728], [130.14649, 32.31677], [130.14582, 32.31511], [130.14947, 32.31411], [130.14723, 32.31348], [130.14879, 32.31144], [130.15702, 32.31236], [130.1528, 32.31586], [130.15505, 32.31783], [130.15163, 32.32228], [130.15517, 32.32151], [130.15526, 32.32361], [130.16014, 32.3214], [130.15559, 32.3304], [130.15878, 32.33222], [130.15757, 32.33518], [130.16122, 32.33587], [130.16009, 32.3346], [130.16154, 32.33083], [130.16395, 32.32911], [130.17479, 32.33936], [130.17778, 32.33826], [130.17672, 32.33493], [130.17452, 32.33465], [130.17522, 32.33315], [130.17228, 32.33245], [130.17337, 32.33129], [130.17115, 32.32969], [130.17142, 32.32773], [130.16979, 32.32917], [130.17027, 32.32589], [130.16804, 32.3266], [130.16974, 32.32442], [130.16733, 32.32511], [130.16942, 32.32279], [130.16808, 32.32211], [130.16812, 32.31681], [130.17306, 32.31039], [130.17992, 32.31054], [130.18576, 32.31355], [130.19375, 32.32355], [130.19971, 32.32263], [130.19939, 32.32564], [130.20443, 32.32518], [130.20163, 32.32733], [130.20335, 32.33276], [130.20581, 32.33299], [130.20919, 32.33644], [130.2068, 32.34805], [130.21174, 32.35295], [130.21244, 32.35653], [130.21047, 32.3571], [130.21627, 32.35929], [130.22006, 32.36601], [130.2248, 32.36565], [130.22574, 32.36856], [130.22364, 32.36973], [130.22303, 32.37377], [130.22086, 32.37404], [130.22095, 32.37832], [130.21746, 32.37653], [130.21673, 32.38031], [130.2184, 32.38289], [130.22358, 32.38324], [130.22162, 32.38858], [130.21553, 32.38775], [130.21816, 32.39023], [130.21755, 32.39133], [130.21997, 32.39129], [130.21926, 32.39263], [130.20783, 32.39625], [130.20648, 32.39365], [130.20461, 32.39482], [130.19942, 32.38508], [130.19331, 32.38786], [130.1987, 32.38912], [130.20138, 32.3918], [130.20052, 32.39609], [130.20187, 32.39964], [130.20084, 32.40154], [130.1971, 32.40195], [130.19732, 32.40447], [130.20029, 32.4053], [130.20153, 32.4103], [130.20936, 32.41351], [130.2102, 32.41753], [130.21169, 32.4171], [130.21014, 32.41768], [130.21268, 32.42044], [130.20672, 32.41892], [130.20566, 32.42071], [130.21335, 32.42232], [130.21681, 32.42029], [130.21707, 32.42438], [130.21364, 32.42492], [130.21075, 32.42814], [130.20838, 32.42601], [130.2091, 32.42719], [130.20766, 32.42797], [130.21012, 32.4294], [130.20838, 32.43695], [130.20489, 32.44141], [130.20323, 32.44779], [130.20045, 32.44788], [130.20275, 32.44992], [130.20176, 32.4505], [130.20329, 32.45056], [130.20309, 32.45378], [130.19906, 32.45342], [130.20125, 32.45564], [130.19804, 32.45764], [130.20011, 32.45886], [130.20363, 32.45734], [130.20041, 32.45927], [130.19555, 32.45746], [130.20509, 32.46424], [130.2054, 32.46567], [130.20327, 32.46662], [130.20633, 32.46641], [130.20684, 32.4696], [130.20241, 32.46939], [130.20857, 32.47224], [130.20657, 32.47504], [130.20658, 32.47393], [130.2034, 32.47393], [130.20563, 32.47966], [130.19685, 32.48805], [130.19559, 32.49109], [130.19717, 32.49195], [130.1969, 32.49432], [130.19708, 32.49195], [130.1957, 32.49135], [130.19405, 32.49387], [130.19525, 32.49532], [130.1936, 32.49376], [130.19229, 32.49618], [130.19804, 32.50476], [130.19729, 32.50715], [130.19866, 32.50981], [130.19428, 32.51441]], [[130.03692, 32.17018], [130.03766, 32.16648], [130.04688, 32.15646], [130.04682, 32.15984], [130.04338, 32.16293], [130.04684, 32.16419], [130.04517, 32.16709], [130.04779, 32.16646], [130.04866, 32.16773], [130.04622, 32.17231], [130.03901, 32.17457], [130.0326, 32.1808], [130.03514, 32.18138], [130.03817, 32.1787], [130.04003, 32.18114], [130.03928, 32.18372], [130.03649, 32.18301], [130.03295, 32.18559], [130.03215, 32.19075], [130.02871, 32.19114], [130.02948, 32.19027], [130.02778, 32.18901], [130.02832, 32.19083], [130.02688, 32.19102], [130.02508, 32.18849], [130.02117, 32.18778], [130.02163, 32.18593], [130.01952, 32.18621], [130.02404, 32.18138], [130.02247, 32.17923], [130.01733, 32.18134], [130.01908, 32.17973], [130.01695, 32.17596], [130.0216, 32.1735], [130.0192, 32.17326], [130.01855, 32.17153], [130.0162, 32.1727], [130.01527, 32.17167], [130.01791, 32.16757], [130.0168, 32.16713], [130.01804, 32.16493], [130.01686, 32.16519], [130.01713, 32.1624], [130.01967, 32.159], [130.02113, 32.15839], [130.02256, 32.16676], [130.02444, 32.17103], [130.02751, 32.17266], [130.02702, 32.1744], [130.03193, 32.1752], [130.03692, 32.17018]], [[130.2076, 32.2184], [130.20714, 32.21712], [130.20465, 32.21858], [130.20929, 32.22243], [130.20941, 32.22503], [130.20356, 32.22614], [130.20111, 32.23007], [130.20296, 32.23267], [130.20064, 32.236], [130.20156, 32.2396], [130.19434, 32.24443], [130.19293, 32.24113], [130.19492, 32.23305], [130.19743, 32.23035], [130.19727, 32.22679], [130.19348, 32.22688], [130.19227, 32.22214], [130.18895, 32.22397], [130.18732, 32.22136], [130.19028, 32.21825], [130.19624, 32.21661], [130.19489, 32.2138], [130.20086, 32.20815], [130.20227, 32.20975], [130.19753, 32.21485], [130.19726, 32.21703], [130.20796, 32.21251], [130.20355, 32.20549], [130.20498, 32.20442], [130.20495, 32.20599], [130.21019, 32.21012], [130.21173, 32.21435], [130.2114, 32.22079], [130.2076, 32.2184]], [[130.42549, 32.52726], [130.4224, 32.52384], [130.42576, 32.52076], [130.42869, 32.52057], [130.43197, 32.52713], [130.42937, 32.52752], [130.42904, 32.52982], [130.42549, 32.52726]], [[130.43313, 32.54804], [130.44133, 32.5478], [130.43901, 32.54796], [130.43951, 32.54956], [130.43823, 32.55014], [130.44079, 32.55271], [130.43935, 32.55533], [130.44171, 32.55556], [130.4404, 32.55335], [130.44456, 32.55249], [130.44301, 32.55018], [130.44341, 32.55122], [130.446, 32.55015], [130.44204, 32.54751], [130.44634, 32.54818], [130.44997, 32.54986], [130.44721, 32.5493], [130.44738, 32.55053], [130.45245, 32.55215], [130.45343, 32.55414], [130.45101, 32.55604], [130.44927, 32.55661], [130.44984, 32.55454], [130.44854, 32.55628], [130.44838, 32.55517], [130.44658, 32.55584], [130.44886, 32.55692], [130.44921, 32.55857], [130.4476, 32.55817], [130.44772, 32.5594], [130.45053, 32.56014], [130.44939, 32.56337], [130.451, 32.56346], [130.45065, 32.5651], [130.4485, 32.56464], [130.45096, 32.56677], [130.44543, 32.56739], [130.44274, 32.5693], [130.44357, 32.57209], [130.44964, 32.57321], [130.44905, 32.57769], [130.45238, 32.57612], [130.45318, 32.57825], [130.45182, 32.57977], [130.45451, 32.58013], [130.45377, 32.58182], [130.45623, 32.58078], [130.4572, 32.58183], [130.4561, 32.58389], [130.45913, 32.58846], [130.45297, 32.58714], [130.45322, 32.59289], [130.44814, 32.59004], [130.44838, 32.59121], [130.44484, 32.59199], [130.44677, 32.59505], [130.44536, 32.59653], [130.44121, 32.59488], [130.44538, 32.59892], [130.44178, 32.59952], [130.44152, 32.60264], [130.44906, 32.60332], [130.45164, 32.60151], [130.45256, 32.60498], [130.44957, 32.60618], [130.45255, 32.60635], [130.45809, 32.61398], [130.45194, 32.61536], [130.44749, 32.62043], [130.44399, 32.61873], [130.44629, 32.61972], [130.44629, 32.62252], [130.44376, 32.62582], [130.43659, 32.6229], [130.43604, 32.61925], [130.43134, 32.61754], [130.43081, 32.61533], [130.43198, 32.61491], [130.43079, 32.6138], [130.42758, 32.61417], [130.426, 32.61797], [130.41962, 32.61754], [130.42098, 32.61561], [130.41877, 32.61455], [130.41955, 32.60919], [130.42368, 32.61048], [130.42243, 32.60835], [130.42516, 32.60607], [130.42507, 32.60378], [130.42097, 32.608], [130.41817, 32.60549], [130.41542, 32.60674], [130.41536, 32.60839], [130.41721, 32.60778], [130.41441, 32.60897], [130.41405, 32.61126], [130.41752, 32.61253], [130.41792, 32.61677], [130.41439, 32.6129], [130.41247, 32.61488], [130.41055, 32.61445], [130.40869, 32.61198], [130.41218, 32.60994], [130.41074, 32.60371], [130.40459, 32.59929], [130.40697, 32.59997], [130.40461, 32.59877], [130.40484, 32.59749], [130.39454, 32.5912], [130.39747, 32.59204], [130.39357, 32.58852], [130.39393, 32.58615], [130.3993, 32.58152], [130.40616, 32.58422], [130.41642, 32.5819], [130.41932, 32.57523], [130.41731, 32.57271], [130.41499, 32.57405], [130.41314, 32.57246], [130.41471, 32.5699], [130.41275, 32.5705], [130.41192, 32.56848], [130.40721, 32.56761], [130.40804, 32.56296], [130.40395, 32.55475], [130.40436, 32.54932], [130.40671, 32.55123], [130.40941, 32.55015], [130.41075, 32.5518], [130.40982, 32.55293], [130.4112, 32.55319], [130.41273, 32.54988], [130.41619, 32.55087], [130.4174, 32.54729], [130.41922, 32.54776], [130.41867, 32.54678], [130.42235, 32.54565], [130.4252, 32.54765], [130.42033, 32.55056], [130.42112, 32.5526], [130.4296, 32.54865], [130.43025, 32.547], [130.43126, 32.54938], [130.43313, 32.54804]], [[130.37271, 32.34178], [130.37492, 32.34634], [130.37297, 32.34967], [130.36352, 32.34589], [130.35691, 32.34969], [130.35671, 32.3518], [130.35228, 32.35012], [130.34724, 32.35054], [130.34395, 32.34799], [130.34053, 32.34139], [130.33859, 32.34255], [130.33688, 32.34142], [130.33844, 32.34181], [130.33654, 32.33896], [130.3382, 32.34003], [130.3386, 32.33868], [130.33616, 32.33753], [130.33411, 32.33924], [130.33389, 32.33698], [130.32933, 32.33324], [130.32974, 32.32739], [130.33456, 32.32901], [130.33267, 32.32019], [130.33369, 32.31663], [130.33069, 32.31289], [130.3277, 32.31144], [130.32899, 32.31412], [130.32739, 32.31444], [130.32761, 32.3174], [130.324, 32.31593], [130.32187, 32.31745], [130.31514, 32.31117], [130.31528, 32.30898], [130.31308, 32.31009], [130.31318, 32.31169], [130.30907, 32.31091], [130.30041, 32.30441], [130.30235, 32.30358], [130.30577, 32.30665], [130.31183, 32.3058], [130.31505, 32.30702], [130.31784, 32.30556], [130.32105, 32.30767], [130.32824, 32.30618], [130.32879, 32.30431], [130.33638, 32.3114], [130.33953, 32.31], [130.34055, 32.31263], [130.3449, 32.31233], [130.35662, 32.32186], [130.36054, 32.32636], [130.3639, 32.33508], [130.36813, 32.33588], [130.36903, 32.33871], [130.37271, 32.34178]], [[130.40336, 32.54393], [130.3974, 32.54386], [130.39625, 32.54006], [130.39409, 32.53965], [130.3965, 32.53867], [130.39781, 32.53581], [130.39689, 32.53928], [130.40043, 32.53711], [130.39794, 32.53629], [130.405, 32.53562], [130.406, 32.53668], [130.40368, 32.53592], [130.40532, 32.53726], [130.40395, 32.53898], [130.40602, 32.54011], [130.40523, 32.53772], [130.40794, 32.53878], [130.40802, 32.5423], [130.40336, 32.54393]], [[130.42482, 32.38624], [130.42593, 32.38756], [130.42324, 32.39397], [130.4177, 32.39579], [130.41502, 32.39945], [130.4113, 32.39677], [130.40777, 32.39674], [130.41001, 32.39735], [130.41158, 32.39501], [130.40868, 32.39476], [130.41113, 32.39356], [130.40763, 32.39259], [130.41115, 32.38637], [130.40913, 32.38547], [130.40957, 32.38346], [130.41798, 32.38099], [130.42117, 32.3785], [130.42031, 32.37713], [130.41833, 32.37875], [130.41987, 32.37679], [130.41735, 32.37406], [130.41601, 32.36911], [130.41827, 32.36713], [130.42157, 32.36814], [130.4233, 32.37204], [130.42637, 32.37226], [130.42698, 32.3751], [130.43061, 32.37426], [130.43223, 32.38072], [130.4366, 32.38179], [130.4329, 32.38221], [130.42824, 32.3793], [130.42408, 32.38165], [130.42482, 32.38624]], [[130.23632, 32.37822], [130.23548, 32.38063], [130.22988, 32.37709], [130.23216, 32.37577], [130.22966, 32.37493], [130.2287, 32.37255], [130.23025, 32.36584], [130.23312, 32.36556], [130.23571, 32.36752], [130.23632, 32.37822]], [[130.34949, 32.37339], [130.34213, 32.37122], [130.34109, 32.36816], [130.34142, 32.36644], [130.34487, 32.3653], [130.34582, 32.36229], [130.34912, 32.36057], [130.35297, 32.36203], [130.35536, 32.36533], [130.35368, 32.36861], [130.35159, 32.36944], [130.34865, 32.368], [130.3507, 32.36984], [130.35086, 32.37288], [130.34949, 32.37339]], [[130.41307, 32.54175], [130.4125, 32.54026], [130.41582, 32.53943], [130.41581, 32.53802], [130.4159, 32.53942], [130.41714, 32.53823], [130.41789, 32.53957], [130.41812, 32.53793], [130.42851, 32.54075], [130.42884, 32.54294], [130.42707, 32.54409], [130.42535, 32.54188], [130.4242, 32.54361], [130.42374, 32.54111], [130.42256, 32.54382], [130.41974, 32.541], [130.4205, 32.54333], [130.41884, 32.54407], [130.42003, 32.54441], [130.41505, 32.5451], [130.41571, 32.54651], [130.41186, 32.54598], [130.41088, 32.54739], [130.40517, 32.54462], [130.41265, 32.54384], [130.41307, 32.54175]], [[130.33433, 32.60037], [130.34102, 32.5986], [130.34396, 32.60346], [130.33692, 32.60709], [130.33208, 32.60642], [130.33048, 32.60511], [130.33433, 32.60037]], [[130.30192, 32.35067], [130.30914, 32.3512], [130.31338, 32.34945], [130.31744, 32.35225], [130.32165, 32.34851], [130.32386, 32.34901], [130.32328, 32.34749], [130.32096, 32.34778], [130.32139, 32.34612], [130.31863, 32.34898], [130.31373, 32.34713], [130.31391, 32.34423], [130.31237, 32.34463], [130.30991, 32.34075], [130.30989, 32.33939], [130.31144, 32.33934], [130.31739, 32.34391], [130.31896, 32.34354], [130.31798, 32.34101], [130.32055, 32.34009], [130.3267, 32.34452], [130.32612, 32.34649], [130.32975, 32.34781], [130.33567, 32.34634], [130.33933, 32.34733], [130.34234, 32.3554], [130.33814, 32.35372], [130.33335, 32.3545], [130.33494, 32.35571], [130.33331, 32.35639], [130.33456, 32.35879], [130.33111, 32.36001], [130.33042, 32.35814], [130.32797, 32.35744], [130.32798, 32.3617], [130.32953, 32.36379], [130.3278, 32.36469], [130.32746, 32.36074], [130.32608, 32.3616], [130.32389, 32.3575], [130.32387, 32.36144], [130.32003, 32.36342], [130.32416, 32.36619], [130.32203, 32.36577], [130.32195, 32.36812], [130.32094, 32.3658], [130.32043, 32.36729], [130.31885, 32.3659], [130.31847, 32.36746], [130.31756, 32.36506], [130.3159, 32.36602], [130.31359, 32.36496], [130.31452, 32.36826], [130.31294, 32.36677], [130.31306, 32.35918], [130.31104, 32.35777], [130.30405, 32.36324], [130.30392, 32.36147], [130.30211, 32.36233], [130.30067, 32.36076], [130.2992, 32.35766], [130.30076, 32.35732], [130.30192, 32.35067]], [[130.25496, 32.27506], [130.26033, 32.2742], [130.25782, 32.27618], [130.26007, 32.27838], [130.25781, 32.27973], [130.25874, 32.28093], [130.26791, 32.27958], [130.26917, 32.28255], [130.26508, 32.29219], [130.26747, 32.2958], [130.2536, 32.30142], [130.25748, 32.30815], [130.25614, 32.30645], [130.25383, 32.30727], [130.25288, 32.30608], [130.25439, 32.30479], [130.24864, 32.30362], [130.24715, 32.30082], [130.24071, 32.30179], [130.23502, 32.29954], [130.23338, 32.30087], [130.23244, 32.29756], [130.22891, 32.29764], [130.23405, 32.29619], [130.23632, 32.29172], [130.23423, 32.29057], [130.22913, 32.29211], [130.23108, 32.2906], [130.22938, 32.28864], [130.22168, 32.29354], [130.22306, 32.29186], [130.22006, 32.29178], [130.21886, 32.28885], [130.22015, 32.2877], [130.21462, 32.28385], [130.21367, 32.28004], [130.21633, 32.28068], [130.21471, 32.27854], [130.21782, 32.27757], [130.21684, 32.27496], [130.21348, 32.2766], [130.21249, 32.27565], [130.21503, 32.273], [130.21346, 32.27136], [130.21425, 32.26343], [130.21202, 32.26048], [130.21326, 32.25897], [130.211, 32.25794], [130.20961, 32.25463], [130.21413, 32.25367], [130.21485, 32.25009], [130.21595, 32.25514], [130.22015, 32.2564], [130.222, 32.2599], [130.23019, 32.26305], [130.22813, 32.26029], [130.23191, 32.25828], [130.23083, 32.25831], [130.2313, 32.2569], [130.23908, 32.25584], [130.24226, 32.2532], [130.24081, 32.25884], [130.23509, 32.26242], [130.2378, 32.26278], [130.23836, 32.26474], [130.24146, 32.26634], [130.24855, 32.26766], [130.2468, 32.2695], [130.24771, 32.27128], [130.25264, 32.27198], [130.25496, 32.27506]], [[130.15051, 32.27177], [130.14793, 32.27487], [130.145, 32.27499], [130.14145, 32.27774], [130.13371, 32.2722], [130.13205, 32.26609], [130.13519, 32.26255], [130.14122, 32.26291], [130.15067, 32.26899], [130.15051, 32.27177]], [[130.48114, 32.5624], [130.48727, 32.57105], [130.48257, 32.57702], [130.48401, 32.57535], [130.48212, 32.57651], [130.48038, 32.57556], [130.48189, 32.57697], [130.47998, 32.57785], [130.48072, 32.5806], [130.47778, 32.58246], [130.4782, 32.58434], [130.47671, 32.58371], [130.47456, 32.58599], [130.47606, 32.58687], [130.47421, 32.58639], [130.47312, 32.58796], [130.46723, 32.58171], [130.46508, 32.58174], [130.46763, 32.58049], [130.46442, 32.58017], [130.46421, 32.58139], [130.46259, 32.58018], [130.46014, 32.57198], [130.46406, 32.56915], [130.46273, 32.56745], [130.46495, 32.5651], [130.4617, 32.56448], [130.46193, 32.56083], [130.4653, 32.55709], [130.46454, 32.55591], [130.46622, 32.55566], [130.46479, 32.55432], [130.46597, 32.5491], [130.46402, 32.54732], [130.46565, 32.54618], [130.46259, 32.54414], [130.46387, 32.53939], [130.47025, 32.54575], [130.4709, 32.55161], [130.48114, 32.5624]], [[130.1793, 32.25138], [130.18278, 32.25374], [130.18432, 32.25276], [130.18538, 32.25484], [130.18341, 32.25559], [130.18608, 32.25691], [130.18425, 32.25739], [130.18803, 32.25815], [130.18976, 32.26141], [130.18986, 32.26803], [130.18606, 32.26887], [130.1882, 32.26433], [130.18362, 32.26314], [130.18493, 32.26044], [130.17849, 32.25686], [130.17687, 32.25399], [130.17242, 32.25732], [130.16943, 32.24923], [130.16712, 32.24952], [130.16806, 32.2477], [130.16564, 32.24479], [130.16775, 32.23984], [130.16457, 32.23916], [130.16522, 32.24064], [130.15895, 32.24497], [130.15894, 32.23924], [130.16205, 32.23295], [130.16375, 32.23237], [130.1612, 32.23089], [130.16304, 32.22975], [130.16147, 32.22808], [130.16405, 32.22826], [130.16376, 32.22976], [130.16613, 32.23118], [130.16562, 32.22898], [130.1675, 32.23059], [130.16903, 32.22836], [130.16837, 32.22673], [130.17058, 32.22612], [130.17001, 32.22959], [130.16805, 32.23112], [130.17183, 32.22981], [130.17272, 32.23264], [130.17522, 32.23357], [130.17377, 32.23562], [130.17802, 32.24146], [130.17551, 32.24081], [130.17687, 32.24518], [130.17553, 32.24754], [130.1793, 32.25138]], [[130.39169, 32.58339], [130.39274, 32.58396], [130.38955, 32.58725], [130.38016, 32.58214], [130.38486, 32.57941], [130.39035, 32.58236], [130.38945, 32.58338], [130.39169, 32.58339]], [[130.20047, 32.19637], [130.2002, 32.19794], [130.19681, 32.19763], [130.19244, 32.20027], [130.19145, 32.19772], [130.19051, 32.19952], [130.1919, 32.19998], [130.19016, 32.19955], [130.18965, 32.2031], [130.1866, 32.20379], [130.1881, 32.20588], [130.18518, 32.20941], [130.18666, 32.21285], [130.18226, 32.21821], [130.17531, 32.2209], [130.17641, 32.2227], [130.17437, 32.22465], [130.17712, 32.22795], [130.17391, 32.22938], [130.16952, 32.22457], [130.16583, 32.22416], [130.16354, 32.22062], [130.16774, 32.21765], [130.16573, 32.21764], [130.16384, 32.21226], [130.16015, 32.21465], [130.1617, 32.21533], [130.16036, 32.21522], [130.1617, 32.21885], [130.15986, 32.21867], [130.1591, 32.22007], [130.16124, 32.22048], [130.15854, 32.22143], [130.15964, 32.22185], [130.15848, 32.22221], [130.15862, 32.22674], [130.15622, 32.22602], [130.15559, 32.22837], [130.15431, 32.22831], [130.15248, 32.22727], [130.1542, 32.22597], [130.15335, 32.22329], [130.15602, 32.22213], [130.15237, 32.22237], [130.15473, 32.22076], [130.15191, 32.2182], [130.1558, 32.21703], [130.15433, 32.21385], [130.14542, 32.21676], [130.14903, 32.21253], [130.14925, 32.20798], [130.1553, 32.20404], [130.15892, 32.20435], [130.15582, 32.20178], [130.15569, 32.19727], [130.15249, 32.203], [130.1433, 32.20632], [130.14532, 32.20752], [130.1427, 32.20791], [130.14408, 32.20909], [130.1385, 32.21357], [130.13437, 32.21401], [130.13143, 32.21642], [130.13002, 32.21476], [130.12784, 32.21649], [130.12437, 32.21587], [130.12753, 32.21519], [130.12744, 32.21312], [130.12991, 32.21065], [130.12414, 32.213], [130.12471, 32.21402], [130.1208, 32.21224], [130.11895, 32.21502], [130.10987, 32.21627], [130.1057, 32.21381], [130.10549, 32.20987], [130.1109, 32.21002], [130.11193, 32.20726], [130.10614, 32.20592], [130.1053, 32.2039], [130.11254, 32.20181], [130.1155, 32.20306], [130.11567, 32.20151], [130.12181, 32.20029], [130.10726, 32.19884], [130.10859, 32.19654], [130.11292, 32.19564], [130.1142, 32.19371], [130.09804, 32.19419], [130.0977, 32.19302], [130.10943, 32.19037], [130.10935, 32.18793], [130.1036, 32.18913], [130.10275, 32.18801], [130.10156, 32.18965], [130.09496, 32.18878], [130.09728, 32.18671], [130.0967, 32.18476], [130.09105, 32.18151], [130.09109, 32.18014], [130.09818, 32.18029], [130.09831, 32.178], [130.09666, 32.17732], [130.0992, 32.17729], [130.09978, 32.17504], [130.0979, 32.173], [130.10441, 32.17412], [130.10931, 32.17021], [130.10705, 32.16992], [130.10931, 32.1698], [130.10898, 32.1681], [130.10643, 32.16952], [130.10947, 32.16801], [130.10783, 32.16092], [130.11132, 32.15996], [130.11197, 32.15725], [130.11558, 32.15716], [130.11472, 32.15595], [130.11352, 32.15691], [130.11696, 32.1495], [130.11479, 32.14457], [130.11427, 32.14648], [130.11426, 32.14452], [130.1115, 32.14281], [130.11372, 32.14311], [130.11666, 32.13816], [130.11312, 32.13074], [130.11338, 32.12724], [130.11113, 32.12579], [130.11755, 32.12318], [130.11899, 32.11809], [130.12259, 32.11668], [130.12175, 32.11868], [130.12542, 32.11555], [130.12852, 32.11511], [130.13079, 32.11058], [130.13603, 32.10601], [130.13885, 32.10501], [130.14113, 32.1063], [130.13994, 32.1079], [130.14096, 32.10684], [130.14183, 32.10851], [130.1477, 32.10495], [130.15075, 32.09979], [130.14849, 32.09394], [130.15067, 32.09245], [130.15428, 32.09282], [130.15455, 32.09051], [130.15722, 32.08951], [130.15992, 32.09128], [130.16332, 32.09005], [130.16736, 32.09237], [130.16909, 32.09488], [130.16672, 32.09754], [130.16972, 32.10198], [130.16825, 32.10153], [130.16944, 32.10297], [130.16749, 32.10537], [130.17011, 32.10385], [130.1706, 32.10584], [130.17198, 32.10571], [130.17281, 32.10841], [130.1704, 32.10972], [130.17399, 32.11059], [130.17563, 32.11267], [130.17662, 32.11603], [130.17553, 32.1182], [130.17786, 32.11761], [130.1767, 32.11909], [130.17846, 32.12338], [130.17606, 32.12356], [130.17408, 32.12586], [130.17386, 32.12961], [130.17207, 32.13008], [130.17108, 32.13381], [130.17413, 32.13672], [130.17367, 32.13313], [130.17734, 32.12796], [130.17953, 32.13725], [130.18515, 32.1397], [130.18658, 32.14277], [130.19355, 32.14785], [130.20486, 32.14861], [130.20946, 32.15368], [130.20928, 32.15884], [130.20258, 32.16527], [130.20511, 32.16936], [130.19748, 32.16704], [130.19768, 32.17079], [130.19522, 32.17151], [130.1943, 32.16427], [130.19054, 32.16286], [130.19056, 32.16474], [130.18586, 32.16428], [130.18746, 32.16706], [130.18677, 32.17707], [130.18233, 32.17677], [130.18876, 32.18705], [130.18785, 32.18963], [130.19022, 32.18986], [130.18976, 32.18892], [130.19341, 32.19058], [130.20047, 32.19637]], [[129.96719, 32.756], [129.96829, 32.75501], [129.96721, 32.75376], [129.97057, 32.75196], [129.97035, 32.74912], [129.97475, 32.75014], [129.9784, 32.74728], [129.98309, 32.74872], [129.98416, 32.74612], [129.98934, 32.75055], [129.98776, 32.75302], [129.98778, 32.75039], [129.98518, 32.75279], [129.98159, 32.74997], [129.97793, 32.75264], [129.9807, 32.76002], [129.97841, 32.76057], [129.97753, 32.75874], [129.97695, 32.76025], [129.97483, 32.75898], [129.97229, 32.76034], [129.97019, 32.75893], [129.96446, 32.76237], [129.96719, 32.756]], [[140.99132, 45.36575], [140.99454, 45.36319], [140.99658, 45.355], [140.99955, 45.35137], [140.99979, 45.34323], [141.00359, 45.33809], [141.00239, 45.32826], [141.0043, 45.32817], [141.00682, 45.32482], [141.00605, 45.32391], [141.00802, 45.32397], [141.01459, 45.3162], [141.01695, 45.31572], [141.01754, 45.31328], [141.02144, 45.31171], [141.02295, 45.30903], [141.02168, 45.30737], [141.02235, 45.3041], [141.02492, 45.30244], [141.02648, 45.29726], [141.02486, 45.29003], [141.01974, 45.28854], [141.01463, 45.28408], [141.02617, 45.27365], [141.03626, 45.27419], [141.03391, 45.27464], [141.03657, 45.27527], [141.04321, 45.27417], [141.04656, 45.27837], [141.04667, 45.28164], [141.0452, 45.28216], [141.04723, 45.28773], [141.04488, 45.29502], [141.0465, 45.29548], [141.04571, 45.29798], [141.05065, 45.30275], [141.04756, 45.30133], [141.04898, 45.30174], [141.04854, 45.30367], [141.05012, 45.30475], [141.05141, 45.30323], [141.05045, 45.3052], [141.05226, 45.31069], [141.05724, 45.3188], [141.05119, 45.33216], [141.05165, 45.33533], [141.0498, 45.33695], [141.05129, 45.33772], [141.04921, 45.3394], [141.04965, 45.34113], [141.05492, 45.34318], [141.05931, 45.35309], [141.05809, 45.35749], [141.06023, 45.36379], [141.05835, 45.36595], [141.06005, 45.36946], [141.05925, 45.37812], [141.0557, 45.38925], [141.0543, 45.38856], [141.05766, 45.39134], [141.05865, 45.39578], [141.05628, 45.4068], [141.06014, 45.41566], [141.06299, 45.41796], [141.0616, 45.41991], [141.0623, 45.42163], [141.0668, 45.42224], [141.0673, 45.42417], [141.06049, 45.43097], [141.04957, 45.4511], [141.0416, 45.45569], [141.04444, 45.45576], [141.04029, 45.45624], [141.0339, 45.46081], [141.03216, 45.45908], [141.03375, 45.45577], [141.03292, 45.45168], [141.03397, 45.45277], [141.03518, 45.45164], [141.03376, 45.45048], [141.03534, 45.45035], [141.03774, 45.44294], [141.02884, 45.43661], [141.01271, 45.43303], [140.99829, 45.43501], [140.99541, 45.43767], [140.99327, 45.43738], [140.99408, 45.43853], [140.99146, 45.43849], [140.98951, 45.44164], [140.98513, 45.44379], [140.98499, 45.44536], [140.98737, 45.44566], [140.98583, 45.44749], [140.98112, 45.44901], [140.98009, 45.45399], [140.97678, 45.45414], [140.97454, 45.45667], [140.97813, 45.4564], [140.97191, 45.45816], [140.96708, 45.46415], [140.96789, 45.46034], [140.96591, 45.45725], [140.96756, 45.4529], [140.97349, 45.45214], [140.97685, 45.44763], [140.9748, 45.44321], [140.96643, 45.43839], [140.98252, 45.43534], [140.99132, 45.42927], [140.99441, 45.42383], [140.99344, 45.41876], [140.98255, 45.41505], [140.98653, 45.41414], [140.98686, 45.4124], [140.98441, 45.41067], [140.98931, 45.41134], [140.99168, 45.40807], [140.98935, 45.40563], [140.98961, 45.40375], [140.9861, 45.40228], [140.9867, 45.3997], [140.98471, 45.39847], [140.98609, 45.39782], [140.98522, 45.39558], [140.98902, 45.39274], [140.98877, 45.38985], [140.9908, 45.38631], [140.98269, 45.38309], [140.98445, 45.37601], [140.98868, 45.37157], [140.98841, 45.36956], [140.99132, 45.36575]], [[141.21554, 45.25094], [141.21478, 45.25228], [141.21181, 45.25153], [141.20804, 45.25399], [141.2028, 45.25474], [141.19915, 45.25973], [141.19679, 45.25831], [141.19351, 45.2592], [141.1892, 45.2568], [141.18949, 45.25328], [141.18724, 45.25235], [141.18803, 45.25091], [141.18498, 45.25327], [141.17927, 45.25105], [141.17929, 45.24723], [141.17589, 45.24773], [141.17745, 45.2454], [141.1755, 45.24261], [141.17264, 45.2418], [141.17118, 45.23874], [141.16272, 45.23822], [141.15592, 45.235], [141.15216, 45.23058], [141.15316, 45.22879], [141.1509, 45.2254], [141.14161, 45.22369], [141.1404, 45.22116], [141.13813, 45.22065], [141.13899, 45.21857], [141.13238, 45.2135], [141.13566, 45.2066], [141.13842, 45.20629], [141.1394, 45.2046], [141.13763, 45.19967], [141.13548, 45.19971], [141.14241, 45.19463], [141.14163, 45.19021], [141.13553, 45.18866], [141.13908, 45.18869], [141.13483, 45.18655], [141.13302, 45.18774], [141.13404, 45.19014], [141.13236, 45.188], [141.13003, 45.18809], [141.13059, 45.19164], [141.12684, 45.18595], [141.13936, 45.18236], [141.13946, 45.18046], [141.13549, 45.17762], [141.13875, 45.17365], [141.13764, 45.1695], [141.14026, 45.16395], [141.14203, 45.16316], [141.14117, 45.16165], [141.14422, 45.15952], [141.14904, 45.15908], [141.1513, 45.15685], [141.1518, 45.15196], [141.16174, 45.14635], [141.16601, 45.13718], [141.18001, 45.12802], [141.19335, 45.12462], [141.2043, 45.11395], [141.21464, 45.11085], [141.21925, 45.1066], [141.22704, 45.10546], [141.22818, 45.1021], [141.22707, 45.09995], [141.2378, 45.09697], [141.24593, 45.09977], [141.24919, 45.10343], [141.26307, 45.10757], [141.27246, 45.10822], [141.27251, 45.10981], [141.27457, 45.11068], [141.28012, 45.10691], [141.28577, 45.10907], [141.28718, 45.11113], [141.2865, 45.11493], [141.28909, 45.11542], [141.29298, 45.11924], [141.29216, 45.12273], [141.29501, 45.125], [141.30021, 45.12475], [141.30868, 45.13006], [141.30921, 45.13219], [141.30723, 45.13424], [141.31054, 45.13509], [141.30937, 45.13592], [141.31074, 45.13775], [141.33032, 45.14994], [141.32864, 45.1534], [141.32926, 45.16042], [141.3278, 45.17035], [141.32473, 45.17661], [141.32461, 45.18366], [141.31802, 45.19353], [141.31846, 45.19708], [141.3121, 45.20068], [141.31071, 45.20588], [141.3033, 45.21487], [141.29556, 45.22031], [141.28245, 45.22342], [141.27922, 45.22607], [141.28041, 45.23077], [141.2772, 45.2311], [141.27569, 45.2338], [141.26901, 45.23586], [141.26435, 45.23013], [141.2534, 45.23544], [141.23413, 45.23392], [141.2272, 45.23745], [141.2289, 45.24198], [141.2276, 45.24433], [141.22866, 45.24283], [141.23086, 45.24408], [141.23129, 45.24258], [141.2322, 45.24676], [141.22516, 45.24476], [141.21554, 45.25094]], [[139.52267, 42.187], [139.53385, 42.19756], [139.5444, 42.20221], [139.54669, 42.20671], [139.55103, 42.21012], [139.5492, 42.21292], [139.55103, 42.21848], [139.56055, 42.22685], [139.56051, 42.23369], [139.56341, 42.23428], [139.56042, 42.23552], [139.56159, 42.24239], [139.55856, 42.25287], [139.54996, 42.23899], [139.54647, 42.23797], [139.54721, 42.23951], [139.5363, 42.23287], [139.53003, 42.2325], [139.52771, 42.23401], [139.52236, 42.23007], [139.51411, 42.23029], [139.48537, 42.22304], [139.47277, 42.22203], [139.46932, 42.2175], [139.4629, 42.2158], [139.45221, 42.21706], [139.44965, 42.21907], [139.44793, 42.21904], [139.44677, 42.2165], [139.43892, 42.21683], [139.43529, 42.21578], [139.43103, 42.20881], [139.42536, 42.20526], [139.42591, 42.20181], [139.42315, 42.1994], [139.42537, 42.19839], [139.42491, 42.1964], [139.42137, 42.19638], [139.422, 42.1946], [139.41975, 42.19467], [139.41715, 42.18868], [139.41533, 42.18894], [139.41568, 42.18682], [139.40979, 42.18262], [139.40973, 42.17993], [139.40843, 42.17877], [139.40681, 42.17998], [139.40629, 42.1785], [139.40774, 42.17765], [139.40617, 42.17767], [139.41001, 42.1726], [139.40862, 42.17174], [139.40961, 42.16958], [139.4099, 42.17182], [139.41131, 42.16963], [139.40499, 42.1646], [139.40662, 42.16332], [139.40666, 42.15973], [139.41277, 42.15619], [139.4124, 42.15409], [139.41004, 42.15366], [139.41408, 42.15138], [139.4228, 42.13697], [139.4218, 42.13394], [139.42297, 42.12935], [139.41832, 42.12053], [139.41919, 42.11805], [139.41748, 42.115], [139.4197, 42.11273], [139.41931, 42.11073], [139.42389, 42.10708], [139.42539, 42.10146], [139.42317, 42.09542], [139.4255, 42.09036], [139.4245, 42.0804], [139.42087, 42.07589], [139.42117, 42.07118], [139.42609, 42.07154], [139.43497, 42.0667], [139.44345, 42.06424], [139.44918, 42.05183], [139.45034, 42.05193], [139.45158, 42.05651], [139.45707, 42.06048], [139.4517, 42.0568], [139.45179, 42.05548], [139.45073, 42.05668], [139.45042, 42.06088], [139.45242, 42.06261], [139.45378, 42.06172], [139.45231, 42.06044], [139.45299, 42.05841], [139.45437, 42.06195], [139.45218, 42.06356], [139.45482, 42.06679], [139.46729, 42.07122], [139.48078, 42.07154], [139.49612, 42.08342], [139.49818, 42.091], [139.50517, 42.09827], [139.50594, 42.10779], [139.5123, 42.11947], [139.51516, 42.13062], [139.51975, 42.13597], [139.51772, 42.14299], [139.52063, 42.14554], [139.52128, 42.14864], [139.51969, 42.14579], [139.52074, 42.14803], [139.51916, 42.14822], [139.5194, 42.14979], [139.52262, 42.15402], [139.51819, 42.15643], [139.51661, 42.15916], [139.51778, 42.17195], [139.51664, 42.1713], [139.51686, 42.17428], [139.51827, 42.1743], [139.51705, 42.17622], [139.52215, 42.18197], [139.52161, 42.18327], [139.52284, 42.18315], [139.52119, 42.1838], [139.52267, 42.187]], [[139.50859, 34.12142], [139.50678, 34.12273], [139.49844, 34.12183], [139.49188, 34.11835], [139.48941, 34.1126], [139.49406, 34.10432], [139.48964, 34.10063], [139.48834, 34.10074], [139.48987, 34.10195], [139.48855, 34.10316], [139.4887, 34.09562], [139.48253, 34.09032], [139.48246, 34.08711], [139.48032, 34.08623], [139.48184, 34.08598], [139.48189, 34.08337], [139.47371, 34.0786], [139.47289, 34.0766], [139.47522, 34.07323], [139.48019, 34.07064], [139.4802, 34.06859], [139.47731, 34.06771], [139.47963, 34.06811], [139.47951, 34.06607], [139.4799, 34.06786], [139.48182, 34.06755], [139.48087, 34.06527], [139.47839, 34.06523], [139.47752, 34.06686], [139.47842, 34.05764], [139.48125, 34.0566], [139.48121, 34.05166], [139.48779, 34.05241], [139.49291, 34.04814], [139.49598, 34.04854], [139.50194, 34.04514], [139.51242, 34.04853], [139.52122, 34.04653], [139.52493, 34.04935], [139.5286, 34.0462], [139.53189, 34.04656], [139.53188, 34.04861], [139.53438, 34.04956], [139.5344, 34.05279], [139.53861, 34.05333], [139.54148, 34.0567], [139.5462, 34.05611], [139.54274, 34.05644], [139.5456, 34.0582], [139.54516, 34.05671], [139.55099, 34.05839], [139.55539, 34.06203], [139.55517, 34.06338], [139.55871, 34.06435], [139.55822, 34.06583], [139.55977, 34.06546], [139.56123, 34.06881], [139.56321, 34.06896], [139.56325, 34.07887], [139.5697, 34.08122], [139.5633, 34.08001], [139.56128, 34.08364], [139.56321, 34.09112], [139.56651, 34.09351], [139.5651, 34.09395], [139.56554, 34.0974], [139.56368, 34.10032], [139.56566, 34.10209], [139.56322, 34.10259], [139.56336, 34.10551], [139.55947, 34.11172], [139.54783, 34.11671], [139.54692, 34.11967], [139.53973, 34.1243], [139.53612, 34.12331], [139.532, 34.12557], [139.53235, 34.12373], [139.52991, 34.12411], [139.53213, 34.12411], [139.53148, 34.12522], [139.52563, 34.12412], [139.52224, 34.1251], [139.51402, 34.12057], [139.50859, 34.12142]], [[139.40162, 34.78759], [139.39466, 34.78878], [139.38949, 34.7933], [139.3885, 34.79276], [139.39158, 34.78975], [139.38948, 34.78946], [139.39121, 34.78874], [139.38873, 34.7893], [139.38944, 34.79006], [139.38461, 34.78984], [139.38088, 34.79416], [139.37669, 34.79431], [139.37278, 34.79832], [139.36756, 34.79626], [139.3605, 34.79908], [139.35985, 34.79381], [139.35431, 34.79039], [139.35265, 34.78455], [139.34964, 34.7828], [139.34931, 34.77511], [139.35209, 34.76911], [139.34891, 34.76604], [139.34873, 34.76267], [139.34992, 34.75572], [139.35196, 34.75355], [139.35153, 34.75193], [139.34859, 34.75177], [139.35251, 34.75154], [139.35351, 34.74439], [139.35694, 34.74189], [139.35674, 34.73492], [139.35393, 34.73148], [139.35405, 34.73349], [139.35293, 34.73211], [139.3533, 34.7269], [139.35169, 34.72509], [139.35332, 34.71729], [139.36119, 34.70985], [139.35811, 34.70124], [139.36225, 34.70188], [139.37188, 34.69921], [139.37671, 34.69569], [139.38137, 34.69513], [139.3912, 34.68654], [139.3947, 34.68711], [139.39474, 34.68448], [139.39972, 34.684], [139.4012, 34.68194], [139.41633, 34.68077], [139.42437, 34.68285], [139.42876, 34.681], [139.43017, 34.67867], [139.43871, 34.67867], [139.44045, 34.68113], [139.44255, 34.68128], [139.44016, 34.68158], [139.44062, 34.68335], [139.43731, 34.68551], [139.4366, 34.6881], [139.43878, 34.6882], [139.43934, 34.68537], [139.44257, 34.68369], [139.44475, 34.68454], [139.44442, 34.68906], [139.45001, 34.69652], [139.44359, 34.70362], [139.44455, 34.71016], [139.44831, 34.71247], [139.44965, 34.71535], [139.449, 34.71988], [139.44483, 34.72518], [139.44553, 34.72817], [139.44388, 34.73199], [139.44484, 34.73503], [139.44853, 34.73798], [139.44834, 34.7438], [139.44554, 34.74763], [139.44332, 34.74774], [139.44071, 34.75245], [139.44153, 34.7553], [139.43576, 34.77013], [139.42332, 34.78106], [139.41835, 34.78168], [139.41466, 34.78527], [139.41432, 34.78393], [139.41319, 34.78688], [139.40826, 34.78615], [139.40162, 34.78759]], [[139.2755, 34.53303], [139.26854, 34.52701], [139.26749, 34.519], [139.27134, 34.51287], [139.27776, 34.51078], [139.28115, 34.51178], [139.29021, 34.51962], [139.293, 34.52435], [139.29077, 34.52856], [139.28289, 34.53252], [139.28226, 34.53447], [139.2827, 34.53279], [139.28133, 34.53256], [139.28282, 34.53204], [139.28055, 34.53191], [139.28088, 34.53484], [139.28008, 34.5322], [139.27559, 34.5319], [139.27613, 34.53527], [139.2755, 34.53303]], [[139.2087, 34.33486], [139.20603, 34.33463], [139.20759, 34.33439], [139.20689, 34.33324], [139.20871, 34.33067], [139.20645, 34.33063], [139.20621, 34.32807], [139.20505, 34.32932], [139.20501, 34.32694], [139.20051, 34.32966], [139.2015, 34.32583], [139.19822, 34.32477], [139.19412, 34.32031], [139.195, 34.31817], [139.19801, 34.31756], [139.19561, 34.31665], [139.20138, 34.31629], [139.20253, 34.32065], [139.20463, 34.32026], [139.20427, 34.32181], [139.20761, 34.32108], [139.20737, 34.31762], [139.21154, 34.31833], [139.21103, 34.3171], [139.21333, 34.3159], [139.21402, 34.31779], [139.21686, 34.3168], [139.21845, 34.32079], [139.22119, 34.31999], [139.21976, 34.32025], [139.21979, 34.32213], [139.22486, 34.3234], [139.22425, 34.32424], [139.22679, 34.3257], [139.22696, 34.33043], [139.22287, 34.33005], [139.22188, 34.33105], [139.22344, 34.3314], [139.21672, 34.33372], [139.21429, 34.33224], [139.21484, 34.33413], [139.21654, 34.33423], [139.21544, 34.33578], [139.21419, 34.33472], [139.2129, 34.33695], [139.21117, 34.33584], [139.20923, 34.33675], [139.2087, 34.33486]], [[139.58848, 33.89473], [139.57987, 33.88529], [139.57686, 33.87952], [139.57658, 33.8665], [139.57877, 33.86029], [139.59241, 33.85433], [139.6208, 33.85231], [139.62465, 33.8561], [139.63207, 33.8702], [139.6252, 33.88391], [139.61853, 33.89243], [139.60549, 33.90096], [139.59402, 33.89909], [139.58948, 33.89594], [139.58681, 33.89755], [139.58848, 33.89473]], [[139.28985, 34.40268], [139.2894, 34.40637], [139.29137, 34.40799], [139.28813, 34.40986], [139.28679, 34.41321], [139.29232, 34.41901], [139.29098, 34.42035], [139.29119, 34.42413], [139.28854, 34.42555], [139.28763, 34.42806], [139.28394, 34.42889], [139.28325, 34.43081], [139.27859, 34.43151], [139.28174, 34.42405], [139.28101, 34.42051], [139.27891, 34.41916], [139.27987, 34.41834], [139.27812, 34.41686], [139.27679, 34.41798], [139.27779, 34.41679], [139.2747, 34.41525], [139.27394, 34.4162], [139.27661, 34.41951], [139.27347, 34.41629], [139.26932, 34.41658], [139.2671, 34.41437], [139.26677, 34.40833], [139.25854, 34.40201], [139.25517, 34.40109], [139.25624, 34.39881], [139.25486, 34.39654], [139.25732, 34.39471], [139.25651, 34.38778], [139.25246, 34.37643], [139.25077, 34.37372], [139.24926, 34.37414], [139.25039, 34.37302], [139.24854, 34.37079], [139.24681, 34.37179], [139.24501, 34.36976], [139.24695, 34.37156], [139.24817, 34.37079], [139.24407, 34.36753], [139.24413, 34.36921], [139.2395, 34.37213], [139.24336, 34.36785], [139.24184, 34.36398], [139.24281, 34.36272], [139.24161, 34.36242], [139.24352, 34.36211], [139.24514, 34.35829], [139.24446, 34.34801], [139.24877, 34.34518], [139.25226, 34.33958], [139.26124, 34.33378], [139.27184, 34.33078], [139.27326, 34.34018], [139.27597, 34.34291], [139.2768, 34.34841], [139.27614, 34.37611], [139.2779, 34.39029], [139.28197, 34.39597], [139.28392, 34.39458], [139.28574, 34.3964], [139.28321, 34.39574], [139.28481, 34.39636], [139.28295, 34.39758], [139.28513, 34.40019], [139.28985, 34.40268]], [[139.14211, 34.24388], [139.13766, 34.24208], [139.13716, 34.23737], [139.13421, 34.23582], [139.13696, 34.22847], [139.13618, 34.2249], [139.13309, 34.22293], [139.13188, 34.22403], [139.12825, 34.2228], [139.12844, 34.22023], [139.13378, 34.21809], [139.13033, 34.21518], [139.13277, 34.20835], [139.13125, 34.21023], [139.12734, 34.20927], [139.12992, 34.2094], [139.13268, 34.20732], [139.13251, 34.20194], [139.12187, 34.19933], [139.11945, 34.19386], [139.12156, 34.18956], [139.11946, 34.19004], [139.12284, 34.18825], [139.12284, 34.18969], [139.12493, 34.18969], [139.12534, 34.1871], [139.12831, 34.18705], [139.12897, 34.18454], [139.13243, 34.18551], [139.13315, 34.18715], [139.13831, 34.18531], [139.14134, 34.18737], [139.14247, 34.18581], [139.14381, 34.18973], [139.14567, 34.18763], [139.1475, 34.1967], [139.149, 34.19683], [139.15167, 34.19275], [139.15382, 34.19335], [139.15279, 34.19492], [139.15501, 34.19438], [139.15877, 34.20009], [139.15642, 34.19788], [139.15532, 34.20054], [139.15434, 34.19884], [139.1533, 34.20049], [139.15386, 34.20185], [139.15766, 34.20043], [139.15461, 34.20213], [139.15708, 34.20494], [139.16804, 34.20869], [139.17049, 34.2046], [139.17531, 34.20446], [139.17614, 34.20765], [139.17347, 34.21191], [139.17574, 34.21667], [139.17189, 34.21948], [139.17069, 34.23127], [139.16773, 34.23413], [139.15646, 34.23933], [139.14935, 34.23932], [139.1462, 34.24264], [139.14211, 34.24388]]]}}]}