{
 "type": "FeatureCollection",
 "name": "manchuria-1942-stations",
 "crs": {
  "type": "name",
  "properties": {
   "name": "urn:ogc:def:crs:OGC:1.3:CRS84"
  }
 },
 "features": [
  {
   "type": "Feature",
   "id": 1,
   "properties": {
    "name": "大口欽",
    "name_modern": "大口钦",
    "pinyin": "Dàkǒuqīn",
    "name_ref": "大口欽",
    "yomi": "だいこうきん",
    "romaji": "Daikōkin",
    "lines": "其他 吉林鐵道線",
    "osm_id": "2332314834",
    "fclass": "railway_station",
    "dist_to_line_m": null,
    "match": "corridor",
    "notes": "line not in manchuria-1942-lines.geojson; matched by name inside the corridor of its anchor stations (其他 吉林鐵道線)"
   },
   "geometry": {
    "type": "Point",
    "coordinates": [
     126.57508,
     44.16143
    ]
   }
  },
  {
   "type": "Feature",
   "id": 2,
   "properties": {
    "name": "金珠",
    "name_modern": "金珠",
    "pinyin": "Jīnzhū",
    "name_ref": "金珠",
    "yomi": "きんしゅ",
    "romaji": "Kinshu",
    "lines": "其他 吉林鐵道線",
    "osm_id": "2332314839",
    "fclass": "railway_station",
    "dist_to_line_m": null,
    "match": "corridor",
    "notes": "line not in manchuria-1942-lines.geojson; matched by name inside the corridor of its anchor stations (其他 吉林鐵道線)"
   },
   "geometry": {
    "type": "Point",
    "coordinates": [
     126.5461364,
     44.0196008
    ]
   }
  },
  {
   "type": "Feature",
   "id": 3,
   "properties": {
    "name": "西豐",
    "name_modern": "西丰",
    "pinyin": "Xīfēng",
    "name_ref": "西豐",
    "yomi": "せいほう",
    "romaji": "Seihō",
    "lines": "其他 開豐鐵道線",
    "osm_id": "12627525341",
    "fclass": "railway_station",
    "dist_to_line_m": null,
    "match": "corridor",
    "notes": "line not in manchuria-1942-lines.geojson; matched by name inside the corridor of its anchor stations (其他 開豐鐵道線)"
   },
   "geometry": {
    "type": "Point",
    "coordinates": [
     124.7015257,
     42.7323805
    ]
   }
  },
  {
   "type": "Feature",
   "id": 4,
   "properties": {
    "name": "東新京",
    "name_modern": "长春东",
    "pinyin": "Chángchūndōng",
    "name_ref": "東新京",
    "yomi": "ひがししんきょう",
    "romaji": "Higashishinkyō",
    "lines": "國線 京圖線; 滿洲國線 京圖線",
    "osm_id": "3039672927",
    "fclass": "railway_station",
    "dist_to_line_m": 17,
    "match": "alias",
    "notes": "東新京 = 长春东站"
   },
   "geometry": {
    "type": "Point",
    "coordinates": [
     125.3703056,
     43.8959348
    ]
   }
  },
  {
   "type": "Feature",
   "id": 5,
   "properties": {
    "name": "一間堡",
    "name_modern": "一间堡",
    "pinyin": "Yījiānbǎo",
    "name_ref": "一間堡",
    "yomi": "いっけんぽ",
    "romaji": "Ikkenpo",
    "lines": "國線 京濱線",
    "osm_id": "1273440092",
    "fclass": "railway_station",
    "dist_to_line_m": 2,
    "match": "name",
    "notes": null
   },
   "geometry": {
    "type": "Point",
    "coordinates": [
     125.3517872,
     43.9996151
    ]
   }
  },
  {
   "type": "Feature",
   "id": 6,
   "properties": {
    "name": "三岔河",
    "name_modern": "扶余",
    "pinyin": "Fúyú",
    "name_ref": "三岔河",
    "yomi": "さんたが",
    "romaji": "Santaga",
    "lines": "國線 京濱線",
    "osm_id": "8436994999",
    "fclass": "railway_station",
    "dist_to_line_m": 23,
    "match": "alias",
    "notes": "三岔河 = 扶余站 (renamed)"
   },
   "geometry": {
    "type": "Point",
    "coordinates": [
     126.0184333,
     44.9850621
    ]
   }
  },
  {
   "type": "Feature",
   "id": 7,
   "properties": {
    "name": "五家",
    "name_modern": "五家",
    "pinyin": "Wǔjiā",
    "name_ref": "五家",
    "yomi": "ごか",
    "romaji": "Goka",
    "lines": "國線 京濱線",
    "osm_id": "8436994998",
    "fclass": "railway_station",
    "dist_to_line_m": 56,
    "match": "name",
    "notes": null
   },
   "geometry": {
    "type": "Point",
    "coordinates": [
     126.3871143,
     45.5423002
    ]
   }
  },
  {
   "type": "Feature",
   "id": 8,
   "properties": {
    "name": "布海",
    "name_modern": "布海",
    "pinyin": "Bùhǎi",
    "name_ref": "布海",
    "yomi": "ふかい",
    "romaji": "Fukai",
    "lines": "國線 京濱線",
    "osm_id": "2348271082",
    "fclass": "railway_station",
    "dist_to_line_m": 18,
    "match": "name",
    "notes": null
   },
   "geometry": {
    "type": "Point",
    "coordinates": [
     125.621925,
     44.3811555
    ]
   }
  },
  {
   "type": "Feature",
   "id": 9,
   "properties": {
    "name": "王崗",
    "name_modern": "王岗",
    "pinyin": "Wánggǎng",
    "name_ref": "王崗",
    "yomi": "おうこう",
    "romaji": "Ōkō",
    "lines": "國線 京濱線",
    "osm_id": "2348271088",
    "fclass": "railway_station",
    "dist_to_line_m": 33,
    "match": "name",
    "notes": null
   },
   "geometry": {
    "type": "Point",
    "coordinates": [
     126.5393119,
     45.6692303
    ]
   }
  },
  {
   "type": "Feature",
   "id": 10,
   "properties": {
    "name": "米沙子",
    "name_modern": "米沙子",
    "pinyin": "Mǐshāzi",
    "name_ref": "米沙子",
    "yomi": "べいさし",
    "romaji": "Beisashi",
    "lines": "國線 京濱線",
    "osm_id": "2348271087",
    "fclass": "railway_station",
    "dist_to_line_m": 63,
    "match": "name",
    "notes": null
   },
   "geometry": {
    "type": "Point",
    "coordinates": [
     125.471,
     44.1456
    ]
   }
  },
  {
   "type": "Feature",
   "id": 11,
   "properties": {
    "name": "蔡家溝",
    "name_modern": "蔡家沟",
    "pinyin": "Càijiāgōu",
    "name_ref": "蔡家溝",
    "yomi": "さいかこう",
    "romaji": "Saikakō",
    "lines": "國線 京濱線",
    "osm_id": "2662698161",
    "fclass": "railway_station",
    "dist_to_line_m": 29,
    "match": "name",
    "notes": null
   },
   "geometry": {
    "type": "Point",
    "coordinates": [
     126.1314149,
     45.1181992
    ]
   }
  },
  {
   "type": "Feature",
   "id": 12,
   "properties": {
    "name": "蘭稜",
    "name_modern": "兰棱",
    "pinyin": "Lánléng",
    "name_ref": "蘭稜",
    "yomi": "らんりょう",
    "romaji": "Ranryō",
    "lines": "國線 京濱線",
    "osm_id": "6357489709",
    "fclass": "railway_station",
    "dist_to_line_m": 21,
    "match": "name",
    "notes": null
   },
   "geometry": {
    "type": "Point",
    "coordinates": [
     126.1831654,
     45.2194808
    ]
   }
  },
  {
   "type": "Feature",
   "id": 13,
   "properties": {
    "name": "達家溝",
    "name_modern": "达家沟",
    "pinyin": "Dájiāgōu",
    "name_ref": "達家溝",
    "yomi": "たっかこう",
    "romaji": "Takkakō",
    "lines": "國線 京濱線",
    "osm_id": "8436995004",
    "fclass": "railway_station",
    "dist_to_line_m": 20,
    "match": "name",
    "notes": null
   },
   "geometry": {
    "type": "Point",
    "coordinates": [
     125.8158468,
     44.6565005
    ]
   }
  },
  {
   "type": "Feature",
   "id": 14,
   "properties": {
    "name": "陶頼昭",
    "name_modern": "陶赖昭",
    "pinyin": "Táolàizhāo",
    "name_ref": "陶賴昭",
    "yomi": "とうらいしょう",
    "romaji": "Tōraishō",
    "lines": "國線 京濱線",
    "osm_id": "8436995000",
    "fclass": "railway_station",
    "dist_to_line_m": 60,
    "match": "name",
    "notes": null
   },
   "geometry": {
    "type": "Point",
    "coordinates": [
     125.9334909,
     44.8247983
    ]
   }
  },
  {
   "type": "Feature",
   "id": 15,
   "properties": {
    "name": "□家",
    "name_modern": "华家",
    "pinyin": "Huájiā",
    "name_ref": "華家",
    "yomi": "かか",
    "romaji": "Kaka",
    "lines": "國線 京白線",
    "osm_id": "1273440681",
    "fclass": "railway_station",
    "dist_to_line_m": 5,
    "match": "alias",
    "notes": "illegible; reference 華家 = OSM 华家 (on trace, at reference km)"
   },
   "geometry": {
    "type": "Point",
    "coordinates": [
     125.1404749,
     44.2882195
    ]
   }
  },
  {
   "type": "Feature",
   "id": 16,
   "properties": {
    "name": "七家子",
    "name_modern": "七家子",
    "pinyin": "Qījiāzi",
    "name_ref": "七家子",
    "yomi": "しちかし",
    "romaji": "Shichikashi",
    "lines": "國線 京白線",
    "osm_id": "1273438455",
    "fclass": "railway_station",
    "dist_to_line_m": 22,
    "match": "name",
    "notes": null
   },
   "geometry": {
    "type": "Point",
    "coordinates": [
     124.9303173,
     45.0474198
    ]
   }
  },
  {
   "type": "Feature",
   "id": 17,
   "properties": {
    "name": "到樂",
    "name_modern": "到保",
    "pinyin": "Dàobǎo",
    "name_ref": "到保",
    "yomi": "とうほ",
    "romaji": "Tōho",
    "lines": "國線 京白線",
    "osm_id": "1273440099",
    "fclass": "railway_station",
    "dist_to_line_m": 58,
    "match": "alias",
    "notes": "printed 到樂; reference 到保 = OSM 到保 (misreading)"
   },
   "geometry": {
    "type": "Point",
    "coordinates": [
     123.1643579,
     45.5962637
    ]
   }
  },
  {
   "type": "Feature",
   "id": 18,
   "properties": {
    "name": "前郭旗",
    "name_modern": "松原",
    "pinyin": "Sōngyuán",
    "name_ref": "前郭旗",
    "yomi": "ぜんかっき",
    "romaji": "Zenkakki",
    "lines": "國線 京白線",
    "osm_id": "1273439109",
    "fclass": "railway_station",
    "dist_to_line_m": 137,
    "match": "alias",
    "notes": "前郭旗 = 松原站 (原名前郭旗站, 前郭站; renamed 1994; wiki)"
   },
   "geometry": {
    "type": "Point",
    "coordinates": [
     124.8113584,
     45.1077859
    ]
   }
  },
  {
   "type": "Feature",
   "id": 19,
   "properties": {
    "name": "南榮",
    "name_modern": "两家",
    "pinyin": "Liǎngjiā",
    "name_ref": "兩家",
    "yomi": "りょうか",
    "romaji": "Ryōka",
    "lines": "國線 京白線",
    "osm_id": "1273438948",
    "fclass": "railway_station",
    "dist_to_line_m": 58,
    "match": "alias",
    "notes": "printed 南榮; reference 兩家 = OSM 两家 (misreading)"
   },
   "geometry": {
    "type": "Point",
    "coordinates": [
     123.938865,
     45.5263513
    ]
   }
  },
  {
   "type": "Feature",
   "id": 20,
   "properties": {
    "name": "哈拉海",
    "name_modern": "哈拉海",
    "pinyin": "Hālāhǎi",
    "name_ref": "哈拉海",
    "yomi": "はらはい",
    "romaji": "Harahai",
    "lines": "國線 京白線",
    "osm_id": "1273440529",
    "fclass": "railway_station",
    "dist_to_line_m": 54,
    "match": "name",
    "notes": null
   },
   "geometry": {
    "type": "Point",
    "coordinates": [
     125.0819349,
     44.6725799
    ]
   }
  },
  {
   "type": "Feature",
   "id": 21,
   "properties": {
    "name": "大賚城",
    "name_modern": "大安",
    "pinyin": "Dàān",
    "name_ref": "大賚城",
    "yomi": "だいらいじょう",
    "romaji": "Dairaijō",
    "lines": "國線 京白線",
    "osm_id": "7873323376",
    "fclass": "railway_station",
    "dist_to_line_m": 5,
    "match": "alias",
    "notes": "大賚城 = 大安站 (大赉 = 大安); station moved 1.8 km south in 2017, so 2.5 km from the reference position"
   },
   "geometry": {
    "type": "Point",
    "coordinates": [
     124.276354,
     45.4808364
    ]
   }
  },
  {
   "type": "Feature",
   "id": 22,
   "properties": {
    "name": "安廣",
    "name_modern": "安广",
    "pinyin": "Ānguǎng",
    "name_ref": "安廣",
    "yomi": "あんこう",
    "romaji": "Ankō",
    "lines": "國線 京白線",
    "osm_id": "2662698013",
    "fclass": "railway_station",
    "dist_to_line_m": 57,
    "match": "name",
    "notes": null
   },
   "geometry": {
    "type": "Point",
    "coordinates": [
     123.784031,
     45.5670957
    ]
   }
  },
  {
   "type": "Feature",
   "id": 23,
   "properties": {
    "name": "小合隆",
    "name_modern": "小合隆",
    "pinyin": "Xiǎohélóng",
    "name_ref": "小合隆",
    "yomi": "しょうごうりゅう",
    "romaji": "Shōgōryū",
    "lines": "國線 京白線",
    "osm_id": "1273438120",
    "fclass": "railway_station",
    "dist_to_line_m": 13,
    "match": "name",
    "notes": null
   },
   "geometry": {
    "type": "Point",
    "coordinates": [
     125.2631894,
     44.0309045
    ]
   }
  },
  {
   "type": "Feature",
   "id": 24,
   "properties": {
    "name": "玉府",
    "name_modern": "王府",
    "pinyin": "Wángfǔ",
    "name_ref": "王府",
    "yomi": "おうふ",
    "romaji": "Ōfu",
    "lines": "國線 京白線",
    "osm_id": "2375041163",
    "fclass": "railway_station",
    "dist_to_line_m": 18,
    "match": "alias",
    "notes": "printed 玉府; = 王府站"
   },
   "geometry": {
    "type": "Point",
    "coordinates": [
     124.9996722,
     44.8793248
    ]
   }
  },
  {
   "type": "Feature",
   "id": 25,
   "properties": {
    "name": "舍力",
    "name_modern": "舍力",
    "pinyin": "Shělì",
    "name_ref": "舍力",
    "yomi": "しゃりき",
    "romaji": "Shariki",
    "lines": "國線 京白線",
    "osm_id": "1273438601",
    "fclass": "railway_station",
    "dist_to_line_m": 21,
    "match": "name",
    "notes": null
   },
   "geometry": {
    "type": "Point",
    "coordinates": [
     123.3469508,
     45.5634914
    ]
   }
  },
  {
   "type": "Feature",
   "id": 26,
   "properties": {
    "name": "農安",
    "name_modern": "农安",
    "pinyin": "Nóngān",
    "name_ref": "農安",
    "yomi": "のうあん",
    "romaji": "Nōan",
    "lines": "國線 京白線",
    "osm_id": "1273441187",
    "fclass": "railway_station",
    "dist_to_line_m": 57,
    "match": "name",
    "notes": null
   },
   "geometry": {
    "type": "Point",
    "coordinates": [
     125.1546966,
     44.4338368
    ]
   }
  },
  {
   "type": "Feature",
   "id": 27,
   "properties": {
    "name": "北票",
    "name_modern": "北票",
    "pinyin": "Běipiào",
    "name_ref": "北票",
    "yomi": "ぺいぴょう",
    "romaji": "Peipyō",
    "lines": "國線 北票線",
    "osm_id": "4507849536",
    "fclass": "railway_station",
    "dist_to_line_m": null,
    "match": "corridor",
    "notes": "line not in manchuria-1942-lines.geojson; matched by name inside the corridor of its anchor stations (國線 北票線)"
   },
   "geometry": {
    "type": "Point",
    "coordinates": [
     120.7836055,
     41.7664385
    ]
   }
  },
  {
   "type": "Feature",
   "id": 28,
   "properties": {
    "name": "駱駝營",
    "name_modern": "骆驼营",
    "pinyin": "Luòtuóyíng",
    "name_ref": "駱駝營",
    "yomi": "らくだえい",
    "romaji": "Rakudaei",
    "lines": "國線 北票線",
    "osm_id": "9169258489",
    "fclass": "railway_station",
    "dist_to_line_m": null,
    "match": "corridor",
    "notes": "line not in manchuria-1942-lines.geojson; matched by name inside the corridor of its anchor stations (國線 北票線)"
   },
   "geometry": {
    "type": "Point",
    "coordinates": [
     120.7542461,
     41.7734321
    ]
   }
  },
  {
   "type": "Feature",
   "id": 29,
   "properties": {
    "name": "二井",
    "name_modern": "二井",
    "pinyin": "Èrjǐng",
    "name_ref": "二井",
    "yomi": "にせい",
    "romaji": "Nisei",
    "lines": "國線 北黑線",
    "osm_id": "2344111803",
    "fclass": "railway_station",
    "dist_to_line_m": 2,
    "match": "name",
    "notes": null
   },
   "geometry": {
    "type": "Point",
    "coordinates": [
     126.5229716,
     48.3559596
    ]
   }
  },
  {
   "type": "Feature",
   "id": 30,
   "properties": {
    "name": "二龍山",
    "name_modern": "二龙山屯",
    "pinyin": "Èrlóngshāntún",
    "name_ref": "二龍山",
    "yomi": "にりゅうざん",
    "romaji": "Niryūzan",
    "lines": "國線 北黑線",
    "osm_id": "2344111807",
    "fclass": "railway_station",
    "dist_to_line_m": 3,
    "match": "alias",
    "notes": "二龍山 = 二龙山屯站"
   },
   "geometry": {
    "type": "Point",
    "coordinates": [
     126.6351945,
     48.4876146
    ]
   }
  },
  {
   "type": "Feature",
   "id": 31,
   "properties": {
    "name": "北孫吳",
    "name_modern": "孙吴北",
    "pinyin": "Sūnwúběi",
    "name_ref": "北孫呉",
    "yomi": "きたそんご",
    "romaji": "Kitasongo",
    "lines": "國線 北黑線",
    "osm_id": "9129186246",
    "fclass": "railway_station",
    "dist_to_line_m": 30,
    "match": "alias",
    "notes": "北孫吳 = 孙吴北"
   },
   "geometry": {
    "type": "Point",
    "coordinates": [
     127.3670462,
     49.4540996
    ]
   }
  },
  {
   "type": "Feature",
   "id": 32,
   "properties": {
    "name": "小興安",
    "name_modern": "小兴安",
    "pinyin": "Xiǎoxīngān",
    "name_ref": "小興安",
    "yomi": "しょうこうあん",
    "romaji": "Shōkōan",
    "lines": "國線 北黑線",
    "osm_id": "12516715158",
    "fclass": "railway_station",
    "dist_to_line_m": 7,
    "match": "name",
    "notes": null
   },
   "geometry": {
    "type": "Point",
    "coordinates": [
     127.0647649,
     49.0434976
    ]
   }
  },
  {
   "type": "Feature",
   "id": 33,
   "properties": {
    "name": "朝水",
    "name_modern": "潮水",
    "pinyin": "Cháoshuǐ",
    "name_ref": "朝水",
    "yomi": "ちょうすい",
    "romaji": "Chōsui",
    "lines": "國線 北黑線",
    "osm_id": "9129186244",
    "fclass": "railway_station",
    "dist_to_line_m": 3,
    "match": "alias",
    "notes": "朝水 = 潮水"
   },
   "geometry": {
    "type": "Point",
    "coordinates": [
     127.3645663,
     49.730988
    ]
   }
  },
  {
   "type": "Feature",
   "id": 34,
   "properties": {
    "name": "辰淸",
    "name_modern": "辰清",
    "pinyin": "Chénqīng",
    "name_ref": "辰淸",
    "yomi": "しんせい",
    "romaji": "Shinsei",
    "lines": "國線 北黑線",
    "osm_id": "6320650718",
    "fclass": "railway_station",
    "dist_to_line_m": 54,
    "match": "name",
    "notes": null
   },
   "geometry": {
    "type": "Point",
    "coordinates": [
     127.2309137,
     49.1410438
    ]
   }
  },
  {
   "type": "Feature",
   "id": 35,
   "properties": {
    "name": "額雨",
    "name_modern": "额雨",
    "pinyin": "Éyǔ",
    "name_ref": "額雨",
    "yomi": "がくう",
    "romaji": "Gakū",
    "lines": "國線 北黑線",
    "osm_id": "10216416087",
    "fclass": "railway_station",
    "dist_to_line_m": 18,
    "match": "name",
    "notes": null
   },
   "geometry": {
    "type": "Point",
    "coordinates": [
     127.3442692,
     49.5902433
    ]
   }
  },
  {
   "type": "Feature",
   "id": 36,
   "properties": {
    "name": "黃金子",
    "name_modern": "黄金子",
    "pinyin": "Huángjīnzi",
    "name_ref": "黃金子",
    "yomi": "おうごんし",
    "romaji": "Ōgonshi",
    "lines": "國線 北黑線",
    "osm_id": "10216408085",
    "fclass": "railway_station",
    "dist_to_line_m": 0,
    "match": "name",
    "notes": null
   },
   "geometry": {
    "type": "Point",
    "coordinates": [
     127.3338621,
     50.0469467
    ]
   }
  },
  {
   "type": "Feature",
   "id": 37,
   "properties": {
    "name": "黑河",
    "name_modern": "黑河",
    "pinyin": "Hēihé",
    "name_ref": "黑河",
    "yomi": "こっか",
    "romaji": "Kokka",
    "lines": "國線 北黑線",
    "osm_id": "9129186241",
    "fclass": "railway_station",
    "dist_to_line_m": 12,
    "match": "name",
    "notes": null
   },
   "geometry": {
    "type": "Point",
    "coordinates": [
     127.4921846,
     50.2314209
    ]
   }
  },
  {
   "type": "Feature",
   "id": 38,
   "properties": {
    "name": "龍鎭",
    "name_modern": "龙镇",
    "pinyin": "Lóngzhèn",
    "name_ref": "龍鎭",
    "yomi": "りゅうちん",
    "romaji": "Ryūchin",
    "lines": "國線 北黑線",
    "osm_id": "9129186248",
    "fclass": "railway_station",
    "dist_to_line_m": 3,
    "match": "name",
    "notes": null
   },
   "geometry": {
    "type": "Point",
    "coordinates": [
     126.7091859,
     48.6845236
    ]
   }
  },
  {
   "type": "Feature",
   "id": 39,
   "properties": {
    "name": "龍門",
    "name_modern": "龙门河",
    "pinyin": "Lóngménhé",
    "name_ref": "龍門",
    "yomi": "りゅうもん",
    "romaji": "Ryūmon",
    "lines": "國線 北黑線",
    "osm_id": "10216416208",
    "fclass": "railway_station",
    "dist_to_line_m": 12,
    "match": "alias",
    "notes": "龍門 = 龙门河站 (position matches reference km; name extended)"
   },
   "geometry": {
    "type": "Point",
    "coordinates": [
     126.9137797,
     48.9268684
    ]
   }
  },
  {
   "type": "Feature",
   "id": 40,
   "properties": {
    "name": "孫吳",
    "name_modern": "孙吴",
    "pinyin": "Sūnwú",
    "name_ref": "孫呉",
    "yomi": "そんご",
    "romaji": "Songo",
    "lines": "國線 北黑線; 國線 濱北線",
    "osm_id": "9129186247",
    "fclass": "railway_station",
    "dist_to_line_m": 45,
    "match": "name",
    "notes": null
   },
   "geometry": {
    "type": "Point",
    "coordinates": [
     127.3159057,
     49.4243879
    ]
   }
  },
  {
   "type": "Feature",
   "id": 41,
   "properties": {
    "name": "綏化",
    "name_modern": "绥化",
    "pinyin": "Suíhuà",
    "name_ref": "綏化",
    "yomi": "すいか",
    "romaji": "Suika",
    "lines": "國線 北黑線; 國線 濱北線; 國線 綏佳線",
    "osm_id": "3768463959",
    "fclass": "railway_station",
    "dist_to_line_m": 62,
    "match": "name",
    "notes": null
   },
   "geometry": {
    "type": "Point",
    "coordinates": [
     127.0094704,
     46.6432302
    ]
   }
  },
  {
   "type": "Feature",
   "id": 42,
   "properties": {
    "name": "北安",
    "name_modern": "北安",
    "pinyin": "Běiān",
    "name_ref": "北安",
    "yomi": "ぺいあん",
    "romaji": "Peian",
    "lines": "國線 北黑線; 國線 齊北線; 國線 濱北線",
    "osm_id": "5384795491",
    "fclass": "railway_station",
    "dist_to_line_m": 1,
    "match": "name",
    "notes": null
   },
   "geometry": {
    "type": "Point",
    "coordinates": [
     126.506639,
     48.2326987
    ]
   }
  },
  {
   "type": "Feature",
   "id": 43,
   "properties": {
    "name": "七星",
    "name_modern": "七星",
    "pinyin": "Qīxīng",
    "name_ref": "七星",
    "yomi": "しちせい",
    "romaji": "Shichisei",
    "lines": "國線 圖佳線",
    "osm_id": "5485559707",
    "fclass": "railway_halt",
    "dist_to_line_m": 4,
    "match": "name",
    "notes": null
   },
   "geometry": {
    "type": "Point",
    "coordinates": [
     129.9558731,
     44.9487979
    ]
   }
  },
  {
   "type": "Feature",
   "id": 44,
   "properties": {
    "name": "五河林",
    "name_modern": "五林",
    "pinyin": "Wǔlín",
    "name_ref": "五河林",
    "yomi": "ごかりん",
    "romaji": "Gokarin",
    "lines": "國線 圖佳線",
    "osm_id": "1604842623",
    "fclass": "railway_halt",
    "dist_to_line_m": 16,
    "match": "alias",
    "notes": "五河林 = 五林 (name contracted)"
   },
   "geometry": {
    "type": "Point",
    "coordinates": [
     129.7846366,
     44.8190586
    ]
   }
  },
  {
   "type": "Feature",
   "id": 45,
   "properties": {
    "name": "亞河",
    "name_modern": "亚河",
    "pinyin": "Yàhé",
    "name_ref": "亞河",
    "yomi": "あか",
    "romaji": "Aka",
    "lines": "國線 圖佳線",
    "osm_id": "1604972747",
    "fclass": "railway_station",
    "dist_to_line_m": 2,
    "match": "name",
    "notes": null
   },
   "geometry": {
    "type": "Point",
    "coordinates": [
     130.422929,
     45.3951063
    ]
   }
  },
  {
   "type": "Feature",
   "id": 46,
   "properties": {
    "name": "佛嶺",
    "name_modern": "佛岭",
    "pinyin": "Fúlǐng",
    "name_ref": "佛嶺",
    "yomi": "ふつれい",
    "romaji": "Futsurei",
    "lines": "國線 圖佳線",
    "osm_id": "2329802054",
    "fclass": "railway_station",
    "dist_to_line_m": 11,
    "match": "name",
    "notes": null
   },
   "geometry": {
    "type": "Point",
    "coordinates": [
     130.5690737,
     45.6245203
    ]
   }
  },
  {
   "type": "Feature",
   "id": 47,
   "properties": {
    "name": "倭肯",
    "name_modern": "倭肯",
    "pinyin": "Wōkěn",
    "name_ref": "倭肯",
    "yomi": "わいこう",
    "romaji": "Waikō",
    "lines": "國線 圖佳線",
    "osm_id": "2184985150",
    "fclass": "railway_station",
    "dist_to_line_m": 5,
    "match": "name",
    "notes": null
   },
   "geometry": {
    "type": "Point",
    "coordinates": [
     130.5227063,
     46.0025337
    ]
   }
  },
  {
   "type": "Feature",
   "id": 48,
   "properties": {
    "name": "勃利",
    "name_modern": "勃利",
    "pinyin": "Bólì",
    "name_ref": "勃利",
    "yomi": "ぼつり",
    "romaji": "Botsuri",
    "lines": "國線 圖佳線",
    "osm_id": "2329802050",
    "fclass": "railway_station",
    "dist_to_line_m": 6,
    "match": "name",
    "notes": null
   },
   "geometry": {
    "type": "Point",
    "coordinates": [
     130.5515451,
     45.7540423
    ]
   }
  },
  {
   "type": "Feature",
   "id": 49,
   "properties": {
    "name": "千振",
    "name_modern": "桦南",
    "pinyin": "Huànán",
    "name_ref": "千振",
    "yomi": "ちぶり",
    "romaji": "Chiburi",
    "lines": "國線 圖佳線",
    "osm_id": "9131675319",
    "fclass": "railway_station",
    "dist_to_line_m": 7,
    "match": "alias",
    "notes": "千振 (Japanese settler village) = 桦南站 (wiki)"
   },
   "geometry": {
    "type": "Point",
    "coordinates": [
     130.576636,
     46.2419922
    ]
   }
  },
  {
   "type": "Feature",
   "id": 50,
   "properties": {
    "name": "古城鎭",
    "name_modern": "古城镇",
    "pinyin": "Gǔchéngzhèn",
    "name_ref": "古城鎭",
    "yomi": "こじょうちん",
    "romaji": "Kojōchin",
    "lines": "國線 圖佳線",
    "osm_id": "2936218355",
    "fclass": "railway_station",
    "dist_to_line_m": 2,
    "match": "name",
    "notes": null
   },
   "geometry": {
    "type": "Point",
    "coordinates": [
     130.28701,
     45.3525453
    ]
   }
  },
  {
   "type": "Feature",
   "id": 51,
   "properties": {
    "name": "向陽",
    "name_modern": "向阳",
    "pinyin": "Xiàngyáng",
    "name_ref": "向陽",
    "yomi": "こうよう",
    "romaji": "Kōyō",
    "lines": "國線 圖佳線",
    "osm_id": "9497085064",
    "fclass": "railway_station",
    "dist_to_line_m": 3,
    "match": "name",
    "notes": null
   },
   "geometry": {
    "type": "Point",
    "coordinates": [
     130.0808024,
     45.1877526
    ]
   }
  },
  {
   "type": "Feature",
   "id": 52,
   "properties": {
    "name": "團崗",
    "name_modern": "兰岗",
    "pinyin": "Lángǎng",
    "name_ref": "蘭崗",
    "yomi": "らんこう",
    "romaji": "Rankō",
    "lines": "國線 圖佳線",
    "osm_id": "1604842617",
    "fclass": "railway_station",
    "dist_to_line_m": 5,
    "match": "alias",
    "notes": "printed 團崗, probably 蘭崗 = 兰岗 station between 石头 and 宁安"
   },
   "geometry": {
    "type": "Point",
    "coordinates": [
     129.4043568,
     44.2652223
    ]
   }
  },
  {
   "type": "Feature",
   "id": 53,
   "properties": {
    "name": "大興溝",
    "name_modern": "大兴沟",
    "pinyin": "Dàxīnggōu",
    "name_ref": "大興溝",
    "yomi": "だいこうこう",
    "romaji": "Daikōkō",
    "lines": "國線 圖佳線",
    "osm_id": "1590460699",
    "fclass": "railway_station",
    "dist_to_line_m": 54,
    "match": "name",
    "notes": null
   },
   "geometry": {
    "type": "Point",
    "coordinates": [
     129.65621,
     43.41007
    ]
   }
  },
  {
   "type": "Feature",
   "id": 54,
   "properties": {
    "name": "天橋嶺",
    "name_modern": "天桥岭",
    "pinyin": "Tiānqiáolǐng",
    "name_ref": "天橋嶺",
    "yomi": "てんきょうれい",
    "romaji": "Tenkyōrei",
    "lines": "國線 圖佳線",
    "osm_id": "2333212320",
    "fclass": "railway_station",
    "dist_to_line_m": 48,
    "match": "name",
    "notes": null
   },
   "geometry": {
    "type": "Point",
    "coordinates": [
     129.62609,
     43.58435
    ]
   }
  },
  {
   "type": "Feature",
   "id": 55,
   "properties": {
    "name": "寧安",
    "name_modern": "宁安",
    "pinyin": "Níngān",
    "name_ref": "寧安",
    "yomi": "ねいあん",
    "romaji": "Neian",
    "lines": "國線 圖佳線",
    "osm_id": "4373913761",
    "fclass": "railway_station",
    "dist_to_line_m": 3,
    "match": "name",
    "notes": null
   },
   "geometry": {
    "type": "Point",
    "coordinates": [
     129.4548606,
     44.3574776
    ]
   }
  },
  {
   "type": "Feature",
   "id": 56,
   "properties": {
    "name": "廟嶺",
    "name_modern": "庙岭",
    "pinyin": "Miàolǐng",
    "name_ref": "廟嶺",
    "yomi": "びょうれい",
    "romaji": "Byōrei",
    "lines": "國線 圖佳線",
    "osm_id": "1590460731",
    "fclass": "railway_station",
    "dist_to_line_m": 49,
    "match": "name",
    "notes": null
   },
   "geometry": {
    "type": "Point",
    "coordinates": [
     129.65858,
     43.50019
    ]
   }
  },
  {
   "type": "Feature",
   "id": 57,
   "properties": {
    "name": "彌榮",
    "name_modern": "孟家岗",
    "pinyin": "Mèngjiāgǎng",
    "name_ref": "彌榮",
    "yomi": "いやさか",
    "romaji": "Iyasaka",
    "lines": "國線 圖佳線",
    "osm_id": "2329802061",
    "fclass": "railway_station",
    "dist_to_line_m": 17,
    "match": "alias",
    "notes": "彌榮 (Japanese settler village 弥栄) = 孟家岗站 (wiki)"
   },
   "geometry": {
    "type": "Point",
    "coordinates": [
     130.6523868,
     46.4208263
    ]
   }
  },
  {
   "type": "Feature",
   "id": 58,
   "properties": {
    "name": "斗溝子",
    "name_modern": "斗沟子",
    "pinyin": "Dòugōuzi",
    "name_ref": "斗溝子",
    "yomi": "とこうし",
    "romaji": "Tokōshi",
    "lines": "國線 圖佳線",
    "osm_id": "2333212317",
    "fclass": "railway_station",
    "dist_to_line_m": 9,
    "match": "name",
    "notes": null
   },
   "geometry": {
    "type": "Point",
    "coordinates": [
     129.2537014,
     43.9388808
    ]
   }
  },
  {
   "type": "Feature",
   "id": 59,
   "properties": {
    "name": "春陽",
    "name_modern": "春阳",
    "pinyin": "Chūnyáng",
    "name_ref": "春陽",
    "yomi": "しゅんよう",
    "romaji": "Shun'yō",
    "lines": "國線 圖佳線",
    "osm_id": "2333212313",
    "fclass": "railway_station",
    "dist_to_line_m": 9,
    "match": "name",
    "notes": null
   },
   "geometry": {
    "type": "Point",
    "coordinates": [
     129.43731,
     43.71297
    ]
   }
  },
  {
   "type": "Feature",
   "id": 60,
   "properties": {
    "name": "杏樹",
    "name_modern": "杏树",
    "pinyin": "Xìngshù",
    "name_ref": "杏樹",
    "yomi": "きょうじゅ",
    "romaji": "Kyōju",
    "lines": "國線 圖佳線",
    "osm_id": "2329802065",
    "fclass": "railway_station",
    "dist_to_line_m": 11,
    "match": "name",
    "notes": null
   },
   "geometry": {
    "type": "Point",
    "coordinates": [
     130.5559715,
     45.9205176
    ]
   }
  },
  {
   "type": "Feature",
   "id": 61,
   "properties": {
    "name": "東京城",
    "name_modern": "东京城",
    "pinyin": "Dōngjīngchéng",
    "name_ref": "東京城",
    "yomi": "とんきんじょう",
    "romaji": "Tonkinjō",
    "lines": "國線 圖佳線",
    "osm_id": "1604842611",
    "fclass": "railway_station",
    "dist_to_line_m": 5,
    "match": "name",
    "notes": null
   },
   "geometry": {
    "type": "Point",
    "coordinates": [
     129.2185065,
     44.1156997
    ]
   }
  },
  {
   "type": "Feature",
   "id": 62,
   "properties": {
    "name": "柴河",
    "name_modern": "柴河",
    "pinyin": "Cháihé",
    "name_ref": "柴河",
    "yomi": "さいが",
    "romaji": "Saiga",
    "lines": "國線 圖佳線",
    "osm_id": "1604972708",
    "fclass": "railway_station",
    "dist_to_line_m": 2,
    "match": "name",
    "notes": null
   },
   "geometry": {
    "type": "Point",
    "coordinates": [
     129.680023,
     44.7653949
    ]
   }
  },
  {
   "type": "Feature",
   "id": 63,
   "properties": {
    "name": "楚山",
    "name_modern": "楚山",
    "pinyin": "Chǔshān",
    "name_ref": "楚山",
    "yomi": "そざん",
    "romaji": "Sozan",
    "lines": "國線 圖佳線",
    "osm_id": "2662698268",
    "fclass": "railway_station",
    "dist_to_line_m": 3,
    "match": "name",
    "notes": null
   },
   "geometry": {
    "type": "Point",
    "coordinates": [
     130.0211398,
     45.1169494
    ]
   }
  },
  {
   "type": "Feature",
   "id": 64,
   "properties": {
    "name": "樺林",
    "name_modern": "桦林",
    "pinyin": "Huàlín",
    "name_ref": "樺林",
    "yomi": "かりん",
    "romaji": "Karin",
    "lines": "國線 圖佳線",
    "osm_id": "4111429480",
    "fclass": "railway_station",
    "dist_to_line_m": 7,
    "match": "name",
    "notes": null
   },
   "geometry": {
    "type": "Point",
    "coordinates": [
     129.6683262,
     44.6756064
    ]
   }
  },
  {
   "type": "Feature",
   "id": 65,
   "properties": {
    "name": "汪淸",
    "name_modern": "汪清",
    "pinyin": "Wāngqīng",
    "name_ref": "汪淸",
    "yomi": "おうせい",
    "romaji": "Ōsei",
    "lines": "國線 圖佳線",
    "osm_id": "1590460757",
    "fclass": "railway_station",
    "dist_to_line_m": 38,
    "match": "name",
    "notes": null
   },
   "geometry": {
    "type": "Point",
    "coordinates": [
     129.7331809,
     43.3300538
    ]
   }
  },
  {
   "type": "Feature",
   "id": 66,
   "properties": {
    "name": "沼分",
    "name_modern": "申家店",
    "pinyin": "Shēnjiādiàn",
    "name_ref": "追分",
    "yomi": "おいわけ",
    "romaji": "Oiwake",
    "lines": "國線 圖佳線",
    "osm_id": "2329802063",
    "fclass": "railway_station",
    "dist_to_line_m": 1,
    "match": "alias",
    "notes": "printed 沼分; reference 追分 (Japanese settler name) = 申家店站 at the reference km; rename not documented"
   },
   "geometry": {
    "type": "Point",
    "coordinates": [
     130.6497794,
     46.5956644
    ]
   }
  },
  {
   "type": "Feature",
   "id": 67,
   "properties": {
    "name": "海浪",
    "name_modern": "海浪",
    "pinyin": "Hǎilàng",
    "name_ref": "海浪",
    "yomi": "かいろう",
    "romaji": "Kairō",
    "lines": "國線 圖佳線",
    "osm_id": "1604842612",
    "fclass": "railway_station",
    "dist_to_line_m": 10,
    "match": "name",
    "notes": null
   },
   "geometry": {
    "type": "Point",
    "coordinates": [
     129.5474892,
     44.5381392
    ]
   }
  },
  {
   "type": "Feature",
   "id": 68,
   "properties": {
    "name": "溫春",
    "name_modern": "温春",
    "pinyin": "Wēnchūn",
    "name_ref": "溫春",
    "yomi": "おんしゅん",
    "romaji": "Onshun",
    "lines": "國線 圖佳線",
    "osm_id": "1604842622",
    "fclass": "railway_station",
    "dist_to_line_m": 1,
    "match": "name",
    "notes": null
   },
   "geometry": {
    "type": "Point",
    "coordinates": [
     129.4945657,
     44.4332844
    ]
   }
  },
  {
   "type": "Feature",
   "id": 69,
   "properties": {
    "name": "石峴",
    "name_modern": "石岘",
    "pinyin": "Shíxiàn",
    "name_ref": "石峴",
    "yomi": "せっけん",
    "romaji": "Sekken",
    "lines": "國線 圖佳線",
    "osm_id": "1590460741",
    "fclass": "railway_station",
    "dist_to_line_m": 39,
    "match": "name",
    "notes": null
   },
   "geometry": {
    "type": "Point",
    "coordinates": [
     129.7819788,
     43.0781938
    ]
   }
  },
  {
   "type": "Feature",
   "id": 70,
   "properties": {
    "name": "石頭",
    "name_modern": "石头",
    "pinyin": "Shítou",
    "name_ref": "石頭",
    "yomi": "せきとう",
    "romaji": "Sekitō",
    "lines": "國線 圖佳線",
    "osm_id": "1604842619",
    "fclass": "railway_station",
    "dist_to_line_m": 9,
    "match": "name",
    "notes": null
   },
   "geometry": {
    "type": "Point",
    "coordinates": [
     129.3295662,
     44.1753394
    ]
   }
  },
  {
   "type": "Feature",
   "id": 71,
   "properties": {
    "name": "老松嶺",
    "name_modern": "老松岭",
    "pinyin": "Lǎosōnglǐng",
    "name_ref": "老松嶺",
    "yomi": "ろうしょうれい",
    "romaji": "Rōshōrei",
    "lines": "國線 圖佳線",
    "osm_id": "4373641710",
    "fclass": "railway_station",
    "dist_to_line_m": 29,
    "match": "name",
    "notes": null
   },
   "geometry": {
    "type": "Point",
    "coordinates": [
     129.3816502,
     43.8242334
    ]
   }
  },
  {
   "type": "Feature",
   "id": 72,
   "properties": {
    "name": "虎山",
    "name_modern": "虎山",
    "pinyin": "Hǔshān",
    "name_ref": "虎山",
    "yomi": "こざん",
    "romaji": "Kozan",
    "lines": "國線 圖佳線",
    "osm_id": "2329802056",
    "fclass": "railway_station",
    "dist_to_line_m": 1,
    "match": "name",
    "notes": null
   },
   "geometry": {
    "type": "Point",
    "coordinates": [
     130.6157723,
     45.5671709
    ]
   }
  },
  {
   "type": "Feature",
   "id": 73,
   "properties": {
    "name": "賀林",
    "name_modern": "宝林",
    "pinyin": "Bǎolín",
    "name_ref": "寶林",
    "yomi": "ほうりん",
    "romaji": "Hōrin",
    "lines": "國線 圖佳線",
    "osm_id": "2662698104",
    "fclass": "railway_station",
    "dist_to_line_m": 1,
    "match": "alias",
    "notes": "printed 賀林; reference 寶林 = OSM 宝林 (misreading)"
   },
   "geometry": {
    "type": "Point",
    "coordinates": [
     129.9700867,
     45.0264776
    ]
   }
  },
  {
   "type": "Feature",
   "id": 74,
   "properties": {
    "name": "通天",
    "name_modern": "通天屯",
    "pinyin": "Tōngtiāntún",
    "name_ref": "通天",
    "yomi": "つうてん",
    "romaji": "Tsūten",
    "lines": "國線 圖佳線",
    "osm_id": "2329802064",
    "fclass": "railway_station",
    "dist_to_line_m": 1,
    "match": "alias",
    "notes": "通天 = 通天屯"
   },
   "geometry": {
    "type": "Point",
    "coordinates": [
     130.5385628,
     45.7101201
    ]
   }
  },
  {
   "type": "Feature",
   "id": 75,
   "properties": {
    "name": "長發屯",
    "name_modern": "长发屯",
    "pinyin": "Chángfàtún",
    "name_ref": "長發屯",
    "yomi": "ちょうはっとん",
    "romaji": "Chōhatton",
    "lines": "國線 圖佳線",
    "osm_id": "2329802051",
    "fclass": "railway_station",
    "dist_to_line_m": 5,
    "match": "name",
    "notes": null
   },
   "geometry": {
    "type": "Point",
    "coordinates": [
     130.474392,
     46.7340067
    ]
   }
  },
  {
   "type": "Feature",
   "id": 76,
   "properties": {
    "name": "閣家",
    "name_modern": "阎家",
    "pinyin": "Yánjiā",
    "name_ref": "閻家",
    "yomi": "えんか",
    "romaji": "Enka",
    "lines": "國線 圖佳線",
    "osm_id": "2184985159",
    "fclass": "railway_halt",
    "dist_to_line_m": 1,
    "match": "alias",
    "notes": "printed 閣家; = 阎家 (閻家), probable misreading"
   },
   "geometry": {
    "type": "Point",
    "coordinates": [
     130.5166231,
     46.0998632
    ]
   }
  },
  {
   "type": "Feature",
   "id": 77,
   "properties": {
    "name": "靑山",
    "name_modern": "青山",
    "pinyin": "Qīngshān",
    "name_ref": "靑山",
    "yomi": "せいざん",
    "romaji": "Seizan",
    "lines": "國線 圖佳線",
    "osm_id": "1604972737",
    "fclass": "railway_station",
    "dist_to_line_m": 6,
    "match": "name",
    "notes": null
   },
   "geometry": {
    "type": "Point",
    "coordinates": [
     130.5610453,
     45.4439756
    ]
   }
  },
  {
   "type": "Feature",
   "id": 78,
   "properties": {
    "name": "馬蓮河",
    "name_modern": "马莲河",
    "pinyin": "Mǎliánhé",
    "name_ref": "馬蓮河",
    "yomi": "ばれんが",
    "romaji": "Barenga",
    "lines": "國線 圖佳線",
    "osm_id": "2333212319",
    "fclass": "railway_halt",
    "dist_to_line_m": 6,
    "match": "name",
    "notes": null
   },
   "geometry": {
    "type": "Point",
    "coordinates": [
     129.1980659,
     44.0187245
    ]
   }
  },
  {
   "type": "Feature",
   "id": 79,
   "properties": {
    "name": "鹿道",
    "name_modern": "鹿道",
    "pinyin": "Lùdào",
    "name_ref": "鹿道",
    "yomi": "かどう",
    "romaji": "Kadō",
    "lines": "國線 圖佳線",
    "osm_id": "2333212318",
    "fclass": "railway_station",
    "dist_to_line_m": 8,
    "match": "name",
    "notes": null
   },
   "geometry": {
    "type": "Point",
    "coordinates": [
     129.281712,
     43.8736747
    ]
   }
  },
  {
   "type": "Feature",
   "id": 80,
   "properties": {
    "name": "龍爪",
    "name_modern": "龙爪",
    "pinyin": "Lóngzhǎo",
    "name_ref": "龍爪",
    "yomi": "りゅうそう",
    "romaji": "Ryūsō",
    "lines": "國線 圖佳線",
    "osm_id": "5980498115",
    "fclass": "railway_halt",
    "dist_to_line_m": 7,
    "match": "name",
    "notes": null
   },
   "geometry": {
    "type": "Point",
    "coordinates": [
     130.1599542,
     45.2507918
    ]
   }
  },
  {
   "type": "Feature",
   "id": 81,
   "properties": {
    "name": "八面通",
    "name_modern": "八面通",
    "pinyin": "Bāmiàntōng",
    "name_ref": "八面通",
    "yomi": "はちめんつう",
    "romaji": "Hachimentsū",
    "lines": "國線 城雞線",
    "osm_id": "2662698088",
    "fclass": "railway_station",
    "dist_to_line_m": null,
    "match": "corridor",
    "notes": "line not in manchuria-1942-lines.geojson; matched by name inside the corridor of its anchor stations (國線 城雞線)"
   },
   "geometry": {
    "type": "Point",
    "coordinates": [
     130.5349935,
     44.9247158
    ]
   }
  },
  {
   "type": "Feature",
   "id": 82,
   "properties": {
    "name": "柳毛",
    "name_modern": "柳毛",
    "pinyin": "Liǔmáo",
    "name_ref": "柳毛",
    "yomi": "りゅうもう",
    "romaji": "Ryūmō",
    "lines": "國線 城雞線",
    "osm_id": "9131669911",
    "fclass": "railway_station",
    "dist_to_line_m": null,
    "match": "corridor",
    "notes": "line not in manchuria-1942-lines.geojson; matched by name inside the corridor of its anchor stations (國線 城雞線)"
   },
   "geometry": {
    "type": "Point",
    "coordinates": [
     130.7750404,
     45.2332196
    ]
   }
  },
  {
   "type": "Feature",
   "id": 83,
   "properties": {
    "name": "梨樹鎭",
    "name_modern": "梨树镇",
    "pinyin": "Líshùzhèn",
    "name_ref": "梨樹鎭",
    "yomi": "りじゅちん",
    "romaji": "Rijuchin",
    "lines": "國線 城雞線",
    "osm_id": "9131669914",
    "fclass": "railway_station",
    "dist_to_line_m": null,
    "match": "corridor",
    "notes": "line not in manchuria-1942-lines.geojson; matched by name inside the corridor of its anchor stations (國線 城雞線)"
   },
   "geometry": {
    "type": "Point",
    "coordinates": [
     130.6800395,
     45.0804415
    ]
   }
  },
  {
   "type": "Feature",
   "id": 84,
   "properties": {
    "name": "錦西",
    "name_modern": "葫芦岛",
    "pinyin": "Húlúdǎo",
    "name_ref": "錦西",
    "yomi": "きんせい",
    "romaji": "Kinsei",
    "lines": "國線 壺蘆島線; 滿洲國線 奉山線; 其他 錦西鐵道線",
    "osm_id": "9169258494",
    "fclass": "railway_station",
    "dist_to_line_m": 79,
    "match": "alias",
    "notes": "錦西 = 葫芦岛站 (renamed)"
   },
   "geometry": {
    "type": "Point",
    "coordinates": [
     120.863017,
     40.7527535
    ]
   }
  },
  {
   "type": "Feature",
   "id": 85,
   "properties": {
    "name": "錦縣",
    "name_modern": "锦州",
    "pinyin": "Jǐnzhōu",
    "name_ref": "錦縣",
    "yomi": "きんけん",
    "romaji": "Kinken",
    "lines": "國線 壺蘆島線; 滿洲國線 奉山線; 滿洲國線 新義線; 國線 葉峰線; 國線 錦古線",
    "osm_id": "2336082903",
    "fclass": "railway_station",
    "dist_to_line_m": 80,
    "match": "alias",
    "notes": "錦縣 = 锦州站 | also printed as 錦州"
   },
   "geometry": {
    "type": "Point",
    "coordinates": [
     121.1351443,
     41.1225155
    ]
   }
  },
  {
   "type": "Feature",
   "id": 86,
   "properties": {
    "name": "林子頭",
    "name_modern": "林子头",
    "pinyin": "Línzitóu",
    "name_ref": "林子頭",
    "yomi": "りんしとう",
    "romaji": "Rinshitō",
    "lines": "國線 大栗子線",
    "osm_id": "2156363604",
    "fclass": "railway_halt",
    "dist_to_line_m": null,
    "match": "corridor",
    "notes": "line not in manchuria-1942-lines.geojson; matched by name inside the corridor of its anchor stations (國線 大栗子線)"
   },
   "geometry": {
    "type": "Point",
    "coordinates": [
     126.5937458,
     41.9486824
    ]
   }
  },
  {
   "type": "Feature",
   "id": 87,
   "properties": {
    "name": "珍珠門",
    "name_modern": "珍珠门",
    "pinyin": "Zhēnzhūmén",
    "name_ref": "珍珠門",
    "yomi": "ちんじゅもん",
    "romaji": "Chinjumon",
    "lines": "國線 大栗子線",
    "osm_id": "13428157147",
    "fclass": "railway_halt",
    "dist_to_line_m": null,
    "match": "corridor",
    "notes": "line not in manchuria-1942-lines.geojson; matched by name inside the corridor of its anchor stations (國線 大栗子線)"
   },
   "geometry": {
    "type": "Point",
    "coordinates": [
     126.7472655,
     41.8930638
    ]
   }
  },
  {
   "type": "Feature",
   "id": 88,
   "properties": {
    "name": "石人",
    "name_modern": "石人",
    "pinyin": "Shírén",
    "name_ref": "石人",
    "yomi": "せきじん",
    "romaji": "Sekijin",
    "lines": "國線 大栗子線",
    "osm_id": "2156363606",
    "fclass": "railway_station",
    "dist_to_line_m": null,
    "match": "corridor",
    "notes": "line not in manchuria-1942-lines.geojson; matched by name inside the corridor of its anchor stations (國線 大栗子線)"
   },
   "geometry": {
    "type": "Point",
    "coordinates": [
     126.5462793,
     41.9535259
    ]
   }
  },
  {
   "type": "Feature",
   "id": 89,
   "properties": {
    "name": "臨江縣",
    "name_modern": "临江",
    "pinyin": "Línjiāng",
    "name_ref": "臨江縣",
    "yomi": "りんこうけん",
    "romaji": "Rinkōken",
    "lines": "國線 大栗子線",
    "osm_id": "9174163143",
    "fclass": "railway_station",
    "dist_to_line_m": null,
    "match": "corridor",
    "notes": "臨江縣 = 临江站 | line not in manchuria-1942-lines.geojson; matched by name inside the corridor of its anchor stations (國線 大栗子線)"
   },
   "geometry": {
    "type": "Point",
    "coordinates": [
     126.897169,
     41.8014575
    ]
   }
  },
  {
   "type": "Feature",
   "id": 90,
   "properties": {
    "name": "道淸",
    "name_modern": "道清",
    "pinyin": "Dàoqīng",
    "name_ref": "道淸",
    "yomi": "どうせい",
    "romaji": "Dōsei",
    "lines": "國線 大栗子線",
    "osm_id": "3300176177",
    "fclass": "railway_station",
    "dist_to_line_m": null,
    "match": "corridor",
    "notes": "line not in manchuria-1942-lines.geojson; matched by name inside the corridor of its anchor stations (國線 大栗子線)"
   },
   "geometry": {
    "type": "Point",
    "coordinates": [
     126.2827041,
     41.8419186
    ]
   }
  },
  {
   "type": "Feature",
   "id": 91,
   "properties": {
    "name": "遙林",
    "name_modern": "遥林",
    "pinyin": "Yáolín",
    "name_ref": "遙林",
    "yomi": "ようりん",
    "romaji": "Yōrin",
    "lines": "國線 大栗子線",
    "osm_id": "2156363610",
    "fclass": "railway_station",
    "dist_to_line_m": null,
    "match": "corridor",
    "notes": "line not in manchuria-1942-lines.geojson; matched by name inside the corridor of its anchor stations (國線 大栗子線)"
   },
   "geometry": {
    "type": "Point",
    "coordinates": [
     126.6556634,
     41.9181006
    ]
   }
  },
  {
   "type": "Feature",
   "id": 92,
   "properties": {
    "name": "渾江",
    "name_modern": "白山市",
    "pinyin": "Báishānshì",
    "name_ref": "渾江",
    "yomi": "こんこう",
    "romaji": "Konkō",
    "lines": "國線 大栗子線; 國線 渾三線",
    "osm_id": "6270597083",
    "fclass": "railway_station",
    "dist_to_line_m": null,
    "match": "corridor",
    "notes": "渾江 = 白山市站 (renamed) | line not in manchuria-1942-lines.geojson; matched by name inside the corridor of its anchor stations (國線 大栗子線, 國線 渾三線)"
   },
   "geometry": {
    "type": "Point",
    "coordinates": [
     126.4523087,
     41.9501263
    ]
   }
  },
  {
   "type": "Feature",
   "id": 93,
   "properties": {
    "name": "大林",
    "name_modern": "大林",
    "pinyin": "Dàlín",
    "name_ref": "大林",
    "yomi": "だいりん",
    "romaji": "Dairin",
    "lines": "國線 大鄭線",
    "osm_id": "2340355346",
    "fclass": "railway_station",
    "dist_to_line_m": 27,
    "match": "name",
    "notes": null
   },
   "geometry": {
    "type": "Point",
    "coordinates": [
     122.80273,
     43.71353
    ]
   }
  },
  {
   "type": "Feature",
   "id": 94,
   "properties": {
    "name": "大罕",
    "name_modern": "大罕",
    "pinyin": "Dàhǎn",
    "name_ref": "大罕",
    "yomi": "たいかん",
    "romaji": "Taikan",
    "lines": "國線 大鄭線",
    "osm_id": "2662698296",
    "fclass": "railway_station",
    "dist_to_line_m": 40,
    "match": "name",
    "notes": null
   },
   "geometry": {
    "type": "Point",
    "coordinates": [
     122.9453598,
     43.6922082
    ]
   }
  },
  {
   "type": "Feature",
   "id": 95,
   "properties": {
    "name": "彰武",
    "name_modern": "彰武",
    "pinyin": "Zhāngwǔ",
    "name_ref": "彰武",
    "yomi": "しょうぶ",
    "romaji": "Shōbu",
    "lines": "國線 大鄭線",
    "osm_id": "1655741373",
    "fclass": "railway_station",
    "dist_to_line_m": 125,
    "match": "name",
    "notes": null
   },
   "geometry": {
    "type": "Point",
    "coordinates": [
     122.5232289,
     42.3848273
    ]
   }
  },
  {
   "type": "Feature",
   "id": 96,
   "properties": {
    "name": "木里圖",
    "name_modern": "木里图",
    "pinyin": "Mùlǐtú",
    "name_ref": "木里圖",
    "yomi": "もくりと",
    "romaji": "Mokurito",
    "lines": "國線 大鄭線",
    "osm_id": "2340355351",
    "fclass": "railway_station",
    "dist_to_line_m": 27,
    "match": "name",
    "notes": null
   },
   "geometry": {
    "type": "Point",
    "coordinates": [
     122.2109231,
     43.4696987
    ]
   }
  },
  {
   "type": "Feature",
   "id": 97,
   "properties": {
    "name": "歐里",
    "name_modern": "欧里",
    "pinyin": "Ōulǐ",
    "name_ref": "歐里",
    "yomi": "おうり",
    "romaji": "Ōri",
    "lines": "國線 大鄭線",
    "osm_id": "2340355353",
    "fclass": "railway_station",
    "dist_to_line_m": 35,
    "match": "name",
    "notes": null
   },
   "geometry": {
    "type": "Point",
    "coordinates": [
     123.22837,
     43.59195
    ]
   }
  },
  {
   "type": "Feature",
   "id": 98,
   "properties": {
    "name": "泡子",
    "name_modern": "泡子",
    "pinyin": "Pāozǐ",
    "name_ref": "泡子",
    "yomi": "ほうし",
    "romaji": "Hōshi",
    "lines": "國線 大鄭線",
    "osm_id": "1655741308",
    "fclass": "railway_station",
    "dist_to_line_m": 44,
    "match": "name",
    "notes": null
   },
   "geometry": {
    "type": "Point",
    "coordinates": [
     122.3238701,
     42.2057571
    ]
   }
  },
  {
   "type": "Feature",
   "id": 99,
   "properties": {
    "name": "甘旗卡",
    "name_modern": "甘旗卡",
    "pinyin": "Gānqíkǎ",
    "name_ref": "甘旗卡",
    "yomi": "かんきか",
    "romaji": "Kankika",
    "lines": "國線 大鄭線",
    "osm_id": "1655741289",
    "fclass": "railway_station",
    "dist_to_line_m": 79,
    "match": "name",
    "notes": null
   },
   "geometry": {
    "type": "Point",
    "coordinates": [
     122.3501708,
     42.9563025
    ]
   }
  },
  {
   "type": "Feature",
   "id": 100,
   "properties": {
    "name": "白市",
    "name_modern": "白市",
    "pinyin": "Báishì",
    "name_ref": "白市",
    "yomi": "はくし",
    "romaji": "Hakushi",
    "lines": "國線 大鄭線",
    "osm_id": "9171411679",
    "fclass": "railway_station",
    "dist_to_line_m": 14,
    "match": "name",
    "notes": null
   },
   "geometry": {
    "type": "Point",
    "coordinates": [
     123.4324138,
     43.5468076
    ]
   }
  },
  {
   "type": "Feature",
   "id": 101,
   "properties": {
    "name": "章古臺",
    "name_modern": "章古台",
    "pinyin": "Zhānggǔtái",
    "name_ref": "章古臺",
    "yomi": "しょうこだい",
    "romaji": "Shōkodai",
    "lines": "國線 大鄭線",
    "osm_id": "2340355365",
    "fclass": "railway_station",
    "dist_to_line_m": 41,
    "match": "name",
    "notes": null
   },
   "geometry": {
    "type": "Point",
    "coordinates": [
     122.4795574,
     42.7033766
    ]
   }
  },
  {
   "type": "Feature",
   "id": 102,
   "properties": {
    "name": "芳山鎭",
    "name_modern": "芳山镇",
    "pinyin": "Fāngshānzhèn",
    "name_ref": "芳山鎭",
    "yomi": "ほうざんちん",
    "romaji": "Hōzanchin",
    "lines": "國線 大鄭線",
    "osm_id": "9171411684",
    "fclass": "railway_station",
    "dist_to_line_m": 30,
    "match": "name",
    "notes": null
   },
   "geometry": {
    "type": "Point",
    "coordinates": [
     122.0156085,
     41.8622062
    ]
   }
  },
  {
   "type": "Feature",
   "id": 103,
   "properties": {
    "name": "衙門□",
    "name_modern": "衙门营",
    "pinyin": "Yáményíng",
    "name_ref": "衙門營",
    "yomi": "がもんえい",
    "romaji": "Gamon'ei",
    "lines": "國線 大鄭線",
    "osm_id": "5377255160",
    "fclass": "railway_station",
    "dist_to_line_m": 6,
    "match": "alias",
    "notes": "illegible; = 衙门营 (衙門營)"
   },
   "geometry": {
    "type": "Point",
    "coordinates": [
     122.2226858,
     43.3507178
    ]
   }
  },
  {
   "type": "Feature",
   "id": 104,
   "properties": {
    "name": "通遼",
    "name_modern": "通辽",
    "pinyin": "Tōngliáo",
    "name_ref": "通遼",
    "yomi": "つうりょう",
    "romaji": "Tsūryō",
    "lines": "國線 大鄭線",
    "osm_id": "843153748",
    "fclass": "railway_station",
    "dist_to_line_m": 69,
    "match": "name",
    "notes": null
   },
   "geometry": {
    "type": "Point",
    "coordinates": [
     122.2658074,
     43.6016685
    ]
   }
  },
  {
   "type": "Feature",
   "id": 105,
   "properties": {
    "name": "錢家店",
    "name_modern": "钱家店",
    "pinyin": "Qiánjiādiàn",
    "name_ref": "錢家店",
    "yomi": "せんかてん",
    "romaji": "Senkaten",
    "lines": "國線 大鄭線",
    "osm_id": "2340355354",
    "fclass": "railway_station",
    "dist_to_line_m": 36,
    "match": "name",
    "notes": null
   },
   "geometry": {
    "type": "Point",
    "coordinates": [
     122.51125,
     43.71177
    ]
   }
  },
  {
   "type": "Feature",
   "id": 106,
   "properties": {
    "name": "門達",
    "name_modern": "门达",
    "pinyin": "Méndá",
    "name_ref": "門達",
    "yomi": "もんだつ",
    "romaji": "Mondatsu",
    "lines": "國線 大鄭線",
    "osm_id": "2340355350",
    "fclass": "railway_station",
    "dist_to_line_m": 19,
    "match": "name",
    "notes": null
   },
   "geometry": {
    "type": "Point",
    "coordinates": [
     123.1068961,
     43.64851
    ]
   }
  },
  {
   "type": "Feature",
   "id": 107,
   "properties": {
    "name": "阿爾鄕",
    "name_modern": "阿尔乡",
    "pinyin": "Āěrxiāng",
    "name_ref": "阿爾鄕",
    "yomi": "あじきょう",
    "romaji": "Ajikyō",
    "lines": "國線 大鄭線",
    "osm_id": "5377255161",
    "fclass": "railway_station",
    "dist_to_line_m": 128,
    "match": "name",
    "notes": null
   },
   "geometry": {
    "type": "Point",
    "coordinates": [
     122.4198577,
     42.8217507
    ]
   }
  },
  {
   "type": "Feature",
   "id": 108,
   "properties": {
    "name": "黑山縣",
    "name_modern": "黑山",
    "pinyin": "Hēishān",
    "name_ref": "黑山縣",
    "yomi": "こくざんけん",
    "romaji": "Kokuzanken",
    "lines": "國線 大鄭線",
    "osm_id": "6506098921",
    "fclass": "railway_station",
    "dist_to_line_m": 50,
    "match": "alias",
    "notes": "黑山縣 = 黑山站"
   },
   "geometry": {
    "type": "Point",
    "coordinates": [
     122.0976381,
     41.6977659
    ]
   }
  },
  {
   "type": "Feature",
   "id": 109,
   "properties": {
    "name": "鄭家屯",
    "name_modern": "双辽",
    "pinyin": "Shuāngliáo",
    "name_ref": "鄭家屯",
    "yomi": "ていかとん",
    "romaji": "Teikaton",
    "lines": "國線 大鄭線; 國線 平齊線",
    "osm_id": "2340355367",
    "fclass": "railway_station",
    "dist_to_line_m": 21,
    "match": "alias",
    "notes": "鄭家屯 = 双辽站 (renamed); OSM point c. 1 km from traced line"
   },
   "geometry": {
    "type": "Point",
    "coordinates": [
     123.512869,
     43.4909734
    ]
   }
  },
  {
   "type": "Feature",
   "id": 110,
   "properties": {
    "name": "前甸",
    "name_modern": "前甸",
    "pinyin": "Qiándiān",
    "name_ref": "前甸",
    "yomi": "ぜんでん",
    "romaji": "Zenden",
    "lines": "國線 奉吉線",
    "osm_id": "9176129500",
    "fclass": "railway_station",
    "dist_to_line_m": 5,
    "match": "name",
    "notes": null
   },
   "geometry": {
    "type": "Point",
    "coordinates": [
     124.0057754,
     41.8913782
    ]
   }
  },
  {
   "type": "Feature",
   "id": 111,
   "properties": {
    "name": "北三家",
    "name_modern": "北三家",
    "pinyin": "Běisānjiā",
    "name_ref": "北三家",
    "yomi": "きたさんか",
    "romaji": "Kitasanka",
    "lines": "國線 奉吉線",
    "osm_id": "2327511881",
    "fclass": "railway_station",
    "dist_to_line_m": 11,
    "match": "name",
    "notes": null
   },
   "geometry": {
    "type": "Point",
    "coordinates": [
     124.7173183,
     42.0483239
    ]
   }
  },
  {
   "type": "Feature",
   "id": 112,
   "properties": {
    "name": "南口前",
    "name_modern": "南口前",
    "pinyin": "Nánkǒuqián",
    "name_ref": "南口前",
    "yomi": "みなみこうぜん",
    "romaji": "Minamikōzen",
    "lines": "國線 奉吉線",
    "osm_id": "2327511890",
    "fclass": "railway_station",
    "dist_to_line_m": 20,
    "match": "name",
    "notes": null
   },
   "geometry": {
    "type": "Point",
    "coordinates": [
     124.6087671,
     41.9985595
    ]
   }
  },
  {
   "type": "Feature",
   "id": 113,
   "properties": {
    "name": "南雜木",
    "name_modern": "南杂木",
    "pinyin": "Nánzámù",
    "name_ref": "南雜木",
    "yomi": "なんざつぼく",
    "romaji": "Nanzatsuboku",
    "lines": "國線 奉吉線",
    "osm_id": "2327511892",
    "fclass": "railway_station",
    "dist_to_line_m": 12,
    "match": "name",
    "notes": null
   },
   "geometry": {
    "type": "Point",
    "coordinates": [
     124.40162,
     41.962719
    ]
   }
  },
  {
   "type": "Feature",
   "id": 114,
   "properties": {
    "name": "取柴河",
    "name_modern": "取柴河",
    "pinyin": "Qǔcháihé",
    "name_ref": "取柴河",
    "yomi": "しゅさいか",
    "romaji": "Shusaika",
    "lines": "國線 奉吉線",
    "osm_id": "1548856832",
    "fclass": "railway_station",
    "dist_to_line_m": 64,
    "match": "name",
    "notes": null
   },
   "geometry": {
    "type": "Point",
    "coordinates": [
     126.16549,
     43.35046
    ]
   }
  },
  {
   "type": "Feature",
   "id": 115,
   "properties": {
    "name": "口前",
    "name_modern": "口前",
    "pinyin": "Kǒuqián",
    "name_ref": "口前",
    "yomi": "こうぜん",
    "romaji": "Kōzen",
    "lines": "國線 奉吉線",
    "osm_id": "2332314841",
    "fclass": "railway_station",
    "dist_to_line_m": 15,
    "match": "name",
    "notes": null
   },
   "geometry": {
    "type": "Point",
    "coordinates": [
     126.4910418,
     43.6635788
    ]
   }
  },
  {
   "type": "Feature",
   "id": 116,
   "properties": {
    "name": "圈虎屯",
    "name_modern": "斗虎屯",
    "pinyin": "Dòuhǔtún",
    "name_ref": null,
    "yomi": null,
    "romaji": null,
    "lines": "國線 奉吉線",
    "osm_id": "9176129495",
    "fclass": "railway_station",
    "dist_to_line_m": 8,
    "match": "alias",
    "notes": "printed 圈虎屯; modern 斗虎屯 (likely misreading)"
   },
   "geometry": {
    "type": "Point",
    "coordinates": [
     124.8227388,
     42.0748752
    ]
   }
  },
  {
   "type": "Feature",
   "id": 117,
   "properties": {
    "name": "山城鎭",
    "name_modern": "山城镇",
    "pinyin": "Shānchéngzhèn",
    "name_ref": "山城鎭",
    "yomi": "さんじょうちん",
    "romaji": "Sanjōchin",
    "lines": "國線 奉吉線",
    "osm_id": "2327511895",
    "fclass": "railway_station",
    "dist_to_line_m": 27,
    "match": "name",
    "notes": null
   },
   "geometry": {
    "type": "Point",
    "coordinates": [
     125.4265722,
     42.3763963
    ]
   }
  },
  {
   "type": "Feature",
   "id": 118,
   "properties": {
    "name": "明城",
    "name_modern": "明城",
    "pinyin": "Míngchéng",
    "name_ref": "明城",
    "yomi": "めいじょう",
    "romaji": "Meijō",
    "lines": "國線 奉吉線",
    "osm_id": "1548856822",
    "fclass": "railway_station",
    "dist_to_line_m": 5,
    "match": "name",
    "notes": null
   },
   "geometry": {
    "type": "Point",
    "coordinates": [
     126.010673,
     43.191726
    ]
   }
  },
  {
   "type": "Feature",
   "id": 119,
   "properties": {
    "name": "朝陽鎭",
    "name_modern": "朝阳镇",
    "pinyin": "Zhāoyángzhèn",
    "name_ref": "朝陽鎭",
    "yomi": "ちょうようちん",
    "romaji": "Chōyōchin",
    "lines": "國線 奉吉線",
    "osm_id": "2662698225",
    "fclass": "railway_station",
    "dist_to_line_m": 47,
    "match": "name",
    "notes": null
   },
   "geometry": {
    "type": "Point",
    "coordinates": [
     126.0215833,
     42.6818101
    ]
   }
  },
  {
   "type": "Feature",
   "id": 120,
   "properties": {
    "name": "東陵",
    "name_modern": "东陵",
    "pinyin": "Dōnglíng",
    "name_ref": "東陵",
    "yomi": "とうりょう",
    "romaji": "Tōryō",
    "lines": "國線 奉吉線",
    "osm_id": "8829211661",
    "fclass": "railway_station",
    "dist_to_line_m": 7,
    "match": "name",
    "notes": null
   },
   "geometry": {
    "type": "Point",
    "coordinates": [
     123.5854082,
     41.8499529
    ]
   }
  },
  {
   "type": "Feature",
   "id": 121,
   "properties": {
    "name": "永寧",
    "name_modern": "永宁",
    "pinyin": "Yǒngníng",
    "name_ref": "永寧",
    "yomi": "えいねい",
    "romaji": "Einei",
    "lines": "國線 奉吉線",
    "osm_id": "1548856860",
    "fclass": "railway_station",
    "dist_to_line_m": 57,
    "match": "name",
    "notes": null
   },
   "geometry": {
    "type": "Point",
    "coordinates": [
     126.03426,
     43.04375
    ]
   }
  },
  {
   "type": "Feature",
   "id": 122,
   "properties": {
    "name": "海龍",
    "name_modern": "海龙",
    "pinyin": "Hǎilóng",
    "name_ref": "海龍",
    "yomi": "かいりゅう",
    "romaji": "Kairyū",
    "lines": "國線 奉吉線",
    "osm_id": "4260941054",
    "fclass": "railway_station",
    "dist_to_line_m": 37,
    "match": "name",
    "notes": null
   },
   "geometry": {
    "type": "Point",
    "coordinates": [
     125.8298644,
     42.6475727
    ]
   }
  },
  {
   "type": "Feature",
   "id": 123,
   "properties": {
    "name": "淸原",
    "name_modern": "清原",
    "pinyin": "Qīngyuán",
    "name_ref": "淸原",
    "yomi": "せいげん",
    "romaji": "Seigen",
    "lines": "國線 奉吉線",
    "osm_id": "9176129494",
    "fclass": "railway_station",
    "dist_to_line_m": 15,
    "match": "name",
    "notes": null
   },
   "geometry": {
    "type": "Point",
    "coordinates": [
     124.930121,
     42.1029708
    ]
   }
  },
  {
   "type": "Feature",
   "id": 124,
   "properties": {
    "name": "瀋陽",
    "name_modern": "沈阳东",
    "pinyin": "Shěnyángdōng",
    "name_ref": "瀋陽",
    "yomi": "しんよう",
    "romaji": "Shin'yō",
    "lines": "國線 奉吉線",
    "osm_id": "677162780",
    "fclass": "railway_station",
    "dist_to_line_m": 16,
    "match": "alias",
    "notes": "奉吉線 瀋陽 (奉海鐵路 station) = today 沈阳东站, not 沈阳站"
   },
   "geometry": {
    "type": "Point",
    "coordinates": [
     123.4956815,
     41.8208816
    ]
   }
  },
  {
   "type": "Feature",
   "id": 125,
   "properties": {
    "name": "煙筒山",
    "name_modern": "烟筒山",
    "pinyin": "Yāntóngshān",
    "name_ref": "煙筒山",
    "yomi": "えんとうざん",
    "romaji": "Entōzan",
    "lines": "國線 奉吉線",
    "osm_id": "1548856852",
    "fclass": "railway_station",
    "dist_to_line_m": 44,
    "match": "name",
    "notes": null
   },
   "geometry": {
    "type": "Point",
    "coordinates": [
     126.02471,
     43.2837297
    ]
   }
  },
  {
   "type": "Feature",
   "id": 126,
   "properties": {
    "name": "營盤",
    "name_modern": "营盘",
    "pinyin": "Yíngpán",
    "name_ref": "營盤",
    "yomi": "えいばん",
    "romaji": "Eiban",
    "lines": "國線 奉吉線",
    "osm_id": "9176129497",
    "fclass": "railway_station",
    "dist_to_line_m": 2,
    "match": "name",
    "notes": null
   },
   "geometry": {
    "type": "Point",
    "coordinates": [
     124.2161036,
     41.9297526
    ]
   }
  },
  {
   "type": "Feature",
   "id": 127,
   "properties": {
    "name": "磐石",
    "name_modern": "磐石",
    "pinyin": "Pánshí",
    "name_ref": "磐石",
    "yomi": "ばんせき",
    "romaji": "Banseki",
    "lines": "國線 奉吉線",
    "osm_id": "1548856828",
    "fclass": "railway_station",
    "dist_to_line_m": 18,
    "match": "name",
    "notes": null
   },
   "geometry": {
    "type": "Point",
    "coordinates": [
     126.0618975,
     42.9257594
    ]
   }
  },
  {
   "type": "Feature",
   "id": 128,
   "properties": {
    "name": "章黨",
    "name_modern": "章党",
    "pinyin": "Zhāngdǎng",
    "name_ref": "章黨",
    "yomi": "しょうとう",
    "romaji": "Shōtō",
    "lines": "國線 奉吉線",
    "osm_id": "9176129499",
    "fclass": "railway_station",
    "dist_to_line_m": 1,
    "match": "name",
    "notes": null
   },
   "geometry": {
    "type": "Point",
    "coordinates": [
     124.0715861,
     41.9056987
    ]
   }
  },
  {
   "type": "Feature",
   "id": 129,
   "properties": {
    "name": "英額門",
    "name_modern": "英额门",
    "pinyin": "Yīngémén",
    "name_ref": "英額門",
    "yomi": "えいがくもん",
    "romaji": "Eigakumon",
    "lines": "國線 奉吉線",
    "osm_id": "2327511902",
    "fclass": "railway_station",
    "dist_to_line_m": 14,
    "match": "name",
    "notes": null
   },
   "geometry": {
    "type": "Point",
    "coordinates": [
     125.0749092,
     42.1694834
    ]
   }
  },
  {
   "type": "Feature",
   "id": 130,
   "properties": {
    "name": "草市",
    "name_modern": "草市",
    "pinyin": "Cǎoshì",
    "name_ref": "草市",
    "yomi": "そうし",
    "romaji": "Sōshi",
    "lines": "國線 奉吉線",
    "osm_id": "2327511887",
    "fclass": "railway_station",
    "dist_to_line_m": 13,
    "match": "name",
    "notes": null
   },
   "geometry": {
    "type": "Point",
    "coordinates": [
     125.2297208,
     42.2950873
    ]
   }
  },
  {
   "type": "Feature",
   "id": 131,
   "properties": {
    "name": "蒼石",
    "name_modern": "苍石",
    "pinyin": "Cāngshí",
    "name_ref": "蒼石",
    "yomi": "そうせき",
    "romaji": "Sōseki",
    "lines": "國線 奉吉線",
    "osm_id": "2662698165",
    "fclass": "railway_station",
    "dist_to_line_m": 11,
    "match": "name",
    "notes": null
   },
   "geometry": {
    "type": "Point",
    "coordinates": [
     124.5148,
     41.9855
    ]
   }
  },
  {
   "type": "Feature",
   "id": 132,
   "properties": {
    "name": "西陽",
    "name_modern": "西阳",
    "pinyin": "Xīyáng",
    "name_ref": "西陽",
    "yomi": "せいよう",
    "romaji": "Seiyō",
    "lines": "國線 奉吉線",
    "osm_id": "2335674332",
    "fclass": "railway_station",
    "dist_to_line_m": 11,
    "match": "name",
    "notes": null
   },
   "geometry": {
    "type": "Point",
    "coordinates": [
     126.3181854,
     43.5980998
    ]
   }
  },
  {
   "type": "Feature",
   "id": 133,
   "properties": {
    "name": "雙河鎭",
    "name_modern": "双河镇",
    "pinyin": "Shuānghézhèn",
    "name_ref": "雙河鎭",
    "yomi": "そうかちん",
    "romaji": "Sōkachin",
    "lines": "國線 奉吉線",
    "osm_id": "1548856842",
    "fclass": "railway_station",
    "dist_to_line_m": 12,
    "match": "name",
    "notes": null
   },
   "geometry": {
    "type": "Point",
    "coordinates": [
     126.1766634,
     43.4653608
    ]
   }
  },
  {
   "type": "Feature",
   "id": 134,
   "properties": {
    "name": "黃旗屯",
    "name_modern": "吉林西",
    "pinyin": "Jílínxī",
    "name_ref": "黃旗屯",
    "yomi": "こうきとん",
    "romaji": "Kōkiton",
    "lines": "國線 奉吉線",
    "osm_id": "2332314838",
    "fclass": "railway_station",
    "dist_to_line_m": 24,
    "match": "alias",
    "notes": "黃旗屯 = 吉林西站 (吉海鐵路總站, renamed 1985)"
   },
   "geometry": {
    "type": "Point",
    "coordinates": [
     126.50492,
     43.815017
    ]
   }
  },
  {
   "type": "Feature",
   "id": 135,
   "properties": {
    "name": "黑山頭",
    "name_modern": "黑山头",
    "pinyin": "Hēishāntóu",
    "name_ref": "黑山頭",
    "yomi": "こくざんとう",
    "romaji": "Kokuzantō",
    "lines": "國線 奉吉線",
    "osm_id": "2327511889",
    "fclass": "railway_station",
    "dist_to_line_m": 39,
    "match": "name",
    "notes": null
   },
   "geometry": {
    "type": "Point",
    "coordinates": [
     125.56504,
     42.436935
    ]
   }
  },
  {
   "type": "Feature",
   "id": 136,
   "properties": {
    "name": "梅河口",
    "name_modern": "梅河口",
    "pinyin": "Méihékǒu",
    "name_ref": "梅河口",
    "yomi": "ばいかこう",
    "romaji": "Baikakō",
    "lines": "國線 奉吉線; 國線 平梅線; 國線 梅輯線",
    "osm_id": "2327447492",
    "fclass": "railway_station",
    "dist_to_line_m": 36,
    "match": "name",
    "notes": null
   },
   "geometry": {
    "type": "Point",
    "coordinates": [
     125.6777893,
     42.5328318
    ]
   }
  },
  {
   "type": "Feature",
   "id": 137,
   "properties": {
    "name": "吉林",
    "name_modern": "吉林",
    "pinyin": "Jílín",
    "name_ref": "吉林",
    "yomi": "きちりん",
    "romaji": "Kichirin",
    "lines": "國線 奉吉線; 滿洲國線 京圖線; 國線 龍豐線",
    "osm_id": "7923463054",
    "fclass": "railway_station",
    "dist_to_line_m": 3,
    "match": "name",
    "notes": null
   },
   "geometry": {
    "type": "Point",
    "coordinates": [
     126.5714519,
     43.8563018
    ]
   }
  },
  {
   "type": "Feature",
   "id": 138,
   "properties": {
    "name": "北奉天",
    "name_modern": "沈阳北",
    "pinyin": "Shěnyángběi",
    "name_ref": "北奉天",
    "yomi": "きたほうてん",
    "romaji": "Kitahōten",
    "lines": "國線 奉吉線; 滿洲國線 奉山線; 國線 錦古線",
    "osm_id": "676578837",
    "fclass": "railway_station",
    "dist_to_line_m": 5,
    "match": "alias",
    "notes": "北奉天 (奉山線 terminus, ex‑遼寧總站) ≈ 沈阳北; the 1927 station building (老北站) is c. 0.8 km SW of the present 沈阳北站"
   },
   "geometry": {
    "type": "Point",
    "coordinates": [
     123.4294351,
     41.8173345
    ]
   }
  },
  {
   "type": "Feature",
   "id": 139,
   "properties": {
    "name": "伊拉哈",
    "name_modern": "伊拉哈",
    "pinyin": "Yīlāhā",
    "name_ref": "伊拉哈",
    "yomi": "いらは",
    "romaji": "Iraha",
    "lines": "國線 寧霍線",
    "osm_id": "9129186267",
    "fclass": "railway_station",
    "dist_to_line_m": 10,
    "match": "name",
    "notes": null
   },
   "geometry": {
    "type": "Point",
    "coordinates": [
     125.1598873,
     48.8198769
    ]
   }
  },
  {
   "type": "Feature",
   "id": 140,
   "properties": {
    "name": "八洲",
    "name_modern": "九三",
    "pinyin": "Jiǔsān",
    "name_ref": "八洲",
    "yomi": "やしま",
    "romaji": "Yashima",
    "lines": "國線 寧霍線",
    "osm_id": "9129186266",
    "fclass": "railway_station",
    "dist_to_line_m": 5,
    "match": "alias",
    "notes": "八洲 = 九三站 (原名八洲站, 双山站; wiki)"
   },
   "geometry": {
    "type": "Point",
    "coordinates": [
     125.2486603,
     48.8799271
    ]
   }
  },
  {
   "type": "Feature",
   "id": 141,
   "properties": {
    "name": "嫩江",
    "name_modern": "嫩江",
    "pinyin": "Nènjiāng",
    "name_ref": "嫩江",
    "yomi": "のんじゃん",
    "romaji": "Nonjan",
    "lines": "國線 寧霍線",
    "osm_id": "1252233963",
    "fclass": "railway_station",
    "dist_to_line_m": 9,
    "match": "name",
    "notes": null
   },
   "geometry": {
    "type": "Point",
    "coordinates": [
     125.2424829,
     49.1758575
    ]
   }
  },
  {
   "type": "Feature",
   "id": 142,
   "properties": {
    "name": "拉哈",
    "name_modern": "拉哈",
    "pinyin": "Lāhā",
    "name_ref": "拉哈",
    "yomi": "らは",
    "romaji": "Raha",
    "lines": "國線 寧霍線",
    "osm_id": "1727803063",
    "fclass": "railway_station",
    "dist_to_line_m": 24,
    "match": "name",
    "notes": null
   },
   "geometry": {
    "type": "Point",
    "coordinates": [
     124.6242807,
     48.2034779
    ]
   }
  },
  {
   "type": "Feature",
   "id": 143,
   "properties": {
    "name": "新安",
    "name_modern": "六合镇",
    "pinyin": "Liùhézhèn",
    "name_ref": "新安",
    "yomi": "しんあん",
    "romaji": "Shin'an",
    "lines": "國線 寧霍線",
    "osm_id": "9129186268",
    "fclass": "railway_station",
    "dist_to_line_m": 13,
    "match": "alias",
    "notes": "新安 = 六合镇站 (ex‑六合, c. 66 km from 富裕 = reference km 66.3; name change not documented)"
   },
   "geometry": {
    "type": "Point",
    "coordinates": [
     124.6903097,
     48.3486098
    ]
   }
  },
  {
   "type": "Feature",
   "id": 144,
   "properties": {
    "name": "柏根里",
    "name_modern": "伯根里",
    "pinyin": "Bógēnlǐ",
    "name_ref": "柏根里",
    "yomi": "ぱいこんり",
    "romaji": "Paikonri",
    "lines": "國線 寧霍線",
    "osm_id": "9129186274",
    "fclass": "railway_station",
    "dist_to_line_m": 3,
    "match": "alias",
    "notes": "柏根里 = 伯根里"
   },
   "geometry": {
    "type": "Point",
    "coordinates": [
     125.5185684,
     49.4683241
    ]
   }
  },
  {
   "type": "Feature",
   "id": 145,
   "properties": {
    "name": "江洞",
    "name_modern": "二道湾",
    "pinyin": "Èrdàowān",
    "name_ref": "江灣",
    "yomi": "こうわん",
    "romaji": "Kōwan",
    "lines": "國線 寧霍線",
    "osm_id": "1727802988",
    "fclass": "railway_station",
    "dist_to_line_m": 26,
    "match": "alias",
    "notes": "printed 江洞; reference 江灣 = 二道湾站 (原名江湾站; wiki)"
   },
   "geometry": {
    "type": "Point",
    "coordinates": [
     124.5407793,
     47.9591437
    ]
   }
  },
  {
   "type": "Feature",
   "id": 146,
   "properties": {
    "name": "老萊",
    "name_modern": "老莱",
    "pinyin": "Lǎolái",
    "name_ref": "老萊",
    "yomi": "ろうらい",
    "romaji": "Rōrai",
    "lines": "國線 寧霍線",
    "osm_id": "1593383661",
    "fclass": "railway_station",
    "dist_to_line_m": 24,
    "match": "name",
    "notes": null
   },
   "geometry": {
    "type": "Point",
    "coordinates": [
     124.9990548,
     48.6489298
    ]
   }
  },
  {
   "type": "Feature",
   "id": 147,
   "properties": {
    "name": "訥河",
    "name_modern": "讷河",
    "pinyin": "Nèhé",
    "name_ref": "訥河",
    "yomi": "のうほ",
    "romaji": "Nōho",
    "lines": "國線 寧霍線",
    "osm_id": "1593383667",
    "fclass": "railway_station",
    "dist_to_line_m": 3,
    "match": "name",
    "notes": null
   },
   "geometry": {
    "type": "Point",
    "coordinates": [
     124.8410424,
     48.4795259
    ]
   }
  },
  {
   "type": "Feature",
   "id": 148,
   "properties": {
    "name": "鶴山",
    "name_modern": "鹤山",
    "pinyin": "Hèshān",
    "name_ref": "鶴山",
    "yomi": "かくざん",
    "romaji": "Kakuzan",
    "lines": "國線 寧霍線",
    "osm_id": "1727803035",
    "fclass": "railway_station",
    "dist_to_line_m": 1,
    "match": "name",
    "notes": null
   },
   "geometry": {
    "type": "Point",
    "coordinates": [
     125.2374905,
     49.0137189
    ]
   }
  },
  {
   "type": "Feature",
   "id": 149,
   "properties": {
    "name": "霍龍門",
    "name_modern": "霍龙门",
    "pinyin": "Huòlóngmén",
    "name_ref": "霍龍門",
    "yomi": "かくりゅうもん",
    "romaji": "Kakuryūmon",
    "lines": "國線 寧霍線; 國線 霍黑線",
    "osm_id": "9129186273",
    "fclass": "railway_station",
    "dist_to_line_m": 5,
    "match": "name",
    "notes": null
   },
   "geometry": {
    "type": "Point",
    "coordinates": [
     125.7792553,
     49.8036592
    ]
   }
  },
  {
   "type": "Feature",
   "id": 150,
   "properties": {
    "name": "寧年",
    "name_modern": "富裕",
    "pinyin": "Fùyù",
    "name_ref": "寧年",
    "yomi": "ねいねん",
    "romaji": "Neinen",
    "lines": "國線 寧霍線; 國線 齊北線",
    "osm_id": "1727803016",
    "fclass": "railway_station",
    "dist_to_line_m": 27,
    "match": "alias",
    "notes": "寧年 = 富裕站 (county seat renamed)"
   },
   "geometry": {
    "type": "Point",
    "coordinates": [
     124.4540951,
     47.7947978
    ]
   }
  },
  {
   "type": "Feature",
   "id": 151,
   "properties": {
    "name": "哈福",
    "name_modern": "哈福",
    "pinyin": "Hāfú",
    "name_ref": "哈福",
    "yomi": "はふく",
    "romaji": "Hafuku",
    "lines": "國線 平梅線",
    "osm_id": "2327447488",
    "fclass": "railway_station",
    "dist_to_line_m": 58,
    "match": "name",
    "notes": null
   },
   "geometry": {
    "type": "Point",
    "coordinates": [
     124.53055,
     43.09314
    ]
   }
  },
  {
   "type": "Feature",
   "id": 152,
   "properties": {
    "name": "大興",
    "name_modern": "大兴镇",
    "pinyin": "Dàxīngzhèn",
    "name_ref": "大興",
    "yomi": "たいこう",
    "romaji": "Taikō",
    "lines": "國線 平梅線",
    "osm_id": "2327447486",
    "fclass": "railway_station",
    "dist_to_line_m": 20,
    "match": "alias",
    "notes": null
   },
   "geometry": {
    "type": "Point",
    "coordinates": [
     125.38255,
     42.74158
    ]
   }
  },
  {
   "type": "Feature",
   "id": 153,
   "properties": {
    "name": "平崗",
    "name_modern": "平岗",
    "pinyin": "Pínggǎng",
    "name_ref": "平崗",
    "yomi": "へいこう",
    "romaji": "Heikō",
    "lines": "國線 平梅線",
    "osm_id": "2327447494",
    "fclass": "railway_station",
    "dist_to_line_m": 47,
    "match": "name",
    "notes": null
   },
   "geometry": {
    "type": "Point",
    "coordinates": [
     124.869717,
     42.9737633
    ]
   }
  },
  {
   "type": "Feature",
   "id": 154,
   "properties": {
    "name": "平東",
    "name_modern": "平东",
    "pinyin": "Píngdōng",
    "name_ref": "平東",
    "yomi": "へいとう",
    "romaji": "Heitō",
    "lines": "國線 平梅線",
    "osm_id": "2327447493",
    "fclass": "railway_station",
    "dist_to_line_m": 27,
    "match": "name",
    "notes": null
   },
   "geometry": {
    "type": "Point",
    "coordinates": [
     124.3976285,
     43.1304121
    ]
   }
  },
  {
   "type": "Feature",
   "id": 155,
   "properties": {
    "name": "東豐",
    "name_modern": "东丰",
    "pinyin": "Dōngfēng",
    "name_ref": "東豐",
    "yomi": "とうほう",
    "romaji": "Tōhō",
    "lines": "國線 平梅線",
    "osm_id": "1550774742",
    "fclass": "railway_station",
    "dist_to_line_m": 18,
    "match": "name",
    "notes": null
   },
   "geometry": {
    "type": "Point",
    "coordinates": [
     125.539828,
     42.652216
    ]
   }
  },
  {
   "type": "Feature",
   "id": 156,
   "properties": {
    "name": "渭津",
    "name_modern": "渭津",
    "pinyin": "Wèijīn",
    "name_ref": "渭津",
    "yomi": "いしん",
    "romaji": "Ishin",
    "lines": "國線 平梅線",
    "osm_id": "2327447500",
    "fclass": "railway_station",
    "dist_to_line_m": 40,
    "match": "name",
    "notes": null
   },
   "geometry": {
    "type": "Point",
    "coordinates": [
     125.2731608,
     42.7909029
    ]
   }
  },
  {
   "type": "Feature",
   "id": 157,
   "properties": {
    "name": "白泉",
    "name_modern": "白泉",
    "pinyin": "Báiquán",
    "name_ref": "白泉",
    "yomi": "はくせん",
    "romaji": "Hakusen",
    "lines": "國線 平梅線",
    "osm_id": "2327447484",
    "fclass": "railway_station",
    "dist_to_line_m": 23,
    "match": "name",
    "notes": null
   },
   "geometry": {
    "type": "Point",
    "coordinates": [
     124.9955833,
     42.9243937
    ]
   }
  },
  {
   "type": "Feature",
   "id": 158,
   "properties": {
    "name": "石嶺",
    "name_modern": "石岭",
    "pinyin": "Shílǐng",
    "name_ref": "石嶺",
    "yomi": "せきれい",
    "romaji": "Sekirei",
    "lines": "國線 平梅線",
    "osm_id": "2327447496",
    "fclass": "railway_station",
    "dist_to_line_m": 37,
    "match": "name",
    "notes": null
   },
   "geometry": {
    "type": "Point",
    "coordinates": [
     124.6971603,
     43.0887368
    ]
   }
  },
  {
   "type": "Feature",
   "id": 159,
   "properties": {
    "name": "西安",
    "name_modern": "辽源",
    "pinyin": "Liáoyuán",
    "name_ref": "西安",
    "yomi": "せいあん",
    "romaji": "Seian",
    "lines": "國線 平梅線",
    "osm_id": "2327447490",
    "fclass": "railway_station",
    "dist_to_line_m": 14,
    "match": "alias",
    "notes": "平梅線 西安 = 辽源站 (county renamed)"
   },
   "geometry": {
    "type": "Point",
    "coordinates": [
     125.1223333,
     42.9026856
    ]
   }
  },
  {
   "type": "Feature",
   "id": 160,
   "properties": {
    "name": "通化",
    "name_modern": "通化",
    "pinyin": "Tōnghuà",
    "name_ref": "通化",
    "yomi": "つうか",
    "romaji": "Tsūka",
    "lines": "國線 平梅線; 國線 梅輯線; 國線 大栗子線",
    "osm_id": "10554222161",
    "fclass": "railway_station",
    "dist_to_line_m": 22,
    "match": "name",
    "notes": null
   },
   "geometry": {
    "type": "Point",
    "coordinates": [
     125.9158008,
     41.7755756
    ]
   }
  },
  {
   "type": "Feature",
   "id": 161,
   "properties": {
    "name": "三江口",
    "name_modern": "三江口",
    "pinyin": "Sānjiāngkǒu",
    "name_ref": "三江口",
    "yomi": "さんじゃんこう",
    "romaji": "Sanjankō",
    "lines": "國線 平齊線",
    "osm_id": "2340355359",
    "fclass": "railway_station",
    "dist_to_line_m": 18,
    "match": "name",
    "notes": null
   },
   "geometry": {
    "type": "Point",
    "coordinates": [
     123.7146774,
     43.3685586
    ]
   }
  },
  {
   "type": "Feature",
   "id": 162,
   "properties": {
    "name": "三間房",
    "name_modern": "三间房",
    "pinyin": "Sānjiānfáng",
    "name_ref": "三間房",
    "yomi": "さんげんぼう",
    "romaji": "Sangenbō",
    "lines": "國線 平齊線",
    "osm_id": "1267538049",
    "fclass": "railway_station",
    "dist_to_line_m": 248,
    "match": "name",
    "notes": null
   },
   "geometry": {
    "type": "Point",
    "coordinates": [
     123.8360052,
     47.0929596
    ]
   }
  },
  {
   "type": "Feature",
   "id": 163,
   "properties": {
    "name": "五廟子",
    "name_modern": "平洋",
    "pinyin": "Píngyáng",
    "name_ref": "五廟子",
    "yomi": "ごびょうし",
    "romaji": "Gobyōshi",
    "lines": "國線 平齊線",
    "osm_id": "2343318811",
    "fclass": "railway_station",
    "dist_to_line_m": 4,
    "match": "alias",
    "notes": "五廟子 = 平洋站 (built 1926, at the reference km 480.6); rename not documented"
   },
   "geometry": {
    "type": "Point",
    "coordinates": [
     123.5346709,
     46.5968863
    ]
   }
  },
  {
   "type": "Feature",
   "id": 164,
   "properties": {
    "name": "保康",
    "name_modern": "保康",
    "pinyin": "Bǎokāng",
    "name_ref": "保康",
    "yomi": "ほこう",
    "romaji": "Hokō",
    "lines": "國線 平齊線",
    "osm_id": "2892566733",
    "fclass": "railway_station",
    "dist_to_line_m": 27,
    "match": "name",
    "notes": null
   },
   "geometry": {
    "type": "Point",
    "coordinates": [
     123.3203737,
     44.125773
    ]
   }
  },
  {
   "type": "Feature",
   "id": 165,
   "properties": {
    "name": "八面城",
    "name_modern": "八面城",
    "pinyin": "Bāmiànchéng",
    "name_ref": "八面城",
    "yomi": "はちめんじょう",
    "romaji": "Hachimenjō",
    "lines": "國線 平齊線",
    "osm_id": "2662698087",
    "fclass": "railway_station",
    "dist_to_line_m": 45,
    "match": "name",
    "notes": null
   },
   "geometry": {
    "type": "Point",
    "coordinates": [
     124.0552662,
     43.2068928
    ]
   }
  },
  {
   "type": "Feature",
   "id": 166,
   "properties": {
    "name": "坦途",
    "name_modern": "坦途",
    "pinyin": "Tǎntú",
    "name_ref": "坦途",
    "yomi": "たんと",
    "romaji": "Tanto",
    "lines": "國線 平齊線",
    "osm_id": "2343318815",
    "fclass": "railway_station",
    "dist_to_line_m": 40,
    "match": "name",
    "notes": null
   },
   "geometry": {
    "type": "Point",
    "coordinates": [
     123.3335558,
     46.1862147
    ]
   }
  },
  {
   "type": "Feature",
   "id": 167,
   "properties": {
    "name": "大平川",
    "name_modern": "太平川",
    "pinyin": "Tàipíngchuān",
    "name_ref": "太平川",
    "yomi": "たいへいせん",
    "romaji": "Taiheisen",
    "lines": "國線 平齊線",
    "osm_id": "1267537503",
    "fclass": "railway_station",
    "dist_to_line_m": 31,
    "match": "alias",
    "notes": "大平川 = 太平川"
   },
   "geometry": {
    "type": "Point",
    "coordinates": [
     123.1788067,
     44.397302
    ]
   }
  },
  {
   "type": "Feature",
   "id": 168,
   "properties": {
    "name": "大興",
    "name_modern": "大兴",
    "pinyin": "Dàxīng",
    "name_ref": "大興",
    "yomi": "たいこう",
    "romaji": "Taikō",
    "lines": "國線 平齊線",
    "osm_id": "1267537893",
    "fclass": "railway_station",
    "dist_to_line_m": 27,
    "match": "name",
    "notes": null
   },
   "geometry": {
    "type": "Point",
    "coordinates": [
     123.7442424,
     46.874633
    ]
   }
  },
  {
   "type": "Feature",
   "id": 169,
   "properties": {
    "name": "曲家店",
    "name_modern": "曲家店",
    "pinyin": "Qūjiādiàn",
    "name_ref": "曲家店",
    "yomi": "きょくかてん",
    "romaji": "Kyokukaten",
    "lines": "國線 平齊線",
    "osm_id": "2340355358",
    "fclass": "railway_station",
    "dist_to_line_m": 28,
    "match": "name",
    "notes": null
   },
   "geometry": {
    "type": "Point",
    "coordinates": [
     123.9274448,
     43.2248587
    ]
   }
  },
  {
   "type": "Feature",
   "id": 170,
   "properties": {
    "name": "江橋",
    "name_modern": "江桥",
    "pinyin": "Jiāngqiáo",
    "name_ref": "江橋",
    "yomi": "こうきょう",
    "romaji": "Kōkyō",
    "lines": "國線 平齊線",
    "osm_id": "1267537498",
    "fclass": "railway_station",
    "dist_to_line_m": 3,
    "match": "name",
    "notes": null
   },
   "geometry": {
    "type": "Point",
    "coordinates": [
     123.678401,
     46.7695728
    ]
   }
  },
  {
   "type": "Feature",
   "id": 171,
   "properties": {
    "name": "泉溝",
    "name_modern": "泉沟",
    "pinyin": "Quángōu",
    "name_ref": "泉溝",
    "yomi": "せんこう",
    "romaji": "Senkō",
    "lines": "國線 平齊線",
    "osm_id": "2340355357",
    "fclass": "railway_station",
    "dist_to_line_m": 42,
    "match": "name",
    "notes": null
   },
   "geometry": {
    "type": "Point",
    "coordinates": [
     124.2587831,
     43.1798799
    ]
   }
  },
  {
   "type": "Feature",
   "id": 172,
   "properties": {
    "name": "泰來",
    "name_modern": "泰来",
    "pinyin": "Tàilái",
    "name_ref": "泰來",
    "yomi": "たいらい",
    "romaji": "Tairai",
    "lines": "國線 平齊線",
    "osm_id": "2343120220",
    "fclass": "railway_station",
    "dist_to_line_m": 10,
    "match": "name",
    "notes": null
   },
   "geometry": {
    "type": "Point",
    "coordinates": [
     123.4044008,
     46.389892
    ]
   }
  },
  {
   "type": "Feature",
   "id": 173,
   "properties": {
    "name": "洮南",
    "name_modern": "洮南",
    "pinyin": "Táonán",
    "name_ref": "洮南",
    "yomi": "とうなん",
    "romaji": "Tōnan",
    "lines": "國線 平齊線",
    "osm_id": "1267537762",
    "fclass": "railway_station",
    "dist_to_line_m": 82,
    "match": "name",
    "notes": null
   },
   "geometry": {
    "type": "Point",
    "coordinates": [
     122.8030835,
     45.3383817
    ]
   }
  },
  {
   "type": "Feature",
   "id": 174,
   "properties": {
    "name": "臥虎屯",
    "name_modern": "卧虎屯",
    "pinyin": "Wòhǔtún",
    "name_ref": "臥虎屯",
    "yomi": "がことん",
    "romaji": "Gakoton",
    "lines": "國線 平齊線",
    "osm_id": "2340355362",
    "fclass": "railway_station",
    "dist_to_line_m": 29,
    "match": "name",
    "notes": null
   },
   "geometry": {
    "type": "Point",
    "coordinates": [
     123.55388,
     43.69644
    ]
   }
  },
  {
   "type": "Feature",
   "id": 175,
   "properties": {
    "name": "茂林",
    "name_modern": "茂林",
    "pinyin": "Màolín",
    "name_ref": "茂林",
    "yomi": "もりん",
    "romaji": "Morin",
    "lines": "國線 平齊線",
    "osm_id": "9506868290",
    "fclass": "railway_station",
    "dist_to_line_m": 58,
    "match": "name",
    "notes": null
   },
   "geometry": {
    "type": "Point",
    "coordinates": [
     123.3957982,
     43.976248
    ]
   }
  },
  {
   "type": "Feature",
   "id": 176,
   "properties": {
    "name": "街基",
    "name_modern": "街基",
    "pinyin": "Jiējī",
    "name_ref": "街基",
    "yomi": "がいき",
    "romaji": "Gaiki",
    "lines": "國線 平齊線",
    "osm_id": "2343120365",
    "fclass": "railway_station",
    "dist_to_line_m": 8,
    "match": "name",
    "notes": null
   },
   "geometry": {
    "type": "Point",
    "coordinates": [
     123.3765333,
     46.3013844
    ]
   }
  },
  {
   "type": "Feature",
   "id": 177,
   "properties": {
    "name": "金寶屯",
    "name_modern": "金宝屯",
    "pinyin": "Jīnbǎotún",
    "name_ref": "金寶屯",
    "yomi": "きんぽうとん",
    "romaji": "Kinpōton",
    "lines": "國線 平齊線",
    "osm_id": "5391003772",
    "fclass": "railway_station",
    "dist_to_line_m": 45,
    "match": "name",
    "notes": null
   },
   "geometry": {
    "type": "Point",
    "coordinates": [
     123.5718504,
     43.3811658
    ]
   }
  },
  {
   "type": "Feature",
   "id": 178,
   "properties": {
    "name": "鎭東",
    "name_modern": "镇赉",
    "pinyin": "Zhènlài",
    "name_ref": "鎭東",
    "yomi": "ちんとう",
    "romaji": "Chintō",
    "lines": "國線 平齊線",
    "osm_id": "1267537594",
    "fclass": "railway_station",
    "dist_to_line_m": 39,
    "match": "alias",
    "notes": "鎭東 = 镇赉站 (county renamed)"
   },
   "geometry": {
    "type": "Point",
    "coordinates": [
     123.1885551,
     45.8563219
    ]
   }
  },
  {
   "type": "Feature",
   "id": 179,
   "properties": {
    "name": "開通",
    "name_modern": "通榆",
    "pinyin": "Tōngyú",
    "name_ref": "開通",
    "yomi": "かいつう",
    "romaji": "Kaitsū",
    "lines": "國線 平齊線",
    "osm_id": "12627525339",
    "fclass": "railway_station",
    "dist_to_line_m": 12,
    "match": "alias",
    "notes": "開通 = 通榆站 (county renamed)"
   },
   "geometry": {
    "type": "Point",
    "coordinates": [
     123.0697033,
     44.8030473
    ]
   }
  },
  {
   "type": "Feature",
   "id": 180,
   "properties": {
    "name": "黑水",
    "name_modern": "黑水",
    "pinyin": "Hēishuǐ",
    "name_ref": "黑水",
    "yomi": "こくすい",
    "romaji": "Kokusui",
    "lines": "國線 平齊線",
    "osm_id": "9506868289",
    "fclass": "railway_station",
    "dist_to_line_m": 29,
    "match": "name",
    "notes": null
   },
   "geometry": {
    "type": "Point",
    "coordinates": [
     122.8186941,
     45.2123347
    ]
   }
  },
  {
   "type": "Feature",
   "id": 181,
   "properties": {
    "name": "白城子",
    "name_modern": "白城",
    "pinyin": "Báichéng",
    "name_ref": "白城子",
    "yomi": "はくじょうし",
    "romaji": "Hakujōshi",
    "lines": "國線 平齊線; 國線 京白線; 國線 白阿線",
    "osm_id": "1730851478",
    "fclass": "railway_station",
    "dist_to_line_m": 65,
    "match": "alias",
    "notes": "白城子 = 白城站"
   },
   "geometry": {
    "type": "Point",
    "coordinates": [
     122.8591067,
     45.6156263
    ]
   }
  },
  {
   "type": "Feature",
   "id": 182,
   "properties": {
    "name": "齊齊哈爾",
    "name_modern": "齐齐哈尔",
    "pinyin": "Qíqíhāěr",
    "name_ref": "齊齊哈爾",
    "yomi": "ちちはる",
    "romaji": "Chichiharu",
    "lines": "國線 平齊線; 國線 寧霍線; 國線 齊北線; 國線 榆樹線",
    "osm_id": "7872489297",
    "fclass": "railway_station",
    "dist_to_line_m": 6,
    "match": "name",
    "notes": null
   },
   "geometry": {
    "type": "Point",
    "coordinates": [
     123.990047,
     47.3384973
    ]
   }
  },
  {
   "type": "Feature",
   "id": 183,
   "properties": {
    "name": "榆樹屯",
    "name_modern": "榆树屯",
    "pinyin": "Yúshùtún",
    "name_ref": "楡樹屯",
    "yomi": "ゆじゅとん",
    "romaji": "Yujuton",
    "lines": "國線 平齊線; 國線 榆樹線",
    "osm_id": "1267538080",
    "fclass": "railway_station",
    "dist_to_line_m": 34,
    "match": "name",
    "notes": null
   },
   "geometry": {
    "type": "Point",
    "coordinates": [
     123.8892133,
     47.1539542
    ]
   }
  },
  {
   "type": "Feature",
   "id": 184,
   "properties": {
    "name": "恒山",
    "name_modern": "恒山",
    "pinyin": "Héngshān",
    "name_ref": "恒山",
    "yomi": "こうざん",
    "romaji": "Kōzan",
    "lines": "國線 恒山線",
    "osm_id": "7342429581",
    "fclass": "railway_station",
    "dist_to_line_m": null,
    "match": "corridor",
    "notes": "line not in manchuria-1942-lines.geojson; matched by name inside the corridor of its anchor stations (國線 恒山線)"
   },
   "geometry": {
    "type": "Point",
    "coordinates": [
     130.9213203,
     45.2161077
    ]
   }
  },
  {
   "type": "Feature",
   "id": 185,
   "properties": {
    "name": "上營",
    "name_modern": "上营",
    "pinyin": "Shàngyíng",
    "name_ref": "上營",
    "yomi": "じょうえい",
    "romaji": "Jōei",
    "lines": "國線 拉濱線",
    "osm_id": "2333085946",
    "fclass": "railway_station",
    "dist_to_line_m": 32,
    "match": "name",
    "notes": null
   },
   "geometry": {
    "type": "Point",
    "coordinates": [
     127.2488291,
     44.1456216
    ]
   }
  },
  {
   "type": "Feature",
   "id": 186,
   "properties": {
    "name": "五常",
    "name_modern": "五常",
    "pinyin": "Wǔcháng",
    "name_ref": "五常",
    "yomi": "ごじょう",
    "romaji": "Gojō",
    "lines": "國線 拉濱線",
    "osm_id": "2503795727",
    "fclass": "railway_station",
    "dist_to_line_m": 1,
    "match": "name",
    "notes": null
   },
   "geometry": {
    "type": "Point",
    "coordinates": [
     127.1364579,
     44.9197887
    ]
   }
  },
  {
   "type": "Feature",
   "id": 187,
   "properties": {
    "name": "周家",
    "name_modern": "周家",
    "pinyin": "Zhōujiā",
    "name_ref": "周家",
    "yomi": "しゅうか",
    "romaji": "Shūka",
    "lines": "國線 拉濱線",
    "osm_id": "2333085953",
    "fclass": "railway_station",
    "dist_to_line_m": 13,
    "match": "name",
    "notes": null
   },
   "geometry": {
    "type": "Point",
    "coordinates": [
     126.6669363,
     45.4597655
    ]
   }
  },
  {
   "type": "Feature",
   "id": 188,
   "properties": {
    "name": "孫家",
    "name_modern": "孙家",
    "pinyin": "Sūnjiā",
    "name_ref": "孫家",
    "yomi": "そんか",
    "romaji": "Sonka",
    "lines": "國線 拉濱線",
    "osm_id": "717572642",
    "fclass": "railway_station",
    "dist_to_line_m": 2,
    "match": "name",
    "notes": null
   },
   "geometry": {
    "type": "Point",
    "coordinates": [
     126.6776553,
     45.6935186
    ]
   }
  },
  {
   "type": "Feature",
   "id": 189,
   "properties": {
    "name": "安家",
    "name_modern": "安家",
    "pinyin": "Ānjiā",
    "name_ref": "安家",
    "yomi": "あんか",
    "romaji": "Anka",
    "lines": "國線 拉濱線",
    "osm_id": "2333085936",
    "fclass": "railway_station",
    "dist_to_line_m": 4,
    "match": "name",
    "notes": null
   },
   "geometry": {
    "type": "Point",
    "coordinates": [
     127.0602514,
     45.0512826
    ]
   }
  },
  {
   "type": "Feature",
   "id": 190,
   "properties": {
    "name": "山河屯",
    "name_modern": "山河屯",
    "pinyin": "Shānhétún",
    "name_ref": "山河屯",
    "yomi": "さんかとん",
    "romaji": "Sankaton",
    "lines": "國線 拉濱線",
    "osm_id": "2333085947",
    "fclass": "railway_station",
    "dist_to_line_m": 47,
    "match": "name",
    "notes": null
   },
   "geometry": {
    "type": "Point",
    "coordinates": [
     127.2047272,
     44.694571
    ]
   }
  },
  {
   "type": "Feature",
   "id": 191,
   "properties": {
    "name": "平安",
    "name_modern": "平安",
    "pinyin": "Píngān",
    "name_ref": "平安",
    "yomi": "へいあん",
    "romaji": "Heian",
    "lines": "國線 拉濱線",
    "osm_id": "3889846793",
    "fclass": "railway_station",
    "dist_to_line_m": 18,
    "match": "name",
    "notes": null
   },
   "geometry": {
    "type": "Point",
    "coordinates": [
     127.1681643,
     44.5912313
    ]
   }
  },
  {
   "type": "Feature",
   "id": 192,
   "properties": {
    "name": "平房",
    "name_modern": "平房",
    "pinyin": "Píngfáng",
    "name_ref": "平房",
    "yomi": "へいぼう",
    "romaji": "Heibō",
    "lines": "國線 拉濱線",
    "osm_id": "2333085945",
    "fclass": "railway_station",
    "dist_to_line_m": 1,
    "match": "name",
    "notes": null
   },
   "geometry": {
    "type": "Point",
    "coordinates": [
     126.6695162,
     45.5834093
    ]
   }
  },
  {
   "type": "Feature",
   "id": 193,
   "properties": {
    "name": "拉林",
    "name_modern": "拉林",
    "pinyin": "Lālín",
    "name_ref": "拉林",
    "yomi": "らりん",
    "romaji": "Rarin",
    "lines": "國線 拉濱線",
    "osm_id": "2333085942",
    "fclass": "railway_station",
    "dist_to_line_m": 0,
    "match": "name",
    "notes": null
   },
   "geometry": {
    "type": "Point",
    "coordinates": [
     126.8899677,
     45.2279424
    ]
   }
  },
  {
   "type": "Feature",
   "id": 194,
   "properties": {
    "name": "新站",
    "name_modern": "新站",
    "pinyin": "Xīnzhàn",
    "name_ref": "新站",
    "yomi": "しんじゃん",
    "romaji": "Shinjan",
    "lines": "國線 拉濱線",
    "osm_id": "9497383557",
    "fclass": "railway_station",
    "dist_to_line_m": 26,
    "match": "name",
    "notes": null
   },
   "geometry": {
    "type": "Point",
    "coordinates": [
     127.3328197,
     43.8905011
    ]
   }
  },
  {
   "type": "Feature",
   "id": 195,
   "properties": {
    "name": "杜家",
    "name_modern": "杜家",
    "pinyin": "Dùjiā",
    "name_ref": "杜家",
    "yomi": "とか",
    "romaji": "Toka",
    "lines": "國線 拉濱線",
    "osm_id": "2333085939",
    "fclass": "railway_station",
    "dist_to_line_m": 8,
    "match": "name",
    "notes": null
   },
   "geometry": {
    "type": "Point",
    "coordinates": [
     127.1915697,
     44.8163766
    ]
   }
  },
  {
   "type": "Feature",
   "id": 196,
   "properties": {
    "name": "水曲柳",
    "name_modern": "水曲柳",
    "pinyin": "Shuǐqūliǔ",
    "name_ref": "水曲柳",
    "yomi": "すいきょくりゅう",
    "romaji": "Suikyokuryū",
    "lines": "國線 拉濱線",
    "osm_id": "3889846826",
    "fclass": "railway_station",
    "dist_to_line_m": 24,
    "match": "name",
    "notes": null
   },
   "geometry": {
    "type": "Point",
    "coordinates": [
     127.0503402,
     44.4923759
    ]
   }
  },
  {
   "type": "Feature",
   "id": 197,
   "properties": {
    "name": "牛家",
    "name_modern": "牛家",
    "pinyin": "Niújiā",
    "name_ref": "牛家",
    "yomi": "ぎゅうか",
    "romaji": "Gyūka",
    "lines": "國線 拉濱線",
    "osm_id": "2503795707",
    "fclass": "railway_station",
    "dist_to_line_m": 1,
    "match": "name",
    "notes": null
   },
   "geometry": {
    "type": "Point",
    "coordinates": [
     126.7304037,
     45.3481813
    ]
   }
  },
  {
   "type": "Feature",
   "id": 198,
   "properties": {
    "name": "背蔭河",
    "name_modern": "背荫河",
    "pinyin": "Bèiyīnhé",
    "name_ref": "背蔭河",
    "yomi": "はいいんが",
    "romaji": "Haiinga",
    "lines": "國線 拉濱線",
    "osm_id": "2333085937",
    "fclass": "railway_station",
    "dist_to_line_m": 10,
    "match": "name",
    "notes": null
   },
   "geometry": {
    "type": "Point",
    "coordinates": [
     126.9916568,
     45.1678703
    ]
   }
  },
  {
   "type": "Feature",
   "id": 199,
   "properties": {
    "name": "舒蘭",
    "name_modern": "舒兰",
    "pinyin": "Shūlán",
    "name_ref": "舒蘭",
    "yomi": "じょらん",
    "romaji": "Joran",
    "lines": "國線 拉濱線; 其他 吉林鐵道線",
    "osm_id": "2332808254",
    "fclass": "railway_station",
    "dist_to_line_m": 51,
    "match": "name",
    "notes": null
   },
   "geometry": {
    "type": "Point",
    "coordinates": [
     126.9484524,
     44.4057581
    ]
   }
  },
  {
   "type": "Feature",
   "id": 200,
   "properties": {
    "name": "上三峰",
    "name_modern": "上三峰",
    "pinyin": "Shàngsānfēng",
    "name_ref": "上三峰",
    "yomi": "かみさんぽう",
    "romaji": "Jōsanpō",
    "lines": "國線 朝開線",
    "osm_id": "korea-csv:bs_017",
    "fclass": "korea_csv",
    "dist_to_line_m": 1270,
    "match": "korea-csv",
    "notes": "Korean through station; position from interactive-japan-map korea/stations.csv (korea-csv:bs_017, 상삼봉, MR Sangsambong)"
   },
   "geometry": {
    "type": "Point",
    "coordinates": [
     129.7987,
     42.6826
    ]
   }
  },
  {
   "type": "Feature",
   "id": 201,
   "properties": {
    "name": "龍井",
    "name_modern": "龙井",
    "pinyin": "Lóngjǐng",
    "name_ref": "龍井",
    "yomi": "りゅうせい",
    "romaji": "Ryūsei",
    "lines": "國線 朝開線; 國線 青道線",
    "osm_id": "9171411668",
    "fclass": "railway_station",
    "dist_to_line_m": 7,
    "match": "name",
    "notes": null
   },
   "geometry": {
    "type": "Point",
    "coordinates": [
     129.4242212,
     42.7770103
    ]
   }
  },
  {
   "type": "Feature",
   "id": 202,
   "properties": {
    "name": "□柏",
    "name_modern": "黄柏",
    "pinyin": "Huángbǎi",
    "name_ref": "黃柏",
    "yomi": "こうはく",
    "romaji": "Kōhaku",
    "lines": "國線 梅輯線",
    "osm_id": "1550539257",
    "fclass": "railway_station",
    "dist_to_line_m": 14,
    "match": "alias",
    "notes": "illegible; = 黄柏 (黃柏), between 石湖 and 阳岔"
   },
   "geometry": {
    "type": "Point",
    "coordinates": [
     126.335834,
     41.3358962
    ]
   }
  },
  {
   "type": "Feature",
   "id": 203,
   "properties": {
    "name": "三源浦",
    "name_modern": "三源浦 삼원포",
    "pinyin": "Sānyuánpǔ",
    "name_ref": "三源浦",
    "yomi": "さんげんぽ",
    "romaji": "Sangenpo",
    "lines": "國線 梅輯線",
    "osm_id": "2327447495",
    "fclass": "railway_station",
    "dist_to_line_m": 8,
    "match": "alias",
    "notes": null
   },
   "geometry": {
    "type": "Point",
    "coordinates": [
     125.7546436,
     42.0536983
    ]
   }
  },
  {
   "type": "Feature",
   "id": 204,
   "properties": {
    "name": "二密河",
    "name_modern": "二密河",
    "pinyin": "Èrmìhé",
    "name_ref": "二密河",
    "yomi": "にみっか",
    "romaji": "Nimikka",
    "lines": "國線 梅輯線",
    "osm_id": "1550539235",
    "fclass": "railway_station",
    "dist_to_line_m": 29,
    "match": "name",
    "notes": null
   },
   "geometry": {
    "type": "Point",
    "coordinates": [
     125.8247231,
     41.7867204
    ]
   }
  },
  {
   "type": "Feature",
   "id": 205,
   "properties": {
    "name": "五道溝",
    "name_modern": "五道沟",
    "pinyin": "Wǔdàogōu",
    "name_ref": "五道溝",
    "yomi": "ごどうこう",
    "romaji": "Godōkō",
    "lines": "國線 梅輯線",
    "osm_id": "2327447501",
    "fclass": "railway_station",
    "dist_to_line_m": 14,
    "match": "name",
    "notes": null
   },
   "geometry": {
    "type": "Point",
    "coordinates": [
     125.8714585,
     42.1346807
    ]
   }
  },
  {
   "type": "Feature",
   "id": 206,
   "properties": {
    "name": "干溝",
    "name_modern": "干沟",
    "pinyin": "Gàngōu",
    "name_ref": "干溝",
    "yomi": "かんこう",
    "romaji": "Kankō",
    "lines": "國線 梅輯線",
    "osm_id": "1550539251",
    "fclass": "railway_station",
    "dist_to_line_m": 35,
    "match": "name",
    "notes": null
   },
   "geometry": {
    "type": "Point",
    "coordinates": [
     125.7174171,
     41.8589009
    ]
   }
  },
  {
   "type": "Feature",
   "id": 207,
   "properties": {
    "name": "東通化",
    "name_modern": "东通化",
    "pinyin": "Dōngtōnghuà",
    "name_ref": "東通化",
    "yomi": "ひがしつうか",
    "romaji": "Higashitsūka",
    "lines": "國線 梅輯線",
    "osm_id": "1550539230",
    "fclass": "railway_station",
    "dist_to_line_m": 3,
    "match": "name",
    "notes": null
   },
   "geometry": {
    "type": "Point",
    "coordinates": [
     126.0397569,
     41.7677071
    ]
   }
  },
  {
   "type": "Feature",
   "id": 208,
   "properties": {
    "name": "果松",
    "name_modern": "果松",
    "pinyin": "Guǒsōng",
    "name_ref": "果松",
    "yomi": "かしょう",
    "romaji": "Kashō",
    "lines": "國線 梅輯線",
    "osm_id": "1550539253",
    "fclass": "railway_station",
    "dist_to_line_m": 11,
    "match": "name",
    "notes": null
   },
   "geometry": {
    "type": "Point",
    "coordinates": [
     126.2507492,
     41.5965572
    ]
   }
  },
  {
   "type": "Feature",
   "id": 209,
   "properties": {
    "name": "柳河",
    "name_modern": "柳河",
    "pinyin": "Liǔhé",
    "name_ref": "柳河",
    "yomi": "りゅうか",
    "romaji": "Ryūka",
    "lines": "國線 梅輯線",
    "osm_id": "2614607868",
    "fclass": "railway_station",
    "dist_to_line_m": 35,
    "match": "name",
    "notes": null
   },
   "geometry": {
    "type": "Point",
    "coordinates": [
     125.7592186,
     42.2870588
    ]
   }
  },
  {
   "type": "Feature",
   "id": 210,
   "properties": {
    "name": "水洞",
    "name_modern": "水洞",
    "pinyin": "Shuǐdòng",
    "name_ref": "水洞",
    "yomi": "すいどう",
    "romaji": "Suidō",
    "lines": "國線 梅輯線",
    "osm_id": "1664135960",
    "fclass": "railway_station",
    "dist_to_line_m": 30,
    "match": "name",
    "notes": null
   },
   "geometry": {
    "type": "Point",
    "coordinates": [
     126.1162698,
     41.7740152
    ]
   }
  },
  {
   "type": "Feature",
   "id": 211,
   "properties": {
    "name": "滿浦",
    "name_modern": "滿浦",
    "pinyin": "Mǎnpǔ",
    "name_ref": "滿浦",
    "yomi": "まんぽ",
    "romaji": "Manho",
    "lines": "國線 梅輯線",
    "osm_id": "korea-csv:mp_044",
    "fclass": "korea_csv",
    "dist_to_line_m": 577,
    "match": "korea-csv",
    "notes": "Korean through station; position from interactive-japan-map korea/stations.csv (korea-csv:mp_044, 만포, MR Manp'o)"
   },
   "geometry": {
    "type": "Point",
    "coordinates": [
     126.2975,
     41.1508
    ]
   }
  },
  {
   "type": "Feature",
   "id": 212,
   "properties": {
    "name": "石湖",
    "name_modern": "石湖",
    "pinyin": "Shíhú",
    "name_ref": "石湖",
    "yomi": "せっこ",
    "romaji": "Sekko",
    "lines": "國線 梅輯線",
    "osm_id": "1550539284",
    "fclass": "railway_halt",
    "dist_to_line_m": 6,
    "match": "name",
    "notes": null
   },
   "geometry": {
    "type": "Point",
    "coordinates": [
     126.2840556,
     41.5094765
    ]
   }
  },
  {
   "type": "Feature",
   "id": 213,
   "properties": {
    "name": "謝家",
    "name_modern": "谢家",
    "pinyin": "Xièjiā",
    "name_ref": "謝家",
    "yomi": "しゃか",
    "romaji": "Shaka",
    "lines": "國線 梅輯線",
    "osm_id": "2327447502",
    "fclass": "railway_station",
    "dist_to_line_m": 32,
    "match": "name",
    "notes": null
   },
   "geometry": {
    "type": "Point",
    "coordinates": [
     125.7606261,
     42.3783368
    ]
   }
  },
  {
   "type": "Feature",
   "id": 214,
   "properties": {
    "name": "輯安",
    "name_modern": "集安",
    "pinyin": "Jíān",
    "name_ref": "輯安",
    "yomi": "しゅうあん",
    "romaji": "Shūan",
    "lines": "國線 梅輯線",
    "osm_id": "2278432367",
    "fclass": "railway_station",
    "dist_to_line_m": 13,
    "match": "alias",
    "notes": "輯安 = 集安站"
   },
   "geometry": {
    "type": "Point",
    "coordinates": [
     126.1987707,
     41.1341712
    ]
   }
  },
  {
   "type": "Feature",
   "id": 215,
   "properties": {
    "name": "通德",
    "name_modern": "通沟",
    "pinyin": "Tōnggōu",
    "name_ref": "通溝",
    "yomi": "つうこう",
    "romaji": "Tsūkō",
    "lines": "國線 梅輯線",
    "osm_id": "2327447498",
    "fclass": "railway_station",
    "dist_to_line_m": 45,
    "match": "alias",
    "notes": "printed 通德; reference 通溝 = OSM 通沟 (misreading)"
   },
   "geometry": {
    "type": "Point",
    "coordinates": [
     125.7125403,
     41.9499437
    ]
   }
  },
  {
   "type": "Feature",
   "id": 216,
   "properties": {
    "name": "鐵廠",
    "name_modern": "铁厂",
    "pinyin": "Tiěchǎng",
    "name_ref": "鐵廠",
    "yomi": "てっしょう",
    "romaji": "Tesshō",
    "lines": "國線 梅輯線",
    "osm_id": "1550539301",
    "fclass": "railway_station",
    "dist_to_line_m": 10,
    "match": "name",
    "notes": null
   },
   "geometry": {
    "type": "Point",
    "coordinates": [
     126.1974225,
     41.7147998
    ]
   }
  },
  {
   "type": "Feature",
   "id": 217,
   "properties": {
    "name": "陽岔",
    "name_modern": "阳岔",
    "pinyin": "Yángchà",
    "name_ref": "陽岔",
    "yomi": "ようた",
    "romaji": "Yōta",
    "lines": "國線 梅輯線",
    "osm_id": "1550539310",
    "fclass": "railway_station",
    "dist_to_line_m": 33,
    "match": "name",
    "notes": null
   },
   "geometry": {
    "type": "Point",
    "coordinates": [
     126.2361719,
     41.2147885
    ]
   }
  },
  {
   "type": "Feature",
   "id": 218,
   "properties": {
    "name": "駝腰嶺",
    "name_modern": "驼腰岭",
    "pinyin": "Tuóyāolǐng",
    "name_ref": "駝腰嶺",
    "yomi": "だようれい",
    "romaji": "Dayōrei",
    "lines": "國線 梅輯線",
    "osm_id": "2327447499",
    "fclass": "railway_station",
    "dist_to_line_m": 10,
    "match": "name",
    "notes": null
   },
   "geometry": {
    "type": "Point",
    "coordinates": [
     125.89736,
     42.17943
    ]
   }
  },
  {
   "type": "Feature",
   "id": 219,
   "properties": {
    "name": "鴨園",
    "name_modern": "鸭园",
    "pinyin": "Yāyuán",
    "name_ref": "鴨園",
    "yomi": "おうえん",
    "romaji": "Ōen",
    "lines": "國線 梅輯線; 國線 大栗子線",
    "osm_id": "9174163144",
    "fclass": "railway_station",
    "dist_to_line_m": 19,
    "match": "name",
    "notes": null
   },
   "geometry": {
    "type": "Point",
    "coordinates": [
     126.1747586,
     41.7594087
    ]
   }
  },
  {
   "type": "Feature",
   "id": 220,
   "properties": {
    "name": "大窪",
    "name_modern": "大洼",
    "pinyin": "Dàwā",
    "name_ref": "大窪",
    "yomi": "だいあ",
    "romaji": "Daia",
    "lines": "國線 河北線",
    "osm_id": "9167905922",
    "fclass": "railway_station",
    "dist_to_line_m": null,
    "match": "corridor",
    "notes": "line not in manchuria-1942-lines.geojson; matched by name inside the corridor of its anchor stations (國線 河北線)"
   },
   "geometry": {
    "type": "Point",
    "coordinates": [
     122.0963055,
     40.9698943
    ]
   }
  },
  {
   "type": "Feature",
   "id": 221,
   "properties": {
    "name": "盤山",
    "name_modern": "盘山",
    "pinyin": "Pánshān",
    "name_ref": "盤山",
    "yomi": "ばんざん",
    "romaji": "Banzan",
    "lines": "國線 河北線",
    "osm_id": "9167905923",
    "fclass": "railway_station",
    "dist_to_line_m": null,
    "match": "corridor",
    "notes": "line not in manchuria-1942-lines.geojson; matched by name inside the corridor of its anchor stations (國線 河北線)"
   },
   "geometry": {
    "type": "Point",
    "coordinates": [
     122.1838796,
     41.2576218
    ]
   }
  },
  {
   "type": "Feature",
   "id": 222,
   "properties": {
    "name": "八寶",
    "name_modern": "八宝",
    "pinyin": "Bābǎo",
    "name_ref": "八寶",
    "yomi": "はちほう",
    "romaji": "Hachihō",
    "lines": "國線 渾三線",
    "osm_id": "9174163152",
    "fclass": "railway_station",
    "dist_to_line_m": null,
    "match": "corridor",
    "notes": "line not in manchuria-1942-lines.geojson; matched by name inside the corridor of its anchor stations (國線 渾三線)"
   },
   "geometry": {
    "type": "Point",
    "coordinates": [
     126.5620271,
     42.0173809
    ]
   }
  },
  {
   "type": "Feature",
   "id": 223,
   "properties": {
    "name": "偏嶺",
    "name_modern": "偏岭",
    "pinyin": "Piānlǐng",
    "name_ref": "偏嶺",
    "yomi": "へんれい",
    "romaji": "Henrei",
    "lines": "國線 溪城線",
    "osm_id": "2349633643",
    "fclass": "railway_station",
    "dist_to_line_m": 6,
    "match": "name",
    "notes": null
   },
   "geometry": {
    "type": "Point",
    "coordinates": [
     123.9717555,
     41.3861959
    ]
   }
  },
  {
   "type": "Feature",
   "id": 224,
   "properties": {
    "name": "南甸",
    "name_modern": "南甸",
    "pinyin": "Nándiān",
    "name_ref": "南甸",
    "yomi": "なんでん",
    "romaji": "Nanden",
    "lines": "國線 溪城線",
    "osm_id": "9174163132",
    "fclass": "railway_station",
    "dist_to_line_m": 24,
    "match": "name",
    "notes": null
   },
   "geometry": {
    "type": "Point",
    "coordinates": [
     124.3651217,
     41.2883398
    ]
   }
  },
  {
   "type": "Feature",
   "id": 225,
   "properties": {
    "name": "小市",
    "name_modern": "小市",
    "pinyin": "Xiǎoshì",
    "name_ref": "小市",
    "yomi": "しょうし",
    "romaji": "Shōshi",
    "lines": "國線 溪城線",
    "osm_id": "2349633693",
    "fclass": "railway_station",
    "dist_to_line_m": 9,
    "match": "name",
    "notes": null
   },
   "geometry": {
    "type": "Point",
    "coordinates": [
     124.1171711,
     41.3087903
    ]
   }
  },
  {
   "type": "Feature",
   "id": 226,
   "properties": {
    "name": "溫泉寺",
    "name_modern": "温泉寺",
    "pinyin": "Wēnquánsì",
    "name_ref": "溫泉寺",
    "yomi": "おんせんじ",
    "romaji": "Onsenji",
    "lines": "國線 溪城線",
    "osm_id": "2349633685",
    "fclass": "railway_halt",
    "dist_to_line_m": 7,
    "match": "name",
    "notes": null
   },
   "geometry": {
    "type": "Point",
    "coordinates": [
     124.051308,
     41.3365184
    ]
   }
  },
  {
   "type": "Feature",
   "id": 227,
   "properties": {
    "name": "牛心臺",
    "name_modern": "牛心台",
    "pinyin": "Niúxīntái",
    "name_ref": "牛心臺",
    "yomi": "ぎゅうしんだい",
    "romaji": "Gyūshindai",
    "lines": "國線 溪城線",
    "osm_id": "2349633632",
    "fclass": "railway_station",
    "dist_to_line_m": 16,
    "match": "name",
    "notes": null
   },
   "geometry": {
    "type": "Point",
    "coordinates": [
     123.8879537,
     41.3458313
    ]
   }
  },
  {
   "type": "Feature",
   "id": 228,
   "properties": {
    "name": "田師付",
    "name_modern": "田师府",
    "pinyin": "Tiánshīfǔ",
    "name_ref": "田師付",
    "yomi": "でんしふ",
    "romaji": "Denshifu",
    "lines": "國線 溪城線",
    "osm_id": "4507679121",
    "fclass": "railway_station",
    "dist_to_line_m": 10,
    "match": "alias",
    "notes": "田師付 = 田师府"
   },
   "geometry": {
    "type": "Point",
    "coordinates": [
     124.3340807,
     41.23931
    ]
   }
  },
  {
   "type": "Feature",
   "id": 229,
   "properties": {
    "name": "呼蘭",
    "name_modern": "呼兰",
    "pinyin": "Hūlán",
    "name_ref": "呼蘭",
    "yomi": "こらん",
    "romaji": "Koran",
    "lines": "國線 濱北線",
    "osm_id": "2168572656",
    "fclass": "railway_station",
    "dist_to_line_m": 12,
    "match": "name",
    "notes": null
   },
   "geometry": {
    "type": "Point",
    "coordinates": [
     126.6408038,
     45.9967354
    ]
   }
  },
  {
   "type": "Feature",
   "id": 230,
   "properties": {
    "name": "四方臺",
    "name_modern": "四方台",
    "pinyin": "Sìfāngtái",
    "name_ref": "四方臺",
    "yomi": "しほうだい",
    "romaji": "Shihōdai",
    "lines": "國線 濱北線",
    "osm_id": "2344167674",
    "fclass": "railway_station",
    "dist_to_line_m": 27,
    "match": "name",
    "notes": null
   },
   "geometry": {
    "type": "Point",
    "coordinates": [
     126.989429,
     46.9209145
    ]
   }
  },
  {
   "type": "Feature",
   "id": 231,
   "properties": {
    "name": "康金井",
    "name_modern": "康金井",
    "pinyin": "Kāngjīnjǐng",
    "name_ref": "康金井",
    "yomi": "こうきんせい",
    "romaji": "Kōkinsei",
    "lines": "國線 濱北線",
    "osm_id": "2379151406",
    "fclass": "railway_station",
    "dist_to_line_m": 8,
    "match": "name",
    "notes": null
   },
   "geometry": {
    "type": "Point",
    "coordinates": [
     126.8113695,
     46.1944327
    ]
   }
  },
  {
   "type": "Feature",
   "id": 232,
   "properties": {
    "name": "張維屯",
    "name_modern": "张维屯",
    "pinyin": "Zhāngwéitún",
    "name_ref": "張維屯",
    "yomi": "ちょういとん",
    "romaji": "Chōiton",
    "lines": "國線 濱北線",
    "osm_id": "2344167683",
    "fclass": "railway_station",
    "dist_to_line_m": 7,
    "match": "name",
    "notes": null
   },
   "geometry": {
    "type": "Point",
    "coordinates": [
     126.9981602,
     47.0603923
    ]
   }
  },
  {
   "type": "Feature",
   "id": 233,
   "properties": {
    "name": "徐家",
    "name_modern": "徐家",
    "pinyin": "Xújiā",
    "name_ref": "徐家",
    "yomi": "じょか",
    "romaji": "Joka",
    "lines": "國線 濱北線",
    "osm_id": "2344167681",
    "fclass": "railway_station",
    "dist_to_line_m": 13,
    "match": "name",
    "notes": null
   },
   "geometry": {
    "type": "Point",
    "coordinates": [
     126.6378028,
     45.9077269
    ]
   }
  },
  {
   "type": "Feature",
   "id": 234,
   "properties": {
    "name": "新松浦",
    "name_modern": "新松浦",
    "pinyin": "Xīnsōngpǔ",
    "name_ref": "新松浦",
    "yomi": "しんしょうほ",
    "romaji": "Shinshōho",
    "lines": "國線 濱北線",
    "osm_id": "2344167680",
    "fclass": "railway_station",
    "dist_to_line_m": 0,
    "match": "name",
    "notes": null
   },
   "geometry": {
    "type": "Point",
    "coordinates": [
     126.6596935,
     45.8393255
    ]
   }
  },
  {
   "type": "Feature",
   "id": 235,
   "properties": {
    "name": "李家",
    "name_modern": "李家",
    "pinyin": "Lǐjiā",
    "name_ref": "李家",
    "yomi": "りか",
    "romaji": "Rika",
    "lines": "國線 濱北線",
    "osm_id": "2152729146",
    "fclass": "railway_station",
    "dist_to_line_m": 16,
    "match": "name",
    "notes": "李家 = OSM 李家 (reference km 282.7 fits between 通興 and old 通北)"
   },
   "geometry": {
    "type": "Point",
    "coordinates": [
     126.7491481,
     47.9379613
    ]
   }
  },
  {
   "type": "Feature",
   "id": 236,
   "properties": {
    "name": "東邊井",
    "name_modern": "东边井",
    "pinyin": "Dōngbiānjǐng",
    "name_ref": "東邊井",
    "yomi": "とうへんせい",
    "romaji": "Tōhensei",
    "lines": "國線 濱北線",
    "osm_id": "2344167668",
    "fclass": "railway_station",
    "dist_to_line_m": 16,
    "match": "name",
    "notes": null
   },
   "geometry": {
    "type": "Point",
    "coordinates": [
     127.1057258,
     47.4084599
    ]
   }
  },
  {
   "type": "Feature",
   "id": 237,
   "properties": {
    "name": "沈家",
    "name_modern": "沈家",
    "pinyin": "Shěnjiā",
    "name_ref": "沈家",
    "yomi": "ちんか",
    "romaji": "Chinka",
    "lines": "國線 濱北線",
    "osm_id": "2344167672",
    "fclass": "railway_station",
    "dist_to_line_m": 1,
    "match": "name",
    "notes": null
   },
   "geometry": {
    "type": "Point",
    "coordinates": [
     126.7640649,
     46.0956015
    ]
   }
  },
  {
   "type": "Feature",
   "id": 238,
   "properties": {
    "name": "海倫",
    "name_modern": "海伦",
    "pinyin": "Hǎilún",
    "name_ref": "海倫",
    "yomi": "はいろん",
    "romaji": "Hairon",
    "lines": "國線 濱北線",
    "osm_id": "2344167670",
    "fclass": "railway_station",
    "dist_to_line_m": 0,
    "match": "name",
    "notes": null
   },
   "geometry": {
    "type": "Point",
    "coordinates": [
     126.9882197,
     47.4652575
    ]
   }
  },
  {
   "type": "Feature",
   "id": 239,
   "properties": {
    "name": "海北",
    "name_modern": "海北",
    "pinyin": "Hǎiběi",
    "name_ref": "海北",
    "yomi": "かいほく",
    "romaji": "Kaihoku",
    "lines": "國線 濱北線",
    "osm_id": "2344167669",
    "fclass": "railway_station",
    "dist_to_line_m": 51,
    "match": "name",
    "notes": null
   },
   "geometry": {
    "type": "Point",
    "coordinates": [
     126.8695455,
     47.6680436
    ]
   }
  },
  {
   "type": "Feature",
   "id": 240,
   "properties": {
    "name": "白奎堡",
    "name_modern": "白奎堡",
    "pinyin": "Báikuíbǎo",
    "name_ref": "白奎堡",
    "yomi": "はっけいほ",
    "romaji": "Hakkeiho",
    "lines": "國線 濱北線",
    "osm_id": "2662698055",
    "fclass": "railway_station",
    "dist_to_line_m": 13,
    "match": "name",
    "notes": null
   },
   "geometry": {
    "type": "Point",
    "coordinates": [
     126.9979096,
     46.3695464
    ]
   }
  },
  {
   "type": "Feature",
   "id": 241,
   "properties": {
    "name": "石人城",
    "name_modern": "石人城",
    "pinyin": "Shírénchéng",
    "name_ref": "石人城",
    "yomi": "せきじんじょう",
    "romaji": "Sekijinjō",
    "lines": "國線 濱北線",
    "osm_id": "2344167673",
    "fclass": "railway_station",
    "dist_to_line_m": 9,
    "match": "name",
    "notes": null
   },
   "geometry": {
    "type": "Point",
    "coordinates": [
     126.8906338,
     46.2978544
    ]
   }
  },
  {
   "type": "Feature",
   "id": 242,
   "properties": {
    "name": "秦家",
    "name_modern": "秦家",
    "pinyin": "Qínjiā",
    "name_ref": "秦家",
    "yomi": "しんか",
    "romaji": "Shinka",
    "lines": "國線 濱北線",
    "osm_id": "2154670858",
    "fclass": "railway_station",
    "dist_to_line_m": 22,
    "match": "name",
    "notes": null
   },
   "geometry": {
    "type": "Point",
    "coordinates": [
     126.995894,
     46.7969773
    ]
   }
  },
  {
   "type": "Feature",
   "id": 243,
   "properties": {
    "name": "綏稜",
    "name_modern": "绥棱",
    "pinyin": "Suíléng",
    "name_ref": "綏棱",
    "yomi": "すいりょう",
    "romaji": "Suiryō",
    "lines": "國線 濱北線",
    "osm_id": "2344167675",
    "fclass": "railway_station",
    "dist_to_line_m": 19,
    "match": "name",
    "notes": null
   },
   "geometry": {
    "type": "Point",
    "coordinates": [
     127.0749392,
     47.2465879
    ]
   }
  },
  {
   "type": "Feature",
   "id": 244,
   "properties": {
    "name": "興隆鎭",
    "name_modern": "兴隆镇",
    "pinyin": "Xīnglóngzhèn",
    "name_ref": "興隆鎭",
    "yomi": "こうりゅうちん",
    "romaji": "Kōryūchin",
    "lines": "國線 濱北線",
    "osm_id": "2344167678",
    "fclass": "railway_station",
    "dist_to_line_m": 41,
    "match": "name",
    "notes": null
   },
   "geometry": {
    "type": "Point",
    "coordinates": [
     127.1143364,
     46.4414025
    ]
   }
  },
  {
   "type": "Feature",
   "id": 245,
   "properties": {
    "name": "萬發屯",
    "name_modern": "万发屯",
    "pinyin": "Wànfātún",
    "name_ref": "萬發屯",
    "yomi": "まんはっとん",
    "romaji": "Manhatton",
    "lines": "國線 濱北線",
    "osm_id": "2344167677",
    "fclass": "railway_station",
    "dist_to_line_m": 24,
    "match": "name",
    "notes": null
   },
   "geometry": {
    "type": "Point",
    "coordinates": [
     127.1157325,
     46.5337783
    ]
   }
  },
  {
   "type": "Feature",
   "id": 246,
   "properties": {
    "name": "通北",
    "name_modern": "赵光",
    "pinyin": "Zhàoguāng",
    "name_ref": "通北",
    "yomi": "つうほく",
    "romaji": "Tsūhoku",
    "lines": "國線 濱北線",
    "osm_id": "2575908665",
    "fclass": "railway_station",
    "dist_to_line_m": 3,
    "match": "alias",
    "notes": "1942 通北 = 赵光站 (赵光站原名通北站, renamed 1945; wiki); reference km 299.4 fits"
   },
   "geometry": {
    "type": "Point",
    "coordinates": [
     126.7250933,
     48.05954
    ]
   }
  },
  {
   "type": "Feature",
   "id": 247,
   "properties": {
    "name": "通興",
    "name_modern": "通北",
    "pinyin": "Tōngběi",
    "name_ref": "通興",
    "yomi": "つうこう",
    "romaji": "Tsūkō",
    "lines": "國線 濱北線",
    "osm_id": "2344167676",
    "fclass": "railway_station",
    "dist_to_line_m": 35,
    "match": "alias",
    "notes": "1942 通興 (ex‑通康) = present 通北站 (reference km 270 fits; the name 通北 moved when the old 通北 became 赵光)"
   },
   "geometry": {
    "type": "Point",
    "coordinates": [
     126.7540775,
     47.7658692
    ]
   }
  },
  {
   "type": "Feature",
   "id": 248,
   "properties": {
    "name": "伊爾克得",
    "name_modern": "伊列克得",
    "pinyin": "Yīlièkèdé",
    "name_ref": "伊列克得",
    "yomi": "いれくて",
    "romaji": "Irekute",
    "lines": "國線 濱洲線",
    "osm_id": "9157555167",
    "fclass": "railway_station",
    "dist_to_line_m": 5,
    "match": "alias",
    "notes": "伊爾克得 = 伊列克得 (transliteration)"
   },
   "geometry": {
    "type": "Point",
    "coordinates": [
     121.5818588,
     48.8442774
    ]
   }
  },
  {
   "type": "Feature",
   "id": 249,
   "properties": {
    "name": "免渡河",
    "name_modern": "免渡河",
    "pinyin": "Miǎndùhé",
    "name_ref": "免渡河",
    "yomi": "めんとが",
    "romaji": "Mentoga",
    "lines": "國線 濱洲線",
    "osm_id": "1595854626",
    "fclass": "railway_station",
    "dist_to_line_m": 16,
    "match": "name",
    "notes": null
   },
   "geometry": {
    "type": "Point",
    "coordinates": [
     121.0529533,
     49.0910704
    ]
   }
  },
  {
   "type": "Feature",
   "id": 250,
   "properties": {
    "name": "博克圖",
    "name_modern": "博克图",
    "pinyin": "Bókètú",
    "name_ref": "博克圖",
    "yomi": "ぶへと",
    "romaji": "Buheto",
    "lines": "國線 濱洲線",
    "osm_id": "2662698151",
    "fclass": "railway_station",
    "dist_to_line_m": 0,
    "match": "name",
    "notes": null
   },
   "geometry": {
    "type": "Point",
    "coordinates": [
     121.9141347,
     48.7520635
    ]
   }
  },
  {
   "type": "Feature",
   "id": 251,
   "properties": {
    "name": "哈克",
    "name_modern": "哈克",
    "pinyin": "Hākè",
    "name_ref": "哈克",
    "yomi": "はこく",
    "romaji": "Hakoku",
    "lines": "國線 濱洲線",
    "osm_id": "1723657613",
    "fclass": "railway_station",
    "dist_to_line_m": 18,
    "match": "name",
    "notes": null
   },
   "geometry": {
    "type": "Point",
    "coordinates": [
     120.0701751,
     49.1909343
    ]
   }
  },
  {
   "type": "Feature",
   "id": 252,
   "properties": {
    "name": "哈拉蘇",
    "name_modern": "哈拉苏",
    "pinyin": "Hālāsū",
    "name_ref": "哈拉蘇",
    "yomi": "はらそ",
    "romaji": "Haraso",
    "lines": "國線 濱洲線",
    "osm_id": "1595854614",
    "fclass": "railway_station",
    "dist_to_line_m": 10,
    "match": "name",
    "notes": null
   },
   "geometry": {
    "type": "Point",
    "coordinates": [
     122.4221238,
     48.1142305
    ]
   }
  },
  {
   "type": "Feature",
   "id": 253,
   "properties": {
    "name": "喇嘛甸",
    "name_modern": "喇嘛甸",
    "pinyin": "Lǎmadiān",
    "name_ref": "喇嘛甸",
    "yomi": "らまでん",
    "romaji": "Ramaden",
    "lines": "國線 濱洲線",
    "osm_id": "9157555170",
    "fclass": "railway_station",
    "dist_to_line_m": 11,
    "match": "name",
    "notes": null
   },
   "geometry": {
    "type": "Point",
    "coordinates": [
     124.7734561,
     46.7059544
    ]
   }
  },
  {
   "type": "Feature",
   "id": 254,
   "properties": {
    "name": "土爾池哈",
    "name_modern": "龙江",
    "pinyin": "Lóngjiāng",
    "name_ref": "土爾池哈",
    "yomi": "とるちは",
    "romaji": "Toruchiha",
    "lines": "國線 濱洲線",
    "osm_id": "4146575707",
    "fclass": "railway_station",
    "dist_to_line_m": 26,
    "match": "alias",
    "notes": "土爾池哈 = 龙江站 (曾用名 图尔赤哈, 朱家坎; wiki)"
   },
   "geometry": {
    "type": "Point",
    "coordinates": [
     123.1720343,
     47.3270778
    ]
   }
  },
  {
   "type": "Feature",
   "id": 255,
   "properties": {
    "name": "姜家",
    "name_modern": "姜家",
    "pinyin": "Jiāngjiā",
    "name_ref": "姜家",
    "yomi": "きょうか",
    "romaji": "Kyōka",
    "lines": "國線 濱洲線",
    "osm_id": "9137873794",
    "fclass": "railway_station",
    "dist_to_line_m": 1,
    "match": "name",
    "notes": null
   },
   "geometry": {
    "type": "Point",
    "coordinates": [
     126.0925626,
     46.0085522
    ]
   }
  },
  {
   "type": "Feature",
   "id": 256,
   "properties": {
    "name": "安達",
    "name_modern": "安达",
    "pinyin": "Āndá",
    "name_ref": "安達",
    "yomi": "あんだ",
    "romaji": "Anda",
    "lines": "國線 濱洲線",
    "osm_id": "2662698010",
    "fclass": "railway_station",
    "dist_to_line_m": 14,
    "match": "name",
    "notes": null
   },
   "geometry": {
    "type": "Point",
    "coordinates": [
     125.3151766,
     46.4003229
    ]
   }
  },
  {
   "type": "Feature",
   "id": 257,
   "properties": {
    "name": "宋",
    "name_modern": "宋",
    "pinyin": "Sòng",
    "name_ref": "宋",
    "yomi": "そう",
    "romaji": "Sō",
    "lines": "國線 濱洲線",
    "osm_id": "8664177567",
    "fclass": "railway_station",
    "dist_to_line_m": 10,
    "match": "name",
    "notes": null
   },
   "geometry": {
    "type": "Point",
    "coordinates": [
     125.63487,
     46.2199825
    ]
   }
  },
  {
   "type": "Feature",
   "id": 258,
   "properties": {
    "name": "完工",
    "name_modern": "完工",
    "pinyin": "Wángōng",
    "name_ref": "完工",
    "yomi": "かんこう",
    "romaji": "Kankō",
    "lines": "國線 濱洲線",
    "osm_id": "9160197908",
    "fclass": "railway_station",
    "dist_to_line_m": 35,
    "match": "name",
    "notes": null
   },
   "geometry": {
    "type": "Point",
    "coordinates": [
     118.8903514,
     49.1847967
    ]
   }
  },
  {
   "type": "Feature",
   "id": 259,
   "properties": {
    "name": "富拉爾基",
    "name_modern": "富拉尔基",
    "pinyin": "Fùlāěrjī",
    "name_ref": "富拉爾基",
    "yomi": "ふらるじ",
    "romaji": "Furaruji",
    "lines": "國線 濱洲線",
    "osm_id": "1595925150",
    "fclass": "railway_station",
    "dist_to_line_m": 64,
    "match": "name",
    "notes": null
   },
   "geometry": {
    "type": "Point",
    "coordinates": [
     123.640363,
     47.2090093
    ]
   }
  },
  {
   "type": "Feature",
   "id": 260,
   "properties": {
    "name": "對青山",
    "name_modern": "对青山",
    "pinyin": "Duìqīngshān",
    "name_ref": "對靑山",
    "yomi": "たいせいざん",
    "romaji": "Taiseizan",
    "lines": "國線 濱洲線",
    "osm_id": "9137873796",
    "fclass": "railway_station",
    "dist_to_line_m": 78,
    "match": "name",
    "notes": null
   },
   "geometry": {
    "type": "Point",
    "coordinates": [
     126.3384204,
     45.9287369
    ]
   }
  },
  {
   "type": "Feature",
   "id": 261,
   "properties": {
    "name": "尚家",
    "name_modern": "尚家",
    "pinyin": "Shàngjiā",
    "name_ref": "尚家",
    "yomi": "しょうか",
    "romaji": "Shōka",
    "lines": "國線 濱洲線",
    "osm_id": "9137873793",
    "fclass": "railway_station",
    "dist_to_line_m": 4,
    "match": "name",
    "notes": null
   },
   "geometry": {
    "type": "Point",
    "coordinates": [
     125.8729116,
     46.1251156
    ]
   }
  },
  {
   "type": "Feature",
   "id": 262,
   "properties": {
    "name": "嵯崗",
    "name_modern": "嵯岗",
    "pinyin": "Cuógǎng",
    "name_ref": "嵯崗",
    "yomi": "さがん",
    "romaji": "Sagan",
    "lines": "國線 濱洲線",
    "osm_id": "2662698281",
    "fclass": "railway_station",
    "dist_to_line_m": 10,
    "match": "name",
    "notes": null
   },
   "geometry": {
    "type": "Point",
    "coordinates": [
     118.0911965,
     49.2550299
    ]
   }
  },
  {
   "type": "Feature",
   "id": 263,
   "properties": {
    "name": "巴林",
    "name_modern": "巴林",
    "pinyin": "Bālín",
    "name_ref": "巴林",
    "yomi": "ぱりん",
    "romaji": "Parin",
    "lines": "國線 濱洲線",
    "osm_id": "1595854597",
    "fclass": "railway_station",
    "dist_to_line_m": 18,
    "match": "name",
    "notes": null
   },
   "geometry": {
    "type": "Point",
    "coordinates": [
     122.3267963,
     48.3131298
    ]
   }
  },
  {
   "type": "Feature",
   "id": 264,
   "properties": {
    "name": "廟臺子",
    "name_modern": "庙台子",
    "pinyin": "Miàotáizi",
    "name_ref": "廟臺子",
    "yomi": "びょうだいし",
    "romaji": "Byōdaishi",
    "lines": "國線 濱洲線",
    "osm_id": "5003354058",
    "fclass": "railway_station",
    "dist_to_line_m": 16,
    "match": "name",
    "notes": null
   },
   "geometry": {
    "type": "Point",
    "coordinates": [
     126.569333,
     45.8306259
    ]
   }
  },
  {
   "type": "Feature",
   "id": 265,
   "properties": {
    "name": "成吉思汗",
    "name_modern": "成吉思汗",
    "pinyin": "Chéngjísīhán",
    "name_ref": "成吉思汗",
    "yomi": "じんぎすかん",
    "romaji": "Jingisukan",
    "lines": "國線 濱洲線",
    "osm_id": "2662698237",
    "fclass": "railway_station",
    "dist_to_line_m": 18,
    "match": "name",
    "notes": null
   },
   "geometry": {
    "type": "Point",
    "coordinates": [
     122.8330727,
     47.7466737
    ]
   }
  },
  {
   "type": "Feature",
   "id": 266,
   "properties": {
    "name": "扎來諾爾",
    "name_modern": "扎赉诺尔",
    "pinyin": "Zhālàinuòěr",
    "name_ref": "扎來諾爾",
    "yomi": "じゃらいのうる",
    "romaji": "Jarainōru",
    "lines": "國線 濱洲線",
    "osm_id": "1730288720",
    "fclass": "railway_station",
    "dist_to_line_m": 29,
    "match": "alias",
    "notes": "扎來諾爾 = 扎赉诺尔"
   },
   "geometry": {
    "type": "Point",
    "coordinates": [
     117.7617081,
     49.4419041
    ]
   }
  },
  {
   "type": "Feature",
   "id": 267,
   "properties": {
    "name": "扎羅木得",
    "name_modern": "扎罗木得",
    "pinyin": "Zhāluómùdé",
    "name_ref": "扎羅木得",
    "yomi": "じゃろむて",
    "romaji": "Jaromute",
    "lines": "國線 濱洲線",
    "osm_id": "1595119285",
    "fclass": "railway_station",
    "dist_to_line_m": 14,
    "match": "name",
    "notes": null
   },
   "geometry": {
    "type": "Point",
    "coordinates": [
     120.4255319,
     49.2150164
    ]
   }
  },
  {
   "type": "Feature",
   "id": 268,
   "properties": {
    "name": "扎蘭屯",
    "name_modern": "扎兰屯",
    "pinyin": "Zhālántún",
    "name_ref": "扎蘭屯",
    "yomi": "じゃらんとん",
    "romaji": "Jaranton",
    "lines": "國線 濱洲線",
    "osm_id": "1595854650",
    "fclass": "railway_station",
    "dist_to_line_m": 19,
    "match": "name",
    "notes": null
   },
   "geometry": {
    "type": "Point",
    "coordinates": [
     122.7402639,
     48.0123954
    ]
   }
  },
  {
   "type": "Feature",
   "id": 269,
   "properties": {
    "name": "泰康",
    "name_modern": "杜尔伯特",
    "pinyin": "Dùěrbótè",
    "name_ref": "泰康",
    "yomi": "たいこう",
    "romaji": "Taikō",
    "lines": "國線 濱洲線",
    "osm_id": "2173106148",
    "fclass": "railway_station",
    "dist_to_line_m": 19,
    "match": "alias",
    "notes": "泰康 = 杜尔伯特站 (renamed)"
   },
   "geometry": {
    "type": "Point",
    "coordinates": [
     124.4406414,
     46.8688807
    ]
   }
  },
  {
   "type": "Feature",
   "id": 270,
   "properties": {
    "name": "海拉爾",
    "name_modern": "海拉尔",
    "pinyin": "Hǎilāěr",
    "name_ref": "海拉爾",
    "yomi": "はいらる",
    "romaji": "Hairaru",
    "lines": "國線 濱洲線",
    "osm_id": "9160197909",
    "fclass": "railway_station",
    "dist_to_line_m": 76,
    "match": "name",
    "notes": null
   },
   "geometry": {
    "type": "Point",
    "coordinates": [
     119.7356021,
     49.2287551
    ]
   }
  },
  {
   "type": "Feature",
   "id": 271,
   "properties": {
    "name": "滿洲里",
    "name_modern": "满洲里",
    "pinyin": "Mǎnzhōulǐ",
    "name_ref": "滿洲里",
    "yomi": "まんちゅり",
    "romaji": "Manchuri",
    "lines": "國線 濱洲線",
    "osm_id": "9160197905",
    "fclass": "railway_station",
    "dist_to_line_m": 17,
    "match": "name",
    "notes": null
   },
   "geometry": {
    "type": "Point",
    "coordinates": [
     117.44403,
     49.5841146
    ]
   }
  },
  {
   "type": "Feature",
   "id": 272,
   "properties": {
    "name": "烏奴爾",
    "name_modern": "乌奴耳",
    "pinyin": "Wūnúěr",
    "name_ref": "烏奴耳",
    "yomi": "うぬうる",
    "romaji": "Unūru",
    "lines": "國線 濱洲線",
    "osm_id": "1595854639",
    "fclass": "railway_station",
    "dist_to_line_m": 11,
    "match": "alias",
    "notes": "烏奴爾 = 乌奴耳"
   },
   "geometry": {
    "type": "Point",
    "coordinates": [
     121.240884,
     48.8717257
    ]
   }
  },
  {
   "type": "Feature",
   "id": 273,
   "properties": {
    "name": "烏奴諾爾",
    "name_modern": "乌固诺尔",
    "pinyin": "Wūgùnuòěr",
    "name_ref": "烏固諾爾",
    "yomi": "うぐのうる",
    "romaji": "Ugunōru",
    "lines": "國線 濱洲線",
    "osm_id": "1723657614",
    "fclass": "railway_station",
    "dist_to_line_m": 1,
    "match": "alias",
    "notes": "烏奴諾爾 ≈ 乌固诺尔 (transliteration variant; only station between 海拉尔 and 完工)"
   },
   "geometry": {
    "type": "Point",
    "coordinates": [
     119.3198711,
     49.1520115
    ]
   }
  },
  {
   "type": "Feature",
   "id": 274,
   "properties": {
    "name": "煙筒屯",
    "name_modern": "烟筒屯",
    "pinyin": "Yāntóngtún",
    "name_ref": "煙筒屯",
    "yomi": "えんとうとん",
    "romaji": "Entōton",
    "lines": "國線 濱洲線",
    "osm_id": "6352086335",
    "fclass": "railway_station",
    "dist_to_line_m": 9,
    "match": "name",
    "notes": null
   },
   "geometry": {
    "type": "Point",
    "coordinates": [
     124.1546746,
     47.0015617
    ]
   }
  },
  {
   "type": "Feature",
   "id": 275,
   "properties": {
    "name": "牙克石",
    "name_modern": "牙克石",
    "pinyin": "Yákèshí",
    "name_ref": "牙克石",
    "yomi": "やけし",
    "romaji": "Yakeshi",
    "lines": "國線 濱洲線",
    "osm_id": "9126260266",
    "fclass": "railway_station",
    "dist_to_line_m": 15,
    "match": "name",
    "notes": null
   },
   "geometry": {
    "type": "Point",
    "coordinates": [
     120.7311845,
     49.2770342
    ]
   }
  },
  {
   "type": "Feature",
   "id": 276,
   "properties": {
    "name": "碾子山",
    "name_modern": "碾子山",
    "pinyin": "Niǎnzishān",
    "name_ref": "碾子山",
    "yomi": "てんしざん",
    "romaji": "Tenshizan",
    "lines": "國線 濱洲線",
    "osm_id": "1595854629",
    "fclass": "railway_station",
    "dist_to_line_m": 19,
    "match": "name",
    "notes": null
   },
   "geometry": {
    "type": "Point",
    "coordinates": [
     122.8764486,
     47.5134285
    ]
   }
  },
  {
   "type": "Feature",
   "id": 277,
   "properties": {
    "name": "肇東",
    "name_modern": "肇东",
    "pinyin": "Zhàodōng",
    "name_ref": "肇東",
    "yomi": "ちょうとう",
    "romaji": "Chōtō",
    "lines": "國線 濱洲線",
    "osm_id": "3701360574",
    "fclass": "railway_station",
    "dist_to_line_m": 43,
    "match": "name",
    "notes": null
   },
   "geometry": {
    "type": "Point",
    "coordinates": [
     125.9927318,
     46.0755235
    ]
   }
  },
  {
   "type": "Feature",
   "id": 278,
   "properties": {
    "name": "興安",
    "name_modern": "兴安岭",
    "pinyin": "Xīngānlǐng",
    "name_ref": "興安",
    "yomi": "こうあん",
    "romaji": "Kōan",
    "lines": "國線 濱洲線",
    "osm_id": "1595854645",
    "fclass": "railway_station",
    "dist_to_line_m": 117,
    "match": "alias",
    "notes": "濱洲線 興安 = 兴安岭站"
   },
   "geometry": {
    "type": "Point",
    "coordinates": [
     121.6585092,
     48.8210926
    ]
   }
  },
  {
   "type": "Feature",
   "id": 279,
   "properties": {
    "name": "薩爾圖",
    "name_modern": "大庆",
    "pinyin": "Dàqìng",
    "name_ref": "薩爾圖",
    "yomi": "さると",
    "romaji": "Saruto",
    "lines": "國線 濱洲線",
    "osm_id": "1731938259",
    "fclass": "railway_station",
    "dist_to_line_m": 21,
    "match": "alias",
    "notes": "薩爾圖 = 大庆站"
   },
   "geometry": {
    "type": "Point",
    "coordinates": [
     125.0052336,
     46.5960545
    ]
   }
  },
  {
   "type": "Feature",
   "id": 280,
   "properties": {
    "name": "虎爾虎拉",
    "name_modern": "虎尔虎拉",
    "pinyin": "Hǔěrhǔlā",
    "name_ref": "虎爾虎拉",
    "yomi": "ふるふら",
    "romaji": "Furufura",
    "lines": "國線 濱洲線",
    "osm_id": "1595925151",
    "fclass": "railway_station",
    "dist_to_line_m": 30,
    "match": "name",
    "notes": null
   },
   "geometry": {
    "type": "Point",
    "coordinates": [
     123.5428149,
     47.2446614
    ]
   }
  },
  {
   "type": "Feature",
   "id": 281,
   "properties": {
    "name": "赫爾洪得",
    "name_modern": "赫尔洪得",
    "pinyin": "Hèěrhóngdé",
    "name_ref": "赫爾洪得",
    "yomi": "ほるほんて",
    "romaji": "Horuhonte",
    "lines": "國線 濱洲線",
    "osm_id": "9160197907",
    "fclass": "railway_station",
    "dist_to_line_m": 52,
    "match": "name",
    "notes": null
   },
   "geometry": {
    "type": "Point",
    "coordinates": [
     118.4582095,
     49.2000121
    ]
   }
  },
  {
   "type": "Feature",
   "id": 282,
   "properties": {
    "name": "雅魯",
    "name_modern": "雅鲁",
    "pinyin": "Yǎlǔ",
    "name_ref": "雅魯",
    "yomi": "やある",
    "romaji": "Yāru",
    "lines": "國線 濱洲線",
    "osm_id": "1595854649",
    "fclass": "railway_station",
    "dist_to_line_m": 14,
    "match": "name",
    "notes": null
   },
   "geometry": {
    "type": "Point",
    "coordinates": [
     122.1374075,
     48.5478238
    ]
   }
  },
  {
   "type": "Feature",
   "id": 283,
   "properties": {
    "name": "昂昂溪",
    "name_modern": "昂昂溪",
    "pinyin": "Ángángxī",
    "name_ref": "昻昻溪",
    "yomi": "こうこうけい",
    "romaji": "Kōkōkei",
    "lines": "國線 濱洲線; 國線 榆樹線",
    "osm_id": "1974175889",
    "fclass": "railway_station",
    "dist_to_line_m": 26,
    "match": "name",
    "notes": null
   },
   "geometry": {
    "type": "Point",
    "coordinates": [
     123.8095637,
     47.1590778
    ]
   }
  },
  {
   "type": "Feature",
   "id": 284,
   "properties": {
    "name": "一面坡",
    "name_modern": "一面坡",
    "pinyin": "Yímiànpō",
    "name_ref": "一面坡",
    "yomi": "いいめんぽ",
    "romaji": "Iimenpo",
    "lines": "國線 濱綏線",
    "osm_id": "1603990297",
    "fclass": "railway_station",
    "dist_to_line_m": 7,
    "match": "name",
    "notes": null
   },
   "geometry": {
    "type": "Point",
    "coordinates": [
     128.0753067,
     45.0594057
    ]
   }
  },
  {
   "type": "Feature",
   "id": 285,
   "properties": {
    "name": "亞布洛泥",
    "name_modern": "亚布力",
    "pinyin": "Yàbùlì",
    "name_ref": "亞布洛尼",
    "yomi": "やぷろに",
    "romaji": "Yapuroni",
    "lines": "國線 濱綏線",
    "osm_id": "1603990283",
    "fclass": "railway_station",
    "dist_to_line_m": 13,
    "match": "alias",
    "notes": "亞布洛泥 = 亚布力"
   },
   "geometry": {
    "type": "Point",
    "coordinates": [
     128.6088646,
     44.9265484
    ]
   }
  },
  {
   "type": "Feature",
   "id": 286,
   "properties": {
    "name": "亞溝",
    "name_modern": "亚沟",
    "pinyin": "Yàgōu",
    "name_ref": "亞溝",
    "yomi": "あこう",
    "romaji": "Akō",
    "lines": "國線 濱綏線",
    "osm_id": "6054225285",
    "fclass": "railway_station",
    "dist_to_line_m": 46,
    "match": "name",
    "notes": null
   },
   "geometry": {
    "type": "Point",
    "coordinates": [
     127.070039,
     45.4804553
    ]
   }
  },
  {
   "type": "Feature",
   "id": 287,
   "properties": {
    "name": "代馬灣",
    "name_modern": "代马沟",
    "pinyin": "Dàimǎgōu",
    "name_ref": "代馬溝",
    "yomi": "だいまこう",
    "romaji": "Daimakō",
    "lines": "國線 濱綏線",
    "osm_id": "2897112229",
    "fclass": "railway_station",
    "dist_to_line_m": 2,
    "match": "alias",
    "notes": "printed 代馬灣; reference 代馬溝 = OSM 代马沟 (misreading)"
   },
   "geometry": {
    "type": "Point",
    "coordinates": [
     130.0119107,
     44.5388502
    ]
   }
  },
  {
   "type": "Feature",
   "id": 288,
   "properties": {
    "name": "伊林",
    "name_modern": "伊林",
    "pinyin": "Yīlín",
    "name_ref": "伊林",
    "yomi": "いりん",
    "romaji": "Irin",
    "lines": "國線 濱綏線",
    "osm_id": "1603990289",
    "fclass": "railway_station",
    "dist_to_line_m": 4,
    "match": "name",
    "notes": null
   },
   "geometry": {
    "type": "Point",
    "coordinates": [
     130.3463959,
     44.5984446
    ]
   }
  },
  {
   "type": "Feature",
   "id": 289,
   "properties": {
    "name": "小嶺",
    "name_modern": "小岭",
    "pinyin": "Xiǎolǐng",
    "name_ref": "小嶺",
    "yomi": "しょうれい",
    "romaji": "Shōrei",
    "lines": "國線 濱綏線",
    "osm_id": "333760355",
    "fclass": "railway_station",
    "dist_to_line_m": 35,
    "match": "name",
    "notes": null
   },
   "geometry": {
    "type": "Point",
    "coordinates": [
     127.3123569,
     45.3322419
    ]
   }
  },
  {
   "type": "Feature",
   "id": 290,
   "properties": {
    "name": "山市",
    "name_modern": "山市",
    "pinyin": "Shānshì",
    "name_ref": "山市",
    "yomi": "さんし",
    "romaji": "Sanshi",
    "lines": "國線 濱綏線",
    "osm_id": "1603990245",
    "fclass": "railway_station",
    "dist_to_line_m": 5,
    "match": "name",
    "notes": null
   },
   "geometry": {
    "type": "Point",
    "coordinates": [
     129.0938139,
     44.5769911
    ]
   }
  },
  {
   "type": "Feature",
   "id": 291,
   "properties": {
    "name": "帽兒山",
    "name_modern": "帽儿山",
    "pinyin": "Màoérshān",
    "name_ref": "帽兒山",
    "yomi": "もうるさん",
    "romaji": "Mōrusan",
    "lines": "國線 濱綏線",
    "osm_id": "1603990187",
    "fclass": "railway_station",
    "dist_to_line_m": 1,
    "match": "name",
    "notes": null
   },
   "geometry": {
    "type": "Point",
    "coordinates": [
     127.5147973,
     45.275074
    ]
   }
  },
  {
   "type": "Feature",
   "id": 292,
   "properties": {
    "name": "平山",
    "name_modern": "平山",
    "pinyin": "Píngshān",
    "name_ref": "平山",
    "yomi": "へいざん",
    "romaji": "Heizan",
    "lines": "國線 濱綏線",
    "osm_id": "2337943710",
    "fclass": "railway_station",
    "dist_to_line_m": 2,
    "match": "name",
    "notes": null
   },
   "geometry": {
    "type": "Point",
    "coordinates": [
     127.3993078,
     45.319187
    ]
   }
  },
  {
   "type": "Feature",
   "id": 293,
   "properties": {
    "name": "愛河",
    "name_modern": "爱河",
    "pinyin": "Àihé",
    "name_ref": "愛河",
    "yomi": "あいか",
    "romaji": "Aika",
    "lines": "國線 濱綏線",
    "osm_id": "5397256695",
    "fclass": "railway_station",
    "dist_to_line_m": 12,
    "match": "name",
    "notes": null
   },
   "geometry": {
    "type": "Point",
    "coordinates": [
     129.7102463,
     44.5640413
    ]
   }
  },
  {
   "type": "Feature",
   "id": 294,
   "properties": {
    "name": "成高子",
    "name_modern": "成高子",
    "pinyin": "Chénggāozi",
    "name_ref": "成高子",
    "yomi": "せいこうし",
    "romaji": "Seikōshi",
    "lines": "國線 濱綏線",
    "osm_id": "2662698235",
    "fclass": "railway_station",
    "dist_to_line_m": 7,
    "match": "name",
    "notes": null
   },
   "geometry": {
    "type": "Point",
    "coordinates": [
     126.8304017,
     45.6975918
    ]
   }
  },
  {
   "type": "Feature",
   "id": 295,
   "properties": {
    "name": "拉古",
    "name_modern": "拉古",
    "pinyin": "Lāgǔ",
    "name_ref": "拉古",
    "yomi": "らこ",
    "romaji": "Rako",
    "lines": "國線 濱綏線",
    "osm_id": "1603990180",
    "fclass": "railway_station",
    "dist_to_line_m": 18,
    "match": "name",
    "notes": null
   },
   "geometry": {
    "type": "Point",
    "coordinates": [
     129.4902882,
     44.5635903
    ]
   }
  },
  {
   "type": "Feature",
   "id": 296,
   "properties": {
    "name": "新香坊",
    "name_modern": "新香坊",
    "pinyin": "Xīnxiāngfāng",
    "name_ref": "新香坊",
    "yomi": "しんこうぼう",
    "romaji": "Shinkōbō",
    "lines": "國線 濱綏線",
    "osm_id": "2333085952",
    "fclass": "railway_station",
    "dist_to_line_m": 3,
    "match": "name",
    "notes": null
   },
   "geometry": {
    "type": "Point",
    "coordinates": [
     126.7619428,
     45.7096965
    ]
   }
  },
  {
   "type": "Feature",
   "id": 297,
   "properties": {
    "name": "横道河子",
    "name_modern": "横道河子",
    "pinyin": "Héngdàohézi",
    "name_ref": "橫道河子",
    "yomi": "おうどうかし",
    "romaji": "Ōdōkashi",
    "lines": "國線 濱綏線",
    "osm_id": "2187941092",
    "fclass": "railway_station",
    "dist_to_line_m": 64,
    "match": "name",
    "notes": null
   },
   "geometry": {
    "type": "Point",
    "coordinates": [
     129.0659087,
     44.8124107
    ]
   }
  },
  {
   "type": "Feature",
   "id": 298,
   "properties": {
    "name": "海林",
    "name_modern": "海林",
    "pinyin": "Hǎilín",
    "name_ref": "海林",
    "yomi": "かいりん",
    "romaji": "Kairin",
    "lines": "國線 濱綏線",
    "osm_id": "1603990125",
    "fclass": "railway_station",
    "dist_to_line_m": 10,
    "match": "name",
    "notes": null
   },
   "geometry": {
    "type": "Point",
    "coordinates": [
     129.3802215,
     44.5647772
    ]
   }
  },
  {
   "type": "Feature",
   "id": 299,
   "properties": {
    "name": "玉泉",
    "name_modern": "玉泉",
    "pinyin": "Yùquán",
    "name_ref": "玉泉",
    "yomi": "ぎょくせん",
    "romaji": "Gyokusen",
    "lines": "國線 濱綏線",
    "osm_id": "1603990313",
    "fclass": "railway_station",
    "dist_to_line_m": 7,
    "match": "name",
    "notes": null
   },
   "geometry": {
    "type": "Point",
    "coordinates": [
     127.1558697,
     45.4145978
    ]
   }
  },
  {
   "type": "Feature",
   "id": 300,
   "properties": {
    "name": "珠河",
    "name_modern": "尚志",
    "pinyin": "Shàngzhì",
    "name_ref": "珠河",
    "yomi": "しゅか",
    "romaji": "Shuka",
    "lines": "國線 濱綏線",
    "osm_id": "333757159",
    "fclass": "railway_station",
    "dist_to_line_m": 12,
    "match": "alias",
    "notes": "珠河 = 尚志站 (county renamed 1946)"
   },
   "geometry": {
    "type": "Point",
    "coordinates": [
     127.9555726,
     45.2063045
    ]
   }
  },
  {
   "type": "Feature",
   "id": 301,
   "properties": {
    "name": "磨刀石",
    "name_modern": "老磨刀石",
    "pinyin": "Lǎomódāoshí",
    "name_ref": "磨刀石",
    "yomi": "まとうせき",
    "romaji": "Matōseki",
    "lines": "國線 濱綏線",
    "osm_id": "1603990214",
    "fclass": "railway_station",
    "dist_to_line_m": 16,
    "match": "alias",
    "notes": "1942 磨刀石 = 老磨刀石 (present 磨刀石 station relocated)"
   },
   "geometry": {
    "type": "Point",
    "coordinates": [
     129.8612717,
     44.5604994
    ]
   }
  },
  {
   "type": "Feature",
   "id": 302,
   "properties": {
    "name": "穆稜",
    "name_modern": "老穆棱",
    "pinyin": "Lǎomùléng",
    "name_ref": "穆棱",
    "yomi": "むうろん",
    "romaji": "Mūron",
    "lines": "國線 濱綏線",
    "osm_id": "3734238500",
    "fclass": "railway_station",
    "dist_to_line_m": 13,
    "match": "alias",
    "notes": "1942 穆稜 = 老穆棱 (present 穆棱 station relocated)"
   },
   "geometry": {
    "type": "Point",
    "coordinates": [
     130.2538277,
     44.5253556
    ]
   }
  },
  {
   "type": "Feature",
   "id": 303,
   "properties": {
    "name": "細鱗河",
    "name_modern": "细鳞河",
    "pinyin": "Xìlínhé",
    "name_ref": "細鱗河",
    "yomi": "さいりんか",
    "romaji": "Sairinka",
    "lines": "國線 濱綏線",
    "osm_id": "9137873798",
    "fclass": "railway_station",
    "dist_to_line_m": 93,
    "match": "name",
    "notes": null
   },
   "geometry": {
    "type": "Point",
    "coordinates": [
     130.7473422,
     44.490025
    ]
   }
  },
  {
   "type": "Feature",
   "id": 304,
   "properties": {
    "name": "綏芬河",
    "name_modern": "绥芬河",
    "pinyin": "Suífēnhé",
    "name_ref": "綏芬河",
    "yomi": "すいふんが",
    "romaji": "Suifunga",
    "lines": "國線 濱綏線",
    "osm_id": "8948902792",
    "fclass": "railway_station",
    "dist_to_line_m": 47,
    "match": "name",
    "notes": null
   },
   "geometry": {
    "type": "Point",
    "coordinates": [
     131.1289809,
     44.4037529
    ]
   }
  },
  {
   "type": "Feature",
   "id": 305,
   "properties": {
    "name": "綏陽",
    "name_modern": "绥阳",
    "pinyin": "Suíyáng",
    "name_ref": "綏陽",
    "yomi": "すいよう",
    "romaji": "Suiyō",
    "lines": "國線 濱綏線",
    "osm_id": "5082241584",
    "fclass": "railway_station",
    "dist_to_line_m": 578,
    "match": "name",
    "notes": "OSM point 0.6 km from traced line"
   },
   "geometry": {
    "type": "Point",
    "coordinates": [
     130.8927572,
     44.4262775
    ]
   }
  },
  {
   "type": "Feature",
   "id": 306,
   "properties": {
    "name": "葦河",
    "name_modern": "苇河",
    "pinyin": "Wěihé",
    "name_ref": "葦河",
    "yomi": "いか",
    "romaji": "Ika",
    "lines": "國線 濱綏線",
    "osm_id": "1603990260",
    "fclass": "railway_station",
    "dist_to_line_m": 3,
    "match": "name",
    "notes": null
   },
   "geometry": {
    "type": "Point",
    "coordinates": [
     128.3732097,
     44.9503589
    ]
   }
  },
  {
   "type": "Feature",
   "id": 307,
   "properties": {
    "name": "阿城",
    "name_modern": "阿城",
    "pinyin": "Āchéng",
    "name_ref": "阿城",
    "yomi": "あじょう",
    "romaji": "Ajō",
    "lines": "國線 濱綏線",
    "osm_id": "2662697995",
    "fclass": "railway_station",
    "dist_to_line_m": 36,
    "match": "name",
    "notes": null
   },
   "geometry": {
    "type": "Point",
    "coordinates": [
     126.9885306,
     45.5505656
    ]
   }
  },
  {
   "type": "Feature",
   "id": 308,
   "properties": {
    "name": "香坊",
    "name_modern": "香坊",
    "pinyin": "Xiāngfāng",
    "name_ref": "香坊",
    "yomi": "こうぼう",
    "romaji": "Kōbō",
    "lines": "國線 濱綏線",
    "osm_id": "2333085951",
    "fclass": "railway_station",
    "dist_to_line_m": 1,
    "match": "name",
    "notes": null
   },
   "geometry": {
    "type": "Point",
    "coordinates": [
     126.6737467,
     45.7189791
    ]
   }
  },
  {
   "type": "Feature",
   "id": 309,
   "properties": {
    "name": "鳥吉密",
    "name_modern": "乌吉密",
    "pinyin": "Wūjímì",
    "name_ref": "烏吉密",
    "yomi": "うじみ",
    "romaji": "Ujimi",
    "lines": "國線 濱綏線",
    "osm_id": "6200921463",
    "fclass": "railway_station",
    "dist_to_line_m": 6,
    "match": "alias",
    "notes": "printed 鳥吉密 = 乌吉密"
   },
   "geometry": {
    "type": "Point",
    "coordinates": [
     127.843794,
     45.2205097
    ]
   }
  },
  {
   "type": "Feature",
   "id": 310,
   "properties": {
    "name": "下城子",
    "name_modern": "下城子",
    "pinyin": "Xiàchéngzi",
    "name_ref": "下城子",
    "yomi": "かじょうし",
    "romaji": "Kajōshi",
    "lines": "國線 濱綏線; 國線 城雞線",
    "osm_id": "9131669913",
    "fclass": "railway_station",
    "dist_to_line_m": 6,
    "match": "name",
    "notes": null
   },
   "geometry": {
    "type": "Point",
    "coordinates": [
     130.4395107,
     44.6690867
    ]
   }
  },
  {
   "type": "Feature",
   "id": 311,
   "properties": {
    "name": "五叉溝",
    "name_modern": "五叉沟",
    "pinyin": "Wǔchāgōu",
    "name_ref": "五叉溝",
    "yomi": "うさこう",
    "romaji": "Usakō",
    "lines": "國線 白阿線",
    "osm_id": "2252852443",
    "fclass": "railway_station",
    "dist_to_line_m": 1,
    "match": "name",
    "notes": null
   },
   "geometry": {
    "type": "Point",
    "coordinates": [
     120.3125407,
     46.769263
    ]
   }
  },
  {
   "type": "Feature",
   "id": 312,
   "properties": {
    "name": "大石寨",
    "name_modern": "大石寨",
    "pinyin": "Dàshízhài",
    "name_ref": "大石寨",
    "yomi": "だいせきさい",
    "romaji": "Daisekisai",
    "lines": "國線 白阿線",
    "osm_id": "1730851514",
    "fclass": "railway_station",
    "dist_to_line_m": 91,
    "match": "name",
    "notes": null
   },
   "geometry": {
    "type": "Point",
    "coordinates": [
     121.3771295,
     46.3103935
    ]
   }
  },
  {
   "type": "Feature",
   "id": 313,
   "properties": {
    "name": "平臺",
    "name_modern": "平台",
    "pinyin": "Píngtái",
    "name_ref": "平臺",
    "yomi": "へいだい",
    "romaji": "Heidai",
    "lines": "國線 白阿線",
    "osm_id": "1730851583",
    "fclass": "railway_station",
    "dist_to_line_m": 7,
    "match": "name",
    "notes": null
   },
   "geometry": {
    "type": "Point",
    "coordinates": [
     122.6545628,
     45.7167793
    ]
   }
  },
  {
   "type": "Feature",
   "id": 314,
   "properties": {
    "name": "德伯斯",
    "name_modern": "德伯斯",
    "pinyin": "Débósī",
    "name_ref": "德伯斯",
    "yomi": "とぼす",
    "romaji": "Tobosu",
    "lines": "國線 白阿線",
    "osm_id": "1730851525",
    "fclass": "railway_station",
    "dist_to_line_m": 34,
    "match": "name",
    "notes": null
   },
   "geometry": {
    "type": "Point",
    "coordinates": [
     121.3575376,
     46.4919442
    ]
   }
  },
  {
   "type": "Feature",
   "id": 315,
   "properties": {
    "name": "歸流河",
    "name_modern": "归流河",
    "pinyin": "Guīliúhé",
    "name_ref": "歸流河",
    "yomi": "きりゅうが",
    "romaji": "Kiryūga",
    "lines": "國線 白阿線",
    "osm_id": "1730851549",
    "fclass": "railway_station",
    "dist_to_line_m": 20,
    "match": "name",
    "notes": null
   },
   "geometry": {
    "type": "Point",
    "coordinates": [
     121.72641,
     46.19841
    ]
   }
  },
  {
   "type": "Feature",
   "id": 316,
   "properties": {
    "name": "王爺廟",
    "name_modern": "乌兰浩特",
    "pinyin": "Wūlánhàotè",
    "name_ref": "興安",
    "yomi": "こうあん",
    "romaji": "Kōan",
    "lines": "國線 白阿線",
    "osm_id": "9125461495",
    "fclass": "railway_station",
    "dist_to_line_m": 21,
    "match": "alias",
    "notes": "王爺廟 = 乌兰浩特站"
   },
   "geometry": {
    "type": "Point",
    "coordinates": [
     122.0565391,
     46.0687386
    ]
   }
  },
  {
   "type": "Feature",
   "id": 317,
   "properties": {
    "name": "白狼",
    "name_modern": "白狼",
    "pinyin": "Báiláng",
    "name_ref": "白狼",
    "yomi": "はくろう",
    "romaji": "Hakurō",
    "lines": "國線 白阿線",
    "osm_id": "1730851489",
    "fclass": "railway_station",
    "dist_to_line_m": 9,
    "match": "name",
    "notes": null
   },
   "geometry": {
    "type": "Point",
    "coordinates": [
     120.0951037,
     47.0472162
    ]
   }
  },
  {
   "type": "Feature",
   "id": 318,
   "properties": {
    "name": "索倫",
    "name_modern": "索伦",
    "pinyin": "Suǒlún",
    "name_ref": "索倫",
    "yomi": "そろん",
    "romaji": "Soron",
    "lines": "國線 白阿線",
    "osm_id": "1730851586",
    "fclass": "railway_station",
    "dist_to_line_m": 48,
    "match": "name",
    "notes": null
   },
   "geometry": {
    "type": "Point",
    "coordinates": [
     121.2358047,
     46.601338
    ]
   }
  },
  {
   "type": "Feature",
   "id": 319,
   "properties": {
    "name": "索格營",
    "name_modern": "镇西",
    "pinyin": "Zhènxī",
    "name_ref": "鎭西",
    "yomi": "ちんぜい",
    "romaji": "Chinzei",
    "lines": "國線 白阿線",
    "osm_id": "1730851608",
    "fclass": "railway_station",
    "dist_to_line_m": 31,
    "match": "alias",
    "notes": "索格營 renamed 鎭西 on 1942-11-20; = OSM 镇西"
   },
   "geometry": {
    "type": "Point",
    "coordinates": [
     122.4014054,
     45.8394552
    ]
   }
  },
  {
   "type": "Feature",
   "id": 320,
   "properties": {
    "name": "葛根廟",
    "name_modern": "葛根庙",
    "pinyin": "Gégēnmiào",
    "name_ref": "葛根廟",
    "yomi": "かっこんびょう",
    "romaji": "Kakkonbyō",
    "lines": "國線 白阿線",
    "osm_id": "1730851531",
    "fclass": "railway_station",
    "dist_to_line_m": 27,
    "match": "name",
    "notes": null
   },
   "geometry": {
    "type": "Point",
    "coordinates": [
     122.3095723,
     45.8896124
    ]
   }
  },
  {
   "type": "Feature",
   "id": 321,
   "properties": {
    "name": "西口",
    "name_modern": "西口",
    "pinyin": "Xīkǒu",
    "name_ref": "西口",
    "yomi": "せいこう",
    "romaji": "Seikō",
    "lines": "國線 白阿線",
    "osm_id": "4997106699",
    "fclass": "railway_station",
    "dist_to_line_m": 82,
    "match": "name",
    "notes": null
   },
   "geometry": {
    "type": "Point",
    "coordinates": [
     120.6935092,
     46.707638
    ]
   }
  },
  {
   "type": "Feature",
   "id": 322,
   "properties": {
    "name": "阿爾山",
    "name_modern": "阿尔山",
    "pinyin": "Āěrshān",
    "name_ref": "阿爾山",
    "yomi": "あるしゃん",
    "romaji": "Arushan",
    "lines": "國線 白阿線; 國線 阿杜線",
    "osm_id": "2662697996",
    "fclass": "railway_station",
    "dist_to_line_m": 19,
    "match": "name",
    "notes": null
   },
   "geometry": {
    "type": "Point",
    "coordinates": [
     119.9412377,
     47.1703671
    ]
   }
  },
  {
   "type": "Feature",
   "id": 323,
   "properties": {
    "name": "□山包",
    "name_modern": "铁力",
    "pinyin": "Tiělì",
    "name_ref": "鐵山包",
    "yomi": "てつざんぽう",
    "romaji": "Tetsuzanpō",
    "lines": "國線 綏佳線",
    "osm_id": "9137876528",
    "fclass": "railway_station",
    "dist_to_line_m": 20,
    "match": "alias",
    "notes": "illegible; 鐵山包 = 铁力 station (铁山包 town, later 铁力)"
   },
   "geometry": {
    "type": "Point",
    "coordinates": [
     128.046669,
     46.9718082
    ]
   }
  },
  {
   "type": "Feature",
   "id": 324,
   "properties": {
    "name": "南叉",
    "name_modern": "南岔",
    "pinyin": "Nánchà",
    "name_ref": "南叉",
    "yomi": "なんさ",
    "romaji": "Nansa",
    "lines": "國線 綏佳線",
    "osm_id": "9129186240",
    "fclass": "railway_station",
    "dist_to_line_m": 10,
    "match": "alias",
    "notes": "南叉 = 南岔"
   },
   "geometry": {
    "type": "Point",
    "coordinates": [
     129.2728449,
     47.1310277
    ]
   }
  },
  {
   "type": "Feature",
   "id": 325,
   "properties": {
    "name": "小白",
    "name_modern": "小白",
    "pinyin": "Xiǎobái",
    "name_ref": "小白",
    "yomi": "しょうはく",
    "romaji": "Shōhaku",
    "lines": "國線 綏佳線",
    "osm_id": "2154670877",
    "fclass": "railway_station",
    "dist_to_line_m": 13,
    "match": "name",
    "notes": null
   },
   "geometry": {
    "type": "Point",
    "coordinates": [
     128.7074869,
     46.9679431
    ]
   }
  },
  {
   "type": "Feature",
   "id": 326,
   "properties": {
    "name": "岩手",
    "name_modern": "桃山",
    "pinyin": "Táoshān",
    "name_ref": "岩手",
    "yomi": "いわて",
    "romaji": "Iwate",
    "lines": "國線 綏佳線",
    "osm_id": "9137876527",
    "fclass": "railway_station",
    "dist_to_line_m": 55,
    "match": "alias",
    "notes": "岩手 (Japanese settler name) = 桃山站 (built 1941, at the reference km); rename not documented"
   },
   "geometry": {
    "type": "Point",
    "coordinates": [
     128.1735048,
     46.9228136
    ]
   }
  },
  {
   "type": "Feature",
   "id": 327,
   "properties": {
    "name": "帶嶺",
    "name_modern": "带岭",
    "pinyin": "Dàilǐng",
    "name_ref": "帶嶺",
    "yomi": "たいれい",
    "romaji": "Tairei",
    "lines": "國線 綏佳線",
    "osm_id": "9137876526",
    "fclass": "railway_station",
    "dist_to_line_m": 14,
    "match": "name",
    "notes": null
   },
   "geometry": {
    "type": "Point",
    "coordinates": [
     129.0137195,
     47.0207715
    ]
   }
  },
  {
   "type": "Feature",
   "id": 328,
   "properties": {
    "name": "慶城",
    "name_modern": "庆安",
    "pinyin": "Qìngān",
    "name_ref": "慶安",
    "yomi": "けいあん",
    "romaji": "Keian",
    "lines": "國線 綏佳線",
    "osm_id": "9137876529",
    "fclass": "railway_station",
    "dist_to_line_m": 92,
    "match": "alias",
    "notes": "慶城 = 庆安 (county renamed)"
   },
   "geometry": {
    "type": "Point",
    "coordinates": [
     127.496433,
     46.8859539
    ]
   }
  },
  {
   "type": "Feature",
   "id": 329,
   "properties": {
    "name": "晨明",
    "name_modern": "晨明",
    "pinyin": "Chénmíng",
    "name_ref": "晨明",
    "yomi": "しんめい",
    "romaji": "Shinmei",
    "lines": "國線 綏佳線",
    "osm_id": "2662698241",
    "fclass": "railway_station",
    "dist_to_line_m": 8,
    "match": "name",
    "notes": null
   },
   "geometry": {
    "type": "Point",
    "coordinates": [
     129.4814677,
     46.9729825
    ]
   }
  },
  {
   "type": "Feature",
   "id": 330,
   "properties": {
    "name": "朗鄉",
    "name_modern": "朗乡",
    "pinyin": "Lǎngxiāng",
    "name_ref": "朗鄕",
    "yomi": "ろうきょう",
    "romaji": "Rōkyō",
    "lines": "國線 綏佳線",
    "osm_id": "2154670851",
    "fclass": "railway_station",
    "dist_to_line_m": 16,
    "match": "name",
    "notes": null
   },
   "geometry": {
    "type": "Point",
    "coordinates": [
     128.8718877,
     46.9575226
    ]
   }
  },
  {
   "type": "Feature",
   "id": 331,
   "properties": {
    "name": "望江",
    "name_modern": "望江",
    "pinyin": "Wàngjiāng",
    "name_ref": "望江",
    "yomi": "ぼうこう",
    "romaji": "Bōkō",
    "lines": "國線 綏佳線",
    "osm_id": "9137876520",
    "fclass": "railway_station",
    "dist_to_line_m": 8,
    "match": "name",
    "notes": null
   },
   "geometry": {
    "type": "Point",
    "coordinates": [
     130.1574648,
     46.8562431
    ]
   }
  },
  {
   "type": "Feature",
   "id": 332,
   "properties": {
    "name": "東津",
    "name_modern": "东津",
    "pinyin": "Dōngjīn",
    "name_ref": "東津",
    "yomi": "とうしん",
    "romaji": "Tōshin",
    "lines": "國線 綏佳線",
    "osm_id": "2154670845",
    "fclass": "railway_station",
    "dist_to_line_m": 102,
    "match": "name",
    "notes": null
   },
   "geometry": {
    "type": "Point",
    "coordinates": [
     127.209177,
     46.7372697
    ]
   }
  },
  {
   "type": "Feature",
   "id": 333,
   "properties": {
    "name": "浩良河",
    "name_modern": "浩良河",
    "pinyin": "Hàoliánghé",
    "name_ref": "浩良河",
    "yomi": "こうりょうが",
    "romaji": "Kōryōga",
    "lines": "國線 綏佳線",
    "osm_id": "9137876523",
    "fclass": "railway_station",
    "dist_to_line_m": 11,
    "match": "name",
    "notes": null
   },
   "geometry": {
    "type": "Point",
    "coordinates": [
     129.6311346,
     46.7263584
    ]
   }
  },
  {
   "type": "Feature",
   "id": 334,
   "properties": {
    "name": "湯原",
    "name_modern": "汤原",
    "pinyin": "Tāngyuán",
    "name_ref": "湯原",
    "yomi": "とうげん",
    "romaji": "Tōgen",
    "lines": "國線 綏佳線",
    "osm_id": "9137876521",
    "fclass": "railway_station",
    "dist_to_line_m": 17,
    "match": "name",
    "notes": null
   },
   "geometry": {
    "type": "Point",
    "coordinates": [
     129.918101,
     46.7450853
    ]
   }
  },
  {
   "type": "Feature",
   "id": 335,
   "properties": {
    "name": "王楊",
    "name_modern": "王杨",
    "pinyin": "Wángyáng",
    "name_ref": "王楊",
    "yomi": "おうよう",
    "romaji": "Ōyō",
    "lines": "國線 綏佳線",
    "osm_id": "2154670872",
    "fclass": "railway_station",
    "dist_to_line_m": 5,
    "match": "name",
    "notes": null
   },
   "geometry": {
    "type": "Point",
    "coordinates": [
     127.9192702,
     46.968325
    ]
   }
  },
  {
   "type": "Feature",
   "id": 336,
   "properties": {
    "name": "田昇",
    "name_modern": "双丰",
    "pinyin": "Shuāngfēng",
    "name_ref": "田昇",
    "yomi": "でんしょう",
    "romaji": "Denshō",
    "lines": "國線 綏佳線",
    "osm_id": "2154670864",
    "fclass": "railway_station",
    "dist_to_line_m": 38,
    "match": "alias",
    "notes": "田昇 (Japanese‑era name) = 双丰站 (built 1938, at the reference km); rename not documented"
   },
   "geometry": {
    "type": "Point",
    "coordinates": [
     127.7542735,
     46.9722455
    ]
   }
  },
  {
   "type": "Feature",
   "id": 337,
   "properties": {
    "name": "石長",
    "name_modern": "石长",
    "pinyin": "Shízhǎng",
    "name_ref": "石長",
    "yomi": "せきちょう",
    "romaji": "Sekichō",
    "lines": "國線 綏佳線",
    "osm_id": "2154670863",
    "fclass": "railway_station",
    "dist_to_line_m": 69,
    "match": "name",
    "notes": null
   },
   "geometry": {
    "type": "Point",
    "coordinates": [
     128.3164557,
     46.9346017
    ]
   }
  },
  {
   "type": "Feature",
   "id": 338,
   "properties": {
    "name": "神樹",
    "name_modern": "神树",
    "pinyin": "Shénshù",
    "name_ref": "神樹",
    "yomi": "しんじゅ",
    "romaji": "Shinju",
    "lines": "國線 綏佳線",
    "osm_id": "2154670862",
    "fclass": "railway_station",
    "dist_to_line_m": 0,
    "match": "name",
    "notes": null
   },
   "geometry": {
    "type": "Point",
    "coordinates": [
     128.4202909,
     46.9410054
    ]
   }
  },
  {
   "type": "Feature",
   "id": 339,
   "properties": {
    "name": "興和",
    "name_modern": "兴福",
    "pinyin": "Xīngfú",
    "name_ref": "興福",
    "yomi": "こうふく",
    "romaji": "Kōfuku",
    "lines": "國線 綏佳線",
    "osm_id": "2154670879",
    "fclass": "railway_station",
    "dist_to_line_m": 7,
    "match": "alias",
    "notes": "printed 興和; reference 興福 = OSM 兴福 (misreading)"
   },
   "geometry": {
    "type": "Point",
    "coordinates": [
     127.1141427,
     46.6896037
    ]
   }
  },
  {
   "type": "Feature",
   "id": 340,
   "properties": {
    "name": "西佳木斯",
    "name_modern": "西佳木斯",
    "pinyin": "Xījiāmùsī",
    "name_ref": "西佳木斯",
    "yomi": "にしじゃむす",
    "romaji": "Nishijamusu",
    "lines": "國線 綏佳線",
    "osm_id": "9137876518",
    "fclass": "railway_station",
    "dist_to_line_m": 3,
    "match": "name",
    "notes": null
   },
   "geometry": {
    "type": "Point",
    "coordinates": [
     130.3251241,
     46.8087631
    ]
   }
  },
  {
   "type": "Feature",
   "id": 341,
   "properties": {
    "name": "香蘭",
    "name_modern": "香兰",
    "pinyin": "Xiānglán",
    "name_ref": "香蘭",
    "yomi": "こうらん",
    "romaji": "Kōran",
    "lines": "國線 綏佳線",
    "osm_id": "9137876522",
    "fclass": "railway_station",
    "dist_to_line_m": 11,
    "match": "name",
    "notes": null
   },
   "geometry": {
    "type": "Point",
    "coordinates": [
     129.7500056,
     46.6505005
    ]
   }
  },
  {
   "type": "Feature",
   "id": 342,
   "properties": {
    "name": "佳木斯",
    "name_modern": "佳木斯",
    "pinyin": "Jiāmùsī",
    "name_ref": "佳木斯",
    "yomi": "じゃむす",
    "romaji": "Jamusu",
    "lines": "國線 綏佳線; 國線 圖佳線",
    "osm_id": "2185005492",
    "fclass": "railway_station",
    "dist_to_line_m": 21,
    "match": "name",
    "notes": null
   },
   "geometry": {
    "type": "Point",
    "coordinates": [
     130.3758882,
     46.801709
    ]
   }
  },
  {
   "type": "Feature",
   "id": 343,
   "properties": {
    "name": "蓮江口",
    "name_modern": "莲江口",
    "pinyin": "Liánjiāngkǒu",
    "name_ref": "蓮江口",
    "yomi": "れんじゃんこう",
    "romaji": "Renjankō",
    "lines": "國線 綏佳線; 國線 鶴岡線",
    "osm_id": "6009757607",
    "fclass": "railway_station",
    "dist_to_line_m": 16,
    "match": "name",
    "notes": null
   },
   "geometry": {
    "type": "Point",
    "coordinates": [
     130.3143988,
     46.870935
    ]
   }
  },
  {
   "type": "Feature",
   "id": 344,
   "properties": {
    "name": "道河",
    "name_modern": "道河",
    "pinyin": "Dàohé",
    "name_ref": "道河",
    "yomi": "どうか",
    "romaji": "Dōka",
    "lines": "國線 綏寧線",
    "osm_id": "9131669908",
    "fclass": "railway_station",
    "dist_to_line_m": 14,
    "match": "name",
    "notes": null
   },
   "geometry": {
    "type": "Point",
    "coordinates": [
     130.8287948,
     44.0401802
    ]
   }
  },
  {
   "type": "Feature",
   "id": 345,
   "properties": {
    "name": "東寧",
    "name_modern": "东宁",
    "pinyin": "Dōngníng",
    "name_ref": "東寧",
    "yomi": "とうねい",
    "romaji": "Tōnei",
    "lines": "國線 綏寧線; 國線 興寧線",
    "osm_id": "9131669906",
    "fclass": "railway_station",
    "dist_to_line_m": 3,
    "match": "name",
    "notes": null
   },
   "geometry": {
    "type": "Point",
    "coordinates": [
     131.176334,
     44.0305697
    ]
   }
  },
  {
   "type": "Feature",
   "id": 346,
   "properties": {
    "name": "二□",
    "name_modern": "二龙",
    "pinyin": "Èrlóng",
    "name_ref": "二龍",
    "yomi": "にりゅう",
    "romaji": "Niryū",
    "lines": "國線 葉峰線",
    "osm_id": "1722042117",
    "fclass": "railway_station",
    "dist_to_line_m": 26,
    "match": "alias",
    "notes": "illegible in transcription; 二龍 = 二龙 (notes.md)"
   },
   "geometry": {
    "type": "Point",
    "coordinates": [
     119.2702823,
     41.6969868
    ]
   }
  },
  {
   "type": "Feature",
   "id": 347,
   "properties": {
    "name": "天義",
    "name_modern": "天义",
    "pinyin": "Tiānyì",
    "name_ref": "天義",
    "yomi": "てんぎ",
    "romaji": "Tengi",
    "lines": "國線 葉峰線",
    "osm_id": "1722042123",
    "fclass": "railway_station",
    "dist_to_line_m": 64,
    "match": "name",
    "notes": null
   },
   "geometry": {
    "type": "Point",
    "coordinates": [
     119.3311992,
     41.5928524
    ]
   }
  },
  {
   "type": "Feature",
   "id": 348,
   "properties": {
    "name": "汐子",
    "name_modern": "汐子",
    "pinyin": "Xīzi",
    "name_ref": "汐子",
    "yomi": "せきし",
    "romaji": "Sekishi",
    "lines": "國線 葉峰線",
    "osm_id": "1722042129",
    "fclass": "railway_station",
    "dist_to_line_m": 2,
    "match": "name",
    "notes": null
   },
   "geometry": {
    "type": "Point",
    "coordinates": [
     119.2575065,
     41.778895
    ]
   }
  },
  {
   "type": "Feature",
   "id": 349,
   "properties": {
    "name": "沙海",
    "name_modern": "沙海",
    "pinyin": "Shāhǎi",
    "name_ref": "沙海",
    "yomi": "さかい",
    "romaji": "Sakai",
    "lines": "國線 葉峰線",
    "osm_id": "1722109920",
    "fclass": "railway_station",
    "dist_to_line_m": 3,
    "match": "name",
    "notes": null
   },
   "geometry": {
    "type": "Point",
    "coordinates": [
     119.4607,
     41.49519
    ]
   }
  },
  {
   "type": "Feature",
   "id": 350,
   "properties": {
    "name": "赤峰",
    "name_modern": "赤峰",
    "pinyin": "Chìfēng",
    "name_ref": "赤峰",
    "yomi": "せきほう",
    "romaji": "Sekihō",
    "lines": "國線 葉峰線",
    "osm_id": "1720956452",
    "fclass": "railway_station",
    "dist_to_line_m": 8,
    "match": "name",
    "notes": null
   },
   "geometry": {
    "type": "Point",
    "coordinates": [
     118.8958844,
     42.2738113
    ]
   }
  },
  {
   "type": "Feature",
   "id": 351,
   "properties": {
    "name": "葉柏壽",
    "name_modern": "叶柏寿",
    "pinyin": "Yèbǎishòu",
    "name_ref": "葉柏壽",
    "yomi": "ようはくじゅ",
    "romaji": "Yōhakuju",
    "lines": "國線 葉峰線; 國線 錦古線",
    "osm_id": "1722042132",
    "fclass": "railway_station",
    "dist_to_line_m": 73,
    "match": "name",
    "notes": null
   },
   "geometry": {
    "type": "Point",
    "coordinates": [
     119.6372932,
     41.3898978
    ]
   }
  },
  {
   "type": "Feature",
   "id": 352,
   "properties": {
    "name": "園嶺",
    "name_modern": "兰岭",
    "pinyin": "Lánlǐng",
    "name_ref": "蘭嶺",
    "yomi": "らんれい",
    "romaji": "Ranrei",
    "lines": "國線 虎林線",
    "osm_id": "9137873812",
    "fclass": "railway_station",
    "dist_to_line_m": 4,
    "match": "alias",
    "notes": "printed 園嶺; = 兰岭 (蘭嶺), probable misreading"
   },
   "geometry": {
    "type": "Point",
    "coordinates": [
     130.6980472,
     45.2946309
    ]
   }
  },
  {
   "type": "Feature",
   "id": 353,
   "properties": {
    "name": "奎山",
    "name_modern": "奎山",
    "pinyin": "Kuíshān",
    "name_ref": "奎山",
    "yomi": "けいざん",
    "romaji": "Keizan",
    "lines": "國線 虎林線",
    "osm_id": "9137873816",
    "fclass": "railway_station",
    "dist_to_line_m": 13,
    "match": "name",
    "notes": null
   },
   "geometry": {
    "type": "Point",
    "coordinates": [
     130.4003046,
     45.2263473
    ]
   }
  },
  {
   "type": "Feature",
   "id": 354,
   "properties": {
    "name": "寶東",
    "name_modern": "宝东",
    "pinyin": "Bǎodōng",
    "name_ref": "寶東",
    "yomi": "ほうとう",
    "romaji": "Hōtō",
    "lines": "國線 虎林線",
    "osm_id": "9137873800",
    "fclass": "railway_station",
    "dist_to_line_m": 63,
    "match": "name",
    "notes": null
   },
   "geometry": {
    "type": "Point",
    "coordinates": [
     132.8002023,
     45.743905
    ]
   }
  },
  {
   "type": "Feature",
   "id": 355,
   "properties": {
    "name": "平陽",
    "name_modern": "鸡东",
    "pinyin": "Jīdōng",
    "name_ref": "平陽",
    "yomi": "へいよう",
    "romaji": "Heiyō",
    "lines": "國線 虎林線",
    "osm_id": "9137873810",
    "fclass": "railway_station",
    "dist_to_line_m": 3,
    "match": "alias",
    "notes": "平陽 = 鸡东站 (county seat)"
   },
   "geometry": {
    "type": "Point",
    "coordinates": [
     131.1443192,
     45.2506705
    ]
   }
  },
  {
   "type": "Feature",
   "id": 356,
   "properties": {
    "name": "東安",
    "name_modern": "密山",
    "pinyin": "Mìshān",
    "name_ref": "東安",
    "yomi": "とうあん",
    "romaji": "Tōan",
    "lines": "國線 虎林線",
    "osm_id": "9137873806",
    "fclass": "railway_station",
    "dist_to_line_m": 14,
    "match": "alias",
    "notes": "東安 = 密山站 (Manchukuo 東安 city = 密山)"
   },
   "geometry": {
    "type": "Point",
    "coordinates": [
     131.8668444,
     45.5491837
    ]
   }
  },
  {
   "type": "Feature",
   "id": 357,
   "properties": {
    "name": "東海",
    "name_modern": "东海",
    "pinyin": "Dōnghǎi",
    "name_ref": "東海",
    "yomi": "とうかい",
    "romaji": "Tōkai",
    "lines": "國線 虎林線",
    "osm_id": "9137873809",
    "fclass": "railway_station",
    "dist_to_line_m": 4,
    "match": "name",
    "notes": null
   },
   "geometry": {
    "type": "Point",
    "coordinates": [
     131.3072726,
     45.2883303
    ]
   }
  },
  {
   "type": "Feature",
   "id": 358,
   "properties": {
    "name": "楊崗",
    "name_modern": "杨岗",
    "pinyin": "Yánggǎng",
    "name_ref": "楊崗",
    "yomi": "ようこう",
    "romaji": "Yōkō",
    "lines": "國線 虎林線",
    "osm_id": "9137873802",
    "fclass": "railway_station",
    "dist_to_line_m": 37,
    "match": "name",
    "notes": null
   },
   "geometry": {
    "type": "Point",
    "coordinates": [
     132.2801894,
     45.7143609
    ]
   }
  },
  {
   "type": "Feature",
   "id": 359,
   "properties": {
    "name": "楊木",
    "name_modern": "杨木",
    "pinyin": "Yángmù",
    "name_ref": "楊木",
    "yomi": "ようぼく",
    "romaji": "Yōboku",
    "lines": "國線 虎林線",
    "osm_id": "1604972749",
    "fclass": "railway_station",
    "dist_to_line_m": 15,
    "match": "name",
    "notes": null
   },
   "geometry": {
    "type": "Point",
    "coordinates": [
     130.3350655,
     45.2581811
    ]
   }
  },
  {
   "type": "Feature",
   "id": 360,
   "properties": {
    "name": "永安",
    "name_modern": "永安乡",
    "pinyin": "Yǒngānxiāng",
    "name_ref": "永安",
    "yomi": "えいあん",
    "romaji": "Eian",
    "lines": "國線 虎林線",
    "osm_id": "9137873808",
    "fclass": "railway_station",
    "dist_to_line_m": 16,
    "match": "alias",
    "notes": "永安 = 永安乡"
   },
   "geometry": {
    "type": "Point",
    "coordinates": [
     131.4706579,
     45.336595
    ]
   }
  },
  {
   "type": "Feature",
   "id": 361,
   "properties": {
    "name": "淸道",
    "name_modern": "滴道",
    "pinyin": "Dīdào",
    "name_ref": "滴道",
    "yomi": "てきどう",
    "romaji": "Tekidō",
    "lines": "國線 虎林線",
    "osm_id": "9137873811",
    "fclass": "railway_station",
    "dist_to_line_m": 4,
    "match": "alias",
    "notes": "淸道 = 滴道 (see notes.md)"
   },
   "geometry": {
    "type": "Point",
    "coordinates": [
     130.8256951,
     45.3437805
    ]
   }
  },
  {
   "type": "Feature",
   "id": 362,
   "properties": {
    "name": "湖北",
    "name_modern": "凯北",
    "pinyin": "Kǎiběi",
    "name_ref": "湖北",
    "yomi": "こほく",
    "romaji": "Kohoku",
    "lines": "國線 虎林線",
    "osm_id": "9137873801",
    "fclass": "railway_station",
    "dist_to_line_m": 44,
    "match": "alias",
    "notes": "湖北 = 凯北站 (兴凯湖北) at the reference km; rename not documented"
   },
   "geometry": {
    "type": "Point",
    "coordinates": [
     132.4142899,
     45.7201693
    ]
   }
  },
  {
   "type": "Feature",
   "id": 363,
   "properties": {
    "name": "興凱",
    "name_modern": "兴凯",
    "pinyin": "Xīngkǎi",
    "name_ref": "興凱",
    "yomi": "こうがい",
    "romaji": "Kōgai",
    "lines": "國線 虎林線",
    "osm_id": "9137873803",
    "fclass": "railway_station",
    "dist_to_line_m": 14,
    "match": "name",
    "notes": null
   },
   "geometry": {
    "type": "Point",
    "coordinates": [
     132.0671671,
     45.702086
    ]
   }
  },
  {
   "type": "Feature",
   "id": 364,
   "properties": {
    "name": "虎林",
    "name_modern": "虎林",
    "pinyin": "Hǔlín",
    "name_ref": "虎林",
    "yomi": "こりん",
    "romaji": "Korin",
    "lines": "國線 虎林線",
    "osm_id": "9137873799",
    "fclass": "railway_station",
    "dist_to_line_m": 57,
    "match": "name",
    "notes": null
   },
   "geometry": {
    "type": "Point",
    "coordinates": [
     132.9697777,
     45.7627141
    ]
   }
  },
  {
   "type": "Feature",
   "id": 365,
   "properties": {
    "name": "裴德",
    "name_modern": "裴德",
    "pinyin": "Péidé",
    "name_ref": "斐德",
    "yomi": "ひとく",
    "romaji": "Hitoku",
    "lines": "國線 虎林線",
    "osm_id": "9137873804",
    "fclass": "railway_station",
    "dist_to_line_m": 50,
    "match": "name",
    "notes": null
   },
   "geometry": {
    "type": "Point",
    "coordinates": [
     131.8978021,
     45.6355332
    ]
   }
  },
  {
   "type": "Feature",
   "id": 366,
   "properties": {
    "name": "西東安",
    "name_modern": "密山西",
    "pinyin": "Mìshānxī",
    "name_ref": "西東安",
    "yomi": "にしとうあん",
    "romaji": "Nishitōan",
    "lines": "國線 虎林線",
    "osm_id": "9137873805",
    "fclass": "railway_station",
    "dist_to_line_m": 28,
    "match": "alias",
    "notes": "西東安 = 密山西 (東安 = 密山)"
   },
   "geometry": {
    "type": "Point",
    "coordinates": [
     131.8157034,
     45.5127908
    ]
   }
  },
  {
   "type": "Feature",
   "id": 367,
   "properties": {
    "name": "連珠山",
    "name_modern": "连珠山",
    "pinyin": "Liánzhūshān",
    "name_ref": "連珠山",
    "yomi": "れんじゅざん",
    "romaji": "Renjuzan",
    "lines": "國線 虎林線",
    "osm_id": "2330259270",
    "fclass": "railway_station",
    "dist_to_line_m": 82,
    "match": "name",
    "notes": null
   },
   "geometry": {
    "type": "Point",
    "coordinates": [
     131.7583712,
     45.4830161
    ]
   }
  },
  {
   "type": "Feature",
   "id": 368,
   "properties": {
    "name": "靑龍",
    "name_modern": "青龙",
    "pinyin": "Qīnglóng",
    "name_ref": "靑龍",
    "yomi": "せいりゅう",
    "romaji": "Seiryū",
    "lines": "國線 虎林線",
    "osm_id": "9137873813",
    "fclass": "railway_station",
    "dist_to_line_m": 5,
    "match": "name",
    "notes": null
   },
   "geometry": {
    "type": "Point",
    "coordinates": [
     130.5787651,
     45.2451761
    ]
   }
  },
  {
   "type": "Feature",
   "id": 369,
   "properties": {
    "name": "麻山",
    "name_modern": "麻山",
    "pinyin": "Máshān",
    "name_ref": "麻山",
    "yomi": "まざん",
    "romaji": "Mazan",
    "lines": "國線 虎林線",
    "osm_id": "9137873814",
    "fclass": "railway_station",
    "dist_to_line_m": 7,
    "match": "name",
    "notes": null
   },
   "geometry": {
    "type": "Point",
    "coordinates": [
     130.5318689,
     45.203024
    ]
   }
  },
  {
   "type": "Feature",
   "id": 370,
   "properties": {
    "name": "黑臺",
    "name_modern": "黑台",
    "pinyin": "Hēitái",
    "name_ref": "黑臺",
    "yomi": "こくだい",
    "romaji": "Kokudai",
    "lines": "國線 虎林線",
    "osm_id": "9137873807",
    "fclass": "railway_station",
    "dist_to_line_m": 11,
    "match": "name",
    "notes": null
   },
   "geometry": {
    "type": "Point",
    "coordinates": [
     131.6184659,
     45.4080254
    ]
   }
  },
  {
   "type": "Feature",
   "id": 371,
   "properties": {
    "name": "林口",
    "name_modern": "林口",
    "pinyin": "Línkǒu",
    "name_ref": "林口",
    "yomi": "りんこう",
    "romaji": "Rinkō",
    "lines": "國線 虎林線; 國線 圖佳線",
    "osm_id": "1604972727",
    "fclass": "railway_station",
    "dist_to_line_m": 12,
    "match": "name",
    "notes": null
   },
   "geometry": {
    "type": "Point",
    "coordinates": [
     130.2619436,
     45.2908402
    ]
   }
  },
  {
   "type": "Feature",
   "id": 372,
   "properties": {
    "name": "鷄寧",
    "name_modern": "鸡西",
    "pinyin": "Jīxī",
    "name_ref": "雞寧",
    "yomi": "けいねい",
    "romaji": "Keinei",
    "lines": "國線 虎林線; 國線 城雞線; 國線 恒山線",
    "osm_id": "9131669916",
    "fclass": "railway_station",
    "dist_to_line_m": 2,
    "match": "alias",
    "notes": "鷄寧 = 鸡西站 | 雞寧 = 鸡西站 | also printed as 雞寧 | line not in manchuria-1942-lines.geojson; matched by name inside the corridor of its anchor stations (國線 恒山線)"
   },
   "geometry": {
    "type": "Point",
    "coordinates": [
     130.9701783,
     45.302136
    ]
   }
  },
  {
   "type": "Feature",
   "id": 373,
   "properties": {
    "name": "牡丹江",
    "name_modern": "牡丹江",
    "pinyin": "Mǔdānjiāng",
    "name_ref": "牡丹江",
    "yomi": "ぼたんこう",
    "romaji": "Botankō",
    "lines": "國線 虎林線; 國線 濱綏線; 國線 綏寧線; 國線 圖佳線",
    "osm_id": "1603990218",
    "fclass": "railway_station",
    "dist_to_line_m": 4,
    "match": "name",
    "notes": null
   },
   "geometry": {
    "type": "Point",
    "coordinates": [
     129.6051496,
     44.5890935
    ]
   }
  },
  {
   "type": "Feature",
   "id": 374,
   "properties": {
    "name": "七里河",
    "name_modern": "七里河",
    "pinyin": "Qīlǐhé",
    "name_ref": "七里河",
    "yomi": "しちりか",
    "romaji": "Shichirika",
    "lines": "國線 錦古線",
    "osm_id": "2336082808",
    "fclass": "railway_station",
    "dist_to_line_m": 43,
    "match": "name",
    "notes": null
   },
   "geometry": {
    "type": "Point",
    "coordinates": [
     121.2513615,
     41.3370102
    ]
   }
  },
  {
   "type": "Feature",
   "id": 375,
   "properties": {
    "name": "三十家",
    "name_modern": "三十家",
    "pinyin": "Sānshíjiā",
    "name_ref": "三十家",
    "yomi": "さんじっか",
    "romaji": "Sanjikka",
    "lines": "國線 錦古線",
    "osm_id": "2336082812",
    "fclass": "railway_station",
    "dist_to_line_m": 19,
    "match": "name",
    "notes": null
   },
   "geometry": {
    "type": "Point",
    "coordinates": [
     119.048356,
     41.0126447
    ]
   }
  },
  {
   "type": "Feature",
   "id": 376,
   "properties": {
    "name": "上圓",
    "name_modern": "上园",
    "pinyin": "Shàngyuán",
    "name_ref": "上園",
    "yomi": "じょうえん",
    "romaji": "Jōen",
    "lines": "國線 錦古線",
    "osm_id": "2336082815",
    "fclass": "railway_station",
    "dist_to_line_m": 4,
    "match": "alias",
    "notes": "printed 上圓; reference 上園 = OSM 上园 (misreading)"
   },
   "geometry": {
    "type": "Point",
    "coordinates": [
     120.9597192,
     41.6154983
    ]
   }
  },
  {
   "type": "Feature",
   "id": 377,
   "properties": {
    "name": "上板城",
    "name_modern": "上板城",
    "pinyin": "Shàngbǎnchéng",
    "name_ref": "上板城",
    "yomi": "じょうばんじょう",
    "romaji": "Jōbanjō",
    "lines": "國線 錦古線",
    "osm_id": "844821220",
    "fclass": "railway_station",
    "dist_to_line_m": 7,
    "match": "name",
    "notes": null
   },
   "geometry": {
    "type": "Point",
    "coordinates": [
     118.0518409,
     40.8368888
    ]
   }
  },
  {
   "type": "Feature",
   "id": 378,
   "properties": {
    "name": "上谷",
    "name_modern": "上谷",
    "pinyin": "Shànggǔ",
    "name_ref": "上谷",
    "yomi": "じょうこく",
    "romaji": "Jōkoku",
    "lines": "國線 錦古線",
    "osm_id": "2374576654",
    "fclass": "railway_station",
    "dist_to_line_m": 47,
    "match": "name",
    "notes": null
   },
   "geometry": {
    "type": "Point",
    "coordinates": [
     118.474839,
     40.7945445
    ]
   }
  },
  {
   "type": "Feature",
   "id": 379,
   "properties": {
    "name": "下板城",
    "name_modern": "下板城",
    "pinyin": "Xiàbǎnchéng",
    "name_ref": "下板城",
    "yomi": "かばんじょう",
    "romaji": "Kabanjō",
    "lines": "國線 錦古線",
    "osm_id": "2336082826",
    "fclass": "railway_station",
    "dist_to_line_m": 74,
    "match": "name",
    "notes": null
   },
   "geometry": {
    "type": "Point",
    "coordinates": [
     118.1702808,
     40.7725126
    ]
   }
  },
  {
   "type": "Feature",
   "id": 380,
   "properties": {
    "name": "公營子",
    "name_modern": "公营子",
    "pinyin": "Gōngyíngzi",
    "name_ref": "公營子",
    "yomi": "こうえいし",
    "romaji": "Kōeishi",
    "lines": "國線 錦古線",
    "osm_id": "2336764044",
    "fclass": "railway_station",
    "dist_to_line_m": 150,
    "match": "name",
    "notes": null
   },
   "geometry": {
    "type": "Point",
    "coordinates": [
     119.8499259,
     41.3627926
    ]
   }
  },
  {
   "type": "Feature",
   "id": 381,
   "properties": {
    "name": "凌源",
    "name_modern": "凌源",
    "pinyin": "Língyuán",
    "name_ref": "凌源",
    "yomi": "りょうげん",
    "romaji": "Ryōgen",
    "lines": "國線 錦古線",
    "osm_id": "2336764049",
    "fclass": "railway_station",
    "dist_to_line_m": 11,
    "match": "name",
    "notes": null
   },
   "geometry": {
    "type": "Point",
    "coordinates": [
     119.3770589,
     41.2339402
    ]
   }
  },
  {
   "type": "Feature",
   "id": 382,
   "properties": {
    "name": "北京",
    "name_modern": "北京",
    "pinyin": "Běijīng",
    "name_ref": null,
    "yomi": null,
    "romaji": null,
    "lines": "國線 錦古線",
    "osm_id": "269996666",
    "fclass": "railway_station",
    "dist_to_line_m": 1240,
    "match": "name",
    "notes": "1942 北京 (錦古線/奉山線 through trains) = 前門東站 (北京東站); OSM 北京站 is the 1959 station c. 1.2 km east"
   },
   "geometry": {
    "type": "Point",
    "coordinates": [
     116.4210134,
     39.9011168
    ]
   }
  },
  {
   "type": "Feature",
   "id": 383,
   "properties": {
    "name": "古北口",
    "name_modern": "古北口",
    "pinyin": "Gǔběikǒu",
    "name_ref": "古北口",
    "yomi": "こほっこう",
    "romaji": "Kohokkō",
    "lines": "國線 錦古線",
    "osm_id": "7805039069",
    "fclass": "railway_station",
    "dist_to_line_m": 23,
    "match": "name",
    "notes": null
   },
   "geometry": {
    "type": "Point",
    "coordinates": [
     117.1352823,
     40.6905789
    ]
   }
  },
  {
   "type": "Feature",
   "id": 384,
   "properties": {
    "name": "大平房",
    "name_modern": "大平房",
    "pinyin": "Dàpíngfáng",
    "name_ref": "大平房",
    "yomi": "たいへいぼう",
    "romaji": "Taiheibō",
    "lines": "國線 錦古線",
    "osm_id": "2336082776",
    "fclass": "railway_station",
    "dist_to_line_m": 8,
    "match": "name",
    "notes": null
   },
   "geometry": {
    "type": "Point",
    "coordinates": [
     120.1475812,
     41.4299085
    ]
   }
  },
  {
   "type": "Feature",
   "id": 385,
   "properties": {
    "name": "小寺溝",
    "name_modern": "小寺沟",
    "pinyin": "Xiǎosìgōu",
    "name_ref": "小寺溝",
    "yomi": "しょうじこう",
    "romaji": "Shōjikō",
    "lines": "國線 錦古線",
    "osm_id": "2336082833",
    "fclass": "railway_station",
    "dist_to_line_m": 27,
    "match": "name",
    "notes": null
   },
   "geometry": {
    "type": "Point",
    "coordinates": [
     118.6390276,
     40.8983654
    ]
   }
  },
  {
   "type": "Feature",
   "id": 386,
   "properties": {
    "name": "小平房",
    "name_modern": "小平房",
    "pinyin": "Xiǎopíngfáng",
    "name_ref": "小平房",
    "yomi": "しょうへいぼう",
    "romaji": "Shōheibō",
    "lines": "國線 錦古線",
    "osm_id": "2336082829",
    "fclass": "railway_station",
    "dist_to_line_m": 107,
    "match": "name",
    "notes": null
   },
   "geometry": {
    "type": "Point",
    "coordinates": [
     119.7351949,
     41.3825693
    ]
   }
  },
  {
   "type": "Feature",
   "id": 387,
   "properties": {
    "name": "平泉",
    "name_modern": "平泉",
    "pinyin": "Píngquán",
    "name_ref": "平泉",
    "yomi": "へいせん",
    "romaji": "Heisen",
    "lines": "國線 錦古線",
    "osm_id": "2336082805",
    "fclass": "railway_station",
    "dist_to_line_m": 3,
    "match": "name",
    "notes": null
   },
   "geometry": {
    "type": "Point",
    "coordinates": [
     118.6942488,
     40.997672
    ]
   }
  },
  {
   "type": "Feature",
   "id": 388,
   "properties": {
    "name": "承德",
    "name_modern": "承德",
    "pinyin": "Chéngdé",
    "name_ref": "承德",
    "yomi": "しょうとく",
    "romaji": "Shōtoku",
    "lines": "國線 錦古線",
    "osm_id": "9266232126",
    "fclass": "railway_station",
    "dist_to_line_m": 8,
    "match": "name",
    "notes": null
   },
   "geometry": {
    "type": "Point",
    "coordinates": [
     117.9483739,
     40.9639743
    ]
   }
  },
  {
   "type": "Feature",
   "id": 389,
   "properties": {
    "name": "朝陽",
    "name_modern": "朝阳南",
    "pinyin": "Zhāoyángnán",
    "name_ref": "朝陽",
    "yomi": "ちょうよう",
    "romaji": "Chōyō",
    "lines": "國線 錦古線",
    "osm_id": "7949562606",
    "fclass": "railway_station",
    "dist_to_line_m": 49,
    "match": "alias",
    "notes": "朝陽 = 朝阳南站 (ex‑三座塔, 朝阳站 until 2017; wiki); 辽宁朝阳 is the newer station 3 km away"
   },
   "geometry": {
    "type": "Point",
    "coordinates": [
     120.4362414,
     41.5772777
    ]
   }
  },
  {
   "type": "Feature",
   "id": 390,
   "properties": {
    "name": "楊樹嶺",
    "name_modern": "杨树岭",
    "pinyin": "Yángshùlǐng",
    "name_ref": "楊樹嶺",
    "yomi": "ようじゅれい",
    "romaji": "Yōjurei",
    "lines": "國線 錦古線",
    "osm_id": "2336082834",
    "fclass": "railway_station",
    "dist_to_line_m": 7,
    "match": "name",
    "notes": null
   },
   "geometry": {
    "type": "Point",
    "coordinates": [
     118.872226,
     40.9895361
    ]
   }
  },
  {
   "type": "Feature",
   "id": 391,
   "properties": {
    "name": "水泉",
    "name_modern": "水泉",
    "pinyin": "Shuǐquán",
    "name_ref": "水泉",
    "yomi": "すいせん",
    "romaji": "Suisen",
    "lines": "國線 錦古線",
    "osm_id": "2336082817",
    "fclass": "railway_station",
    "dist_to_line_m": 3,
    "match": "name",
    "notes": null
   },
   "geometry": {
    "type": "Point",
    "coordinates": [
     119.1578117,
     41.1111763
    ]
   }
  },
  {
   "type": "Feature",
   "id": 392,
   "properties": {
    "name": "永和",
    "name_modern": "永和",
    "pinyin": "Yǒnghé",
    "name_ref": "永和",
    "yomi": "えいわ",
    "romaji": "Eiwa",
    "lines": "國線 錦古線",
    "osm_id": "8431464136",
    "fclass": "railway_station",
    "dist_to_line_m": 66,
    "match": "name",
    "notes": null
   },
   "geometry": {
    "type": "Point",
    "coordinates": [
     118.3439263,
     40.7761811
    ]
   }
  },
  {
   "type": "Feature",
   "id": 393,
   "properties": {
    "name": "河□溝",
    "name_modern": "河汤沟",
    "pinyin": "Hétānggōu",
    "name_ref": "河湯溝",
    "yomi": "かとうこう",
    "romaji": "Katōkō",
    "lines": "國線 錦古線",
    "osm_id": "2336082790",
    "fclass": "railway_station",
    "dist_to_line_m": 55,
    "match": "alias",
    "notes": "illegible; = 河汤沟 (河湯溝), between 红石 and 凌源"
   },
   "geometry": {
    "type": "Point",
    "coordinates": [
     119.47035,
     41.28812
    ]
   }
  },
  {
   "type": "Feature",
   "id": 394,
   "properties": {
    "name": "波羅赤",
    "name_modern": "波罗赤",
    "pinyin": "Bōluóchì",
    "name_ref": "波羅赤",
    "yomi": "ぽろち",
    "romaji": "Porochi",
    "lines": "國線 錦古線",
    "osm_id": "9506868277",
    "fclass": "railway_station",
    "dist_to_line_m": 23,
    "match": "name",
    "notes": null
   },
   "geometry": {
    "type": "Point",
    "coordinates": [
     119.9478962,
     41.3852328
    ]
   }
  },
  {
   "type": "Feature",
   "id": 395,
   "properties": {
    "name": "灤平",
    "name_modern": "滦平",
    "pinyin": "Luánpíng",
    "name_ref": "灤平",
    "yomi": "らんぺい",
    "romaji": "Ranpei",
    "lines": "國線 錦古線",
    "osm_id": "829690974",
    "fclass": "railway_station",
    "dist_to_line_m": 65,
    "match": "name",
    "notes": null
   },
   "geometry": {
    "type": "Point",
    "coordinates": [
     117.3097637,
     40.9216879
    ]
   }
  },
  {
   "type": "Feature",
   "id": 396,
   "properties": {
    "name": "灤河",
    "name_modern": "滦河",
    "pinyin": "Luánhé",
    "name_ref": "灤河",
    "yomi": "らんが",
    "romaji": "Ranga",
    "lines": "國線 錦古線",
    "osm_id": "3956221481",
    "fclass": "railway_station",
    "dist_to_line_m": 81,
    "match": "name",
    "notes": null
   },
   "geometry": {
    "type": "Point",
    "coordinates": [
     117.7337937,
     40.9444516
    ]
   }
  },
  {
   "type": "Feature",
   "id": 397,
   "properties": {
    "name": "紅石",
    "name_modern": "红石",
    "pinyin": "Hóngshí",
    "name_ref": "紅石",
    "yomi": "こうせき",
    "romaji": "Kōseki",
    "lines": "國線 錦古線",
    "osm_id": "2336082793",
    "fclass": "railway_station",
    "dist_to_line_m": 39,
    "match": "name",
    "notes": null
   },
   "geometry": {
    "type": "Point",
    "coordinates": [
     119.5425,
     41.33284
    ]
   }
  },
  {
   "type": "Feature",
   "id": 398,
   "properties": {
    "name": "薛家",
    "name_modern": "薛家",
    "pinyin": "Xuējiā",
    "name_ref": "薛家",
    "yomi": "せつか",
    "romaji": "Setsuka",
    "lines": "國線 錦古線",
    "osm_id": "9506868284",
    "fclass": "railway_station",
    "dist_to_line_m": 18,
    "match": "name",
    "notes": null
   },
   "geometry": {
    "type": "Point",
    "coordinates": [
     121.188764,
     41.1710629
    ]
   }
  },
  {
   "type": "Feature",
   "id": 399,
   "properties": {
    "name": "金溝",
    "name_modern": "金沟",
    "pinyin": "Jīngōu",
    "name_ref": "金溝",
    "yomi": "きんこう",
    "romaji": "Kinkō",
    "lines": "國線 錦古線",
    "osm_id": "9506868280",
    "fclass": "railway_station",
    "dist_to_line_m": 20,
    "match": "name",
    "notes": null
   },
   "geometry": {
    "type": "Point",
    "coordinates": [
     120.545463,
     41.6248263
    ]
   }
  },
  {
   "type": "Feature",
   "id": 400,
   "properties": {
    "name": "雙□山",
    "name_modern": "双塔山",
    "pinyin": "Shuāngtǎshān",
    "name_ref": "雙頭山",
    "yomi": "そうとうざん",
    "romaji": "Sōtōzan",
    "lines": "國線 錦古線",
    "osm_id": "3956221482",
    "fclass": "railway_station",
    "dist_to_line_m": 36,
    "match": "alias",
    "notes": "illegible; = 双塔山 (雙塔山, notes.md)"
   },
   "geometry": {
    "type": "Point",
    "coordinates": [
     117.7989514,
     40.9654687
    ]
   }
  },
  {
   "type": "Feature",
   "id": 401,
   "properties": {
    "name": "伊爾施",
    "name_modern": "伊尔施",
    "pinyin": "Yīěrshī",
    "name_ref": "伊爾炧",
    "yomi": "いるせ",
    "romaji": "Iruse",
    "lines": "國線 阿杜線",
    "osm_id": "9072960133",
    "fclass": "railway_station",
    "dist_to_line_m": 1920,
    "match": "name",
    "notes": "OSM 伊尔施 1.9 km from the roughly traced 阿杜線"
   },
   "geometry": {
    "type": "Point",
    "coordinates": [
     119.8405613,
     47.289865
    ]
   }
  },
  {
   "type": "Feature",
   "id": 402,
   "properties": {
    "name": "杜魯爾",
    "name_modern": "杜拉尔",
    "pinyin": "Dùlāěr",
    "name_ref": "杜魯爾",
    "yomi": "とろる",
    "romaji": "Tororu",
    "lines": "國線 阿杜線",
    "osm_id": "9125461479",
    "fclass": "railway_station",
    "dist_to_line_m": 8,
    "match": "alias",
    "notes": "杜魯爾 = 杜拉尔 (transliteration); at end of traced 阿杜線"
   },
   "geometry": {
    "type": "Point",
    "coordinates": [
     119.6337031,
     47.3657555
    ]
   }
  },
  {
   "type": "Feature",
   "id": 403,
   "properties": {
    "name": "八家子",
    "name_modern": "八家子",
    "pinyin": "Bājiāzi",
    "name_ref": "八家子",
    "yomi": "はっかし",
    "romaji": "Hakkashi",
    "lines": "國線 青道線",
    "osm_id": "9171411656",
    "fclass": "railway_station",
    "dist_to_line_m": null,
    "match": "corridor",
    "notes": "line not in manchuria-1942-lines.geojson; matched by name inside the corridor of its anchor stations (國線 青道線)"
   },
   "geometry": {
    "type": "Point",
    "coordinates": [
     129.1325112,
     42.6650761
    ]
   }
  },
  {
   "type": "Feature",
   "id": 404,
   "properties": {
    "name": "峻德",
    "name_modern": "峻德",
    "pinyin": "Jùndé",
    "name_ref": "峻德",
    "yomi": "しゅんとく",
    "romaji": "Shuntoku",
    "lines": "國線 鶴岡線",
    "osm_id": "9129186223",
    "fclass": "railway_station",
    "dist_to_line_m": null,
    "match": "corridor",
    "notes": "line not in manchuria-1942-lines.geojson; matched by name inside the corridor of its anchor stations (國線 鶴岡線)"
   },
   "geometry": {
    "type": "Point",
    "coordinates": [
     130.2831586,
     47.194643
    ]
   }
  },
  {
   "type": "Feature",
   "id": 405,
   "properties": {
    "name": "鶴岡",
    "name_modern": "鹤岗",
    "pinyin": "Hègǎng",
    "name_ref": "鶴岡",
    "yomi": "つるおか",
    "romaji": "Tsuruoka",
    "lines": "國線 鶴岡線",
    "osm_id": "3824970873",
    "fclass": "railway_station",
    "dist_to_line_m": null,
    "match": "corridor",
    "notes": "line not in manchuria-1942-lines.geojson; matched by name inside the corridor of its anchor stations (國線 鶴岡線)"
   },
   "geometry": {
    "type": "Point",
    "coordinates": [
     130.2771762,
     47.3378858
    ]
   }
  },
  {
   "type": "Feature",
   "id": 406,
   "properties": {
    "name": "鶴立",
    "name_modern": "鹤立",
    "pinyin": "Hèlì",
    "name_ref": "鶴立",
    "yomi": "かくりつ",
    "romaji": "Kakuritsu",
    "lines": "國線 鶴岡線",
    "osm_id": "9129186225",
    "fclass": "railway_station",
    "dist_to_line_m": null,
    "match": "corridor",
    "notes": "line not in manchuria-1942-lines.geojson; matched by name inside the corridor of its anchor stations (國線 鶴岡線)"
   },
   "geometry": {
    "type": "Point",
    "coordinates": [
     130.2833737,
     47.0507098
    ]
   }
  },
  {
   "type": "Feature",
   "id": 407,
   "properties": {
    "name": "克山",
    "name_modern": "克山",
    "pinyin": "Kèshān",
    "name_ref": "克山",
    "yomi": "こくざん",
    "romaji": "Kokuzan",
    "lines": "國線 齊北線",
    "osm_id": "9129186250",
    "fclass": "railway_station",
    "dist_to_line_m": 16,
    "match": "name",
    "notes": null
   },
   "geometry": {
    "type": "Point",
    "coordinates": [
     125.8438699,
     48.0135086
    ]
   }
  },
  {
   "type": "Feature",
   "id": 408,
   "properties": {
    "name": "克東",
    "name_modern": "克东",
    "pinyin": "Kèdōng",
    "name_ref": "克東",
    "yomi": "こくとう",
    "romaji": "Kokutō",
    "lines": "國線 齊北線",
    "osm_id": "10219936787",
    "fclass": "railway_station",
    "dist_to_line_m": 68,
    "match": "name",
    "notes": null
   },
   "geometry": {
    "type": "Point",
    "coordinates": [
     126.2043607,
     48.1585068
    ]
   }
  },
  {
   "type": "Feature",
   "id": 409,
   "properties": {
    "name": "古城",
    "name_modern": "古城",
    "pinyin": "Gǔchéng",
    "name_ref": "古城",
    "yomi": "こじょう",
    "romaji": "Kojō",
    "lines": "國線 齊北線",
    "osm_id": "9129186251",
    "fclass": "railway_station",
    "dist_to_line_m": 54,
    "match": "name",
    "notes": null
   },
   "geometry": {
    "type": "Point",
    "coordinates": [
     125.6736189,
     47.9592256
    ]
   }
  },
  {
   "type": "Feature",
   "id": 410,
   "properties": {
    "name": "塔哈",
    "name_modern": "塔哈",
    "pinyin": "Tǎhā",
    "name_ref": "塔哈",
    "yomi": "とうは",
    "romaji": "Tōha",
    "lines": "國線 齊北線",
    "osm_id": "1728086228",
    "fclass": "railway_station",
    "dist_to_line_m": 5,
    "match": "name",
    "notes": null
   },
   "geometry": {
    "type": "Point",
    "coordinates": [
     124.2254413,
     47.5502566
    ]
   }
  },
  {
   "type": "Feature",
   "id": 411,
   "properties": {
    "name": "富海",
    "name_modern": "富海",
    "pinyin": "Fùhǎi",
    "name_ref": "富海",
    "yomi": "ふうかい",
    "romaji": "Fūkai",
    "lines": "國線 齊北線",
    "osm_id": "6339908047",
    "fclass": "railway_station",
    "dist_to_line_m": 7,
    "match": "name",
    "notes": null
   },
   "geometry": {
    "type": "Point",
    "coordinates": [
     124.8572947,
     47.8647261
    ]
   }
  },
  {
   "type": "Feature",
   "id": 412,
   "properties": {
    "name": "泰安",
    "name_modern": "依安",
    "pinyin": "Yīān",
    "name_ref": "泰安",
    "yomi": "たいあん",
    "romaji": "Taian",
    "lines": "國線 齊北線",
    "osm_id": "9129186252",
    "fclass": "railway_station",
    "dist_to_line_m": 0,
    "match": "alias",
    "notes": "齊北線 泰安 = 依安站 (only station between 富海 and 古城; town renamed)"
   },
   "geometry": {
    "type": "Point",
    "coordinates": [
     125.2784315,
     47.8717836
    ]
   }
  },
  {
   "type": "Feature",
   "id": 413,
   "properties": {
    "name": "大長屯",
    "name_modern": "大长屯",
    "pinyin": "Dàzhǎngtún",
    "name_ref": "大長屯",
    "yomi": "だいちょうとん",
    "romaji": "Daichōton",
    "lines": "國線 龍豐線",
    "osm_id": "9171411669",
    "fclass": "railway_station",
    "dist_to_line_m": null,
    "match": "corridor",
    "notes": "line not in manchuria-1942-lines.geojson; matched by name inside the corridor of its anchor stations (國線 龍豐線)"
   },
   "geometry": {
    "type": "Point",
    "coordinates": [
     126.5841626,
     43.7927193
    ]
   }
  },
  {
   "type": "Feature",
   "id": 414,
   "properties": {
    "name": "〓子〓",
    "name_modern": "苇子沟",
    "pinyin": "Wěizigōu",
    "name_ref": null,
    "yomi": null,
    "romaji": null,
    "lines": "滿洲國線 京圖線",
    "osm_id": "1590460765",
    "fclass": "railway_station",
    "dist_to_line_m": 9,
    "match": "alias",
    "notes": "illegible; = 苇子沟 (葦子溝), between 磨盘山 and 图们"
   },
   "geometry": {
    "type": "Point",
    "coordinates": [
     129.6707961,
     43.0288589
    ]
   }
  },
  {
   "type": "Feature",
   "id": 415,
   "properties": {
    "name": "下九臺",
    "name_modern": "九台",
    "pinyin": "Jiǔtái",
    "name_ref": "下九臺",
    "yomi": "しもきゅうだい",
    "romaji": "Shimokyūdai",
    "lines": "滿洲國線 京圖線",
    "osm_id": "2332707895",
    "fclass": "railway_station",
    "dist_to_line_m": 24,
    "match": "alias",
    "notes": "下九臺 = 九台"
   },
   "geometry": {
    "type": "Point",
    "coordinates": [
     125.831614,
     44.147243
    ]
   }
  },
  {
   "type": "Feature",
   "id": 416,
   "properties": {
    "name": "九站",
    "name_modern": "九站",
    "pinyin": "Jiǔzhàn",
    "name_ref": "九站",
    "yomi": "きゅうじゃん",
    "romaji": "Kyūjan",
    "lines": "滿洲國線 京圖線",
    "osm_id": "6542797321",
    "fclass": "railway_station",
    "dist_to_line_m": 30,
    "match": "name",
    "notes": null
   },
   "geometry": {
    "type": "Point",
    "coordinates": [
     126.4666633,
     43.9377218
    ]
   }
  },
  {
   "type": "Feature",
   "id": 417,
   "properties": {
    "name": "二道河",
    "name_modern": "二道河",
    "pinyin": "Èrdàohé",
    "name_ref": "二道河",
    "yomi": "にどうか",
    "romaji": "Nidōka",
    "lines": "滿洲國線 京圖線",
    "osm_id": "1590471989",
    "fclass": "railway_station",
    "dist_to_line_m": 58,
    "match": "name",
    "notes": null
   },
   "geometry": {
    "type": "Point",
    "coordinates": [
     127.6239126,
     43.6042754
    ]
   }
  },
  {
   "type": "Feature",
   "id": 418,
   "properties": {
    "name": "亮兵臺",
    "name_modern": "亮兵台",
    "pinyin": "Liàngbīngtái",
    "name_ref": "亮兵臺",
    "yomi": "りょうへいだい",
    "romaji": "Ryōheidai",
    "lines": "滿洲國線 京圖線",
    "osm_id": "9178116403",
    "fclass": "railway_station",
    "dist_to_line_m": 10,
    "match": "name",
    "notes": null
   },
   "geometry": {
    "type": "Point",
    "coordinates": [
     128.7778008,
     43.1921067
    ]
   }
  },
  {
   "type": "Feature",
   "id": 419,
   "properties": {
    "name": "六道河",
    "name_modern": "六道河",
    "pinyin": "Liùdàohé",
    "name_ref": "六道河",
    "yomi": "ろくどうか",
    "romaji": "Rokudōka",
    "lines": "滿洲國線 京圖線",
    "osm_id": "9178152017",
    "fclass": "railway_station",
    "dist_to_line_m": 11,
    "match": "name",
    "notes": null
   },
   "geometry": {
    "type": "Point",
    "coordinates": [
     127.0715511,
     43.9318525
    ]
   }
  },
  {
   "type": "Feature",
   "id": 420,
   "properties": {
    "name": "南崗",
    "name_modern": "南沟",
    "pinyin": "Nángōu",
    "name_ref": "南溝",
    "yomi": "なんこう",
    "romaji": "Nankō",
    "lines": "滿洲國線 京圖線",
    "osm_id": "9178116409",
    "fclass": "railway_station",
    "dist_to_line_m": 4,
    "match": "alias",
    "notes": "printed 南崗; reference 南溝 = OSM 南沟 (misreading)"
   },
   "geometry": {
    "type": "Point",
    "coordinates": [
     128.6726475,
     43.2414357
    ]
   }
  },
  {
   "type": "Feature",
   "id": 421,
   "properties": {
    "name": "卡倫",
    "name_modern": "卡伦",
    "pinyin": "Kǎlún",
    "name_ref": "卡倫",
    "yomi": "かろん",
    "romaji": "Karon",
    "lines": "滿洲國線 京圖線",
    "osm_id": "2332707896",
    "fclass": "railway_station",
    "dist_to_line_m": 0,
    "match": "name",
    "notes": null
   },
   "geometry": {
    "type": "Point",
    "coordinates": [
     125.5496816,
     44.0203532
    ]
   }
  },
  {
   "type": "Feature",
   "id": 422,
   "properties": {
    "name": "哈爾巴嶺",
    "name_modern": "哈尔巴岭",
    "pinyin": "Hāěrbālǐng",
    "name_ref": "哈爾巴嶺",
    "yomi": "はるぱれい",
    "romaji": "Haruparei",
    "lines": "滿洲國線 京圖線",
    "osm_id": "7160979269",
    "fclass": "railway_station",
    "dist_to_line_m": 26,
    "match": "name",
    "notes": null
   },
   "geometry": {
    "type": "Point",
    "coordinates": [
     128.6277389,
     43.2652509
    ]
   }
  },
  {
   "type": "Feature",
   "id": 423,
   "properties": {
    "name": "哈達灣",
    "name_modern": "哈达湾",
    "pinyin": "Hǎdáwān",
    "name_ref": "哈達灣",
    "yomi": "はあたわん",
    "romaji": "Hātawan",
    "lines": "滿洲國線 京圖線",
    "osm_id": "6542797320",
    "fclass": "railway_station",
    "dist_to_line_m": 32,
    "match": "name",
    "notes": null
   },
   "geometry": {
    "type": "Point",
    "coordinates": [
     126.5310578,
     43.8988153
    ]
   }
  },
  {
   "type": "Feature",
   "id": 424,
   "properties": {
    "name": "土門嶺",
    "name_modern": "土们岭",
    "pinyin": "Tǔmenlǐng",
    "name_ref": "土們嶺",
    "yomi": "どもんれい",
    "romaji": "Domonrei",
    "lines": "滿洲國線 京圖線",
    "osm_id": "2375124727",
    "fclass": "railway_station",
    "dist_to_line_m": 17,
    "match": "alias",
    "notes": "土門嶺 = 土们岭"
   },
   "geometry": {
    "type": "Point",
    "coordinates": [
     126.0431327,
     44.102789
    ]
   }
  },
  {
   "type": "Feature",
   "id": 425,
   "properties": {
    "name": "大橋",
    "name_modern": "大桥",
    "pinyin": "Dàqiáo",
    "name_ref": "大橋",
    "yomi": "だいきょう",
    "romaji": "Daikyō",
    "lines": "滿洲國線 京圖線",
    "osm_id": "9178116410",
    "fclass": "railway_station",
    "dist_to_line_m": 31,
    "match": "name",
    "notes": null
   },
   "geometry": {
    "type": "Point",
    "coordinates": [
     128.3767822,
     43.3468585
    ]
   }
  },
  {
   "type": "Feature",
   "id": 426,
   "properties": {
    "name": "大石頭",
    "name_modern": "大石头",
    "pinyin": "Dàshítou",
    "name_ref": "大石頭",
    "yomi": "だいせきとう",
    "romaji": "Daisekitō",
    "lines": "滿洲國線 京圖線",
    "osm_id": "1590460695",
    "fclass": "railway_station",
    "dist_to_line_m": 8,
    "match": "name",
    "notes": null
   },
   "geometry": {
    "type": "Point",
    "coordinates": [
     128.4948477,
     43.3029488
    ]
   }
  },
  {
   "type": "Feature",
   "id": 427,
   "properties": {
    "name": "天崗",
    "name_modern": "天岗",
    "pinyin": "Tiāngǎng",
    "name_ref": "天崗",
    "yomi": "てんこう",
    "romaji": "Tenkō",
    "lines": "滿洲國線 京圖線",
    "osm_id": "2408994545",
    "fclass": "railway_station",
    "dist_to_line_m": 28,
    "match": "name",
    "notes": null
   },
   "geometry": {
    "type": "Point",
    "coordinates": [
     126.9490358,
     43.9021761
    ]
   }
  },
  {
   "type": "Feature",
   "id": 428,
   "properties": {
    "name": "太平嶺",
    "name_modern": "太平岭",
    "pinyin": "Tàipínglǐng",
    "name_ref": "太平嶺",
    "yomi": "たいへいれい",
    "romaji": "Taiheirei",
    "lines": "滿洲國線 京圖線",
    "osm_id": "9178116411",
    "fclass": "railway_station",
    "dist_to_line_m": 4,
    "match": "name",
    "notes": null
   },
   "geometry": {
    "type": "Point",
    "coordinates": [
     128.2065976,
     43.4176813
    ]
   }
  },
  {
   "type": "Feature",
   "id": 429,
   "properties": {
    "name": "威虎嶺",
    "name_modern": "威虎岭",
    "pinyin": "Wēihǔlǐng",
    "name_ref": "威虎嶺",
    "yomi": "いこれい",
    "romaji": "Ikorei",
    "lines": "滿洲國線 京圖線",
    "osm_id": "1590470996",
    "fclass": "railway_station",
    "dist_to_line_m": 33,
    "match": "name",
    "notes": null
   },
   "geometry": {
    "type": "Point",
    "coordinates": [
     127.8161438,
     43.5518241
    ]
   }
  },
  {
   "type": "Feature",
   "id": 430,
   "properties": {
    "name": "孤店子",
    "name_modern": "孤店子",
    "pinyin": "Gūdiànzi",
    "name_ref": "孤店子",
    "yomi": "こてんし",
    "romaji": "Kotenshi",
    "lines": "滿洲國線 京圖線",
    "osm_id": "2332707894",
    "fclass": "railway_station",
    "dist_to_line_m": 56,
    "match": "name",
    "notes": null
   },
   "geometry": {
    "type": "Point",
    "coordinates": [
     126.36308,
     43.98188
    ]
   }
  },
  {
   "type": "Feature",
   "id": 431,
   "properties": {
    "name": "小姑家",
    "name_modern": "小姑家",
    "pinyin": "Xiǎogūjiā",
    "name_ref": "小姑家",
    "yomi": "しょうくうじゃ",
    "romaji": "Shōkūja",
    "lines": "滿洲國線 京圖線",
    "osm_id": "9178116413",
    "fclass": "railway_station",
    "dist_to_line_m": 6,
    "match": "name",
    "notes": null
   },
   "geometry": {
    "type": "Point",
    "coordinates": [
     127.2534317,
     43.8863219
    ]
   }
  },
  {
   "type": "Feature",
   "id": 432,
   "properties": {
    "name": "延吉",
    "name_modern": "延吉",
    "pinyin": "Yánjí",
    "name_ref": "間島",
    "yomi": "かんとう",
    "romaji": "Kantō",
    "lines": "滿洲國線 京圖線",
    "osm_id": "9085329466",
    "fclass": "railway_station",
    "dist_to_line_m": 41,
    "match": "name",
    "notes": null
   },
   "geometry": {
    "type": "Point",
    "coordinates": [
     129.489787,
     42.8842531
    ]
   }
  },
  {
   "type": "Feature",
   "id": 433,
   "properties": {
    "name": "拉法",
    "name_modern": "拉法",
    "pinyin": "Lāfǎ",
    "name_ref": "拉法",
    "yomi": "らほう",
    "romaji": "Rahō",
    "lines": "滿洲國線 京圖線",
    "osm_id": "2333086037",
    "fclass": "railway_station",
    "dist_to_line_m": 11,
    "match": "name",
    "notes": null
   },
   "geometry": {
    "type": "Point",
    "coordinates": [
     127.328726,
     43.827671
    ]
   }
  },
  {
   "type": "Feature",
   "id": 434,
   "properties": {
    "name": "敦化",
    "name_modern": "敦化",
    "pinyin": "Dūnhuà",
    "name_ref": "敦化",
    "yomi": "とんか",
    "romaji": "Tonka",
    "lines": "滿洲國線 京圖線",
    "osm_id": "4038070338",
    "fclass": "railway_station",
    "dist_to_line_m": 21,
    "match": "name",
    "notes": null
   },
   "geometry": {
    "type": "Point",
    "coordinates": [
     128.2403343,
     43.3779174
    ]
   }
  },
  {
   "type": "Feature",
   "id": 435,
   "properties": {
    "name": "明月溝",
    "name_modern": "安图",
    "pinyin": "Āntú",
    "name_ref": "明月溝",
    "yomi": "めいげつこう",
    "romaji": "Meigetsukō",
    "lines": "滿洲國線 京圖線",
    "osm_id": "1590460668",
    "fclass": "railway_station",
    "dist_to_line_m": 34,
    "match": "alias",
    "notes": "明月溝 = 安图站 (in 明月镇, opened 1933)"
   },
   "geometry": {
    "type": "Point",
    "coordinates": [
     128.9024116,
     43.1134497
    ]
   }
  },
  {
   "type": "Feature",
   "id": 436,
   "properties": {
    "name": "樺皮廠",
    "name_modern": "桦皮厂",
    "pinyin": "Huàpíchǎng",
    "name_ref": "樺皮廠",
    "yomi": "かぴしょう",
    "romaji": "Kapishō",
    "lines": "滿洲國線 京圖線",
    "osm_id": "1548856814",
    "fclass": "railway_station",
    "dist_to_line_m": 19,
    "match": "name",
    "notes": null
   },
   "geometry": {
    "type": "Point",
    "coordinates": [
     126.2252824,
     43.9942263
    ]
   }
  },
  {
   "type": "Feature",
   "id": 437,
   "properties": {
    "name": "江北",
    "name_modern": "江北",
    "pinyin": "Jiāngběi",
    "name_ref": "江北",
    "yomi": "こうほく",
    "romaji": "Kōhoku",
    "lines": "滿洲國線 京圖線",
    "osm_id": "2332314837",
    "fclass": "railway_station",
    "dist_to_line_m": 38,
    "match": "name",
    "notes": null
   },
   "geometry": {
    "type": "Point",
    "coordinates": [
     126.606017,
     43.894362
    ]
   }
  },
  {
   "type": "Feature",
   "id": 438,
   "properties": {
    "name": "江密峰",
    "name_modern": "江密峰",
    "pinyin": "Jiāngmìfēng",
    "name_ref": "江密峰",
    "yomi": "こうみつほう",
    "romaji": "Kōmitsuhō",
    "lines": "滿洲國線 京圖線",
    "osm_id": "2332708576",
    "fclass": "railway_station",
    "dist_to_line_m": 16,
    "match": "name",
    "notes": null
   },
   "geometry": {
    "type": "Point",
    "coordinates": [
     126.738933,
     43.9562709
    ]
   }
  },
  {
   "type": "Feature",
   "id": 439,
   "properties": {
    "name": "營城",
    "name_modern": "营城",
    "pinyin": "Yíngchéng",
    "name_ref": "營城",
    "yomi": "えいじょう",
    "romaji": "Eijō",
    "lines": "滿洲國線 京圖線",
    "osm_id": "2332707901",
    "fclass": "railway_station",
    "dist_to_line_m": 3,
    "match": "name",
    "notes": null
   },
   "geometry": {
    "type": "Point",
    "coordinates": [
     125.9117142,
     44.1389456
    ]
   }
  },
  {
   "type": "Feature",
   "id": 440,
   "properties": {
    "name": "磨盤山",
    "name_modern": "磨盘山",
    "pinyin": "Mòpánshān",
    "name_ref": "磨盤山",
    "yomi": "まばんざん",
    "romaji": "Mabanzan",
    "lines": "滿洲國線 京圖線",
    "osm_id": "1590464076",
    "fclass": "railway_station",
    "dist_to_line_m": 48,
    "match": "name",
    "notes": null
   },
   "geometry": {
    "type": "Point",
    "coordinates": [
     129.6142863,
     42.9372956
    ]
   }
  },
  {
   "type": "Feature",
   "id": 441,
   "properties": {
    "name": "秋梨溝",
    "name_modern": "秋梨沟",
    "pinyin": "Qiūlígōu",
    "name_ref": "秋梨溝",
    "yomi": "しゅうりこう",
    "romaji": "Shūrikō",
    "lines": "滿洲國線 京圖線",
    "osm_id": "7160979270",
    "fclass": "railway_station",
    "dist_to_line_m": 34,
    "match": "name",
    "notes": null
   },
   "geometry": {
    "type": "Point",
    "coordinates": [
     128.1504559,
     43.4925286
    ]
   }
  },
  {
   "type": "Feature",
   "id": 442,
   "properties": {
    "name": "老爺嶺",
    "name_modern": "老爷岭",
    "pinyin": "Lǎoyélǐng",
    "name_ref": "老爺嶺",
    "yomi": "ろうやれい",
    "romaji": "Rōyarei",
    "lines": "滿洲國線 京圖線",
    "osm_id": "2332707897",
    "fclass": "railway_station",
    "dist_to_line_m": 11,
    "match": "name",
    "notes": null
   },
   "geometry": {
    "type": "Point",
    "coordinates": [
     127.1828199,
     43.9247616
    ]
   }
  },
  {
   "type": "Feature",
   "id": 443,
   "properties": {
    "name": "興隆山",
    "name_modern": "兴隆山",
    "pinyin": "Xīnglóngshān",
    "name_ref": "興隆山",
    "yomi": "こうりゅうざん",
    "romaji": "Kōryūzan",
    "lines": "滿洲國線 京圖線",
    "osm_id": "2332707900",
    "fclass": "railway_station",
    "dist_to_line_m": 55,
    "match": "name",
    "notes": null
   },
   "geometry": {
    "type": "Point",
    "coordinates": [
     125.4652175,
     43.9548628
    ]
   }
  },
  {
   "type": "Feature",
   "id": 444,
   "properties": {
    "name": "茶條溝",
    "name_modern": "茶条沟",
    "pinyin": "Chátiáogōu",
    "name_ref": "茶條溝",
    "yomi": "ちゃじょうこう",
    "romaji": "Chajōkō",
    "lines": "滿洲國線 京圖線",
    "osm_id": "4628338224",
    "fclass": "railway_station",
    "dist_to_line_m": 15,
    "match": "name",
    "notes": null
   },
   "geometry": {
    "type": "Point",
    "coordinates": [
     129.0108445,
     43.0375895
    ]
   }
  },
  {
   "type": "Feature",
   "id": 445,
   "properties": {
    "name": "葦塘",
    "name_modern": "苇塘",
    "pinyin": "Wěitáng",
    "name_ref": "葦塘",
    "yomi": "いとう",
    "romaji": "Itō",
    "lines": "滿洲國線 京圖線",
    "osm_id": "9178116412",
    "fclass": "railway_station",
    "dist_to_line_m": 6,
    "match": "name",
    "notes": null
   },
   "geometry": {
    "type": "Point",
    "coordinates": [
     127.3979518,
     43.6634866
    ]
   }
  },
  {
   "type": "Feature",
   "id": 446,
   "properties": {
    "name": "蛟河",
    "name_modern": "蛟河",
    "pinyin": "Jiāohé",
    "name_ref": "蛟河",
    "yomi": "こうが",
    "romaji": "Kōga",
    "lines": "滿洲國線 京圖線",
    "osm_id": "1591050109",
    "fclass": "railway_station",
    "dist_to_line_m": 37,
    "match": "name",
    "notes": null
   },
   "geometry": {
    "type": "Point",
    "coordinates": [
     127.3445085,
     43.7226625
    ]
   }
  },
  {
   "type": "Feature",
   "id": 447,
   "properties": {
    "name": "銅佛寺",
    "name_modern": "铜佛寺",
    "pinyin": "Tóngfósì",
    "name_ref": "銅佛寺",
    "yomi": "どうぶつじ",
    "romaji": "Dōbutsuji",
    "lines": "滿洲國線 京圖線",
    "osm_id": "4628342385",
    "fclass": "railway_station",
    "dist_to_line_m": 37,
    "match": "name",
    "notes": null
   },
   "geometry": {
    "type": "Point",
    "coordinates": [
     129.2380464,
     42.8781026
    ]
   }
  },
  {
   "type": "Feature",
   "id": 448,
   "properties": {
    "name": "雅樹川",
    "name_modern": "榆树川",
    "pinyin": "Yúshùchuān",
    "name_ref": "楡樹川",
    "yomi": "ゆじゅせん",
    "romaji": "Yujusen",
    "lines": "滿洲國線 京圖線",
    "osm_id": "4628338205",
    "fclass": "railway_station",
    "dist_to_line_m": 11,
    "match": "alias",
    "notes": "printed 雅樹川, = 榆树川 (see notes.md)"
   },
   "geometry": {
    "type": "Point",
    "coordinates": [
     129.0773818,
     42.9818732
    ]
   }
  },
  {
   "type": "Feature",
   "id": 449,
   "properties": {
    "name": "飲馬河",
    "name_modern": "饮马河",
    "pinyin": "Yǐnmǎhé",
    "name_ref": "飮馬河",
    "yomi": "いんばが",
    "romaji": "Inbaga",
    "lines": "滿洲國線 京圖線",
    "osm_id": "2332707902",
    "fclass": "railway_station",
    "dist_to_line_m": 26,
    "match": "name",
    "notes": null
   },
   "geometry": {
    "type": "Point",
    "coordinates": [
     125.73604,
     44.10865
    ]
   }
  },
  {
   "type": "Feature",
   "id": 450,
   "properties": {
    "name": "黃松甸",
    "name_modern": "黄松甸",
    "pinyin": "Huángsōngdiān",
    "name_ref": "黃松甸",
    "yomi": "おうしょうでん",
    "romaji": "Ōshōden",
    "lines": "滿洲國線 京圖線",
    "osm_id": "1590460721",
    "fclass": "railway_station",
    "dist_to_line_m": 44,
    "match": "name",
    "notes": null
   },
   "geometry": {
    "type": "Point",
    "coordinates": [
     127.7220636,
     43.6392989
    ]
   }
  },
  {
   "type": "Feature",
   "id": 451,
   "properties": {
    "name": "黃泥河",
    "name_modern": "黄泥河",
    "pinyin": "Huángníhé",
    "name_ref": "黃泥河",
    "yomi": "おうでいが",
    "romaji": "Ōdeiga",
    "lines": "滿洲國線 京圖線",
    "osm_id": "1590460718",
    "fclass": "railway_station",
    "dist_to_line_m": 29,
    "match": "name",
    "notes": null
   },
   "geometry": {
    "type": "Point",
    "coordinates": [
     128.0117244,
     43.5530636
    ]
   }
  },
  {
   "type": "Feature",
   "id": 452,
   "properties": {
    "name": "龍家堡",
    "name_modern": "龙家堡",
    "pinyin": "Lóngjiābǎo",
    "name_ref": "龍家堡",
    "yomi": "りゅうかほう",
    "romaji": "Ryūkahō",
    "lines": "滿洲國線 京圖線",
    "osm_id": "2332707898",
    "fclass": "railway_station",
    "dist_to_line_m": 37,
    "match": "name",
    "notes": null
   },
   "geometry": {
    "type": "Point",
    "coordinates": [
     125.649877,
     44.06697
    ]
   }
  },
  {
   "type": "Feature",
   "id": 453,
   "properties": {
    "name": "南陽",
    "name_modern": "南陽",
    "pinyin": "Nányáng",
    "name_ref": "南陽",
    "yomi": "なんよう",
    "romaji": "Nan'yō",
    "lines": "滿洲國線 京圖線; 國線 圖佳線",
    "osm_id": "korea-csv:bs_023",
    "fclass": "korea_csv",
    "dist_to_line_m": 539,
    "match": "korea-csv",
    "notes": "Korean through station; position from interactive-japan-map korea/stations.csv (korea-csv:bs_023, 남양, MR Namyang)"
   },
   "geometry": {
    "type": "Point",
    "coordinates": [
     129.8565,
     42.9437
    ]
   }
  },
  {
   "type": "Feature",
   "id": 454,
   "properties": {
    "name": "圖們",
    "name_modern": "图们",
    "pinyin": "Túmen",
    "name_ref": "圖們",
    "yomi": "ともん",
    "romaji": "Tomon",
    "lines": "滿洲國線 京圖線; 國線 圖佳線",
    "osm_id": "9171411667",
    "fclass": "railway_station",
    "dist_to_line_m": 10,
    "match": "name",
    "notes": null
   },
   "geometry": {
    "type": "Point",
    "coordinates": [
     129.8334987,
     42.9625693
    ]
   }
  },
  {
   "type": "Feature",
   "id": 455,
   "properties": {
    "name": "羅津",
    "name_modern": "羅津",
    "pinyin": "Luójīn",
    "name_ref": "羅津",
    "yomi": "らしん",
    "romaji": "Rashin",
    "lines": "滿洲國線 京圖線; 國線 圖佳線",
    "osm_id": "korea-csv:bs_043",
    "fclass": "korea_csv",
    "dist_to_line_m": 0,
    "match": "korea-csv",
    "notes": "Korean through station; position from interactive-japan-map korea/stations.csv (korea-csv:bs_043, 나진, MR Najin)"
   },
   "geometry": {
    "type": "Point",
    "coordinates": [
     130.2898,
     42.2469
    ]
   }
  },
  {
   "type": "Feature",
   "id": 456,
   "properties": {
    "name": "朝陽川",
    "name_modern": "朝阳川",
    "pinyin": "Zhāoyángchuān",
    "name_ref": "朝陽川",
    "yomi": "ちょうようせん",
    "romaji": "Chōyōsen",
    "lines": "滿洲國線 京圖線; 國線 朝開線",
    "osm_id": "1590460680",
    "fclass": "railway_station",
    "dist_to_line_m": 22,
    "match": "name",
    "notes": null
   },
   "geometry": {
    "type": "Point",
    "coordinates": [
     129.3623699,
     42.8733541
    ]
   }
  },
  {
   "type": "Feature",
   "id": 457,
   "properties": {
    "name": "龍潭山",
    "name_modern": "龙潭山",
    "pinyin": "Lóngtánshān",
    "name_ref": "龍潭山",
    "yomi": "りゅうたんざん",
    "romaji": "Ryūtanzan",
    "lines": "滿洲國線 京圖線; 國線 龍豐線; 其他 吉林鐵道線",
    "osm_id": "6457291276",
    "fclass": "railway_station",
    "dist_to_line_m": 34,
    "match": "name",
    "notes": null
   },
   "geometry": {
    "type": "Point",
    "coordinates": [
     126.6008789,
     43.8714238
    ]
   }
  },
  {
   "type": "Feature",
   "id": 458,
   "properties": {
    "name": "三臺",
    "name_modern": "三台",
    "pinyin": "Sāntái",
    "name_ref": "三臺",
    "yomi": "さんだい",
    "romaji": "Sandai",
    "lines": "滿洲國線 奉山線",
    "osm_id": "1655741320",
    "fclass": "railway_station",
    "dist_to_line_m": 14,
    "match": "name",
    "notes": "also printed as 三台"
   },
   "geometry": {
    "type": "Point",
    "coordinates": [
     123.1544656,
     41.9486111
    ]
   }
  },
  {
   "type": "Feature",
   "id": 459,
   "properties": {
    "name": "前衛",
    "name_modern": "前卫",
    "pinyin": "Qiánwèi",
    "name_ref": "前衞",
    "yomi": "ぜんえい",
    "romaji": "Zen'ei",
    "lines": "滿洲國線 奉山線",
    "osm_id": "9179735861",
    "fclass": "railway_station",
    "dist_to_line_m": 13,
    "match": "name",
    "notes": "also printed as 前衞"
   },
   "geometry": {
    "type": "Point",
    "coordinates": [
     120.1291707,
     40.1736956
    ]
   }
  },
  {
   "type": "Feature",
   "id": 460,
   "properties": {
    "name": "北戴河",
    "name_modern": "北戴河",
    "pinyin": "Běidàihé",
    "name_ref": null,
    "yomi": null,
    "romaji": null,
    "lines": "滿洲國線 奉山線",
    "osm_id": "2349729507",
    "fclass": "railway_station",
    "dist_to_line_m": 71,
    "match": "name",
    "notes": null
   },
   "geometry": {
    "type": "Point",
    "coordinates": [
     119.4137242,
     39.8495816
    ]
   }
  },
  {
   "type": "Feature",
   "id": 461,
   "properties": {
    "name": "唐家",
    "name_modern": "唐家",
    "pinyin": "Tángjiā",
    "name_ref": "唐家",
    "yomi": "とうか",
    "romaji": "Tōka",
    "lines": "滿洲國線 奉山線",
    "osm_id": "1655741336",
    "fclass": "railway_station",
    "dist_to_line_m": 18,
    "match": "name",
    "notes": null
   },
   "geometry": {
    "type": "Point",
    "coordinates": [
     122.248957,
     41.6787027
    ]
   }
  },
  {
   "type": "Feature",
   "id": 462,
   "properties": {
    "name": "塔山",
    "name_modern": "塔山",
    "pinyin": "Tǎshān",
    "name_ref": "塔山",
    "yomi": "とうざん",
    "romaji": "Tōzan",
    "lines": "滿洲國線 奉山線",
    "osm_id": "1657245438",
    "fclass": "railway_station",
    "dist_to_line_m": 15,
    "match": "name",
    "notes": null
   },
   "geometry": {
    "type": "Point",
    "coordinates": [
     120.9295976,
     40.8184233
    ]
   }
  },
  {
   "type": "Feature",
   "id": 463,
   "properties": {
    "name": "大凌河",
    "name_modern": "凌海",
    "pinyin": "Línghǎi",
    "name_ref": "大凌河",
    "yomi": "だいりょうが",
    "romaji": "Dairyōga",
    "lines": "滿洲國線 奉山線",
    "osm_id": "8226400767",
    "fclass": "railway_station",
    "dist_to_line_m": 48,
    "match": "alias",
    "notes": "大凌河 = 凌海站 (wiki: 大凌河站 → 锦县站 → 凌海站)"
   },
   "geometry": {
    "type": "Point",
    "coordinates": [
     121.3569018,
     41.1792904
    ]
   }
  },
  {
   "type": "Feature",
   "id": 464,
   "properties": {
    "name": "天津",
    "name_modern": "天津",
    "pinyin": "Tiānjīn",
    "name_ref": null,
    "yomi": null,
    "romaji": null,
    "lines": "滿洲國線 奉山線",
    "osm_id": "273088049",
    "fclass": "railway_station",
    "dist_to_line_m": 37,
    "match": "name",
    "notes": "1942 天津 (東站) = today 天津站"
   },
   "geometry": {
    "type": "Point",
    "coordinates": [
     117.2036841,
     39.1357517
    ]
   }
  },
  {
   "type": "Feature",
   "id": 465,
   "properties": {
    "name": "女兒河",
    "name_modern": "女儿河",
    "pinyin": "Nǚérhé",
    "name_ref": "女兒河",
    "yomi": "じょじが",
    "romaji": "Jojiga",
    "lines": "滿洲國線 奉山線",
    "osm_id": "1657245414",
    "fclass": "railway_station",
    "dist_to_line_m": 38,
    "match": "name",
    "notes": null
   },
   "geometry": {
    "type": "Point",
    "coordinates": [
     121.0391219,
     41.0649356
    ]
   }
  },
  {
   "type": "Feature",
   "id": 466,
   "properties": {
    "name": "山海關",
    "name_modern": "山海关",
    "pinyin": "Shānhǎiguān",
    "name_ref": "山海關",
    "yomi": "さんかいかん",
    "romaji": "Sankaikan",
    "lines": "滿洲國線 奉山線",
    "osm_id": "7809638499",
    "fclass": "railway_station",
    "dist_to_line_m": 34,
    "match": "name",
    "notes": null
   },
   "geometry": {
    "type": "Point",
    "coordinates": [
     119.7619035,
     39.9985987
    ]
   }
  },
  {
   "type": "Feature",
   "id": 467,
   "properties": {
    "name": "新民",
    "name_modern": "新民",
    "pinyin": "Xīnmín",
    "name_ref": "新民",
    "yomi": "しんみん",
    "romaji": "Shinmin",
    "lines": "滿洲國線 奉山線",
    "osm_id": "1655741363",
    "fclass": "railway_station",
    "dist_to_line_m": 27,
    "match": "name",
    "notes": null
   },
   "geometry": {
    "type": "Point",
    "coordinates": [
     122.8121665,
     42.0000091
    ]
   }
  },
  {
   "type": "Feature",
   "id": 468,
   "properties": {
    "name": "東辛莊",
    "name_modern": "东辛庄",
    "pinyin": "Dōngxīnzhuāng",
    "name_ref": "東辛莊",
    "yomi": "とうしんそう",
    "romaji": "Tōshinsō",
    "lines": "滿洲國線 奉山線",
    "osm_id": "1582507134",
    "fclass": "railway_station",
    "dist_to_line_m": 16,
    "match": "name",
    "notes": null
   },
   "geometry": {
    "type": "Point",
    "coordinates": [
     120.4478743,
     40.3593385
    ]
   }
  },
  {
   "type": "Feature",
   "id": 469,
   "properties": {
    "name": "沙後所",
    "name_modern": "沙后所",
    "pinyin": "Shāhòusuǒ",
    "name_ref": "沙後所",
    "yomi": "さごしょ",
    "romaji": "Sagosho",
    "lines": "滿洲國線 奉山線",
    "osm_id": "9179735862",
    "fclass": "railway_station",
    "dist_to_line_m": 43,
    "match": "name",
    "notes": null
   },
   "geometry": {
    "type": "Point",
    "coordinates": [
     120.5541426,
     40.4771334
    ]
   }
  },
  {
   "type": "Feature",
   "id": 470,
   "properties": {
    "name": "白旗堡",
    "name_modern": "大红旗",
    "pinyin": "Dàhóngqí",
    "name_ref": "白旗堡",
    "yomi": "はっきほう",
    "romaji": "Hakkihō",
    "lines": "滿洲國線 奉山線",
    "osm_id": "2662698297",
    "fclass": "railway_station",
    "dist_to_line_m": 30,
    "match": "alias",
    "notes": "白旗堡 = 大红旗站 (renamed; wiki)"
   },
   "geometry": {
    "type": "Point",
    "coordinates": [
     122.6084527,
     41.872016
    ]
   }
  },
  {
   "type": "Feature",
   "id": 471,
   "properties": {
    "name": "皇姑屯",
    "name_modern": "皇姑屯站",
    "pinyin": "Huánggūtúnzhàn",
    "name_ref": "皇姑屯",
    "yomi": "こうことん",
    "romaji": "Kōkoton",
    "lines": "滿洲國線 奉山線",
    "osm_id": "11234519409",
    "fclass": "railway_station",
    "dist_to_line_m": 516,
    "match": "name",
    "notes": "OSM point 0.5 km from traced 奉山線"
   },
   "geometry": {
    "type": "Point",
    "coordinates": [
     123.3806049,
     41.8187388
    ]
   }
  },
  {
   "type": "Feature",
   "id": 472,
   "properties": {
    "name": "石山",
    "name_modern": "石山",
    "pinyin": "Shíshān",
    "name_ref": "石山",
    "yomi": "せきざん",
    "romaji": "Sekizan",
    "lines": "滿洲國線 奉山線",
    "osm_id": "1582507268",
    "fclass": "railway_station",
    "dist_to_line_m": 14,
    "match": "name",
    "notes": null
   },
   "geometry": {
    "type": "Point",
    "coordinates": [
     121.5299304,
     41.230668
    ]
   }
  },
  {
   "type": "Feature",
   "id": 473,
   "properties": {
    "name": "綏中",
    "name_modern": "绥中",
    "pinyin": "Suízhōng",
    "name_ref": "綏中",
    "yomi": "すいちゅう",
    "romaji": "Suichū",
    "lines": "滿洲國線 奉山線",
    "osm_id": "6499134181",
    "fclass": "railway_station",
    "dist_to_line_m": 41,
    "match": "name",
    "notes": null
   },
   "geometry": {
    "type": "Point",
    "coordinates": [
     120.3474006,
     40.3205397
    ]
   }
  },
  {
   "type": "Feature",
   "id": 474,
   "properties": {
    "name": "興城",
    "name_modern": "兴城",
    "pinyin": "Xīngchéng",
    "name_ref": "興城",
    "yomi": "こうじょう",
    "romaji": "Kōjō",
    "lines": "滿洲國線 奉山線",
    "osm_id": "2609234203",
    "fclass": "railway_station",
    "dist_to_line_m": 14,
    "match": "name",
    "notes": null
   },
   "geometry": {
    "type": "Point",
    "coordinates": [
     120.6961898,
     40.6227038
    ]
   }
  },
  {
   "type": "Feature",
   "id": 475,
   "properties": {
    "name": "興隆店",
    "name_modern": "兴隆店",
    "pinyin": "Xīnglóngdiàn",
    "name_ref": "興隆店",
    "yomi": "こうりゅうてん",
    "romaji": "Kōryūten",
    "lines": "滿洲國線 奉山線",
    "osm_id": "1655741348",
    "fclass": "railway_station",
    "dist_to_line_m": 19,
    "match": "name",
    "notes": null
   },
   "geometry": {
    "type": "Point",
    "coordinates": [
     123.0507559,
     41.9781084
    ]
   }
  },
  {
   "type": "Feature",
   "id": 476,
   "properties": {
    "name": "萬家屯",
    "name_modern": "万家屯",
    "pinyin": "Wànjiātún",
    "name_ref": "萬家屯",
    "yomi": "まんかとん",
    "romaji": "Mankaton",
    "lines": "滿洲國線 奉山線",
    "osm_id": "5515174038",
    "fclass": "railway_station",
    "dist_to_line_m": 11,
    "match": "alias",
    "notes": "misreading of 萬家屯 | also printed as 茂家屯"
   },
   "geometry": {
    "type": "Point",
    "coordinates": [
     119.8630875,
     40.0412055
    ]
   }
  },
  {
   "type": "Feature",
   "id": 477,
   "properties": {
    "name": "裕國",
    "name_modern": "裕国",
    "pinyin": "Yùguó",
    "name_ref": "裕國",
    "yomi": "ゆうこく",
    "romaji": "Yūkoku",
    "lines": "滿洲國線 奉山線",
    "osm_id": "1582714231",
    "fclass": "railway_station",
    "dist_to_line_m": 48,
    "match": "name",
    "notes": null
   },
   "geometry": {
    "type": "Point",
    "coordinates": [
     123.2757116,
     41.870709
    ]
   }
  },
  {
   "type": "Feature",
   "id": 478,
   "properties": {
    "name": "雙羊店",
    "name_modern": "双羊店",
    "pinyin": "Shuāngyángdiàn",
    "name_ref": "雙羊店",
    "yomi": "そうようてん",
    "romaji": "Sōyōten",
    "lines": "滿洲國線 奉山線",
    "osm_id": "1582507275",
    "fclass": "railway_station",
    "dist_to_line_m": 20,
    "match": "alias",
    "notes": "misreading of 雙羊店 | also printed as 後羊店"
   },
   "geometry": {
    "type": "Point",
    "coordinates": [
     121.2669785,
     41.1106828
    ]
   }
  },
  {
   "type": "Feature",
   "id": 479,
   "properties": {
    "name": "青堆子",
    "name_modern": "青堆子",
    "pinyin": "Qīngduīzi",
    "name_ref": "靑堆子",
    "yomi": "せいたいし",
    "romaji": "Seitaishi",
    "lines": "滿洲國線 奉山線",
    "osm_id": "1188969446",
    "fclass": "railway_station",
    "dist_to_line_m": 23,
    "match": "name",
    "notes": "also printed as 靑堆子"
   },
   "geometry": {
    "type": "Point",
    "coordinates": [
     121.9113202,
     41.4494793
    ]
   }
  },
  {
   "type": "Feature",
   "id": 480,
   "properties": {
    "name": "饒陽河",
    "name_modern": "绕阳河",
    "pinyin": "Ràoyánghé",
    "name_ref": "繞陽河",
    "yomi": "じょうようが",
    "romaji": "Jōyōga",
    "lines": "滿洲國線 奉山線",
    "osm_id": "1655741317",
    "fclass": "railway_station",
    "dist_to_line_m": 16,
    "match": "alias",
    "notes": "饒陽河 = 绕阳河"
   },
   "geometry": {
    "type": "Point",
    "coordinates": [
     122.4589075,
     41.7928771
    ]
   }
  },
  {
   "type": "Feature",
   "id": 481,
   "properties": {
    "name": "馬三家",
    "name_modern": "马三家",
    "pinyin": "Mǎsānjiā",
    "name_ref": "馬三家",
    "yomi": "ばさんか",
    "romaji": "Basanka",
    "lines": "滿洲國線 奉山線",
    "osm_id": "685376309",
    "fclass": "railway_station",
    "dist_to_line_m": 5,
    "match": "name",
    "notes": null
   },
   "geometry": {
    "type": "Point",
    "coordinates": [
     123.2316655,
     41.8961312
    ]
   }
  },
  {
   "type": "Feature",
   "id": 482,
   "properties": {
    "name": "高山子",
    "name_modern": "高山子",
    "pinyin": "Gāoshānzi",
    "name_ref": "高山子",
    "yomi": "こうざんし",
    "romaji": "Kōzanshi",
    "lines": "滿洲國線 奉山線",
    "osm_id": "1655741293",
    "fclass": "railway_station",
    "dist_to_line_m": 92,
    "match": "name",
    "notes": null
   },
   "geometry": {
    "type": "Point",
    "coordinates": [
     122.0525478,
     41.5522373
    ]
   }
  },
  {
   "type": "Feature",
   "id": 483,
   "properties": {
    "name": "高嶺",
    "name_modern": "高岭",
    "pinyin": "Gāolǐng",
    "name_ref": "高嶺",
    "yomi": "こうれい",
    "romaji": "Kōrei",
    "lines": "滿洲國線 奉山線",
    "osm_id": "5346336883",
    "fclass": "railway_station",
    "dist_to_line_m": 35,
    "match": "alias",
    "notes": "misreading of 高嶺 | also printed as 萬橋"
   },
   "geometry": {
    "type": "Point",
    "coordinates": [
     120.0126072,
     40.1447158
    ]
   }
  },
  {
   "type": "Feature",
   "id": 484,
   "properties": {
    "name": "高橋",
    "name_modern": "高桥镇",
    "pinyin": "Gāoqiáozhèn",
    "name_ref": "高橋",
    "yomi": "こうきょう",
    "romaji": "Kōkyō",
    "lines": "滿洲國線 奉山線",
    "osm_id": "1657245384",
    "fclass": "railway_station",
    "dist_to_line_m": 20,
    "match": "alias",
    "notes": "高橋 = 高桥镇站"
   },
   "geometry": {
    "type": "Point",
    "coordinates": [
     120.9992265,
     40.8950308
    ]
   }
  },
  {
   "type": "Feature",
   "id": 485,
   "properties": {
    "name": "溝幫子",
    "name_modern": "沟帮子",
    "pinyin": "Gōubāngzi",
    "name_ref": "溝帮子",
    "yomi": "こうぱんず",
    "romaji": "Kōpanzu",
    "lines": "滿洲國線 奉山線; 國線 錦古線; 國線 河北線",
    "osm_id": "1582507161",
    "fclass": "railway_station",
    "dist_to_line_m": 14,
    "match": "name",
    "notes": "also printed as 溝幇子"
   },
   "geometry": {
    "type": "Point",
    "coordinates": [
     121.7702159,
     41.3591233
    ]
   }
  },
  {
   "type": "Feature",
   "id": 486,
   "properties": {
    "name": "大虎山",
    "name_modern": "大虎山",
    "pinyin": "Dàhǔshān",
    "name_ref": "大虎山",
    "yomi": "たいこざん",
    "romaji": "Taikozan",
    "lines": "滿洲國線 奉山線; 滿洲國線 新義線; 國線 錦古線; 國線 大鄭線",
    "osm_id": "2340355345",
    "fclass": "railway_station",
    "dist_to_line_m": 90,
    "match": "name",
    "notes": null
   },
   "geometry": {
    "type": "Point",
    "coordinates": [
     122.1432253,
     41.6113085
    ]
   }
  },
  {
   "type": "Feature",
   "id": 487,
   "properties": {
    "name": "新邱",
    "name_modern": "新邱",
    "pinyin": "Xīnqiū",
    "name_ref": "新邱",
    "yomi": "しんきゅう",
    "romaji": "Shinkyū",
    "lines": "滿洲國線 新義線",
    "osm_id": "2340355364",
    "fclass": "railway_station",
    "dist_to_line_m": 36,
    "match": "name",
    "notes": null
   },
   "geometry": {
    "type": "Point",
    "coordinates": [
     121.7917087,
     42.0870415
    ]
   }
  },
  {
   "type": "Feature",
   "id": 488,
   "properties": {
    "name": "李金",
    "name_modern": "李金",
    "pinyin": "Lǐjīn",
    "name_ref": "李金",
    "yomi": "りきん",
    "romaji": "Rikin",
    "lines": "滿洲國線 新義線",
    "osm_id": "9171411677",
    "fclass": "railway_station",
    "dist_to_line_m": 21,
    "match": "name",
    "notes": null
   },
   "geometry": {
    "type": "Point",
    "coordinates": [
     121.3334241,
     41.6607063
    ]
   }
  },
  {
   "type": "Feature",
   "id": 489,
   "properties": {
    "name": "東梁",
    "name_modern": "东梁",
    "pinyin": "Dōngliáng",
    "name_ref": "東梁",
    "yomi": "とうりょう",
    "romaji": "Tōryō",
    "lines": "滿洲國線 新義線",
    "osm_id": "6483314927",
    "fclass": "railway_station",
    "dist_to_line_m": 2045,
    "match": "name",
    "notes": "2.0 km from traced 新義線 (line relocated around 阜新 open‑cast mine after 1942)"
   },
   "geometry": {
    "type": "Point",
    "coordinates": [
     121.5510605,
     41.9068713
    ]
   }
  },
  {
   "type": "Feature",
   "id": 490,
   "properties": {
    "name": "淸河門",
    "name_modern": "清河门",
    "pinyin": "Qīnghémén",
    "name_ref": "淸河門",
    "yomi": "せいかもん",
    "romaji": "Seikamon",
    "lines": "滿洲國線 新義線",
    "osm_id": "6360386937",
    "fclass": "railway_station",
    "dist_to_line_m": 1718,
    "match": "name",
    "notes": "1.7 km from traced 新義線 (line relocated near 阜新)"
   },
   "geometry": {
    "type": "Point",
    "coordinates": [
     121.4145795,
     41.7744551
    ]
   }
  },
  {
   "type": "Feature",
   "id": 491,
   "properties": {
    "name": "阜新",
    "name_modern": "阜新南",
    "pinyin": "Fùxīnnán",
    "name_ref": "阜新",
    "yomi": "ふしん",
    "romaji": "Fushin",
    "lines": "滿洲國線 新義線",
    "osm_id": "2340355349",
    "fclass": "railway_station",
    "dist_to_line_m": 62,
    "match": "alias",
    "notes": "1942 阜新 = 阜新南站 (原阜新站, 1937, renamed 2016; wiki); 1.7 km from traced line (line relocated)"
   },
   "geometry": {
    "type": "Point",
    "coordinates": [
     121.632292,
     41.985181
    ]
   }
  },
  {
   "type": "Feature",
   "id": 492,
   "properties": {
    "name": "義縣",
    "name_modern": "义县",
    "pinyin": "Yìxiàn",
    "name_ref": "義縣",
    "yomi": "ぎけん",
    "romaji": "Giken",
    "lines": "滿洲國線 新義線; 國線 錦古線",
    "osm_id": "2336082835",
    "fclass": "railway_station",
    "dist_to_line_m": 1,
    "match": "name",
    "notes": null
   },
   "geometry": {
    "type": "Point",
    "coordinates": [
     121.2223606,
     41.5199026
    ]
   }
  },
  {
   "type": "Feature",
   "id": 493,
   "properties": {
    "name": "新立屯",
    "name_modern": "新立屯",
    "pinyin": "Xīnlìtún",
    "name_ref": "新立屯",
    "yomi": "しんりっとん",
    "romaji": "Shinritton",
    "lines": "滿洲國線 新義線; 滿鐵社線 高新線; 國線 大鄭線",
    "osm_id": "1655741357",
    "fclass": "railway_station",
    "dist_to_line_m": 21,
    "match": "name",
    "notes": null
   },
   "geometry": {
    "type": "Point",
    "coordinates": [
     122.1750221,
     42.0194891
    ]
   }
  },
  {
   "type": "Feature",
   "id": 494,
   "properties": {
    "name": "三浪津",
    "name_modern": "三浪津",
    "pinyin": "Sānlàngjīn",
    "name_ref": null,
    "yomi": null,
    "romaji": "Sanrōshin",
    "lines": "滿鐵社線 安奉線",
    "osm_id": "korea-csv:kjn_001",
    "fclass": "korea_csv",
    "dist_to_line_m": 30,
    "match": "korea-csv",
    "notes": "Korean through station; position from interactive-japan-map korea/stations.csv (korea-csv:kjn_001, 삼랑진, MR Samnangjin)"
   },
   "geometry": {
    "type": "Point",
    "coordinates": [
     128.8434,
     35.399
    ]
   }
  },
  {
   "type": "Feature",
   "id": 495,
   "properties": {
    "name": "下馬塘",
    "name_modern": "下马塘",
    "pinyin": "Xiàmǎtáng",
    "name_ref": "下馬塘",
    "yomi": "げばとう",
    "romaji": "Gebatō",
    "lines": "滿鐵社線 安奉線",
    "osm_id": "2349438759",
    "fclass": "railway_station",
    "dist_to_line_m": 16,
    "match": "name",
    "notes": null
   },
   "geometry": {
    "type": "Point",
    "coordinates": [
     123.73004,
     41.02986
    ]
   }
  },
  {
   "type": "Feature",
   "id": 496,
   "properties": {
    "name": "五龍背",
    "name_modern": "五龙背",
    "pinyin": "Wǔlóngbèi",
    "name_ref": "五龍背",
    "yomi": "ごりゅうはい",
    "romaji": "Goryūhai",
    "lines": "滿鐵社線 安奉線",
    "osm_id": "2349438756",
    "fclass": "railway_station",
    "dist_to_line_m": 17,
    "match": "name",
    "notes": null
   },
   "geometry": {
    "type": "Point",
    "coordinates": [
     124.2695339,
     40.2583979
    ]
   }
  },
  {
   "type": "Feature",
   "id": 497,
   "properties": {
    "name": "京城",
    "name_modern": "京城",
    "pinyin": "Jīngchéng",
    "name_ref": null,
    "yomi": null,
    "romaji": "Keijō",
    "lines": "滿鐵社線 安奉線",
    "osm_id": "korea-csv:ke_001",
    "fclass": "korea_csv",
    "dist_to_line_m": 4,
    "match": "korea-csv",
    "notes": "Korean through station; position from interactive-japan-map korea/stations.csv (korea-csv:ke_001, 경성, MR Kyŏngsŏng)"
   },
   "geometry": {
    "type": "Point",
    "coordinates": [
     126.9711,
     37.5552
    ]
   }
  },
  {
   "type": "Feature",
   "id": 498,
   "properties": {
    "name": "劉家河",
    "name_modern": "刘家河",
    "pinyin": "Liújiāhé",
    "name_ref": "劉家河",
    "yomi": "りゅうかか",
    "romaji": "Ryūkaka",
    "lines": "滿鐵社線 安奉線",
    "osm_id": "1660818526",
    "fclass": "railway_station",
    "dist_to_line_m": 18,
    "match": "name",
    "notes": null
   },
   "geometry": {
    "type": "Point",
    "coordinates": [
     123.98067,
     40.67018
    ]
   }
  },
  {
   "type": "Feature",
   "id": 499,
   "properties": {
    "name": "南芬",
    "name_modern": "南芬",
    "pinyin": "Nánfēn",
    "name_ref": "南芬",
    "yomi": "なんふん",
    "romaji": "Nanfun",
    "lines": "滿鐵社線 安奉線",
    "osm_id": "2349438741",
    "fclass": "railway_station",
    "dist_to_line_m": 41,
    "match": "name",
    "notes": null
   },
   "geometry": {
    "type": "Point",
    "coordinates": [
     123.741649,
     41.099577
    ]
   }
  },
  {
   "type": "Feature",
   "id": 500,
   "properties": {
    "name": "大田",
    "name_modern": "大田",
    "pinyin": "Dàtián",
    "name_ref": null,
    "yomi": null,
    "romaji": "Taiden",
    "lines": "滿鐵社線 安奉線",
    "osm_id": "korea-csv:hn_001",
    "fclass": "korea_csv",
    "dist_to_line_m": 0,
    "match": "korea-csv",
    "notes": "Korean through station; position from interactive-japan-map korea/stations.csv (korea-csv:hn_001, 대전, MR Taejŏn)"
   },
   "geometry": {
    "type": "Point",
    "coordinates": [
     127.4341,
     36.332
    ]
   }
  },
  {
   "type": "Feature",
   "id": 501,
   "properties": {
    "name": "大邱",
    "name_modern": "大邱",
    "pinyin": "Dàqiū",
    "name_ref": null,
    "yomi": null,
    "romaji": "Taikyū",
    "lines": "滿鐵社線 安奉線",
    "osm_id": "korea-csv:dhj_001",
    "fclass": "korea_csv",
    "dist_to_line_m": 23,
    "match": "korea-csv",
    "notes": "Korean through station; position from interactive-japan-map korea/stations.csv (korea-csv:dhj_001, 대구, MR Taegu)"
   },
   "geometry": {
    "type": "Point",
    "coordinates": [
     128.5947,
     35.8761
    ]
   }
  },
  {
   "type": "Feature",
   "id": 502,
   "properties": {
    "name": "姚千戶屯",
    "name_modern": "姚千户屯",
    "pinyin": "Yáoqiānhùtún",
    "name_ref": "姚千戸屯",
    "yomi": "ちょうせんことん",
    "romaji": "Chōsenkoton",
    "lines": "滿鐵社線 安奉線",
    "osm_id": "9176129509",
    "fclass": "railway_station",
    "dist_to_line_m": 4,
    "match": "name",
    "notes": null
   },
   "geometry": {
    "type": "Point",
    "coordinates": [
     123.6129391,
     41.5301018
    ]
   }
  },
  {
   "type": "Feature",
   "id": 503,
   "properties": {
    "name": "平壤",
    "name_modern": "平壤",
    "pinyin": "Píngrǎng",
    "name_ref": null,
    "yomi": null,
    "romaji": "Heijō",
    "lines": "滿鐵社線 安奉線",
    "osm_id": "korea-csv:ke_034",
    "fclass": "korea_csv",
    "dist_to_line_m": 6,
    "match": "korea-csv",
    "notes": "Korean through station; position from interactive-japan-map korea/stations.csv (korea-csv:ke_034, 평양, MR P'yŏngyang)"
   },
   "geometry": {
    "type": "Point",
    "coordinates": [
     125.7358,
     39.0046
    ]
   }
  },
  {
   "type": "Feature",
   "id": 504,
   "properties": {
    "name": "新義州",
    "name_modern": "新義州",
    "pinyin": "Xīnyìzhōu",
    "name_ref": null,
    "yomi": null,
    "romaji": "Shingishū",
    "lines": "滿鐵社線 安奉線",
    "osm_id": "korea-csv:ke_062",
    "fclass": "korea_csv",
    "dist_to_line_m": 0,
    "match": "korea-csv",
    "notes": "Korean through station; position from interactive-japan-map korea/stations.csv (korea-csv:ke_062, 신의주, MR Sinŭiju)"
   },
   "geometry": {
    "type": "Point",
    "coordinates": [
     124.3799,
     40.123
    ]
   }
  },
  {
   "type": "Feature",
   "id": 505,
   "properties": {
    "name": "本溪湖",
    "name_modern": "本溪湖",
    "pinyin": "Běnxīhú",
    "name_ref": "本溪湖",
    "yomi": "ほんけいこ",
    "romaji": "Honkeiko",
    "lines": "滿鐵社線 安奉線",
    "osm_id": "2349438701",
    "fclass": "railway_station",
    "dist_to_line_m": 1572,
    "match": "name",
    "notes": "本溪湖 station (ex‑大東) 1.6 km from traced line, which follows the 1942 乙線 via 新岭隧道; station is on the older alignment"
   },
   "geometry": {
    "type": "Point",
    "coordinates": [
     123.761778,
     41.325548
    ]
   }
  },
  {
   "type": "Feature",
   "id": 506,
   "properties": {
    "name": "林家臺",
    "name_modern": "林家台",
    "pinyin": "Línjiātái",
    "name_ref": "林家臺",
    "yomi": "りんかだい",
    "romaji": "Rinkadai",
    "lines": "滿鐵社線 安奉線",
    "osm_id": "1662256003",
    "fclass": "railway_station",
    "dist_to_line_m": 50,
    "match": "name",
    "notes": null
   },
   "geometry": {
    "type": "Point",
    "coordinates": [
     123.9474972,
     40.7158814
    ]
   }
  },
  {
   "type": "Feature",
   "id": 507,
   "properties": {
    "name": "橋頭",
    "name_modern": "桥头",
    "pinyin": "Qiáotóu",
    "name_ref": "橋頭",
    "yomi": "きょうとう",
    "romaji": "Kyōtō",
    "lines": "滿鐵社線 安奉線",
    "osm_id": "2349438745",
    "fclass": "railway_station",
    "dist_to_line_m": 48,
    "match": "name",
    "notes": null
   },
   "geometry": {
    "type": "Point",
    "coordinates": [
     123.7235341,
     41.1911615
    ]
   }
  },
  {
   "type": "Feature",
   "id": 508,
   "properties": {
    "name": "歪頭山",
    "name_modern": "歪头山",
    "pinyin": "Wāitóushān",
    "name_ref": "歪頭山",
    "yomi": "わいとうざん",
    "romaji": "Waitōzan",
    "lines": "滿鐵社線 安奉線",
    "osm_id": "2349633669",
    "fclass": "railway_station",
    "dist_to_line_m": 34,
    "match": "name",
    "notes": null
   },
   "geometry": {
    "type": "Point",
    "coordinates": [
     123.6766092,
     41.4912388
    ]
   }
  },
  {
   "type": "Feature",
   "id": 509,
   "properties": {
    "name": "沙河鎭",
    "name_modern": "沙河镇",
    "pinyin": "Shāhézhèn",
    "name_ref": "沙河鎭",
    "yomi": "さかちん",
    "romaji": "Sakachin",
    "lines": "滿鐵社線 安奉線",
    "osm_id": "4615500866",
    "fclass": "railway_station",
    "dist_to_line_m": 29,
    "match": "name",
    "notes": null
   },
   "geometry": {
    "type": "Point",
    "coordinates": [
     124.39774,
     40.1441473
    ]
   }
  },
  {
   "type": "Feature",
   "id": 510,
   "properties": {
    "name": "湯山城",
    "name_modern": "汤山城",
    "pinyin": "Tāngshānchéng",
    "name_ref": "湯山城",
    "yomi": "とうざんじょう",
    "romaji": "Tōzanjō",
    "lines": "滿鐵社線 安奉線",
    "osm_id": "2349438752",
    "fclass": "railway_halt",
    "dist_to_line_m": 29,
    "match": "name",
    "notes": null
   },
   "geometry": {
    "type": "Point",
    "coordinates": [
     124.2035996,
     40.3098366
    ]
   }
  },
  {
   "type": "Feature",
   "id": 511,
   "properties": {
    "name": "火連寨",
    "name_modern": "火连寨",
    "pinyin": "Huǒliánzhài",
    "name_ref": "火連寨",
    "yomi": "かれんさい",
    "romaji": "Karensai",
    "lines": "滿鐵社線 安奉線",
    "osm_id": "2349633625",
    "fclass": "railway_station",
    "dist_to_line_m": 5095,
    "match": "alias",
    "notes": "火連寨 = OSM 火连寨, 5 km from the traced line, which follows the 1942 乙線 (via 新岭/威宁); the station is on the older 甲線 alignment"
   },
   "geometry": {
    "type": "Point",
    "coordinates": [
     123.7336234,
     41.3592099
    ]
   }
  },
  {
   "type": "Feature",
   "id": 512,
   "properties": {
    "name": "石橋子",
    "name_modern": "石桥子",
    "pinyin": "Shíqiáozi",
    "name_ref": "石橋子",
    "yomi": "せっきょうし",
    "romaji": "Sekkyōshi",
    "lines": "滿鐵社線 安奉線",
    "osm_id": "2349633663",
    "fclass": "railway_station",
    "dist_to_line_m": 14,
    "match": "name",
    "notes": null
   },
   "geometry": {
    "type": "Point",
    "coordinates": [
     123.7176156,
     41.4495379
    ]
   }
  },
  {
   "type": "Feature",
   "id": 513,
   "properties": {
    "name": "草河口",
    "name_modern": "草河口",
    "pinyin": "Cǎohékǒu",
    "name_ref": "草河口",
    "yomi": "そうかこう",
    "romaji": "Sōkakō",
    "lines": "滿鐵社線 安奉線",
    "osm_id": "1662255973",
    "fclass": "railway_station",
    "dist_to_line_m": 19,
    "match": "name",
    "notes": null
   },
   "geometry": {
    "type": "Point",
    "coordinates": [
     123.9052727,
     40.8763767
    ]
   }
  },
  {
   "type": "Feature",
   "id": 514,
   "properties": {
    "name": "蛤蟆塘",
    "name_modern": "蛤蟆塘",
    "pinyin": "Hámatáng",
    "name_ref": "蛤蟆塘",
    "yomi": "はまたん",
    "romaji": "Hamatan",
    "lines": "滿鐵社線 安奉線",
    "osm_id": "2349438711",
    "fclass": "railway_station",
    "dist_to_line_m": 1,
    "match": "name",
    "notes": null
   },
   "geometry": {
    "type": "Point",
    "coordinates": [
     124.37364,
     40.17215
    ]
   }
  },
  {
   "type": "Feature",
   "id": 515,
   "properties": {
    "name": "通遠堡",
    "name_modern": "通远堡",
    "pinyin": "Tōngyuǎnbǎo",
    "name_ref": "通遠堡",
    "yomi": "つうえんぽ",
    "romaji": "Tsūenpo",
    "lines": "滿鐵社線 安奉線",
    "osm_id": "1662256018",
    "fclass": "railway_station",
    "dist_to_line_m": 26,
    "match": "name",
    "notes": null
   },
   "geometry": {
    "type": "Point",
    "coordinates": [
     123.9212502,
     40.7856791
    ]
   }
  },
  {
   "type": "Feature",
   "id": 516,
   "properties": {
    "name": "連山關",
    "name_modern": "连山关",
    "pinyin": "Liánshānguān",
    "name_ref": "連山關",
    "yomi": "れんざんかん",
    "romaji": "Renzankan",
    "lines": "滿鐵社線 安奉線",
    "osm_id": "1662255999",
    "fclass": "railway_station",
    "dist_to_line_m": 15,
    "match": "name",
    "notes": null
   },
   "geometry": {
    "type": "Point",
    "coordinates": [
     123.7536344,
     40.9674972
    ]
   }
  },
  {
   "type": "Feature",
   "id": 517,
   "properties": {
    "name": "釜山",
    "name_modern": "釜山",
    "pinyin": "Fǔshān",
    "name_ref": null,
    "yomi": null,
    "romaji": "Fuzan",
    "lines": "滿鐵社線 安奉線",
    "osm_id": "korea-csv:dhn_001",
    "fclass": "korea_csv",
    "dist_to_line_m": 4765,
    "match": "korea-csv",
    "notes": "Korean through station; position from interactive-japan-map korea/stations.csv (korea-csv:dhn_001, 부산, MR Pusan)"
   },
   "geometry": {
    "type": "Point",
    "coordinates": [
     129.04,
     35.114
    ]
   }
  },
  {
   "type": "Feature",
   "id": 518,
   "properties": {
    "name": "開城",
    "name_modern": "開城",
    "pinyin": "Kāichéng",
    "name_ref": null,
    "yomi": null,
    "romaji": "Kaijō",
    "lines": "滿鐵社線 安奉線",
    "osm_id": "korea-csv:ke_011",
    "fclass": "korea_csv",
    "dist_to_line_m": 0,
    "match": "korea-csv",
    "notes": "Korean through station; position from interactive-japan-map korea/stations.csv (korea-csv:ke_011, 개성, MR Kaesŏng)"
   },
   "geometry": {
    "type": "Point",
    "coordinates": [
     126.5413,
     37.9687
    ]
   }
  },
  {
   "type": "Feature",
   "id": 519,
   "properties": {
    "name": "陳相屯",
    "name_modern": "陈相屯",
    "pinyin": "Chénxiāngtún",
    "name_ref": "陳相屯",
    "yomi": "ちんそうとん",
    "romaji": "Chinsōton",
    "lines": "滿鐵社線 安奉線",
    "osm_id": "2662698244",
    "fclass": "railway_station",
    "dist_to_line_m": 84,
    "match": "name",
    "notes": null
   },
   "geometry": {
    "type": "Point",
    "coordinates": [
     123.531838,
     41.5592856
    ]
   }
  },
  {
   "type": "Feature",
   "id": 520,
   "properties": {
    "name": "高麗門",
    "name_modern": "一面山",
    "pinyin": "Yímiànshān",
    "name_ref": "高麗門",
    "yomi": "こうらいもん",
    "romaji": "Kōraimon",
    "lines": "滿鐵社線 安奉線",
    "osm_id": "2349438769",
    "fclass": "railway_halt",
    "dist_to_line_m": 25,
    "match": "alias",
    "notes": "高麗門 (old name of 邊門鎮) = 一面山站 in 边门镇 (built 1904); position matches reference km"
   },
   "geometry": {
    "type": "Point",
    "coordinates": [
     124.091095,
     40.3475811
    ]
   }
  },
  {
   "type": "Feature",
   "id": 521,
   "properties": {
    "name": "鳳凰城",
    "name_modern": "凤凰城",
    "pinyin": "Fènghuángchéng",
    "name_ref": "鳳凰城",
    "yomi": "ほうおうじょう",
    "romaji": "Hōōjō",
    "lines": "滿鐵社線 安奉線",
    "osm_id": "3525595222",
    "fclass": "railway_station",
    "dist_to_line_m": 35,
    "match": "name",
    "notes": null
   },
   "geometry": {
    "type": "Point",
    "coordinates": [
     124.0522147,
     40.448566
    ]
   }
  },
  {
   "type": "Feature",
   "id": 522,
   "properties": {
    "name": "鷄冠山",
    "name_modern": "鸡冠山",
    "pinyin": "Jīguānshān",
    "name_ref": "鷄冠山",
    "yomi": "けいかんざん",
    "romaji": "Keikanzan",
    "lines": "滿鐵社線 安奉線",
    "osm_id": "1660818524",
    "fclass": "railway_station",
    "dist_to_line_m": 25,
    "match": "name",
    "notes": null
   },
   "geometry": {
    "type": "Point",
    "coordinates": [
     123.9191652,
     40.5174033
    ]
   }
  },
  {
   "type": "Feature",
   "id": 523,
   "properties": {
    "name": "安東",
    "name_modern": "丹东",
    "pinyin": "Dāndōng",
    "name_ref": "安東",
    "yomi": "あんとう",
    "romaji": "Antō",
    "lines": "滿鐵社線 安奉線; 國線 安南線",
    "osm_id": "582810252",
    "fclass": "railway_station",
    "dist_to_line_m": 95,
    "match": "alias",
    "notes": "安東 = 丹东站"
   },
   "geometry": {
    "type": "Point",
    "coordinates": [
     124.3817595,
     40.1228859
    ]
   }
  },
  {
   "type": "Feature",
   "id": 524,
   "properties": {
    "name": "宮原",
    "name_modern": "本溪",
    "pinyin": "Běnxī",
    "name_ref": "宮原",
    "yomi": "みやのはら",
    "romaji": "Miyanohara",
    "lines": "滿鐵社線 安奉線; 國線 溪城線",
    "osm_id": "3525580953",
    "fclass": "railway_station",
    "dist_to_line_m": 95,
    "match": "alias",
    "notes": "宮原 = 本溪站 (renamed 工原 1945, 本溪 1949)"
   },
   "geometry": {
    "type": "Point",
    "coordinates": [
     123.7532369,
     41.2931475
    ]
   }
  },
  {
   "type": "Feature",
   "id": 525,
   "properties": {
    "name": "園兒屯",
    "name_modern": "瓢儿屯",
    "pinyin": "Piáoértún",
    "name_ref": "瓢兒屯",
    "yomi": "ひょうじとん",
    "romaji": "Hyōjiton",
    "lines": "滿鐵社線 撫順線",
    "osm_id": "9174531416",
    "fclass": "railway_station",
    "dist_to_line_m": 19,
    "match": "alias",
    "notes": "printed 園兒屯; reference 瓢兒屯 = OSM 瓢儿屯 (misreading)"
   },
   "geometry": {
    "type": "Point",
    "coordinates": [
     123.7901849,
     41.8410903
    ]
   }
  },
  {
   "type": "Feature",
   "id": 526,
   "properties": {
    "name": "大官屯",
    "name_modern": "大官屯",
    "pinyin": "Dàguāntún",
    "name_ref": "大官屯",
    "yomi": "だいかんとん",
    "romaji": "Daikanton",
    "lines": "滿鐵社線 撫順線",
    "osm_id": "2662698295",
    "fclass": "railway_station",
    "dist_to_line_m": 0,
    "match": "name",
    "notes": null
   },
   "geometry": {
    "type": "Point",
    "coordinates": [
     123.864606,
     41.854615
    ]
   }
  },
  {
   "type": "Feature",
   "id": 527,
   "properties": {
    "name": "孤家子",
    "name_modern": "孤家子",
    "pinyin": "Gūjiāzi",
    "name_ref": "孤家子",
    "yomi": "こかし",
    "romaji": "Kokashi",
    "lines": "滿鐵社線 撫順線",
    "osm_id": "2349656758",
    "fclass": "railway_station",
    "dist_to_line_m": 47,
    "match": "name",
    "notes": null
   },
   "geometry": {
    "type": "Point",
    "coordinates": [
     123.4822958,
     41.7325499
    ]
   }
  },
  {
   "type": "Feature",
   "id": 528,
   "properties": {
    "name": "撫順",
    "name_modern": "抚顺",
    "pinyin": "Fǔshùn",
    "name_ref": "撫順",
    "yomi": "ぶじゅん",
    "romaji": "Bujun",
    "lines": "滿鐵社線 撫順線",
    "osm_id": "9174531414",
    "fclass": "railway_station",
    "dist_to_line_m": 40,
    "match": "name",
    "notes": null
   },
   "geometry": {
    "type": "Point",
    "coordinates": [
     123.9119192,
     41.8872506
    ]
   }
  },
  {
   "type": "Feature",
   "id": 529,
   "properties": {
    "name": "榆樹臺",
    "name_modern": "榆树台",
    "pinyin": "Yúshùtái",
    "name_ref": "楡樹臺",
    "yomi": "ゆじゅだい",
    "romaji": "Yujudai",
    "lines": "滿鐵社線 撫順線",
    "osm_id": "9174541217",
    "fclass": "railway_station",
    "dist_to_line_m": 19,
    "match": "name",
    "notes": null
   },
   "geometry": {
    "type": "Point",
    "coordinates": [
     123.4176957,
     41.7151755
    ]
   }
  },
  {
   "type": "Feature",
   "id": 530,
   "properties": {
    "name": "深井子",
    "name_modern": "深井子",
    "pinyin": "Shēnjǐngzi",
    "name_ref": "深井子",
    "yomi": "しんせいし",
    "romaji": "Shinseishi",
    "lines": "滿鐵社線 撫順線",
    "osm_id": "2349656769",
    "fclass": "railway_station",
    "dist_to_line_m": 7,
    "match": "name",
    "notes": null
   },
   "geometry": {
    "type": "Point",
    "coordinates": [
     123.6463225,
     41.7836339
    ]
   }
  },
  {
   "type": "Feature",
   "id": 531,
   "properties": {
    "name": "旅順",
    "name_modern": "旅顺",
    "pinyin": "Lǚshùn",
    "name_ref": "旅順",
    "yomi": "りょじゅん",
    "romaji": "Ryojun",
    "lines": "滿鐵社線 旅順線",
    "osm_id": "2349477556",
    "fclass": "railway_station",
    "dist_to_line_m": 14,
    "match": "name",
    "notes": null
   },
   "geometry": {
    "type": "Point",
    "coordinates": [
     121.2472073,
     38.8069379
    ]
   }
  },
  {
   "type": "Feature",
   "id": 532,
   "properties": {
    "name": "營城子",
    "name_modern": "营城子",
    "pinyin": "Yíngchéngzi",
    "name_ref": "營城子",
    "yomi": "えいじょうし",
    "romaji": "Eijōshi",
    "lines": "滿鐵社線 旅順線",
    "osm_id": "582813068",
    "fclass": "railway_station",
    "dist_to_line_m": 22,
    "match": "name",
    "notes": null
   },
   "geometry": {
    "type": "Point",
    "coordinates": [
     121.3825654,
     38.983237
    ]
   }
  },
  {
   "type": "Feature",
   "id": 533,
   "properties": {
    "name": "牧城子",
    "name_modern": "前牧",
    "pinyin": "Qiánmù",
    "name_ref": "牧城子",
    "yomi": "ぼくじょうし",
    "romaji": "Bokujōshi",
    "lines": "滿鐵社線 旅順線",
    "osm_id": "8670894299",
    "fclass": "railway_station",
    "dist_to_line_m": 1733,
    "match": "alias",
    "notes": "牧城子 = 前牧站 (前牧城驛) at the reference km; rename not documented"
   },
   "geometry": {
    "type": "Point",
    "coordinates": [
     121.4323564,
     38.9849249
    ]
   }
  },
  {
   "type": "Feature",
   "id": 534,
   "properties": {
    "name": "長嶺子",
    "name_modern": "长岭子",
    "pinyin": "Zhǎnglǐngzi",
    "name_ref": "長嶺子",
    "yomi": "ちょうれいし",
    "romaji": "Chōreishi",
    "lines": "滿鐵社線 旅順線",
    "osm_id": "2349477555",
    "fclass": "railway_station",
    "dist_to_line_m": 30,
    "match": "name",
    "notes": null
   },
   "geometry": {
    "type": "Point",
    "coordinates": [
     121.3155265,
     38.9363156
    ]
   }
  },
  {
   "type": "Feature",
   "id": 535,
   "properties": {
    "name": "革鎭堡",
    "name_modern": "革镇堡",
    "pinyin": "Gézhènbǎo",
    "name_ref": "革鎭堡",
    "yomi": "かくちんぽ",
    "romaji": "Kakuchinpo",
    "lines": "滿鐵社線 旅順線",
    "osm_id": "6898666809",
    "fclass": "railway_station",
    "dist_to_line_m": 666,
    "match": "name",
    "notes": "OSM point 0.7 km from traced line"
   },
   "geometry": {
    "type": "Point",
    "coordinates": [
     121.5248685,
     39.007121
    ]
   }
  },
  {
   "type": "Feature",
   "id": 536,
   "properties": {
    "name": "營口",
    "name_modern": "营口",
    "pinyin": "Yíngkǒu",
    "name_ref": "營口",
    "yomi": "えいこう",
    "romaji": "Eikō",
    "lines": "滿鐵社線 營口線",
    "osm_id": "2349495354",
    "fclass": "railway_station",
    "dist_to_line_m": 35,
    "match": "name",
    "notes": null
   },
   "geometry": {
    "type": "Point",
    "coordinates": [
     122.25985,
     40.684078
    ]
   }
  },
  {
   "type": "Feature",
   "id": 537,
   "properties": {
    "name": "老邊",
    "name_modern": "老边",
    "pinyin": "Lǎobiān",
    "name_ref": "老邊",
    "yomi": "ろうへん",
    "romaji": "Rōhen",
    "lines": "滿鐵社線 營口線",
    "osm_id": "2349495350",
    "fclass": "railway_station",
    "dist_to_line_m": 67,
    "match": "name",
    "notes": null
   },
   "geometry": {
    "type": "Point",
    "coordinates": [
     122.3631959,
     40.6732981
    ]
   }
  },
  {
   "type": "Feature",
   "id": 538,
   "properties": {
    "name": "三十里堡",
    "name_modern": "三十里堡",
    "pinyin": "Sānshílǐpù",
    "name_ref": "三十里堡",
    "yomi": "さんじゅうりほう",
    "romaji": "Sanjūrihō",
    "lines": "滿鐵社線 連京線",
    "osm_id": "1658989381",
    "fclass": "railway_station",
    "dist_to_line_m": 33,
    "match": "name",
    "notes": null
   },
   "geometry": {
    "type": "Point",
    "coordinates": [
     121.7927137,
     39.2649587
    ]
   }
  },
  {
   "type": "Feature",
   "id": 539,
   "properties": {
    "name": "中固",
    "name_modern": "中固",
    "pinyin": "Zhōnggù",
    "name_ref": "中固",
    "yomi": "ちゅうこ",
    "romaji": "Chūko",
    "lines": "滿鐵社線 連京線",
    "osm_id": "8434476651",
    "fclass": "railway_station",
    "dist_to_line_m": 119,
    "match": "name",
    "notes": null
   },
   "geometry": {
    "type": "Point",
    "coordinates": [
     123.9899692,
     42.4306354
    ]
   }
  },
  {
   "type": "Feature",
   "id": 540,
   "properties": {
    "name": "九寨",
    "name_modern": "九寨",
    "pinyin": "Jiǔzhài",
    "name_ref": "九寨",
    "yomi": "きゅうさい",
    "romaji": "Kyūsai",
    "lines": "滿鐵社線 連京線",
    "osm_id": "9178344021",
    "fclass": "railway_station",
    "dist_to_line_m": 0,
    "match": "name",
    "notes": null
   },
   "geometry": {
    "type": "Point",
    "coordinates": [
     122.10388,
     40.0959327
    ]
   }
  },
  {
   "type": "Feature",
   "id": 541,
   "properties": {
    "name": "亂石山",
    "name_modern": "乱石山",
    "pinyin": "Luànshíshān",
    "name_ref": "亂石山",
    "yomi": "らんせきざん",
    "romaji": "Ransekizan",
    "lines": "滿鐵社線 連京線",
    "osm_id": "1656306624",
    "fclass": "railway_station",
    "dist_to_line_m": 6,
    "match": "name",
    "notes": null
   },
   "geometry": {
    "type": "Point",
    "coordinates": [
     123.67439,
     42.17029
    ]
   }
  },
  {
   "type": "Feature",
   "id": 542,
   "properties": {
    "name": "二十里臺",
    "name_modern": "二十里台",
    "pinyin": "Èrshílǐtái",
    "name_ref": "二十里臺",
    "yomi": "にじゅうりだい",
    "romaji": "Nijūridai",
    "lines": "滿鐵社線 連京線",
    "osm_id": "8756066329",
    "fclass": "railway_station",
    "dist_to_line_m": 0,
    "match": "name",
    "notes": null
   },
   "geometry": {
    "type": "Point",
    "coordinates": [
     121.7528596,
     39.1951194
    ]
   }
  },
  {
   "type": "Feature",
   "id": 543,
   "properties": {
    "name": "他山",
    "name_modern": "他山",
    "pinyin": "Tāshān",
    "name_ref": "他山",
    "yomi": "たざん",
    "romaji": "Tazan",
    "lines": "滿鐵社線 連京線",
    "osm_id": "9178344025",
    "fclass": "railway_station",
    "dist_to_line_m": 28,
    "match": "name",
    "notes": null
   },
   "geometry": {
    "type": "Point",
    "coordinates": [
     122.6112628,
     40.7561607
    ]
   }
  },
  {
   "type": "Feature",
   "id": 544,
   "properties": {
    "name": "公主嶺",
    "name_modern": "公主岭",
    "pinyin": "Gōngzhǔlǐng",
    "name_ref": "公主嶺",
    "yomi": "こうしゅれい",
    "romaji": "Kōshurei",
    "lines": "滿鐵社線 連京線",
    "osm_id": "5413859423",
    "fclass": "railway_station",
    "dist_to_line_m": 31,
    "match": "name",
    "notes": null
   },
   "geometry": {
    "type": "Point",
    "coordinates": [
     124.805036,
     43.5069841
    ]
   }
  },
  {
   "type": "Feature",
   "id": 545,
   "properties": {
    "name": "分水",
    "name_modern": "分水",
    "pinyin": "Fēnshuǐ",
    "name_ref": "分水",
    "yomi": "ぶんすい",
    "romaji": "Bunsui",
    "lines": "滿鐵社線 連京線",
    "osm_id": "9178344024",
    "fclass": "railway_station",
    "dist_to_line_m": 22,
    "match": "name",
    "notes": null
   },
   "geometry": {
    "type": "Point",
    "coordinates": [
     122.5543731,
     40.6953915
    ]
   }
  },
  {
   "type": "Feature",
   "id": 546,
   "properties": {
    "name": "十家堡",
    "name_modern": "十家堡",
    "pinyin": "Shíjiābǎo",
    "name_ref": "十家堡",
    "yomi": "じっかほう",
    "romaji": "Jikkahō",
    "lines": "滿鐵社線 連京線",
    "osm_id": "8434915583",
    "fclass": "railway_station",
    "dist_to_line_m": 28,
    "match": "name",
    "notes": null
   },
   "geometry": {
    "type": "Point",
    "coordinates": [
     124.4953461,
     43.2618744
    ]
   }
  },
  {
   "type": "Feature",
   "id": 547,
   "properties": {
    "name": "千山",
    "name_modern": "旧堡",
    "pinyin": "Jiùbǎo",
    "name_ref": "千山",
    "yomi": "せんざん",
    "romaji": "Senzan",
    "lines": "滿鐵社線 連京線",
    "osm_id": "9178344027",
    "fclass": "railway_station",
    "dist_to_line_m": 35,
    "match": "alias",
    "notes": "千山 (ex‑鞍山驛, 千山驛 from 1918) = 旧堡站 (wiki)"
   },
   "geometry": {
    "type": "Point",
    "coordinates": [
     122.9524344,
     41.0719014
    ]
   }
  },
  {
   "type": "Feature",
   "id": 548,
   "properties": {
    "name": "南臺",
    "name_modern": "南台",
    "pinyin": "Nántái",
    "name_ref": "南臺",
    "yomi": "なんだい",
    "romaji": "Nandai",
    "lines": "滿鐵社線 連京線",
    "osm_id": "2349464753",
    "fclass": "railway_station",
    "dist_to_line_m": 23,
    "match": "name",
    "notes": null
   },
   "geometry": {
    "type": "Point",
    "coordinates": [
     122.808001,
     40.9222557
    ]
   }
  },
  {
   "type": "Feature",
   "id": 549,
   "properties": {
    "name": "南關嶺",
    "name_modern": "南关岭",
    "pinyin": "Nánguānlǐng",
    "name_ref": "南關嶺",
    "yomi": "なんかんれい",
    "romaji": "Nankanrei",
    "lines": "滿鐵社線 連京線",
    "osm_id": "1659133906",
    "fclass": "railway_station",
    "dist_to_line_m": 76,
    "match": "name",
    "notes": null
   },
   "geometry": {
    "type": "Point",
    "coordinates": [
     121.581963,
     39.006386
    ]
   }
  },
  {
   "type": "Feature",
   "id": 550,
   "properties": {
    "name": "大屯",
    "name_modern": "大屯",
    "pinyin": "Dàtún",
    "name_ref": "大屯",
    "yomi": "だいとん",
    "romaji": "Daiton",
    "lines": "滿鐵社線 連京線",
    "osm_id": "8436995007",
    "fclass": "railway_station",
    "dist_to_line_m": 85,
    "match": "name",
    "notes": null
   },
   "geometry": {
    "type": "Point",
    "coordinates": [
     125.1559544,
     43.7765261
    ]
   }
  },
  {
   "type": "Feature",
   "id": 551,
   "properties": {
    "name": "大榆樹",
    "name_modern": "大榆树",
    "pinyin": "Dàyúshù",
    "name_ref": "大楡樹",
    "yomi": "だいゆじゅ",
    "romaji": "Daiyuju",
    "lines": "滿鐵社線 連京線",
    "osm_id": "9507383341",
    "fclass": "railway_station",
    "dist_to_line_m": 2,
    "match": "name",
    "notes": null
   },
   "geometry": {
    "type": "Point",
    "coordinates": [
     124.7347969,
     43.4599479
    ]
   }
  },
  {
   "type": "Feature",
   "id": 552,
   "properties": {
    "name": "孟家屯",
    "name_modern": "孟家屯",
    "pinyin": "Mèngjiātún",
    "name_ref": "孟家屯",
    "yomi": "もうかとん",
    "romaji": "Mōkaton",
    "lines": "滿鐵社線 連京線",
    "osm_id": "6521283146",
    "fclass": "railway_station",
    "dist_to_line_m": 182,
    "match": "name",
    "notes": "孟家屯 (later 长春南站?) – OSM also has 长春南 c. 0.2 km away"
   },
   "geometry": {
    "type": "Point",
    "coordinates": [
     125.2558203,
     43.8488348
    ]
   }
  },
  {
   "type": "Feature",
   "id": 553,
   "properties": {
    "name": "平頂堡",
    "name_modern": "平顶堡",
    "pinyin": "Píngdǐngbǎo",
    "name_ref": "平頂堡",
    "yomi": "へいちょうほう",
    "romaji": "Heichōhō",
    "lines": "滿鐵社線 連京線",
    "osm_id": "8434476652",
    "fclass": "railway_station",
    "dist_to_line_m": 5,
    "match": "name",
    "notes": null
   },
   "geometry": {
    "type": "Point",
    "coordinates": [
     123.915098,
     42.3634016
    ]
   }
  },
  {
   "type": "Feature",
   "id": 554,
   "properties": {
    "name": "張臺子",
    "name_modern": "张台子",
    "pinyin": "Zhāngtáizi",
    "name_ref": "張臺子",
    "yomi": "ちょうだいし",
    "romaji": "Chōdaishi",
    "lines": "滿鐵社線 連京線",
    "osm_id": "9178344029",
    "fclass": "railway_station",
    "dist_to_line_m": 29,
    "match": "name",
    "notes": null
   },
   "geometry": {
    "type": "Point",
    "coordinates": [
     123.2668966,
     41.352056
    ]
   }
  },
  {
   "type": "Feature",
   "id": 555,
   "properties": {
    "name": "得利寺",
    "name_modern": "得利寺",
    "pinyin": "Délìsì",
    "name_ref": "得利寺",
    "yomi": "とくりじ",
    "romaji": "Tokuriji",
    "lines": "滿鐵社線 連京線",
    "osm_id": "9178344019",
    "fclass": "railway_station",
    "dist_to_line_m": 2,
    "match": "name",
    "notes": null
   },
   "geometry": {
    "type": "Point",
    "coordinates": [
     122.0601681,
     39.7823057
    ]
   }
  },
  {
   "type": "Feature",
   "id": 556,
   "properties": {
    "name": "得勝臺",
    "name_modern": "得胜台",
    "pinyin": "Déshèngtái",
    "name_ref": "得勝臺",
    "yomi": "とくしょうだい",
    "romaji": "Tokushōdai",
    "lines": "滿鐵社線 連京線",
    "osm_id": "1656306622",
    "fclass": "railway_station",
    "dist_to_line_m": 44,
    "match": "name",
    "notes": null
   },
   "geometry": {
    "type": "Point",
    "coordinates": [
     123.75193,
     42.23492
    ]
   }
  },
  {
   "type": "Feature",
   "id": 557,
   "properties": {
    "name": "文官屯",
    "name_modern": "文官屯",
    "pinyin": "Wénguāntún",
    "name_ref": "文官屯",
    "yomi": "ぶんかんとん",
    "romaji": "Bunkanton",
    "lines": "滿鐵社線 連京線",
    "osm_id": "8434476658",
    "fclass": "railway_station",
    "dist_to_line_m": 12,
    "match": "name",
    "notes": null
   },
   "geometry": {
    "type": "Point",
    "coordinates": [
     123.471061,
     41.8786961
    ]
   }
  },
  {
   "type": "Feature",
   "id": 558,
   "properties": {
    "name": "新城子",
    "name_modern": "新城子",
    "pinyin": "Xīnchéngzi",
    "name_ref": "新城子",
    "yomi": "しんじょうし",
    "romaji": "Shinjōshi",
    "lines": "滿鐵社線 連京線",
    "osm_id": "2348271090",
    "fclass": "railway_station",
    "dist_to_line_m": 90,
    "match": "name",
    "notes": null
   },
   "geometry": {
    "type": "Point",
    "coordinates": [
     123.507256,
     42.051671
    ]
   }
  },
  {
   "type": "Feature",
   "id": 559,
   "properties": {
    "name": "新臺子",
    "name_modern": "新台子",
    "pinyin": "Xīntáizi",
    "name_ref": "新臺子",
    "yomi": "しんだいし",
    "romaji": "Shindaishi",
    "lines": "滿鐵社線 連京線",
    "osm_id": "1656306628",
    "fclass": "railway_station",
    "dist_to_line_m": 40,
    "match": "name",
    "notes": null
   },
   "geometry": {
    "type": "Point",
    "coordinates": [
     123.604301,
     42.126487
    ]
   }
  },
  {
   "type": "Feature",
   "id": 560,
   "properties": {
    "name": "昌圖",
    "name_modern": "昌图",
    "pinyin": "Chāngtú",
    "name_ref": "昌圖",
    "yomi": "しょうと",
    "romaji": "Shōto",
    "lines": "滿鐵社線 連京線",
    "osm_id": "2348271083",
    "fclass": "railway_station",
    "dist_to_line_m": 31,
    "match": "name",
    "notes": null
   },
   "geometry": {
    "type": "Point",
    "coordinates": [
     124.1111745,
     42.7765285
    ]
   }
  },
  {
   "type": "Feature",
   "id": 561,
   "properties": {
    "name": "普蘭店",
    "name_modern": "普兰店",
    "pinyin": "Pǔlándiàn",
    "name_ref": "普蘭店",
    "yomi": "ふらんてん",
    "romaji": "Furanten",
    "lines": "滿鐵社線 連京線",
    "osm_id": "12330990405",
    "fclass": "railway_station",
    "dist_to_line_m": 62,
    "match": "name",
    "notes": null
   },
   "geometry": {
    "type": "Point",
    "coordinates": [
     121.9554261,
     39.4004261
    ]
   }
  },
  {
   "type": "Feature",
   "id": 562,
   "properties": {
    "name": "松樹",
    "name_modern": "松树",
    "pinyin": "Sōngshù",
    "name_ref": "松樹",
    "yomi": "しょうじゅ",
    "romaji": "Shōju",
    "lines": "滿鐵社線 連京線",
    "osm_id": "1660110952",
    "fclass": "railway_station",
    "dist_to_line_m": 37,
    "match": "name",
    "notes": null
   },
   "geometry": {
    "type": "Point",
    "coordinates": [
     122.09265,
     39.82467
    ]
   }
  },
  {
   "type": "Feature",
   "id": 563,
   "properties": {
    "name": "沙崗",
    "name_modern": "沙岗",
    "pinyin": "Shāgǎng",
    "name_ref": "沙崗",
    "yomi": "さこう",
    "romaji": "Sakō",
    "lines": "滿鐵社線 連京線",
    "osm_id": "9166915292",
    "fclass": "railway_station",
    "dist_to_line_m": 10,
    "match": "name",
    "notes": null
   },
   "geometry": {
    "type": "Point",
    "coordinates": [
     122.2464663,
     40.337827
    ]
   }
  },
  {
   "type": "Feature",
   "id": 564,
   "properties": {
    "name": "沙河",
    "name_modern": "林盛堡",
    "pinyin": "Línshèngbǎo",
    "name_ref": "沙河",
    "yomi": "さか",
    "romaji": "Saka",
    "lines": "滿鐵社線 連京線",
    "osm_id": "9178344031",
    "fclass": "railway_station",
    "dist_to_line_m": 19,
    "match": "alias",
    "notes": "沙河 = 林盛堡站 (renamed; wiki)"
   },
   "geometry": {
    "type": "Point",
    "coordinates": [
     123.3571342,
     41.5762675
    ]
   }
  },
  {
   "type": "Feature",
   "id": 565,
   "properties": {
    "name": "海城",
    "name_modern": "海城",
    "pinyin": "Hǎichéng",
    "name_ref": "海城",
    "yomi": "かいじょう",
    "romaji": "Kaijō",
    "lines": "滿鐵社線 連京線",
    "osm_id": "2162861444",
    "fclass": "railway_station",
    "dist_to_line_m": 77,
    "match": "name",
    "notes": null
   },
   "geometry": {
    "type": "Point",
    "coordinates": [
     122.7372002,
     40.8615169
    ]
   }
  },
  {
   "type": "Feature",
   "id": 566,
   "properties": {
    "name": "湯崗子",
    "name_modern": "汤岗子",
    "pinyin": "Tānggǎngzi",
    "name_ref": "湯崗子",
    "yomi": "とうこうし",
    "romaji": "Tōkōshi",
    "lines": "滿鐵社線 連京線",
    "osm_id": "9178344026",
    "fclass": "railway_station",
    "dist_to_line_m": 33,
    "match": "name",
    "notes": null
   },
   "geometry": {
    "type": "Point",
    "coordinates": [
     122.8940749,
     41.0030265
    ]
   }
  },
  {
   "type": "Feature",
   "id": 567,
   "properties": {
    "name": "熊岳城",
    "name_modern": "熊岳城",
    "pinyin": "Xióngyuèchéng",
    "name_ref": "熊岳城",
    "yomi": "ゆうがくじょう",
    "romaji": "Yūgakujō",
    "lines": "滿鐵社線 連京線",
    "osm_id": "9178344022",
    "fclass": "railway_station",
    "dist_to_line_m": 26,
    "match": "name",
    "notes": null
   },
   "geometry": {
    "type": "Point",
    "coordinates": [
     122.1426487,
     40.1797463
    ]
   }
  },
  {
   "type": "Feature",
   "id": 568,
   "properties": {
    "name": "王家",
    "name_modern": "王家",
    "pinyin": "Wángjiā",
    "name_ref": "王家",
    "yomi": "おうか",
    "romaji": "Ōka",
    "lines": "滿鐵社線 連京線",
    "osm_id": "9178344018",
    "fclass": "railway_station",
    "dist_to_line_m": 1,
    "match": "name",
    "notes": null
   },
   "geometry": {
    "type": "Point",
    "coordinates": [
     122.0207852,
     39.6905076
    ]
   }
  },
  {
   "type": "Feature",
   "id": 569,
   "properties": {
    "name": "瓦房店",
    "name_modern": "瓦房店",
    "pinyin": "Wǎfángdiàn",
    "name_ref": "瓦房店",
    "yomi": "がぼうてん",
    "romaji": "Gabōten",
    "lines": "滿鐵社線 連京線",
    "osm_id": "1660110953",
    "fclass": "railway_station",
    "dist_to_line_m": 68,
    "match": "name",
    "notes": null
   },
   "geometry": {
    "type": "Point",
    "coordinates": [
     122.00313,
     39.623735
    ]
   }
  },
  {
   "type": "Feature",
   "id": 570,
   "properties": {
    "name": "田家",
    "name_modern": "田家",
    "pinyin": "Tiánjiā",
    "name_ref": "田家",
    "yomi": "でんか",
    "romaji": "Denka",
    "lines": "滿鐵社線 連京線",
    "osm_id": "9166853488",
    "fclass": "railway_station",
    "dist_to_line_m": 19,
    "match": "name",
    "notes": null
   },
   "geometry": {
    "type": "Point",
    "coordinates": [
     121.9986275,
     39.5336205
    ]
   }
  },
  {
   "type": "Feature",
   "id": 571,
   "properties": {
    "name": "石河",
    "name_modern": "石河",
    "pinyin": "Shíhé",
    "name_ref": "石河",
    "yomi": "せっか",
    "romaji": "Sekka",
    "lines": "滿鐵社線 連京線",
    "osm_id": "8756070733",
    "fclass": "railway_station",
    "dist_to_line_m": 33,
    "match": "name",
    "notes": null
   },
   "geometry": {
    "type": "Point",
    "coordinates": [
     121.8558262,
     39.3411611
    ]
   }
  },
  {
   "type": "Feature",
   "id": 572,
   "properties": {
    "name": "范家屯",
    "name_modern": "范家屯",
    "pinyin": "Fànjiātún",
    "name_ref": "范家屯",
    "yomi": "はんかとん",
    "romaji": "Hankaton",
    "lines": "滿鐵社線 連京線",
    "osm_id": "8436995008",
    "fclass": "railway_station",
    "dist_to_line_m": 32,
    "match": "name",
    "notes": null
   },
   "geometry": {
    "type": "Point",
    "coordinates": [
     125.0673777,
     43.7109206
    ]
   }
  },
  {
   "type": "Feature",
   "id": 573,
   "properties": {
    "name": "萬家嶺",
    "name_modern": "万家岭",
    "pinyin": "Wànjiālǐng",
    "name_ref": "萬家嶺",
    "yomi": "まんかれい",
    "romaji": "Mankarei",
    "lines": "滿鐵社線 連京線",
    "osm_id": "9178344020",
    "fclass": "railway_station",
    "dist_to_line_m": 25,
    "match": "name",
    "notes": null
   },
   "geometry": {
    "type": "Point",
    "coordinates": [
     122.156167,
     39.9411559
    ]
   }
  },
  {
   "type": "Feature",
   "id": 574,
   "properties": {
    "name": "蓋平",
    "name_modern": "盖州",
    "pinyin": "Gàizhōu",
    "name_ref": "蓋平",
    "yomi": "がいへい",
    "romaji": "Gaihei",
    "lines": "滿鐵社線 連京線",
    "osm_id": "9178344023",
    "fclass": "railway_station",
    "dist_to_line_m": 27,
    "match": "alias",
    "notes": "蓋平 = 盖州站"
   },
   "geometry": {
    "type": "Point",
    "coordinates": [
     122.3284131,
     40.4176743
    ]
   }
  },
  {
   "type": "Feature",
   "id": 575,
   "properties": {
    "name": "蔡家",
    "name_modern": "蔡家",
    "pinyin": "Càijiā",
    "name_ref": "蔡家",
    "yomi": "さいか",
    "romaji": "Saika",
    "lines": "滿鐵社線 連京線",
    "osm_id": "8434915582",
    "fclass": "railway_station",
    "dist_to_line_m": 13,
    "match": "name",
    "notes": null
   },
   "geometry": {
    "type": "Point",
    "coordinates": [
     124.660331,
     43.4069727
    ]
   }
  },
  {
   "type": "Feature",
   "id": 576,
   "properties": {
    "name": "蘆家屯",
    "name_modern": "芦家屯",
    "pinyin": "Lújiātún",
    "name_ref": "蘆家屯",
    "yomi": "ろかとん",
    "romaji": "Rokaton",
    "lines": "滿鐵社線 連京線",
    "osm_id": "4391464338",
    "fclass": "railway_station",
    "dist_to_line_m": 37,
    "match": "name",
    "notes": null
   },
   "geometry": {
    "type": "Point",
    "coordinates": [
     122.1913931,
     40.2607224
    ]
   }
  },
  {
   "type": "Feature",
   "id": 577,
   "properties": {
    "name": "虎石臺",
    "name_modern": "虎石台",
    "pinyin": "Hǔshítái",
    "name_ref": "虎石臺",
    "yomi": "こせきだい",
    "romaji": "Kosekidai",
    "lines": "滿鐵社線 連京線",
    "osm_id": "1582670414",
    "fclass": "railway_station",
    "dist_to_line_m": 10,
    "match": "name",
    "notes": null
   },
   "geometry": {
    "type": "Point",
    "coordinates": [
     123.5020458,
     41.9440401
    ]
   }
  },
  {
   "type": "Feature",
   "id": 578,
   "properties": {
    "name": "許家屯",
    "name_modern": "许家屯",
    "pinyin": "Xǔjiātún",
    "name_ref": "許家屯",
    "yomi": "きょかとん",
    "romaji": "Kyokaton",
    "lines": "滿鐵社線 連京線",
    "osm_id": "1660110954",
    "fclass": "railway_station",
    "dist_to_line_m": 2,
    "match": "name",
    "notes": null
   },
   "geometry": {
    "type": "Point",
    "coordinates": [
     122.0764047,
     40.0387682
    ]
   }
  },
  {
   "type": "Feature",
   "id": 579,
   "properties": {
    "name": "遼陽",
    "name_modern": "辽阳",
    "pinyin": "Liáoyáng",
    "name_ref": "遼陽",
    "yomi": "りょうよう",
    "romaji": "Ryōyō",
    "lines": "滿鐵社線 連京線",
    "osm_id": "1609370268",
    "fclass": "railway_station",
    "dist_to_line_m": 34,
    "match": "name",
    "notes": null
   },
   "geometry": {
    "type": "Point",
    "coordinates": [
     123.1630969,
     41.2795739
    ]
   }
  },
  {
   "type": "Feature",
   "id": 580,
   "properties": {
    "name": "郭家店",
    "name_modern": "郭家店",
    "pinyin": "Guōjiādiàn",
    "name_ref": "郭家店",
    "yomi": "かっかてん",
    "romaji": "Kakkaten",
    "lines": "滿鐵社線 連京線",
    "osm_id": "2348271085",
    "fclass": "railway_station",
    "dist_to_line_m": 56,
    "match": "name",
    "notes": null
   },
   "geometry": {
    "type": "Point",
    "coordinates": [
     124.5717938,
     43.3398077
    ]
   }
  },
  {
   "type": "Feature",
   "id": 581,
   "properties": {
    "name": "鐵嶺",
    "name_modern": "铁岭",
    "pinyin": "Tiělǐng",
    "name_ref": "鐵嶺",
    "yomi": "てつれい",
    "romaji": "Tetsurei",
    "lines": "滿鐵社線 連京線",
    "osm_id": "8434476657",
    "fclass": "railway_station",
    "dist_to_line_m": 128,
    "match": "name",
    "notes": null
   },
   "geometry": {
    "type": "Point",
    "coordinates": [
     123.8309893,
     42.2911635
    ]
   }
  },
  {
   "type": "Feature",
   "id": 582,
   "properties": {
    "name": "陶家屯",
    "name_modern": "陶家屯",
    "pinyin": "Táojiātún",
    "name_ref": "陶家屯",
    "yomi": "とうかとん",
    "romaji": "Tōkaton",
    "lines": "滿鐵社線 連京線",
    "osm_id": "8436995009",
    "fclass": "railway_station",
    "dist_to_line_m": 15,
    "match": "name",
    "notes": null
   },
   "geometry": {
    "type": "Point",
    "coordinates": [
     124.9829471,
     43.6439249
    ]
   }
  },
  {
   "type": "Feature",
   "id": 583,
   "properties": {
    "name": "雙廟子",
    "name_modern": "双庙子",
    "pinyin": "Shuāngmiàozi",
    "name_ref": "雙廟子",
    "yomi": "そうびょうし",
    "romaji": "Sōbyōshi",
    "lines": "滿鐵社線 連京線",
    "osm_id": "8434476649",
    "fclass": "railway_station",
    "dist_to_line_m": 25,
    "match": "name",
    "notes": null
   },
   "geometry": {
    "type": "Point",
    "coordinates": [
     124.2072523,
     42.951236
    ]
   }
  },
  {
   "type": "Feature",
   "id": 584,
   "properties": {
    "name": "鞍山",
    "name_modern": "鞍山",
    "pinyin": "Ānshān",
    "name_ref": "鞍山",
    "yomi": "あんざん",
    "romaji": "Anzan",
    "lines": "滿鐵社線 連京線",
    "osm_id": "2662698022",
    "fclass": "railway_station",
    "dist_to_line_m": 70,
    "match": "name",
    "notes": null
   },
   "geometry": {
    "type": "Point",
    "coordinates": [
     122.9804603,
     41.1108084
    ]
   }
  },
  {
   "type": "Feature",
   "id": 585,
   "properties": {
    "name": "首山",
    "name_modern": "首山",
    "pinyin": "Shǒushān",
    "name_ref": "首山",
    "yomi": "しゅざん",
    "romaji": "Shuzan",
    "lines": "滿鐵社線 連京線",
    "osm_id": "635061854",
    "fclass": "railway_station",
    "dist_to_line_m": 6,
    "match": "name",
    "notes": null
   },
   "geometry": {
    "type": "Point",
    "coordinates": [
     123.0666336,
     41.2192756
    ]
   }
  },
  {
   "type": "Feature",
   "id": 586,
   "properties": {
    "name": "馬仲河",
    "name_modern": "马仲河",
    "pinyin": "Mǎzhònghé",
    "name_ref": "馬仲河",
    "yomi": "ばちゅうが",
    "romaji": "Bachūga",
    "lines": "滿鐵社線 連京線",
    "osm_id": "8434476650",
    "fclass": "railway_station",
    "dist_to_line_m": 31,
    "match": "name",
    "notes": null
   },
   "geometry": {
    "type": "Point",
    "coordinates": [
     124.0244704,
     42.7111099
    ]
   }
  },
  {
   "type": "Feature",
   "id": 587,
   "properties": {
    "name": "開原",
    "name_modern": "开原",
    "pinyin": "Kāiyuán",
    "name_ref": "開原",
    "yomi": "かいげん",
    "romaji": "Kaigen",
    "lines": "滿鐵社線 連京線; 其他 開豐鐵道線",
    "osm_id": "2348271086",
    "fclass": "railway_station",
    "dist_to_line_m": 95,
    "match": "name",
    "notes": null
   },
   "geometry": {
    "type": "Point",
    "coordinates": [
     124.0257097,
     42.5442139
    ]
   }
  },
  {
   "type": "Feature",
   "id": 588,
   "properties": {
    "name": "德惠",
    "name_modern": "德惠",
    "pinyin": "Déhuì",
    "name_ref": "德惠",
    "yomi": "とっけい",
    "romaji": "Tokkei",
    "lines": "滿鐵社線 連京線; 國線 京濱線",
    "osm_id": "8436995005",
    "fclass": "railway_station",
    "dist_to_line_m": 24,
    "match": "name",
    "notes": null
   },
   "geometry": {
    "type": "Point",
    "coordinates": [
     125.7102844,
     44.5312397
    ]
   }
  },
  {
   "type": "Feature",
   "id": 589,
   "properties": {
    "name": "雙城堡",
    "name_modern": "双城堡",
    "pinyin": "Shuāngchéngbǎo",
    "name_ref": "雙城堡",
    "yomi": "そうじょうほう",
    "romaji": "Sōjōhō",
    "lines": "滿鐵社線 連京線; 國線 京濱線",
    "osm_id": "8424837468",
    "fclass": "railway_station",
    "dist_to_line_m": 28,
    "match": "name",
    "notes": null
   },
   "geometry": {
    "type": "Point",
    "coordinates": [
     126.2864571,
     45.3942292
    ]
   }
  },
  {
   "type": "Feature",
   "id": 590,
   "properties": {
    "name": "三棵樹",
    "name_modern": "哈尔滨东",
    "pinyin": "Hāěrbīndōng",
    "name_ref": "三棵樹",
    "yomi": "さんかじゅ",
    "romaji": "Sankaju",
    "lines": "滿鐵社線 連京線; 國線 北黑線; 國線 拉濱線; 國線 濱洲線; 國線 濱綏線; 國線 濱北線",
    "osm_id": "678564923",
    "fclass": "railway_station",
    "dist_to_line_m": 8,
    "match": "alias",
    "notes": "三棵樹 = 哈尔滨东站"
   },
   "geometry": {
    "type": "Point",
    "coordinates": [
     126.7056057,
     45.7865776
    ]
   }
  },
  {
   "type": "Feature",
   "id": 591,
   "properties": {
    "name": "哈爾濱",
    "name_modern": "哈尔滨",
    "pinyin": "Hāěrbīn",
    "name_ref": "哈爾濱",
    "yomi": "はるぴん",
    "romaji": "Harupin",
    "lines": "滿鐵社線 連京線; 國線 北黑線; 國線 濱北線; 國線 京濱線; 國線 濱洲線; 國線 綏佳線; 國線 濱綏線",
    "osm_id": "334358067",
    "fclass": "railway_station",
    "dist_to_line_m": 29,
    "match": "name",
    "notes": null
   },
   "geometry": {
    "type": "Point",
    "coordinates": [
     126.6254465,
     45.7600422
    ]
   }
  },
  {
   "type": "Feature",
   "id": 592,
   "properties": {
    "name": "濱江",
    "name_modern": "滨江",
    "pinyin": "Bīnjiāng",
    "name_ref": "濱江",
    "yomi": "ひんこう",
    "romaji": "Hinkō",
    "lines": "滿鐵社線 連京線; 國線 濱北線; 國線 濱洲線; 國線 濱綏線",
    "osm_id": "2333085938",
    "fclass": "railway_station",
    "dist_to_line_m": 35,
    "match": "name",
    "notes": null
   },
   "geometry": {
    "type": "Point",
    "coordinates": [
     126.6566468,
     45.7792087
    ]
   }
  },
  {
   "type": "Feature",
   "id": 593,
   "properties": {
    "name": "蘇家屯",
    "name_modern": "苏家屯",
    "pinyin": "Sūjiātún",
    "name_ref": "蘇家屯",
    "yomi": "そかとん",
    "romaji": "Sokaton",
    "lines": "滿鐵社線 連京線; 滿鐵社線 安奉線",
    "osm_id": "9174541218",
    "fclass": "railway_station",
    "dist_to_line_m": 3,
    "match": "name",
    "notes": null
   },
   "geometry": {
    "type": "Point",
    "coordinates": [
     123.349455,
     41.6602786
    ]
   }
  },
  {
   "type": "Feature",
   "id": 594,
   "properties": {
    "name": "渾河",
    "name_modern": "浑河站",
    "pinyin": "Húnhézhàn",
    "name_ref": "渾河",
    "yomi": "こんが",
    "romaji": "Konga",
    "lines": "滿鐵社線 連京線; 滿鐵社線 安奉線; 滿鐵社線 撫順線",
    "osm_id": "6509965528",
    "fclass": "railway_station",
    "dist_to_line_m": 1108,
    "match": "name",
    "notes": "OSM point 浑河站 1.1 km from traced line; may mark the settlement 浑河站 rather than the platform"
   },
   "geometry": {
    "type": "Point",
    "coordinates": [
     123.3622548,
     41.7261112
    ]
   }
  },
  {
   "type": "Feature",
   "id": 595,
   "properties": {
    "name": "奉天",
    "name_modern": "沈阳",
    "pinyin": "Shěnyáng",
    "name_ref": "奉天",
    "yomi": "ほうてん",
    "romaji": "Hōten",
    "lines": "滿鐵社線 連京線; 滿鐵社線 安奉線; 滿鐵社線 撫順線; 滿鐵社線 營口線; 國線 奉吉線; 滿洲國線 奉山線; 國線 錦古線; 國線 齊北線",
    "osm_id": "6179162407",
    "fclass": "railway_station",
    "dist_to_line_m": 38,
    "match": "alias",
    "notes": "奉天 = 沈阳站 (renamed 1945)"
   },
   "geometry": {
    "type": "Point",
    "coordinates": [
     123.3879307,
     41.7924481
    ]
   }
  },
  {
   "type": "Feature",
   "id": 596,
   "properties": {
    "name": "沙河口",
    "name_modern": "沙河口",
    "pinyin": "Shāhékǒu",
    "name_ref": "沙河口",
    "yomi": "さかこう",
    "romaji": "Sakakō",
    "lines": "滿鐵社線 連京線; 滿鐵社線 旅順線",
    "osm_id": "1659133907",
    "fclass": "railway_station",
    "dist_to_line_m": 8,
    "match": "name",
    "notes": null
   },
   "geometry": {
    "type": "Point",
    "coordinates": [
     121.5870527,
     38.9249358
    ]
   }
  },
  {
   "type": "Feature",
   "id": 597,
   "properties": {
    "name": "煙臺",
    "name_modern": "灯塔",
    "pinyin": "Dēngtǎ",
    "name_ref": "煙臺",
    "yomi": "えんだい",
    "romaji": "Endai",
    "lines": "滿鐵社線 連京線; 滿鐵社線 煙臺炭礦線",
    "osm_id": "9178344030",
    "fclass": "railway_station",
    "dist_to_line_m": 2,
    "match": "alias",
    "notes": "煙臺 = 灯塔站 (renamed)"
   },
   "geometry": {
    "type": "Point",
    "coordinates": [
     123.3115393,
     41.4280914
    ]
   }
  },
  {
   "type": "Feature",
   "id": 598,
   "properties": {
    "name": "大石橋",
    "name_modern": "大石桥",
    "pinyin": "Dàshíqiáo",
    "name_ref": "大石橋",
    "yomi": "だいせっきょう",
    "romaji": "Daisekkyō",
    "lines": "滿鐵社線 連京線; 滿鐵社線 營口線",
    "osm_id": "2349495346",
    "fclass": "railway_station",
    "dist_to_line_m": 82,
    "match": "name",
    "notes": null
   },
   "geometry": {
    "type": "Point",
    "coordinates": [
     122.500751,
     40.643806
    ]
   }
  },
  {
   "type": "Feature",
   "id": 599,
   "properties": {
    "name": "新京",
    "name_modern": "长春",
    "pinyin": "Chángchūn",
    "name_ref": "新京",
    "yomi": "しんきょう",
    "romaji": "Shinkyō",
    "lines": "滿鐵社線 連京線; 滿鐵社線 營口線; 國線 京白線; 國線 京圖線; 國線 京濱線; 滿洲國線 京圖線",
    "osm_id": "9171411689",
    "fclass": "railway_station",
    "dist_to_line_m": 49,
    "match": "alias",
    "notes": "新京 = 长春站"
   },
   "geometry": {
    "type": "Point",
    "coordinates": [
     125.3177297,
     43.9088384
    ]
   }
  },
  {
   "type": "Feature",
   "id": 600,
   "properties": {
    "name": "四平",
    "name_modern": "四平",
    "pinyin": "Sìpíng",
    "name_ref": "四平",
    "yomi": "しへい",
    "romaji": "Shihei",
    "lines": "滿鐵社線 連京線; 滿鐵社線 營口線; 國線 平梅線; 國線 梅輯線; 國線 平齊線; 國線 齊北線",
    "osm_id": "2340355361",
    "fclass": "railway_station",
    "dist_to_line_m": 104,
    "match": "alias",
    "notes": "四平街 = 四平 | also printed as 四平街"
   },
   "geometry": {
    "type": "Point",
    "coordinates": [
     124.3670197,
     43.1655327
    ]
   }
  },
  {
   "type": "Feature",
   "id": 601,
   "properties": {
    "name": "金州",
    "name_modern": "金州",
    "pinyin": "Jīnzhōu",
    "name_ref": "金州",
    "yomi": "きんしゅう",
    "romaji": "Kinshū",
    "lines": "滿鐵社線 連京線; 滿鐵社線 金城線",
    "osm_id": "1659133904",
    "fclass": "railway_station",
    "dist_to_line_m": 63,
    "match": "name",
    "notes": null
   },
   "geometry": {
    "type": "Point",
    "coordinates": [
     121.7222117,
     39.0869543
    ]
   }
  },
  {
   "type": "Feature",
   "id": 602,
   "properties": {
    "name": "周水子",
    "name_modern": "周水子",
    "pinyin": "Zhōushuǐzi",
    "name_ref": "周水子",
    "yomi": "しゅうすいし",
    "romaji": "Shūsuishi",
    "lines": "滿鐵社線 連京線; 滿鐵社線 金城線; 滿鐵社線 旅順線",
    "osm_id": "1659133908",
    "fclass": "railway_station",
    "dist_to_line_m": 33,
    "match": "name",
    "notes": null
   },
   "geometry": {
    "type": "Point",
    "coordinates": [
     121.5609033,
     38.9564935
    ]
   }
  },
  {
   "type": "Feature",
   "id": 603,
   "properties": {
    "name": "大連",
    "name_modern": "大连",
    "pinyin": "Dàlián",
    "name_ref": "大連",
    "yomi": "だいれん",
    "romaji": "Dairen",
    "lines": "滿鐵社線 連京線; 滿鐵社線 金城線; 滿鐵社線 旅順線",
    "osm_id": "7913022526",
    "fclass": "railway_station",
    "dist_to_line_m": 46,
    "match": "name",
    "notes": null
   },
   "geometry": {
    "type": "Point",
    "coordinates": [
     121.6277343,
     38.9216608
    ]
   }
  },
  {
   "type": "Feature",
   "id": 604,
   "properties": {
    "name": "亮甲店",
    "name_modern": "亮甲店",
    "pinyin": "Liàngjiǎdiàn",
    "name_ref": "亮甲店",
    "yomi": "りょうこうてん",
    "romaji": "Ryōkōten",
    "lines": "滿鐵社線 金城線",
    "osm_id": "12335046085",
    "fclass": "railway_station",
    "dist_to_line_m": 26,
    "match": "name",
    "notes": null
   },
   "geometry": {
    "type": "Point",
    "coordinates": [
     121.9362581,
     39.212538
    ]
   }
  },
  {
   "type": "Feature",
   "id": 605,
   "properties": {
    "name": "城子疃",
    "name_modern": "城子坦",
    "pinyin": "Chéngzitǎn",
    "name_ref": "城子疃",
    "yomi": "じょうしどう",
    "romaji": "Jōshidō",
    "lines": "滿鐵社線 金城線",
    "osm_id": "7934242278",
    "fclass": "railway_station",
    "dist_to_line_m": 95,
    "match": "alias",
    "notes": "城子疃 = 城子坦; OSM point is the 2015 丹大快速铁路 station of that name"
   },
   "geometry": {
    "type": "Point",
    "coordinates": [
     122.472888,
     39.4940844
    ]
   }
  },
  {
   "type": "Feature",
   "id": 606,
   "properties": {
    "name": "夾心子",
    "name_modern": "夹心子",
    "pinyin": "Jiāxīnzi",
    "name_ref": "夾心子",
    "yomi": "きょうしんし",
    "romaji": "Kyōshinshi",
    "lines": "滿鐵社線 金城線",
    "osm_id": "1659252257",
    "fclass": "railway_station",
    "dist_to_line_m": 10,
    "match": "name",
    "notes": null
   },
   "geometry": {
    "type": "Point",
    "coordinates": [
     122.4044643,
     39.4582143
    ]
   }
  },
  {
   "type": "Feature",
   "id": 607,
   "properties": {
    "name": "廐寧寺",
    "name_modern": "广宁寺",
    "pinyin": "Guǎngníngsì",
    "name_ref": "廣寧寺",
    "yomi": "こうねいじ",
    "romaji": "Kōneiji",
    "lines": "滿鐵社線 金城線",
    "osm_id": "1659133903",
    "fclass": "railway_station",
    "dist_to_line_m": 981,
    "match": "alias",
    "notes": "printed 廐寧寺; = 广宁寺 (廣寧寺), probable misreading; OSM point c. 1 km from traced line"
   },
   "geometry": {
    "type": "Point",
    "coordinates": [
     121.842678,
     39.177957
    ]
   }
  },
  {
   "type": "Feature",
   "id": 608,
   "properties": {
    "name": "杏樹屯",
    "name_modern": "杏树屯",
    "pinyin": "Xìngshùtún",
    "name_ref": "杏樹屯",
    "yomi": "きょうじゅとん",
    "romaji": "Kyōjuton",
    "lines": "滿鐵社線 金城線",
    "osm_id": "1659252288",
    "fclass": "railway_station",
    "dist_to_line_m": 27,
    "match": "name",
    "notes": "OSM point is the 2015 丹大快速铁路 station; 1942 金城線 station site may differ"
   },
   "geometry": {
    "type": "Point",
    "coordinates": [
     122.1503535,
     39.2632303
    ]
   }
  },
  {
   "type": "Feature",
   "id": 609,
   "properties": {
    "name": "登沙河",
    "name_modern": "登沙河",
    "pinyin": "Dēngshāhé",
    "name_ref": "登沙河",
    "yomi": "とさか",
    "romaji": "Tosaka",
    "lines": "滿鐵社線 金城線",
    "osm_id": "1659252249",
    "fclass": "railway_station",
    "dist_to_line_m": 38,
    "match": "name",
    "notes": "OSM point is the 2015 丹大快速铁路 station; 1942 金城線 station site may differ"
   },
   "geometry": {
    "type": "Point",
    "coordinates": [
     122.063584,
     39.2209907
    ]
   }
  },
  {
   "type": "Feature",
   "id": 610,
   "properties": {
    "name": "貔子窩",
    "name_modern": "皮口",
    "pinyin": "Píkǒu",
    "name_ref": "貔子窩",
    "yomi": "ひしか",
    "romaji": "Hishika",
    "lines": "滿鐵社線 金城線",
    "osm_id": "8934540859",
    "fclass": "railway_station",
    "dist_to_line_m": 2518,
    "match": "alias",
    "notes": "貔子窩 = 皮口站 (wiki: 原名貔子窝站; present 2015 丹大 station 2.5 km from traced line)"
   },
   "geometry": {
    "type": "Point",
    "coordinates": [
     122.3345891,
     39.4298034
    ]
   }
  },
  {
   "type": "Feature",
   "id": 611,
   "properties": {
    "name": "金州東門",
    "name_modern": "金州东门",
    "pinyin": "Jīnzhōudōngmén",
    "name_ref": "金州東門",
    "yomi": "きんしゅうとうもん",
    "romaji": "Kinshūtōmon",
    "lines": "滿鐵社線 金城線",
    "osm_id": "12334978425",
    "fclass": "railway_station",
    "dist_to_line_m": 24,
    "match": "name",
    "notes": null
   },
   "geometry": {
    "type": "Point",
    "coordinates": [
     121.7212914,
     39.1115554
    ]
   }
  },
  {
   "type": "Feature",
   "id": 612,
   "properties": {
    "name": "姚堡",
    "name_modern": "姚堡",
    "pinyin": "Yáobǎo",
    "name_ref": "姚堡",
    "yomi": "ちょうほう",
    "romaji": "Chōhō",
    "lines": "滿鐵社線 高新線",
    "osm_id": "9171411690",
    "fclass": "railway_station",
    "dist_to_line_m": 28,
    "match": "name",
    "notes": null
   },
   "geometry": {
    "type": "Point",
    "coordinates": [
     122.4733919,
     42.0555902
    ]
   }
  },
  {
   "type": "Feature",
   "id": 613,
   "properties": {
    "name": "小東",
    "name_modern": "小东",
    "pinyin": "Xiǎodōng",
    "name_ref": "小東",
    "yomi": "しょうとう",
    "romaji": "Shōtō",
    "lines": "滿鐵社線 高新線",
    "osm_id": "1655741338",
    "fclass": "railway_station",
    "dist_to_line_m": 22,
    "match": "name",
    "notes": null
   },
   "geometry": {
    "type": "Point",
    "coordinates": [
     122.323333,
     42.0294159
    ]
   }
  },
  {
   "type": "Feature",
   "id": 614,
   "properties": {
    "name": "高台山",
    "name_modern": "高台山",
    "pinyin": "Gāotáishān",
    "name_ref": "高臺山",
    "yomi": "こうだいざん",
    "romaji": "Kōdaizan",
    "lines": "滿鐵社線 高新線",
    "osm_id": "5387371821",
    "fclass": "railway_station",
    "dist_to_line_m": 20,
    "match": "name",
    "notes": null
   },
   "geometry": {
    "type": "Point",
    "coordinates": [
     122.8722793,
     42.0244828
    ]
   }
  }
 ]
}