{"type":"FeatureCollection","name":"french-indochina-1930-dissolved","crs":{"type":"name","properties":{"name":"urn:ogc:def:crs:OGC:1.3:CRS84"}},"source":"Traced from the 1945 OSS map held at Stanford as bv890bn4231","note":"The traced units dissolved into one outline.","features":[{"type":"Feature","properties":{"name":"French Indochina","year":1930,"note":"The whole federation, before the 1941 cession to Thailand."},"geometry":{"type":"MultiPolygon","coordinates":[[[[105.5515723,23.0596789],[105.5396867,23.075466],[105.5352942,23.0940954],[105.53524,23.0990128],[105.5348291,23.1362633],[105.5282662,23.1555128],[105.5213254,23.1631478],[105.5171558,23.1677343],[105.473851,23.1945027],[105.4643425,23.2060007],[105.443982,23.2452231],[105.4308562,23.2678057],[105.4258952,23.2732059],[105.4144747,23.2784769],[105.4066716,23.2774692],[105.3991268,23.2748854],[105.389515,23.275428],[105.3757174,23.2814999],[105.359646,23.291551],[105.3440398,23.3041859],[105.3322575,23.3179577],[105.324351,23.336742],[105.3200619,23.3543379],[105.3121554,23.36581],[105.2936552,23.3662751],[105.2800643,23.358782],[105.2455445,23.3301791],[105.2359327,23.3197922],[105.2276644,23.3006461],[105.2238921,23.2817066],[105.2175358,23.2653511],[105.200896,23.2540081],[105.1895789,23.2521994],[105.1824476,23.2544215],[105.1766081,23.2577546],[105.16896,23.2594341],[105.1658077,23.260571],[105.158418,23.2657645],[105.1556275,23.2668497],[105.1503565,23.2647568],[105.1477727,23.260881],[105.1459123,23.2566953],[105.1423983,23.2537497],[105.0610596,23.232459],[105.0466419,23.2268263],[105.0156877,23.2068275],[104.9814262,23.1903686],[104.9452011,23.1598278],[104.9350725,23.1542726],[104.9210165,23.1557712],[104.8947649,23.1703439],[104.8808639,23.1717134],[104.8700635,23.1635485],[104.8667562,23.1494667],[104.865516,23.1334728],[104.8612785,23.1195977],[104.8359054,23.0997539],[104.8114624,23.0961883],[104.7979232,23.0855687],[104.827017,22.9542848],[104.8279472,22.9341568],[104.8236064,22.9241316],[104.7742037,22.8962263],[104.7628866,22.8847283],[104.7282117,22.839098],[104.7153443,22.8270832],[104.7007715,22.8182466],[104.6832015,22.8121746],[104.6627377,22.8109343],[104.6290446,22.8207787],[104.609821,22.8230008],[104.6044467,22.8202103],[104.5942664,22.8090223],[104.588427,22.8068519],[104.5792286,22.8088673],[104.5744743,22.8122779],[104.5704952,22.816257],[104.5646558,22.8199519],[104.5612452,22.8243961],[104.5626921,22.8298479],[104.562382,22.8343954],[104.5535454,22.8360491],[104.5512199,22.8328452],[104.5333399,22.8143967],[104.468641,22.7648648],[104.4490039,22.7451761],[104.3619113,22.6925355],[104.3554696,22.6886421],[104.3401734,22.6863683],[104.3252389,22.6925178],[104.3044133,22.7046618],[104.2494812,22.7283296],[104.2368205,22.7420755],[104.2296892,22.7619451],[104.228759,22.7834425],[104.2330998,22.8048107],[104.2411613,22.8243961],[104.2132561,22.8250162],[104.1281967,22.7968267],[104.0990511,22.7946046],[104.0868555,22.7915557],[104.0733163,22.7826673],[104.0659782,22.7740115],[104.054041,22.7537544],[104.0447392,22.7451761],[104.0238103,22.7191828],[104.0139401,22.6910192],[104.0074805,22.6302477],[104.0033981,22.6149515],[103.9900656,22.5853409],[103.9855697,22.5702514],[103.9855697,22.5545417],[103.9873784,22.5401757],[103.985363,22.5271532],[103.9739942,22.5152676],[103.9595248,22.5071028],[103.9509465,22.5164562],[103.9407146,22.5246728],[103.9254183,22.5282384],[103.9170468,22.533251],[103.9027841,22.5585725],[103.8946192,22.5692178],[103.8886764,22.57175],[103.8726567,22.5736103],[103.8668173,22.575419],[103.844183,22.5992935],[103.8363282,22.6027558],[103.8296619,22.6091637],[103.8096631,22.6387226],[103.8053223,22.6474043],[103.7942119,22.6594449],[103.7264124,22.716289],[103.6585096,22.7932093],[103.646934,22.7990488],[103.6038359,22.7760269],[103.5900383,22.7680171],[103.5825452,22.7557956],[103.5768091,22.7408353],[103.5683342,22.7249706],[103.5471469,22.7006827],[103.544563,22.6910192],[103.549923,22.6486622],[103.5509192,22.6407897],[103.5462167,22.6314363],[103.5142806,22.5873563],[103.5036353,22.5814135],[103.4854452,22.5841006],[103.4731462,22.5916454],[103.4475147,22.6182588],[103.4109278,22.6747411],[103.4043132,22.6887971],[103.4023495,22.7065221],[103.4040031,22.7238854],[103.4017294,22.737838],[103.3875184,22.7451761],[103.3789401,22.7567774],[103.3687598,22.7671386],[103.3570809,22.7760269],[103.3441618,22.7829774],[103.3215792,22.790393],[103.309642,22.7879383],[103.2699545,22.7232653],[103.2524878,22.6785652],[103.2448914,22.668695],[103.2284066,22.6558275],[103.168462,22.6264753],[103.1417452,22.607045],[103.1300147,22.5779512],[103.1325985,22.5697863],[103.1446908,22.555782],[103.1457243,22.54555],[103.1420036,22.5377986],[103.0912574,22.5050874],[103.0744108,22.4981627],[103.0582878,22.4954756],[103.0441801,22.4864839],[103.0448519,22.472893],[103.0490894,22.4568216],[103.0450586,22.4405435],[103.0290389,22.4301566],[103.0089368,22.4303116],[102.9890931,22.437598],[102.9565369,22.4597155],[102.9195883,22.4692239],[102.9025867,22.4772338],[102.8936984,22.4873624],[102.8592819,22.550511],[102.8531324,22.5684427],[102.8451742,22.5852375],[102.8318417,22.5997069],[102.8133932,22.6086986],[102.7712252,22.6177937],[102.7518982,22.6252868],[102.6927287,22.6705036],[102.6721615,22.6783585],[102.6322673,22.684973],[102.6124752,22.6915876],[102.606119,22.6967036],[102.5911845,22.7125683],[102.5866887,22.7160823],[102.5761984,22.7138085],[102.5703589,22.7070906],[102.5657597,22.6995458],[102.55837,22.6949466],[102.5357874,22.6958251],[102.5289144,22.707814],[102.5263306,22.7259525],[102.5157886,22.7451761],[102.4943429,22.7603948],[102.4677812,22.7685855],[102.4427181,22.7651749],[102.4256132,22.7453053],[102.4256132,22.7451761],[102.4152263,22.7098294],[102.4072681,22.693448],[102.3949691,22.6805289],[102.3846338,22.6777383],[102.3731617,22.6783585],[102.362723,22.6774283],[102.3558501,22.6699352],[102.3562635,22.6587214],[102.3633431,22.651435],[102.3726966,22.6457506],[102.3785877,22.6390844],[102.3824634,22.6308161],[102.3843238,22.6288524],[102.3768824,22.6155716],[102.2525489,22.4954756],[102.2425236,22.4771821],[102.2366325,22.4434374],[102.2313099,22.4263325],[102.218029,22.4106745],[102.2035596,22.4124832],[102.1865581,22.4210615],[102.1645439,22.4255057],[102.1470256,22.4210615],[102.1288355,22.4108812],[102.1186552,22.3975487],[102.1073454,22.3975487],[102.1006202,22.4057653],[102.0999484,22.4148603],[102.0953492,22.4231286],[102.0855306,22.429123],[102.0759188,22.4324303],[102.0145789,22.4460729],[101.9949935,22.4474165],[101.9742196,22.4451427],[101.9528772,22.4368745],[101.9093657,22.4358926],[101.8916407,22.4296915],[101.8815121,22.4121732],[101.8772746,22.3918643],[101.8679212,22.3788419],[101.8425997,22.3833377],[101.817795,22.4063337],[101.7848772,22.4722212],[101.7550599,22.4955272],[101.7506157,22.496044],[101.741779,22.496044],[101.7131503,22.4915482],[101.6891207,22.4788874],[101.6686569,22.4622993],[101.6545492,22.4461246],[101.6450924,22.4242138],[101.6441622,22.4040083],[101.6457125,22.3845263],[101.6436971,22.3646825],[101.6411133,22.3632873],[101.6236984,22.3466474],[101.6225098,22.3423583],[101.6198743,22.326442],[101.6061284,22.2848424],[101.6012191,22.2769876],[101.58799,22.2713549],[101.5757426,22.2731119],[101.563702,22.2767809],[101.5509896,22.2766776],[101.5406543,22.2714582],[101.5317143,22.2633967],[101.5157463,22.2453616],[101.5182268,22.2282051],[101.5490259,22.1935302],[101.5615316,22.1761152],[101.5669576,22.1493468],[101.5618417,22.1300715],[101.5550204,22.1123982],[101.5554338,22.0903323],[101.5649423,22.0695067],[101.5921757,22.0281139],[101.6003923,22.007495],[101.6068002,21.9676008],[101.6163086,21.9536482],[101.6381161,21.9408841],[101.6736695,21.9313756],[101.6805941,21.9226423],[101.6824545,21.9148392],[101.6830746,21.9071394],[101.6858651,21.8986128],[101.7087061,21.8695706],[101.7212635,21.8443525],[101.7261727,21.8372728],[101.7510808,21.8161372],[101.7515459,21.8063703],[101.7316504,21.7505081],[101.7279814,21.7326797],[101.7285498,21.7175386],[101.7327873,21.7114407],[101.7491171,21.6980565],[101.7548015,21.6897883],[101.7556283,21.6800215],[101.752321,21.6591442],[101.7559384,21.6486539],[101.7708212,21.6388353],[101.789528,21.6340294],[101.8038424,21.6259162],[101.8061678,21.6059691],[101.7935588,21.5882441],[101.7726815,21.582508],[101.7509257,21.5796658],[101.736198,21.5708808],[101.734751,21.5543961],[101.7482386,21.5145019],[101.7442595,21.4955883],[101.7296867,21.4742459],[101.7255526,21.3753889],[101.7155791,21.3381819],[101.715114,21.3211286],[101.7225037,21.3042304],[101.736508,21.2922932],[101.7885462,21.2742064],[101.8011552,21.2670751],[101.8122657,21.2581351],[101.8202238,21.247283],[101.8237378,21.2344673],[101.8228077,21.224132],[101.8214903,21.2210711],[101.8192937,21.2159671],[101.8132992,21.2095592],[101.8052377,21.2044949],[101.7960393,21.2029446],[101.77356,21.2073888],[101.7600725,21.1959683],[101.7635865,21.1846512],[101.7702011,21.1704402],[101.7684533,21.1604496],[101.7667387,21.1506481],[101.75599,21.1432584],[101.7374899,21.137574],[101.7179045,21.1344734],[101.7042619,21.1350935],[101.6882939,21.1458422],[101.6701555,21.1770547],[101.6551176,21.1891987],[101.6359457,21.1894571],[101.5965166,21.1733857],[101.5817888,21.1756595],[101.5772413,21.1851679],[101.580962,21.1947281],[101.5866464,21.2042366],[101.5881967,21.2133316],[101.5839592,21.2243904],[101.57967,21.2275943],[101.5729004,21.2281627],[101.539104,21.2388598],[101.5176066,21.2426321],[101.4951274,21.2428388],[101.3814909,21.2224783],[101.3622673,21.2158121],[101.3138982,21.1847545],[101.2927108,21.1760729],[101.2752959,21.1741092],[101.2597413,21.1794835],[101.2443417,21.1928677],[101.2347815,21.2062519],[101.2203638,21.2336921],[101.208995,21.245526],[101.2190719,21.2824747],[101.2203638,21.2962723],[101.2184001,21.2999413],[101.2095118,21.3086746],[101.2074447,21.3148241],[101.2228443,21.3350813],[101.2347815,21.3636583],[101.2331279,21.3717199],[101.2308024,21.3717715],[101.2264616,21.370893],[101.2079615,21.3835021],[101.179126,21.3981782],[101.1714262,21.4033975],[101.168274,21.4245332],[101.187756,21.5058719],[101.1865674,21.5353275],[101.1745268,21.5516572],[101.1590239,21.5526907],[101.1611426,21.5347073],[101.1571119,21.5196695],[101.1431592,21.5134166],[101.0034261,21.4059813],[100.9099435,21.3600927],[100.8960425,21.3557519],[100.8624528,21.3232991],[100.8513424,21.3147724],[100.8146005,21.3001997],[100.7919662,21.2973575],[100.7725875,21.3042304],[100.7649911,21.3091914],[100.7566712,21.312447],[100.7477312,21.3142557],[100.7383777,21.3147724],[100.7254069,21.3116719],[100.7219963,21.303662],[100.7225647,21.2927066],[100.7210661,21.280666],[100.6893885,21.1593297],[100.637557,21.0696711],[100.6255164,21.0541165],[100.6067579,21.0439363],[100.561851,21.0350996],[100.5434542,21.0273998],[100.5557532,20.9998563],[100.5572518,20.9920014],[100.5519808,20.9853352],[100.533274,20.9734496],[100.5292432,20.968437],[100.5270728,20.9469396],[100.5178227,20.9063219],[100.515704,20.8864782],[100.5342041,20.8739208],[100.6230876,20.8885452],[100.6521298,20.8827575],[100.6521298,20.876608],[100.6266016,20.8535086],[100.6077757,20.8398809],[100.598903,20.8334582],[100.5690341,20.8178002],[100.5366846,20.8076716],[100.5133785,20.8069998],[100.4708488,20.8182653],[100.3836707,20.8317012],[100.3648088,20.8281872],[100.3511145,20.8153197],[100.3419678,20.7995067],[100.3296688,20.7860192],[100.290188,20.7750121],[100.2745301,20.7619896],[100.2487435,20.7319656],[100.2216134,20.7095897],[100.2113298,20.6973941],[100.2071957,20.6807543],[100.2023381,20.6679385],[100.1801689,20.6381729],[100.1729342,20.6221015],[100.1729342,20.6090791],[100.1600668,20.5826724],[100.1492664,20.5481009],[100.1366573,20.4592174],[100.1274073,20.4278498],[100.1252369,20.4064041],[100.1209477,20.3887825],[100.1111292,20.3748298],[100.0998121,20.3622208],[100.0970732,20.3483715],[100.0976416,20.3349356],[100.0992953,20.3178049],[100.0972799,20.2832333],[100.1029643,20.2635963],[100.1166069,20.2480158],[100.134642,20.2391017],[100.152522,20.2391533],[100.1677149,20.2536227],[100.1670948,20.2926126],[100.1763965,20.3006225],[100.1794971,20.3024828],[100.201718,20.3103118],[100.2071957,20.3111386],[100.2091594,20.312999],[100.2206832,20.3489916],[100.2403719,20.3728144],[100.2702409,20.3918314],[100.3065178,20.3996862],[100.3443449,20.389971],[100.3643954,20.3689645],[100.4216012,20.2501863],[100.4473361,20.2180435],[100.452142,20.2102404],[100.4573096,20.1963911],[100.4610303,20.1907067],[100.4687818,20.1857199],[100.4856283,20.1787694],[100.4889356,20.1733434],[100.496377,20.1648685],[100.5128101,20.1552825],[100.5292432,20.1497273],[100.5366846,20.1534738],[100.5419556,20.1667288],[100.5465031,20.1679174],[100.5486735,20.1580213],[100.5505856,20.1065258],[100.5433509,20.0665799],[100.5185462,19.9954214],[100.4926563,19.9316527],[100.4879537,19.8969778],[100.4839747,19.8806998],[100.4742595,19.8653519],[100.4656295,19.8597708],[100.4462509,19.8521227],[100.4384477,19.8472134],[100.4314197,19.8382734],[100.420516,19.8104457],[100.4076585,19.7942571],[100.3835157,19.7638594],[100.3791748,19.7456693],[100.3838257,19.7320008],[100.3900482,19.724387],[100.4004655,19.7116403],[100.4072351,19.6999356],[100.4104908,19.6842518],[100.4129196,19.6515665],[100.4188623,19.6343582],[100.4270789,19.6218008],[100.4474911,19.5977713],[100.4555526,19.5846713],[100.4589633,19.5680574],[100.4589633,19.551831],[100.4619605,19.5371032],[100.4742595,19.524985],[100.4918295,19.5144689],[100.5206132,19.5026092],[100.5492937,19.4945476],[100.5666569,19.4956328],[100.5747579,19.5083474],[100.5859839,19.5259669],[100.6070162,19.5409272],[100.6332679,19.5421675],[100.7147616,19.5124535],[100.729231,19.5046504],[100.738171,19.4950386],[100.7455091,19.4850133],[100.7530022,19.4824295],[100.762614,19.4954778],[100.808451,19.5365347],[100.849017,19.5825268],[100.8612126,19.602603],[100.8650367,19.6071506],[100.8745968,19.6129125],[100.8798161,19.6135843],[100.8856556,19.6124474],[100.9742806,19.6134809],[101.0025476,19.6106129],[101.0243034,19.6028614],[101.0682284,19.5771266],[101.0958236,19.5672822],[101.1246591,19.5651118],[101.1526677,19.5683674],[101.1768523,19.5747495],[101.1883244,19.5807439],[101.1973161,19.5868676],[101.2079615,19.5895547],[101.2250147,19.5852139],[101.2382439,19.5781859],[101.246202,19.5702794],[101.2510596,19.5603059],[101.2548837,19.5471542],[101.2569507,19.5227888],[101.2517314,19.4944443],[101.2382439,19.4723009],[101.2152995,19.4663581],[101.1928719,19.4527931],[101.1777824,19.4172138],[101.1723564,19.3763895],[101.1784542,19.3466238],[101.1850171,19.3419988],[101.201967,19.3386657],[101.2077548,19.3346866],[101.2112688,19.3263667],[101.210907,19.3206306],[101.2092534,19.3155921],[101.2095118,19.3094168],[101.2298723,19.2258043],[101.2267717,19.1671516],[101.2291488,19.1435871],[101.2357117,19.12811],[101.2474423,19.1157852],[101.2911605,19.0789916],[101.3178772,19.0501303],[101.3264039,19.0205456],[101.2839258,18.9814782],[101.2770012,18.9670604],[101.267286,18.9344526],[101.2572608,18.9194923],[101.2329212,18.8927239],[101.2249113,18.8747663],[101.2233094,18.855491],[101.228632,18.7956239],[101.2239812,18.7785448],[101.2092017,18.7463246],[101.2058427,18.7300723],[101.2112688,18.7119081],[101.2347815,18.6894805],[101.2401042,18.6736417],[101.2347299,18.6584488],[101.2219141,18.6420415],[101.1941122,18.6167976],[101.1853272,18.6125343],[101.1677572,18.6063589],[101.1608842,18.599796],[101.1581454,18.5899775],[101.1591272,18.567705],[101.1553549,18.5567237],[101.142074,18.5442956],[101.0778919,18.5104217],[101.0738094,18.5057708],[101.0719491,18.495668],[101.0647144,18.4764186],[101.0356206,18.4478415],[101.0302979,18.427791],[101.0370158,18.4104536],[101.0510201,18.3924702],[101.0740888,18.3716131],[101.0822844,18.3642032],[101.1455363,18.3362462],[101.1554065,18.3228879],[101.1524093,18.3163766],[101.1354078,18.2983933],[101.1301368,18.2911586],[101.1279663,18.2809525],[101.1283798,18.245735],[101.1317387,18.238862],[101.1396452,18.2187082],[101.1455363,18.2129979],[101.152771,18.2090705],[101.1592823,18.2040579],[101.1627963,18.1952988],[101.1605225,18.1795116],[101.1456397,18.1419429],[101.1416089,18.1239595],[101.1449679,18.1047358],[101.1620728,18.0674513],[101.1651734,18.0534211],[101.1575253,18.0404503],[101.1254342,18.0213301],[101.1123084,18.0113048],[101.0948934,17.9843814],[101.0819743,17.9583365],[101.0661613,17.9339969],[101.0398064,17.9120344],[101.0082837,17.8952396],[101.0008423,17.8848009],[100.9971216,17.8645954],[101.0002739,17.830489],[100.9947962,17.8177249],[100.9742806,17.80925],[100.9670459,17.803824],[100.9651856,17.7976228],[100.9677177,17.7910082],[100.9742806,17.7839802],[100.9752108,17.7819131],[100.9755209,17.7797944],[100.9752108,17.777624],[100.9742806,17.7755053],[100.9648755,17.770596],[100.958571,17.7641365],[100.9564006,17.7559199],[100.958726,17.7457913],[100.9606897,17.7255858],[100.9558777,17.7075318],[100.9538168,17.6997993],[100.9329395,17.6545307],[100.8994532,17.616962],[100.8856556,17.595878],[100.8860173,17.5737605],[100.9019336,17.5619266],[100.9377384,17.5554864],[100.9815153,17.5476122],[101.0008423,17.5382071],[101.0190324,17.5266316],[101.0354655,17.5126273],[101.0493148,17.4957291],[101.0661613,17.4922151],[101.0960303,17.4752652],[101.1246591,17.4639481],[101.1288965,17.4611575],[101.1323072,17.4616743],[101.1418156,17.467152],[101.14719,17.4724747],[101.1642432,17.4957291],[101.1667237,17.5106119],[101.1769556,17.5163996],[101.1902881,17.5187251],[101.2021737,17.5231693],[101.2085299,17.5312825],[101.228632,17.5684895],[101.2470289,17.5921573],[101.3573064,17.6790254],[101.3698637,17.6831595],[101.3774602,17.6826427],[101.3837647,17.6849165],[101.4015931,17.7066723],[101.4030917,17.7094628],[101.4040219,17.7155606],[101.3987509,17.7171626],[101.3883639,17.7177827],[101.3819043,17.7207283],[101.3880022,17.7293065],[101.4018514,17.7337507],[101.4169926,17.7323554],[101.4320305,17.7335957],[101.4452596,17.7457913],[101.4498072,17.7492536],[101.4534762,17.7510106],[101.45606,17.7501838],[101.4573519,17.7457913],[101.4591089,17.7394868],[101.4683073,17.7203665],[101.4704261,17.7225886],[101.4741984,17.7305985],[101.4790044,17.7379882],[101.4829834,17.7457913],[101.5027238,17.7653767],[101.5365202,17.7791226],[101.5562606,17.7921451],[101.5340398,17.80956],[101.5455048,17.8136717],[101.5640121,17.8203087],[101.5705233,17.828887],[101.5750708,17.8397908],[101.5775513,17.8529166],[101.5775513,17.8681094],[101.6003923,17.8543635],[101.611141,17.8655256],[101.6198743,17.8846459],[101.6362041,17.8948262],[101.7290666,17.9121894],[101.7325806,17.9320332],[101.7569202,17.9978173],[101.7657569,18.0403211],[101.7739218,18.0585629],[101.7904065,18.0735749],[101.7966594,18.0735749],[101.8060645,18.062387],[101.8451836,18.0521292],[101.8837858,18.0308385],[101.9043014,18.0371172],[102.055527,18.1923446],[102.0712679,18.2085021],[102.0785026,18.2137989],[102.1073852,18.2123767],[102.1535368,18.2101041],[102.1719336,18.2002855],[102.1783932,18.1859712],[102.1821139,18.169228],[102.1915707,18.1520714],[102.2218014,18.1316076],[102.2255738,18.1281969],[102.2331185,18.1241662],[102.2565796,18.0940388],[102.3067058,18.0514574],[102.3365231,18.0370397],[102.3663921,18.0387967],[102.3851506,18.0160591],[102.412229,17.9941999],[102.4455087,17.9777668],[102.4820439,17.9711522],[102.5675167,17.9708422],[102.5996078,17.9551842],[102.6123202,17.91529],[102.595577,17.8500744],[102.595267,17.8408243],[102.6094263,17.8370002],[102.6607927,17.8128673],[102.6829102,17.8100768],[102.6829102,17.8173632],[102.6733501,17.8317809],[102.667614,17.8500744],[102.6729883,17.8653706],[102.6867343,17.8735355],[102.7221843,17.8818037],[102.7373772,17.8904337],[102.7740674,17.9227314],[102.8318934,17.9531172],[102.8380428,17.9637625],[102.852719,17.9720307],[102.9386052,18.0089277],[102.9549349,18.0121317],[102.9729183,18.0077392],[103.0038208,17.9885672],[103.0204607,17.9842264],[103.0379273,17.9906859],[103.0493995,18.0050003],[103.0582878,18.019263],[103.0682097,18.0257742],[103.0730673,18.0355152],[103.064799,18.0940388],[103.0663493,18.1122547],[103.0713103,18.1255614],[103.0799402,18.1347857],[103.0877026,18.1386669],[103.0921326,18.1408819],[103.092756,18.1411935],[103.0905856,18.1368527],[103.0900868,18.1361648],[103.0894038,18.1352227],[103.089087,18.1347857],[103.1100676,18.1418137],[103.1266557,18.1518647],[103.138593,18.1667217],[103.1451042,18.1880124],[103.150892,18.2214987],[103.1572998,18.2370275],[103.1682036,18.2497657],[103.1767302,18.2548559],[103.1852051,18.2577497],[103.2149191,18.2622973],[103.2367265,18.2699971],[103.2735201,18.276069],[103.2863359,18.2803323],[103.2953793,18.2877737],[103.2965162,18.2968946],[103.2904183,18.305137],[103.2486638,18.3326289],[103.2401888,18.3359879],[103.2380184,18.3415689],[103.2353313,18.3452638],[103.2336776,18.3492687],[103.2339877,18.3557799],[103.2440646,18.3800679],[103.2607561,18.4001958],[103.2825635,18.4155696],[103.3068514,18.4256723],[103.3866399,18.4414595],[103.3967684,18.4414078],[103.4515455,18.4253106],[103.4699423,18.4219774],[103.4747998,18.4221583],[103.4891142,18.4244321],[103.4977442,18.4237344],[103.523169,18.4176883],[103.5488005,18.4154145],[103.6071432,18.4004025],[103.6213542,18.3907649],[103.6299325,18.3832201],[103.6386141,18.3779491],[103.6955616,18.3532219],[103.7091008,18.3497079],[103.7671851,18.3466849],[103.7846001,18.3438943],[103.8013949,18.3382616],[103.8172596,18.3303551],[103.8320907,18.3206658],[103.8422193,18.3091161],[103.8489889,18.296352],[103.8577739,18.2864818],[103.8739486,18.2832262],[103.8812867,18.2844148],[103.8859375,18.2869986],[103.8895032,18.2911586],[103.893689,18.2972564],[103.9100188,18.3153173],[103.9292941,18.3275904],[103.9512566,18.3329906],[103.9754411,18.3306652],[104.0000391,18.3184437],[104.0186426,18.2991167],[104.0367418,18.2686695],[104.068407,18.2154009],[104.1109367,18.1145543],[104.1223572,18.095279],[104.1356897,18.0796728],[104.1981149,18.0255675],[104.2033289,18.0186437],[104.2108789,18.0086177],[104.255114,17.91498],[104.2643124,17.8846459],[104.2703068,17.8740006],[104.278265,17.8646471],[104.2819816,17.861488],[104.2875668,17.8567406],[104.3526274,17.8193269],[104.3677686,17.8005683],[104.3902995,17.7571601],[104.4048723,17.7399519],[104.408903,17.733699],[104.4116419,17.7273945],[104.4178431,17.7076024],[104.4222872,17.6997993],[104.4520012,17.6659512],[104.4811984,17.6404231],[104.6363827,17.5624433],[104.6550896,17.5560871],[104.7026319,17.5273034],[104.7145175,17.5152628],[104.7342579,17.4868924],[104.7496574,17.4581603],[104.7567888,17.4499437],[104.7646436,17.4444144],[104.7816451,17.4352676],[104.7889315,17.4289631],[104.7927039,17.4234854],[104.8164234,17.3727908],[104.8193173,17.3610603],[104.8199891,17.3489163],[104.8164234,17.3000821],[104.8183354,17.2402408],[104.8144597,17.1940421],[104.8099122,17.1716662],[104.7453166,17.0248017],[104.7403557,17.0025809],[104.7463404,16.9435316],[104.7496574,16.9108035],[104.7530164,16.8998481],[104.7628866,16.8790742],[104.7664006,16.8681705],[104.7670724,16.8561299],[104.765212,16.8446577],[104.7584424,16.8219201],[104.7579101,16.8188946],[104.7563237,16.8098795],[104.7567888,16.798459],[104.7783379,16.7158283],[104.7790096,16.7048729],[104.7775627,16.6940209],[104.7637134,16.6567622],[104.7530164,16.6148009],[104.7484172,16.5719095],[104.7495024,16.5493269],[104.754515,16.5289147],[104.7651604,16.5113447],[104.7827303,16.497082],[104.838851,16.4677298],[104.8554908,16.4540872],[104.8689266,16.4384293],[104.8794686,16.4218411],[104.8877369,16.4039094],[104.8970386,16.3727485],[104.9015861,16.3624649],[104.9080457,16.3533699],[104.9172958,16.3455667],[104.9440642,16.3308389],[104.952074,16.3244311],[104.9715044,16.3043289],[104.9793075,16.2986445],[104.9880283,16.2939635],[105.0074195,16.283555],[105.015481,16.2767337],[105.0263847,16.2576651],[105.0297437,16.2360127],[105.0288652,16.1914676],[105.0325859,16.1652676],[105.0424561,16.1414448],[105.0581141,16.1211876],[105.0793014,16.1054263],[105.106979,16.0958533],[105.2372246,16.0508043],[105.2474048,16.0491507],[105.2885393,16.0473937],[105.4049146,16.0188166],[105.4144747,16.0151993],[105.4220712,16.0098766],[105.4232318,16.0050405],[105.4239315,16.0021251],[105.4181438,15.9947354],[105.4073951,15.988896],[105.3865178,15.9807828],[105.3624882,15.9547895],[105.3606279,15.9193912],[105.3725651,15.8821325],[105.4120459,15.7997602],[105.4230013,15.7838956],[105.4356621,15.7716483],[105.4479611,15.7648786],[105.4623788,15.7628116],[105.5034099,15.7661706],[105.525424,15.7634834],[105.5685222,15.7493757],[105.6129122,15.7214704],[105.6409209,15.6819896],[105.6509978,15.6346024],[105.6408692,15.5833135],[105.6162712,15.5212759],[105.6120337,15.4994685],[105.6103801,15.4571713],[105.6042823,15.4392138],[105.5922435,15.4275463],[105.5883659,15.4237884],[105.5528125,15.4020326],[105.5062004,15.387589],[105.4862533,15.3749024],[105.4774683,15.3528108],[105.4833077,15.3345173],[105.4990174,15.324673],[105.5193779,15.3210556],[105.5385498,15.3215207],[105.5580319,15.325138],[105.5614942,15.3209006],[105.5648015,15.2994549],[105.5639747,15.2725314],[105.5602539,15.2709295],[105.5315735,15.2528944],[105.5039266,15.2310611],[105.4631023,15.1894357],[105.4544206,15.1755348],[105.4477027,15.1553034],[105.4437753,15.1338061],[105.4436202,15.1113526],[105.4519401,15.0947645],[105.473851,15.0906304],[105.4982939,15.0661358],[105.5035649,15.0648955],[105.5165357,15.0671435],[105.5208765,15.0661358],[105.5231503,15.0611748],[105.5228402,15.0500386],[105.5242872,15.0459561],[105.553536,15.0053384],[105.5661451,14.9959333],[105.5663518,14.9959333],[105.5664551,14.9959333],[105.5930685,14.9907915],[105.58356,14.9775882],[105.5439242,14.9530936],[105.5341573,14.934025],[105.5506421,14.9022956],[105.5430457,14.8801006],[105.5376197,14.8780335],[105.52191,14.8787053],[105.5177759,14.8776718],[105.5158639,14.8716773],[105.5169491,14.8565362],[105.5240804,14.8425318],[105.5243905,14.837235],[105.5200497,14.8334626],[105.5062004,14.8304137],[105.5015495,14.827339],[105.4938497,14.8089938],[105.4891472,14.7863337],[105.4906975,14.7638028],[105.5015495,14.7459486],[105.5051152,14.7363626],[105.4973637,14.6904223],[105.4957618,14.6598815],[105.5101278,14.5935806],[105.507544,14.5640475],[105.4954517,14.5371241],[105.4636707,14.4959638],[105.4403646,14.475345],[105.4338534,14.4679294],[105.4288925,14.4581625],[105.4203142,14.4352182],[105.4159733,14.4281644],[105.4056897,14.4230484],[105.3792314,14.4182425],[105.3676559,14.4145476],[105.359646,14.4082689],[105.3408358,14.3901047],[105.3350997,14.3857122],[105.3222323,14.386384],[105.3046623,14.398192],[105.2947404,14.3990705],[105.2877124,14.3932828],[105.2757235,14.3720954],[105.2685922,14.3643698],[105.2504537,14.3571868],[105.1982089,14.3452237],[105.1843079,14.3457405],[105.1550074,14.3304701],[105.1322181,14.2807057],[105.1014189,14.2305279],[105.0473137,14.2140689],[105.0253512,14.2243784],[105.0077295,14.2438345],[104.9759485,14.3011179],[104.9742949,14.3096445],[104.9789974,14.3549647],[104.9787391,14.3685039],[104.9738298,14.3806479],[104.9551229,14.3862806],[104.915621,14.3932168],[104.8981755,14.39628],[104.8902173,14.4002333],[104.8742493,14.4105685],[104.8665495,14.4137725],[104.8573511,14.4141342],[104.8384892,14.411447],[104.8314095,14.4117571],[104.8150798,14.4198445],[104.8018506,14.4300764],[104.7882597,14.4382154],[104.7716716,14.4398691],[104.7579257,14.4330478],[104.7279533,14.4099484],[104.7128638,14.4068478],[104.7061976,14.412248],[104.7010299,14.4300764],[104.692865,14.433978],[104.6846485,14.4305673],[104.6747266,14.414651],[104.6683704,14.4096384],[104.6513689,14.4089149],[104.6265642,14.419276],[104.6104411,14.418966],[104.5946281,14.4100001],[104.583466,14.3958149],[104.5738542,14.3805445],[104.5627955,14.3684781],[104.5428483,14.3603907],[104.5265186,14.363543],[104.510809,14.3705451],[104.4926189,14.3740075],[104.4819735,14.3712169],[104.473912,14.3656876],[104.4675041,14.3600807],[104.4619747,14.3571093],[104.4585083,14.3570422],[104.4526213,14.3569284],[104.4460067,14.3586854],[104.4391854,14.3614243],[104.3253939,14.3776248],[104.271237,14.3990705],[104.2474659,14.4010859],[104.2323763,14.3931277],[104.2191472,14.38287],[104.2012671,14.3779866],[104.1891748,14.3823015],[104.1834904,14.3914224],[104.1825603,14.4003624],[104.1856608,14.4039798],[104.1770309,14.4042123],[104.1748088,14.4013443],[104.1732585,14.3960216],[104.1484538,14.369615],[104.1409091,14.3659976],[104.1283517,14.3663594],[104.121272,14.3714753],[104.116156,14.3774698],[104.1102133,14.3804412],[104.0737297,14.3707519],[104.0457242,14.3572855],[104.045064,14.356968],[104.0359542,14.3525876],[104.0013827,14.3450687],[103.9739942,14.3672895],[103.9198373,14.3645765],[103.9105355,14.3562566],[103.9080034,14.3483243],[103.9027841,14.3424332],[103.8851624,14.3404178],[103.8703313,14.34326],[103.8591691,14.3496162],[103.8492473,14.3570834],[103.8384469,14.363388],[103.8240292,14.3680388],[103.8155026,14.3679613],[103.807286,14.3659976],[103.7942119,14.3648349],[103.7752466,14.3669795],[103.7165422,14.3815264],[103.682229,14.3838002],[103.674891,14.3864873],[103.6716871,14.3956082],[103.6738575,14.4193277],[103.6714803,14.4295596],[103.6653825,14.4359417],[103.657166,14.441161],[103.6471924,14.4439774],[103.6370638,14.4432797],[103.627452,14.437802],[103.6244548,14.4305673],[103.6229045,14.42248],[103.6168067,14.4145476],[103.5961361,14.4043415],[103.581615,14.4074163],[103.5681275,14.4159429],[103.5502474,14.4218598],[103.5334009,14.4190693],[103.4948503,14.399949],[103.4570232,14.3744209],[103.4496851,14.3715787],[103.4392465,14.3728706],[103.431495,14.3775215],[103.426224,14.3825082],[103.4225033,14.3848337],[103.4080856,14.3808029],[103.380232,14.3610625],[103.3628687,14.3534661],[103.3413713,14.3509081],[103.2736752,14.3510631],[103.2432776,14.3419313],[103.1985893,14.3285064],[103.1382312,14.3197472],[103.1180258,14.313236],[103.0850045,14.295821],[103.0169296,14.2388725],[103.0048544,14.2287709],[102.9878011,14.219004],[102.9509042,14.2086429],[102.9340577,14.2009689],[102.9186064,14.1854918],[102.9140072,14.169343],[102.9139296,14.1649463],[102.9136971,14.151773],[102.9112684,14.1321101],[102.9040853,14.115987],[102.8832597,14.0869449],[102.8762317,14.0713128],[102.8728728,14.0483684],[102.8733379,14.0334081],[102.8697722,14.0206182],[102.8549927,14.0040042],[102.7974252,13.9600017],[102.7728272,13.9360755],[102.7543787,13.9041137],[102.7371705,13.849595],[102.7291089,13.8321542],[102.7112806,13.8103985],[102.7064747,13.8019494],[102.7039942,13.7917691],[102.7026506,13.7712019],[102.6986198,13.7617968],[102.674952,13.7419013],[102.5743897,13.6938939],[102.5423503,13.6697094],[102.5410584,13.6485995],[102.5625041,13.6280323],[102.5977474,13.6054497],[102.5795573,13.6004888],[102.5325318,13.5738238],[102.5132048,13.5671575],[102.4522266,13.5621707],[102.3713013,13.5689145],[102.3322339,13.5645995],[102.3134237,13.5410092],[102.3147673,13.530338],[102.325516,13.5134398],[102.3293917,13.5043448],[102.3301152,13.4963608],[102.3295283,13.4846029],[102.3293917,13.4818655],[102.3336292,13.4062629],[102.3270663,13.3454398],[102.3282032,13.2751598],[102.3291868,13.272629],[102.38205,13.1366153],[102.4018938,13.1029998],[102.4472657,13.0508066],[102.463182,13.019284],[102.4731556,13.0061323],[102.4901571,12.9960812],[102.4900968,12.9951876],[102.4897437,12.9899576],[102.4866431,12.9847899],[102.4813721,12.9805525],[102.4740857,12.976961],[102.4688147,12.9733953],[102.4672128,12.9694679],[102.4690731,12.9652304],[102.4775997,12.9572981],[102.4788916,12.953629],[102.4775997,12.9499342],[102.4662826,12.9379194],[102.4648357,12.9275325],[102.4678846,12.9163445],[102.4740857,12.9052599],[102.4792017,12.8821089],[102.4833358,12.8437908],[102.4897437,12.8230944],[102.4955315,12.8126816],[102.5004924,12.8065062],[102.5043164,12.7997366],[102.5066419,12.7875152],[102.5055567,12.7777742],[102.4952731,12.7460965],[102.4951961,12.7460298],[102.4827157,12.7352186],[102.4779615,12.7196382],[102.4766696,12.6984508],[102.4792534,12.6771085],[102.4863847,12.6611921],[102.4958771,12.6541525],[102.5017843,12.6497716],[102.5586284,12.6312198],[102.588549,12.6098257],[102.6648234,12.5342231],[102.6897315,12.519702],[102.6967595,12.5130875],[102.7004802,12.5048709],[102.7021338,12.4881277],[102.704821,12.4803246],[102.7184119,12.4659069],[102.7506063,12.4490087],[102.7620785,12.4360896],[102.7637509,12.4252615],[102.7651274,12.4163492],[102.7564974,12.4022415],[102.7306592,12.3800723],[102.7200656,12.3612104],[102.7150529,12.3421935],[102.692212,12.1784826],[102.6999634,12.1387434],[102.7512264,12.0609704],[102.7650124,12.0445636],[102.7710702,12.0373542],[102.7871416,12.0026277],[102.7971151,11.9529666],[102.8430038,11.8660469],[102.8851718,11.8077042],[102.9138005,11.7655362],[102.9251176,11.725797],[102.9287867,11.6686946],[102.9135848,11.6459008],[102.9196883,11.6383731],[102.9372665,11.6217309],[102.9409286,11.6151798],[102.9431258,11.6009789],[102.9526473,11.5829532],[102.9546005,11.5702172],[102.963715,11.5923526],[102.9650171,11.6099307],[102.9546005,11.6527367],[102.9548446,11.6678734],[102.9665633,11.6974551],[102.9687606,11.7141788],[102.9567977,11.7468122],[102.9078882,11.7975528],[102.893077,11.8302676],[102.8992619,11.8302676],[102.9326278,11.7791202],[102.9560653,11.7669132],[102.9614364,11.758531],[102.9638778,11.7471378],[102.9697372,11.7328555],[102.9768173,11.7203637],[102.9824325,11.7141788],[103.0234481,11.7346866],[103.0302841,11.7346866],[103.0413518,11.7246768],[103.0560002,11.7161319],[103.0698348,11.7151553],[103.0787867,11.7278507],[103.0849716,11.7278507],[103.0787867,11.7164574],[103.066661,11.7081973],[103.0525822,11.7055118],[103.0402938,11.7110863],[103.0302841,11.7184919],[103.0216577,11.7205264],[103.0128687,11.7185733],[103.0029403,11.7141788],[102.9863387,11.7028669],[102.9758407,11.6873233],[102.9703882,11.6662051],[102.9687606,11.6384952],[102.9751083,11.6384952],[102.9751083,11.6595727],[102.9824325,11.6527367],[102.9824325,11.6732445],[102.9892684,11.6732445],[102.994314,11.6601016],[102.9954533,11.6527367],[103.0029403,11.6527367],[103.0061955,11.6550154],[103.0167749,11.6595727],[103.0167749,11.6527367],[103.0091252,11.6527367],[103.0091252,11.6459008],[103.0135197,11.6393904],[103.0210067,11.6339786],[103.0310165,11.631171],[103.0433049,11.6322696],[103.0433049,11.6248233],[103.0244247,11.6234805],[103.0078231,11.631171],[102.9938257,11.6357283],[102.9824325,11.6248233],[102.9824325,11.5838077],[102.9884546,11.5726993],[102.9993596,11.5595564],[103.0029403,11.5497094],[102.9954533,11.5497094],[102.9802352,11.5637882],[102.9751083,11.5702172],[102.9546005,11.557115],[102.9751083,11.5292423],[102.9846298,11.5363223],[102.9985458,11.5431583],[103.0127059,11.5463728],[103.0234481,11.5428734],[103.0302841,11.5428734],[103.0356551,11.5546329],[103.0374455,11.5702579],[103.03712,11.6049258],[103.0433049,11.5943057],[103.0483505,11.5916202],[103.0576278,11.591254],[103.0540471,11.5838077],[103.0507919,11.5633813],[103.0576278,11.5702172],[103.0563257,11.550279],[103.0573023,11.5252139],[103.0644637,11.5036075],[103.0910751,11.490546],[103.1028752,11.4726423],[103.1128036,11.4677595],[103.1220809,11.4701602],[103.1286727,11.4774844],[103.1306258,11.4865176],[103.1264755,11.4944522],[103.1310327,11.5050723],[103.1333114,11.5087344],[103.1401473,11.5087344],[103.1378687,11.5052758],[103.1333114,11.4944522],[103.1427515,11.4850528],[103.174327,11.4261742],[103.1591903,11.4310977],[103.1433212,11.4548201],[103.1298934,11.4603539],[103.1145126,11.458238],[103.1015731,11.4525821],[103.0913192,11.4439965],[103.0849716,11.4330102],[103.0787867,11.4330102],[103.0766708,11.4418399],[103.0756942,11.444322],[103.0727645,11.4448103],[103.0644637,11.4472517],[103.0709742,11.4345157],[103.0857854,11.4138044],[103.0922958,11.3988712],[103.0959579,11.3803572],[103.0965275,11.3671736],[103.100271,11.3560245],[103.1128036,11.3436547],[103.1191512,11.348863],[103.125743,11.352281],[103.1401473,11.3578962],[103.142426,11.3435733],[103.1521102,11.3181013],[103.1531682,11.3026798],[103.1469833,11.3026798],[103.1340438,11.3161482],[103.1056421,11.2990583],[103.078868,11.273505],[103.0712997,11.2616641],[103.0712997,11.2555199],[103.0792749,11.2451846],[103.0710555,11.2385928],[103.0595809,11.2318383],[103.0576278,11.2207706],[103.0622665,11.2197126],[103.0820419,11.2193871],[103.0886337,11.2176781],[103.0932723,11.2108422],[103.0950627,11.2026228],[103.096202,11.1942406],[103.0984807,11.1865909],[103.1136174,11.1610782],[103.1176864,11.1491153],[103.1189885,11.1319848],[103.1159774,11.113837],[103.1087346,11.1004092],[103.1018173,11.0899112],[103.0984807,11.0804711],[103.1008407,11.0531273],[103.1106063,11.0018985],[103.1128036,10.9708926],[103.1084091,10.9670271],[103.100271,10.9511579],[103.095551,10.9339867],[103.1018986,10.9259301],[103.1093856,10.9223087],[103.1401473,10.8985863],[103.1267196,10.881293],[103.1386825,10.8764102],[103.1617945,10.8740095],[103.181163,10.8644473],[103.1875106,10.8718122],[103.196788,10.8765323],[103.2087508,10.8785668],[103.2226669,10.8781192],[103.2190048,10.8924828],[103.2363387,10.9081485],[103.2773544,10.9326846],[103.2981063,10.9199893],[103.32309,10.9095727],[103.3440861,10.8954532],[103.3523055,10.8718936],[103.3640243,10.8769392],[103.368663,10.8801944],[103.3728947,10.8849551],[103.3859969,10.8809268],[103.4021102,10.8843448],[103.4157007,10.8941104],[103.4212346,10.9091251],[103.4201766,10.9209659],[103.4152938,10.9367536],[103.4145614,10.9463565],[103.4170028,10.9580753],[103.4280705,10.9842797],[103.4308374,11.0064965],[103.4372665,11.0250919],[103.4627385,11.0708682],[103.4702255,11.0890567],[103.4682723,11.0993106],[103.4480087,11.0903995],[103.4682723,11.1189639],[103.4744572,11.1336938],[103.4685165,11.1456566],[103.4685165,11.1518008],[103.4812118,11.1483829],[103.4843856,11.1456566],[103.4890243,11.1388207],[103.4964299,11.1388207],[103.5100204,11.1592471],[103.5061141,11.161363],[103.5052189,11.1617699],[103.5048934,11.1625837],[103.5026962,11.1660831],[103.5329696,11.1627465],[103.5618596,11.1522484],[103.5835067,11.1341007],[103.5952255,11.0982934],[103.6040145,11.0906436],[103.6162216,11.0854353],[103.6458439,11.0822615],[103.6554468,11.0784366],[103.6745712,11.0636661],[103.6595158,11.0297712],[103.6785588,10.9802107],[103.7073674,10.9301212],[103.7224227,10.8948428],[103.7243758,10.8560245],[103.7224227,10.8445499],[103.7133895,10.8305525],[103.7014266,10.822211],[103.6897079,10.8161482],[103.6814071,10.8092309],[103.6780705,10.8012149],[103.6722111,10.75788],[103.6756291,10.7517764],[103.6887313,10.7477481],[103.6887313,10.7429874],[103.6887313,10.7409529],[103.6849064,10.7408308],[103.684174,10.7407901],[103.6059676,10.7375349],[103.5673934,10.7265079],[103.551036,10.7030704],[103.5471298,10.6889509],[103.5383407,10.669501],[103.5280868,10.6521671],[103.5200301,10.6447208],[103.5068466,10.6354434],[103.5019637,10.6171329],[103.5070907,10.6042341],[103.5236923,10.6112328],[103.5437932,10.5961775],[103.5535588,10.5855167],[103.5615341,10.5623233],[103.570079,10.5550805],[103.5794377,10.5508487],[103.5857854,10.5491397],[103.5906682,10.5501163],[103.5940048,10.5536563],[103.5983993,10.5566267],[103.6062932,10.5559757],[103.6106063,10.5514591],[103.6131291,10.5382755],[103.6162216,10.5354678],[103.6154077,10.5291202],[103.6171981,10.5150414],[103.6238713,10.5009219],[103.6373804,10.4945336],[103.6557723,10.4951846],[103.6932072,10.503404],[103.7260848,10.5013695],[103.7470809,10.5089786],[103.741954,10.5262719],[103.7231551,10.5446638],[103.7019149,10.5559757],[103.7019149,10.5628116],[103.7093205,10.5592309],[103.7260848,10.5586612],[103.7360946,10.5559757],[103.7439071,10.5498721],[103.7482202,10.5431176],[103.754161,10.5377465],[103.7671005,10.5354678],[103.7910262,10.5357934],[103.8078719,10.5379092],[103.8205673,10.5440128],[103.832286,10.5559757],[103.8542587,10.5864932],[103.8628036,10.6038272],[103.8663843,10.6211612],[103.8597111,10.6581078],[103.8588973,10.6795922],[103.8663843,10.6993676],[103.8691512,10.6935489],[103.8708602,10.6786563],[103.8737899,10.6726749],[103.8746851,10.6687686],[103.8737085,10.6640486],[103.873383,10.6600609],[103.8769637,10.6583926],[103.8912867,10.6591251],[103.8942977,10.6583926],[103.9162704,10.6185977],[103.9179794,10.6112328],[103.9455673,10.5881208],[103.9592391,10.5839298],[103.9760848,10.5825056],[104.071788,10.5559757],[104.0890406,10.5546329],[104.1131291,10.5609398],[104.1301376,10.5628116],[104.181163,10.5495466],[104.2070419,10.5499942],[104.2226669,10.5702579],[104.2303166,10.5631371],[104.2365829,10.5646426],[104.2426864,10.5690372],[104.2498479,10.5702579],[104.2566024,10.5658227],[104.2685653,10.5520694],[104.2741805,10.5491397],[104.2863062,10.5404727],[104.2898055,10.497504],[104.2976994,10.4808617],[104.306163,10.4785831],[104.3156031,10.4811059],[104.3325301,10.4877383],[104.3631291,10.4877383],[104.3723251,10.4820824],[104.4075627,10.4461124],[104.4220484,10.4522973],[104.4323837,10.4462751],[104.4492294,10.4256046],[104.4513452,10.4198266],[104.4513452,10.4196638],[104.4558212,10.4071719],[104.4531356,10.3906925],[104.4536239,10.3798282],[104.4695744,10.3784854],[104.4858505,10.3832869],[104.4990341,10.3918318],[104.5094507,10.4039981],[104.517426,10.4194197],[104.524913,10.4194197],[104.5305282,10.4090844],[104.5300399,10.3996036],[104.5250757,10.389838],[104.517426,10.3784854],[104.5091252,10.3727074],[104.5019637,10.3729516],[104.4990341,10.3705915],[104.5037541,10.3573673],[104.5258895,10.3288435],[104.5358993,10.3095564],[104.5373641,10.2822126],[104.5454208,10.2822126],[104.5461532,10.2866885],[104.5473739,10.2894555],[104.5515243,10.2958845],[104.5793563,10.2748477],[104.5888778,10.260891],[104.5925399,10.2375349],[104.5925399,10.2102725],[104.5954696,10.2008731],[104.6087346,10.1857364],[104.6130477,10.1791853],[104.613536,10.1673852],[104.6097111,10.1599796],[104.6076766,10.1535098],[104.6130477,10.1444766],[104.6159774,10.1464298],[104.6508895,10.1444766],[104.6541447,10.1488305],[104.6583765,10.1680362],[104.6645614,10.1723494],[104.6756291,10.1748721],[104.6780705,10.1813419],[104.6779077,10.1900902],[104.6813257,10.1996931],[104.7073674,10.2223168],[104.738536,10.2313907],[104.7719833,10.22663],[104.8048609,10.2070987],[104.8254501,10.1808536],[104.8453882,10.1472029],[104.8689071,10.1161156],[104.9010523,10.0973168],[104.924327,10.0962589],[104.9638778,10.1058617],[104.9836532,10.103461],[105.0032658,10.0921085],[105.0426538,10.0550805],[105.0876571,9.9967309],[105.1004338,9.9741072],[105.107107,9.9527042],[105.107107,9.9085961],[105.1131291,9.8710391],[105.1132919,9.8570824],[105.0893661,9.9198673],[105.0866805,9.9359398],[105.0766708,9.9434268],[105.0548609,9.9334171],[104.9933374,9.888129],[104.9768986,9.8712426],[104.9699813,9.8536645],[104.9394292,9.8495646],[104.8927892,9.8510951],[104.872319,9.7930174],[104.8565576,9.7380369],[104.8356226,9.5562198],[104.8327743,9.5144717],[104.8260721,9.4009656],[104.8255314,9.3400333],[104.8191024,9.1929385],[104.8110458,9.1326358],[104.8070728,9.0455714],[104.8086119,8.9752846],[104.811717,8.9370495],[104.7962433,8.8912313],[104.7854015,8.8561024],[104.7745945,8.8178673],[104.7916746,8.7840622],[104.816661,8.7713077],[104.8579208,8.7814395],[104.9215601,8.8093122],[104.9162704,8.7904727],[104.9191187,8.7704532],[104.9289657,8.7534854],[104.9289657,8.7473005],[104.91212,8.7353376],[104.9047958,8.7336286],[104.8806258,8.7336286],[104.8642684,8.7317569],[104.8527938,8.7291934],[104.8483993,8.7235782],[104.8532821,8.7125512],[104.8761499,8.6992048],[104.9074813,8.6996117],[104.939301,8.7080753],[104.9631454,8.7193871],[104.9563908,8.7074242],[104.9423934,8.6964379],[104.9257919,8.6883813],[104.9116317,8.6852074],[104.845551,8.6981469],[104.8327743,8.6988793],[104.8195093,8.6908633],[104.8237411,8.6862247],[104.8341577,8.6809757],[104.8390406,8.6709659],[104.8351343,8.6604678],[104.8281356,8.6565616],[104.8191024,8.6540388],[104.8084416,8.6476505],[104.7593013,8.6156205],[104.7400822,8.6120466],[104.728038,8.6163598],[104.7202255,8.6137556],[104.722911,8.6026879],[104.7285262,8.5995141],[104.7522079,8.5907657],[104.8147893,8.5811221],[104.8220321,8.5771345],[104.8269149,8.5726586],[104.8327743,8.5691592],[104.8562118,8.5655785],[105.0347281,8.6162184],[105.1014723,8.6342754],[105.1263595,8.6601413],[105.1544074,8.7058582],[105.1840308,8.7408817],[105.2167515,8.7545104],[105.2588198,8.7604652],[105.2931843,8.7878547],[105.315126,8.8122374],[105.3339758,8.8396988],[105.4082137,8.9800479],[105.4089462,8.984768],[105.4073999,8.9959171],[105.4082137,9.0005557],[105.4132593,9.0047061],[105.426036,9.008002],[105.4285588,9.0107283],[105.4329533,9.0283064],[105.4436141,9.04149],[105.4702255,9.0619571],[105.5141708,9.108588],[105.5387476,9.1293399],[105.759939,9.2109236],[105.8682561,9.2547061],[106.0182398,9.315253],[106.1554468,9.3568383],[106.1839299,9.3622094],[106.19337,9.3693301],[106.1970321,9.384711],[106.1945907,9.3989932],[106.1878361,9.4044864],[106.1788843,9.4084333],[106.1692001,9.418199],[106.2058212,9.4573428],[106.210704,9.4700382],[106.2077743,9.5114607],[106.2036239,9.5268415],[106.1970321,9.5411645],[106.0929468,9.6929385],[106.0835067,9.7130801],[106.0797632,9.7307803],[106.0734969,9.7479516],[105.9021102,9.9166934],[105.870751,9.947572],[105.8383895,9.9794376],[105.819021,10.0079613],[105.838064,10.0050316],[105.8694768,9.9853376],[105.9040633,9.9764672],[105.9328719,9.9553897],[105.9704696,9.9208438],[106.0283257,9.8492731],[106.0647079,9.8042667],[106.2503361,9.631171],[106.3371688,9.5847029],[106.3850204,9.5482852],[106.398204,9.5420596],[106.4394637,9.5411645],[106.4539494,9.5505232],[106.4643661,9.554755],[106.4734807,9.551988],[106.4848739,9.5471052],[106.4972437,9.5499942],[106.5185653,9.562893],[106.5437118,9.5850284],[106.5631617,9.6143253],[106.5755314,9.648627],[106.580577,9.6996931],[106.5798446,9.7203637],[106.5749618,9.7390811],[106.5629989,9.7472191],[106.5378524,9.7511661],[106.5275171,9.7621931],[106.5185653,9.8018253],[106.5009872,9.8340518],[106.4757593,9.8618025],[106.3889266,9.9328067],[106.369314,9.9569359],[106.3636174,9.9601098],[106.3125106,10.0079613],[106.3066512,10.016669],[106.2981877,10.0332706],[106.2920028,10.0420596],[106.2832137,10.0506859],[106.2464299,10.07746],[106.2194161,10.0971415],[106.2150985,10.1002872],[106.19337,10.120266],[106.1821395,10.1330427],[106.1728622,10.1475284],[106.1660262,10.1810977],[106.1578882,10.19538],[106.1350204,10.2201602],[106.127452,10.2247989],[106.1178492,10.2292341],[106.1132919,10.2342797],[106.1181747,10.2381046],[106.1213485,10.240668],[106.1272893,10.2394473],[106.1364852,10.2345645],[106.1448674,10.2285831],[106.1748291,10.198134],[106.3950301,9.9743513],[106.4797469,9.923977],[106.5044051,9.905463],[106.5633244,9.8417829],[106.5867619,9.8229434],[106.6113387,9.8170434],[106.6378687,9.8259952],[106.6578882,9.8486189],[106.6626083,9.8837344],[106.6687118,9.8837344],[106.6740829,9.8761254],[106.6764429,9.8667667],[106.6750594,9.8576114],[106.6687118,9.8502465],[106.6687118,9.8428409],[106.682465,9.8551293],[106.6932072,9.8764102],[106.6962997,9.8965518],[106.6863713,9.905463],[106.6705835,9.9094099],[106.6142684,9.9390323],[106.5615341,9.9791527],[106.4843856,10.0153262],[106.4616805,10.035712],[106.3685002,10.1559105],[106.3581649,10.1765811],[106.3493758,10.2148298],[106.3379012,10.2280948],[106.3078719,10.2514102],[106.302745,10.2533227],[106.2973739,10.2559268],[106.2920028,10.2617048],[106.3312281,10.2494978],[106.3598739,10.2206892],[106.44337,10.089545],[106.4689234,10.0589867],[106.4980575,10.0358341],[106.5478622,10.0153669],[106.5629989,10.004462],[106.5769149,9.9910342],[106.5910751,9.9807803],[106.6074325,9.9748396],[106.6448674,9.9733747],[106.6489364,9.9743513],[106.6515406,9.9775251],[106.653982,9.9850121],[106.6609807,9.9948591],[106.6608179,10.0014509],[106.6642359,10.0060896],[106.6795354,10.0079613],[106.6840926,10.0120303],[106.6795354,10.0209822],[106.6725367,10.0294864],[106.6687118,10.0324161],[106.6711532,10.0410017],[106.6767684,10.0492211],[106.6897893,10.0625675],[106.6921493,10.0665958],[106.6966252,10.0836449],[106.7041122,10.0836449],[106.7083439,10.0752628],[106.7102971,10.0658633],[106.7092391,10.0566267],[106.7041122,10.0488956],[106.7208765,10.0449079],[106.7370712,10.0541446],[106.7912704,10.1101749],[106.7971298,10.125393],[106.7990829,10.1481387],[106.797618,10.1572126],[106.7931421,10.1625023],[106.7856551,10.1649438],[106.775564,10.1655134],[106.7651473,10.16767],[106.7583114,10.1723494],[106.7535913,10.1770694],[106.7483016,10.1791853],[106.7423609,10.1823591],[106.7262476,10.1964786],[106.7208765,10.1996931],[106.4803166,10.2808292],[106.4223739,10.316962],[106.4376734,10.3218448],[106.4523218,10.3161482],[106.4680282,10.3073184],[106.4875594,10.3027204],[106.5252385,10.3025577],[106.5983179,10.2885196],[106.7041122,10.2890486],[106.7560327,10.2771671],[106.775564,10.2753767],[106.7907821,10.2848575],[106.7954208,10.3068301],[106.7880966,10.3931339],[106.781993,10.4077823],[106.7690536,10.4225121],[106.7597762,10.4363467],[106.7517196,10.453518],[106.7410588,10.4680036],[106.7241317,10.4740665],[106.7136337,10.468085],[106.6980087,10.4409854],[106.6897893,10.4330508],[106.6701766,10.4325626],[106.6629338,10.4439151],[106.6606551,10.4601098],[106.6557723,10.4740665],[106.6489364,10.4740665],[106.641368,10.4589298],[106.6300562,10.4457869],[106.6154077,10.4365909],[106.5974227,10.4330508],[106.5867619,10.4387068],[106.5818791,10.4527855],[106.579926,10.4877383],[106.5871688,10.4788272],[106.592133,10.4686954],[106.5948999,10.4560001],[106.5942489,10.4392764],[106.6067814,10.4476586],[106.6201278,10.4526228],[106.6303817,10.4586856],[106.6380314,10.47899],[106.646495,10.4866397],[106.6577255,10.4921329],[106.6687118,10.4945336],[106.6624455,10.5011254],[106.6591903,10.5070661],[106.6557723,10.5218773],[106.6626083,10.5218773],[106.6723739,10.5042178],[106.6888127,10.5036482],[106.7208765,10.5150414],[106.7334091,10.522447],[106.7409774,10.5399844],[106.7440699,10.5522322],[106.7461044,10.5603702],[106.7519637,10.5764835],[106.7578231,10.5827091],[106.7639266,10.586656],[106.7690536,10.5922712],[106.7724716,10.6037458],[106.7609969,10.6315372],[106.7587997,10.6413028],[106.7536727,10.646796],[106.743663,10.651516],[106.736827,10.6581485],[106.7414657,10.6692569],[106.7475692,10.6736514],[106.7672632,10.6843122],[106.7681584,10.6846785],[106.7724716,10.6863467],[106.7858179,10.6801212],[106.793549,10.6735294],[106.8012801,10.6669376],[106.8142196,10.6521671],[106.8195907,10.6413028],[106.8286239,10.6302758],[106.8486434,10.6355655],[106.8677678,10.6452091],[106.8816024,10.6521671],[106.8905542,10.6446394],[106.9431258,10.6006534],[106.938243,10.5666365],[106.9377548,10.5487328],[106.9431258,10.5292829],[106.9489852,10.5205753],[106.9546005,10.5165063],[106.9593205,10.5118676],[106.9636337,10.5013695],[106.9626571,10.4910342],[106.9586695,10.4804548],[106.9572046,10.4716658],[106.9636337,10.4666202],[106.9721786,10.4742699],[106.9943954,10.5128848],[107.0035913,10.5177676],[107.0114038,10.5218773],[106.991954,10.5401065],[106.9841415,10.5668806],[106.9848739,10.5968285],[106.9914657,10.6249047],[106.9978133,10.6249047],[106.9982202,10.5972354],[106.9963485,10.5851911],[106.9914657,10.5764835],[106.9914657,10.5702579],[107.0051376,10.5559757],[106.9978133,10.5491397],[107.0097762,10.5389672],[107.0190536,10.5338809],[107.0256454,10.5354678],[107.0268661,10.5441755],[107.0213322,10.5501163],[107.0144149,10.5554874],[107.0114038,10.5628116],[107.0227157,10.5875919],[107.0250757,10.6039086],[107.0148218,10.6112328],[107.002452,10.6170922],[107.0026148,10.6304385],[107.0114038,10.6552595],[107.0042424,10.664252],[106.9900822,10.6735701],[106.9797469,10.6847598],[106.9841415,10.6993676],[107.0131942,10.6726749],[107.0236923,10.6563175],[107.0253199,10.6352807],[107.0256454,10.6310489],[107.0146591,10.6354841],[107.0114038,10.6378848],[107.0157984,10.627753],[107.028982,10.613837],[107.0319117,10.6074893],[107.0341903,10.5358747],[107.0327255,10.5259464],[107.0256454,10.5150414],[107.0159611,10.5094262],[107.0141708,10.5086938],[107.004161,10.5047061],[106.9943954,10.4966495],[106.9914657,10.4808617],[106.9978133,10.4808617],[107.0035913,10.4885928],[107.0109969,10.4941267],[107.0256454,10.5013695],[107.026215,10.4931094],[107.0319117,10.4740665],[107.0432235,10.4798038],[107.0504663,10.4884708],[107.0598251,10.5082055],[107.063243,10.4950626],[107.0626734,10.4895694],[107.0598251,10.4808617],[107.0660913,10.4808617],[107.0817977,10.4916039],[107.1027938,10.4899356],[107.122732,10.4802107],[107.1355087,10.4666202],[107.1417749,10.4666202],[107.1417749,10.4808617],[107.1494247,10.477932],[107.1608993,10.4765079],[107.1712346,10.4764672],[107.1759546,10.4774438],[107.1956486,10.4570173],[107.2004501,10.4535587],[107.2054143,10.4506697],[107.2119247,10.4435489],[107.2169702,10.434475],[107.2175399,10.4256046],[107.2116805,10.419379],[107.2031356,10.4172224],[107.1949976,10.4140486],[107.1901962,10.4051781],[107.2163192,10.4015567],[107.2544051,10.3788923],[107.2719833,10.3784854],[107.2966415,10.4157169],[107.3260197,10.4424503],[107.3341577,10.4535587],[107.3449813,10.4504255],[107.3846135,10.462836],[107.4295354,10.4684512],[107.4475204,10.4733341],[107.5114038,10.5016544],[107.5305282,10.5129255],[107.5390731,10.5255801],[107.5442001,10.5362003],[107.5704859,10.5622419],[107.580577,10.5702579],[107.5865178,10.5735131],[107.6213485,10.5925967],[107.6445419,10.6006534],[107.6662704,10.6037458],[107.7312932,10.6378848],[107.7683212,10.6502139],[107.7822372,10.6577823],[107.8239038,10.6923689],[107.8823348,10.7169864],[107.898204,10.7199568],[107.9194442,10.7210961],[107.9362899,10.7186954],[107.9806421,10.7057966],[107.9914657,10.6993676],[107.9983016,10.6993676],[108.035411,10.7727725],[108.0429794,10.8139102],[108.0571395,10.8421085],[108.0603133,10.8541934],[108.0656844,10.8679874],[108.0891219,10.8920352],[108.094493,10.9020043],[108.1064559,10.9181583],[108.1350204,10.9276798],[108.2586369,10.951809],[108.2853296,10.9433454],[108.2937118,10.9128279],[108.3000594,10.9128279],[108.3154403,10.944322],[108.3252059,10.9515648],[108.3449813,10.9538028],[108.3498641,10.9638533],[108.3628036,11.009711],[108.3688257,11.0227725],[108.3763127,11.0262719],[108.393077,11.0270857],[108.4035751,11.0289574],[108.4391382,11.0466983],[108.4470321,11.0494652],[108.4723413,11.053168],[108.4819442,11.0640323],[108.4917098,11.1046817],[108.5003361,11.1208357],[108.514008,11.1387393],[108.5312606,11.1532657],[108.5594182,11.162421],[108.5716252,11.1760115],[108.5774032,11.1791446],[108.615245,11.1791446],[108.6259872,11.1817895],[108.6462508,11.1904971],[108.6562606,11.1928165],[108.6692001,11.1912296],[108.6904403,11.1814639],[108.7005314,11.1791446],[108.7174585,11.1791853],[108.72934,11.1815453],[108.7380477,11.1896833],[108.7456161,11.2070987],[108.7578231,11.2577986],[108.7661239,11.2759464],[108.7751571,11.2884789],[108.7878524,11.3006859],[108.8212997,11.3237165],[108.838064,11.3307559],[108.8561304,11.3339704],[108.8738713,11.3338891],[108.8896591,11.3306339],[108.9333602,11.311184],[108.9516708,11.310126],[108.9660751,11.3147647],[108.9807235,11.3237165],[109.0056258,11.3436547],[109.018077,11.3559024],[109.0224716,11.3676212],[109.0192977,11.4063175],[109.0283309,11.4742699],[109.0278426,11.5174828],[109.0124618,11.5428734],[109.0192977,11.5423038],[109.0403752,11.5428734],[109.0340275,11.5595564],[109.0346786,11.5741234],[109.0383407,11.5877139],[109.0403752,11.6015079],[109.0332137,11.6076521],[109.0217391,11.6203067],[109.0202743,11.6327986],[109.0434676,11.6384952],[109.0481063,11.6313337],[109.0556747,11.5966251],[109.0670679,11.5838077],[109.085704,11.5797794],[109.1025497,11.5810408],[109.1171981,11.5802676],[109.129161,11.5702172],[109.1359969,11.5702172],[109.1482854,11.5860863],[109.1540633,11.5969913],[109.1565048,11.6083438],[109.160411,11.6164411],[109.1785588,11.6316592],[109.1843368,11.6384952],[109.1883244,11.6533064],[109.1888127,11.6632348],[109.1912541,11.6719425],[109.208995,11.693671],[109.2177841,11.7140974],[109.2247827,11.7216251],[109.2321883,11.7141788],[109.2429305,11.7356632],[109.2036239,11.7845727],[109.203868,11.7886824],[109.204926,11.8103702],[109.1928817,11.8275414],[109.1941024,11.8411319],[109.2009383,11.8538272],[109.204926,11.8681094],[109.1979273,11.8694522],[109.1828719,11.8530134],[109.1682235,11.8331973],[109.1633407,11.8240421],[109.1316024,11.8300235],[109.1258244,11.8635928],[109.1372176,11.8960635],[109.1565048,11.8991153],[109.181814,11.9216983],[109.1987411,11.9481469],[109.2081812,11.97663],[109.2111923,12.0056013],[109.2058212,12.0216332],[109.1823837,12.0428734],[109.1769312,12.053046],[109.1821395,12.0810408],[109.1806747,12.0847029],[109.176036,12.0885684],[109.1633407,12.1120059],[109.1767684,12.129462],[109.1862085,12.1177432],[109.1958114,12.0748966],[109.2185165,12.0158145],[109.2111923,12.0158145],[109.2226669,11.9816348],[109.2165633,11.9088402],[109.2247827,11.8786482],[109.2282821,11.8808048],[109.2356063,11.8833682],[109.2390243,11.8854434],[109.2475692,11.8729516],[109.2614038,11.8657087],[109.2778426,11.8648135],[109.2942001,11.8712426],[109.2942001,11.8786482],[109.2807723,11.8839379],[109.2708439,11.8950056],[109.2658798,11.9098982],[109.266368,11.9264591],[109.2834579,11.9401309],[109.2834579,11.9435082],[109.2867945,11.9611677],[109.2867945,11.967434],[109.2583114,11.9867618],[109.2491968,11.9973819],[109.220551,12.0506046],[109.2138778,12.0681013],[109.2099716,12.1096866],[109.2111923,12.1182315],[109.2226669,12.1290551],[109.2268173,12.1378848],[109.2216903,12.1496036],[109.2142033,12.1585961],[109.2126571,12.1626651],[109.213064,12.1660017],[109.2111923,12.1728376],[109.209646,12.1860212],[109.2043563,12.193793],[109.1906031,12.2008324],[109.1909286,12.2001814],[109.1843368,12.1939965],[109.188243,12.2057559],[109.1984969,12.2079532],[109.2247827,12.2008324],[109.2176213,12.2114932],[109.208995,12.2216658],[109.2048446,12.2333845],[109.2111923,12.2486026],[109.1915796,12.2604027],[109.182465,12.2678083],[109.1769312,12.276516],[109.1823837,12.2726098],[109.204926,12.2628848],[109.2146916,12.289781],[109.2185165,12.2963728],[109.2247827,12.2963728],[109.2363387,12.2910831],[109.2421981,12.2965762],[109.2420354,12.305406],[109.2292587,12.3137068],[109.221202,12.3224958],[109.2141219,12.3329125],[109.2111923,12.341376],[109.2104598,12.3631859],[109.2065536,12.3871524],[109.1962997,12.4027774],[109.1769312,12.3994001],[109.1704208,12.4103865],[109.154633,12.4269066],[109.1496688,12.4403751],[109.1565048,12.4403751],[109.1598413,12.4379337],[109.1701766,12.4335391],[109.16684,12.4379744],[109.1613876,12.4487979],[109.1565048,12.4546573],[109.1850692,12.4589298],[109.2155054,12.4401716],[109.2589624,12.3925642],[109.2722274,12.3677432],[109.2823999,12.3559431],[109.2973739,12.3510196],[109.3090926,12.3600528],[109.3156844,12.3768985],[109.3225204,12.3860538],[109.334646,12.3721378],[109.3420516,12.3788923],[109.334646,12.3857283],[109.3459579,12.3963077],[109.3366805,12.4101423],[109.3186955,12.4221866],[109.3039657,12.4273949],[109.2985132,12.4308129],[109.2942814,12.4390323],[109.2934676,12.4490421],[109.3035588,12.4696313],[109.2983505,12.4779727],[109.2493596,12.5095076],[109.2371525,12.5222842],[109.2321883,12.5403507],[109.2378036,12.555406],[109.2470809,12.5719669],[109.2490341,12.5855167],[109.2321883,12.591254],[109.2321883,12.5837263],[109.2390243,12.5837263],[109.2390243,12.5775821],[109.2278752,12.5745303],[109.2236434,12.565253],[109.2219344,12.5536156],[109.2185165,12.5434024],[109.2111923,12.5434024],[109.2115992,12.5480411],[109.2102157,12.5492618],[109.2077743,12.5492211],[109.204926,12.5502383],[109.204926,12.5597191],[109.2013452,12.5759138],[109.2004501,12.591254],[109.2080184,12.5980492],[109.2046005,12.6369083],[109.204926,12.6464298],[109.2335718,12.6870792],[109.2421981,12.6935896],[109.2553817,12.6991234],[109.2695419,12.712307],[109.2942001,12.7420108],[109.3039657,12.7508813],[109.3383895,12.773098],[109.3431096,12.7807478],[109.3444117,12.7886417],[109.3478296,12.7948266],[109.3588973,12.7973087],[109.3625594,12.7929141],[109.3625594,12.7625186],[109.3689071,12.7502302],[109.3864038,12.7275251],[109.3899032,12.7116153],[109.38559,12.70246],[109.3762313,12.6969262],[109.3668726,12.6934268],[109.3625594,12.6904971],[109.360118,12.6852888],[109.3420516,12.6601016],[109.3542587,12.6600609],[109.363536,12.6562361],[109.3703719,12.6491153],[109.3762313,12.6389835],[109.3801376,12.6478946],[109.381521,12.6563988],[109.3801376,12.6648624],[109.3762313,12.6737735],[109.3873804,12.6718611],[109.3960067,12.6730818],[109.4016219,12.6779646],[109.4034937,12.6874454],[109.4240829,12.6526553],[109.4240829,12.6464298],[109.4065861,12.6306827],[109.4034937,12.6288109],[109.4051213,12.6179874],[109.4088648,12.6131046],[109.4133407,12.6102563],[109.4172469,12.6054548],[109.4299423,12.5758731],[109.4402775,12.564602],[109.4513452,12.5707462],[109.4524032,12.583238],[109.4489852,12.6240909],[109.4513452,12.6389835],[109.457286,12.6441104],[109.4641219,12.6459008],[109.4699813,12.648627],[109.4724227,12.6563988],[109.469493,12.6603458],[109.4513452,12.6737735],[109.4362085,12.6742211],[109.4207463,12.6913109],[109.3762313,12.7761905],[109.3756617,12.7903507],[109.3764755,12.804348],[109.3754989,12.8163516],[109.3688257,12.8246117],[109.3776962,12.8324242],[109.3846135,12.8339704],[109.3865666,12.834418],[109.3952743,12.8349063],[109.4034937,12.8382022],[109.4078882,12.844143],[109.4140731,12.859768],[109.4172469,12.8649356],[109.438243,12.8786075],[109.4489852,12.8766951],[109.4500432,12.8732364],[109.446788,12.8690453],[109.4445093,12.8649356],[109.4407658,12.8606632],[109.4336044,12.8568383],[109.428396,12.8521182],[109.4309188,12.8451195],[109.435883,12.8448754],[109.4536239,12.849921],[109.4581812,12.8518741],[109.4629012,12.862128],[109.4663192,12.8789737],[109.4672958,12.8976911],[109.4650171,12.9133161],[109.4582626,12.9240583],[109.4163518,12.9717471],[109.3966577,13.002753],[109.3701278,13.0318057],[109.3494572,13.0682641],[109.3411564,13.0766055],[109.3283798,13.0846622],[109.3313908,13.0935733],[109.3253687,13.106879],[109.3156031,13.1194522],[109.3073837,13.1330427],[109.3042098,13.1506208],[109.3069768,13.1663272],[109.3117782,13.1817081],[109.3142196,13.1979434],[109.3076278,13.2186547],[109.3073837,13.2286645],[109.3188583,13.2514102],[109.3210555,13.2590193],[109.320079,13.2795271],[109.3181258,13.2888858],[109.3142196,13.2975528],[109.3079533,13.3037784],[109.3037216,13.303168],[109.3029891,13.2977969],[109.3073837,13.2901065],[109.3073837,13.2838809],[109.2962346,13.278876],[109.2927352,13.2667911],[109.2942001,13.2355004],[109.2815048,13.2489688],[109.2726343,13.263251],[109.2589624,13.2975528],[109.266368,13.3012149],[109.2685653,13.3018253],[109.273204,13.3106143],[109.2780868,13.3068708],[109.2893173,13.3011742],[109.2942001,13.2975528],[109.2950952,13.3072777],[109.2942814,13.3146426],[109.2917587,13.32038],[109.2867945,13.3248966],[109.2867945,13.3310408],[109.2980249,13.3302676],[109.3056747,13.3338891],[109.3088485,13.3414574],[109.3073837,13.3527693],[109.299327,13.3646915],[109.2910262,13.3631046],[109.2800399,13.3527693],[109.266368,13.3618025],[109.2493596,13.384711],[109.2321883,13.3931339],[109.2341415,13.4100609],[109.2375594,13.4200707],[109.2452906,13.4272322],[109.2346298,13.4370792],[109.235118,13.44538],[109.2375594,13.4531925],[109.2321883,13.4613712],[109.238536,13.476752],[109.2451278,13.4851749],[109.2529403,13.4886742],[109.2625432,13.4893253],[109.2944442,13.4681664],[109.3004663,13.4613712],[109.2981877,13.4484317],[109.2885848,13.4422061],[109.2780868,13.4379337],[109.273204,13.431057],[109.2775171,13.4216169],[109.2991643,13.4174665],[109.3073837,13.4068057],[109.3185327,13.4137637],[109.3249618,13.4223087],[109.334646,13.440904],[109.3313094,13.4520938],[109.3396916,13.4654809],[109.334646,13.4757348],[109.3232528,13.469794],[109.3121851,13.4716251],[109.3037216,13.4798852],[109.3004663,13.4927432],[109.3022567,13.5015323],[109.3108016,13.513129],[109.3142196,13.5228946],[109.3017684,13.5175235],[109.2980249,13.5147159],[109.2942001,13.5092227],[109.2867945,13.5092227],[109.2658798,13.5338809],[109.2589624,13.5446231],[109.2624618,13.5439314],[109.266368,13.5487328],[109.267426,13.5546736],[109.2583114,13.5597598],[109.2452906,13.5712344],[109.2412216,13.581529],[109.2371525,13.6013858],[109.2321883,13.6122501],[109.2241317,13.6195336],[109.2155868,13.623684],[109.2101343,13.6308048],[109.2111923,13.6469587],[109.2185165,13.6469587],[109.2260848,13.6319034],[109.2529403,13.60163],[109.2634383,13.5770531],[109.2856551,13.5390079],[109.2942001,13.5303409],[109.2927352,13.5435245],[109.291189,13.5465762],[109.2867945,13.5507673],[109.2867945,13.5576033],[109.2981063,13.5584984],[109.3034774,13.5622012],[109.3038843,13.568793],[109.3004663,13.5781111],[109.2957463,13.5777042],[109.2824813,13.5851505],[109.2705184,13.5941837],[109.269786,13.5985782],[109.2571721,13.6056176],[109.2475692,13.6227074],[109.2413843,13.644029],[109.2390243,13.6637637],[109.2390243,13.6913923],[109.2370712,13.6985945],[109.236827,13.6996117],[109.2247827,13.7221133],[109.2262476,13.7435977],[109.2353622,13.7560896],[109.2478133,13.7654483],[109.2589624,13.7773298],[109.2461044,13.7796085],[109.2395126,13.7876651],[109.2321883,13.8108585],[109.2207137,13.8061384],[109.2218531,13.8132185],[109.2321883,13.8319766],[109.236176,13.869615],[109.2390243,13.8797875],[109.2514755,13.8909366],[109.2595321,13.8740095],[109.273204,13.8245303],[109.267426,13.7663028],[109.269786,13.7556013],[109.2957463,13.7556013],[109.3039657,13.7592634],[109.3004663,13.7977969],[109.3073837,13.8763695],[109.3016057,13.8858096],[109.2751571,13.9067244],[109.266368,13.9207217],[109.2526962,14.0326195],[109.2254338,14.10399],[109.2150985,14.1195743],[109.1840926,14.1362979],[109.172618,14.1565616],[109.1744898,14.1720645],[109.1975204,14.1677921],[109.2077743,14.1569685],[109.2126571,14.1446801],[109.2202255,14.13524],[109.2390243,14.133002],[109.2052515,14.1861026],[109.1909286,14.2205264],[109.2011825,14.2360294],[109.1945907,14.2774926],[109.1906031,14.2912458],[109.1814071,14.304755],[109.1496688,14.3384464],[109.1364852,14.366848],[109.1311955,14.3834496],[109.129161,14.3974063],[109.1302189,14.4516055],[109.125743,14.4653995],[109.1081649,14.4887149],[109.0744735,14.5785994],[109.0735783,14.570502],[109.0670679,14.5507266],[109.0610458,14.5637068],[109.0644637,14.57038],[109.0710555,14.5751],[109.0766708,14.5856794],[109.0861109,14.5852725],[109.0882268,14.5892602],[109.0870874,14.5960961],[109.0817977,14.6063907],[109.07897,14.6481383],[109.0773218,14.6724714],[109.0764266,14.6856143],[109.080577,14.6774763],[109.0866805,14.6713321],[109.0950627,14.6674258],[109.0861109,14.7153181],[109.0808212,14.7294783],[109.0434676,14.7772891],[109.0369572,14.7836368],[109.0167749,14.8130557],[109.0124618,14.8219669],[108.990245,14.8306339],[108.9855249,14.8366153],[109.0056258,14.8387719],[108.9426376,14.9795596],[108.9192001,15.0578067],[108.9100041,15.1466332],[108.9052841,15.1343448],[108.9038192,15.1281599],[108.9033309,15.1198591],[108.8977157,15.1198591],[108.8974716,15.1332055],[108.8922632,15.1413435],[108.8841252,15.1439477],[108.8759872,15.1403669],[108.8698023,15.1403669],[108.8624781,15.1524926],[108.8681747,15.159654],[108.8816024,15.1606306],[108.8977157,15.1539981],[108.9023544,15.1686466],[108.9054468,15.1979434],[108.9100041,15.209296],[108.924327,15.201809],[108.9228622,15.2107608],[108.919607,15.2152367],[108.9133407,15.216376],[108.9033309,15.2154809],[108.9033309,15.2228865],[108.9197697,15.2221133],[108.9329533,15.2271996],[108.9436141,15.2368839],[108.9516708,15.2502302],[108.9454859,15.2529158],[108.9321395,15.2539737],[108.924327,15.2564151],[108.91212,15.2634952],[108.8865666,15.2862003],[108.8810327,15.2991397],[108.8828231,15.3361677],[108.877452,15.3439802],[108.8532821,15.3626163],[108.8454696,15.3662784],[108.8390406,15.374335],[108.8326929,15.4138858],[108.8274846,15.4290225],[108.8208114,15.4247501],[108.8147079,15.4235701],[108.8079533,15.4252383],[108.8001408,15.4290225],[108.8056747,15.420559],[108.8084416,15.41767],[108.8144637,15.4147403],[108.8144637,15.4079044],[108.7955835,15.395087],[108.7885848,15.3741723],[108.7962346,15.3563907],[108.8212997,15.3526879],[108.8212997,15.345852],[108.8022567,15.3443057],[108.7941187,15.3446719],[108.78712,15.345852],[108.7812606,15.3310001],[108.7797958,15.3253441],[108.7729598,15.3253441],[108.7747502,15.3313663],[108.7761337,15.3344587],[108.7797958,15.3395857],[108.7736109,15.3512637],[108.7732854,15.3631859],[108.7745874,15.3750675],[108.7729598,15.3867862],[108.7659611,15.3938663],[108.7615666,15.3965518],[108.7435002,15.407294],[108.7387801,15.4113223],[108.7334091,15.4179141],[108.7094833,15.4376895],[108.7039494,15.4451358],[108.7026473,15.4699161],[108.6971135,15.4904239],[108.6909286,15.4904239],[108.6684676,15.4478214],[108.6525171,15.4387882],[108.6289169,15.4557152],[108.6209416,15.4747582],[108.6294051,15.4865176],[108.6445419,15.4931094],[108.6562606,15.4966495],[108.6677352,15.4826521],[108.6744898,15.4894066],[108.6834416,15.5177676],[108.6462508,15.5138614],[108.618663,15.5292423],[108.4553329,15.7470157],[108.4240829,15.8057315],[108.4148055,15.8674177],[108.4099227,15.8808454],[108.4026799,15.8823917],[108.3953557,15.8772647],[108.388357,15.8705508],[108.3824976,15.8671736],[108.3751734,15.8694522],[108.3771265,15.874213],[108.3852645,15.8788923],[108.3961695,15.8808454],[108.3881942,15.8983829],[108.3742782,15.9082706],[108.3586532,15.915432],[108.3059188,15.955227],[108.2937118,15.9696313],[108.2823186,15.9900577],[108.2791447,15.9956729],[108.2653101,16.0315616],[108.2585555,16.0709903],[108.2657984,16.1074079],[108.2795516,16.1020369],[108.3049423,16.1071638],[108.3142196,16.099921],[108.3176376,16.1117618],[108.3261825,16.1190453],[108.3371688,16.125393],[108.3483993,16.134711],[108.3365992,16.1477725],[108.3347274,16.151516],[108.3313908,16.1553409],[108.3244735,16.1488712],[108.3182072,16.1395531],[108.3173934,16.134711],[108.3005477,16.1375186],[108.2863062,16.1445173],[108.2745874,16.1534691],[108.2657984,16.1620141],[108.2589624,16.1620141],[108.2548934,16.1569685],[108.254161,16.156643],[108.2526962,16.1589216],[108.2453719,16.1620141],[108.2426864,16.1539574],[108.2386174,16.1467146],[108.232758,16.1403262],[108.2248641,16.134711],[108.2248641,16.1272647],[108.2473251,16.1232364],[108.247732,16.10871],[108.240896,16.0905216],[108.241954,16.075751],[108.2491968,16.0619164],[108.2589624,16.0105655],[108.2498479,16.0232608],[108.2346298,16.0193546],[108.2163192,16.0094669],[108.1975204,16.0037296],[108.2101343,16.0112979],[108.222911,16.0228946],[108.2332463,16.0370954],[108.238536,16.0521915],[108.2366643,16.0551212],[108.2282821,16.0897484],[108.2209579,16.0916202],[108.213064,16.0868188],[108.1975204,16.0720076],[108.1819768,16.091376],[108.1599227,16.1037458],[108.1428329,16.1193708],[108.1422632,16.1483829],[108.1544702,16.1708438],[108.1892196,16.1984724],[108.2001245,16.2115746],[108.2043563,16.2167016],[108.1787216,16.2147484],[108.151215,16.2169864],[108.1263127,16.2224796],[108.1081649,16.2302921],[108.101329,16.2302921],[108.0906682,16.2268741],[108.0719507,16.2289493],[108.0539657,16.2359887],[108.0460718,16.2473819],[108.0520126,16.2621117],[108.0659286,16.2572289],[108.094493,16.2365176],[108.0617782,16.2882348],[108.0534774,16.305406],[108.0437932,16.3399112],[108.0429794,16.3463809],[108.0310165,16.3427188],[108.0251571,16.3343773],[108.0205184,16.3251814],[108.0119735,16.3190372],[107.9904077,16.3247745],[107.9451604,16.3568383],[107.9299423,16.3532169],[107.9309188,16.3434105],[107.9375106,16.3120792],[107.9331161,16.305406],[107.896495,16.2780622],[107.891368,16.2841658],[107.8821721,16.2780622],[107.8789169,16.2885603],[107.8725692,16.2958845],[107.8640243,16.2977969],[107.8549911,16.2916934],[107.8481551,16.2916934],[107.8240666,16.3048363],[107.8122665,16.3131778],[107.8071395,16.32274],[107.7944442,16.3792178],[107.7965601,16.3873559],[107.8068954,16.3854434],[107.8142196,16.381171],[107.8204859,16.3765323],[107.8269149,16.373684],[107.8335067,16.374213],[107.8388778,16.3768578],[107.8411564,16.3797875],[107.8216252,16.3875186],[107.7999781,16.4157169],[107.7817489,16.4275577],[107.7587997,16.4630801],[107.7495223,16.4722354],[107.7114364,16.4972191],[107.7072046,16.5045434],[107.7031356,16.5143904],[107.6971135,16.520087],[107.6866968,16.5145938],[107.6816512,16.5077172],[107.6779891,16.5013695],[107.6728622,16.4972598],[107.6630966,16.4972191],[107.6652938,16.5018578],[107.6598413,16.513129],[107.6525985,16.522447],[107.6489364,16.5214298],[107.6497502,16.5309105],[107.6525985,16.538723],[107.656993,16.5454776],[107.6630966,16.5518253],[107.6367294,16.5458845],[107.6230575,16.5444197],[107.6084091,16.5449893],[107.6108505,16.5526391],[107.6124781,16.5558943],[107.6145939,16.5592716],[107.6215926,16.5592716],[107.6245223,16.557115],[107.6352645,16.5518253],[107.6352645,16.5592716],[107.6110946,16.5692813],[107.6015731,16.5765648],[107.5942489,16.5872257],[107.5861923,16.5816918],[107.5745549,16.5800235],[107.5639755,16.5827091],[107.5549423,16.5966251],[107.5439559,16.600572],[107.519786,16.6064314],[107.44337,16.6480167],[107.4736434,16.6531436],[107.5960393,16.5905216],[107.6352645,16.5797794],[107.6352645,16.5872257],[107.6046656,16.5956892],[107.4978133,16.6890323],[107.4116317,16.7500268],[107.3786727,16.7733829],[107.2492782,16.8800316],[107.2345484,16.8876407],[107.22934,16.8922387],[107.2233993,16.9013533],[107.216482,16.9079451],[107.2075301,16.9049747],[107.1894637,16.8923201],[107.189952,16.8861758],[107.1914169,16.8792178],[107.1901962,16.8745792],[107.1789657,16.8695336],[107.1672469,16.8676212],[107.1417749,16.8677432],[107.1417749,16.8745792],[107.1774195,16.8939477],[107.1833602,16.8981387],[107.1865341,16.9065616],[107.1936141,16.9110782],[107.2006942,16.9142927],[107.203868,16.9192569],[107.2006942,16.9262556],[107.1865341,16.9343936],[107.132579,17.0098331],[107.1212671,17.0185408],[107.1272079,17.0597598],[107.111827,17.0882836],[107.0074976,17.1622175],[106.9466252,17.2053897],[106.7639266,17.3355167],[106.6762801,17.4295108],[106.6635848,17.4472517],[106.6591903,17.4499372],[106.6582137,17.4537621],[106.6384383,17.4688988],[106.6346135,17.4704044],[106.6259872,17.4866397],[106.6147567,17.5187035],[106.5659286,17.5980492],[106.5390731,17.6275089],[106.5149032,17.6699079],[106.5044051,17.682766],[106.4822697,17.6964379],[106.4499618,17.7086449],[106.4174911,17.7129581],[106.3950301,17.7031925],[106.4002385,17.6991641],[106.4030054,17.6948103],[106.408702,17.682766],[106.3796493,17.6987979],[106.3830673,17.7191837],[106.4025985,17.7315128],[106.4223739,17.7237003],[106.4292098,17.7237003],[106.4292098,17.7311466],[106.3806258,17.7433943],[106.3469344,17.7472191],[106.3227645,17.7534854],[106.2994898,17.7622745],[106.2851669,17.7721215],[106.2920028,17.7782657],[106.3066512,17.771918],[106.3745223,17.7652855],[106.4106551,17.7470157],[106.4257919,17.7447777],[106.4355575,17.7394473],[106.4487411,17.7160098],[106.4785262,17.703518],[106.4895126,17.7025821],[106.4980575,17.7106387],[106.4953719,17.717963],[106.4751083,17.7370059],[106.4700627,17.7481957],[106.460704,17.7993839],[106.4518335,17.8281925],[106.4428817,17.8465844],[106.4494735,17.8566348],[106.4510197,17.8657087],[106.4470321,17.8721378],[106.4360458,17.8744978],[106.4360458,17.8819848],[106.4550887,17.881822],[106.4660751,17.8902042],[106.4742945,17.9028995],[106.4843856,17.9154727],[106.5040796,17.9306501],[106.5247502,17.9434268],[106.5247502,17.9496117],[106.5185653,17.9570173],[106.4389755,18.051988],[106.427745,18.0729027],[106.4223739,18.0942244],[106.4333602,18.1132673],[106.4348251,18.1235212],[106.4223739,18.1283633],[106.4034937,18.1061872],[106.3950301,18.1004906],[106.3841252,18.0998396],[106.3772893,18.103461],[106.3707788,18.1056176],[106.3601994,18.1004906],[106.3545028,18.0936547],[106.3498641,18.0836449],[106.3469344,18.0718448],[106.3466903,18.059475],[106.3364364,18.0790063],[106.3344833,18.0886091],[106.3403426,18.1004906],[106.3274032,18.0987816],[106.3237411,18.0973575],[106.3193466,18.0942244],[106.3063257,18.1004906],[106.3125106,18.1101749],[106.3240666,18.1180688],[106.3369247,18.1206729],[106.3466903,18.1146915],[106.3540145,18.1146915],[106.3460393,18.1327172],[106.332286,18.1452091],[106.2988387,18.1693383],[106.2708439,18.2040876],[106.2622176,18.2094587],[106.2405705,18.2171085],[106.2336532,18.220852],[106.181163,18.259711],[106.1657821,18.2655704],[106.1417749,18.2617862],[106.1201278,18.2548282],[106.1032821,18.2515323],[106.0934351,18.2587344],[106.1121525,18.2628848],[106.110118,18.2755395],[106.0981551,18.2900251],[106.0457463,18.3322615],[106.0080673,18.3784854],[106.0004989,18.3854027],[105.9773055,18.4020857],[105.9677841,18.4147403],[105.9588322,18.4325626],[105.9521591,18.4523786],[105.9494735,18.4710147],[105.9152938,18.4730899],[105.8792424,18.5109317],[105.8259383,18.5938988],[105.8020126,18.665432],[105.7951766,18.6764591],[105.7908635,18.6896833],[105.7897242,18.7187361],[105.7834579,18.7472598],[105.7644149,18.7589786],[105.7667749,18.7556013],[105.7698674,18.6950544],[105.7700301,18.6715762],[105.750743,18.6627872],[105.7547307,18.6762556],[105.7576604,18.6969669],[105.7561141,18.7159691],[105.7470809,18.7242699],[105.7426864,18.7307803],[105.757579,18.7720401],[105.7519637,18.7863223],[105.7409774,18.8015811],[105.7200627,18.8235538],[105.7126571,18.8263207],[105.6953231,18.8246931],[105.6887313,18.8266462],[105.6858016,18.8312849],[105.6750594,18.8545596],[105.6849064,18.853461],[105.6928817,18.8495548],[105.6987411,18.8430036],[105.7028915,18.8341332],[105.7166447,18.8483341],[105.7166447,18.8545596],[105.6945093,18.8607852],[105.6699325,18.8749454],[105.6482854,18.892727],[105.6347762,18.9098168],[105.6296493,18.9223087],[105.6222437,18.9545352],[105.6211044,18.9678409],[105.618663,18.9763044],[105.6132919,18.9855411],[105.6142684,18.9986026],[105.6248479,19.0284691],[105.6438094,19.0653751],[105.6683049,19.089545],[105.6955673,19.0811221],[105.7019963,19.0904809],[105.7117619,19.0966251],[105.7370712,19.1084659],[105.7298283,19.1338565],[105.7312118,19.1702335],[105.7434188,19.2319197],[105.7457788,19.2372501],[105.7595321,19.2353376],[105.7723088,19.2359887],[105.7810165,19.2648786],[105.7885848,19.2668318],[105.7975367,19.2673201],[105.8054305,19.2722842],[105.8062443,19.2743188],[105.8087671,19.2801781],[105.8108016,19.299628],[105.8059188,19.3021508],[105.7985946,19.299628],[105.7942001,19.3109398],[105.7917587,19.3207055],[105.8127548,19.3070336],[105.8100692,19.3214786],[105.7917587,19.3548852],[105.7868758,19.3830427],[105.7825627,19.3943546],[105.7712508,19.4032657],[105.7712508,19.4094913],[105.7849227,19.4032657],[105.7985946,19.4305688],[105.8127548,19.4231632],[105.8081161,19.4607608],[105.8193466,19.5366885],[105.819021,19.57392],[105.8147079,19.5744083],[105.8137313,19.5790469],[105.8131617,19.5897484],[105.8105575,19.5995954],[105.8054305,19.60871],[105.8029891,19.602932],[105.7957463,19.5945499],[105.7917587,19.5875919],[105.7908635,19.603461],[105.8038843,19.6130232],[105.8175562,19.6100121],[105.819021,19.5875919],[105.8239038,19.5989444],[105.8240666,19.6266137],[105.8259383,19.6422387],[105.8335067,19.6581485],[105.8559676,19.6916365],[105.8606063,19.7079939],[105.866954,19.7210961],[105.8811141,19.722154],[105.8952743,19.7213402],[105.9016219,19.7282169],[105.9054468,19.7438012],[105.9233505,19.7667911],[105.9288843,19.7800154],[105.915538,19.7744815],[105.8869735,19.7716332],[105.8737085,19.7656925],[105.8674423,19.7731794],[105.8947046,19.7872989],[105.9089462,19.7968611],[105.9152938,19.8073184],[105.9257919,19.7974307],[105.9288843,19.7936466],[105.9323023,19.805406],[105.9321395,19.8334415],[105.9358016,19.8482934],[105.9567977,19.8756371],[105.9565536,19.8851993],[105.9494735,19.9008243],[105.9494735,19.9103458],[105.955577,19.9254825],[105.9643661,19.9352888],[106.0083114,19.9734561],[106.019786,19.9860294],[106.0251571,19.9991723],[106.0319117,19.9991723],[106.0390731,19.9884301],[106.052745,19.977281],[106.0688583,19.9684919],[106.0835067,19.9649926],[106.0888778,19.973863],[106.1040145,20.0172387],[106.107107,20.0332706],[106.1145126,20.0332706],[106.1108505,20.0134138],[106.1045028,19.9959171],[106.1014104,19.9799665],[106.107107,19.9649926],[106.1240341,19.9750023],[106.1608993,19.9840762],[106.176036,19.9923363],[106.1840926,20.0036075],[106.1959742,20.0334333],[106.2032984,20.0475121],[106.210704,20.0401065],[106.2063908,20.0349796],[106.1970321,20.0127628],[106.2119247,20.0211856],[106.236176,20.0480004],[106.259288,20.0612654],[106.283702,20.0946313],[106.3055119,20.108588],[106.3403426,20.1499698],[106.3532821,20.1768253],[106.3601994,20.1840681],[106.3811141,20.1920841],[106.3879501,20.1974958],[106.3807072,20.2045759],[106.3807072,20.2119815],[106.3901473,20.2162947],[106.3947046,20.2175154],[106.4018661,20.2182071],[106.4018661,20.2119815],[106.3950301,20.2119815],[106.3950301,20.2045759],[106.4602157,20.2119815],[106.4731551,20.2151553],[106.5049146,20.217025],[106.5292913,20.2223935],[106.5410266,20.2260662],[106.5542676,20.2246538],[106.5696149,20.2319939],[106.5723251,20.2466769],[106.5663078,20.2610773],[106.5560002,20.2777367],[106.552745,20.2865258],[106.5485132,20.2914493],[106.5247502,20.3082543],[106.5205184,20.2984073],[106.5129501,20.2944197],[106.5048934,20.2974307],[106.5029403,20.3005232],[106.4980575,20.3082543],[106.5044051,20.3082543],[106.5216577,20.3134626],[106.5369572,20.3091495],[106.5499781,20.298977],[106.5595809,20.2865258],[106.581659,20.2641774],[106.5925932,20.2754107],[106.5884745,20.3032752],[106.5854887,20.3222921],[106.5837659,20.3379746],[106.5797762,20.350216],[106.5776473,20.3589542],[106.5595809,20.3759219],[106.5633244,20.3754744],[106.5656844,20.3764509],[106.5667424,20.3788923],[106.5664169,20.3827172],[106.5680445,20.3780785],[106.57309,20.3684757],[106.5841577,20.381822],[106.5905868,20.4047305],[106.5942489,20.4481876],[106.5842391,20.4578311],[106.5616968,20.4550642],[106.5380966,20.4462344],[106.5247502,20.4373233],[106.5185653,20.4373233],[106.523204,20.4452172],[106.5297958,20.4544132],[106.5369572,20.4620629],[106.5424911,20.4652774],[106.5454208,20.4675967],[106.5737411,20.4771182],[106.579926,20.4782576],[106.5844833,20.4960391],[106.5748804,20.5107283],[106.5677189,20.5248884],[106.579926,20.540961],[106.579926,20.5471866],[106.5506291,20.5324161],[106.5361434,20.531643],[106.5185653,20.540961],[106.5825301,20.5651716],[106.6047469,20.584418],[106.6213485,20.5903995],[106.6247665,20.5946313],[106.627452,20.6000837],[106.6284286,20.6058617],[106.6272079,20.6166039],[106.6240341,20.6188012],[106.6193954,20.6185977],[106.6142684,20.6223005],[106.5993758,20.6384138],[106.5935979,20.6467146],[106.5926213,20.648098],[106.5867619,20.6632755],[106.5981551,20.6550967],[106.6123153,20.6354841],[106.6209416,20.6297875],[106.6375432,20.6280785],[106.6540633,20.6308048],[106.6696883,20.6364607],[106.6829533,20.643378],[106.7031356,20.659654],[106.7028915,20.6715762],[106.6875106,20.6813419],[106.6626083,20.6911482],[106.6626083,20.6979841],[106.6755477,20.6986352],[106.7041122,20.6911482],[106.7169702,20.6913109],[106.7255966,20.6937523],[106.7326766,20.6966007],[106.7414657,20.6979841],[106.7448837,20.7019717],[106.7556258,20.709296],[106.7671005,20.7134464],[106.7724716,20.7079532],[106.7761337,20.7011173],[106.7851669,20.6922875],[106.8059188,20.6775577],[106.788829,20.7305362],[106.7785751,20.7464053],[106.7724716,20.7389591],[106.7556258,20.7512068],[106.7384546,20.7697208],[106.72462,20.7900251],[106.7177841,20.8078474],[106.7365829,20.7949893],[106.7491968,20.804348],[106.7529403,20.825751],[106.7444768,20.848863],[106.7268986,20.8613956],[106.7075301,20.8707543],[106.6999618,20.8827579],[106.7177841,20.9035098],[106.7382919,20.883002],[106.7444768,20.883002],[106.7472437,20.8947208],[106.7566838,20.9079044],[106.7587997,20.9208438],[106.7551376,20.938544],[106.7461044,20.9423282],[106.7337346,20.9422061],[106.7119247,20.9515648],[106.6866968,20.9527042],[106.6762801,20.9587263],[106.6710718,20.9690616],[106.6691187,20.9799665],[106.665538,20.990546],[106.6557723,20.9997012],[106.6557723,21.0058454],[106.6762801,21.0018985],[106.6829533,20.9997012],[106.6829533,21.0058454],[106.6526799,21.0175235],[106.6507268,21.0180118],[106.6421005,21.0201684],[106.658702,21.0248477],[106.6803492,21.0204532],[106.7177841,21.0058454],[106.7177841,21.0133731],[106.7102971,21.0133731],[106.7102971,21.0201684],[106.7308049,21.0298526],[106.7461044,21.0245629],[106.7623804,21.0153262],[106.785411,21.0133731],[106.7832137,21.016669],[106.7807723,21.0241153],[106.7785751,21.027574],[106.7893173,21.0275333],[106.7981063,21.024807],[106.8056747,21.0198428],[106.8121851,21.0133731],[106.798676,21.0019392],[106.8024195,20.9951846],[106.8128361,20.9906273],[106.8195907,20.9860294],[106.8206486,20.9760196],[106.8169051,20.9694685],[106.8068954,20.9660098],[106.788829,20.9649112],[106.7724716,20.9574242],[106.7832137,20.9425723],[106.8060002,20.9320743],[106.8264266,20.9376488],[106.8332626,20.9376488],[106.8354598,20.9306094],[106.8366805,20.9291446],[106.8332626,20.923977],[106.8522242,20.9099796],[106.8598739,20.8893904],[106.8679305,20.8827172],[106.8879501,20.9103051],[106.8823348,20.9151065],[106.8784286,20.92121],[106.8754989,20.928697],[106.8742782,20.9376488],[106.8816024,20.9376488],[106.8914494,20.9180362],[106.9017033,20.9078637],[106.9172469,20.9040388],[106.9431258,20.9035098],[106.9431258,20.9103051],[106.9323837,20.9151879],[106.9282333,20.9227563],[106.9261174,20.9309757],[106.9220484,20.9376488],[106.9163518,20.9411075],[106.8952743,20.9512393],[106.8828231,20.9605167],[106.8537704,20.992255],[106.8601994,20.9931094],[106.863536,20.9916039],[106.8674423,20.9860294],[106.873383,20.9971378],[106.8846135,20.9932315],[106.9089462,20.9723575],[106.9192001,20.9657657],[106.9318954,20.959418],[106.9469507,20.9542911],[106.9636337,20.9512393],[106.982107,20.9499372],[107.0009872,20.9510766],[107.0167749,20.9576684],[107.0256454,20.9723575],[107.0208439,20.9863956],[106.9954533,21.0064151],[106.9978133,21.0201684],[107.0156356,21.0043399],[107.0251571,20.9998233],[107.0393173,20.9997012],[107.0256454,21.0133731],[107.0361434,21.0130069],[107.0393173,21.0133731],[107.0346786,21.0178083],[107.0291447,21.0245629],[107.0256454,21.027574],[107.0256454,21.0338402],[107.0379338,21.0321719],[107.044607,21.0250919],[107.0468856,21.0139835],[107.0461532,20.9997012],[107.0501408,21.0059268],[107.0525008,21.0136579],[107.0534774,21.0230167],[107.0529891,21.0338402],[107.0598251,21.0338402],[107.0576278,21.0138614],[107.063243,21.0093448],[107.0722762,21.0170759],[107.0803329,21.0338402],[107.0823674,21.0309919],[107.0827743,21.0301781],[107.0871688,21.027574],[107.0847274,21.0236677],[107.0810653,21.0163028],[107.0797632,21.0091007],[107.0837508,21.0058454],[107.0924585,21.0082462],[107.0953882,21.0140648],[107.0968531,21.0210635],[107.101329,21.027574],[107.111176,21.0331078],[107.1230575,21.0372582],[107.1359969,21.0397403],[107.1491805,21.0405948],[107.1491805,21.0338402],[107.0952255,21.0004744],[107.0660913,20.9649112],[107.0660913,20.9587263],[107.0849716,20.9514021],[107.1337997,20.9448103],[107.1491805,20.9308129],[107.1491805,20.9376488],[107.1608993,20.9324405],[107.1709091,20.9335798],[107.1818954,20.9367536],[107.1970321,20.9376488],[107.19337,20.9527042],[107.2148544,20.9752465],[107.2311304,20.9791934],[107.2311304,20.9860294],[107.2238062,20.9866397],[107.2195744,20.9882266],[107.2163192,20.9902204],[107.2111923,20.992255],[107.2241317,20.9982364],[107.2452906,21.0030785],[107.2664494,21.0042992],[107.2795516,20.9997012],[107.2923283,21.0046247],[107.3110458,21.0052758],[107.3338322,21.0058454],[107.3477482,21.0099551],[107.3576766,21.0152042],[107.3742782,21.027574],[107.3742782,21.0338402],[107.3643498,21.0403507],[107.3603622,21.0524356],[107.3582463,21.0673282],[107.35434,21.0822208],[107.363536,21.084418],[107.3674423,21.0878767],[107.3663029,21.0934919],[107.3606063,21.1021182],[107.3754989,21.1161563],[107.3823348,21.1397973],[107.3884383,21.1846378],[107.3796493,21.1809757],[107.3706975,21.1816267],[107.3620712,21.1856143],[107.35434,21.1914737],[107.3588973,21.2030704],[107.3606063,21.2392439],[107.3648381,21.247626],[107.3708602,21.2533633],[107.3733016,21.2589786],[107.3674423,21.2665876],[107.3674423,21.2733829],[107.3916122,21.2804223],[107.4235946,21.2796085],[107.4431258,21.2876651],[107.4431258,21.2938907],[107.4160262,21.3085391],[107.4090275,21.3150089],[107.4152938,21.3286807],[107.4509383,21.320502],[107.4567977,21.3183454],[107.4616805,21.3092716],[107.4721786,21.303697],[107.4817814,21.301337],[107.4841415,21.301337],[107.5044865,21.2984073],[107.5266219,21.2987735],[107.5374455,21.3019473],[107.5251571,21.3075626],[107.5251571,21.3150089],[107.5288192,21.3232283],[107.5259709,21.334418],[107.5219833,21.3443057],[107.5223088,21.3485375],[107.5351669,21.3453637],[107.5403752,21.3373477],[107.5425725,21.3265648],[107.5468856,21.3150089],[107.5540471,21.3045108],[107.5622665,21.2980411],[107.5737411,21.2947452],[107.5905868,21.2938907],[107.5992131,21.2987735],[107.6035262,21.3104923],[107.6081649,21.3355167],[107.6241154,21.3307152],[107.6287541,21.3286807],[107.6272079,21.3331566],[107.6267196,21.3338891],[107.6253361,21.3337263],[107.6213485,21.3355167],[107.6357528,21.341376],[107.6423446,21.3422712],[107.6338811,21.3493513],[107.6311955,21.3544783],[107.6341252,21.358588],[107.6423446,21.362779],[107.6423446,21.370266],[107.6377873,21.3737247],[107.6372176,21.3754337],[107.637299,21.377753],[107.6350204,21.3832462],[107.6502385,21.3768578],[107.6634221,21.3780785],[107.6694442,21.3854434],[107.6628524,21.3975284],[107.6628524,21.403754],[107.6660262,21.4068057],[107.6690373,21.4112003],[107.6765243,21.4112003],[107.684174,21.4032657],[107.69809,21.3983829],[107.7115178,21.3989119],[107.7173771,21.4074568],[107.7214462,21.4108747],[107.7303166,21.4118106],[107.7485458,21.4112003],[107.7652287,21.438544],[107.7585555,21.4447289],[107.7618107,21.450751],[107.7675887,21.4557152],[107.7756454,21.4585635],[107.7863876,21.4584008],[107.7839462,21.4649112],[107.7810979,21.4791527],[107.7789006,21.4856632],[107.7925725,21.4801293],[107.7885848,21.4944522],[107.7803654,21.5030785],[107.7683212,21.5069034],[107.7522079,21.5067813],[107.7522079,21.5136173],[107.7668563,21.5202091],[107.7834579,21.5243188],[107.7962346,21.5194766],[107.8000594,21.499335],[107.8068954,21.5067813],[107.8129989,21.4931094],[107.8205673,21.4931094],[107.8189396,21.5062523],[107.8173934,21.5093448],[107.8129989,21.5136173],[107.8129989,21.5204532],[107.8205673,21.5266788],[107.8266708,21.5266788],[107.8259383,21.5089786],[107.828868,21.4949405],[107.8359481,21.4883487],[107.847911,21.4931094],[107.8559676,21.5209415],[107.8628036,21.5302188],[107.8684188,21.5136173],[107.875092,21.5136173],[107.8826604,21.5225284],[107.8837997,21.5267602],[107.8819279,21.5340844],[107.8967391,21.5315616],[107.9096786,21.526516],[107.9187118,21.5175235],[107.9222111,21.5030785],[107.9234318,21.4999454],[107.926036,21.4959171],[107.9285588,21.490546],[107.9296981,21.4828555],[107.9270126,21.4793155],[107.9212346,21.4747989],[107.9162704,21.4682478],[107.9160262,21.4584008],[107.9296981,21.442613],[107.9485783,21.4549828],[107.9699813,21.4757755],[107.9912216,21.4856632],[107.9441911,21.5307799],[107.930962,21.5342422],[107.896132,21.5694339],[107.86771,21.589226],[107.8554627,21.6003364],[107.8444556,21.617493],[107.8398564,21.6298953],[107.8323633,21.6393521],[107.8116411,21.647827],[107.7778964,21.6559919],[107.7601197,21.658214],[107.7448234,21.6575422],[107.7294239,21.6519612],[107.6902531,21.6247277],[107.6718563,21.617648],[107.6132036,21.6056074],[107.5928431,21.6056074],[107.5509851,21.6108267],[107.5330534,21.6086563],[107.5265422,21.603282],[107.518274,21.5873656],[107.5098507,21.5817846],[107.5013241,21.5815262],[107.4911955,21.58411],[107.4737806,21.5905696],[107.4610165,21.5963573],[107.4570374,21.6314973],[107.445927,21.6469485],[107.4260315,21.6520645],[107.4099602,21.6453983],[107.3828817,21.6188882],[107.3481552,21.5993546],[107.3335756,21.6125088],[107.329655,21.616046],[107.3031967,21.6887031],[107.2726559,21.7183137],[107.2438721,21.7151614],[107.2121428,21.7052396],[107.1723519,21.7150581],[107.0948373,21.7789818],[107.0658468,21.7958283],[107.0237305,21.8040966],[107.0029049,21.8105561],[106.9891073,21.8242504],[106.9871436,21.8448176],[106.9975306,21.8608373],[107.0118449,21.8755651],[107.0211467,21.8922566],[107.0202165,21.9129271],[107.0093645,21.9274482],[106.9918978,21.9353547],[106.9712273,21.9358198],[106.9537606,21.9289985],[106.9377409,21.9200068],[106.9203776,21.9169579],[106.8988286,21.9277583],[106.8853927,21.9433129],[106.8768661,21.9573172],[106.8647738,21.9680659],[106.8405376,21.9735953],[106.7990931,21.9726134],[106.7815231,21.9750422],[106.7610075,21.9850674],[106.7561499,21.9895116],[106.7483468,21.9999503],[106.742559,22.0038777],[106.7287614,22.0083218],[106.7223536,22.0069783],[106.6897457,21.9728718],[106.6746045,21.9621748],[106.6589466,21.9627949],[106.6531071,21.9688927],[106.6495931,21.9775744],[106.6481462,21.9870311],[106.6481979,21.9955061],[106.6678866,22.0426867],[106.6730026,22.0660961],[106.6721757,22.0925027],[106.670057,22.0966369],[106.6613237,22.1065587],[106.6586882,22.1119331],[106.6583781,22.120098],[106.6614787,22.1363244],[106.6613237,22.1435591],[106.6561044,22.1551346],[106.648663,22.1650565],[106.6423584,22.1761152],[106.6396713,22.1908947],[106.6518152,22.2056225],[106.6605485,22.2134256],[106.6629257,22.2232958],[106.6396713,22.2966763],[106.6337802,22.3094404],[106.6172954,22.3227729],[106.5774528,22.3245816],[106.5553353,22.3319713],[106.5417961,22.3450971],[106.5365251,22.3605484],[106.5345097,22.3975487],[106.5330282,22.4034445],[106.5269133,22.4277794],[106.5269133,22.4382698],[106.5303239,22.4492768],[106.5413827,22.464263],[106.5458785,22.4725312],[106.5687712,22.5745922],[106.5771428,22.5953144],[106.5879948,22.6077685],[106.6076319,22.6099905],[106.6195175,22.5973298],[106.6300594,22.5801216],[106.6463375,22.5688044],[106.6678866,22.5691145],[106.6801856,22.5794498],[106.6977039,22.6308678],[106.7050936,22.6461124],[106.726591,22.6772733],[106.735531,22.6954117],[106.7395618,22.7267793],[106.7466415,22.7443493],[106.7584754,22.7542195],[106.7914966,22.7721253],[106.7987313,22.7843727],[106.789843,22.7971884],[106.7684489,22.7992296],[106.7450912,22.7971884],[106.7303634,22.7976277],[106.7310352,22.8001081],[106.7149122,22.8261014],[106.6851465,22.8482189],[106.6743978,22.8614739],[106.6674732,22.86752],[106.6568278,22.8699747],[106.6479395,22.8669774],[106.639878,22.8533865],[106.6327466,22.8496142],[106.6103707,22.8528698],[106.5991569,22.8649879],[106.5917155,22.8808784],[106.5816903,22.8952703],[106.5669625,22.9037711],[106.5169397,22.9154241],[106.5011784,22.9217028],[106.4877942,22.9254235],[106.4779757,22.9196099],[106.4737382,22.8971048],[106.4579769,22.8889658],[106.31566,22.8537999],[106.2963847,22.8511128],[106.2765927,22.8510353],[106.2554053,22.8546526],[106.2340113,22.863851],[106.2270866,22.8755557],[106.2230042,22.9123752],[106.2023853,22.9469984],[106.1700358,22.9660153],[106.1321053,22.975007],[106.0775867,22.9810273],[105.9992452,22.9753688],[105.9899952,22.9706145],[105.9739755,22.9398929],[105.9612114,22.9323998],[105.94483,22.9276972],[105.913204,22.92439],[105.9036955,22.925501],[105.8866423,22.9297643],[105.8759969,22.9282657],[105.8701058,22.923098],[105.8665918,22.9150624],[105.862251,22.9077501],[105.8538794,22.9046496],[105.8356893,22.9172328],[105.779362,22.9761181],[105.7661329,22.9951608],[105.7660295,22.9951608],[105.7658228,22.9953159],[105.7658228,22.9954709],[105.7547124,23.005677],[105.7432402,23.0107929],[105.731613,23.0142294],[105.7196757,23.0196038],[105.7007105,23.0378197],[105.6903235,23.0439692],[105.6649504,23.0433749],[105.6368384,23.0513331],[105.56599,23.0540978],[105.5515723,23.0596789]]],[[[103.9834091,10.4422061],[103.9762476,10.4330508],[103.9729924,10.4233259],[103.9714462,10.4119327],[103.9681096,10.4023298],[103.9592391,10.3983422],[103.9550887,10.3949649],[103.9443466,10.379462],[103.9421493,10.3747419],[103.9337671,10.3663598],[103.9142359,10.3652204],[103.851329,10.374213],[103.8460393,10.3712833],[103.8494572,10.3605411],[103.8574325,10.3208682],[103.8702906,10.3080915],[103.9084579,10.2890486],[103.9371851,10.2660587],[103.9570419,10.2337914],[103.9836532,10.1587589],[103.9972437,10.0745303],[104.01059,10.030463],[104.0309351,10.0215518],[104.0348413,10.0167504],[104.0512801,10.0079613],[104.0480249,10.0252953],[104.0442001,10.0360782],[104.0439559,10.0481632],[104.0512801,10.069322],[104.0334579,10.0960147],[104.0466415,10.1510684],[104.0854598,10.2481143],[104.0854598,10.3539493],[104.0820419,10.3709984],[104.0097762,10.4461124],[104.0171005,10.4392764],[104.0047307,10.4509952],[103.9931747,10.4501],[103.9834091,10.4422061]]],[[[107.4411727,21.2032738],[107.4363713,21.19774],[107.4353133,21.1892764],[107.4323837,21.188544],[107.4250594,21.1967634],[107.4183049,21.196682],[107.4134221,21.1663272],[107.4044702,21.138129],[107.4025171,21.1266137],[107.3942977,21.1068383],[107.3796493,21.0819359],[107.3728947,21.0595564],[107.3886825,21.0475121],[107.4228622,21.0747745],[107.4353133,21.0814477],[107.459646,21.0902367],[107.4707137,21.0958926],[107.504161,21.1397159],[107.5241805,21.1599796],[107.5390731,21.1567244],[107.5471298,21.1567244],[107.5573837,21.1717797],[107.5903426,21.1930606],[107.6015731,21.2051456],[107.6062118,21.217434],[107.6032007,21.2193057],[107.580577,21.2119815],[107.5459091,21.2027042],[107.5390731,21.19892],[107.5327255,21.19892],[107.528982,21.2033145],[107.5266219,21.2079939],[107.5256454,21.214016],[107.5254012,21.222154],[107.523204,21.2308617],[107.518077,21.233588],[107.5114038,21.2348087],[107.5047307,21.2392439],[107.4816187,21.2667911],[107.4713648,21.2744815],[107.467133,21.276516],[107.463064,21.2774112],[107.4591577,21.2772484],[107.4553329,21.2757022],[107.4516708,21.2714704],[107.4490666,21.2653262],[107.4465438,21.2531599],[107.4448348,21.2274844],[107.4458114,21.2120629],[107.4502059,21.2051456],[107.4411727,21.2032738]]],[[[106.8537704,10.5839298],[106.8537704,10.5983747],[106.8478296,10.613837],[106.8352971,10.626044],[106.8081161,10.6336124],[106.8022567,10.6397159],[106.7931421,10.6544457],[106.7841903,10.6629092],[106.7747502,10.6660831],[106.7519637,10.6658389],[106.7788192,10.6244571],[106.7858993,10.6013858],[106.7785751,10.5764835],[106.772146,10.5722517],[106.7553817,10.5696475],[106.7519637,10.5665551],[106.7551376,10.5505232],[106.7574976,10.5435245],[106.7587997,10.5429548],[106.7547307,10.5155704],[106.7551376,10.5036075],[106.7587997,10.4877383],[106.7706812,10.4643008],[106.7916773,10.4371605],[106.8164169,10.4146996],[106.8400985,10.4051781],[106.8588973,10.413072],[106.8596298,10.4317895],[106.8486434,10.4525414],[106.8332626,10.4666202],[106.8281356,10.4652367],[106.8266708,10.4638126],[106.8252059,10.4638533],[106.8195907,10.4666202],[106.832286,10.4723982],[106.844493,10.4699161],[106.8580835,10.4643008],[106.8742782,10.4603946],[106.8742782,10.4666202],[106.8639429,10.4869652],[106.8559676,10.4938012],[106.8400985,10.4945336],[106.8400985,10.5013695],[106.8644312,10.5029971],[106.8718368,10.5152042],[106.8676864,10.5289574],[106.8574325,10.5354678],[106.8535262,10.5390079],[106.8424585,10.5550805],[106.8400985,10.5593936],[106.8420516,10.5707462],[106.8466903,10.5775414],[106.8537704,10.5839298]]],[[[107.0709742,20.8202986],[107.0549423,20.82392],[107.0429794,20.8313663],[107.0461532,20.8420271],[107.0461532,20.848863],[107.0359807,20.8573673],[107.0227157,20.8622501],[107.0124618,20.8587914],[107.0114038,20.8420271],[107.0051376,20.8420271],[106.9944768,20.851752],[106.9636337,20.8561059],[106.9499618,20.8693301],[106.9573674,20.8767764],[106.94809,20.870266],[106.9465438,20.8628604],[106.946788,20.8555362],[106.9431258,20.848863],[106.9362899,20.8446719],[106.9128524,20.8369001],[106.9099227,20.8185489],[106.9210718,20.8045922],[106.9499618,20.787421],[106.962413,20.7749698],[106.985118,20.745266],[107.0051376,20.7321638],[107.0051376,20.7389591],[107.0022893,20.7424991],[106.9978133,20.7532413],[107.0051376,20.7532413],[107.0086369,20.7489281],[107.0148218,20.7435977],[107.0182398,20.7389591],[107.0256454,20.7389591],[107.0256454,20.7464053],[107.0319117,20.7464053],[107.0341903,20.7433536],[107.0344344,20.7421736],[107.0353296,20.741197],[107.0393173,20.7389591],[107.0393173,20.7321638],[107.0182398,20.7321638],[107.0182398,20.7259789],[107.0212508,20.7236189],[107.0256454,20.7184919],[107.0319117,20.7259789],[107.0319117,20.7184919],[107.0358993,20.7216658],[107.038829,20.7234561],[107.0461532,20.7259789],[107.0461532,20.7042504],[107.0550236,20.7216658],[107.0598251,20.7389591],[107.0660913,20.7389591],[107.0660913,20.7321638],[107.0734969,20.7321638],[107.0673934,20.7497419],[107.0368758,20.7662621],[107.0319117,20.787421],[107.0417587,20.779934],[107.0504663,20.7759464],[107.0603133,20.7759464],[107.0734969,20.780585],[107.0734969,20.787421],[107.066661,20.792141],[107.0628361,20.7982852],[107.0625106,20.8056094],[107.0660913,20.8141137],[107.0750432,20.7960473],[107.0822046,20.7893741],[107.0940048,20.787421],[107.0881454,20.7944197],[107.0852157,20.7971866],[107.0803329,20.8004418],[107.0803329,20.8078474],[107.0867619,20.8051212],[107.1076766,20.8004418],[107.1008407,20.8042667],[107.0954696,20.8090274],[107.0909937,20.8147647],[107.0871688,20.8215193],[107.0803329,20.8215193],[107.0709742,20.8202986]]],[[[106.2341415,9.5813663],[106.2491968,9.560126],[106.2441512,9.5411645],[106.2441512,9.5349796],[106.2700301,9.5344913],[106.2844344,9.5436872],[106.2907007,9.5614281],[106.2920028,9.5864119],[106.2793075,9.5956892],[106.2233993,9.6084659],[106.210704,9.6209171],[106.2033798,9.6321475],[106.1554468,9.6789411],[106.107107,9.7472191],[106.0989689,9.7526716],[106.0957137,9.7557641],[106.0934351,9.760891],[106.0871688,9.7546247],[106.1087346,9.72663],[106.1176864,9.7109236],[106.1213485,9.6891544],[106.1259872,9.6724307],[106.1373804,9.6543643],[106.1623641,9.624335],[106.1966252,9.571682],[106.2070419,9.562893],[106.2265731,9.5651716],[106.2214462,9.5724958],[106.2046005,9.5852725],[106.1896265,9.6038272],[106.1970321,9.6100528],[106.212413,9.5997582],[106.2341415,9.5813663]]],[[[103.0433049,11.2734236],[103.0478622,11.2914493],[103.0485946,11.310126],[103.0433049,11.3237165],[103.048676,11.330878],[103.0468856,11.3381208],[103.0417587,11.3466658],[103.03712,11.3578962],[103.0361434,11.3708357],[103.0372827,11.381171],[103.0366317,11.3919945],[103.0241805,11.4171817],[103.016368,11.4230818],[103.0066838,11.4220645],[102.9954533,11.412543],[102.993663,11.4170596],[102.990896,11.4218204],[102.9892684,11.4261742],[102.9814559,11.4046898],[102.9817001,11.380113],[102.9892684,11.3373884],[102.988536,11.3009301],[102.991954,11.2800154],[103.0029403,11.2691104],[102.9980575,11.2601993],[103.007579,11.2550723],[103.0234481,11.2551944],[103.03712,11.2616641],[103.0433049,11.2734236]]],[[[106.8879501,10.3709984],[106.8952743,10.3709984],[106.9085393,10.384711],[106.9284774,10.3935001],[106.9773055,10.4051781],[106.9689234,10.4164086],[106.9577743,10.4256046],[106.9362899,10.4392764],[106.929454,10.4256046],[106.9220484,10.4256046],[106.94337,10.47663],[106.94809,10.5070255],[106.9275008,10.5211856],[106.9067489,10.514309],[106.888357,10.5048689],[106.8794051,10.4900577],[106.8879501,10.4666202],[106.8879501,10.4808617],[106.8952743,10.4808617],[106.8923446,10.4652774],[106.8769637,10.4438337],[106.8742782,10.4256046],[106.877452,10.4143741],[106.8831486,10.4030216],[106.8879501,10.3892276],[106.8879501,10.3709984]]],[[[106.7706812,20.858588],[106.7838648,20.8523624],[106.799327,20.8496768],[106.8121851,20.8420271],[106.8195907,20.8420271],[106.8146265,20.8505313],[106.8126734,20.8593204],[106.8142196,20.8681094],[106.8195907,20.8767764],[106.8225204,20.8535017],[106.8425399,20.8136254],[106.8475041,20.7973087],[106.8562118,20.7928734],[106.8735458,20.7895369],[106.8864852,20.7961286],[106.8816024,20.8215193],[106.845551,20.8660342],[106.8400985,20.8798689],[106.8359481,20.9024112],[106.8245549,20.9151879],[106.785411,20.9308129],[106.7736109,20.9049747],[106.7656356,20.8767764],[106.7706812,20.858588]]],[[[107.4975692,20.9163272],[107.5117294,20.923977],[107.5222274,20.9364281],[107.5288192,20.9509138],[107.5390731,20.9860294],[107.5545354,21.0215518],[107.5583602,21.0347354],[107.5522567,21.0382348],[107.5463973,21.0348982],[107.5327255,21.0201684],[107.5327255,21.0405948],[107.5226343,21.0222842],[107.519786,21.0133731],[107.5090438,21.0174014],[107.5047307,21.0201684],[107.4924423,20.9914411],[107.4890243,20.9760603],[107.4917098,20.9649112],[107.4742945,20.9467227],[107.4511825,20.9299991],[107.424327,20.9153507],[107.3950301,20.9035098],[107.3950301,20.8972842],[107.41212,20.8994815],[107.4570419,20.9103051],[107.4814559,20.912543],[107.4975692,20.9163272]]],[[[103.3014429,10.7271996],[103.2971298,10.7310245],[103.2949325,10.7384301],[103.2893986,10.7398949],[103.2829696,10.7394066],[103.2773544,10.7409529],[103.2746688,10.7443301],[103.2727157,10.7512882],[103.2705184,10.7545841],[103.2587997,10.7667911],[103.2451278,10.7779809],[103.2285262,10.7826602],[103.2083439,10.7757022],[103.1984969,10.7623559],[103.2019149,10.747626],[103.2136337,10.7333438],[103.2288518,10.7210961],[103.2607528,10.7091739],[103.2600204,10.7067732],[103.2617294,10.7020531],[103.2641708,10.6912296],[103.2687281,10.6796329],[103.2773544,10.6726749],[103.283702,10.6876488],[103.2932235,10.6966007],[103.3050236,10.7022159],[103.3182072,10.7067732],[103.3175562,10.7210961],[103.3100692,10.7258975],[103.3014429,10.7271996]]],[[[107.0871688,10.3231876],[107.1005966,10.3351505],[107.1215926,10.3659122],[107.1355087,10.3784854],[107.1567489,10.3854841],[107.1658635,10.3910994],[107.1731063,10.4111189],[107.1805119,10.415432],[107.1877548,10.4206404],[107.1901962,10.4330508],[107.1970321,10.4330508],[107.2006942,10.429877],[107.2028101,10.4289005],[107.205577,10.428168],[107.2111923,10.4256046],[107.2026473,10.4380557],[107.1720484,10.4645857],[107.1642359,10.4573428],[107.1594344,10.4456241],[107.1567489,10.4328474],[107.1560165,10.4225121],[107.1496688,10.4165714],[107.1198837,10.4013126],[107.0793563,10.391018],[107.0737411,10.372626],[107.0871688,10.3231876]]],[[[106.9178166,10.6037458],[106.9128524,10.6120466],[106.8896591,10.6272647],[106.8879501,10.6344669],[106.8776962,10.6355655],[106.8647567,10.6339786],[106.8537704,10.6310489],[106.8537704,10.6249047],[106.8679305,10.6171329],[106.8712671,10.6076521],[106.8674423,10.5869815],[106.865245,10.5797794],[106.8559676,10.5717634],[106.8537704,10.5628116],[106.8559676,10.561713],[106.8659774,10.5459659],[106.8674423,10.5429548],[106.875743,10.5351016],[106.8899032,10.5254581],[106.9030868,10.5218773],[106.9089462,10.5323754],[106.906993,10.5457217],[106.8977971,10.5640323],[106.8952743,10.5764835],[106.9021102,10.5764835],[106.9109807,10.5559757],[106.9167587,10.5462914],[106.9220484,10.5429548],[106.9296981,10.5490583],[106.9288843,10.5583357],[106.9245712,10.5692406],[106.9220484,10.580227],[106.9238387,10.5835635],[106.9274195,10.586127],[106.9301864,10.590074],[106.929454,10.5975609],[106.9270126,10.5993513],[106.9222111,10.6012637],[106.9178166,10.6037458]]],[[[106.643077,8.7038028],[106.6557723,8.6988793],[106.6496688,8.7118594],[106.6394963,8.7264672],[106.6391708,8.7374535],[106.6626083,8.7398135],[106.6617945,8.7444522],[106.6608179,8.7473819],[106.6557723,8.7534854],[106.6658635,8.7528751],[106.6687118,8.7534854],[106.6682235,8.759711],[106.6660262,8.7631697],[106.6626083,8.7650821],[106.6583765,8.766669],[106.6306258,8.7545841],[106.5979924,8.7323266],[106.5709742,8.7059594],[106.5595809,8.6818301],[106.5627548,8.6757266],[106.5783798,8.655463],[106.5833439,8.6510684],[106.5992945,8.6524112],[106.603038,8.6557071],[106.601329,8.6601423],[106.6004338,8.6647403],[106.6010848,8.6736514],[106.6004338,8.6849633],[106.6023055,8.6947289],[106.6110946,8.6988793],[106.6225692,8.7005069],[106.632579,8.7032738],[106.643077,8.7038028]]],[[[106.7468368,10.2631697],[106.7241317,10.2686221],[106.7028101,10.2755801],[106.5879012,10.2769229],[106.560883,10.2828637],[106.5271102,10.2971052],[106.5117294,10.2958845],[106.5595809,10.2753767],[106.689952,10.2517764],[106.7093205,10.2435977],[106.7177841,10.2310245],[106.7241317,10.2265079],[106.7382919,10.2291527],[106.752452,10.2360701],[106.7587997,10.2443708],[106.7555445,10.2575544],[106.7468368,10.2631697]]],[[[107.8522242,21.3753116],[107.8728133,21.374213],[107.865245,21.3701033],[107.8593856,21.3640811],[107.8549911,21.3559431],[107.8535262,21.3602563],[107.8481551,21.370266],[107.8435979,21.3588321],[107.8411564,21.3485375],[107.8542587,21.3504092],[107.9223739,21.372626],[107.9299423,21.3764102],[107.9362085,21.3764102],[107.9441838,21.3681094],[107.9594833,21.3738467],[107.9983016,21.3975284],[107.9983016,21.403754],[107.868663,21.3900821],[107.860118,21.3862165],[107.8269149,21.3764102],[107.8269149,21.370266],[107.8522242,21.3753116]]],[[[109.3903915,12.6135115],[109.3831486,12.6237247],[109.3689071,12.627753],[109.346202,12.6310489],[109.3203231,12.6279971],[109.3120223,12.6143253],[109.3232528,12.6063907],[109.3354598,12.6032576],[109.3415633,12.5963402],[109.3474227,12.5882022],[109.3839624,12.5630557],[109.4002385,12.5579288],[109.4050399,12.5707869],[109.4011337,12.5827497],[109.3934025,12.6018741],[109.3903915,12.6135115]]],[[[109.3004663,12.1939965],[109.3090926,12.19774],[109.3165796,12.1974958],[109.3230087,12.1937523],[109.3283798,12.1871605],[109.3335067,12.189602],[109.3444117,12.1969669],[109.3488876,12.2008324],[109.346202,12.2074242],[109.342133,12.2132022],[109.3362736,12.217963],[109.3283798,12.2212589],[109.2915145,12.2283389],[109.273204,12.2355411],[109.2727971,12.2247989],[109.273204,12.2212589],[109.266368,12.2235375],[109.2519637,12.2260196],[109.2452906,12.2280948],[109.2452906,12.2212589],[109.2545679,12.211127],[109.2692977,12.1986758],[109.2876083,12.1889509],[109.3073837,12.1871605],[109.3056747,12.1913923],[109.3046981,12.1920434],[109.303396,12.1918806],[109.3004663,12.1939965]]],[[[103.8059188,10.4843204],[103.7985946,10.5054385],[103.7844344,10.5150414],[103.7702743,10.5165876],[103.7604273,10.5138207],[103.7573348,10.5064965],[103.7639266,10.4945336],[103.75587,10.4859887],[103.7517196,10.4831404],[103.7434188,10.4808617],[103.7519637,10.4645857],[103.7638452,10.456529],[103.7783309,10.4538028],[103.7946883,10.4535587],[103.8048609,10.4632022],[103.8059188,10.4843204]]],[[[103.0013127,11.495266],[103.0144149,11.4765486],[103.0234481,11.4603539],[103.0195419,11.4369571],[103.0203557,11.4269473],[103.0302841,11.4261742],[103.0349227,11.4317081],[103.0461532,11.4533145],[103.0507919,11.4603539],[103.0507919,11.4677595],[103.0465601,11.4760603],[103.0353296,11.4924991],[103.0302841,11.5018985],[103.0312606,11.5022647],[103.0323999,11.5055606],[103.0324813,11.5104027],[103.0302841,11.5155704],[103.0263778,11.5191104],[103.0091252,11.5292423],[102.9958602,11.5137393],[103.0013127,11.495266]]],[[[107.4772242,20.8145206],[107.4846298,20.8217227],[107.4917098,20.8420271],[107.4978133,20.8531762],[107.5451766,20.9191348],[107.5534774,20.9359398],[107.5594182,20.9587263],[107.5579533,20.9660505],[107.5564071,20.9691837],[107.5532333,20.9723575],[107.5495712,20.9561221],[107.5254012,20.9103051],[107.5161239,20.8956566],[107.5056258,20.8873966],[107.4914657,20.8837751],[107.4707137,20.883002],[107.4707137,20.8767764],[107.4819442,20.8653832],[107.4802352,20.8495141],[107.4638778,20.8141137],[107.4772242,20.8145206]]],[[[107.5841577,21.0396996],[107.570079,21.0266788],[107.5669051,21.0167504],[107.5688583,21.0049503],[107.5714624,20.9961612],[107.570079,20.9899356],[107.5594182,20.9860294],[107.5796005,20.9831404],[107.5896102,21.0081241],[107.5959579,21.03913],[107.6318466,21.1119652],[107.6320907,21.1188419],[107.6282658,21.1201846],[107.6212671,21.1160342],[107.597911,21.0939802],[107.5942489,21.0890567],[107.5910751,21.0817732],[107.5890406,21.0733096],[107.587413,21.0509301],[107.5841577,21.0396996]]],[[[106.4223739,9.9390323],[106.4223739,9.9328067],[106.4685165,9.8902855],[106.4968368,9.8752302],[106.5210067,9.8377139],[106.5356551,9.829169],[106.5441187,9.8380395],[106.5310165,9.8579776],[106.4980575,9.8911807],[106.4860132,9.9026553],[106.4428817,9.9328067],[106.4269312,9.9361026],[106.4223739,9.9390323]]],[[[103.3025008,10.6181094],[103.2890731,10.6127383],[103.2851669,10.5990665],[103.2921656,10.5831566],[103.3127548,10.5516625],[103.3234969,10.5451521],[103.3300887,10.5535342],[103.334646,10.564602],[103.3388778,10.5724145],[103.3388778,10.5797794],[103.3359481,10.5834415],[103.3341577,10.5839298],[103.3315536,10.5795352],[103.3247176,10.5738793],[103.3175562,10.5744083],[103.3125106,10.5790876],[103.3108016,10.5869815],[103.3112085,10.5920271],[103.3118596,10.5966251],[103.3215438,10.6103376],[103.3195093,10.6173363],[103.3138127,10.6194522],[103.3025008,10.6181094]]],[[[107.7928166,20.992255],[107.7580673,21.0165876],[107.7451278,21.0201684],[107.7376408,21.0032413],[107.7434188,20.994086],[107.7534286,20.9886742],[107.7587997,20.9826114],[107.7571721,20.9710147],[107.7382919,20.9376488],[107.7561141,20.9457055],[107.7707626,20.9572208],[107.7780054,20.9726016],[107.7729598,20.992255],[107.7791447,20.992255],[107.7823999,20.9899356],[107.7928166,20.9860294],[107.7928166,20.992255]]],[[[107.8093368,21.347154],[107.8170679,21.3485375],[107.8193466,21.3502465],[107.8182072,21.3540714],[107.8156031,21.3580997],[107.8134872,21.3605004],[107.8003036,21.3624535],[107.7839462,21.35635],[107.7258407,21.3234724],[107.7143661,21.310126],[107.7114364,21.3075626],[107.8093368,21.347154]]],[[[108.9425562,10.5519473],[108.929454,10.5448266],[108.9259546,10.5302188],[108.9301864,10.5145531],[108.9401962,10.5042178],[108.9607854,10.5028751],[108.9661564,10.5176456],[108.958995,10.537543],[108.9425562,10.5519473]]],[[[107.3899032,20.8695336],[107.3899032,20.8717716],[107.3927515,20.8745792],[107.3951929,20.8785668],[107.3923446,20.8846703],[107.3821721,20.8878848],[107.3659774,20.8884138],[107.3554794,20.8871117],[107.351329,20.8859317],[107.3460393,20.8881697],[107.3392033,20.8903669],[107.3338322,20.888251],[107.3325301,20.8832869],[107.3354598,20.8769392],[107.3405868,20.875393],[107.3435165,20.8773461],[107.3541773,20.8647322],[107.3610946,20.8596866],[107.3676864,20.8583845],[107.3745223,20.8593204],[107.3878687,20.8649763],[107.3899846,20.8674177],[107.3899032,20.8695336]]],[[[107.8177189,20.9882673],[107.8274032,20.9890811],[107.8444117,21.0118676],[107.8527938,21.0199242],[107.8562932,21.0332706],[107.842133,21.0355899],[107.8256942,21.0249698],[107.8165796,21.0058454],[107.8177189,20.9882673]]],[[[107.3410751,20.8425967],[107.342133,20.8284366],[107.350271,20.8109398],[107.3608505,20.8058943],[107.3689071,20.8071964],[107.3752548,20.8039411],[107.3802189,20.7975528],[107.3835555,20.7993025],[107.3844507,20.8128116],[107.3811955,20.8189151],[107.3696395,20.8259138],[107.357107,20.8293318],[107.3449813,20.8425154],[107.3410751,20.8425967]]]]}}]}
