{"type":"FeatureCollection","name":"dei-1930-dissolved","crs":{"type":"name","properties":{"name":"urn:ogc:def:crs:OGC:1.3:CRS84"}},"source":"Traced from the 1945 OSS map held at Stanford as bv890bn4231","note":"the Netherlands Indies dissolved from its 65 units, 1930. Natural Earth coastlines with the residency boundaries of Robert Cribb, Historical Atlas of Indonesia (2000), pp. 125-6 (Java), 127 (Sumatra), 129 (Borneo), 131 (eastern)","features":[{"type":"Feature","properties":{"name":"Netherlands East Indies","km2":1885666.5},"geometry":{"type":"MultiPolygon","coordinates":[[[[109.6417102,1.6371622],[109.6405734,1.683025],[109.6471879,1.7618832],[109.6418136,1.7810035],[109.6240369,1.7877731],[109.5801119,1.7879798],[109.5669861,1.7925532],[109.5556173,1.802165],[109.5466256,1.8143348],[109.5398043,1.8265563],[109.53474,1.8389845],[109.5343266,1.8464517],[109.53474,1.8538931],[109.5284355,1.8899891],[109.5293657,1.9051561],[109.537944,1.9177135],[109.5744275,1.9485902],[109.5850729,1.960915],[109.6002657,1.9831359],[109.6266207,2.0296964],[109.6452743,2.083238],[109.6350204,2.0740421],[109.6046656,2.0209415],[109.5927841,2.0075137],[109.578868,1.997626],[109.5612085,1.9904646],[109.4240829,1.9557152],[109.3588973,1.9483096],[109.3409937,1.9355329],[109.334646,1.9011091],[109.3364364,1.867906],[109.3351343,1.8501651],[109.3283798,1.8328311],[109.3144637,1.8172061],[109.2999781,1.8069522],[109.2892359,1.7959659],[109.2867945,1.778225],[109.334646,1.8154158],[109.3369247,1.818793],[109.3418075,1.819973],[109.3466903,1.818793],[109.3488876,1.8154158],[109.3478296,1.8095564],[109.3454696,1.8064639],[109.3431096,1.8043887],[109.3420516,1.8018253],[109.3391219,1.7977563],[109.3210555,1.778225],[109.303396,1.7526309],[109.2722274,1.693793],[109.2526962,1.6683617],[109.0959579,1.5606143],[109.0730087,1.5339216],[109.0608016,1.4990095],[109.0608016,1.3838565],[109.0543726,1.3522403],[109.0403752,1.3189151],[109.0060327,1.274156],[108.9904077,1.2474633],[108.9858505,1.2158064],[109.0122176,1.2243106],[109.0661727,1.2295596],[109.0882268,1.2363142],[109.1045028,1.2488467],[109.1140243,1.254462],[109.125743,1.256822],[109.1373804,1.2622745],[109.1447046,1.274156],[109.1492619,1.2862003],[109.1530868,1.2915714],[109.1650497,1.3022322],[109.188243,1.3491885],[109.2011825,1.3598494],[109.2172958,1.3694522],[109.2273055,1.3888614],[109.2404891,1.4042016],[109.266368,1.4014346],[109.266368,1.3945987],[109.2434188,1.3798689],[109.228038,1.3586286],[109.2156682,1.3354353],[109.1584579,1.2646345],[109.1428329,1.2506371],[109.1081649,1.2287051],[109.0327255,1.1990421],[108.9926864,1.187893],[108.9523218,1.1840681],[108.9326278,1.178046],[108.924327,1.1640079],[108.9270126,1.1404483],[108.9803166,0.9955508],[108.9808049,0.9560408],[108.9653426,0.9142113],[108.9539494,0.8968773],[108.9414169,0.8840193],[108.926036,0.8759626],[108.9065861,0.8732364],[108.8933212,0.867906],[108.8769637,0.8555362],[108.8626408,0.8417423],[108.8554794,0.8322208],[108.8559676,0.8115909],[108.882579,0.7775333],[108.8896591,0.7537296],[108.8850204,0.7332217],[108.877452,0.7238223],[108.8759872,0.7146671],[108.9172469,0.6610782],[108.9272567,0.6407738],[108.931163,0.616197],[108.931163,0.5750186],[108.9282333,0.5636661],[108.9143173,0.5414086],[108.9100041,0.530585],[108.9130966,0.5043399],[108.9384872,0.4651553],[108.9448348,0.4452986],[108.9443466,0.4225121],[108.9423934,0.4082706],[108.931163,0.3797875],[108.9209091,0.3402774],[108.9287216,0.3150902],[108.9531356,0.3017439],[109.0161239,0.2968204],[109.0332137,0.2933617],[109.0466415,0.2870548],[109.0651071,0.2724766],[109.1023055,0.2431094],[109.1667587,0.1122908],[109.1769312,0.1076114],[109.2366643,0.0572777],[109.2805282,0.0274926],[109.3004663,0.0104841],[109.1975204,0.023505],[109.1721298,0.0341658],[109.1609807,0.0339216],[109.1565048,0.020087],[109.1573999,-0.0092913],[109.160411,-0.0236956],[109.1796981,-0.0554745],[109.1868596,-0.0822079],[109.1906031,-0.1373023],[109.1884872,-0.1773414],[109.1906031,-0.1887346],[109.1985783,-0.2008603],[109.2187606,-0.2216122],[109.2247827,-0.2372372],[109.2185165,-0.2372372],[109.2016708,-0.2227516],[109.176036,-0.2120094],[109.1466577,-0.2052548],[109.118663,-0.2030575],[109.0861109,-0.2074521],[109.0703231,-0.2118466],[109.0603133,-0.2167294],[109.0509546,-0.2290992],[109.0462346,-0.2458635],[109.0503036,-0.2618954],[109.0670679,-0.2712542],[109.0673934,-0.2551409],[109.0764266,-0.2505836],[109.0893661,-0.253025],[109.101329,-0.2575823],[109.101329,-0.2638486],[109.0908309,-0.2872047],[109.1032007,-0.3141415],[109.1359969,-0.36004],[109.1124781,-0.3597958],[109.1025497,-0.3610979],[109.1005966,-0.3697242],[109.1027938,-0.409926],[109.1233016,-0.4996884],[109.1301376,-0.5157203],[109.1394149,-0.5285784],[109.1599227,-0.5487607],[109.1713973,-0.556329],[109.1796981,-0.5560849],[109.1873479,-0.5529924],[109.1975204,-0.5518531],[109.2077743,-0.5524228],[109.2117619,-0.5521786],[109.2150985,-0.5533993],[109.2247827,-0.5586891],[109.228038,-0.5630836],[109.2311304,-0.5700009],[109.2353622,-0.5763486],[109.2503361,-0.5822893],[109.2566024,-0.5884742],[109.2623804,-0.5924618],[109.2775985,-0.5861956],[109.3440048,-0.5837542],[109.3745223,-0.5873349],[109.4006454,-0.5973447],[109.4240829,-0.6139462],[109.4240829,-0.6202125],[109.4062606,-0.6202125],[109.3732202,-0.6141904],[109.3551538,-0.6139462],[109.3551538,-0.6202125],[109.3596298,-0.6236305],[109.3647567,-0.6301409],[109.3688257,-0.6338844],[109.3596298,-0.6397437],[109.3551538,-0.64129],[109.3551538,-0.6481259],[109.3625594,-0.6519508],[109.379161,-0.6529273],[109.3899032,-0.6548805],[109.4129338,-0.663995],[109.4345809,-0.6788062],[109.4436141,-0.6874325],[109.4615992,-0.7129859],[109.4715275,-0.7165667],[109.4973251,-0.713637],[109.506521,-0.7164039],[109.5096135,-0.7250302],[109.5017196,-0.7310523],[109.478689,-0.7369117],[109.4685979,-0.7370745],[109.4619247,-0.7347958],[109.4558212,-0.7321103],[109.4292098,-0.7257626],[109.398204,-0.7030575],[109.3830673,-0.6958961],[109.3138127,-0.6950009],[109.2973739,-0.6856422],[109.2785751,-0.6690406],[109.2625432,-0.667413],[109.2509872,-0.6776669],[109.2452906,-0.6958961],[109.273204,-0.8536109],[109.2838648,-0.8632138],[109.3204859,-0.8833961],[109.3283798,-0.8842099],[109.3352157,-0.8890927],[109.3762313,-0.9087867],[109.3907984,-0.9118792],[109.4065048,-0.9113909],[109.4189559,-0.9035784],[109.4240829,-0.8842099],[109.4210718,-0.8737932],[109.4158635,-0.8669573],[109.413829,-0.8601214],[109.4206649,-0.850193],[109.4279891,-0.8466122],[109.438243,-0.8456357],[109.4887801,-0.8516578],[109.5256454,-0.8624],[109.5598251,-0.877374],[109.5817163,-0.8944638],[109.5986434,-0.9478492],[109.6052352,-0.9566383],[109.6162216,-0.9546852],[109.6232202,-0.9515927],[109.6298934,-0.9519182],[109.6479598,-0.9674618],[109.6772567,-0.9838193],[109.703868,-0.9606259],[109.7141219,-0.9473609],[109.7181096,-0.9258766],[109.719493,-0.9040667],[109.7243758,-0.8887672],[109.7348739,-0.8790016],[109.7635197,-0.8708635],[109.7651473,-0.8742815],[109.7597762,-0.8876279],[109.7513127,-0.8995908],[109.7421981,-0.9081357],[109.7348739,-0.9176572],[109.7317814,-0.9323056],[109.7341415,-0.9540341],[109.7404891,-0.9675432],[109.7597762,-0.9906552],[109.7751571,-1.0187314],[109.7856551,-1.0329729],[109.8099064,-1.0451799],[109.8230087,-1.0752906],[109.8354598,-1.0861956],[109.8590601,-1.0850562],[109.8696395,-1.0861956],[109.8940536,-1.0985654],[109.9001571,-1.1005185],[109.9226994,-1.1036109],[109.9345809,-1.1125628],[109.9368596,-1.1276181],[109.923676,-1.1740048],[109.9220484,-1.2015927],[109.9298609,-1.2232398],[109.951508,-1.2308896],[109.9484969,-1.2507464],[109.9642033,-1.2657203],[109.9882919,-1.2749977],[110.0100204,-1.2780087],[110.0295516,-1.2859026],[110.0441187,-1.3047828],[110.0613713,-1.3463681],[110.0710555,-1.3899065],[110.0685327,-1.4325497],[110.0417587,-1.5598284],[110.0385848,-1.6276181],[110.0339462,-1.6461728],[110.0046493,-1.7121721],[109.9939071,-1.7302385],[109.9826766,-1.7379697],[109.9680282,-1.7434221],[109.9216415,-1.7696266],[109.9106551,-1.7789853],[109.908702,-1.7901344],[109.9108179,-1.7999],[109.9162704,-1.8077939],[109.924327,-1.813165],[109.9189559,-1.8158505],[109.9089462,-1.8233375],[109.9038192,-1.8261044],[109.9536239,-1.8742815],[109.9685979,-1.881443],[109.9875594,-1.8846982],[110.0341903,-1.9093564],[110.0657658,-1.9175758],[110.0750432,-1.9224586],[110.0925399,-1.9496396],[110.0954696,-1.9601376],[110.1235458,-2.0254859],[110.129161,-2.0695126],[110.1198837,-2.1120745],[110.1053166,-2.1543922],[110.095551,-2.1973609],[110.0949813,-2.2155087],[110.0971786,-2.2357724],[110.1046656,-2.2520484],[110.1194768,-2.2587216],[110.1320907,-2.2681617],[110.1408798,-2.2897275],[110.1547958,-2.3762346],[110.156993,-2.4195289],[110.1599227,-2.436456],[110.2011825,-2.5082333],[110.2210393,-2.5328102],[110.2468368,-2.5398089],[110.2805282,-2.5182431],[110.2649032,-2.5565732],[110.2319442,-2.5567359],[110.1992294,-2.5523414],[110.1843368,-2.5772437],[110.1796981,-2.5900204],[110.160411,-2.6124],[110.156993,-2.6212704],[110.1674911,-2.6324195],[110.2037867,-2.6400693],[110.2116805,-2.6526018],[110.2138778,-2.6690406],[110.2231551,-2.7019182],[110.2275497,-2.7419573],[110.2458602,-2.7863095],[110.2470809,-2.8151181],[110.2375594,-2.8469378],[110.2216903,-2.8760719],[110.2048446,-2.8961728],[110.2236434,-2.9303525],[110.240245,-2.9730771],[110.2631942,-3.0028622],[110.301036,-2.9979794],[110.4040633,-2.9205055],[110.5080673,-2.874607],[110.5494898,-2.8676083],[110.5885523,-2.8765602],[110.616954,-2.9098447],[110.6303817,-2.9513486],[110.6350204,-2.9742164],[110.6367294,-2.994887],[110.6425887,-3.0187314],[110.6435653,-3.0289853],[110.6401473,-3.0372047],[110.6331486,-3.0394833],[110.6281844,-3.0426572],[110.6306258,-3.053318],[110.6624455,-3.0807431],[110.6979273,-3.0626767],[110.7768661,-2.9597307],[110.7939559,-2.9435361],[110.8115341,-2.9366187],[110.8300887,-2.9337704],[110.8794051,-2.9181454],[110.8969833,-2.9098447],[110.9340926,-2.8838844],[110.9560653,-2.8790016],[110.9658309,-2.8995908],[110.9560653,-2.900079],[110.8720809,-2.9352353],[110.8379012,-2.9450009],[110.8043726,-2.9590797],[110.7740992,-2.9843075],[110.7649846,-2.9957822],[110.7555445,-3.0118141],[110.7542424,-3.0260556],[110.7702743,-3.0321591],[110.8066512,-3.0329729],[110.8237411,-3.0372047],[110.9065048,-3.0832659],[110.9423934,-3.0914853],[110.986176,-3.0874977],[111.0608016,-3.0611305],[111.2961532,-2.936456],[111.3242294,-2.9259579],[111.3630477,-2.9229469],[111.4475204,-2.9297828],[111.4856877,-2.9415016],[111.5144149,-2.9637997],[111.5208439,-2.9789365],[111.5257268,-2.9968401],[111.5343531,-3.0121396],[111.5517684,-3.0184872],[111.5698348,-3.0157203],[111.5843205,-3.0088844],[111.6489364,-2.9620094],[111.6920679,-2.9468727],[111.6941838,-2.9430478],[111.7034611,-2.9436174],[111.7057398,-2.9400367],[111.7039494,-2.9318173],[111.7000432,-2.9281552],[111.6955673,-2.9262021],[111.6867782,-2.9169247],[111.6809188,-2.9144833],[111.6754663,-2.9110654],[111.6715601,-2.9030087],[111.6725367,-2.8946266],[111.6775008,-2.8879534],[111.6831161,-2.8829892],[111.6858016,-2.8788388],[111.6897893,-2.8742001],[111.6987411,-2.8680966],[111.7080184,-2.8596331],[111.7131454,-2.8484026],[111.7126571,-2.8350562],[111.7057398,-2.7897275],[111.7107854,-2.7745908],[111.7234807,-2.7590471],[111.7394312,-2.7461891],[111.7540796,-2.7385393],[111.7527775,-2.7562802],[111.7374781,-2.7833798],[111.7335718,-2.8033993],[111.736827,-2.8126767],[111.7438257,-2.8174781],[111.7509872,-2.8204078],[111.7540796,-2.8239072],[111.7540796,-2.8689104],[111.7602645,-2.9076474],[111.822439,-3.0184872],[111.8325301,-3.0616187],[111.8175562,-3.1444638],[111.814952,-3.1903622],[111.8427841,-3.361749],[111.8429468,-3.384454],[111.8352971,-3.4476865],[111.8297632,-3.4681943],[111.8083602,-3.5118141],[111.8087671,-3.5329729],[111.8220321,-3.5450986],[111.8694768,-3.5601539],[111.8872176,-3.570245],[111.9052841,-3.5720354],[111.9310002,-3.5590146],[111.9731551,-3.5255673],[112.1168726,-3.3822568],[112.2028915,-3.3295224],[112.302745,-3.3138974],[112.3489689,-3.3228492],[112.3904729,-3.3399391],[112.5246688,-3.4377581],[112.5450952,-3.4442685],[112.5559188,-3.4426409],[112.5657658,-3.4379208],[112.57309,-3.4303525],[112.5759383,-3.4200986],[112.5815536,-3.4159482],[112.6180119,-3.4237607],[112.6380314,-3.416762],[112.6697697,-3.3886044],[113.021495,-3.1625302],[113.021495,-3.1563453],[113.0114038,-3.1532529],[112.9904891,-3.151788],[112.9798283,-3.1495094],[112.9684351,-3.1439755],[112.9619247,-3.1383603],[112.9494735,-3.1251767],[112.9410913,-3.1063779],[112.9490666,-3.0860328],[112.9633895,-3.0690243],[112.976329,-3.0575497],[112.9831649,-3.0497372],[112.9873153,-3.046482],[112.991954,-3.0456682],[113.0034286,-3.0474586],[113.0078231,-3.046482],[113.0173446,-3.0367978],[113.0252385,-3.0173479],[113.0315048,-3.0088844],[113.03712,-2.9930966],[113.0351669,-2.9229469],[113.101329,-3.0425758],[113.1282658,-3.0549456],[113.1591903,-3.0646298],[113.1826278,-3.077081],[113.2016708,-3.0930315],[113.2099716,-3.1037737],[113.2155868,-3.1342099],[113.2216903,-3.1499977],[113.2304794,-3.1643206],[113.2412216,-3.1768531],[113.2546493,-3.1869443],[113.2850041,-3.2041969],[113.299327,-3.2146135],[113.3510848,-3.2723935],[113.3452255,-3.2465146],[113.302745,-3.1625302],[113.3159286,-3.1680641],[113.3293563,-3.1827939],[113.3396102,-3.2002906],[113.3435979,-3.2146135],[113.3458765,-3.2378883],[113.3527938,-3.2492815],[113.3657333,-3.2528622],[113.4230249,-3.247247],[113.4397079,-3.2384579],[113.4466252,-3.221124],[113.4521591,-3.1993954],[113.4663192,-3.1842587],[113.486176,-3.1747372],[113.5080673,-3.1700172],[113.5935165,-3.1700172],[113.6115015,-3.174249],[113.6203719,-3.1853167],[113.6421005,-3.2559547],[113.6438094,-3.2984352],[113.6375432,-3.3417294],[113.6247665,-3.3822568],[113.6324976,-3.456801],[113.7131454,-3.4725888],[113.8147079,-3.4552548],[113.8855087,-3.4305966],[113.9480087,-3.3947893],[113.9806421,-3.3850237],[114.0420028,-3.3555641],[114.0803329,-3.2912737],[114.0940048,-3.2811825],[114.0971786,-3.2760556],[114.0992945,-3.2533505],[114.1088973,-3.2084286],[114.1123153,-3.1989072],[114.1176864,-3.1903622],[114.1225692,-3.2160784],[114.1040145,-3.3138974],[114.1082463,-3.3473447],[114.1258244,-3.3678525],[114.1531682,-3.3783505],[114.1865341,-3.3822568],[114.2480575,-3.3602841],[114.2895614,-3.3064104],[114.3240666,-3.2479794],[114.3647567,-3.2115211],[114.3596298,-3.2344703],[114.3508407,-3.248956],[114.3237411,-3.2798805],[114.3019312,-3.3457984],[114.2929794,-3.3555641],[114.2754012,-3.3624],[114.2651473,-3.3783505],[114.2635197,-3.3975562],[114.2722274,-3.4132626],[114.288829,-3.4244931],[114.3679305,-3.4585914],[114.4124455,-3.4852841],[114.451508,-3.4987118],[114.4768173,-3.500665],[114.4882919,-3.4883766],[114.5000106,-3.382745],[114.5117294,-3.3676083],[114.5290633,-3.3573544],[114.5503036,-3.3480771],[114.5239364,-3.475844],[114.5223088,-3.519301],[114.5368758,-3.5634091],[114.5964462,-3.637872],[114.6110946,-3.6838518],[114.6042587,-3.8551572],[114.6113387,-3.9263648],[114.6316024,-4.012872],[114.6106063,-4.0887997],[114.6066187,-4.1322568],[114.6247665,-4.1705055],[114.6643173,-4.1841773],[114.7129012,-4.170831],[114.8759872,-4.0709775],[115.0603133,-3.9857724],[115.3136499,-3.8830706],[115.5833439,-3.7805315],[115.6340177,-3.7563933],[115.7587997,-3.696954],[115.7966415,-3.6696103],[115.8361923,-3.6332333],[115.8581649,-3.6202125],[115.882579,-3.6149228],[115.9489038,-3.6141904],[115.9679468,-3.6088193],[115.9895126,-3.5826962],[115.9997665,-3.5401344],[116.0095321,-3.4511044],[116.0234481,-3.4117978],[116.0852157,-3.3070615],[116.100271,-3.2649065],[116.1105249,-3.2461891],[116.1228133,-3.2382138],[116.1560165,-3.2256812],[116.1721298,-3.2261695],[116.1672469,-3.2457008],[116.1606551,-3.253025],[116.1535751,-3.2593727],[116.1435653,-3.2515602],[116.134288,-3.2543271],[116.1276962,-3.2648251],[116.1262313,-3.2798805],[116.1496688,-3.2706845],[116.1684676,-3.2658017],[116.1813257,-3.2559547],[116.1876734,-3.2320289],[116.1832788,-3.2082659],[116.1633407,-3.1729469],[116.1672469,-3.1563453],[116.1801864,-3.1613095],[116.2192489,-3.1466611],[116.2649032,-3.1368954],[116.2672632,-3.1242001],[116.2548934,-3.1086565],[116.1920679,-3.0635719],[116.1775008,-3.0499],[116.1673283,-3.0306943],[116.1674911,-3.0148251],[116.1613876,-3.0035133],[116.1330673,-2.9979794],[116.1183374,-3.0053036],[116.1101994,-3.0062802],[116.1057235,-2.9979794],[116.1098739,-2.9865862],[116.1196395,-2.976495],[116.1267196,-2.9660784],[116.1228133,-2.9538714],[116.1113387,-2.9302711],[116.1174423,-2.9097633],[116.1306258,-2.8899065],[116.1398218,-2.8689104],[116.1396591,-2.8578427],[116.1339624,-2.8400204],[116.1330673,-2.8341611],[116.1377059,-2.8234189],[116.1445419,-2.8168271],[116.1506454,-2.8163388],[116.1535751,-2.8239072],[116.1550399,-2.8439267],[116.1591903,-2.8674456],[116.1657007,-2.8890927],[116.1740829,-2.9030087],[116.1836044,-2.9093564],[116.1999618,-2.9152158],[116.2081812,-2.9229469],[116.212413,-2.9303525],[116.2146102,-2.9386533],[116.2190048,-2.98504],[116.2287704,-3.0016415],[116.2438257,-3.0090471],[116.263357,-3.0054664],[116.2876083,-2.9870745],[116.3342391,-2.925551],[116.3514104,-2.8961728],[116.3647567,-2.8614234],[116.369965,-2.8239072],[116.3657333,-2.6526018],[116.3706161,-2.6329078],[116.3903915,-2.5890439],[116.393077,-2.5739885],[116.3820093,-2.5577125],[116.3662216,-2.5567359],[116.3415633,-2.5665829],[116.3105575,-2.6150042],[116.2968856,-2.6081682],[116.3208114,-2.5669898],[116.3237411,-2.54754],[116.3071395,-2.5393206],[116.3030705,-2.5350888],[116.3042098,-2.5256487],[116.3100692,-2.51629],[116.3210555,-2.5119768],[116.3332626,-2.511163],[116.3657333,-2.5051409],[116.3696395,-2.506443],[116.3742782,-2.5093727],[116.3797307,-2.5118954],[116.3862411,-2.5119768],[116.3918563,-2.5092099],[116.4016219,-2.5007464],[116.4067489,-2.4983049],[116.4189559,-2.4965146],[116.4445907,-2.4983049],[116.4609481,-2.5070126],[116.4681096,-2.5264625],[116.4731551,-2.5474586],[116.4824325,-2.5603167],[116.5179143,-2.5538876],[116.5400497,-2.512872],[116.5729273,-2.3628069],[116.6032821,-2.2242164],[116.6054794,-2.1936174],[116.5986434,-2.1838518],[116.5832626,-2.1876767],[116.5662541,-2.1976865],[116.554454,-2.2072079],[116.5427352,-2.2092424],[116.535411,-2.195245],[116.5315861,-2.1778297],[116.5309351,-2.1693661],[116.5178329,-2.1664365],[116.5006617,-2.1696917],[116.4370223,-2.1983375],[116.4106551,-2.20379],[116.3928329,-2.1910947],[116.3862411,-2.1522763],[116.3708602,-2.137872],[116.3371688,-2.1460914],[116.2893986,-2.1693661],[116.2832137,-2.1693661],[116.2920028,-2.1509742],[116.3121851,-2.1290016],[116.3366805,-2.1081682],[116.3588973,-2.0936825],[116.4269312,-2.0763486],[116.4384872,-2.0669898],[116.4578557,-2.042413],[116.4631454,-2.0199521],[116.4504501,-1.9574521],[116.4665633,-1.9074846],[116.4518335,-1.8839658],[116.4135848,-1.8472633],[116.4328719,-1.8218727],[116.4482528,-1.7960751],[116.441661,-1.7760556],[116.4248153,-1.7663714],[116.4025985,-1.7639299],[116.3795679,-1.7653134],[116.379161,-1.7673479],[116.3728133,-1.7769508],[116.3725692,-1.7789853],[116.3667098,-1.7780901],[116.3574325,-1.7722307],[116.3514104,-1.7721493],[116.3300887,-1.7780901],[116.3210555,-1.7828102],[116.3173934,-1.7892392],[116.3078719,-1.8008766],[116.2858993,-1.8070615],[116.2609969,-1.8085263],[116.2429305,-1.8057594],[116.2224227,-1.7896461],[116.2319442,-1.7771135],[116.263357,-1.7618954],[116.2719833,-1.7492815],[116.3248804,-1.7038714],[116.3457137,-1.6959775],[116.3907984,-1.6845029],[116.4299423,-1.6593564],[116.5178329,-1.6343727],[116.5402124,-1.6227353],[116.557465,-1.6062151],[116.5644637,-1.5834286],[116.5612085,-1.5637346],[116.5535588,-1.5513648],[116.544607,-1.5404599],[116.53712,-1.5256487],[116.5392359,-1.4812151],[116.5676376,-1.4465471],[116.6097111,-1.4205868],[116.7190048,-1.3772112],[116.7397567,-1.3742815],[116.7623804,-1.3653297],[116.767426,-1.3443336],[116.7630314,-1.2985165],[116.7666122,-1.287693],[116.7790633,-1.2738583],[116.7889104,-1.2544898],[116.7908635,-1.2491187],[116.7908635,-1.2439104],[116.787771,-1.2394345],[116.7832137,-1.2375628],[116.7790633,-1.2364234],[116.7773544,-1.233982],[116.7360946,-1.2209612],[116.7379663,-1.2150204],[116.7493596,-1.2028948],[116.7539169,-1.1934547],[116.757579,-1.1884091],[116.7570907,-1.1822242],[116.7493596,-1.1688779],[116.719493,-1.1363258],[116.7153426,-1.1247698],[116.7203882,-1.0709775],[116.7288518,-1.0440406],[116.7431747,-1.0248349],[116.7568466,-1.0236956],[116.7433374,-1.0853818],[116.7463485,-1.1105283],[116.7874455,-1.1588681],[116.7924911,-1.1711565],[116.7932235,-1.2033017],[116.7971298,-1.2172177],[116.8051864,-1.2013486],[116.8113713,-1.1926409],[116.8176376,-1.1893857],[116.8307398,-1.1950009],[116.8293563,-1.2040341],[116.8176376,-1.2203915],[116.8173934,-1.2474911],[116.8198348,-1.2614072],[116.8298446,-1.2658017],[116.8518173,-1.2644182],[116.9576929,-1.2399228],[116.9834091,-1.2296689],[117.0078231,-1.2164039],[117.0236923,-1.2028948],[117.029633,-1.1841773],[117.0328882,-1.1593564],[117.0392359,-1.1377906],[117.0651962,-1.1218401],[117.1639104,-0.9817034],[117.195079,-0.9491513],[117.235118,-0.9244931],[117.2503361,-0.909275],[117.256521,-0.8842099],[117.259288,-0.858331],[117.267426,-0.8283017],[117.2815048,-0.8091773],[117.3011174,-0.8160133],[117.3278915,-0.8414853],[117.3322046,-0.850193],[117.3308212,-0.8776995],[117.3327743,-0.8917783],[117.3390406,-0.9012997],[117.3503524,-0.8969052],[117.3637801,-0.8785133],[117.3746851,-0.8558896],[117.3792424,-0.839288],[117.3908798,-0.8485654],[117.4128524,-0.8749325],[117.427745,-0.8807919],[117.4465438,-0.8770484],[117.4519149,-0.866469],[117.4482528,-0.8429501],[117.4581812,-0.8204892],[117.4935002,-0.8278134],[117.4891057,-0.7989234],[117.5376083,-0.8125953],[117.544607,-0.8088518],[117.5579533,-0.7956682],[117.564952,-0.7914365],[117.5715438,-0.7907854],[117.585704,-0.792413],[117.6150008,-0.7860654],[117.622732,-0.7815081],[117.6271265,-0.7709286],[117.626801,-0.7559547],[117.6220809,-0.7430966],[117.6136174,-0.7340634],[117.6023869,-0.7306454],[117.5750432,-0.7273089],[117.5206812,-0.7128232],[117.4997665,-0.709568],[117.488536,-0.7064755],[117.4829208,-0.6996396],[117.4858505,-0.6928036],[117.4997665,-0.6896298],[117.5275171,-0.693943],[117.5393173,-0.6945126],[117.5512801,-0.6896298],[117.5398869,-0.6744931],[117.5461532,-0.6656227],[117.5599064,-0.6582984],[117.571788,-0.6481259],[117.5759383,-0.6299781],[117.5651962,-0.6228167],[117.5471298,-0.6197242],[117.5302841,-0.6139462],[117.5302841,-0.6071103],[117.5361434,-0.6029599],[117.5429794,-0.6006812],[117.5739038,-0.5990536],[117.5784611,-0.5969378],[117.5807398,-0.5929501],[117.5935165,-0.5746396],[117.5975041,-0.5595029],[117.5989689,-0.5214169],[117.5895288,-0.5110003],[117.5545354,-0.5026995],[117.5581161,-0.4904111],[117.5704859,-0.48504],[117.6054794,-0.4761695],[117.6128036,-0.4668922],[117.619314,-0.4562314],[117.6316024,-0.4475237],[117.6388452,-0.436456],[117.6301376,-0.4187151],[117.6155705,-0.4152158],[117.5959579,-0.4226214],[117.4749455,-0.5090471],[117.4414169,-0.5251604],[117.4414169,-0.5177548],[117.4521591,-0.5017229],[117.462413,-0.479913],[117.466482,-0.4572893],[117.4585067,-0.4388974],[117.4575301,-0.4270159],[117.4675399,-0.4115536],[117.4891057,-0.3873837],[117.4939885,-0.3726539],[117.4970809,-0.3502743],[117.4953719,-0.3337542],[117.4858505,-0.33587],[117.47462,-0.3302548],[117.4577743,-0.3082008],[117.4420679,-0.281915],[117.4339299,-0.2638486],[117.4350692,-0.2396786],[117.4563908,-0.205499],[117.4619247,-0.1857236],[117.4653426,-0.1444638],[117.469493,-0.1288388],[117.4848739,-0.0922177],[117.4891057,-0.0857073],[117.4948837,-0.0803362],[117.5073348,-0.0696347],[117.5128687,-0.0591367],[117.5252385,-0.0420468],[117.5268661,-0.0378964],[117.5302841,-0.0323219],[117.5290633,-0.0194638],[117.5234481,0.0030785],[117.5168563,0.0159366],[117.5090438,0.0260277],[117.5000106,0.0330264],[117.4891057,0.0371768],[117.4970809,0.0510115],[117.4921981,0.0546329],[117.4824325,0.0545922],[117.4755966,0.0576033],[117.4733993,0.0648868],[117.4736434,0.0692406],[117.4748641,0.0747745],[117.4755966,0.085598],[117.4736434,0.0955264],[117.470551,0.1021996],[117.4699813,0.1087914],[117.4755966,0.119086],[117.4836532,0.1248233],[117.5068466,0.1330427],[117.5172632,0.1402042],[117.5091252,0.1485863],[117.4982202,0.1508243],[117.4882919,0.1511091],[117.4824325,0.1537947],[117.4801538,0.16649],[117.4836532,0.1788598],[117.4909774,0.1898868],[117.5139266,0.2118594],[117.5231226,0.2257755],[117.5265406,0.2421736],[117.5234481,0.2630883],[117.5195419,0.2710635],[117.5159611,0.2752953],[117.5144149,0.2803409],[117.5172632,0.290961],[117.5537216,0.3495141],[117.5695093,0.3890648],[117.5854598,0.4071313],[117.5953882,0.4122989],[117.6076766,0.4171817],[117.619314,0.4238956],[117.6271265,0.4343936],[117.6262313,0.4440372],[117.6154891,0.4691837],[117.6128036,0.4790714],[117.6203719,0.5020206],[117.6748153,0.5647647],[117.6790471,0.5746931],[117.6844182,0.5963809],[117.6884872,0.60635],[117.6958114,0.6170922],[117.7190861,0.6367862],[117.7248641,0.6526553],[117.7295028,0.7155622],[117.7431747,0.740546],[117.7883407,0.7923038],[117.8112899,0.8117536],[117.8293563,0.8202579],[117.8503524,0.8242862],[117.884288,0.8254255],[117.8893335,0.8277042],[117.894786,0.832587],[117.9025171,0.8374698],[117.9140731,0.8396671],[117.9272567,0.8386905],[117.9381617,0.8356387],[117.947439,0.8311221],[117.9554143,0.8254255],[117.962413,0.8170841],[117.9733179,0.7984887],[117.9826766,0.7913272],[117.9939071,0.7884789],[118.0052189,0.7887637],[118.0205184,0.7913272],[118.0329696,0.8002383],[118.0363062,0.8207055],[118.0340275,0.8433292],[118.0304468,0.8589542],[118.0247502,0.8727888],[118.0168563,0.8862165],[118.0141708,0.888129],[118.0056258,0.8919132],[118.0031844,0.8937442],[117.9958602,0.9067244],[117.9929305,0.9107934],[117.9846298,0.9262149],[117.9797469,0.9662133],[117.975271,0.9830997],[117.9379989,1.0314802],[117.9336044,1.0387637],[117.9013778,1.0785994],[117.8928329,1.0948754],[117.8909611,1.1041934],[117.8938908,1.1134708],[117.9016219,1.1198591],[117.9133407,1.1249454],[117.9240015,1.1249861],[117.9287216,1.1166039],[117.9367782,1.1081404],[117.9758407,1.0881208],[117.9895126,1.0785994],[118.0055445,1.0510115],[118.0284937,0.9845238],[118.0446883,0.9551456],[118.0691838,0.9287784],[118.0966903,0.9086368],[118.1290796,0.8930118],[118.1878361,0.8752302],[118.3169051,0.8588321],[118.3327743,0.8527286],[118.3468531,0.839016],[118.3564559,0.8232283],[118.3671981,0.8103702],[118.3839624,0.8049177],[118.3919377,0.8076033],[118.4023544,0.8139509],[118.4109807,0.8218448],[118.4187118,0.8372257],[118.428396,0.8399926],[118.4734807,0.8382836],[118.5141708,0.8220076],[118.5341903,0.8180199],[118.5439559,0.8145206],[118.5546981,0.8079288],[118.5652775,0.8040225],[118.5754501,0.8083357],[118.5831812,0.8136661],[118.6394149,0.8405216],[118.662771,0.8463809],[118.6860458,0.8461368],[118.7058212,0.8359236],[118.7175399,0.8282738],[118.7417098,0.8221703],[118.7631942,0.8090274],[118.7742619,0.8057315],[118.7863062,0.8045922],[118.7981877,0.8049177],[118.8127548,0.8091495],[118.8283798,0.8181013],[118.8409937,0.8299014],[118.851329,0.8569197],[118.8650008,0.8688419],[118.939952,0.9020857],[118.9565536,0.9126651],[118.970551,0.9357364],[119.0029403,0.9624698],[119.0117294,0.9762637],[119.0112411,0.9882266],[119.0063583,0.9948591],[119.0006617,0.9990909],[118.9975692,1.0036075],[118.9990341,1.0146345],[119.0031844,1.0263126],[119.0055445,1.0375837],[119.0009872,1.047919],[118.9851994,1.0575626],[118.9339299,1.0760766],[118.915538,1.0785994],[118.9065048,1.0753848],[118.8943791,1.0628116],[118.8877059,1.0581729],[118.8781844,1.0559757],[118.8708602,1.0563012],[118.8569442,1.0581729],[118.8261825,1.1196964],[118.8089299,1.1397159],[118.7978622,1.1499698],[118.7641708,1.1640079],[118.7671005,1.1726749],[118.7736109,1.1757266],[118.7805282,1.1773135],[118.7846786,1.1817081],[118.7763778,1.2019717],[118.754161,1.2295596],[118.7292587,1.2538516],[118.7129012,1.264309],[118.6751408,1.2804223],[118.6132919,1.351223],[118.582286,1.3673363],[118.5359807,1.3706729],[118.5239364,1.3741723],[118.4921981,1.3956973],[118.4762476,1.402045],[118.4631454,1.3945987],[118.4563094,1.3945987],[118.4539494,1.403225],[118.4510197,1.4284529],[118.4489038,1.4355329],[118.438243,1.4405785],[118.4147242,1.4408633],[118.4047958,1.4452172],[118.3996688,1.4544132],[118.4036564,1.4617374],[118.4184676,1.4728458],[118.4250594,1.4857445],[118.41684,1.491848],[118.3942163,1.4970157],[118.3698023,1.5227725],[118.3527938,1.5335961],[118.3112899,1.5419783],[118.2712508,1.5627302],[118.1853133,1.6317813],[118.1267196,1.6546898],[118.0546981,1.7334659],[118.0478622,1.743557],[118.0471298,1.7522647],[118.049327,1.7620303],[118.0509546,1.7744815],[118.0461532,1.7831078],[118.0348413,1.7848982],[118.01059,1.7843692],[117.9948837,1.7916934],[117.9809676,1.8007673],[117.9653426,1.8084171],[117.9448348,1.811713],[117.9240829,1.8191592],[117.9118758,1.8368594],[117.9033309,1.8574079],[117.8938908,1.8737654],[117.8859969,1.8825544],[117.8839624,1.8841007],[117.8810327,1.8820661],[117.8703719,1.8806013],[117.8625594,1.8859317],[117.8572697,1.8976505],[117.8567001,1.9093692],[117.863536,1.9147403],[117.8722437,1.9247094],[117.8747665,1.9474958],[117.873383,1.9904646],[117.8671981,1.9904646],[117.8556421,1.9833845],[117.8440048,1.9914411],[117.8317977,2.0056827],[117.8188583,2.0171573],[117.8029077,2.0213077],[117.7646591,2.0249698],[117.7500106,2.0314395],[117.7407333,2.0449893],[117.7546493,2.0463321],[117.7915145,2.0382755],[117.8254501,2.0362816],[117.8598739,2.0382755],[117.9004012,2.0499942],[117.8820907,2.0680606],[117.8442489,2.0882022],[117.8261825,2.1065128],[117.8828231,2.0954451],[117.9147242,2.0934919],[117.9150497,2.1065128],[117.935232,2.1241723],[117.9392196,2.143378],[117.9412541,2.1631534],[117.9554143,2.1822777],[117.9755966,2.1920841],[118.0446883,2.2089298],[118.0577906,2.2199568],[118.091482,2.2620303],[118.0993758,2.2778181],[118.0958765,2.3041446],[118.0822046,2.3374698],[118.0634872,2.3669294],[118.0446883,2.3815372],[118.03712,2.3639591],[118.0240992,2.3820255],[118.0068466,2.4255232],[117.9996851,2.4342716],[117.9878036,2.4563663],[117.9790145,2.4665388],[117.8816838,2.5514184],[117.8670354,2.5726993],[117.8261825,2.6074079],[117.8162541,2.6215274],[117.8073837,2.6380069],[117.8007919,2.6571719],[117.7962346,2.723212],[117.7920028,2.7423363],[117.7840275,2.7582462],[117.7522079,2.7846133],[117.7143661,2.7940941],[117.6735132,2.7992618],[117.6333114,2.8122419],[117.6196395,2.8255069],[117.6271265,2.8369815],[117.6643173,2.8640811],[117.6813257,2.8732771],[117.7042749,2.8789737],[117.7251083,2.8865421],[117.7363387,2.9015974],[117.6401473,2.9085147],[117.5673934,2.9225528],[117.5437932,2.9221052],[117.5437932,2.9289411],[117.6128036,2.9364281],[117.6305445,2.9423282],[117.6673283,2.9595401],[117.6850692,2.9630801],[117.6879989,2.9706485],[117.6754663,2.9857852],[117.6556096,2.9973819],[117.6367294,2.9941267],[117.6224064,2.986477],[117.6015731,2.9806583],[117.5803329,2.97899],[117.564952,2.9835473],[117.5750432,2.9928653],[117.6008407,3.0249698],[117.6092229,3.0319685],[117.6196395,3.0348982],[117.6294051,3.0423852],[117.634288,3.0523949],[117.6301376,3.0629744],[117.6232202,3.0724551],[117.6208602,3.0794945],[117.6171981,3.0858829],[117.6058049,3.0934105],[117.5637313,3.1018741],[117.5200301,3.0984561],[117.4817001,3.1012637],[117.4550887,3.1281599],[117.4541122,3.1451684],[117.4577743,3.1603458],[117.4539494,3.17121],[117.4309188,3.1753604],[117.3899032,3.1751977],[117.3702906,3.1771915],[117.3527124,3.1828067],[117.2815048,3.2230899],[117.2700301,3.2343204],[117.2678329,3.2445336],[117.2644149,3.2543399],[117.2646591,3.2617862],[117.2737736,3.2647973],[117.2815861,3.263251],[117.3117782,3.2516951],[117.3336695,3.2321231],[117.3447372,3.2304548],[117.3595484,3.2442895],[117.3631291,3.2548689],[117.3663843,3.2958031],[117.3696395,3.3052432],[117.3777775,3.3131371],[117.3868921,3.3198917],[117.3937281,3.3262393],[117.4055282,3.3456078],[117.4143986,3.3561872],[117.424327,3.3609887],[117.4344182,3.3643253],[117.4419051,3.3730329],[117.4465438,3.3851993],[117.4482528,3.398505],[117.4482528,3.4260928],[117.4465438,3.4347598],[117.4421493,3.4356957],[117.4357202,3.4343122],[117.427745,3.4360212],[117.4049585,3.4444848],[117.3743596,3.4486352],[117.3449813,3.4465193],[117.3254501,3.4360212],[117.3120223,3.461127],[117.3045354,3.4693871],[117.2907007,3.4770369],[117.2531031,3.4860701],[117.2428492,3.490668],[117.2275497,3.5051944],[117.2102971,3.528876],[117.1999618,3.5549991],[117.2053329,3.5769717],[117.2165633,3.6030134],[117.1992294,3.6162784],[117.1692814,3.6210391],[117.1142684,3.6205915],[117.0831812,3.6166446],[117.0539657,3.6083031],[117.0305282,3.5943871],[117.0556747,3.6319034],[117.0905054,3.6458194],[117.219493,3.6473656],[117.3022567,3.6332462],[117.4309188,3.6346703],[117.4510197,3.6292992],[117.4943954,3.6083438],[117.5097762,3.6073673],[117.5242619,3.6254337],[117.5234481,3.6502139],[117.513357,3.6748721],[117.4997665,3.6926944],[117.491954,3.7070987],[117.4824325,3.76496],[117.4799911,3.7711856],[117.4687606,3.7923038],[117.4889429,3.7821719],[117.4991968,3.7755801],[117.5035913,3.7687442],[117.5053817,3.7467716],[117.5085555,3.7359073],[117.5242619,3.7088891],[117.533702,3.6847598],[117.5466415,3.6640079],[117.56837,3.6550967],[117.5876571,3.650865],[117.6286727,3.6320661],[117.6506454,3.6278751],[117.7485458,3.636949],[117.7610783,3.6437442],[117.7771916,3.66885],[117.7879338,3.6786563],[117.8172307,3.6948103],[117.8261825,3.7035994],[117.8292749,3.7215844],[117.8178817,3.7300479],[117.7771916,3.7377383],[117.7342229,3.7521426],[117.7148544,3.7635766],[117.7021591,3.7787133],[117.7605087,3.7724063],[117.7767033,3.7741153],[117.7828882,3.7790388],[117.781993,3.7873396],[117.7771916,3.7991397],[117.7251083,3.8508975],[117.7190861,3.8605818],[117.6897079,3.8788109],[117.6816512,3.8822696],[117.6682235,3.8800316],[117.6523544,3.8751488],[117.6367294,3.8728702],[117.6233016,3.8786075],[117.6037704,3.8967146],[117.5794377,3.9145369],[117.5520939,3.9271508],[117.5234481,3.9295108],[117.5234481,3.9363467],[117.570079,3.9331729],[117.5906682,3.9260928],[117.6281031,3.9003767],[117.6508895,3.8952091],[117.6726994,3.8977725],[117.6884872,3.909003],[117.689301,3.9214542],[117.6784774,3.9324405],[117.6614689,3.9401716],[117.6279403,3.9470889],[117.6137801,3.9570987],[117.5202743,4.0493025],[117.5104273,4.0539411],[117.4996851,4.0497908],[117.4889429,4.0429548],[117.4790145,4.0393741],[117.4682723,4.0435245],[117.4682723,4.0529239],[117.4755966,4.0673282],[117.466482,4.0799014],[117.4506942,4.0881208],[117.4313257,4.0925967],[117.410411,4.0939395],[117.3958439,4.0989444],[117.3963322,4.1096866],[117.4030868,4.1203474],[117.4073999,4.1249861],[117.403982,4.1354841],[117.3961695,4.1396345],[117.3868921,4.1424828],[117.3792424,4.1492374],[117.3771265,4.1543643],[117.3738713,4.1652693],[117.3730575,4.1697452],[117.5078231,4.1234805],[117.5185653,4.1222598],[117.5283309,4.1275089],[117.5555119,4.1518415],[117.5670679,4.1596133],[117.5671493,4.159654],[117.558333,4.1676537],[117.5422099,4.173829],[117.5146147,4.1719429],[117.4983883,4.1726146],[117.4641785,4.1779115],[117.4364799,4.1856113],[117.4129155,4.2000807],[117.3565882,4.2595086],[117.2755595,4.3009789],[117.2386626,4.3268688],[117.230601,4.3371782],[117.2248133,4.3465834],[117.2171652,4.3534305],[117.2026958,4.356066],[117.1903968,4.3530171],[117.1743771,4.3384185],[117.1646619,4.3331475],[116.9805905,4.329556],[116.9242631,4.3449555],[116.8830254,4.3449039],[116.8044772,4.3300727],[116.7661333,4.3385735],[116.729443,4.3644634],[116.7116663,4.3667888],[116.6800403,4.3399171],[116.6611268,4.3343877],[116.6417998,4.333871],[116.6155481,4.344077],[116.5902267,4.3311321],[116.5768942,4.3320106],[116.5332793,4.3953659],[116.5222205,4.396787],[116.5153992,4.3841521],[116.4943152,4.3632232],[116.4864604,4.3488313],[116.4869772,4.3385735],[116.4919381,4.3312871],[116.4941085,4.3248534],[116.4859436,4.3169211],[116.4683737,4.3123219],[116.4571082,4.3167661],[116.4463595,4.317257],[116.4217615,4.2918322],[116.4113229,4.2886541],[116.4008842,4.2899977],[116.3910657,4.2946744],[116.3654342,4.337695],[116.3618169,4.3503816],[116.3581995,4.3554459],[116.3512749,4.3579005],[116.3442469,4.3569186],[116.3375289,4.3572287],[116.3106572,4.383377],[116.285129,4.3783902],[116.2572238,4.3641533],[116.2288017,4.3561177],[116.2150558,4.3578488],[116.1700973,4.3699153],[116.1468429,4.3712072],[116.1365076,4.3730417],[116.1257589,4.378907],[116.1174907,4.3572287],[116.1099459,4.3451106],[116.0994039,4.3365064],[116.0812138,4.3254735],[116.0331547,4.2777245],[116.020649,4.2708515],[116.0040092,4.276691],[115.9935706,4.2889125],[115.9873694,4.3047771],[115.983442,4.3213911],[115.9772408,4.3286258],[115.9648385,4.3354729],[115.940964,4.3443613],[115.898796,4.347126],[115.8788489,4.3521386],[115.8694438,4.3666855],[115.8648963,4.382576],[115.8561113,4.3907667],[115.8441224,4.3892164],[115.8309965,4.3761164],[115.821178,4.3443354],[115.8219015,4.3112367],[115.8174573,4.281316],[115.7794235,4.2489407],[115.7753927,4.2360991],[115.7707418,4.2256088],[115.7568925,4.2221723],[115.7471774,4.2276242],[115.7402527,4.2362025],[115.7326046,4.2393806],[115.6898165,4.1999773],[115.6827885,4.1906497],[115.6759672,4.1841643],[115.6559168,4.1786349],[115.6469251,4.1691006],[115.6391343,4.1459497],[115.6332825,4.1285605],[115.6221204,4.0402196],[115.6095114,3.9969148],[115.5902877,3.9580024],[115.580986,3.9469178],[115.545846,3.92772],[115.538818,3.9206145],[115.5383012,3.8978252],[115.5541142,3.8835625],[115.5745781,3.8720904],[115.5886341,3.8575951],[115.5893575,3.8245222],[115.5504969,3.7082244],[115.5446058,3.6689761],[115.544399,3.6291594],[115.5485332,3.6052849],[115.5733379,3.5450044],[115.5744747,3.5345657],[115.5724077,3.5142569],[115.5727177,3.5041542],[115.5761284,3.4916743],[115.5926648,3.4619603],[115.600623,3.4412123],[115.6012431,3.430231],[115.5954554,3.4208517],[115.5850167,3.416821],[115.576025,3.4194048],[115.5671367,3.423849],[115.5572148,3.4254509],[115.5358208,3.4036177],[115.5176307,3.3571605],[115.4828007,3.2064721],[115.4835242,3.1890054],[115.4993372,3.1697818],[115.5144267,3.1647692],[115.5170105,3.1572761],[115.4821806,3.110974],[115.4759795,3.0930423],[115.4721554,3.0505126],[115.4640939,3.0308239],[115.4479708,3.0240543],[115.4068364,3.0195067],[115.3415174,2.9911364],[115.3099948,2.9859171],[115.281366,2.9995596],[115.2558379,3.0374901],[115.2420919,3.0416242],[115.2250387,3.0158894],[115.2079855,2.9806977],[115.19641,2.9676236],[115.1390491,2.9284529],[115.1228227,2.9129499],[115.1095935,2.892021],[115.1052527,2.8802904],[115.1027723,2.8699551],[115.0990516,2.8596715],[115.0911967,2.8481477],[115.0775542,2.8365205],[115.0690792,2.8326448],[115.0669088,2.8282006],[115.0718698,2.8147647],[115.0981214,2.7810717],[115.1046326,2.7614863],[115.0935739,2.7370434],[115.0827218,2.7295503],[115.0721798,2.7274315],[115.0631881,2.7236592],[115.0569869,2.7112568],[115.0579171,2.70149],[115.0687692,2.6815429],[115.0718698,2.6718277],[115.0674256,2.6512088],[115.0586406,2.6288329],[115.0564702,2.6086274],[115.0714563,2.5946231],[115.0825151,2.5943647],[115.1041158,2.6047517],[115.1149679,2.607904],[115.1268535,2.6067671],[115.1397726,2.6028397],[115.1519682,2.5970519],[115.1618901,2.5903856],[115.1769796,2.5741592],[115.1923792,2.5510599],[115.203748,2.5275471],[115.2061251,2.5098738],[115.1926893,2.4905468],[115.171812,2.4833121],[115.1265434,2.4792296],[115.105046,2.4656904],[115.0674256,2.423109],[115.052026,2.414014],[115.0347661,2.4064175],[114.9920813,2.3698823],[114.9729611,2.35748],[114.9345138,2.3606839],[114.9222148,2.3539143],[114.9152902,2.3320552],[114.9167371,2.3112296],[114.919631,2.2956749],[114.9133265,2.2840478],[114.8864547,2.2751594],[114.8090434,2.2646691],[114.778761,2.2472025],[114.7634648,2.2080834],[114.752096,2.1535131],[114.7530262,2.1348062],[114.7567469,2.1260471],[114.7680123,2.1102082],[114.7702861,2.1000538],[114.7692526,2.066645],[114.7702861,2.0582217],[114.7806214,2.0360526],[114.7921969,2.0348123],[114.8082166,2.0419695],[114.8313676,2.04476],[114.8410828,2.038223],[114.8453203,2.024968],[114.8451136,2.0097492],[114.8425297,1.997166],[114.8338481,1.9766763],[114.8294039,1.9597781],[114.8294039,1.9426474],[114.8336414,1.9213567],[114.8319878,1.9025207],[114.8190686,1.8902992],[114.7630514,1.8686984],[114.7089978,1.8619805],[114.6991793,1.8580531],[114.6886373,1.8502241],[114.6795423,1.8407415],[114.6741679,1.8319048],[114.6713774,1.8209752],[114.6726176,1.8140764],[114.6758216,1.8067384],[114.6789222,1.7943619],[114.680059,1.7632785],[114.6690003,1.6940062],[114.6502934,1.6414513],[114.6244552,1.5987924],[114.6096757,1.5816358],[114.5745358,1.5534205],[114.563167,1.5363931],[114.563167,1.5122602],[114.5677145,1.4909179],[114.5680245,1.4693946],[114.5616167,1.450016],[114.545597,1.4349523],[114.5222392,1.4294229],[114.5006385,1.4360375],[114.4213668,1.4921839],[114.3982158,1.5035528],[114.374858,1.5069376],[114.3557378,1.5019508],[114.2074059,1.4394431],[114.2048426,1.4383629],[114.1832418,1.4234543],[114.1734233,1.4205087],[114.1604008,1.4247979],[114.1502723,1.4342805],[114.1410739,1.4452617],[114.1309453,1.4541759],[114.094255,1.4656739],[114.0539474,1.4650538],[113.9096668,1.4424712],[113.8911666,1.4349523],[113.8682223,1.4154961],[113.8081743,1.3397126],[113.6495276,1.2332592],[113.6248263,1.2275748],[113.5965076,1.2416308],[113.5461748,1.3015754],[113.5244707,1.3135644],[113.5033867,1.3144945],[113.4823027,1.3087068],[113.4429253,1.292377],[113.3975533,1.2939273],[113.323656,1.3513915],[113.2760104,1.368884],[113.2177194,1.3808987],[113.1727609,1.3837409],[113.1586015,1.3881593],[113.1257353,1.4136358],[113.089045,1.4313349],[113.0505978,1.4347973],[113.011427,1.427976],[112.9731865,1.4150827],[112.9582003,1.4156511],[112.9553064,1.4235576],[112.9611976,1.4343839],[112.9916866,1.4569665],[113.0072929,1.4732704],[113.018455,1.4923906],[113.0243462,1.514379],[113.023416,1.5370132],[113.0141142,1.550785],[112.9971643,1.5601643],[112.9731865,1.5698536],[112.9560299,1.5723341],[112.9076608,1.5705254],[112.8881271,1.5748662],[112.8713839,1.580654],[112.8549508,1.582721],[112.8364506,1.5760548],[112.8266321,1.5671923],[112.8205343,1.5576321],[112.8135063,1.5493381],[112.8015174,1.5437829],[112.7947994,1.5443771],[112.7688579,1.552232],[112.4704782,1.5676574],[112.4458802,1.5620763],[112.4297571,1.5506817],[112.4159078,1.5366515],[112.3985446,1.5233448],[112.3809746,1.5177121],[112.3190662,1.5117435],[112.2951917,1.5038111],[112.1800566,1.4490341],[112.1615564,1.4345389],[112.154115,1.4095275],[112.159076,1.4007942],[112.1818136,1.400019],[112.1880148,1.3914149],[112.1873947,1.3796585],[112.183984,1.369039],[112.1526681,1.306278],[112.1000615,1.1549177],[112.0929301,1.1431355],[112.0794943,1.1372444],[112.0540695,1.133627],[111.9733509,1.1340404],[111.9100989,1.1140416],[111.8230758,1.0084667],[111.7628211,0.9930154],[111.7341923,1.0014387],[111.6821025,1.0234529],[111.6552308,1.0307909],[111.6373507,1.0322379],[111.6226746,1.0302742],[111.5388554,0.997718],[111.5153943,0.9644901],[111.5031987,0.9584439],[111.4920366,0.9808715],[111.4880058,0.9979247],[111.4824248,1.0128592],[111.4720895,1.0222126],[111.4545195,1.022626],[111.4150387,1.0102237],[111.395505,1.0062963],[111.374111,1.0075365],[111.3517867,1.0138927],[111.2175314,1.0732689],[111.1975843,1.0752326],[110.9734119,1.0177168],[110.9105734,1.0157014],[110.8803943,1.0105338],[110.8526958,0.9972012],[110.7969886,0.9496589],[110.7870667,0.934156],[110.7862399,0.9162759],[110.7839661,0.9081627],[110.7767314,0.9032535],[110.7712537,0.9043904],[110.7611251,0.9128653],[110.7583346,0.9145189],[110.7457255,0.9080077],[110.7447954,0.9050622],[110.7248483,0.897259],[110.7207142,0.8973624],[110.7094487,0.9013931],[110.7041777,0.9013931],[110.6930156,0.8946752],[110.6744121,0.8770019],[110.6612863,0.8721443],[110.647747,0.8739013],[110.6388587,0.8807742],[110.6321407,0.888629],[110.6248027,0.8931249],[110.6134339,0.8939517],[110.6096098,0.8908511],[110.6059925,0.8833064],[110.5960706,0.8711107],[110.5539026,0.8513703],[110.5063603,0.8573131],[110.4602649,0.8797407],[110.4226445,0.9094547],[110.3806832,0.9666088],[110.3641468,0.9813882],[110.3516411,0.9865042],[110.3007915,0.997718],[110.2863221,0.9953409],[110.2727828,0.9910517],[110.2634811,0.9943074],[110.2617241,1.0147195],[110.2565564,1.0390591],[110.2067404,1.1117162],[110.1851396,1.1541942],[110.1703601,1.1744514],[110.15217,1.1838565],[110.0934656,1.191608],[110.074552,1.198636],[110.0518144,1.2154825],[110.0307304,1.253568],[110.0121269,1.2705179],[109.9832027,1.2843965],[109.9762635,1.2877261],[109.9637578,1.2985782],[109.9517688,1.3196622],[109.9325452,1.3785216],[109.9202462,1.3947739],[109.9020561,1.4037914],[109.8827291,1.4038431],[109.8628854,1.401466],[109.8428349,1.4032746],[109.8254716,1.4175632],[109.8077983,1.4599637],[109.8005636,1.4667591],[109.7815467,1.4562947],[109.7755522,1.4579483],[109.7731751,1.4858536],[109.7663538,1.4964731],[109.6772636,1.5728509],[109.65804,1.5971905],[109.6469812,1.6176285],[109.6417102,1.6371622]]],[[[97.8668726,2.2474633],[97.8811141,2.2503116],[97.9333602,2.2697615],[97.9559025,2.2717146],[97.9835718,2.2443708],[98.0896102,2.1958682],[98.1525985,2.1569278],[98.2094833,2.1099307],[98.243663,2.0875512],[98.2561141,2.0733096],[98.2609156,2.0485294],[98.2692163,2.038072],[98.288829,2.0373396],[98.3117782,2.0396182],[98.3298446,2.0382755],[98.3411564,2.0333926],[98.3471786,2.0289981],[98.3493758,2.0214298],[98.34962,2.0072289],[98.3545028,2.0038109],[98.3659774,2.0028751],[98.3878687,2.0034854],[98.406993,2.0019392],[98.4261174,1.997626],[98.444021,1.9911563],[98.5351669,1.9364688],[98.5761825,1.8880883],[98.6582137,1.7639021],[98.6906844,1.7362735],[98.7111109,1.7257755],[98.7202255,1.7334659],[98.7215275,1.7390811],[98.7267359,1.7494164],[98.7270614,1.7564965],[98.7249455,1.756822],[98.7150985,1.7639835],[98.7127385,1.7639021],[98.7111109,1.7791202],[98.7150171,1.7849796],[98.7270614,1.7918969],[98.7601018,1.7641462],[98.7739364,1.7486026],[98.7829696,1.7297224],[98.7845158,1.7118594],[98.783702,1.6990421],[98.7880966,1.6913516],[98.8059188,1.6888695],[98.8191024,1.6823184],[98.8235783,1.6666934],[98.8226018,1.6304385],[98.8188583,1.6196964],[98.7981877,1.5990665],[98.7885848,1.5864119],[98.7664494,1.5490176],[98.7534286,1.5356306],[98.7474064,1.5485294],[98.7453719,1.5561384],[98.7404077,1.5639102],[98.7336532,1.5698917],[98.7270614,1.5721703],[98.7112736,1.5695661],[98.709646,1.5641137],[98.7202255,1.5453962],[98.7258407,1.523627],[98.7302352,1.5143904],[98.7369898,1.5106876],[98.7462671,1.5089379],[98.756521,1.504462],[98.7646591,1.4988467],[98.768077,1.4935977],[98.7702743,1.4745954],[98.7754012,1.4515648],[98.7885848,1.4138044],[98.7990829,1.3987491],[98.8400171,1.3567569],[98.8445744,1.3458926],[98.8429468,1.3334415],[98.8388778,1.3213565],[98.8369247,1.3114688],[98.8390406,1.3012556],[98.8505966,1.2772891],[98.9173283,1.1171736],[98.9758407,0.9208438],[98.9803166,0.8862165],[98.9767359,0.8473575],[98.9812118,0.8317325],[98.9973251,0.8254255],[99.0061141,0.8187523],[99.0417587,0.777045],[99.0473739,0.7397322],[99.0400497,0.6504581],[99.0485946,0.6199405],[99.0727645,0.6308048],[99.0898544,0.6220157],[99.100271,0.601752],[99.1038518,0.5784366],[99.0973413,0.5307478],[99.0983993,0.5142276],[99.1106063,0.5238305],[99.1225692,0.5090193],[99.1272079,0.4843611],[99.1323348,0.4120548],[99.1287541,0.3917911],[99.1106063,0.3456485],[99.131521,0.3405622],[99.1484481,0.3331566],[99.1584579,0.3200137],[99.1584579,0.2978376],[99.1530868,0.2871768],[99.1393335,0.2737491],[99.1379501,0.2630883],[99.1423446,0.2582462],[99.16212,0.245266],[99.1687118,0.2426212],[99.1823023,0.244086],[99.1888127,0.2455915],[99.1936955,0.2431501],[99.2031356,0.2327335],[99.2112736,0.2256534],[99.2219344,0.2203637],[99.2334091,0.2170271],[99.2441512,0.2159691],[99.26059,0.2198754],[99.2965601,0.2376977],[99.3161727,0.2426212],[99.3410751,0.2387556],[99.3566187,0.2256534],[99.3781844,0.1879744],[99.3925887,0.1716983],[99.4082137,0.1638858],[99.4269312,0.161363],[99.4502059,0.1612816],[99.4904891,0.1554223],[99.5340275,0.1403262],[99.6108505,0.0985782],[99.6328231,0.0810001],[99.6894637,0.020087],[99.7472437,-0.0298398],[99.7617294,-0.0521786],[99.7667749,-0.075372],[99.7638452,-0.0958798],[99.7579859,-0.115818],[99.7548934,-0.1373023],[99.7560327,-0.1547177],[99.7594507,-0.1683896],[99.7658798,-0.1812477],[99.7754012,-0.1955706],[99.7859807,-0.2066383],[99.7972111,-0.2159156],[99.8059188,-0.2277971],[99.8095809,-0.2471656],[99.8100692,-0.27337],[99.8138127,-0.2946103],[99.8239852,-0.3134091],[99.8435979,-0.3321266],[99.8888452,-0.3575986],[99.9103296,-0.3751767],[99.9194442,-0.3980445],[99.9304305,-0.4094378],[100.0013127,-0.4563128],[100.0349227,-0.4879697],[100.0905868,-0.5572242],[100.1340438,-0.6346982],[100.1596786,-0.6679013],[100.3014429,-0.8163388],[100.3278915,-0.8588193],[100.3440048,-0.9087867],[100.353038,-0.9771461],[100.3798934,-1.0304501],[100.3909611,-1.0415992],[100.4128524,-1.0391578],[100.4163518,-1.0477841],[100.4177352,-1.0562477],[100.4163518,-1.0646298],[100.4128524,-1.0733375],[100.4028426,-1.0686174],[100.3919377,-1.0670712],[100.3810327,-1.0686174],[100.3712671,-1.0733375],[100.3833114,-1.096775],[100.384939,-1.1039365],[100.3830673,-1.1114234],[100.3787541,-1.1151669],[100.3741968,-1.1176083],[100.3712671,-1.1210263],[100.3680119,-1.1337216],[100.3660588,-1.1504859],[100.3701278,-1.1609026],[100.384939,-1.155206],[100.4274195,-1.1925595],[100.4332788,-1.2067197],[100.4336044,-1.2286923],[100.431814,-1.2345517],[100.4265243,-1.2439104],[100.4096786,-1.2585589],[100.4060165,-1.2644182],[100.415538,-1.2745094],[100.4257919,-1.2760556],[100.4504501,-1.2719052],[100.4534611,-1.2697079],[100.455577,-1.2657203],[100.4582626,-1.2638486],[100.4641219,-1.2681617],[100.4734807,-1.278497],[100.4791773,-1.2829729],[100.4987085,-1.2902971],[100.5398055,-1.3142229],[100.5599064,-1.319594],[100.5691838,-1.3308245],[100.5768335,-1.3556454],[100.5842391,-1.3947079],[100.5818791,-1.39365],[100.5774032,-1.3981259],[100.5727645,-1.4044736],[100.5705673,-1.4083798],[100.5732528,-1.4076474],[100.5817163,-1.4166806],[100.5842391,-1.4157854],[100.579926,-1.4318987],[100.5764266,-1.4377581],[100.5705673,-1.4425595],[100.584646,-1.4603818],[100.6243596,-1.4974911],[100.632579,-1.5079892],[100.6365666,-1.5513648],[100.6455184,-1.5940081],[100.6544702,-1.6176083],[100.6683049,-1.6397437],[100.7184351,-1.6981747],[100.7646591,-1.772068],[100.7713322,-1.7955868],[100.7760523,-1.8057594],[100.7839462,-1.815525],[100.8410751,-1.8703753],[100.8575952,-1.8918596],[100.8645939,-1.9123674],[100.8706161,-1.9533017],[100.8813583,-1.994887],[100.8872176,-2.0372047],[100.8782658,-2.0800107],[100.8457137,-2.1193987],[100.8315536,-2.14129],[100.833995,-2.1591122],[100.8395288,-2.1672503],[100.9231063,-2.3334286],[101.0178329,-2.4679501],[101.1048283,-2.5870908],[101.1398218,-2.6168759],[101.178396,-2.64129],[101.2625432,-2.6832822],[101.299327,-2.7076148],[101.3269963,-2.7391904],[101.4079696,-2.885512],[101.4189559,-2.9273414],[101.564952,-3.1622861],[101.5844833,-3.1768531],[101.6113387,-3.2245419],[101.6374618,-3.250665],[101.8769637,-3.4213193],[102.0656844,-3.5504697],[102.2221786,-3.6428362],[102.2343856,-3.6593564],[102.2404891,-3.6784807],[102.2426864,-3.7146135],[102.2451278,-3.7279599],[102.2508244,-3.7377255],[102.2576604,-3.7468401],[102.2631942,-3.7583961],[102.2631942,-3.7648251],[102.2617294,-3.7725562],[102.2610783,-3.781915],[102.2631942,-3.7931454],[102.2740992,-3.8104794],[102.3045354,-3.8451474],[102.310883,-3.8654111],[102.3066512,-3.8846982],[102.2878524,-3.9152971],[102.2835393,-3.9309221],[102.2917587,-3.9654273],[102.3125106,-3.991469],[102.3393661,-4.0113258],[102.3662216,-4.0264625],[102.5275171,-4.151137],[102.7011825,-4.2704404],[102.8763127,-4.4205868],[102.8899032,-4.4403622],[102.9043075,-4.4777971],[102.9204208,-4.4926083],[103.0499781,-4.5430641],[103.1728622,-4.6179339],[103.2845158,-4.7150204],[103.3035588,-4.7341448],[103.3165796,-4.7765439],[103.328868,-4.794122],[103.344493,-4.8004697],[103.3592229,-4.7873674],[103.3781844,-4.7989234],[103.3859969,-4.8049456],[103.3934025,-4.8141415],[103.4098413,-4.86004],[103.4145614,-4.8693173],[103.4248153,-4.8708635],[103.4370223,-4.8663062],[103.4498804,-4.8597958],[103.4616805,-4.8557268],[103.4747827,-4.8560523],[103.4878036,-4.8591448],[103.5000106,-4.8639462],[103.5100204,-4.8693173],[103.5183212,-4.875665],[103.533702,-4.890232],[103.5442001,-4.8972307],[103.5478622,-4.9010556],[103.5500594,-4.9053687],[103.5535588,-4.9088681],[103.5612899,-4.9103329],[103.584646,-4.9096005],[103.5920516,-4.9103329],[103.616954,-4.9198544],[103.6306258,-4.9349911],[103.6540633,-4.9791806],[103.6717229,-4.9615211],[103.6816512,-4.9546852],[103.6920679,-4.9519182],[103.7054143,-4.9550107],[103.7174585,-4.9618466],[103.7268173,-4.9686825],[103.7329208,-4.971775],[103.7355249,-4.9779599],[103.7258407,-5.0070126],[103.7260848,-5.0167783],[103.736827,-5.0236956],[103.7482202,-5.0265439],[103.7737736,-5.0264625],[103.7921656,-5.0309384],[103.8076278,-5.0419247],[103.832286,-5.0680478],[103.8911239,-5.1041806],[103.9084579,-5.1232236],[103.9118758,-5.1307919],[103.9134221,-5.1392555],[103.9140731,-5.1600888],[103.9109807,-5.1722958],[103.8973088,-5.1916643],[103.8942977,-5.2014299],[103.9013778,-5.2185198],[103.9187932,-5.2230771],[103.9410913,-5.2228329],[103.9625757,-5.2250302],[103.9751083,-5.2323544],[103.9913843,-5.2463518],[104.002452,-5.262872],[103.9997665,-5.2769508],[103.9881291,-5.2963193],[103.9931747,-5.3126767],[104.038829,-5.356622],[104.1108505,-5.4462216],[104.1266382,-5.4616839],[104.1448674,-5.4738909],[104.1775008,-5.483331],[104.1849064,-5.4937477],[104.1897893,-5.5053036],[104.1953231,-5.5136044],[104.2067163,-5.5204404],[104.2156682,-5.522719],[104.2247827,-5.5240211],[104.236176,-5.5272763],[104.2579859,-5.5398089],[104.3015243,-5.5856259],[104.3144637,-5.6050758],[104.2907821,-5.6254208],[104.2976994,-5.6433245],[104.3676864,-5.6857236],[104.3840438,-5.6924781],[104.4492294,-5.7526181],[104.4567163,-5.772068],[104.4631454,-5.7828102],[104.4787704,-5.7902158],[104.4887801,-5.7969703],[104.5417587,-5.8418922],[104.5537216,-5.86004],[104.5583602,-5.8835589],[104.553396,-5.919122],[104.5612899,-5.928318],[104.6990666,-5.9304339],[104.7109481,-5.9278297],[104.7160751,-5.9210751],[104.7138778,-5.9100888],[104.7024032,-5.8869768],[104.6977645,-5.8453915],[104.6887313,-5.8078753],[104.5332137,-5.5598284],[104.5284937,-5.5404599],[104.5341903,-5.5238583],[104.5514429,-5.5084775],[104.5676376,-5.5012346],[104.5870874,-5.4992815],[104.6130477,-5.4992815],[104.6081649,-5.483331],[104.6062118,-5.4789365],[104.6130477,-5.4789365],[104.6228133,-5.4906552],[104.6422632,-5.4978167],[104.6813257,-5.5069312],[104.6984156,-5.5155575],[104.7097274,-5.5258115],[104.7692977,-5.5919736],[104.7907821,-5.6094703],[104.8386337,-5.6234677],[104.9010523,-5.6713193],[105.0730087,-5.7463518],[105.1184188,-5.7821591],[105.1306258,-5.7873674],[105.1632593,-5.7860654],[105.1836044,-5.7821591],[105.2021591,-5.7736956],[105.2153426,-5.7590471],[105.2021591,-5.7535947],[105.1779891,-5.7504208],[105.158051,-5.7429339],[105.1547958,-5.7268206],[105.1754663,-5.7155901],[105.2019149,-5.706801],[105.2163192,-5.698012],[105.213715,-5.6929664],[105.2067163,-5.6869443],[105.1992294,-5.6788876],[105.1958114,-5.6679013],[105.1958114,-5.6403134],[105.1897893,-5.6172828],[105.1801864,-5.5969378],[105.1800236,-5.580499],[105.2021591,-5.568943],[105.2190048,-5.5748023],[105.2308049,-5.5763486],[105.236176,-5.571954],[105.2387801,-5.568943],[105.2478947,-5.5412737],[105.2470809,-5.5375302],[105.2570093,-5.5172665],[105.2463485,-5.4787737],[105.2504989,-5.4590797],[105.279633,-5.4442685],[105.3107202,-5.465997],[105.3759872,-5.5577125],[105.398204,-5.5813128],[105.4497176,-5.6234677],[105.4835718,-5.6589495],[105.4939071,-5.6644833],[105.500743,-5.6670875],[105.5073348,-5.6727841],[105.5149846,-5.6778297],[105.5254012,-5.6788062],[105.5302841,-5.675551],[105.5398869,-5.662693],[105.545258,-5.6576474],[105.5686141,-5.6803525],[105.5808212,-5.7131487],[105.5861923,-5.7907854],[105.6020614,-5.8098284],[105.6810002,-5.8190243],[105.7129012,-5.8321266],[105.719493,-5.8487281],[105.7198999,-5.8871396],[105.7297469,-5.8966611],[105.7335718,-5.8903134],[105.7644149,-5.8562151],[105.7825627,-5.8285458],[105.7936304,-5.7955868],[105.8054305,-5.7184384],[105.8112899,-5.6968727],[105.8296005,-5.6547177],[105.8333439,-5.6337216],[105.8327743,-5.5925432],[105.8240666,-5.5304501],[105.8361923,-5.4917945],[105.8396102,-5.4689267],[105.8333439,-5.3832333],[105.8395288,-5.3371721],[105.8645126,-5.2555478],[105.8674423,-5.2113583],[105.861827,-5.1265602],[105.8674423,-5.0412737],[105.8795679,-5.0075823],[105.8968205,-4.975193],[105.9096786,-4.9431292],[105.9084579,-4.9103329],[105.8724064,-4.8485654],[105.8674423,-4.8246396],[105.868663,-4.7809384],[105.8818466,-4.6962216],[105.8904729,-4.6778297],[105.9050399,-4.6700986],[105.8906356,-4.6193987],[105.8879501,-4.6018206],[105.8929143,-4.5851376],[105.9026799,-4.5656878],[105.9094344,-4.5466448],[105.8986923,-4.5119768],[105.9062606,-4.4693336],[105.9016219,-4.4517555],[105.8974716,-4.4545224],[105.8969833,-4.455499],[105.894786,-4.4584286],[105.879161,-4.4249],[105.8681747,-4.4120419],[105.8532821,-4.4039039],[105.8574325,-4.3812802],[105.8460393,-4.353204],[105.8296005,-4.3244768],[105.819021,-4.3002255],[105.8142196,-4.2731259],[105.8127548,-4.2387021],[105.8279729,-4.1579729],[105.8313094,-4.140232],[105.8552352,-4.0708961],[105.8606063,-4.0367164],[105.8701278,-4.0041643],[105.9358016,-3.9098447],[105.9528915,-3.8690732],[105.9524846,-3.8337542],[105.9334416,-3.8023414],[105.8510848,-3.7433408],[105.8256942,-3.7115211],[105.8195907,-3.67254],[105.8811141,-3.4511044],[105.9002385,-3.4071591],[105.9290471,-3.3654111],[105.9627385,-3.32879],[105.9972437,-3.3002255],[106.0631617,-3.2666969],[106.0730087,-3.2555478],[106.0742294,-3.2447242],[106.0793563,-3.2237281],[106.0797632,-3.2115211],[106.076508,-3.2008603],[106.0637313,-3.1798642],[106.0593368,-3.1700172],[106.0534774,-3.1285947],[106.0540471,-3.0469703],[106.0455835,-3.0123023],[106.0284937,-2.9828427],[106.0156356,-2.9694964],[106.0008244,-2.9637997],[105.9909774,-2.9618466],[105.9751083,-2.9528134],[105.9631454,-2.9502906],[105.9518335,-2.9509417],[105.9332788,-2.9559872],[105.922618,-2.9576962],[105.8792424,-2.9511044],[105.8401799,-2.9301083],[105.8095809,-2.8990211],[105.7917587,-2.8620745],[105.7949325,-2.7240536],[105.7780868,-2.6901181],[105.768077,-2.684747],[105.7570907,-2.6828753],[105.7334091,-2.6832822],[105.7225041,-2.6810849],[105.7019963,-2.6713193],[105.6731063,-2.6630185],[105.6544702,-2.6486142],[105.6385197,-2.6307919],[105.6279403,-2.6150042],[105.6184188,-2.5949033],[105.6120712,-2.5741513],[105.6084091,-2.5523414],[105.6074325,-2.5287411],[105.611176,-2.5059547],[105.6292424,-2.4646135],[105.6347762,-2.4430478],[105.6333114,-2.4161923],[105.6237899,-2.401788],[105.6085718,-2.3961728],[105.5900171,-2.3952776],[105.578868,-2.4022763],[105.5638127,-2.4149716],[105.5490015,-2.4211565],[105.5384221,-2.4089495],[105.5417587,-2.4087867],[105.5488387,-2.4093564],[105.5520939,-2.4089495],[105.5520939,-2.4021135],[105.5350041,-2.3947893],[105.5112411,-2.3908017],[105.4668075,-2.3884417],[105.3802189,-2.3747698],[105.3310653,-2.3731422],[105.3073837,-2.368829],[105.2692977,-2.3473447],[105.2469182,-2.3428687],[105.2236434,-2.3434384],[105.2021591,-2.347426],[105.1384383,-2.3762346],[105.1167098,-2.3804664],[105.1113387,-2.3776995],[105.0970158,-2.3654111],[105.0866805,-2.3612607],[105.0752059,-2.3615048],[105.0539657,-2.36712],[105.0450952,-2.3673642],[105.0290633,-2.3584937],[105.0164494,-2.3446591],[105.0019637,-2.3319638],[104.9802352,-2.3264299],[104.9582626,-2.3285458],[104.9414169,-2.3361956],[104.9309188,-2.3511695],[104.9289657,-2.3747698],[104.9116317,-2.3602841],[104.908702,-2.3373349],[104.908702,-2.3126767],[104.9010523,-2.2929013],[104.8833114,-2.284926],[104.8626408,-2.2887509],[104.8459579,-2.3021786],[104.8322046,-2.3453102],[104.8164169,-2.3649228],[104.7843531,-2.3952776],[104.7718205,-2.4142392],[104.7682398,-2.4301083],[104.7707626,-2.4738095],[104.7685653,-2.4947242],[104.7502548,-2.5603167],[104.7314559,-2.5907529],[104.7028101,-2.6094703],[104.6335555,-2.6423479],[104.5998641,-2.6637509],[104.5851343,-2.6776669],[104.578868,-2.6935361],[104.5743921,-2.7145322],[104.5627548,-2.7383766],[104.5472111,-2.7595354],[104.5310979,-2.7726376],[104.5332137,-2.7626279],[104.535411,-2.7572568],[104.5373641,-2.7590471],[104.5359807,-2.7193336],[104.548676,-2.6848284],[104.5695093,-2.6564267],[104.6027938,-2.6266415],[104.6328231,-2.6051572],[104.6438094,-2.6007626],[104.6609807,-2.5978329],[104.6809188,-2.590997],[104.6987411,-2.5822079],[104.7092391,-2.5739885],[104.7131454,-2.5577939],[104.7131454,-2.5114885],[104.7268173,-2.4781227],[104.7301538,-2.452732],[104.7291773,-2.4089495],[104.709646,-2.3708635],[104.676036,-2.3717587],[104.6062118,-2.4021135],[104.623383,-2.3874651],[104.6572372,-2.3645159],[104.6713973,-2.3512509],[104.6847437,-2.3457984],[104.7268986,-2.3444964],[104.7434188,-2.3412411],[104.7570093,-2.330499],[104.8282984,-2.2466773],[104.8597111,-2.1993954],[104.8761499,-2.1647275],[104.8828231,-2.125665],[104.8742782,-2.0800107],[104.850271,-2.0378557],[104.8146265,-2.0083961],[104.7726343,-1.9977353],[104.7291773,-2.0116513],[104.7104598,-2.0294736],[104.7058212,-2.0323219],[104.6999618,-2.0343564],[104.696788,-2.038995],[104.6946721,-2.0437151],[104.6919051,-2.045831],[104.6858016,-2.0446917],[104.6828719,-2.042413],[104.6808374,-2.0401344],[104.6779077,-2.038995],[104.663829,-2.0313453],[104.660411,-2.012872],[104.6598413,-1.9901669],[104.6545516,-1.9701474],[104.6425887,-1.9817034],[104.6206161,-2.0104306],[104.6062118,-2.0184872],[104.5888778,-2.0194638],[104.587413,-2.0127906],[104.5947372,-2.003025],[104.6027938,-1.9947242],[104.6142684,-1.978204],[104.6296493,-1.9491513],[104.6369735,-1.9215634],[104.6235458,-1.9093564],[104.6057235,-1.8990211],[104.5866805,-1.8772112],[104.5644637,-1.8576799],[104.5373641,-1.8540992],[104.5273544,-1.8674456],[104.5135197,-1.9186337],[104.4970809,-1.9359677],[104.486827,-1.9103329],[104.4840601,-1.897068],[104.4834091,-1.881443],[104.4890243,-1.86004],[104.5123804,-1.8214658],[104.517426,-1.8093401],[104.5334579,-1.7834612],[104.5373641,-1.7721493],[104.5376083,-1.7606747],[104.5335393,-1.7404924],[104.5315861,-1.7340634],[104.5173446,-1.6884091],[104.4792587,-1.615818],[104.4627385,-1.5735003],[104.4543563,-1.5310198],[104.4560653,-1.3790829],[104.4492294,-1.3160133],[104.4449976,-1.30462],[104.4150497,-1.2719052],[104.4106551,-1.2624651],[104.4013778,-1.2308896],[104.3974716,-1.1913388],[104.4104924,-1.1283505],[104.3818466,-1.0407854],[104.3772079,-1.0316708],[104.3195907,-1.033624],[104.2627059,-1.050551],[104.2536727,-1.0558408],[104.212413,-1.0733375],[104.1894637,-1.0681292],[104.1269637,-1.0316708],[104.1079208,-1.0289853],[104.0568954,-1.0275204],[104.0407821,-1.0217424],[104.0223088,-1.0082333],[103.9558212,-0.9769833],[103.9423934,-0.9820289],[103.9004012,-0.9906552],[103.8785913,-0.9992815],[103.8562932,-1.0137672],[103.8391219,-1.0328102],[103.828868,-1.0734189],[103.8208114,-1.0630836],[103.8049423,-1.0248349],[103.7941187,-1.009454],[103.7800399,-0.9987932],[103.7620549,-0.9927711],[103.7397567,-0.9906552],[103.7251083,-0.9856096],[103.7028915,-0.9600562],[103.6887313,-0.9491513],[103.6504012,-0.9429664],[103.644786,-0.9385719],[103.6406356,-0.9288876],[103.6344507,-0.9193661],[103.6126408,-0.9115536],[103.6047469,-0.9035784],[103.5983179,-0.8944638],[103.5920516,-0.8876279],[103.5905054,-0.8851865],[103.587413,-0.8770484],[103.5857854,-0.874607],[103.5810653,-0.8737932],[103.5691024,-0.875665],[103.5647079,-0.874607],[103.5525008,-0.8610979],[103.5376083,-0.8303362],[103.5271102,-0.8160133],[103.5073348,-0.8049456],[103.4853622,-0.8049456],[103.4411727,-0.8125953],[103.4475204,-0.7994117],[103.4648544,-0.7829729],[103.4685165,-0.7678362],[103.4631454,-0.757745],[103.4506942,-0.7500953],[103.4387313,-0.7461891],[103.4360458,-0.7452939],[103.399913,-0.7388648],[103.3759872,-0.7268206],[103.3564559,-0.7113583],[103.345551,-0.6958961],[103.3693954,-0.6932919],[103.3857528,-0.6809221],[103.3889266,-0.6659482],[103.3728947,-0.6548805],[103.3728947,-0.6481259],[103.3935653,-0.6320126],[103.4085393,-0.604913],[103.4162704,-0.575372],[103.4145614,-0.5518531],[103.4065048,-0.5407854],[103.3847762,-0.5228818],[103.3803817,-0.5143368],[103.3728947,-0.4493954],[103.3901473,-0.4904111],[103.4016219,-0.5095354],[103.4179794,-0.5177548],[103.5157984,-0.499607],[103.5470484,-0.4898414],[103.5732528,-0.4753557],[103.5920516,-0.4563128],[103.5983993,-0.4367815],[103.5905054,-0.4245745],[103.5525008,-0.3999977],[103.5305282,-0.3971493],[103.5200301,-0.3912086],[103.5114852,-0.3835589],[103.5026962,-0.3785133],[103.4930119,-0.3754208],[103.4821883,-0.3737118],[103.4295354,-0.3749325],[103.4179794,-0.3775367],[103.400564,-0.3845354],[103.3794051,-0.3803036],[103.345551,-0.3668759],[103.345551,-0.36004],[103.4095158,-0.3497047],[103.4367782,-0.3379859],[103.4480087,-0.3153622],[103.4567163,-0.288995],[103.4946395,-0.2535947],[103.5026962,-0.2304013],[103.4892684,-0.2115211],[103.4593205,-0.2184384],[103.4248153,-0.2349586],[103.397146,-0.2440732],[103.3806258,-0.2470029],[103.3498641,-0.2601865],[103.3325301,-0.2638486],[103.316661,-0.262872],[103.28712,-0.257745],[103.2705184,-0.2575823],[103.3014429,-0.2375628],[103.4145614,-0.2167294],[103.4430445,-0.202081],[103.4668075,-0.183038],[103.4830835,-0.1594378],[103.4890243,-0.1307919],[103.4943954,-0.1184221],[103.5079859,-0.1144345],[103.5442001,-0.1137021],[103.5582788,-0.1107724],[103.575857,-0.1044247],[103.5871688,-0.0949846],[103.5781356,-0.0740292],[103.5803329,-0.0635312],[103.5842391,-0.0531552],[103.5857854,-0.0447324],[103.5808212,-0.0377743],[103.5734156,-0.037164],[103.5669051,-0.0352109],[103.5647079,-0.0242652],[103.5686955,-0.0185686],[103.5769963,-0.0139706],[103.5861923,-0.0110816],[103.5920516,-0.0106747],[103.6007593,-0.0169003],[103.611827,-0.0368792],[103.6198837,-0.0447324],[103.629161,-0.0483945],[103.6362411,-0.0480283],[103.6447046,-0.0459937],[103.6574813,-0.0447324],[103.6642359,-0.0405413],[103.6637476,-0.0217424],[103.6711532,-0.0174293],[103.756521,-0.0106747],[103.7783309,-0.0131161],[103.7915145,-0.0125465],[103.8017684,-0.0072568],[103.8112899,0.008531],[103.8139755,0.0188663],[103.8083602,0.023505],[103.8004663,0.0345727],[103.7600204,0.239488],[103.7434188,0.2773298],[103.7304794,0.2934431],[103.7111923,0.3114688],[103.6901962,0.3259952],[103.6648869,0.3347029],[103.6557723,0.3403995],[103.6452743,0.3452823],[103.634288,0.3456485],[103.6250106,0.3398298],[103.6175236,0.3302676],[103.6062932,0.3108585],[103.5876571,0.3765323],[103.5410262,0.4346378],[103.4809676,0.4823266],[103.4212346,0.5163028],[103.3899032,0.5300154],[103.3621525,0.5362816],[103.3357854,0.5316837],[103.3081161,0.5131697],[103.2801213,0.4986026],[103.2236434,0.4884301],[103.201508,0.4691837],[103.1813257,0.4264184],[103.1662704,0.4079044],[103.1435653,0.4002139],[103.1225692,0.3979353],[103.0988876,0.3917911],[103.0759383,0.383002],[103.0576278,0.3729516],[103.007579,0.3246524],[102.9924423,0.3183048],[102.972911,0.3131371],[102.9026799,0.2677676],[102.8859156,0.26142],[102.8182072,0.2537296],[102.7634383,0.2289493],[102.7415471,0.22663],[102.6954859,0.2320824],[102.677745,0.225572],[102.6677352,0.2191837],[102.6443791,0.2095401],[102.6330673,0.2016462],[102.6279403,0.1956241],[102.6189885,0.1816267],[102.6119898,0.1736514],[102.5778915,0.1585147],[102.5457463,0.1691348],[102.5178329,0.1925723],[102.4958602,0.2159691],[102.4865829,0.2289086],[102.4807235,0.2342797],[102.4720158,0.2363956],[102.4493921,0.236477],[102.4396265,0.2392439],[102.4304305,0.246324],[102.4372665,0.2491723],[102.4599716,0.247504],[102.4858505,0.2427432],[102.5026962,0.2363956],[102.5366317,0.1997745],[102.5549423,0.1864281],[102.5818791,0.1810977],[102.5918075,0.1862654],[102.6119898,0.222154],[102.6198837,0.2294783],[102.6276962,0.2343204],[102.6460067,0.2426212],[102.7156682,0.2576358],[102.7324325,0.2665063],[102.7462671,0.2776553],[102.8615015,0.3357608],[102.8990992,0.3441837],[102.9212346,0.3573673],[102.9614364,0.3871931],[103.0372827,0.4206404],[103.0747176,0.4423282],[103.0922958,0.4691837],[103.0837508,0.5155704],[103.0563257,0.558295],[102.9537867,0.6758487],[102.9181421,0.7076684],[102.8771265,0.7263858],[102.7812606,0.7309024],[102.6671656,0.7503116],[102.6479598,0.7481143],[102.6163843,0.7382673],[102.5949813,0.7360294],[102.5519312,0.7381046],[102.5322372,0.742377],[102.5095321,0.7503116],[102.4638778,0.7741153],[102.4250594,0.8042667],[102.3210555,0.9171817],[102.2400822,0.9820824],[102.2085067,1.0240746],[102.1941838,1.065904],[102.1931258,1.1042341],[102.2010197,1.1817081],[102.1972762,1.1996117],[102.1872665,1.2172712],[102.1731063,1.2309024],[102.1567489,1.2363142],[102.1472274,1.2477888],[102.1469833,1.2731387],[102.1533309,1.3114688],[102.1433212,1.3577335],[102.1181747,1.3865421],[102.021495,1.437893],[101.7785751,1.6442732],[101.7491968,1.6615258],[101.7116805,1.6711286],[101.6735132,1.669501],[101.5915633,1.6546898],[101.5673934,1.6559105],[101.529633,1.6708031],[101.4944768,1.678697],[101.4270126,1.709296],[101.3973088,1.7363956],[101.3776148,1.7732608],[101.351329,1.8600935],[101.3266708,1.9164493],[101.3234156,1.9389509],[101.3269963,1.9812686],[101.325857,2.0021833],[101.3171493,2.0246036],[101.2999781,2.0466169],[101.181814,2.1450056],[101.0673934,2.219794],[101.0564885,2.2411563],[101.0586044,2.2804223],[101.0503036,2.29149],[100.9078882,2.2995059],[100.8859156,2.2982852],[100.8411564,2.2808292],[100.8127548,2.2498233],[100.7999781,2.2089298],[100.8032333,2.1618106],[100.8234969,2.1159529],[100.8855087,2.0363223],[100.9057723,1.9904646],[100.9157821,1.9447289],[100.9240829,1.9227563],[100.9370223,1.9045271],[100.9482528,1.8827579],[100.9460555,1.8613142],[100.9419051,1.8418643],[100.9472762,1.8253848],[100.9231063,1.834947],[100.9059351,1.8569197],[100.8955184,1.8862165],[100.8921005,1.9181583],[100.8862411,1.9409854],[100.8724064,1.9719913],[100.8557235,1.999213],[100.8408309,2.0109724],[100.832286,2.0163028],[100.8127548,2.0397403],[100.7890731,2.0485294],[100.666189,2.1344669],[100.6178492,2.1290551],[100.5610458,2.1568057],[100.5073348,2.1991641],[100.4343368,2.2733422],[100.4052841,2.3126895],[100.3816838,2.3550479],[100.3137313,2.5542667],[100.3136499,2.5545515],[100.3121851,2.562893],[100.3083602,2.5694848],[100.2995712,2.5720889],[100.2736923,2.5901553],[100.2688094,2.5968692],[100.2669377,2.6026065],[100.2580673,2.619086],[100.2546493,2.6272647],[100.2513127,2.6547712],[100.248383,2.6620548],[100.2424423,2.6663272],[100.2248641,2.6737735],[100.2174585,2.6787784],[100.2133895,2.6874454],[100.2125757,2.6976993],[100.2106226,2.7062442],[100.2033798,2.7098656],[100.1792098,2.7084415],[100.1594344,2.7037621],[100.1438094,2.6950544],[100.1311141,2.6818708],[100.1211044,2.6635603],[100.1174423,2.6451684],[100.1174423,2.6037051],[100.1214299,2.5882022],[100.1374618,2.5519473],[100.1385197,2.5379092],[100.1258244,2.5300967],[100.1097111,2.5456404],[100.0959579,2.5704613],[100.0900985,2.590074],[100.0883895,2.6015079],[100.0769963,2.634711],[100.0760197,2.6482608],[100.0778101,2.6758487],[100.0769963,2.6893985],[100.0549423,2.727281],[100.0185653,2.7316755],[99.9856877,2.7184512],[99.9739689,2.7030704],[99.9802352,2.6973331],[100.0122176,2.6787784],[100.0144963,2.6715355],[100.0156356,2.638129],[100.0188908,2.6308048],[100.0251571,2.6245792],[100.0281682,2.6175805],[100.0224716,2.6074079],[100.0139266,2.60163],[100.0079859,2.6026065],[100.00587,2.6091983],[100.0087997,2.6204288],[99.9876408,2.6546085],[99.9876408,2.6608747],[99.9917098,2.6642113],[99.9926864,2.6687686],[99.9841415,2.6787784],[99.9767359,2.6824405],[99.9676213,2.6843122],[99.9592391,2.687893],[99.9534611,2.6962344],[99.9543563,2.7038435],[99.9646102,2.7193871],[99.967133,2.7272403],[99.9707137,2.7454288],[99.9790145,2.7594669],[99.9886174,2.7720401],[99.9958602,2.7855899],[99.9978947,2.7991397],[99.990245,2.9144962],[99.9795028,2.9484724],[99.957286,2.9630801],[99.9305119,2.9754092],[99.9113062,3.0000675],[99.8899846,3.0182559],[99.8579208,3.0114607],[99.8528752,3.047268],[99.833995,3.0724145],[99.7815861,3.1207543],[99.750743,3.1804874],[99.7375594,3.1890323],[99.719493,3.1915958],[99.6853133,3.2047387],[99.5893661,3.2279727],[99.5581161,3.2445743],[99.5276799,3.2715518],[99.5060327,3.2959659],[99.4975692,3.3095157],[99.4897567,3.3362491],[99.4787704,3.3460147],[99.453868,3.3609887],[99.4332788,3.38288],[99.4209091,3.3915469],[99.3839624,3.3988712],[99.3681747,3.4079451],[99.2700381,3.4845858],[99.1797609,3.5463377],[99.1013401,3.5825792],[99.07391,3.6089943],[99.0523572,3.6217145],[99.0268854,3.6295451],[99.0092516,3.6354171],[98.9779066,3.6579142],[98.9575301,3.6713321],[98.8965829,3.6814024],[98.7965819,3.7254426],[98.7106226,3.8037784],[98.6997176,3.8339298],[98.7002688,3.8753043],[98.6766198,3.9145469],[98.6103622,3.9363467],[98.5948999,3.943671],[98.5796005,3.9538435],[98.5678817,3.9664574],[98.5577906,4.0007999],[98.5442001,4.0051944],[98.5263778,4.0032413],[98.5079859,4.0045841],[98.4975692,4.0145531],[98.4772242,4.04621],[98.4626571,4.053046],[98.441661,4.0575219],[98.4057723,4.0789249],[98.3844507,4.0864932],[98.3629663,4.0875512],[98.3056747,4.0803083],[98.2994898,4.089016],[98.2630314,4.1773135],[98.2609156,4.1731632],[98.2568466,4.1717797],[98.2395939,4.1537133],[98.2370712,4.1492374],[98.2170516,4.1441104],[98.2018335,4.1321475],[98.1789657,4.1082217],[98.1858016,4.1697452],[98.2404891,4.1901716],[98.2634383,4.2028669],[98.266368,4.2115746],[98.2675887,4.2879092],[98.2677515,4.2926293],[98.2824813,4.3649356],[98.2785751,4.4154727],[98.275564,4.4253604],[98.2683212,4.4323184],[98.254161,4.4434268],[98.2405705,4.4567325],[98.2190048,4.484768],[98.2057398,4.4980329],[98.2019149,4.494086],[98.1951604,4.4892032],[98.1921493,4.4844425],[98.1858016,4.4844425],[98.1761174,4.5048282],[98.1596786,4.5222842],[98.1381942,4.5344099],[98.113536,4.5390079],[98.1057235,4.5378279],[98.0940048,4.5331892],[98.0896102,4.5327823],[98.0828557,4.5360782],[98.078868,4.5405134],[98.0759383,4.5464542],[98.0612899,4.5548363],[98.0539657,4.553168],[98.0480249,4.5390079],[98.038829,4.5519473],[98.026215,4.553168],[97.9968368,4.5464542],[97.9925236,4.5537784],[97.9968368,4.5702172],[98.0070907,4.5977237],[98.0087997,4.623684],[98.0070093,4.6338565],[97.9837346,4.6784122],[97.9753524,4.7062442],[97.9632268,4.7894962],[97.9560653,4.8080102],[97.9091903,4.8895938],[97.8938094,4.9058292],[97.8738713,4.91885],[97.8300887,4.9387882],[97.6643986,5.0734317],[97.526215,5.242255],[97.4968368,5.2518985],[97.2683683,5.1550681],[97.2265529,5.1462213],[97.1951604,5.156643],[97.1759546,5.1612816],[97.1660262,5.1737328],[97.1493448,5.1987724],[97.1096405,5.2140925],[97.0743386,5.2381548],[97.030198,5.251295],[96.9733993,5.2734236],[96.9228622,5.2694766],[96.9072372,5.2626814],[96.8943791,5.2621117],[96.8486434,5.2765974],[96.8283798,5.2801781],[96.7851317,5.2598572],[96.6849064,5.2254906],[96.650564,5.216254],[96.5676376,5.2084415],[96.5273544,5.2111677],[96.5070907,5.2185733],[96.4863387,5.2293969],[96.4663192,5.2355411],[96.4484969,5.2285831],[96.429454,5.2183292],[96.4065861,5.2172305],[96.3621525,5.2254906],[96.3444117,5.2323266],[96.3039657,5.2542992],[96.290538,5.2589786],[96.1262313,5.2818057],[96.088064,5.2954776],[96.0549423,5.3136254],[95.9304305,5.4144962],[95.9035751,5.450751],[95.8943791,5.4938012],[95.8875432,5.5121524],[95.8725692,5.5197208],[95.8554794,5.5221622],[95.8396102,5.5285505],[95.7622176,5.5768497],[95.6115829,5.6266544],[95.5761825,5.6312523],[95.533702,5.6221378],[95.5212508,5.6091983],[95.5112411,5.6030134],[95.5026962,5.6051293],[95.494314,5.6122908],[95.4770614,5.6236026],[95.4497176,5.6495629],[95.4318954,5.6546898],[95.4128524,5.6495629],[95.3691512,5.6212833],[95.3588973,5.6168887],[95.3452255,5.6153018],[95.3352971,5.612128],[95.3157658,5.5979678],[95.3049423,5.5919864],[95.2883407,5.5787621],[95.2797958,5.5743676],[95.2697046,5.5744083],[95.2604273,5.5775414],[95.2504989,5.5790469],[95.2387801,5.5743676],[95.2238876,5.5802676],[95.2127385,5.5731469],[95.1972762,5.5463728],[95.2036239,5.5336775],[95.2251083,5.5054385],[95.2238876,5.4895694],[95.236827,5.4740258],[95.2454533,5.4605167],[95.2319442,5.450751],[95.2496851,5.4249535],[95.2535913,5.4115665],[95.2517196,5.3955753],[95.2452906,5.3791365],[95.2338973,5.3593204],[95.2319442,5.3446313],[95.2221786,5.3264021],[95.2053329,5.3075626],[95.1989852,5.2928734],[95.2214462,5.2869327],[95.2319442,5.282294],[95.2395126,5.2708194],[95.2439885,5.2560489],[95.2456161,5.2416446],[95.2487085,5.2310245],[95.2560327,5.2233747],[95.2729598,5.2111677],[95.2912704,5.1916365],[95.3016057,5.1724307],[95.2991643,5.150336],[95.2797958,5.122504],[95.2968856,5.1164005],[95.3059188,5.1035831],[95.3128361,5.0871443],[95.3244735,5.0702986],[95.3388778,5.0535342],[95.3488876,5.0375023],[95.3798934,4.9604353],[95.3859969,4.935126],[95.4001571,4.9105492],[95.4057723,4.8876814],[95.4184676,4.8624942],[95.4238387,4.8474796],[95.4250594,4.8373477],[95.4245712,4.8323428],[95.4262801,4.827338],[95.4343368,4.8171247],[95.4412541,4.8106143],[95.4599716,4.7971866],[95.4684351,4.7894962],[95.4891057,4.7624372],[95.5151473,4.7135277],[95.5268661,4.6972517],[95.5540471,4.6762149],[95.5595809,4.674628],[95.566661,4.6751977],[95.5725204,4.6738142],[95.5752059,4.6665714],[95.5729273,4.660712],[95.563243,4.6515567],[95.560883,4.645738],[95.5654403,4.6375186],[95.5761825,4.6346703],[95.5989689,4.6351993],[95.6165471,4.628404],[95.6565048,4.5799828],[95.7258407,4.5316837],[95.7589624,4.4844425],[95.8071395,4.4461124],[95.8141382,4.4328474],[95.9034937,4.3447126],[96.0100204,4.2256534],[96.0307723,4.2174747],[96.0496525,4.2143008],[96.0651962,4.2050235],[96.1137801,4.1471622],[96.1251734,4.13642],[96.1301376,4.1383731],[96.1352645,4.141669],[96.147146,4.1424828],[96.1596786,4.1413028],[96.1676538,4.1383731],[96.1753036,4.1327172],[96.1909286,4.1259626],[96.1977645,4.1212833],[96.2019149,4.1151798],[96.2075301,4.1004906],[96.2114364,4.0939395],[96.2793075,4.0257836],[96.4303492,3.8252628],[96.4795028,3.7787133],[96.5198674,3.7548282],[96.5598251,3.7465681],[96.7605087,3.748684],[96.7780054,3.7429874],[96.8078719,3.7240665],[96.8176376,3.7199161],[96.828868,3.7166202],[96.8381454,3.7126326],[96.8420516,3.7067325],[96.8660588,3.6921247],[96.8730575,3.6892764],[96.8835555,3.6824405],[96.8921005,3.66649],[96.9034937,3.6346703],[96.9217229,3.605699],[96.9997665,3.5458845],[97.0185653,3.5226911],[97.1663518,3.2679711],[97.1716415,3.2548282],[97.1826278,3.2459984],[97.2067163,3.2407901],[97.2404891,3.2380232],[97.2707626,3.2144229],[97.2851669,3.1784529],[97.3007919,3.0934105],[97.3134872,3.0616723],[97.3320419,3.0313988],[97.4050399,2.9433454],[97.4221298,2.9283715],[97.441661,2.9221052],[97.4638778,2.9196231],[97.4846298,2.9130313],[97.5353296,2.888251],[97.5774032,2.8759219],[97.5927841,2.873684],[97.6027124,2.866197],[97.6088973,2.8486189],[97.6440536,2.6688907],[97.6611434,2.5273298],[97.6582137,2.4115665],[97.6635848,2.3920759],[97.6764429,2.3759219],[97.7060653,2.3461368],[97.7443954,2.2810733],[97.7573348,2.2716739],[97.7685653,2.2730167],[97.7861434,2.2780216],[97.7947697,2.2778181],[97.803396,2.2720401],[97.8099064,2.2636579],[97.8177189,2.2589379],[97.8294377,2.2642276],[97.8507593,2.2512068],[97.8668726,2.2474633]]],[[[132.894786,-3.5118954],[132.9011337,-3.5240211],[132.9075627,-3.5299618],[132.9152938,-3.5348447],[132.9254663,-3.5432268],[132.931814,-3.5541318],[132.9275008,-3.5611305],[132.9118758,-3.570245],[132.8962508,-3.5863583],[132.8916122,-3.5949033],[132.8879501,-3.6088193],[132.888357,-3.6185849],[132.8907984,-3.6268857],[132.8901473,-3.6345354],[132.8811141,-3.6428362],[132.8422958,-3.6465797],[132.7971298,-3.6340471],[132.7561141,-3.6275367],[132.7296656,-3.6491025],[132.7309676,-3.6823056],[132.7849227,-3.7931454],[132.7858993,-3.803969],[132.7849227,-3.8378232],[132.7879338,-3.8440081],[132.8020939,-3.8581682],[132.8245549,-3.9164365],[132.8263452,-3.9264462],[132.825857,-3.9377581],[132.806814,-3.9221331],[132.7963973,-3.9181454],[132.7917587,-3.9271786],[132.7959091,-3.9406064],[132.8056747,-3.9499651],[132.8169051,-3.9576148],[132.825857,-3.9650204],[132.8315536,-3.9753557],[132.8411564,-3.9981422],[132.8499455,-4.0096982],[132.8593856,-4.0165341],[132.8811141,-4.0277646],[132.891368,-4.0367164],[132.8969833,-4.0482724],[132.8962508,-4.068943],[132.9016219,-4.08115],[132.9077255,-4.0881487],[132.9122827,-4.0902646],[132.9181421,-4.0910784],[132.9694117,-4.1119931],[132.9899195,-4.1139462],[133.0074976,-4.1046689],[133.0351669,-4.0700823],[133.0515243,-4.0612118],[133.0791122,-4.0606422],[133.1639104,-4.0762672],[133.2109481,-4.0783831],[133.2509872,-4.0668271],[133.2693791,-4.0520159],[133.3881942,-3.9234352],[133.4030868,-3.8964169],[133.4117945,-3.886163],[133.4207463,-3.8805478],[133.4431258,-3.8728167],[133.4533798,-3.8654111],[133.455577,-3.8469378],[133.4401962,-3.8275693],[133.408702,-3.800551],[133.3966577,-3.7559547],[133.4088648,-3.722426],[133.5056258,-3.6223284],[133.5216577,-3.6149228],[133.5398869,-3.6095517],[133.5592554,-3.5964495],[133.5759383,-3.580499],[133.5861923,-3.5665829],[133.5918075,-3.5453427],[133.5901799,-3.5222307],[133.582286,-3.5001767],[133.5691024,-3.4818661],[133.5506291,-3.4686825],[133.5112411,-3.4551734],[133.4905705,-3.4442685],[133.4905705,-3.4374325],[133.5119735,-3.4386533],[133.5193791,-3.4308408],[133.5185653,-3.4032529],[133.5131942,-3.3843727],[133.514008,-3.3783505],[133.5246688,-3.3822568],[133.5284937,-3.3866513],[133.5455835,-3.424249],[133.551036,-3.4315732],[133.5588485,-3.4332822],[133.6136174,-3.4219703],[133.6276962,-3.4162737],[133.6633407,-3.3615048],[133.6555282,-3.1888974],[133.6682235,-3.1221656],[133.6909286,-3.0928687],[133.7199813,-3.0635719],[133.7341415,-3.0526669],[133.8016057,-3.0181617],[133.8090926,-3.0101865],[133.8151962,-2.9835751],[133.8278915,-2.9596493],[133.8298446,-2.9538714],[133.8175562,-2.934747],[133.8256942,-2.9288876],[133.8437606,-2.9278297],[133.8605249,-2.9229469],[133.8673609,-2.9303525],[133.8743596,-2.9406064],[133.8796493,-2.9522437],[133.8816024,-2.9637997],[133.8776962,-2.979262],[133.8630477,-3.0082333],[133.8605249,-3.0259742],[133.8639429,-3.0420875],[133.8703719,-3.0551083],[133.8789169,-3.065525],[133.8877059,-3.073663],[133.894786,-3.0768368],[133.9040633,-3.0793596],[133.9122827,-3.0834286],[133.9157821,-3.0909156],[133.9167587,-3.0998674],[133.9194442,-3.1063779],[133.9235946,-3.1110165],[133.929454,-3.1146786],[133.9140731,-3.1265602],[133.8990992,-3.1129697],[133.8828231,-3.0915667],[133.8639429,-3.080499],[133.8464462,-3.0870908],[133.8226018,-3.1156552],[133.8025008,-3.1221656],[133.7839462,-3.131443],[133.7711695,-3.1754697],[133.7580673,-3.1903622],[133.7356877,-3.1833635],[133.7224227,-3.183038],[133.7165633,-3.1937802],[133.7158309,-3.2159156],[133.7138778,-3.2247047],[133.7097274,-3.2320289],[133.6909286,-3.2160784],[133.6831161,-3.2325172],[133.6833602,-3.3049456],[133.7002059,-3.3790016],[133.7021591,-3.4043922],[133.696788,-3.4274228],[133.6789657,-3.4374325],[133.6531682,-3.4444312],[133.6418563,-3.4616025],[133.6414494,-3.4836565],[133.648204,-3.5050595],[133.6897893,-3.5645484],[133.6984156,-3.5902646],[133.7080184,-3.6101214],[133.7097274,-3.6217587],[133.707286,-3.6303036],[133.6960555,-3.6491025],[133.7031356,-3.6726214],[133.7165633,-3.6727841],[133.7325952,-3.6628557],[133.7475692,-3.6565081],[133.7629501,-3.6602516],[133.7775985,-3.669122],[133.7902124,-3.6803525],[133.7990829,-3.6906878],[133.8098251,-3.7203102],[133.8157658,-3.7247861],[133.8292749,-3.7218564],[133.8291122,-3.7144508],[133.8232528,-3.7045224],[133.8141382,-3.6753883],[133.803396,-3.6540667],[133.7954208,-3.6315243],[133.7990829,-3.6088193],[133.804454,-3.6023089],[133.813243,-3.5953915],[133.8225204,-3.5899391],[133.8298446,-3.587579],[133.8381454,-3.5904273],[133.8409937,-3.5977516],[133.8400985,-3.6183408],[133.8435979,-3.6383603],[133.8527124,-3.6539039],[133.8960067,-3.7024065],[133.9133407,-3.7294247],[133.958995,-3.837579],[133.9710393,-3.8502743],[133.9876408,-3.8551572],[133.9993596,-3.8462867],[134.023204,-3.8051083],[134.0393173,-3.7931454],[134.0573837,-3.7981096],[134.0744735,-3.8129208],[134.0918075,-3.8239885],[134.1103622,-3.8175595],[134.1224064,-3.8053525],[134.1264755,-3.799249],[134.127452,-3.7794736],[134.1264755,-3.7687314],[134.1233016,-3.7609189],[134.1222437,-3.753676],[134.127452,-3.7452939],[134.1469833,-3.7575823],[134.1616317,-3.7716611],[134.1731063,-3.7878557],[134.1909286,-3.8262672],[134.1926376,-3.8355445],[134.1858016,-3.8425432],[134.1442163,-3.8747698],[134.1339624,-3.8900693],[134.1411239,-3.9030087],[134.1481226,-3.900079],[134.1596786,-3.8927548],[134.1704208,-3.8881161],[134.1751408,-3.8933245],[134.1762801,-3.9003232],[134.1814885,-3.9175758],[134.1826278,-3.9271786],[134.1911727,-3.9435361],[134.2111923,-3.9553362],[134.2348739,-3.9626604],[134.2544051,-3.9650204],[134.2722274,-3.9714495],[134.2838648,-3.9859352],[134.2927352,-4.0001767],[134.302745,-4.0066057],[134.3060002,-4.0095354],[134.3093368,-4.0155575],[134.3152775,-4.0202776],[134.3266708,-4.0197079],[134.3403426,-3.9960263],[134.337413,-3.9812151],[134.3296005,-3.9684384],[134.3186141,-3.9581845],[134.306163,-3.9513486],[134.306163,-3.9445126],[134.3489689,-3.9434547],[134.3603622,-3.9259579],[134.3514104,-3.8991025],[134.3335067,-3.868829],[134.3752548,-3.8991025],[134.3921005,-3.9030087],[134.4167587,-3.9045549],[134.4304305,-3.9078102],[134.4365341,-3.9135068],[134.4470321,-3.9264462],[134.4669702,-3.9432919],[134.4783635,-3.9616025],[134.4638778,-3.9786923],[134.4843856,-3.9904924],[134.5091252,-4.0158831],[134.5252385,-4.0264625],[134.5325627,-4.022068],[134.5871688,-4.0080706],[134.6022242,-4.000665],[134.6115015,-3.9882138],[134.6145939,-3.9684384],[134.6202906,-3.9546852],[134.6335555,-3.9450823],[134.6623641,-3.9309221],[134.6660262,-3.9240048],[134.6696883,-3.9142392],[134.6757919,-3.9083798],[134.6860458,-3.9135068],[134.6922307,-3.9148089],[134.7700301,-3.9182268],[134.8445744,-3.9301083],[134.8889266,-3.9309221],[134.8957626,-3.928969],[134.9018661,-3.9252255],[134.9084579,-3.92254],[134.9162704,-3.9234352],[134.9204208,-3.9268531],[134.9209091,-3.9309221],[134.9206649,-3.934747],[134.922618,-3.9377581],[134.9212346,-3.9386533],[134.9238387,-3.9431292],[134.9309188,-3.9483375],[134.9436141,-3.9513486],[134.9514266,-3.9471982],[134.9602971,-3.9393857],[134.9677841,-3.9367815],[134.9709579,-3.9479306],[134.9674585,-3.9518368],[134.9470321,-3.9650204],[134.9414169,-3.9672177],[134.9357202,-3.9719378],[134.927745,-3.9766578],[134.9162704,-3.9786923],[134.9070744,-3.9755185],[134.8820907,-3.9576148],[134.8644312,-3.9532203],[134.7822372,-3.9491513],[134.740896,-3.9395484],[134.7238876,-3.9377581],[134.7033798,-3.9403622],[134.6884872,-3.9474423],[134.6792098,-3.9607073],[134.6745712,-4.01629],[134.676036,-4.0264625],[134.6806747,-4.0328915],[134.6941024,-4.0451799],[134.6965438,-4.0531552],[134.6877548,-4.0731747],[134.6552841,-4.0997861],[134.648204,-4.1187477],[134.658051,-4.1333961],[134.681163,-4.1368141],[134.7063908,-4.1373023],[134.7238876,-4.1425107],[134.7258407,-4.150079],[134.7307235,-4.1875953],[134.7334091,-4.1975237],[134.7397567,-4.2040341],[134.7922469,-4.2387021],[134.8098251,-4.2540829],[134.820079,-4.2592099],[134.8234969,-4.2593727],[134.8610946,-4.252374],[134.8818466,-4.2561174],[134.9065861,-4.2640927],[134.9274195,-4.2756487],[134.9362085,-4.2902158],[134.9431258,-4.3059221],[134.9591577,-4.3186174],[135.1855575,-4.4489072],[135.2277938,-4.4611956],[135.2719833,-4.4584286],[135.330577,-4.439874],[135.3591415,-4.4436174],[135.4133407,-4.4362932],[135.4295354,-4.4304339],[135.4436141,-4.4406878],[135.4665633,-4.4460589],[135.587413,-4.4603818],[135.6047469,-4.4684384],[135.6142684,-4.4747047],[135.6560979,-4.4857724],[135.6995549,-4.4872372],[135.7080184,-4.4891904],[135.72462,-4.4952939],[135.7503361,-4.497247],[135.776215,-4.4945615],[135.7927352,-4.4857724],[135.8289494,-4.4986305],[135.9122827,-4.4981422],[135.9504501,-4.5062802],[135.9704696,-4.5196266],[136.0158798,-4.5714658],[136.0358179,-4.5860328],[136.0496525,-4.5900204],[136.0629989,-4.5905901],[136.0807398,-4.5949846],[136.0947372,-4.6031227],[136.1067001,-4.6120745],[136.1219182,-4.6193173],[136.1460067,-4.6223284],[136.1466577,-4.6263974],[136.1770126,-4.6495908],[136.2673446,-4.6762021],[136.3554794,-4.6774228],[136.3756617,-4.6837704],[136.4028426,-4.7076962],[136.4130966,-4.7116839],[136.4334416,-4.7123349],[136.4401962,-4.7152646],[136.463715,-4.7360165],[136.5378524,-4.7736142],[136.6264755,-4.8228492],[136.6958114,-4.8468564],[136.7431747,-4.8815243],[136.7531031,-4.8800595],[136.7634383,-4.8741187],[136.7863876,-4.8761533],[136.7991643,-4.8800595],[136.8029891,-4.8829078],[136.8006291,-4.9004859],[136.8039657,-4.9102516],[136.8118596,-4.9203427],[136.8221135,-4.928318],[136.8317977,-4.9314104],[136.8537704,-4.9281552],[136.8745223,-4.9198544],[136.9472762,-4.8755836],[136.9692489,-4.8695615],[136.9788518,-4.8795712],[136.9736434,-4.8850237],[136.9619247,-4.8910458],[136.9499618,-4.8990211],[136.9441024,-4.9103329],[136.9465438,-4.9176572],[136.953868,-4.9227841],[137.006521,-4.9457333],[137.04184,-4.9430478],[137.0730087,-4.9239234],[137.0949813,-4.8892555],[137.1017359,-4.8892555],[137.0959579,-4.9216448],[137.0877385,-4.9430478],[137.0900985,-4.9601376],[137.1154077,-4.9791806],[137.1496688,-4.9450823],[137.1521102,-4.9743792],[137.1694442,-4.9911435],[137.2190048,-5.0133603],[137.232107,-4.9991187],[137.2243758,-4.9821103],[137.2324325,-4.969415],[137.2788192,-4.9366187],[137.2825627,-4.9397112],[137.2671005,-4.9994443],[137.268077,-5.0138486],[137.2765406,-5.0201962],[137.3016057,-5.0266253],[137.3093368,-5.0216611],[137.3078719,-4.9991187],[137.334646,-5.0309384],[137.34962,-5.0404599],[137.3630477,-5.0264625],[137.3691512,-5.0264625],[137.369965,-5.0368792],[137.3680119,-5.0463193],[137.3632919,-5.05462],[137.3556421,-5.0617815],[137.3777775,-5.0824521],[137.4035751,-5.0975888],[137.4326278,-5.1034482],[137.4648544,-5.0958798],[137.4681096,-5.11004],[137.4738062,-5.1150042],[137.4819442,-5.1173642],[137.4921981,-5.1232236],[137.509288,-5.1420224],[137.5192977,-5.1485328],[137.533051,-5.1499977],[137.5402938,-5.1442197],[137.556163,-5.1210263],[137.5610458,-5.115818],[137.5727645,-5.1207822],[137.5808212,-5.142999],[137.5950627,-5.1499977],[137.5950627,-5.1568336],[137.5742294,-5.1670875],[137.5798446,-5.1818987],[137.5983993,-5.1963844],[137.6163843,-5.2051734],[137.6469833,-5.2118466],[137.6628524,-5.2203102],[137.672618,-5.2175432],[137.6821395,-5.2126604],[137.6906844,-5.2113583],[137.7063094,-5.2219378],[137.7155868,-5.2565243],[137.7324325,-5.27337],[137.7516382,-5.2777646],[137.7710067,-5.2723935],[137.8081161,-5.253025],[137.8015243,-5.2704404],[137.7828882,-5.29754],[137.7801213,-5.3150367],[137.7829696,-5.3179664],[137.8086044,-5.3529599],[137.8139755,-5.3581682],[137.821788,-5.3628883],[137.8533635,-5.3615862],[137.9041447,-5.3235003],[137.9248153,-5.3287086],[137.9084579,-5.363051],[137.9145614,-5.3868954],[137.958995,-5.4310849],[137.9865829,-5.4699846],[137.9992782,-5.4789365],[138.0256454,-5.4849586],[138.0359807,-5.4747861],[138.0348413,-5.4547665],[138.0265406,-5.4310849],[138.0407821,-5.4361305],[138.0512801,-5.4318173],[138.0581161,-5.4203427],[138.0613713,-5.4037411],[138.0710555,-5.409926],[138.0748804,-5.4196103],[138.0743921,-5.4447568],[138.0642196,-5.4894345],[138.0642196,-5.511163],[138.0781356,-5.5204404],[138.0849716,-5.5222307],[138.1053166,-5.5309384],[138.1097111,-5.5341122],[138.1079208,-5.5448544],[138.1012476,-5.5485165],[138.0918075,-5.5500628],[138.0817977,-5.55462],[138.0686141,-5.5650367],[138.0598251,-5.5752906],[138.0548609,-5.5896135],[138.053396,-5.6129697],[138.0573837,-5.6578102],[138.0681258,-5.698012],[138.0691838,-5.7084286],[138.0691024,-5.7196591],[138.0710555,-5.7286109],[138.0815536,-5.7343075],[138.0832626,-5.7382138],[138.0857854,-5.7399228],[138.1059676,-5.7260068],[138.1520288,-5.7230771],[138.1718856,-5.7169736],[138.2138778,-5.6919898],[138.2326766,-5.6838518],[138.2526962,-5.6798642],[138.2773544,-5.6788062],[138.3203231,-5.6711565],[138.3431096,-5.6701799],[138.3629663,-5.6788062],[138.3066512,-5.6957333],[138.2519637,-5.7189267],[138.1575627,-5.7736956],[138.169607,-5.7865536],[138.1755477,-5.7956682],[138.1779891,-5.8044573],[138.1821395,-5.8096656],[138.2087508,-5.8252906],[138.3220321,-5.8510068],[138.3425399,-5.8488095],[138.3855087,-5.8373349],[138.403982,-5.8357073],[138.3767196,-5.8556454],[138.3042098,-5.8682594],[138.2708439,-5.8869768],[138.2624618,-5.9147275],[138.2763778,-5.9462216],[138.3391219,-6.0425758],[138.3425399,-6.0582822],[138.3466903,-6.0712216],[138.3654891,-6.0917294],[138.3698023,-6.1063779],[138.3720809,-6.1242815],[138.3903915,-6.1715634],[138.3921005,-6.1862118],[138.3903915,-6.2336565],[138.3953557,-6.2531878],[138.4135848,-6.2914365],[138.4211532,-6.3185361],[138.4660751,-6.4021135],[138.6037704,-6.5279273],[138.6193954,-6.5347633],[138.6316024,-6.544122],[138.6775822,-6.6029599],[138.708995,-6.6296526],[138.8291122,-6.7059872],[138.7631942,-6.6701799],[138.7431747,-6.6649716],[138.7028915,-6.6454404],[138.682465,-6.6451148],[138.6709091,-6.6718075],[138.6728622,-6.6949195],[138.6834416,-6.7145322],[138.7004501,-6.728204],[138.7457788,-6.7401669],[138.7684025,-6.7566057],[138.822439,-6.8060849],[138.8379012,-6.8145484],[138.8567001,-6.8200009],[138.923676,-6.8257789],[138.9663192,-6.8357073],[138.9997665,-6.8527158],[139.0686955,-6.9182268],[139.1154891,-6.9410133],[139.122732,-6.9489885],[139.1333114,-6.9524065],[139.1567489,-6.9540341],[139.1804305,-6.9591611],[139.1922307,-6.9729143],[139.1818954,-6.9714495],[139.1403915,-6.9729143],[139.1264755,-6.9716122],[139.1179305,-6.9681943],[139.1035262,-6.9591611],[139.0825301,-6.9533017],[139.0727645,-6.9488258],[139.0686955,-6.9421526],[139.0379338,-6.9182268],[139.0177515,-6.908624],[138.9894312,-6.8658993],[138.9697372,-6.8562151],[138.9598088,-6.8544247],[138.9404403,-6.8454729],[138.9314885,-6.8425432],[138.9172469,-6.8422177],[138.8837997,-6.8493792],[138.7981063,-6.8562151],[138.7834579,-6.861749],[138.7563583,-6.8879534],[138.7397567,-6.8971493],[138.7158309,-6.897719],[138.6745712,-6.8811174],[138.6540633,-6.8766415],[138.6125594,-6.8772112],[138.5974227,-6.881443],[138.5813908,-6.8908831],[138.5615341,-6.9186337],[138.5720321,-6.9424781],[138.6461695,-6.9996884],[138.7478133,-7.0982398],[138.7534286,-7.106622],[138.7619735,-7.1138648],[138.8147893,-7.1305478],[138.8425399,-7.1456031],[138.8580835,-7.1495908],[138.9253036,-7.1530087],[138.9461369,-7.1571591],[138.9663192,-7.1647275],[139.0193791,-7.1944312],[139.0376083,-7.2118466],[139.0605575,-7.2124977],[139.1035262,-7.2062314],[139.1472274,-7.2062314],[139.1594344,-7.2032203],[139.1673283,-7.1954892],[139.1814071,-7.1754697],[139.2060653,-7.1504859],[139.2218531,-7.1439755],[139.2400008,-7.1510556],[139.2400008,-7.1584612],[139.2146102,-7.1669247],[139.1994735,-7.1887346],[139.188243,-7.2150204],[139.1745712,-7.2369931],[139.1570744,-7.2430966],[139.0039169,-7.2404111],[138.9909774,-7.2360165],[138.9616805,-7.2145322],[138.9451604,-7.2062314],[138.9045516,-7.1993954],[138.688243,-7.1926409],[138.6674911,-7.1978492],[138.6663518,-7.2098935],[138.6770126,-7.2234026],[138.6912541,-7.2335751],[138.6999618,-7.2370745],[138.7085067,-7.2391904],[138.7292587,-7.2404111],[138.7387801,-7.2435849],[138.7456161,-7.250665],[138.7509872,-7.257745],[138.7666122,-7.2653948],[138.8405868,-7.3145484],[138.8654891,-7.3360328],[138.8860783,-7.3609352],[138.9255477,-7.4273414],[138.9349064,-7.4488258],[138.9443466,-7.4970029],[138.9580184,-7.5072568],[139.0004989,-7.5079078],[139.0358993,-7.515232],[139.0710555,-7.5326474],[139.0930282,-7.5599911],[139.0892033,-7.596775],[139.0808212,-7.6060523],[139.0693466,-7.6139462],[139.0594182,-7.6227353],[139.0549423,-7.6342099],[139.0481877,-7.6680641],[139.0450952,-7.6752255],[139.0345158,-7.6903622],[139.0071721,-7.7543271],[139.0022893,-7.8357073],[138.9939885,-7.8654924],[138.9663192,-7.8846982],[138.9274195,-7.8941383],[138.9153752,-7.9032529],[138.9109807,-7.92254],[138.9109807,-8.0075823],[138.9055282,-8.0306943],[138.9057723,-8.0436337],[138.9201766,-8.0524228],[138.924327,-8.0606422],[138.9253036,-8.0704892],[138.9212346,-8.0795224],[138.9007268,-8.0923805],[138.8586532,-8.1013323],[138.8427841,-8.1174456],[138.8385523,-8.1383603],[138.8427841,-8.1613095],[138.853038,-8.1838518],[138.8764755,-8.2186825],[138.9143986,-8.2920875],[138.9210718,-8.2948544],[138.935232,-8.2955868],[138.94337,-8.2911923],[138.9511825,-8.2813453],[138.9572046,-8.2707659],[138.9594833,-8.265232],[138.9633895,-8.245538],[138.9733179,-8.229913],[139.0895288,-8.1335589],[139.122732,-8.1174456],[139.2011825,-8.0956357],[139.2244572,-8.0743954],[139.2270614,-8.0280901],[139.2302352,-8.0228818],[139.2321883,-8.0178362],[139.2295028,-8.0113258],[139.2248641,-8.0087216],[139.2141219,-8.007094],[139.2121688,-8.0041643],[139.2111923,-7.9940732],[139.2067977,-7.9742978],[139.2059025,-7.9631487],[139.217133,-7.9513486],[139.2429305,-7.9569638],[139.2878524,-7.9734026],[139.2693791,-7.9862607],[139.2517196,-7.9821917],[139.2348739,-7.9753557],[139.2189234,-7.9796689],[139.2400822,-8.0028622],[139.2451278,-8.0150693],[139.2478947,-8.0487607],[139.2517196,-8.0674781],[139.2502548,-8.0726865],[139.2461044,-8.0795224],[139.2425236,-8.0905087],[139.240245,-8.1018206],[139.2400008,-8.1106096],[139.2546493,-8.1460914],[139.2833765,-8.17254],[139.3195093,-8.1901995],[139.3567001,-8.1993954],[139.3951929,-8.2009417],[139.4353133,-8.196954],[139.5149846,-8.1788876],[139.5466415,-8.1661923],[139.5993758,-8.1354306],[139.6305445,-8.1249325],[139.7688094,-8.1104469],[139.9323837,-8.1085751],[139.9736434,-8.0969378],[140.0153915,-8.073663],[140.0340275,-8.0587704],[140.04184,-8.0455055],[140.0456649,-7.9801572],[140.0539657,-7.9362118],[140.0610458,-7.9244117],[140.0749618,-7.9200172],[140.1003524,-7.9195289],[140.1189885,-7.9148089],[140.1351018,-7.8926734],[140.1517033,-7.8846982],[140.1286727,-7.9361305],[140.1115829,-7.9465471],[140.0830184,-7.9325497],[140.0605575,-7.9483375],[140.0540471,-7.9716122],[140.056814,-7.9961891],[140.0656844,-8.0294736],[140.0623479,-8.066176],[140.0583602,-8.0819638],[140.0481063,-8.0866025],[140.0349227,-8.0868466],[140.021495,-8.0895322],[139.997732,-8.1037737],[139.9797469,-8.1215146],[139.9707137,-8.1421852],[139.9736434,-8.1652158],[139.9881291,-8.1924781],[140.0319117,-8.2463518],[140.2516382,-8.4089495],[140.2666122,-8.4308408],[140.3014429,-8.4674618],[140.3540145,-8.4885393],[140.3634546,-8.490818],[140.3676864,-8.5083961],[140.3781031,-8.5222307],[140.4462997,-8.5775693],[140.4528915,-8.5866839],[140.5074976,-8.6381161],[140.6215926,-8.8067359],[140.8569442,-9.0490862],[140.9210718,-9.0792783],[140.9326278,-9.0801734],[140.9768173,-9.1060523],[140.97698,-9.1061337],[140.9771619,-8.991078],[140.9775236,-8.7982215],[140.977627,-8.6111529],[140.9773169,-8.4349362],[140.9770069,-8.1701462],[140.9769035,-8.0019911],[140.9769035,-7.9620969],[140.9769035,-7.7728578],[140.9769035,-7.5875461],[140.9769035,-7.3236862],[140.9769035,-7.2827585],[140.9770069,-7.1570814],[140.9770069,-7.0047393],[140.9771619,-6.8966322],[140.9621757,-6.8979758],[140.9433138,-6.8880539],[140.9396965,-6.8563246],[140.9160287,-6.8627324],[140.9083289,-6.8492966],[140.9067269,-6.8282126],[140.901611,-6.8121929],[140.882439,-6.7982403],[140.8741708,-6.7894553],[140.8708635,-6.7783965],[140.8732406,-6.7736423],[140.8826974,-6.7606198],[140.8845061,-6.7539019],[140.8787183,-6.742223],[140.857841,-6.7236195],[140.8503996,-6.7129741],[140.8492111,-6.7028456],[140.8517432,-6.6939572],[140.8571692,-6.682175],[140.8657992,-6.6492054],[140.8649207,-6.6306019],[140.8503996,-6.6235739],[140.859288,-6.608381],[140.8739124,-6.6034201],[140.8905522,-6.5998028],[140.9049699,-6.5894675],[140.9033163,-6.5821294],[140.896495,-6.5730344],[140.892981,-6.5653862],[140.901611,-6.562079],[140.9098792,-6.5613555],[140.9150985,-6.5584616],[140.9178374,-6.5530873],[140.9187675,-6.5278692],[140.9209896,-6.516397],[140.9282243,-6.5096791],[140.9434689,-6.5075086],[140.9501868,-6.4987237],[140.9531324,-6.4805335],[140.9485848,-6.4655474],[140.9328235,-6.4659608],[140.9331853,-6.4537652],[140.9299813,-6.4449802],[140.92316,-6.4398125],[140.9125147,-6.4385723],[140.9212997,-6.4339214],[140.9310149,-6.4314409],[140.9415568,-6.4309242],[140.9528223,-6.431751],[140.9501868,-6.4189352],[140.9556128,-6.4112871],[140.9631576,-6.4042591],[140.967085,-6.3939238],[140.9646562,-6.3880327],[140.9549927,-6.3796612],[140.9528223,-6.37377],[140.9538558,-6.3701527],[140.9586617,-6.3680856],[140.963726,-6.3480352],[140.9728728,-6.336563],[140.9769035,-6.3351161],[140.9769035,-6.2293861],[140.9769035,-6.0021131],[140.9769035,-5.8064662],[140.9769035,-5.6211545],[140.9769035,-5.3638058],[140.9769035,-5.3228781],[140.9769035,-5.1974077],[140.9769035,-5.0022775],[140.9769035,-4.999487],[140.9768708,-4.9884861],[140.9762317,-4.7737127],[140.9757666,-4.5959457],[140.9747331,-4.1736459],[140.9742164,-4.0022869],[140.9735446,-3.8000253],[140.9731828,-3.5817441],[140.972356,-3.2506015],[140.9732862,-3.0024513],[140.9739063,-2.8073211],[140.9744747,-2.6312078],[140.9744572,-2.6005185],[140.9741317,-2.6005185],[140.9650171,-2.6007626],[140.9221298,-2.6081682],[140.8296005,-2.6081682],[140.8180445,-2.6110165],[140.7955835,-2.6193987],[140.7854924,-2.6212704],[140.7756454,-2.6180966],[140.7570907,-2.6039365],[140.7517196,-2.6007626],[140.7426864,-2.6055641],[140.7407333,-2.6163062],[140.7400008,-2.6276995],[140.7346298,-2.6349423],[140.7238062,-2.6339658],[140.7132268,-2.6267229],[140.7043563,-2.6169573],[140.6985783,-2.6081682],[140.7360946,-2.5636533],[140.740896,-2.5495745],[140.7467554,-2.5166969],[140.7446395,-2.4991187],[140.7308049,-2.491469],[140.6075952,-2.4393857],[140.5006617,-2.4357236],[140.4831649,-2.4322242],[140.3885197,-2.397068],[140.3771265,-2.3952776],[140.3639429,-2.4048805],[140.3689071,-2.4120419],[140.3798934,-2.4195289],[140.3845321,-2.4294573],[140.3796493,-2.4410947],[140.3712671,-2.448663],[140.3610132,-2.4498023],[140.3504338,-2.4430478],[140.332286,-2.4557431],[140.3112899,-2.446954],[140.2883407,-2.4310849],[140.2254338,-2.4053687],[140.2102157,-2.4021135],[140.1722111,-2.347426],[140.1687932,-2.339288],[140.1679794,-2.3317197],[140.1657007,-2.325372],[140.1579696,-2.3208961],[140.1525985,-2.3224423],[140.1511337,-2.3373349],[140.1450301,-2.3412411],[140.1212671,-2.3268368],[140.1047469,-2.3200823],[140.0971786,-2.323663],[140.0861923,-2.3436825],[140.0593368,-2.354262],[139.8647567,-2.3720029],[139.8221135,-2.3673642],[139.7807723,-2.3546689],[139.6782333,-2.2929013],[139.5149846,-2.2313779],[139.4687606,-2.1950823],[139.4553329,-2.189874],[139.4401148,-2.1857236],[139.3840438,-2.1556943],[139.2832137,-2.1218401],[139.1067001,-2.0127906],[138.9495549,-1.9598935],[138.9280705,-1.9571266],[138.8621525,-1.9557431],[138.8427841,-1.9496396],[138.8032333,-1.920831],[138.7351994,-1.8439267],[138.6652124,-1.7891578],[138.6196395,-1.7780901],[138.5975041,-1.7697893],[138.5275171,-1.7584775],[138.3567001,-1.7101376],[138.2291773,-1.6491025],[138.1189071,-1.6168759],[138.0748804,-1.6102841],[138.0576278,-1.5990536],[138.0114038,-1.5520159],[138.0022079,-1.5477841],[137.9892684,-1.5461565],[137.9831649,-1.5419247],[137.9650171,-1.5226376],[137.955577,-1.5182431],[137.932465,-1.4913062],[137.9248153,-1.4841448],[137.8831486,-1.4704729],[137.8391219,-1.471124],[137.7944442,-1.4841448],[137.5324813,-1.5977516],[137.516368,-1.600844],[137.5102645,-1.6040992],[137.4985458,-1.6207822],[137.4921981,-1.6281064],[137.4858505,-1.6325009],[137.4648544,-1.6417783],[137.3488062,-1.7101376],[137.1428329,-1.7870419],[137.1235458,-1.7974586],[137.1154077,-1.8093401],[137.1155705,-1.8544247],[137.111827,-1.8747698],[137.1017359,-1.8882789],[137.156993,-1.9291318],[137.1674911,-1.9343401],[137.1938583,-1.943943],[137.2048446,-1.9496396],[137.209646,-1.9634742],[137.2101343,-1.979262],[137.2053329,-1.9926083],[137.1945907,-1.9981422],[137.1911727,-2.0045712],[137.2026473,-2.0188128],[137.225271,-2.038995],[137.2336532,-2.0609677],[137.226329,-2.0743954],[137.1945907,-2.0973447],[137.1784774,-2.1061337],[137.1543075,-2.1115048],[137.0240992,-2.1184221],[136.9814559,-2.1265602],[136.951508,-2.1421852],[136.9458114,-2.1522763],[136.9431258,-2.1635068],[136.9384872,-2.17254],[136.9270126,-2.1762021],[136.8671981,-2.188165],[136.8144637,-2.2240536],[136.8059188,-2.2267392],[136.7768661,-2.2313779],[136.7708439,-2.2346331],[136.7654729,-2.2416318],[136.7586369,-2.2487118],[136.7492782,-2.2520484],[136.7371525,-2.2494443],[136.7169702,-2.2391904],[136.7046005,-2.2375628],[136.6839299,-2.2587216],[136.646495,-2.2463518],[136.6328231,-2.2450497],[136.6264755,-2.2462704],[136.6130477,-2.2509091],[136.6052352,-2.2520484],[136.6020614,-2.2497698],[136.5947372,-2.2375628],[136.5682072,-2.2330055],[136.5434676,-2.2313779],[136.5329696,-2.225844],[136.533702,-2.2130673],[136.5367945,-2.1989885],[136.5325627,-2.189874],[136.522146,-2.1913388],[136.4929305,-2.2071266],[136.4814559,-2.2110328],[136.4301864,-2.2110328],[136.4038192,-2.2196591],[136.38087,-2.2340634],[136.3620712,-2.2521298],[136.3481551,-2.2717424],[136.3419702,-2.2833798],[136.3400985,-2.2892392],[136.3425399,-2.3191057],[136.3471786,-2.3402646],[136.3481551,-2.3512509],[136.3440861,-2.3682594],[136.3344833,-2.3845354],[136.3024195,-2.420831],[136.2939559,-2.4335263],[136.2887476,-2.4501279],[136.2823999,-2.5197079],[136.2760523,-2.5401344],[136.266368,-2.5603167],[136.236827,-2.596124],[136.197439,-2.6244443],[136.1086532,-2.6627743],[136.0844833,-2.6680641],[136.0722762,-2.6726214],[136.0671493,-2.6798642],[136.0637313,-2.688165],[136.0556747,-2.6934547],[136.0454208,-2.6962216],[136.0363876,-2.696954],[136.023204,-2.7076962],[136.0129501,-2.7470029],[135.9987899,-2.7448056],[135.9923609,-2.7520484],[135.9695744,-2.7701148],[135.9646102,-2.7758115],[135.9646102,-2.8204892],[135.9604598,-2.8376604],[135.9519149,-2.8521461],[135.9267684,-2.8788388],[135.9249781,-2.8903948],[135.935883,-2.9271786],[135.9367782,-2.9434547],[135.9265243,-2.9659156],[135.9099227,-2.9857724],[135.8885197,-3.0000953],[135.8431096,-3.0119768],[135.8169051,-3.0429013],[135.7994898,-3.053318],[135.7756454,-3.046482],[135.769786,-3.04754],[135.7668563,-3.0499],[135.7649032,-3.0521786],[135.7573348,-3.0558408],[135.751801,-3.062107],[135.7474064,-3.0700009],[135.7456161,-3.077081],[135.7519637,-3.0917294],[135.7631942,-3.0995419],[135.7671005,-3.1088193],[135.7517196,-3.1283505],[135.7190048,-3.1486142],[135.6389266,-3.1781552],[135.6015731,-3.2040341],[135.5737411,-3.2413062],[135.5704859,-3.2487118],[135.5743921,-3.2580706],[135.5732528,-3.2701148],[135.5691024,-3.2816708],[135.5636499,-3.2897275],[135.5217391,-3.3355445],[135.5053817,-3.3480771],[135.4889429,-3.3567034],[135.4704696,-3.363051],[135.4030868,-3.3718401],[135.3623153,-3.386163],[135.3408309,-3.3897437],[135.3220321,-3.3864885],[135.2960718,-3.3720029],[135.2756454,-3.3685849],[135.1115015,-3.361749],[135.0971786,-3.3575172],[135.0691024,-3.3385556],[135.0460718,-3.3344052],[135.0021265,-3.3361142],[134.9847111,-3.3296852],[134.97462,-3.3008766],[134.9602971,-3.2853329],[134.9567163,-3.2798805],[134.9567977,-3.2694638],[134.9625757,-3.2494443],[134.9641219,-3.2382138],[134.931814,-3.2616513],[134.9143986,-3.2688128],[134.8989364,-3.2627906],[134.8859156,-3.2497698],[134.8806258,-3.2429339],[134.8747665,-3.2320289],[134.8759872,-3.2318661],[134.8745223,-3.2179501],[134.8747665,-3.217706],[134.8730575,-3.2131487],[134.8696395,-3.2091611],[134.8679305,-3.2040341],[134.861176,-3.162693],[134.853689,-3.1478818],[134.8185327,-3.1363258],[134.816661,-3.1218401],[134.8263452,-3.0839169],[134.8242294,-3.0503883],[134.8263452,-3.0396461],[134.8310653,-3.030206],[134.8369247,-3.0258115],[134.8424585,-3.0230445],[134.8468531,-3.0184872],[134.8518173,-3.003676],[134.8610946,-2.9400367],[134.851329,-2.8998349],[134.8278101,-2.9137509],[134.7722274,-2.9776344],[134.7270614,-2.9857724],[134.7013452,-2.9586728],[134.6700139,-2.8376604],[134.66684,-2.8256161],[134.658051,-2.5627581],[134.648204,-2.525079],[134.6384383,-2.511163],[134.6230575,-2.4981422],[134.6042587,-2.4884579],[134.5842391,-2.4846331],[134.5769963,-2.4807268],[134.5563257,-2.4647763],[134.5463973,-2.4629859],[134.5356551,-2.4699846],[134.5345158,-2.4787737],[134.541189,-2.486749],[134.5537216,-2.491469],[134.509288,-2.507745],[134.4963485,-2.5178362],[134.4843856,-2.5393206],[134.478038,-2.558038],[134.4743758,-2.5807431],[134.4739689,-2.6065406],[134.4775497,-2.6349423],[134.4814559,-2.6454404],[134.4946395,-2.6700986],[134.4992782,-2.6832822],[134.5002548,-2.696954],[134.498383,-2.7248674],[134.4992782,-2.7385393],[134.5031844,-2.7509091],[134.5146591,-2.7696266],[134.5190536,-2.7789039],[134.5266219,-2.821954],[134.5327255,-2.8341611],[134.5055445,-2.8537737],[134.4886174,-2.8612607],[134.4638778,-2.8620745],[134.4638778,-2.8546689],[134.4402775,-2.8082822],[134.4316512,-2.7793922],[134.4207463,-2.7660458],[134.4090275,-2.7551409],[134.4017033,-2.7448056],[134.3906356,-2.6810849],[134.3813583,-2.6539853],[134.3615015,-2.6349423],[134.3636174,-2.6178525],[134.3454696,-2.5765927],[134.3375757,-2.5419247],[134.3302515,-2.5222307],[134.3193466,-2.5053036],[134.3129989,-2.4983049],[134.3001408,-2.4919573],[134.2843531,-2.479262],[134.2708439,-2.4650204],[134.2591252,-2.440525],[134.2168075,-2.4089495],[134.2043563,-2.3951148],[134.19337,-2.3790829],[134.1857202,-2.3619117],[134.1826278,-2.344415],[134.179454,-2.3356259],[134.1648055,-2.3204892],[134.1616317,-2.3102353],[134.162771,-2.3016904],[134.1689559,-2.2792294],[134.1657007,-2.2596982],[134.1517033,-2.2276344],[134.1486109,-2.2072079],[134.1496688,-2.194594],[134.1516219,-2.1849911],[134.1521102,-2.1754697],[134.1486109,-2.1625302],[134.1423446,-2.1547177],[134.1261499,-2.1449521],[134.1206161,-2.1353492],[134.1196395,-2.1138648],[134.134939,-2.0495745],[134.1378687,-2.0453427],[134.1442977,-2.045831],[134.1513778,-2.0472958],[134.1552841,-2.045831],[134.1555282,-2.0394833],[134.1528426,-2.0337867],[134.1497502,-2.0289853],[134.1486109,-2.0254859],[134.1495874,-2.0153134],[134.1448674,-1.9391415],[134.1035262,-1.7377255],[134.0892033,-1.6970354],[134.0870874,-1.6827939],[134.0903426,-1.6718075],[134.0964462,-1.6631812],[134.1053166,-1.6574846],[134.1171981,-1.6554501],[134.1259872,-1.6522763],[134.139008,-1.6381161],[134.1543075,-1.6283505],[134.2072046,-1.5735003],[134.2158309,-1.5603167],[134.2214462,-1.5440406],[134.2304794,-1.4767392],[134.2304794,-1.4362932],[134.2391057,-1.4162737],[134.281993,-1.350193],[134.267426,-1.3302548],[134.2037867,-1.212579],[134.1928817,-1.2028948],[134.1784774,-1.1974423],[134.1599227,-1.1836891],[134.1414494,-1.1657854],[134.127452,-1.14837],[134.1121525,-1.1154111],[134.1037704,-1.1039365],[134.0979924,-1.0934384],[134.0950627,-1.071954],[134.0905054,-1.0626767],[134.0779729,-1.0455868],[134.0361434,-0.9577776],[134.0446883,-0.9513486],[134.0589299,-0.9481747],[134.0665796,-0.9323056],[134.0681258,-0.9074033],[134.0744735,-0.8949521],[134.088715,-0.8900693],[134.1515406,-0.8829892],[134.1712346,-0.8759091],[134.1721298,-0.8638648],[134.163829,-0.8580868],[134.134939,-0.846775],[134.1253361,-0.8387997],[134.1091415,-0.8200823],[134.1007593,-0.8125953],[134.0893661,-0.8075497],[134.0667424,-0.8024228],[134.0564071,-0.7951799],[133.9948837,-0.733331],[133.9772242,-0.7232398],[133.9638778,-0.7295875],[133.9484156,-0.7315406],[133.9072372,-0.7311337],[133.8508407,-0.7391904],[133.8383895,-0.7430966],[133.8298446,-0.7437477],[133.8122665,-0.7276344],[133.8059188,-0.7232398],[133.7903752,-0.7185198],[133.7740992,-0.7172177],[133.759939,-0.7208798],[133.7512313,-0.7306454],[133.7591252,-0.7452125],[133.7453719,-0.7507464],[133.6560979,-0.7470029],[133.6330673,-0.7418759],[133.616954,-0.7336565],[133.6047469,-0.7256812],[133.5975041,-0.7267392],[133.5924585,-0.7321103],[133.5861923,-0.7369117],[133.5793563,-0.7505836],[133.5727645,-0.7509091],[133.5672307,-0.7483049],[133.5626734,-0.7452125],[133.5583602,-0.7437477],[133.3916122,-0.7232398],[133.3790796,-0.717706],[133.3356226,-0.6903622],[133.3260197,-0.6788062],[133.314952,-0.6539853],[133.2889104,-0.6285133],[133.1547958,-0.5319964],[133.1447046,-0.5311825],[133.1232202,-0.5333798],[133.1132919,-0.5319964],[133.1067001,-0.5275204],[133.0952255,-0.5137672],[133.0898544,-0.5109189],[133.0695907,-0.5118954],[133.0573023,-0.511163],[133.0483505,-0.5079078],[133.0335393,-0.4973284],[132.9996851,-0.4808896],[132.9834091,-0.4699033],[132.978689,-0.46087],[132.978689,-0.4518368],[132.9751083,-0.4447568],[132.9598088,-0.4419898],[132.9367782,-0.4540341],[132.9254663,-0.4563128],[132.9052841,-0.4532203],[132.7091577,-0.36004],[132.6792098,-0.3689104],[132.4371851,-0.3471005],[132.3966577,-0.3534482],[132.3127548,-0.3793271],[132.2879338,-0.3811174],[132.2700301,-0.3845354],[132.2371525,-0.4015439],[132.1998804,-0.4146461],[132.1662704,-0.4322242],[132.1508895,-0.4357236],[132.09962,-0.4699033],[132.0920516,-0.4830055],[132.0748804,-0.52337],[132.0688583,-0.5319964],[132.0560002,-0.534275],[132.0034286,-0.5518531],[131.9788518,-0.5666643],[131.9519149,-0.5887997],[131.9084579,-0.6338844],[131.884288,-0.6818987],[131.8764755,-0.6896298],[131.8634546,-0.6919898],[131.7795516,-0.7191708],[131.5901799,-0.7565243],[131.578868,-0.7610003],[131.5712997,-0.7692197],[131.5534774,-0.776788],[131.5328882,-0.7826474],[131.5167749,-0.7852516],[131.5166122,-0.7743466],[131.5234481,-0.7619768],[131.5447697,-0.7369117],[131.5341903,-0.7334937],[131.5179143,-0.7317034],[131.5029403,-0.733331],[131.4963485,-0.7403297],[131.4882919,-0.7468401],[131.4503687,-0.7500953],[131.4379989,-0.7540016],[131.4267684,-0.759454],[131.3987736,-0.76629],[131.3875432,-0.7826474],[131.3735458,-0.7878557],[131.3322046,-0.7927385],[131.2430119,-0.8194312],[131.2353622,-0.8464495],[131.2502548,-0.8726539],[131.2915145,-0.9149716],[131.2701929,-0.9268531],[131.2635197,-0.9292945],[131.271495,-0.9493954],[131.266368,-0.9878883],[131.2710067,-1.003676],[131.2570907,-1.0143368],[131.2536727,-1.0276018],[131.2573348,-1.0626767],[131.254161,-1.0802548],[131.2395126,-1.1056454],[131.236176,-1.1172828],[131.2316187,-1.1260719],[131.2021591,-1.162693],[131.1886499,-1.2072079],[131.1816512,-1.2172177],[131.1552841,-1.2245419],[131.0744735,-1.2375628],[131.0573837,-1.2477353],[131.0421656,-1.2678362],[131.0407821,-1.2719052],[131.0300399,-1.2755673],[131.0275985,-1.2841122],[131.0301213,-1.2985165],[131.0044051,-1.3723284],[130.9995223,-1.3790829],[130.9858505,-1.39129],[130.9531356,-1.4050432],[130.9482528,-1.4122047],[130.9509383,-1.4336891],[130.9602971,-1.4462216],[130.9773055,-1.4528948],[131.0035913,-1.4562314],[131.0864364,-1.4512672],[131.1263127,-1.4533017],[131.1672469,-1.4704729],[131.1775008,-1.4773089],[131.1865341,-1.48504],[131.1928817,-1.4948056],[131.1984969,-1.5212542],[131.2057398,-1.5236142],[131.2254338,-1.5155575],[131.2573348,-1.4977353],[131.2915145,-1.4909807],[131.3051864,-1.4830868],[131.3237411,-1.4691708],[131.3369247,-1.4530575],[131.3349716,-1.4393857],[131.2920028,-1.4100888],[131.274913,-1.3918596],[131.2771102,-1.3742815],[131.3222762,-1.4010556],[131.342133,-1.4035784],[131.3728133,-1.3947079],[131.3836369,-1.4019508],[131.3953557,-1.4137509],[131.4018661,-1.4273414],[131.3969833,-1.4393857],[131.3872176,-1.4507789],[131.3898218,-1.456801],[131.3966577,-1.4610328],[131.4006454,-1.4670549],[131.4049585,-1.4699033],[131.4275008,-1.4977353],[131.4365341,-1.5017229],[131.4461369,-1.5038388],[131.4568791,-1.5028622],[131.4690048,-1.4977353],[131.4656682,-1.4865862],[131.4690861,-1.4790992],[131.4775497,-1.4740536],[131.4895126,-1.4704729],[131.5004989,-1.4696591],[131.5078231,-1.4719378],[131.5139266,-1.475193],[131.5201929,-1.4767392],[131.5525008,-1.4769833],[131.57309,-1.4801572],[131.588715,-1.4875628],[131.613536,-1.511163],[131.6287541,-1.5209286],[131.6472274,-1.5256487],[131.6663518,-1.5223935],[131.6850692,-1.5149065],[131.7037867,-1.5110003],[131.722911,-1.5182431],[131.7067163,-1.5347633],[131.7077743,-1.5558408],[131.7231551,-1.571954],[131.7501734,-1.5735003],[131.7716577,-1.5632464],[131.7840275,-1.5474586],[131.7897242,-1.5256487],[131.791189,-1.4977353],[131.8110458,-1.5204404],[131.8064071,-1.5499814],[131.797618,-1.5808245],[131.8048609,-1.6075986],[131.8214624,-1.5982398],[131.8593856,-1.5598284],[131.8712671,-1.5531552],[131.8834742,-1.5508766],[131.8888452,-1.5565732],[131.8798934,-1.5735003],[131.9057723,-1.5670712],[131.9640406,-1.5387509],[131.9821883,-1.5387509],[131.976329,-1.5485979],[131.955577,-1.5697568],[131.9490666,-1.5733375],[131.9205835,-1.5791969],[131.9140731,-1.5834286],[131.9108993,-1.5902646],[131.8967391,-1.601495],[131.8935653,-1.6110165],[131.8867294,-1.6520322],[131.8894149,-1.6571591],[131.8952743,-1.6628557],[131.9013778,-1.6676572],[131.908702,-1.6720517],[131.9057723,-1.6774228],[131.9011337,-1.6841773],[131.9004012,-1.6901995],[131.9096786,-1.7033017],[131.9174911,-1.7072893],[131.9272567,-1.7062314],[131.9675399,-1.6971982],[132.0009872,-1.6779111],[132.0239364,-1.6759579],[132.0219833,-1.6838518],[132.0201929,-1.6856422],[132.0188094,-1.6840146],[132.0183212,-1.6827939],[132.0224716,-1.7063128],[132.0183212,-1.7212867],[132.0070907,-1.7321917],[131.9897567,-1.7448056],[131.9753524,-1.7604306],[131.9633895,-1.778497],[131.9492294,-1.7946917],[131.927745,-1.8057594],[131.938243,-1.8283017],[131.9410913,-1.8374977],[131.9419051,-1.8506812],[131.9383244,-1.8837216],[131.9419051,-1.8951148],[131.9492294,-1.9044736],[131.9568791,-1.9076474],[131.9646916,-1.9088681],[131.9723413,-1.9123674],[131.9773055,-1.9216448],[131.9754338,-1.9322242],[131.9710393,-1.9431292],[131.9685979,-1.9533831],[131.972911,-1.9646135],[131.9832463,-1.9725888],[132.0034286,-1.9838193],[132.0273544,-2.0184872],[132.0532333,-2.0153948],[132.09962,-2.0012346],[132.1269637,-1.9981422],[132.1018173,-2.0069312],[132.0905868,-2.0155575],[132.0859481,-2.0289039],[132.0800887,-2.037693],[132.0525822,-2.0528297],[132.0444442,-2.0595029],[132.0483505,-2.0831845],[132.0734156,-2.1051572],[132.2145288,-2.1657854],[132.236176,-2.183038],[132.2519637,-2.2047665],[132.2646591,-2.2282854],[132.2805282,-2.2497698],[132.3056747,-2.2655575],[132.347911,-2.2701148],[132.384939,-2.2565243],[132.4553329,-2.2172177],[132.5236923,-2.2041969],[132.541189,-2.1936174],[132.5603947,-2.1856422],[132.5830184,-2.1908505],[132.6027938,-2.2017555],[132.613536,-2.2110328],[132.6209416,-2.2315406],[132.6267196,-2.256443],[132.6367294,-2.2772763],[132.6579696,-2.2860654],[132.6692814,-2.2891578],[132.6756291,-2.2959937],[132.6806747,-2.3031552],[132.6887313,-2.3072242],[132.6987411,-2.3053525],[132.7707626,-2.2600237],[132.7933049,-2.2494443],[132.8159286,-2.2450497],[132.8395288,-2.2491187],[132.9016219,-2.2792294],[132.9436141,-2.2833798],[132.9812118,-2.2721493],[133.0201929,-2.2557919],[133.0660913,-2.2450497],[133.1123153,-2.2429339],[133.1350204,-2.2384579],[133.1694442,-2.2168922],[133.1921493,-2.214288],[133.2312118,-2.2172177],[133.2742619,-2.2063128],[133.2961532,-2.2041969],[133.3055119,-2.2140439],[133.3165796,-2.2225888],[133.3416447,-2.2227516],[133.3881942,-2.2172177],[133.4072372,-2.2222633],[133.4455673,-2.2378883],[133.4760848,-2.2315406],[133.4997665,-2.2307268],[133.5146591,-2.2260068],[133.504161,-2.2110328],[133.504161,-2.2035458],[133.5212508,-2.2096493],[133.533051,-2.2384579],[133.5485946,-2.2450497],[133.5646265,-2.2378883],[133.5771591,-2.2204729],[133.5935979,-2.183038],[133.5968531,-2.1950823],[133.5935979,-2.2375628],[133.6130477,-2.2282854],[133.6233016,-2.2252743],[133.63087,-2.2277158],[133.6381942,-2.2336565],[133.6457626,-2.2360165],[133.6518661,-2.2341448],[133.6544702,-2.2277158],[133.66212,-2.2139625],[133.6789657,-2.2042783],[133.6958114,-2.1978492],[133.7034611,-2.1936174],[133.7099716,-2.175551],[133.7260848,-2.1705055],[133.7643335,-2.1693661],[133.773204,-2.1652971],[133.7990829,-2.1488583],[133.8076278,-2.1465797],[133.8244735,-2.1454404],[133.8332626,-2.1421852],[133.8385523,-2.1360003],[133.853689,-2.1114234],[133.8581649,-2.1073544],[133.8685002,-2.1081682],[133.879161,-2.1107724],[133.8846135,-2.1114234],[133.8990992,-2.1063779],[133.9222111,-2.1044247],[133.9404403,-2.1075986],[133.9397079,-2.1182594],[133.9353133,-2.125665],[133.9327906,-2.1422665],[133.929454,-2.1488583],[133.9218856,-2.1527646],[133.9004012,-2.159275],[133.8952743,-2.1625302],[133.8979598,-2.1754697],[133.9129338,-2.1752255],[133.931163,-2.1686337],[133.9431258,-2.1625302],[133.9499618,-2.1693661],[133.9319768,-2.1775042],[133.9170028,-2.1908505],[133.9013778,-2.1984189],[133.8816024,-2.189874],[133.8747665,-2.2046852],[133.8630477,-2.2179501],[133.8475041,-2.2277158],[133.8131617,-2.2369117],[133.7991643,-2.2486305],[133.7920028,-2.2601865],[133.7956649,-2.2655575],[133.8073023,-2.2711728],[133.8234969,-2.2948544],[133.8400985,-2.2997372],[133.8547469,-2.294122],[133.8741968,-2.2816708],[133.9021102,-2.2587216],[133.9083765,-2.2587216],[133.9289657,-2.2741839],[133.9397079,-2.2550595],[133.9499618,-2.2035458],[133.9573674,-2.2214495],[133.9597274,-2.2466773],[133.9570419,-2.2726376],[133.9499618,-2.2929013],[133.9344182,-2.3086891],[133.9135848,-2.3195126],[133.8673609,-2.3339169],[133.8673609,-2.3412411],[133.8928329,-2.3402646],[133.9378361,-2.3273251],[133.9635523,-2.3264299],[133.945079,-2.3439267],[133.8945419,-2.3633766],[133.8986923,-2.3776181],[133.9209091,-2.3876279],[133.9489038,-2.3903948],[134.0051376,-2.3884417],[133.9865829,-2.4061825],[133.9546005,-2.4091122],[133.8846135,-2.4021135],[133.8664657,-2.4113909],[133.8764755,-2.4328753],[133.896495,-2.4579404],[133.9083765,-2.4772275],[133.9021102,-2.4772275],[133.8933212,-2.465997],[133.8662216,-2.4429664],[133.8605249,-2.4325497],[133.8501083,-2.424249],[133.8261825,-2.4262021],[133.7817489,-2.4357236],[133.7631942,-2.4357236],[133.7472437,-2.4379208],[133.7409774,-2.4458961],[133.7512313,-2.4629859],[133.7672632,-2.4719378],[133.8017684,-2.4703102],[133.8195907,-2.4772275],[133.8095809,-2.4874814],[133.8048609,-2.4970029],[133.8039657,-2.5067685],[133.8059188,-2.5182431],[133.8088485,-2.5201962],[133.821788,-2.5355771],[133.8230087,-2.5393206],[133.8278915,-2.5499],[133.8195907,-2.6115862],[133.8191838,-2.6329892],[133.8169051,-2.6490211],[133.8110458,-2.6539853],[133.7990829,-2.6423479],[133.785411,-2.5977516],[133.7643335,-2.5665829],[133.7474064,-2.5292294],[133.7350367,-2.5167783],[133.7131454,-2.5119768],[133.7097274,-2.5211728],[133.7097274,-2.5772437],[133.7067977,-2.5978329],[133.69337,-2.6373023],[133.6892196,-2.6560198],[133.6897893,-2.6762021],[133.6923934,-2.6915016],[133.6917424,-2.7042783],[133.6823837,-2.7174618],[133.6684676,-2.670831],[133.6718856,-2.6594378],[133.6762801,-2.6490211],[133.6754663,-2.5880673],[133.6733505,-2.5748023],[133.6672469,-2.5634091],[133.6406356,-2.5429013],[133.6339624,-2.5393206],[133.6284286,-2.5396461],[133.6223251,-2.541762],[133.615245,-2.5411109],[133.6067001,-2.5324846],[133.5952255,-2.5456682],[133.5856226,-2.5524228],[133.5656844,-2.5603167],[133.5595809,-2.5616187],[133.5473739,-2.5608049],[133.5417587,-2.5635719],[133.5397242,-2.5687802],[133.5395614,-2.5832659],[133.5383407,-2.5870908],[133.5187281,-2.5896135],[133.5122176,-2.5721982],[133.5094507,-2.5500628],[133.4974064,-2.5339495],[133.4925236,-2.5235328],[133.4850367,-2.5165341],[133.4734807,-2.5216611],[133.4690861,-2.5321591],[133.4708765,-2.5450986],[133.4747827,-2.5583635],[133.4768986,-2.5704078],[133.4731551,-2.6159807],[133.4650985,-2.636163],[133.4503687,-2.6423479],[133.458995,-2.6180966],[133.4611923,-2.5953102],[133.4565536,-2.5461565],[133.4586695,-2.5069312],[133.4565536,-2.4983049],[133.4455673,-2.4947242],[133.4379989,-2.503025],[133.4109807,-2.5665016],[133.4045516,-2.5914039],[133.4018661,-2.6150042],[133.408051,-2.6596005],[133.4030054,-2.6752255],[133.3807072,-2.6764462],[133.388357,-2.6522763],[133.3881942,-2.5665829],[133.3921005,-2.5386695],[133.3903101,-2.5266253],[133.3807072,-2.5119768],[133.3689885,-2.5025367],[133.3537704,-2.4962704],[133.3383895,-2.4961891],[133.3260197,-2.5051409],[133.3205673,-2.4918759],[133.3176376,-2.4567197],[133.3123479,-2.4430478],[133.2584742,-2.4164365],[133.2395939,-2.416762],[133.2131454,-2.4263648],[133.1962997,-2.4294573],[133.1875106,-2.4276669],[133.1801864,-2.4237607],[133.1728622,-2.4220517],[133.1647242,-2.4260393],[133.1588648,-2.4298642],[133.1515406,-2.4328753],[133.1438908,-2.4349911],[133.1377059,-2.4357236],[133.1121525,-2.4428036],[133.0335393,-2.4794247],[133.0171005,-2.494887],[133.0083114,-2.5144182],[132.9493921,-2.5802548],[132.927745,-2.6276995],[132.9030054,-2.6459286],[132.853038,-2.7174618],[132.8352971,-2.7360165],[132.7768661,-2.7792294],[132.7636825,-2.7863095],[132.7550562,-2.7965634],[132.7365829,-2.8099911],[132.7282821,-2.813165],[132.7159937,-2.8142229],[132.6790471,-2.8016904],[132.6206161,-2.7408993],[132.585704,-2.7174618],[132.5667424,-2.7145322],[132.5442814,-2.7137997],[132.5254012,-2.7105445],[132.5173446,-2.7007789],[132.5063583,-2.698012],[132.4846298,-2.6994768],[132.4689234,-2.7076148],[132.4758407,-2.7248674],[132.4758407,-2.7311337],[132.4599716,-2.7326799],[132.4378361,-2.7450497],[132.4211532,-2.7448056],[132.4333602,-2.7321917],[132.4300236,-2.7214495],[132.424327,-2.7103818],[132.4284774,-2.696954],[132.4130966,-2.6964658],[132.408051,-2.696954],[132.415538,-2.696954],[132.3820093,-2.6993141],[132.3671981,-2.696954],[132.3256942,-2.6798642],[132.3117782,-2.6764462],[132.2019149,-2.6764462],[132.1948348,-2.678318],[132.1814885,-2.6832822],[132.1616317,-2.6832822],[132.1213485,-2.6979306],[132.1132919,-2.7043596],[132.1108505,-2.719415],[132.1601669,-2.7155901],[132.1814885,-2.7248674],[132.1557723,-2.7334937],[132.1303817,-2.7385393],[132.088064,-2.7356096],[132.0784611,-2.7385393],[132.0842391,-2.7517229],[132.0815536,-2.7579078],[132.0742294,-2.7557919],[132.0654403,-2.7448056],[132.0582788,-2.7585589],[132.0444442,-2.761163],[132.0271916,-2.7590471],[132.0102645,-2.7590471],[131.9726669,-2.7769508],[131.9580184,-2.7881812],[131.9655868,-2.7931454],[132.0128687,-2.7909482],[132.0350041,-2.7935523],[132.0444442,-2.8033993],[132.0378524,-2.8175595],[132.0224716,-2.8290341],[132.0044051,-2.8370908],[131.9897567,-2.840997],[131.9897567,-2.8484026],[132.0057072,-2.8527158],[132.0239364,-2.8546689],[132.0177515,-2.8785947],[132.0128687,-2.8859189],[132.0034286,-2.8961728],[131.993663,-2.9030901],[131.9845484,-2.9076474],[131.9778752,-2.9146461],[131.9760848,-2.9297828],[131.9821883,-2.9297828],[131.9969182,-2.9148089],[132.0387476,-2.9264462],[132.0579533,-2.9166806],[132.0734969,-2.9514299],[132.0754501,-2.9576962],[132.1012476,-2.9598935],[132.1110946,-2.9542783],[132.1064559,-2.9366187],[132.115245,-2.940525],[132.1233016,-2.9423154],[132.1313583,-2.9413388],[132.1406356,-2.9366187],[132.1510523,-2.9467099],[132.1687932,-2.9464658],[132.1845809,-2.9362118],[132.1883244,-2.9166806],[132.1997176,-2.92254],[132.2094833,-2.928969],[132.2198999,-2.9342587],[132.2331649,-2.9366187],[132.2668563,-2.9354794],[132.2776799,-2.9366187],[132.3256942,-2.9465471],[132.3422958,-2.9581845],[132.3398544,-2.9776344],[132.3657333,-2.9852841],[132.4758407,-3.046482],[132.4824325,-3.0538876],[132.4884546,-3.0630836],[132.4958602,-3.0705706],[132.5070907,-3.073663],[132.5146591,-3.0780575],[132.5339462,-3.0973447],[132.541189,-3.1016578],[132.5530705,-3.1070289],[132.5593368,-3.1187477],[132.563243,-3.1304664],[132.5686141,-3.1358375],[132.5726018,-3.1421852],[132.5817977,-3.1703427],[132.5893661,-3.1768531],[132.5964462,-3.1793759],[132.6206161,-3.1923154],[132.6272079,-3.1973609],[132.6298934,-3.2151018],[132.6163843,-3.2248674],[132.6022242,-3.2318661],[132.603038,-3.2418759],[132.6261499,-3.2626279],[132.6340438,-3.2723935],[132.6489364,-3.3048642],[132.6544702,-3.3138974],[132.6711532,-3.3285458],[132.6921493,-3.3381487],[132.7141219,-3.3400204],[132.7332463,-3.3309872],[132.7375594,-3.3210589],[132.72934,-3.2984352],[132.7296656,-3.2860654],[132.7338973,-3.2799618],[132.7407333,-3.2765439],[132.7740992,-3.2697893],[132.7944442,-3.2716611],[132.8116968,-3.2816708],[132.819021,-3.3036435],[132.8118596,-3.3666318],[132.8127548,-3.3897437],[132.8211369,-3.4374325],[132.8318791,-3.4610328],[132.8499455,-3.4709612],[132.8715926,-3.4713681],[132.88087,-3.4753557],[132.894786,-3.5118954]]],[[[120.4025985,-4.4721005],[120.3917749,-4.4528948],[120.3673609,-4.4244117],[120.3623153,-4.3869768],[120.3862411,-4.3292783],[120.3878687,-4.2940406],[120.3758244,-4.2632789],[120.3741968,-4.2492815],[120.3752548,-4.2377255],[120.3805445,-4.2179501],[120.3816024,-4.2076962],[120.3813583,-4.1672503],[120.3772079,-4.1527646],[120.3556421,-4.116469],[120.3518986,-4.1002743],[120.3535262,-3.9308408],[120.3597111,-3.8942197],[120.3714299,-3.8604469],[120.3878687,-3.8278948],[120.4300236,-3.7667783],[120.4465438,-3.7286923],[120.4436955,-3.6906878],[120.4250594,-3.6730283],[120.4220484,-3.6664365],[120.4218856,-3.5824521],[120.4178166,-3.5635719],[120.4001571,-3.5178362],[120.3989364,-3.5009091],[120.4031682,-3.4496396],[120.4077255,-3.4333635],[120.4082137,-3.4237607],[120.4062606,-3.4123674],[120.3977157,-3.3921852],[120.3952743,-3.3822568],[120.4028426,-3.3456357],[120.4085393,-3.3290341],[120.406993,-3.3184547],[120.403982,-3.3072242],[120.4021102,-3.2968075],[120.4091903,-3.2841122],[120.4215601,-3.2675107],[120.4257919,-3.2561174],[120.4082137,-3.2593727],[120.4004012,-3.2509091],[120.3938908,-3.2372372],[120.3894149,-3.2233212],[120.3878687,-3.2146135],[120.3830673,-3.2090797],[120.3537704,-3.1903622],[120.306814,-3.1735165],[120.2853296,-3.1625302],[120.2643335,-3.1420224],[120.2742619,-3.1294898],[120.2786564,-3.1252581],[120.285411,-3.1221656],[120.2754012,-3.1027158],[120.2614038,-3.0503883],[120.2478133,-3.0396461],[120.2400008,-3.0359026],[120.2343856,-3.0265439],[120.2312118,-3.0143368],[120.2302352,-3.0017229],[120.2264104,-2.988051],[120.208995,-2.9703915],[120.2034611,-2.9576962],[120.2316187,-2.950372],[120.2529403,-2.936456],[120.2922469,-2.9030087],[120.5429794,-2.747247],[120.5598251,-2.7311337],[120.5686955,-2.7137997],[120.5747176,-2.6959775],[120.5844833,-2.6820615],[120.6045028,-2.6764462],[120.6267196,-2.6747372],[120.6421005,-2.6703427],[120.6962997,-2.6421852],[120.7125757,-2.6368954],[120.7338973,-2.6349423],[120.7487085,-2.6306292],[120.7609969,-2.6220029],[120.7760523,-2.6149228],[120.799327,-2.6150042],[120.813243,-2.6179339],[120.8234969,-2.6215146],[120.8327743,-2.6278622],[120.8437606,-2.6386044],[120.8537704,-2.6461728],[120.8625594,-2.6466611],[120.8724064,-2.6441383],[120.8850204,-2.6423479],[121.00587,-2.6608212],[121.0153915,-2.6659482],[121.0293075,-2.6783993],[121.0364689,-2.686456],[121.0358993,-2.6901181],[121.0481877,-2.6989885],[121.0804143,-2.7590471],[121.0768335,-2.7574195],[121.0737411,-2.7566057],[121.0706486,-2.7553036],[121.0669051,-2.7522112],[121.0525008,-2.7776018],[121.0416773,-2.7838681],[121.0252385,-2.7789039],[121.0188908,-2.8018531],[121.0048934,-2.8083635],[120.9907333,-2.8116187],[120.9843856,-2.8239072],[120.986827,-2.8326148],[120.9930119,-2.8417294],[121.0017196,-2.8480771],[121.0117294,-2.8484026],[121.0167749,-2.8428687],[121.0244247,-2.8226865],[121.0327255,-2.8142229],[121.0410262,-2.8243954],[121.0481063,-2.8512509],[121.0532333,-2.8620745],[121.0593368,-2.8620745],[121.0708114,-2.8510068],[121.0817163,-2.8723284],[121.0872502,-2.9045549],[121.0838322,-2.9263648],[121.0794377,-2.9367001],[121.0804143,-2.9776344],[121.0768335,-2.9894345],[121.0685327,-3.0079892],[121.0669051,-3.0221493],[121.0529077,-3.0494931],[121.0481063,-3.066176],[121.0563257,-3.073663],[121.0633244,-3.0787086],[121.06837,-3.0904273],[121.0730087,-3.1146786],[121.0734156,-3.1394182],[121.0667424,-3.1937802],[121.0593368,-3.2115211],[121.0519312,-3.2164039],[121.0403752,-3.2209612],[121.0297958,-3.2268206],[121.0252385,-3.23504],[121.0224716,-3.243829],[121.0153101,-3.2516415],[121.0055445,-3.2572568],[120.9948837,-3.2593727],[120.9790145,-3.2670224],[120.9680282,-3.2857398],[120.9502059,-3.3275693],[120.9314071,-3.3479143],[120.9085393,-3.3676083],[120.8894149,-3.3887672],[120.8813583,-3.4132626],[120.8794051,-3.4235165],[120.8702906,-3.4457333],[120.8676864,-3.4579404],[120.8676864,-3.4694964],[120.8745223,-3.498956],[120.8938094,-3.5391578],[121.1051538,-3.7302385],[121.1603296,-3.7961565],[121.1761174,-3.8044573],[121.2002059,-3.8073056],[121.240245,-3.8078753],[121.2551376,-3.8156878],[121.2649032,-3.8346493],[121.2609969,-3.8512509],[121.2513127,-3.8741187],[121.2461044,-3.8942197],[121.2556258,-3.9030087],[121.2726343,-3.8982073],[121.2844344,-3.8899065],[121.2961532,-3.8868141],[121.3126734,-3.8973935],[121.3256942,-3.9125302],[121.3313908,-3.9230283],[121.3337508,-3.9343401],[121.3369247,-3.9435361],[121.3510848,-3.9582659],[121.3542587,-3.9684384],[121.4300236,-3.9992001],[121.5551864,-4.0214169],[121.594493,-4.040704],[121.6276962,-4.0870908],[121.6171981,-4.1669247],[121.5849716,-4.236749],[121.5529891,-4.252374],[121.560232,-4.2430966],[121.5631617,-4.2325172],[121.5595809,-4.225193],[121.5467229,-4.225193],[121.5363062,-4.2305641],[121.5332137,-4.238051],[121.5335393,-4.2477353],[121.5293075,-4.2775204],[121.5329696,-4.3562151],[121.5293075,-4.3975562],[121.5205184,-4.4396298],[121.4983016,-4.5000953],[121.4804794,-4.5808245],[121.4777124,-4.6229794],[121.4846298,-4.6564267],[121.4880477,-4.6610654],[121.4912216,-4.6613095],[121.4943954,-4.6609026],[121.4983016,-4.663344],[121.5034286,-4.6749],[121.5542098,-4.7437477],[121.5665796,-4.7526181],[121.6254989,-4.776788],[121.6391708,-4.7799618],[121.6572372,-4.7872047],[121.6855575,-4.8224423],[121.7043563,-4.835219],[121.7138778,-4.835219],[121.7253524,-4.8322893],[121.7348739,-4.8282203],[121.7390243,-4.8246396],[121.7424423,-4.8160947],[121.7508244,-4.8160133],[121.7695419,-4.8215471],[121.7922469,-4.8187802],[121.8087671,-4.8140602],[121.8232528,-4.8130836],[121.8408309,-4.8215471],[121.8696395,-4.8409156],[121.8874618,-4.8463681],[121.9917098,-4.8557268],[122.0112411,-4.8536923],[122.0551864,-4.8443336],[122.0774032,-4.8420549],[122.0909937,-4.8366839],[122.1106063,-4.8132464],[122.1289169,-4.8078753],[122.1289169,-4.8004697],[122.1115829,-4.795831],[122.107758,-4.7936337],[122.0827743,-4.7701962],[122.0593368,-4.7424456],[122.0429794,-4.7077776],[122.0395614,-4.663344],[122.0483505,-4.6259091],[122.0656844,-4.5822893],[122.0871688,-4.5432268],[122.107758,-4.5199521],[122.1162216,-4.5175107],[122.1528426,-4.5131161],[122.1589462,-4.5099423],[122.1765243,-4.4957822],[122.1993921,-4.4901669],[122.208995,-4.4845517],[122.2251083,-4.4721005],[122.2332463,-4.4680315],[122.2404077,-4.4659156],[122.3060002,-4.4616839],[122.3503524,-4.4528948],[122.3919377,-4.4380836],[122.4304305,-4.4169247],[122.4636337,-4.4308408],[122.4975692,-4.4352353],[122.5314234,-4.4279111],[122.5637313,-4.406915],[122.5991317,-4.3967424],[122.6404729,-4.4084612],[122.6700952,-4.4322242],[122.6701766,-4.4584286],[122.6823023,-4.4804013],[122.6911727,-4.4838193],[122.7042749,-4.4721005],[122.6998804,-4.4660784],[122.6972762,-4.4579404],[122.6999618,-4.4518368],[122.7111109,-4.4517555],[122.7356063,-4.4823544],[122.7457788,-4.4865048],[122.7581486,-4.4847958],[122.7688094,-4.4784482],[122.7731226,-4.4684384],[122.7729598,-4.4501279],[122.7710067,-4.4425595],[122.7662867,-4.4304339],[122.7658798,-4.4240862],[122.7687281,-4.4205868],[122.7702743,-4.416762],[122.7662867,-4.4100888],[122.7622176,-4.4091122],[122.7493596,-4.4109026],[122.7451278,-4.4100888],[122.7381291,-4.4005673],[122.7277938,-4.3811174],[122.7216903,-4.3724911],[122.6808374,-4.3341611],[122.6701766,-4.3145484],[122.6997176,-4.3182919],[122.722911,-4.3324521],[122.7587997,-4.3690732],[122.8274032,-4.4196103],[122.8420516,-4.4380836],[122.8540145,-4.4239234],[122.8591415,-4.4103329],[122.8668726,-4.4003232],[122.8864038,-4.3964169],[122.9001571,-4.3887672],[122.9052841,-4.3702125],[122.9035751,-4.3282203],[122.8938908,-4.2860654],[122.892426,-4.2660458],[122.9072372,-4.2355283],[122.9089462,-4.2167294],[122.9070744,-4.1959775],[122.8918563,-4.1364885],[122.8728133,-4.0931943],[122.8449813,-4.0577125],[122.8073837,-4.040704],[122.7751571,-4.0482724],[122.7893173,-4.0739885],[122.8420516,-4.1288388],[122.8164169,-4.1373023],[122.7781682,-4.1369768],[122.7390243,-4.1293271],[122.7111109,-4.1153297],[122.7114364,-4.1234677],[122.7102157,-4.132094],[122.7077743,-4.1390927],[122.7042749,-4.1425107],[122.6881617,-4.1383603],[122.6750594,-4.1227353],[122.6665145,-4.1024716],[122.6632593,-4.084568],[122.665538,-4.0421689],[122.663829,-4.0231259],[122.6564234,-4.0066057],[122.6421005,-3.9937477],[122.6228133,-3.98504],[122.6007593,-3.9801572],[122.5525008,-3.9763323],[122.5512801,-3.9707984],[122.5657658,-3.9639625],[122.5881454,-3.9576148],[122.6132919,-3.9564755],[122.6243596,-3.9524065],[122.6318466,-3.9362118],[122.6381942,-3.9303525],[122.6461695,-3.9254697],[122.6672469,-3.9188779],[122.6689559,-3.908624],[122.6633407,-3.8971493],[122.6564234,-3.8893368],[122.6473088,-3.8849423],[122.6368921,-3.8834775],[122.5686955,-3.8829078],[122.548676,-3.878676],[122.5295516,-3.8654111],[122.4709579,-3.7863095],[122.4533798,-3.7462704],[122.4414169,-3.7310523],[122.4196883,-3.7247861],[122.3764755,-3.7291806],[122.3552352,-3.7277971],[122.3349716,-3.7180315],[122.3235783,-3.7042783],[122.3151962,-3.688165],[122.3054305,-3.6749814],[122.2902938,-3.6696103],[122.2688094,-3.6657854],[122.2504989,-3.6561825],[122.2356063,-3.6431617],[122.2251083,-3.6291643],[122.2054143,-3.5938453],[122.1979273,-3.5717099],[122.2005314,-3.5565732],[122.210704,-3.550551],[122.2343856,-3.5442034],[122.2456161,-3.5398089],[122.2566024,-3.5334612],[122.2624618,-3.5289853],[122.2666122,-3.5228818],[122.2827255,-3.4927711],[122.290538,-3.4713681],[122.2921656,-3.4508603],[122.2834579,-3.4340146],[122.2712508,-3.4222958],[122.2612411,-3.409926],[122.2544051,-3.3951148],[122.2517196,-3.3760719],[122.2648218,-3.3811174],[122.2724716,-3.3762346],[122.2768661,-3.3663062],[122.279633,-3.3555641],[122.2950952,-3.3640276],[122.3110458,-3.3685849],[122.3252059,-3.3752581],[122.3349716,-3.3897437],[122.3320419,-3.3934872],[122.3274846,-3.4032529],[122.346202,-3.4044736],[122.3619898,-3.413344],[122.3689071,-3.4257138],[122.3615829,-3.4374325],[122.3784286,-3.4387346],[122.3836369,-3.4186337],[122.3806258,-3.3915341],[122.3725692,-3.372247],[122.3593856,-3.3634579],[122.3169051,-3.3448219],[122.3035588,-3.3412411],[122.2956649,-3.3129208],[122.3212997,-3.257094],[122.3307438,-3.2468841],[122.3393661,-3.2375628],[122.3579208,-3.2175432],[122.3826604,-3.2382138],[122.3857528,-3.2349586],[122.3898218,-3.2317034],[122.3953557,-3.2302385],[122.4025985,-3.2320289],[122.4134221,-3.2389462],[122.4187932,-3.2437477],[122.4162704,-3.2457008],[122.4292098,-3.2458635],[122.4329533,-3.2430966],[122.4336044,-3.2345517],[122.4366968,-3.217706],[122.4371851,-3.2111956],[122.4353947,-3.1963844],[122.4366968,-3.1903622],[122.4426376,-3.1852353],[122.4591577,-3.1801083],[122.4646916,-3.1768531],[122.4721786,-3.1617978],[122.472911,-3.151137],[122.4675399,-3.1482073],[122.457286,-3.1563453],[122.4461369,-3.1493466],[122.4387313,-3.1400693],[122.4338485,-3.1285947],[122.4304305,-3.1146786],[122.4200952,-3.1195615],[122.406993,-3.1276181],[122.3943791,-3.1334775],[122.3859156,-3.1320126],[122.3137313,-3.0601539],[122.2868758,-3.0446917],[122.279633,-3.0396461],[122.2708439,-3.0021298],[122.2944442,-2.9645322],[122.3125106,-2.9268531],[122.28712,-2.8887672],[122.2661239,-2.8791643],[122.2453719,-2.8752581],[122.2076929,-2.8751767],[122.1926376,-2.8663062],[122.1853133,-2.8457984],[122.1816512,-2.8229306],[122.1772567,-2.8068173],[122.1696883,-2.8013648],[122.1604924,-2.7987607],[122.1526799,-2.794122],[122.1494247,-2.7826474],[122.1457626,-2.7787411],[122.1370549,-2.7754859],[122.0989689,-2.7702776],[122.0838322,-2.7639299],[122.0599064,-2.7448056],[122.0156356,-2.6935361],[122.013357,-2.6809221],[122.0192163,-2.6354306],[122.0190536,-2.6150042],[122.009288,-2.5935198],[121.9778752,-2.553969],[121.9655054,-2.5182431],[121.9296981,-2.4629859],[121.882579,-2.413344],[121.8750106,-2.3986956],[121.8720809,-2.3803036],[121.8647567,-2.3584937],[121.8476669,-2.3208961],[121.8229273,-2.2872861],[121.7669377,-2.2416318],[121.7390243,-2.2110328],[121.700857,-2.1803525],[121.6599227,-2.1766904],[121.6176864,-2.1779924],[121.5745549,-2.1625302],[121.5550236,-2.1339658],[121.5353296,-2.0587704],[121.5118921,-2.0323219],[121.4914657,-2.0353329],[121.4778752,-2.0202776],[121.4666447,-2.0009091],[121.4362899,-1.9801572],[121.4145614,-1.9273414],[121.4020288,-1.9093564],[121.3884383,-1.9171689],[121.3824976,-1.9288876],[121.3795679,-1.9429664],[121.3747665,-1.9571266],[121.368663,-1.9665667],[121.3608505,-1.975844],[121.351329,-1.9841448],[121.3405868,-1.9913062],[121.3405868,-1.9465471],[121.3383895,-1.9375953],[121.3291122,-1.9279111],[121.3269963,-1.9190406],[121.3313908,-1.8975562],[121.3400985,-1.875665],[121.3457137,-1.8557268],[121.3405868,-1.8397763],[121.3042098,-1.8469378],[121.2960718,-1.8166643],[121.3118596,-1.7828915],[121.3474227,-1.7789853],[121.3545028,-1.7855771],[121.3645939,-1.8023414],[121.3713485,-1.8057594],[121.4162704,-1.8057594],[121.4409286,-1.8135719],[121.4451604,-1.8256161],[121.445079,-1.8415667],[121.4567163,-1.8609352],[121.4914657,-1.8716773],[121.4951278,-1.873956],[121.5047307,-1.8767229],[121.5115666,-1.8835589],[121.5305282,-1.9083798],[121.5345158,-1.9165992],[121.5400497,-1.9234352],[121.5529891,-1.9291318],[121.5625106,-1.9305966],[121.6276962,-1.9273414],[121.6611434,-1.9206682],[121.6921493,-1.9081357],[121.7180282,-1.8882789],[121.7390243,-1.861749],[121.7551376,-1.8337542],[121.7800399,-1.7721493],[121.7900497,-1.7364234],[121.7985946,-1.7179501],[121.8103947,-1.7101376],[121.8201604,-1.7076148],[121.8312281,-1.7019182],[121.8476669,-1.6901995],[121.8561304,-1.6880836],[121.8613387,-1.6696917],[121.9013778,-1.6754697],[121.9192814,-1.6730283],[121.9432072,-1.6622861],[121.9547632,-1.6638323],[121.9736434,-1.6553687],[122.0053817,-1.6349423],[122.0102645,-1.6296526],[122.0139266,-1.6236305],[122.0185653,-1.6180966],[122.0258895,-1.6144345],[122.0364689,-1.6139462],[122.0540471,-1.6198056],[122.0637313,-1.6212704],[122.0835067,-1.6167945],[122.1240341,-1.5975888],[122.1432398,-1.5940081],[122.1598413,-1.600193],[122.1718856,-1.6097958],[122.1839299,-1.6141904],[122.2005314,-1.6041806],[122.2331649,-1.5743141],[122.3063257,-1.5243466],[122.3688257,-1.4927711],[122.3820907,-1.4786923],[122.4060165,-1.4462216],[122.4782821,-1.3811174],[122.4829208,-1.3750953],[122.4961044,-1.3529599],[122.4987899,-1.3431943],[122.5026962,-1.3337542],[122.5119735,-1.3265927],[122.5295516,-1.3160133],[122.5721135,-1.2531878],[122.5881454,-1.2370745],[122.6264755,-1.2184384],[122.6384383,-1.20615],[122.6482854,-1.1594378],[122.6616317,-1.1428362],[122.6906844,-1.1210263],[122.7006942,-1.1168759],[122.7120874,-1.1143531],[122.7209579,-1.1090634],[122.7247827,-1.0971005],[122.725271,-1.0876604],[122.7270614,-1.0785458],[122.7304794,-1.0700009],[122.7356063,-1.0626767],[122.7607528,-1.0343564],[122.7697046,-1.0197893],[122.8116968,-0.9240862],[122.838715,-0.8991839],[122.8761499,-0.9087867],[122.9170028,-0.8995908],[123.0094507,-0.8937314],[123.0400497,-0.8807919],[123.0608016,-0.8805478],[123.096202,-0.8350562],[123.1189071,-0.8429501],[123.1408798,-0.8622372],[123.1508895,-0.8729794],[123.1567489,-0.8876279],[123.1555282,-0.8981259],[123.1477971,-0.9229469],[123.149913,-0.9354794],[123.1962997,-0.9703915],[123.2010197,-0.9769833],[123.2109481,-0.983331],[123.2387801,-1.0248349],[123.269786,-1.0446103],[123.3112085,-1.0514462],[123.3523869,-1.0397275],[123.3833114,-1.003676],[123.3896591,-0.9836565],[123.4001571,-0.8947893],[123.4099227,-0.8803036],[123.4378361,-0.8536109],[123.4448348,-0.8331031],[123.4404403,-0.7929013],[123.4543563,-0.7582333],[123.4384872,-0.7304013],[123.4446721,-0.709568],[123.4340926,-0.7106259],[123.4253036,-0.7084286],[123.4194442,-0.702732],[123.4173283,-0.6928036],[123.4152938,-0.6869443],[123.4059351,-0.6779111],[123.4038192,-0.67254],[123.4059351,-0.6683896],[123.4173283,-0.6548805],[123.4034937,-0.6426734],[123.3418075,-0.6202125],[123.2736923,-0.5832659],[123.2395126,-0.5704892],[123.075857,-0.5564104],[123.0605575,-0.5586891],[123.0500594,-0.5669898],[123.0382593,-0.5896135],[123.0263778,-0.5997047],[123.0129501,-0.6044247],[122.994314,-0.6080055],[122.9760848,-0.6071917],[122.9643661,-0.5997047],[122.9430445,-0.6050758],[122.8549911,-0.6105283],[122.8525497,-0.6153297],[122.8464462,-0.6192359],[122.8388778,-0.620538],[122.8230087,-0.6122372],[122.8173934,-0.6154924],[122.8127548,-0.622247],[122.8073837,-0.6276181],[122.7793075,-0.6462542],[122.7656356,-0.6498349],[122.7526962,-0.64129],[122.7346298,-0.64837],[122.7332463,-0.6579729],[122.7417098,-0.6680641],[122.7526962,-0.6760393],[122.7664494,-0.683038],[122.7801213,-0.6866187],[122.8678492,-0.6928036],[122.8829859,-0.6958961],[122.8862411,-0.6993954],[122.8940536,-0.712579],[122.8973088,-0.7164039],[122.9602157,-0.7305641],[122.9597274,-0.7370745],[122.9445093,-0.7505836],[122.9290471,-0.7588844],[122.9124455,-0.762872],[122.7874455,-0.7736956],[122.7390243,-0.7914365],[122.716482,-0.792413],[122.6989038,-0.784926],[122.6833602,-0.7755673],[122.6564234,-0.7677548],[122.6357528,-0.7538388],[122.6223251,-0.7505836],[122.6124781,-0.7522112],[122.6057235,-0.7565243],[122.6005966,-0.7614072],[122.5949813,-0.7647437],[122.5571395,-0.7681617],[122.4874781,-0.7496884],[122.4510197,-0.7505836],[122.4101669,-0.7575009],[122.2076929,-0.7647437],[122.1936141,-0.7689755],[122.1562606,-0.7989234],[122.1594344,-0.8200009],[122.1528426,-0.853204],[122.141368,-0.8868141],[122.1289169,-0.9087867],[122.1053166,-0.9262021],[122.085704,-0.9264462],[122.0664169,-0.9195289],[122.0432235,-0.9149716],[122.0185653,-0.916762],[121.9995223,-0.9220517],[121.963715,-0.9429664],[121.926036,-0.9553362],[121.8869735,-0.9513486],[121.8453882,-0.9410133],[121.7999781,-0.9354794],[121.7142033,-0.9354794],[121.7072046,-0.9317359],[121.6999618,-0.9234352],[121.6901148,-0.9087867],[121.6628524,-0.8876279],[121.6606551,-0.8732236],[121.6596786,-0.8125953],[121.6547958,-0.8103167],[121.6486923,-0.8055966],[121.6406356,-0.8009579],[121.629161,-0.7989234],[121.6201278,-0.8003883],[121.5948999,-0.8082822],[121.5876571,-0.8125953],[121.5851343,-0.8217099],[121.5859481,-0.8329404],[121.5852157,-0.842706],[121.5778101,-0.846775],[121.5361434,-0.846775],[121.5159611,-0.8502743],[121.5006617,-0.8593075],[121.4524846,-0.9056943],[121.4299423,-0.9337704],[121.3745223,-1.0206845],[121.31837,-1.0671526],[121.2921656,-1.1005185],[121.2768661,-1.1329078],[121.2667749,-1.1486142],[121.2556258,-1.155206],[121.2409774,-1.1612281],[121.2228296,-1.1753883],[121.2065536,-1.1913388],[121.1971135,-1.2028948],[121.1897079,-1.2213681],[121.1784774,-1.2681617],[121.1740015,-1.3054339],[121.1670028,-1.3229306],[121.1305445,-1.3798154],[121.1054794,-1.405857],[121.0732528,-1.4213193],[121.0327255,-1.4157854],[121.0224716,-1.4083798],[120.9983016,-1.3859189],[120.9878036,-1.3811174],[120.9765731,-1.382094],[120.9577743,-1.3868954],[120.8899032,-1.3952776],[120.8676864,-1.3947079],[120.8444117,-1.389581],[120.8320419,-1.384454],[120.8266708,-1.3776995],[120.8327743,-1.3448219],[120.8300887,-1.3401018],[120.8038843,-1.3428687],[120.7373153,-1.3606096],[120.7373153,-1.3674456],[120.6759546,-1.3947079],[120.6618758,-1.3848609],[120.6489364,-1.3643531],[120.6391708,-1.3412411],[120.63087,-1.3004697],[120.6193954,-1.2804501],[120.572439,-1.2277158],[120.5654403,-1.2155087],[120.5669051,-1.2014299],[120.5734969,-1.1763648],[120.5753687,-1.163344],[120.5754501,-1.1543922],[120.5769963,-1.1467424],[120.5837508,-1.1381161],[120.5879012,-1.1285947],[120.5867619,-1.1166318],[120.5823674,-1.1052385],[120.518077,-1.011163],[120.5081486,-0.9870745],[120.5003361,-0.9752743],[120.4878036,-0.9703102],[120.4651799,-0.9690081],[120.4550887,-0.965997],[120.446788,-0.9600562],[120.4349064,-0.9403622],[120.4257919,-0.9200172],[120.4124455,-0.9049618],[120.3878687,-0.9012997],[120.3689071,-0.9110654],[120.347911,-0.9275042],[120.3255314,-0.9386533],[120.302745,-0.9323056],[120.2556258,-0.8993466],[120.2439071,-0.8876279],[120.0892033,-0.6573219],[120.07309,-0.6139462],[120.0573023,-0.5171852],[120.0478622,-0.4937477],[120.0457463,-0.4830055],[120.0481063,-0.4727516],[120.057465,-0.4524065],[120.0594182,-0.4419898],[120.0529891,-0.4193661],[120.024913,-0.3840471],[120.0185653,-0.3634579],[119.9965926,-0.2343075],[119.9956161,-0.2092424],[120.0014755,-0.1921526],[120.0119735,-0.1752255],[120.0188908,-0.1525204],[120.0247502,-0.1067848],[120.0223088,-0.0817197],[120.0229598,-0.0709775],[120.0284937,-0.0618222],[120.0628361,-0.0345191],[120.0754501,-0.016412],[120.0842391,0.0062523],[120.0942489,0.0514184],[120.0984807,0.0969913],[120.1038518,0.117255],[120.1175236,0.1367862],[120.1213485,0.1451684],[120.1284286,0.1810977],[120.1333114,0.1912296],[120.1582137,0.2277693],[120.2145288,0.2919376],[120.2729598,0.3781192],[120.3147079,0.4231632],[120.3400985,0.4418806],[120.3507593,0.4519717],[120.361827,0.4656436],[120.3752548,0.4776879],[120.3916122,0.4828148],[120.4088648,0.4857445],[120.4860946,0.5242374],[120.5026962,0.528876],[120.6795354,0.530585],[120.6985783,0.524156],[120.7301538,0.4934757],[120.7508244,0.4828148],[120.7600204,0.4826114],[120.7771916,0.4881046],[120.788829,0.4896508],[120.7978622,0.486477],[120.8025822,0.4793969],[120.8054305,0.4723575],[120.8093368,0.4691837],[120.8396102,0.4640974],[120.8471786,0.4617374],[120.8518173,0.4557559],[120.8567001,0.4408633],[120.8606877,0.4343936],[120.8764755,0.4245059],[120.892426,0.4233259],[120.9553329,0.4318708],[120.9869898,0.4470076],[121.0048934,0.4486758],[121.019786,0.4420434],[121.0473739,0.4189314],[121.0631617,0.4139672],[121.0991317,0.4073754],[121.1079208,0.4071313],[121.1191512,0.4114444],[121.1250106,0.4176293],[121.1351018,0.4343936],[121.149913,0.4492862],[121.163829,0.4574649],[121.1796981,0.461005],[121.2002059,0.4617374],[121.2204696,0.4659691],[121.26059,0.4824893],[121.2858993,0.4828148],[121.2963973,0.4785831],[121.3196721,0.4647484],[121.3303329,0.4617374],[121.3420516,0.4638533],[121.3613387,0.473212],[121.3969833,0.478461],[121.4133407,0.4830997],[121.4267684,0.4823673],[121.4436141,0.4691837],[121.4541122,0.4753279],[121.4653426,0.479641],[121.4785262,0.4820824],[121.4951278,0.4828148],[121.5078231,0.4868025],[121.5127059,0.4970564],[121.5149032,0.5104027],[121.5187281,0.5238305],[121.5283309,0.537421],[121.5358993,0.5383975],[121.544607,0.5336775],[121.5566512,0.530585],[121.5744735,0.5307478],[121.5877385,0.5328637],[121.5966903,0.5390079],[121.6018986,0.5517439],[121.6116643,0.5414086],[121.6173609,0.5313175],[121.6237899,0.5225284],[121.6359969,0.5163028],[121.6450301,0.5171573],[121.6764429,0.5232608],[121.6901148,0.5238305],[121.7155054,0.5150821],[121.7325952,0.4999454],[121.7794702,0.4331729],[121.7863062,0.428168],[121.8004663,0.4264591],[121.8408309,0.4343936],[121.8929143,0.4354516],[121.985118,0.4484317],[122.004161,0.4549014],[122.0197046,0.4771182],[122.037771,0.4821231],[122.1042587,0.480699],[122.1445419,0.4712589],[122.1663518,0.4691837],[122.1728622,0.4709333],[122.1883244,0.4796817],[122.1971135,0.4828148],[122.2072046,0.4838321],[122.2834579,0.4828148],[122.2931421,0.4850528],[122.3125106,0.4948591],[122.3243921,0.4970564],[122.5659286,0.4965274],[122.5830184,0.4943301],[122.5968531,0.4894473],[122.6080835,0.4808617],[122.6222437,0.4765486],[122.6394149,0.4753279],[122.6531682,0.4804141],[122.6555282,0.4928653],[122.6496688,0.5238305],[122.6629338,0.5156925],[122.6823023,0.4885928],[122.6941024,0.4828148],[122.7382919,0.4816755],[122.8307398,0.4923363],[122.9778752,0.4828148],[123.0324813,0.4913598],[123.0540471,0.5009626],[123.0673934,0.5163028],[123.0742294,0.5163028],[123.0893661,0.4942895],[123.132579,0.4475772],[123.1617945,0.4013533],[123.1635848,0.396796],[123.1677352,0.3930525],[123.1866968,0.3938663],[123.1909286,0.3903262],[123.2155868,0.3527693],[123.2219344,0.3456485],[123.2270614,0.3426781],[123.2350367,0.3289249],[123.2387801,0.3245303],[123.2461044,0.3220889],[123.2591252,0.3208682],[123.2920028,0.3083357],[123.3901473,0.2978376],[123.4072372,0.3004418],[123.4446721,0.3108585],[123.4663192,0.3123233],[123.5710555,0.3036156],[123.5842391,0.2975935],[123.6164657,0.2720401],[123.6259872,0.2665876],[123.6324976,0.2665063],[123.6469833,0.281643],[123.6565048,0.2882755],[123.6897079,0.294501],[123.72462,0.308824],[123.7457788,0.3108585],[123.7580673,0.3075219],[123.7705184,0.3020694],[123.781993,0.2985701],[123.790538,0.3012556],[123.8073023,0.3108585],[123.8249618,0.3183048],[123.8588973,0.3170434],[123.869314,0.3183048],[123.9108993,0.3320173],[123.9314071,0.3362491],[123.9962671,0.3388126],[124.0061141,0.3414574],[124.0239364,0.3544376],[124.0338648,0.3593204],[124.0413518,0.3591983],[124.0685327,0.3518741],[124.0973413,0.3796247],[124.1093856,0.3871931],[124.150564,0.3698591],[124.1997176,0.3740909],[124.321788,0.3988712],[124.3492945,0.4227969],[124.3733016,0.428168],[124.3925887,0.435004],[124.4145614,0.4481469],[124.4389755,0.4564477],[124.4658309,0.4486758],[124.4829208,0.4828962],[124.4948023,0.4962833],[124.5141708,0.5033227],[124.5141708,0.5100772],[124.4997665,0.5185408],[124.5034286,0.534003],[124.5441187,0.5877139],[124.5483505,0.5920271],[124.5563257,0.592963],[124.5778915,0.5916202],[124.5825301,0.5954451],[124.5822046,0.6137556],[124.5793563,0.6210391],[124.5721135,0.6295841],[124.5693466,0.6388614],[124.5732528,0.6491153],[124.5793563,0.6581892],[124.5879012,0.676988],[124.6240341,0.7081566],[124.6360783,0.7250837],[124.6367294,0.7317569],[124.6364852,0.7466495],[124.6398218,0.7584496],[124.6543075,0.7780216],[124.663829,0.8056094],[124.6787216,0.82038],[124.7121688,0.8452823],[124.7463485,0.8812523],[124.7664494,0.8950056],[124.7910262,0.9005801],[124.7990015,0.9057478],[124.8144637,0.9317081],[124.8220321,0.9414737],[124.8308212,0.9464379],[124.8630477,0.9551456],[124.8986923,0.9730492],[124.903982,0.9796817],[124.9059351,0.9881046],[124.9162704,1.0130069],[124.9211532,1.0206566],[124.9542749,1.0535342],[124.9865829,1.092963],[125.033702,1.1754418],[125.096202,1.3495141],[125.1154077,1.3851993],[125.1442977,1.4213321],[125.1770126,1.4401716],[125.2202255,1.4590518],[125.2491968,1.4846866],[125.2397567,1.5236677],[125.2151799,1.5439314],[125.1878361,1.5605329],[125.1678166,1.5847842],[125.1652938,1.6273461],[125.1799423,1.6674258],[125.1753036,1.678168],[125.1476343,1.6820336],[125.0817163,1.6743839],[125.0616968,1.6745466],[125.0427352,1.6805688],[125.0349227,1.6920434],[125.0344344,1.7334659],[125.0251571,1.7441267],[125.0047307,1.7410342],[124.9838973,1.7315941],[124.972911,1.7229678],[124.9709579,1.7132022],[124.972911,1.6782901],[124.9685979,1.6738142],[124.9498804,1.6826033],[124.9455673,1.6782901],[124.9365341,1.6655948],[124.8369247,1.5888533],[124.8259383,1.5729027],[124.8220321,1.5485294],[124.8298446,1.5275333],[124.8439234,1.508531],[124.8504338,1.4896915],[124.835704,1.469143],[124.8157658,1.460598],[124.7741805,1.455227],[124.7566024,1.4452172],[124.7324325,1.4156762],[124.7172958,1.4058292],[124.6917424,1.4014346],[124.6203719,1.417141],[124.6097111,1.410712],[124.6018173,1.4001326],[124.5483505,1.3598494],[124.5398055,1.342434],[124.5329696,1.3145206],[124.5344344,1.2886417],[124.5514429,1.2772891],[124.5908309,1.2787947],[124.6064559,1.2733422],[124.6159774,1.256822],[124.6150008,1.2375349],[124.6067814,1.2147891],[124.5937606,1.1958682],[124.5791122,1.187893],[124.5669051,1.1920434],[124.5607202,1.2010766],[124.5560002,1.210598],[124.5483505,1.2158064],[124.5366317,1.2146671],[124.5295516,1.2086856],[124.5234481,1.2012393],[124.5141708,1.19538],[124.494314,1.1922061],[124.4279077,1.19538],[124.4077255,1.1927758],[124.3894149,1.1861026],[124.3740341,1.1770694],[124.3628036,1.1674258],[124.3465275,1.1396345],[124.3297632,1.0705427],[124.314952,1.0377465],[124.2903752,1.0173201],[124.2236434,0.9987247],[124.1907658,0.9830997],[124.1666773,0.9569359],[124.1530054,0.9459496],[124.1202906,0.9391137],[124.0080673,0.8981794],[123.9917098,0.8806827],[123.9524032,0.8679874],[123.9375106,0.8589542],[123.94809,0.8530134],[123.9514266,0.8461368],[123.9479273,0.8389346],[123.9375106,0.8322208],[123.9292098,0.831529],[123.9099227,0.8378767],[123.9004012,0.8396671],[123.8317977,0.8322208],[123.6911727,0.8527286],[123.6721298,0.8599307],[123.6320093,0.8816592],[123.6123153,0.8862165],[123.5966903,0.881822],[123.5629989,0.8669294],[123.5505477,0.8698184],[123.519786,0.8866234],[123.445079,0.9029809],[123.4173283,0.9216169],[123.4049585,0.9153507],[123.397146,0.9178734],[123.3911239,0.9238142],[123.3833114,0.9278832],[123.368663,0.9274356],[123.3596298,0.9234073],[123.3520614,0.9181583],[123.3418075,0.9142113],[123.3313094,0.9128279],[123.3039657,0.9122989],[123.2939559,0.9142113],[123.2820744,0.9217797],[123.2790633,0.9298363],[123.2783309,0.9387882],[123.2734481,0.94892],[123.2548934,0.9606794],[123.2257593,0.9495303],[123.2078557,0.9588891],[123.1866968,0.9736189],[123.1823837,0.9601098],[123.1866968,0.9381778],[123.1909286,0.9278832],[123.1756291,0.9225528],[123.1344507,0.9389102],[123.1120712,0.9313012],[123.09726,0.9291446],[123.0957137,0.9289005],[123.0712997,0.9347598],[123.0050562,0.9594587],[122.990896,0.9618594],[122.9680282,0.9625919],[122.9607854,0.9572615],[122.9581812,0.9457462],[122.9581812,0.9278832],[122.953868,0.9214542],[122.9430445,0.9125023],[122.938243,0.9074161],[122.9184676,0.8595645],[122.906993,0.8527286],[122.8899032,0.848212],[122.8488876,0.8180199],[122.8307398,0.8249372],[122.8060002,0.8478458],[122.7810165,0.8559024],[122.7788192,0.8700626],[122.7697046,0.8732364],[122.7568466,0.8751488],[122.7511499,0.8800723],[122.7469182,0.8866641],[122.7390243,0.8937442],[122.7004501,0.9081892],[122.6793726,0.91885],[122.6701766,0.9313012],[122.6628524,0.9474145],[122.6452743,0.9591739],[122.6237899,0.966376],[122.5651962,0.9713809],[122.5241805,0.9799665],[122.4856063,0.9959984],[122.4541122,1.0206566],[122.4417424,1.0216739],[122.3955184,1.0109724],[122.3759872,1.0098331],[122.3282984,1.0243594],[122.3137313,1.0240746],[122.3082788,1.0211856],[122.2998153,1.0117862],[122.2967229,1.0098331],[122.2907007,1.0109317],[122.2814234,1.0160587],[122.276215,1.0172794],[122.2646591,1.0160587],[122.2453719,1.0109317],[122.2353622,1.0098331],[122.2228296,1.0123559],[122.1973576,1.0276553],[122.1909286,1.0314802],[122.1779077,1.0356306],[122.1494247,1.0377465],[122.0877385,1.0615909],[122.0637313,1.0650089],[122.0488387,1.0597598],[122.0271916,1.034003],[122.0122176,1.0240746],[121.990245,1.021918],[121.9702255,1.0294864],[121.9558212,1.045559],[121.9432072,1.0911319],[121.9261174,1.0987003],[121.63087,1.0619571],[121.5867619,1.0617536],[121.5467229,1.0724551],[121.5285751,1.083238],[121.4807235,1.1209171],[121.4709579,1.1370303],[121.4684351,1.1463077],[121.4504501,1.1674258],[121.4455673,1.1791853],[121.4445907,1.186835],[121.445079,1.1933454],[121.4436141,1.2022159],[121.4396265,1.2121036],[121.4314071,1.2260196],[121.4300236,1.2329776],[121.4350692,1.2352969],[121.4594833,1.2426619],[121.4675399,1.2468936],[121.4715275,1.2565779],[121.4720158,1.2699242],[121.469493,1.2828637],[121.4641219,1.2915714],[121.4514266,1.2975528],[121.441661,1.2945824],[121.4225367,1.2772891],[121.3990992,1.2623966],[121.3816838,1.2566592],[121.3371688,1.256822],[121.3176376,1.2538516],[121.2649032,1.2295596],[121.1827906,1.2714298],[121.158702,1.3028018],[121.1337997,1.314602],[121.0804143,1.3319359],[121.0612085,1.3270938],[120.9672958,1.3461775],[120.9494735,1.3438175],[120.9384872,1.3372257],[120.9192001,1.3151716],[120.9085393,1.3114281],[120.9060979,1.3242862],[120.9091903,1.3536645],[120.8844507,1.3306339],[120.8745223,1.3256697],[120.8645939,1.3251407],[120.8430282,1.3283145],[120.8335067,1.3256697],[120.8208114,1.310004],[120.8196721,1.2909203],[120.8266708,1.2537296],[120.8276473,1.214016],[120.8259383,1.196682],[120.8198348,1.1748721],[120.8169051,1.1726749],[120.8090926,1.1627872],[120.8025008,1.152045],[120.8025008,1.1469587],[120.7994898,1.1420759],[120.798676,1.1308454],[120.8032333,1.0684268],[120.8017684,1.0526391],[120.7924911,1.0377465],[120.783702,1.0319685],[120.7630314,1.0260277],[120.7542424,1.0206566],[120.7475692,1.0105655],[120.7400008,0.9891625],[120.7338973,0.9796817],[120.7226669,0.976752],[120.7109481,0.9834659],[120.6995549,0.992377],[120.6901962,0.9960798],[120.6833602,0.9919294],[120.6622827,0.9688175],[120.6178492,0.8985863],[120.6022242,0.855699],[120.6144312,0.8322208],[120.5847274,0.7975528],[120.5681258,0.7821313],[120.5564071,0.7807478],[120.5410262,0.7965762],[120.5275985,0.806057],[120.5114852,0.8106143],[120.4878036,0.8117536],[120.4826766,0.8080508],[120.4768173,0.8009708],[120.4695744,0.7968204],[120.4533798,0.8050805],[120.4220484,0.8117536],[120.4028426,0.8217227],[120.3870549,0.8339298],[120.3752548,0.8487003],[120.3673609,0.8664005],[120.361827,0.8664005],[120.3464462,0.8556176],[120.3403426,0.8723819],[120.3400985,0.9179141],[120.3466903,0.9630801],[120.3416447,0.9828555],[120.3195907,0.9960798],[120.2784937,0.9942081],[120.256521,0.9688988],[120.2470809,0.933295],[120.2355249,0.831529],[120.2270614,0.8148868],[120.207286,0.7975935],[120.1865341,0.784003],[120.1208602,0.7543399],[120.1105249,0.7514102],[120.0974227,0.7503116],[120.0722762,0.7440453],[120.0628361,0.7428653],[120.0457463,0.7343611],[120.0341903,0.7138126],[120.0275171,0.6889102],[120.0247502,0.6671817],[120.029633,0.6281192],[120.0403752,0.5881208],[120.0451766,0.5499942],[120.0322372,0.5163028],[120.0124618,0.5047875],[119.9646102,0.5011254],[119.9465438,0.4933536],[119.9362085,0.4863956],[119.9238387,0.4808617],[119.9117945,0.4737003],[119.9018661,0.4617374],[119.8984481,0.4516055],[119.8973088,0.4311384],[119.8950301,0.4207217],[119.8835555,0.4000512],[119.8587346,0.3642439],[119.8540145,0.3422305],[119.8591415,0.3189151],[119.8676864,0.3020694],[119.8694768,0.2871768],[119.8540145,0.2699242],[119.7944442,0.2501895],[119.7851669,0.239488],[119.7856551,0.2210961],[119.7878524,0.2084008],[119.7939559,0.1966007],[119.8698023,0.1056583],[119.8881942,0.0712751],[119.8779403,0.0454776],[119.8567814,-0.0410296],[119.8471786,-0.0615781],[119.8326929,-0.0844052],[119.8259383,-0.0899391],[119.8164169,-0.0900204],[119.7988387,-0.0857073],[119.7783309,-0.0763486],[119.7658798,-0.0632464],[119.7441512,-0.0311012],[119.7158309,0.0015323],[119.69809,0.0169132],[119.6753036,0.0303409],[119.6713973,0.0239932],[119.6689559,0.0162621],[119.6679794,0.0070255],[119.6684676,-0.0038388],[119.6594344,-0.0015195],[119.6506454,0.0016137],[119.6344507,0.0104841],[119.6276962,-0.0183652],[119.6386825,-0.0508766],[119.6575627,-0.0801327],[119.6753036,-0.0993792],[119.6999618,-0.114109],[119.7304794,-0.1213518],[119.7625432,-0.1194801],[119.7920028,-0.1067848],[119.7999781,-0.1237932],[119.8064071,-0.1539853],[119.8083602,-0.1827939],[119.8022567,-0.1955706],[119.790538,-0.2087542],[119.7810979,-0.2393531],[119.7578231,-0.4699033],[119.7615666,-0.4906552],[119.7754012,-0.5226376],[119.7783309,-0.5350888],[119.7824813,-0.5691057],[119.7920028,-0.6071103],[119.8157658,-0.6534156],[119.8193466,-0.6654599],[119.8240666,-0.6750628],[119.8469344,-0.7012672],[119.8540145,-0.7164039],[119.8552352,-0.7271461],[119.8540145,-0.7610003],[119.8561304,-0.7691383],[119.8650008,-0.7828915],[119.8671981,-0.788344],[119.865896,-0.8135719],[119.8623153,-0.8341611],[119.8465275,-0.874607],[119.8248804,-0.8586565],[119.8098251,-0.8339169],[119.7920028,-0.7784156],[119.7556258,-0.70379],[119.7504989,-0.6788062],[119.7351994,-0.6410458],[119.7336532,-0.6338844],[119.72462,-0.6392555],[119.703868,-0.666762],[119.6926376,-0.6788062],[119.6701766,-0.6892229],[119.6594344,-0.6962216],[119.6547958,-0.70615],[119.6582137,-0.7120908],[119.6821395,-0.7369117],[119.6344507,-0.7784156],[119.6032821,-0.7914365],[119.5991317,-0.7955055],[119.5871688,-0.8194312],[119.5735783,-0.8295224],[119.5662541,-0.8336728],[119.5625516,-0.8357691],[119.5373641,-0.8500302],[119.5251571,-0.8604469],[119.518077,-0.8767229],[119.5085555,-0.9187151],[119.5008244,-0.9323056],[119.4897567,-0.9459775],[119.4824325,-0.9634742],[119.4741317,-1.0209286],[119.4599716,-1.0577125],[119.4531356,-1.0964495],[119.4436141,-1.113051],[119.4292098,-1.1242815],[119.4118758,-1.1285133],[119.3991805,-1.1334775],[119.3894149,-1.1451962],[119.3813583,-1.158624],[119.3737085,-1.1688779],[119.3504338,-1.1891415],[119.3283798,-1.2144508],[119.3136499,-1.2457822],[119.3128361,-1.2848447],[119.3307398,-1.3302548],[119.3332626,-1.350193],[119.3284611,-1.3606096],[119.3055119,-1.3805478],[119.2985946,-1.387872],[119.2944442,-1.3991839],[119.2947697,-1.4053687],[119.2968856,-1.4113909],[119.3024195,-1.4937477],[119.3090926,-1.5045712],[119.3332626,-1.5735003],[119.328868,-1.5931943],[119.3098251,-1.6301409],[119.3054305,-1.6520322],[119.3084416,-1.6949195],[119.3287867,-1.7811825],[119.335704,-1.7981096],[119.3501083,-1.816176],[119.360118,-1.8244768],[119.365245,-1.827732],[119.3670354,-1.8329404],[119.3674423,-1.8472633],[119.3540145,-1.934747],[119.3470158,-1.9594052],[119.3364364,-1.9701474],[119.319021,-1.9670549],[119.3040471,-1.9615211],[119.2873641,-1.9584286],[119.2644149,-1.9633115],[119.2346298,-1.9821917],[119.2160751,-2.0099423],[119.1855575,-2.1208635],[119.1712346,-2.1495094],[119.1340438,-2.2035458],[119.1418563,-2.2167294],[119.1384383,-2.2310523],[119.1311955,-2.2443987],[119.1272079,-2.2553036],[119.1303817,-2.3547503],[119.1375432,-2.3795712],[119.1414494,-2.4419898],[119.1357528,-2.4542783],[119.0835067,-2.4950497],[119.0647893,-2.503025],[119.0473739,-2.512872],[119.0315861,-2.5324846],[119.0210067,-2.5674781],[119.0149032,-2.5772437],[119.0044051,-2.5851376],[118.9817001,-2.597426],[118.9585067,-2.6187477],[118.9143986,-2.64837],[118.8945419,-2.6560198],[118.8711044,-2.6539039],[118.8554794,-2.6415341],[118.841482,-2.6276995],[118.8227645,-2.6212704],[118.806163,-2.6298154],[118.7923283,-2.6499977],[118.7824813,-2.6729469],[118.7778426,-2.6901181],[118.7778426,-2.7347958],[118.7745874,-2.7452939],[118.7604273,-2.7653948],[118.7573348,-2.7758115],[118.7601018,-2.7968075],[118.7710067,-2.839288],[118.7716577,-2.8620745],[118.8129989,-2.8441708],[118.8343205,-2.840997],[118.8603622,-2.8484026],[118.8724064,-2.8546689],[118.8806258,-2.8610165],[118.8855087,-2.8695615],[118.8877059,-2.8825009],[118.8857528,-2.909926],[118.8824976,-2.9237607],[118.8640243,-2.9429664],[118.8569442,-2.9728329],[118.8532821,-3.0533993],[118.8483993,-3.0678036],[118.8361109,-3.073663],[118.8225204,-3.0714658],[118.7991643,-3.0617815],[118.7913518,-3.0601539],[118.7849227,-3.0645484],[118.7677515,-3.0841611],[118.7641708,-3.0909156],[118.766368,-3.1026344],[118.7756454,-3.1221656],[118.7778426,-3.1320126],[118.781993,-3.144301],[118.7920028,-3.1515439],[118.8034774,-3.1565081],[118.8118596,-3.1625302],[118.8171493,-3.1718075],[118.8234156,-3.1932919],[118.8344833,-3.2599423],[118.8525497,-3.2955868],[118.8504338,-3.3124325],[118.8437606,-3.3290341],[118.8398544,-3.3480771],[118.8422958,-3.3683408],[118.8489689,-3.3905575],[118.8588973,-3.4113095],[118.8801376,-3.4431292],[118.91684,-3.5468075],[118.9267684,-3.5660947],[118.9388127,-3.5739885],[118.9494735,-3.5690243],[118.9619247,-3.5460751],[118.9702255,-3.5398089],[118.9791773,-3.5421689],[118.9923609,-3.5567359],[119.0044051,-3.559747],[118.9987085,-3.5249977],[119.0270288,-3.5096982],[119.0993758,-3.5050595],[119.1176864,-3.4996884],[119.1408798,-3.4821103],[119.1579696,-3.4784482],[119.1759546,-3.4813779],[119.1921493,-3.4869117],[119.208995,-3.4898414],[119.2296656,-3.4852841],[119.2453719,-3.4761695],[119.2839462,-3.4458961],[119.2916773,-3.4340146],[119.297618,-3.4279111],[119.3117782,-3.4263648],[119.3469344,-3.4305966],[119.3728947,-3.4425595],[119.4030054,-3.4615211],[119.4323837,-3.4750302],[119.4567977,-3.4709612],[119.4656682,-3.4772275],[119.4858505,-3.4834937],[119.4939885,-3.4883766],[119.4975692,-3.4952939],[119.5119735,-3.5476214],[119.514008,-3.5630836],[119.5089624,-3.577732],[119.4939885,-3.5975888],[119.4836532,-3.6149228],[119.4698999,-3.6696103],[119.4542749,-3.7001279],[119.4567163,-3.7145322],[119.4856877,-3.7540829],[119.4974064,-3.7938779],[119.5198674,-3.8263486],[119.5660913,-3.939874],[119.5852157,-3.9703102],[119.5877385,-4.0088844],[119.5934351,-4.0264625],[119.59962,-4.0041643],[119.6004338,-3.9869931],[119.607107,-3.975844],[119.6306258,-3.9718564],[119.6469833,-3.9779599],[119.643077,-3.9927711],[119.6206161,-4.0264625],[119.6184188,-4.0385068],[119.6211044,-4.0570615],[119.6206161,-4.0668271],[119.6171981,-4.0767555],[119.6081649,-4.0931943],[119.6062932,-4.1046689],[119.6086532,-4.1076799],[119.613536,-4.1129697],[119.6184188,-4.1210263],[119.626801,-4.1630185],[119.6233016,-4.1837704],[119.6045028,-4.2229143],[119.6001083,-4.2424456],[119.6033635,-4.2516415],[119.6175236,-4.2650693],[119.6206161,-4.2766253],[119.6215926,-4.2868792],[119.6258244,-4.3044573],[119.626801,-4.3145484],[119.6233016,-4.3522275],[119.6062118,-4.4203427],[119.5910751,-4.5641415],[119.5849716,-4.5791969],[119.54184,-4.6529273],[119.538829,-4.6666806],[119.5251571,-4.698012],[119.5190536,-4.7035458],[119.5021265,-4.7135556],[119.4970809,-4.7179501],[119.4912216,-4.7540829],[119.5251571,-4.8830706],[119.519786,-4.9166806],[119.4832463,-4.9862607],[119.4698999,-5.0201962],[119.4656682,-5.0555966],[119.4599716,-5.0735003],[119.4459742,-5.0924618],[119.4373479,-5.0988095],[119.4170028,-5.1094703],[119.4084579,-5.115818],[119.4036564,-5.1241187],[119.3947046,-5.1568336],[119.3798934,-5.1916643],[119.3752548,-5.2115211],[119.3696395,-5.276788],[119.3606063,-5.3075497],[119.3527938,-5.3556454],[119.3603622,-5.3964169],[119.3801376,-5.4340146],[119.4147242,-5.4823544],[119.4248153,-5.5012346],[119.4323837,-5.5103492],[119.4375106,-5.5217424],[119.4332788,-5.5321591],[119.4259546,-5.541762],[119.4221298,-5.5512021],[119.4248153,-5.5733375],[119.4332788,-5.5878232],[119.4482528,-5.5949846],[119.4698999,-5.5956357],[119.4553329,-5.5738258],[119.4741317,-5.5608049],[119.5027775,-5.5558408],[119.5175887,-5.558038],[119.5211695,-5.5725237],[119.528982,-5.5796852],[119.5383407,-5.585219],[119.5456649,-5.5956357],[119.547618,-5.6081682],[119.5471298,-5.6317685],[119.5524195,-5.6433245],[119.5699976,-5.6559384],[119.5798446,-5.6422665],[119.5903426,-5.620538],[119.6097111,-5.6091448],[119.6340438,-5.6174456],[119.642426,-5.6369768],[119.6440536,-5.6600888],[119.6479598,-5.6788062],[119.6769312,-5.6970354],[119.7236434,-5.70379],[119.7722274,-5.7012672],[119.8056747,-5.6924781],[119.8234969,-5.6793759],[119.8435165,-5.6610654],[119.8481551,-5.6520322],[119.8512476,-5.6305478],[119.8571883,-5.6202125],[119.8991805,-5.5793596],[119.9148869,-5.568943],[119.9326278,-5.5647112],[119.960704,-5.5625953],[119.9865829,-5.5642229],[119.9980575,-5.571954],[120.0102645,-5.5778134],[120.07309,-5.5887997],[120.0879012,-5.589288],[120.0940048,-5.5907529],[120.1004338,-5.5956357],[120.118663,-5.5879859],[120.1569117,-5.5768368],[120.1755477,-5.568943],[120.1992294,-5.550551],[120.2067163,-5.5477841],[120.2519637,-5.5409482],[120.2734481,-5.5324033],[120.2978622,-5.5189755],[120.3232528,-5.5095354],[120.3475041,-5.5136044],[120.3549911,-5.5223935],[120.3712671,-5.5538876],[120.3741968,-5.5651995],[120.3796493,-5.5763486],[120.4163518,-5.6167945],[120.4305119,-5.6139462],[120.4583439,-5.6260719],[120.4636337,-5.6202125],[120.4593205,-5.6019833],[120.4406031,-5.5739885],[120.4362899,-5.5651995],[120.4329533,-5.5276018],[120.3889266,-5.3716773],[120.3878687,-5.3522275],[120.3811141,-5.3373349],[120.3369247,-5.2837867],[120.3282984,-5.2687314],[120.314952,-5.2289365],[120.3066512,-5.2113583],[120.2643335,-5.1499977],[120.2756454,-5.1338844],[120.2840275,-5.1115862],[120.3066512,-4.9928525],[120.3094182,-4.8712704],[120.3264266,-4.8420549],[120.3434351,-4.8374977],[120.3663843,-4.8356259],[120.3865666,-4.8292783],[120.3952743,-4.8109677],[120.3961695,-4.7872047],[120.4158635,-4.6888974],[120.4192001,-4.6807594],[120.4384872,-4.6651344],[120.4466252,-4.6566708],[120.4499618,-4.6465797],[120.4441024,-4.6266415],[120.4142359,-4.5928687],[120.4021102,-4.5744768],[120.397146,-4.5572242],[120.393077,-4.5316708],[120.3927515,-4.5062802],[120.3986923,-4.4891904],[120.4025985,-4.4721005]]],[[[106.0200301,-5.8932431],[105.9972437,-5.9177385],[105.9773055,-5.9834937],[105.9668075,-5.9928525],[105.9570419,-5.9987118],[105.8878687,-6.0705706],[105.8671981,-6.1101214],[105.8396102,-6.1920712],[105.8323674,-6.2286923],[105.8212997,-6.401137],[105.8240912,-6.4346457],[105.8085343,-6.4772155],[105.7822343,-6.5121073],[105.7390852,-6.5301487],[105.7113641,-6.5345633],[105.699111,-6.5207735],[105.6822382,-6.5115345],[105.6777898,-6.4749241],[105.6562421,-6.4732643],[105.6438585,-6.4823333],[105.6189744,-6.5325049],[105.6279403,-6.6159807],[105.6222437,-6.6316057],[105.6074325,-6.6514625],[105.5285751,-6.7233212],[105.5172632,-6.7442359],[105.5026148,-6.7911109],[105.4900822,-6.8090146],[105.471202,-6.8158505],[105.4536239,-6.8087704],[105.4406844,-6.794122],[105.4353947,-6.7782529],[105.4116317,-6.7389462],[105.410411,-6.7287737],[105.4108179,-6.7184384],[105.4082137,-6.7059872],[105.4013778,-6.6950009],[105.3898218,-6.6814104],[105.3762313,-6.6700172],[105.3637801,-6.6649716],[105.3463648,-6.6706682],[105.3362736,-6.6848284],[105.328868,-6.702732],[105.3193466,-6.7196591],[105.29184,-6.7482236],[105.2746688,-6.7616513],[105.2607528,-6.7673479],[105.2270614,-6.7626279],[105.2197372,-6.7643368],[105.2168075,-6.772068],[105.2221786,-6.778497],[105.236176,-6.7878557],[105.2470809,-6.8254534],[105.2561141,-6.8423805],[105.2746688,-6.8493792],[105.283702,-6.8469378],[105.291189,-6.840997],[105.2963973,-6.8332659],[105.3011174,-6.8141415],[105.3107845,-6.8103542],[105.3561257,-6.8128725],[105.3979598,-6.8295224],[105.4030868,-6.8321266],[105.4089462,-6.8381487],[105.4135848,-6.8457984],[105.415538,-6.8527971],[105.4200952,-6.8568661],[105.4296981,-6.8527158],[105.4388127,-6.8459612],[105.4422307,-6.8425432],[105.4604598,-6.8453102],[105.4709579,-6.8534482],[105.4861348,-6.8675155],[105.4984603,-6.8607274],[105.5351207,-6.872327],[105.5551877,-6.8556804],[105.5965318,-6.8490733],[105.7028915,-6.8357073],[105.7233179,-6.8385556],[105.7556037,-6.8448161],[105.7747438,-6.8502267],[105.7924175,-6.8457435],[105.8231327,-6.8390399],[105.8545028,-6.8381487],[105.8737349,-6.834708],[105.88438,-6.8476729],[105.898192,-6.843176],[105.9016219,-6.8295224],[105.9189559,-6.8239885],[105.9396265,-6.8209775],[105.9595733,-6.8176284],[105.9787062,-6.8177116],[106.0083114,-6.821954],[106.052985,-6.8368056],[106.1247072,-6.8962791],[106.1683714,-6.9158093],[106.2011619,-6.9136792],[106.2375594,-6.9406064],[106.2441512,-6.9455706],[106.2493596,-6.9528134],[106.2503361,-6.959568],[106.2542424,-6.964288],[106.2678329,-6.9660784],[106.273204,-6.9693336],[106.2833765,-6.983331],[106.2885848,-6.9865048],[106.3024195,-6.9879697],[106.3110458,-6.991469],[106.3196721,-6.9961891],[106.3330184,-7.0007464],[106.3545028,-7.0026995],[106.3789169,-6.9997698],[106.4016219,-6.9930966],[106.404633,-6.9913062],[106.4238697,-6.9632208],[106.4517018,-6.9550591],[106.4814559,-6.9670549],[106.5108042,-6.9637988],[106.5371493,-6.9829616],[106.5420028,-7.0167783],[106.5405038,-7.0546121],[106.5139672,-7.0795967],[106.4743758,-7.1281064],[106.4565536,-7.1447893],[106.4729924,-7.1665992],[106.4672958,-7.1764462],[106.4500432,-7.1791318],[106.4326278,-7.1788876],[106.4148869,-7.1876767],[106.3984481,-7.2077776],[106.3860783,-7.2306454],[106.3807072,-7.247247],[106.3831486,-7.2676734],[106.3753653,-7.3101943],[106.3990578,-7.3348245],[106.3988946,-7.3603635],[106.3977605,-7.3784654],[106.4074797,-7.375317],[106.4339299,-7.3619931],[106.4593312,-7.3659951],[106.4808259,-7.3756691],[106.5226621,-7.4109573],[106.6079208,-7.4179013],[106.7910216,-7.4353314],[106.8714173,-7.4377113],[107.107049,-7.4564061],[107.1455858,-7.4671199],[107.1798594,-7.475696],[107.2120078,-7.4853287],[107.2463255,-7.4896541],[107.2977896,-7.4961369],[107.3615306,-7.5037133],[107.4113876,-7.4958635],[107.4201766,-7.5056292],[107.426036,-7.5079078],[107.4318954,-7.5065243],[107.4520795,-7.512537],[107.470509,-7.5169099],[107.4811515,-7.5381935],[107.5285143,-7.5489633],[107.5554477,-7.5618233],[107.5909602,-7.5704339],[107.6254686,-7.5982196],[107.6608398,-7.614208],[107.6780132,-7.6397534],[107.6865488,-7.662075],[107.7143967,-7.6716592],[107.7787965,-7.6802485],[107.806739,-7.6866757],[107.8281455,-7.7004939],[107.8302284,-7.7291673],[107.8645342,-7.7451301],[107.9052862,-7.7387836],[107.9535306,-7.7398734],[108.1379104,-7.7866613],[108.3268295,-7.8174713],[108.4537115,-7.8185014],[108.4952664,-7.792923],[108.5038339,-7.7642241],[108.5078231,-7.7194964],[108.5395614,-7.6923154],[108.5594182,-7.6874325],[108.6254989,-7.6861305],[108.6389266,-7.6879208],[108.646495,-7.6929664],[108.6517405,-7.716271],[108.672618,-7.7206357],[108.677745,-7.7189267],[108.6795354,-7.710219],[108.6731489,-7.6907525],[108.6817139,-7.6822443],[108.6917424,-7.6722958],[108.7039494,-7.6656227],[108.7138778,-7.665704],[108.7219344,-7.6703427],[108.7290145,-7.6759579],[108.7353622,-7.6786435],[108.7610538,-7.6927646],[108.7882593,-7.6735165],[108.7990015,-7.6647275],[108.8069768,-7.6581357],[108.8204859,-7.637872],[108.8274846,-7.6307919],[108.8520614,-7.618829],[108.8586532,-7.6140276],[108.8732202,-7.6106096],[108.8816024,-7.6325009],[108.8896591,-7.6786435],[108.9015406,-7.6896298],[108.9183049,-7.6963844],[108.9389755,-7.6994768],[108.9615992,-7.700372],[108.9736434,-7.7022437],[108.9838973,-7.7072079],[109.0144149,-7.7325986],[109.0212508,-7.7320289],[109.0329696,-7.7201474],[109.0465552,-7.7018533],[109.0981459,-7.6868612],[109.1972336,-7.6962168],[109.3688257,-7.7134742],[109.3976343,-7.7228329],[109.4034937,-7.7263323],[109.4045516,-7.7310523],[109.3972274,-7.7418759],[109.3966577,-7.7474911],[109.4017033,-7.7526181],[109.4085393,-7.7549781],[109.4147242,-7.7579078],[109.4172469,-7.7649065],[109.4262801,-7.7741839],[109.446788,-7.772068],[109.4860946,-7.7618141],[109.6567489,-7.7816708],[109.752452,-7.8119443],[109.8117782,-7.8234189],[109.8474227,-7.8366839],[109.8830673,-7.8448219],[109.9060165,-7.8376604],[109.9318954,-7.854913],[110.0341903,-7.8846982],[110.2873641,-8.0150693],[110.3191024,-8.0187314],[110.3283798,-8.0211728],[110.3474227,-8.0388323],[110.3523055,-8.0416806],[110.3767196,-8.066176],[110.3803817,-8.0731747],[110.3894149,-8.0748837],[110.400564,-8.0746396],[110.4108993,-8.0758603],[110.4767359,-8.1119117],[110.4962671,-8.1174456],[110.5211695,-8.1202125],[110.5490829,-8.1276181],[110.6027124,-8.1515439],[110.6027124,-8.1447893],[110.6394149,-8.1627743],[110.6606551,-8.1698544],[110.6814885,-8.1726214],[110.6912541,-8.1758766],[110.705577,-8.1900367],[110.7153426,-8.1931292],[110.8435598,-8.2008427],[110.847911,-8.2011044],[110.9310002,-8.2204729],[110.9982202,-8.2501767],[111.0173446,-8.2546526],[111.0582788,-8.2546526],[111.066661,-8.2525367],[111.0727645,-8.2470029],[111.0823674,-8.2334937],[111.0871688,-8.2252743],[111.0908309,-8.2155087],[111.095551,-8.2081845],[111.103038,-8.206801],[111.1097111,-8.2154273],[111.111176,-8.2291806],[111.1147567,-8.2419573],[111.1272079,-8.2477353],[111.1384383,-8.2492001],[111.1482854,-8.2535133],[111.1554468,-8.2610003],[111.1582137,-8.272068],[111.1619572,-8.281915],[111.1712346,-8.2826474],[111.2531844,-8.2579892],[111.2570093,-8.253025],[111.2657984,-8.2492815],[111.2761337,-8.2483049],[111.2841903,-8.2512346],[111.2949325,-8.2604306],[111.3006291,-8.2629534],[111.3115341,-8.2614072],[111.3630477,-8.2614072],[111.3724064,-8.2644182],[111.3841252,-8.2728818],[111.3903915,-8.275079],[111.399913,-8.2743466],[111.4174911,-8.2691383],[111.4250594,-8.2688128],[111.4420679,-8.2760556],[111.4435327,-8.2848447],[111.441661,-8.2968075],[111.4487411,-8.3129208],[111.5178329,-8.3297665],[111.5328882,-8.3265927],[111.5480249,-8.3156064],[111.5616968,-8.3166643],[111.5958765,-8.3344052],[111.6125594,-8.3370094],[111.6237085,-8.3235003],[111.6305445,-8.3235003],[111.6391708,-8.3430315],[111.6540633,-8.3580868],[111.6733505,-8.3678525],[111.6958114,-8.3712704],[111.7075301,-8.3680966],[111.7112736,-8.3610165],[111.7092391,-8.3540992],[111.6948348,-8.3463681],[111.696788,-8.3368466],[111.7024846,-8.3274065],[111.7057398,-8.3235003],[111.7119247,-8.3021786],[111.7172958,-8.2927385],[111.7260848,-8.2887509],[111.7353622,-8.2940406],[111.7418726,-8.3060849],[111.7465926,-8.3180478],[111.7506617,-8.3235003],[111.7703557,-8.3173154],[111.7722274,-8.3016904],[111.7710067,-8.2815081],[111.7814234,-8.2614072],[111.7920028,-8.2565243],[111.8015243,-8.2588844],[111.8112899,-8.2644182],[111.822439,-8.2688128],[111.8337508,-8.2706845],[111.8598739,-8.2688128],[111.8747665,-8.2738583],[111.8986923,-8.296482],[111.9186304,-8.3029924],[111.9272567,-8.3025042],[111.9316512,-8.2995745],[111.9362085,-8.2948544],[111.9611923,-8.2782529],[111.9707137,-8.2777646],[112.0026962,-8.2977841],[112.0247502,-8.3049456],[112.208995,-8.323663],[112.2270614,-8.3297665],[112.2330835,-8.3339169],[112.2375594,-8.3384742],[112.2443954,-8.3419736],[112.2578231,-8.343357],[112.2845158,-8.3326962],[112.295258,-8.3297665],[112.3159286,-8.3290341],[112.3415633,-8.3326962],[112.3662216,-8.3419736],[112.3840438,-8.3575986],[112.3813583,-8.3614234],[112.3766382,-8.3712704],[112.3986923,-8.3717587],[112.4135848,-8.3790829],[112.4265243,-8.3876279],[112.4423934,-8.3917783],[112.5206812,-8.3917783],[112.5734156,-8.4100888],[112.6121525,-8.4164365],[112.6562606,-8.436456],[112.6726994,-8.4470354],[112.6904403,-8.4298642],[112.7019149,-8.4222958],[112.7168075,-8.419122],[112.7331649,-8.4176572],[112.7478133,-8.4128557],[112.7551376,-8.4079729],[112.7692163,-8.3951962],[112.7841903,-8.3868141],[112.7898055,-8.387872],[112.7990829,-8.3951962],[112.8078719,-8.3988583],[112.8178817,-8.3965797],[112.8263452,-8.3900693],[112.8297632,-8.3812802],[112.8338322,-8.3757464],[112.8574325,-8.3926734],[112.8706161,-8.3917783],[112.9026799,-8.4039853],[112.9367782,-8.3812802],[112.9873153,-8.3235003],[113.0267033,-8.3029924],[113.070079,-8.292413],[113.1979273,-8.2772763],[113.2407333,-8.2809384],[113.281993,-8.2920875],[113.32309,-8.3092587],[113.3459579,-8.3241513],[113.3951929,-8.3812802],[113.4135848,-8.390232],[113.429454,-8.3840471],[113.4460555,-8.3755836],[113.4665633,-8.3775367],[113.4724227,-8.382094],[113.4788518,-8.3947079],[113.4838973,-8.4020322],[113.4904891,-8.4083798],[113.5271916,-8.4292945],[113.5408635,-8.4305966],[113.5730087,-8.4259579],[113.5791122,-8.4288062],[113.5905868,-8.4420712],[113.5969344,-8.4470354],[113.6279403,-8.4532203],[113.6404729,-8.4585914],[113.6584579,-8.4849586],[113.672618,-8.4948056],[113.6889755,-8.4968401],[113.6987411,-8.4935849],[113.707286,-8.4923642],[113.7204696,-8.5010719],[113.7218531,-8.5074195],[113.7197372,-8.5246721],[113.7238876,-8.5282529],[113.7417098,-8.5289853],[113.750743,-8.5280901],[113.7545679,-8.5249977],[113.7601018,-8.5158017],[113.7736923,-8.5080706],[113.7907821,-8.503025],[113.806163,-8.5010719],[113.8138127,-8.507745],[113.8188583,-8.541762],[113.8234969,-8.556329],[113.8259383,-8.5510393],[113.8284611,-8.5489234],[113.8320419,-8.5468075],[113.8371688,-8.5420875],[113.8537704,-8.5551083],[113.8796493,-8.566176],[113.9056096,-8.5739072],[113.9228622,-8.5767555],[113.9337671,-8.5744768],[113.9542749,-8.5647112],[113.9643661,-8.5624325],[113.9738876,-8.5675595],[113.9731551,-8.5796852],[113.9692489,-8.5935198],[113.9680282,-8.6040992],[113.9799911,-8.6202125],[113.9948837,-8.6183408],[114.0123804,-8.6094703],[114.031993,-8.6040992],[114.0415145,-8.608331],[114.0507919,-8.6271298],[114.0593368,-8.631443],[114.0948999,-8.637872],[114.1040145,-8.6381161],[114.148204,-8.6223284],[114.1748153,-8.6198056],[114.1865341,-8.6348609],[114.1970321,-8.6456031],[114.2208765,-8.6364885],[114.2617294,-8.6109352],[114.3025822,-8.6119117],[114.34962,-8.6325009],[114.3852645,-8.6647275],[114.3919377,-8.7002906],[114.3698023,-8.7263323],[114.366954,-8.741469],[114.3889266,-8.7481422],[114.4453231,-8.7440732],[114.4676213,-8.7481422],[114.5553492,-8.7779273],[114.5971786,-8.7755673],[114.6247665,-8.7406552],[114.6256617,-8.7160784],[114.6155705,-8.7001279],[114.6033635,-8.688165],[114.5974227,-8.6757138],[114.5891219,-8.6642392],[114.5359807,-8.6451148],[114.5107528,-8.6283505],[114.4980575,-8.6252581],[114.478038,-8.624607],[114.4611923,-8.6183408],[114.4453231,-8.6027971],[114.4328719,-8.5826148],[114.4261174,-8.5624325],[114.4274195,-8.4968401],[114.4231877,-8.4650204],[114.4056096,-8.4470354],[114.4051213,-8.4917945],[114.4011337,-8.5171852],[114.3889266,-8.5282529],[114.3767196,-8.5194638],[114.373383,-8.4984677],[114.3715926,-8.4532203],[114.360118,-8.4305966],[114.3579208,-8.419122],[114.3586532,-8.4091122],[114.363536,-8.386163],[114.3659774,-8.3571917],[114.4047958,-8.1583798],[114.446788,-8.0142555],[114.4472762,-7.9665667],[114.4454859,-7.9596493],[114.4425562,-7.9524065],[114.4402775,-7.9437802],[114.4404403,-7.9325497],[114.4445907,-7.9206682],[114.4573674,-7.9025204],[114.4602157,-7.8949521],[114.466482,-7.8527158],[114.4672958,-7.8309872],[114.4602157,-7.8096656],[114.4459742,-7.7946917],[114.4067489,-7.7732073],[114.3889266,-7.7580706],[114.3811141,-7.7541643],[114.3696395,-7.7531878],[114.3475041,-7.7543271],[114.3344833,-7.7531878],[114.3252059,-7.7502581],[114.3100692,-7.7406552],[114.2736109,-7.705499],[114.2585555,-7.700372],[114.236827,-7.7033017],[114.1959742,-7.7141253],[114.1722111,-7.7134742],[114.1403915,-7.7008603],[114.116954,-7.6805966],[114.0773218,-7.6307919],[114.0455835,-7.6119931],[114.0161239,-7.6180966],[113.945079,-7.6779924],[113.9305119,-7.6838518],[113.9094344,-7.6861305],[113.8860783,-7.683038],[113.8696395,-7.6779924],[113.8547469,-7.6770159],[113.8371688,-7.6861305],[113.8165796,-7.7106259],[113.8038843,-7.721775],[113.7858993,-7.7263323],[113.7630314,-7.7228329],[113.7229924,-7.7082659],[113.6999618,-7.7066383],[113.6909286,-7.7090797],[113.6710718,-7.7179501],[113.6589462,-7.7201474],[113.5285751,-7.700372],[113.5045679,-7.70379],[113.4728296,-7.7221005],[113.4568791,-7.7263323],[113.4358016,-7.7291806],[113.4137476,-7.7362607],[113.3777775,-7.7543271],[113.3425399,-7.7777646],[113.32309,-7.7855771],[113.299327,-7.7885068],[113.2853296,-7.7816708],[113.2609969,-7.7501767],[113.2412216,-7.7406552],[113.2297469,-7.740818],[113.2082626,-7.7462704],[113.1995549,-7.7474911],[113.1872665,-7.7450497],[113.1653752,-7.7359352],[113.1326604,-7.7277971],[113.1115015,-7.7131487],[113.0761825,-7.6786435],[113.0560002,-7.6630185],[113.03712,-7.6550432],[113.0162867,-7.6522763],[112.9904891,-7.6519508],[112.9720158,-7.6476376],[112.8448999,-7.5928687],[112.7614852,-7.5311825],[112.7614852,-7.4489072],[112.7700301,-7.4327125],[112.807465,-7.4073219],[112.8160913,-7.3871396],[112.8161727,-7.3469378],[112.8181258,-7.3295224],[112.8263452,-7.2932268],[112.8266708,-7.2779273],[112.8232528,-7.2626279],[112.8086044,-7.2345517],[112.7978622,-7.2189267],[112.7844344,-7.205499],[112.7682398,-7.1993954],[112.7451278,-7.2051734],[112.7295028,-7.2204729],[112.7163192,-7.2391904],[112.7006942,-7.2546526],[112.6455184,-7.2301572],[112.6201278,-7.2149391],[112.6037704,-7.1926409],[112.6643173,-7.1988258],[112.6789657,-7.1926409],[112.6838485,-7.1749],[112.6746525,-7.1544736],[112.6583765,-7.1376279],[112.6416122,-7.1305478],[112.6328231,-7.1237932],[112.6225692,-7.1084937],[112.6141057,-7.0912411],[112.6106063,-7.0793596],[112.6176864,-7.0705706],[112.6337997,-7.0637346],[112.6657821,-7.0548642],[112.6573999,-7.0378557],[112.6433212,-7.0394833],[112.6286727,-7.0453427],[112.6180119,-7.0411923],[112.6095484,-7.0333798],[112.5871688,-6.999607],[112.5827743,-6.9899228],[112.5866805,-6.9655901],[112.6025497,-6.9259579],[112.6037704,-6.9045549],[112.6010848,-6.8956031],[112.596202,-6.8851865],[112.5898544,-6.8760719],[112.5827743,-6.870538],[112.5681258,-6.8654111],[112.5625106,-6.8667945],[112.5621851,-6.8742001],[112.5628361,-6.8873023],[112.5571395,-6.9078915],[112.5428166,-6.9175758],[112.5227157,-6.9176572],[112.500743,-6.9108212],[112.4860132,-6.9005673],[112.471202,-6.8871396],[112.4548446,-6.8754208],[112.435232,-6.870538],[112.4292098,-6.8732236],[112.4223739,-6.8788388],[112.4150497,-6.8825009],[112.4000757,-6.8767229],[112.363536,-6.870538],[112.3396916,-6.8731422],[112.298676,-6.8874651],[112.2781682,-6.8908831],[112.2370712,-6.8908831],[112.2265731,-6.8926734],[112.1928817,-6.9045549],[112.1506454,-6.9100888],[112.1069442,-6.9108212],[112.083995,-6.9060198],[112.0678817,-6.89365],[112.009939,-6.8186174],[111.9762476,-6.7848447],[111.9585067,-6.7793922],[111.9365341,-6.784926],[111.9043075,-6.8015276],[111.8823348,-6.8086891],[111.8662216,-6.8077939],[111.8494572,-6.8038876],[111.8073023,-6.7994931],[111.7404077,-6.7816708],[111.7168075,-6.7706845],[111.6949976,-6.7551409],[111.6726994,-6.7336565],[111.654633,-6.7162411],[111.6214299,-6.6745745],[111.610118,-6.6649716],[111.5769963,-6.6509742],[111.5198674,-6.6399065],[111.4934188,-6.6234677],[111.4777938,-6.6403134],[111.4441024,-6.6890602],[111.4287216,-6.6991513],[111.408051,-6.7017555],[111.3663843,-6.7120094],[111.3425399,-6.7128232],[111.1569117,-6.6920712],[111.150564,-6.6929664],[111.1443791,-6.6918271],[111.1370549,-6.6854794],[111.119314,-6.6496721],[111.0823674,-6.5438779],[111.0654403,-6.5093727],[111.0592554,-6.4699033],[111.0517684,-6.4567197],[111.0408635,-6.4473609],[111.0278426,-6.4384091],[111.0267033,-6.4353167],[111.0192977,-6.4263648],[111.0107528,-6.4209937],[111.0068466,-6.428318],[111.002452,-6.4312477],[110.9921981,-6.4323056],[110.9725041,-6.4317359],[110.9617619,-6.4279111],[110.9340926,-6.4110654],[110.9248153,-6.4037411],[110.9031682,-6.4108212],[110.8422958,-6.4180641],[110.8337508,-6.4206682],[110.8181258,-6.4281552],[110.8081161,-6.4317359],[110.7810979,-6.436456],[110.7304794,-6.4569638],[110.7187606,-6.4657529],[110.7019963,-6.4887021],[110.691661,-6.4960263],[110.6710718,-6.4999325],[110.6818954,-6.5219052],[110.6784774,-6.5346005],[110.6696883,-6.5463193],[110.6648055,-6.5653622],[110.6632593,-6.6060523],[110.6573999,-6.6439755],[110.6447046,-6.688165],[110.5715438,-6.8361956],[110.5270288,-6.8951962],[110.486176,-6.9379208],[110.4724227,-6.9463844],[110.4560653,-6.9509417],[110.4345809,-6.9524065],[110.4150497,-6.9574521],[110.3990992,-6.9678687],[110.3810327,-6.9756812],[110.3557235,-6.9729143],[110.334646,-6.9613583],[110.2929794,-6.9312477],[110.2587997,-6.9209937],[110.2125757,-6.8999977],[110.1980087,-6.8908831],[110.1935327,-6.8811174],[110.1920679,-6.8698056],[110.1883244,-6.8602841],[110.1775008,-6.8562151],[110.1697697,-6.8609352],[110.1528426,-6.8817685],[110.1495874,-6.8873023],[110.1388452,-6.8971493],[110.1142684,-6.9039039],[109.9838973,-6.9226214],[109.9406844,-6.9234352],[109.8963322,-6.9182268],[109.7255966,-6.863051],[109.531993,-6.8351376],[109.4929305,-6.8015276],[109.438243,-6.8601214],[109.3763067,-6.871694],[109.3518986,-6.875665],[109.1769312,-6.8562151],[109.1504012,-6.8570289],[109.1428329,-6.8562151],[109.1154891,-6.8385556],[109.0920516,-6.8314755],[109.0534774,-6.8015276],[109.0415145,-6.7955868],[109.0208439,-6.7886695],[109.0013127,-6.7891578],[108.9926864,-6.8053525],[108.9907333,-6.8278948],[108.9834091,-6.8417294],[108.9689234,-6.8483212],[108.9448348,-6.8493792],[108.9230249,-6.8446591],[108.9118758,-6.8348935],[108.9035751,-6.8221982],[108.8951929,-6.8142229],[108.8896591,-6.8090146],[108.8761499,-6.8048642],[108.8586532,-6.8024228],[108.8432723,-6.7979469],[108.8349716,-6.7878557],[108.7922469,-6.8111305],[108.7487899,-6.8121884],[108.7053329,-6.7959937],[108.6630966,-6.7673479],[108.6054794,-6.7616513],[108.5745549,-6.6696103],[108.5395614,-6.4869117],[108.4878036,-6.456801],[108.47462,-6.452081],[108.4554143,-6.4420712],[108.3722274,-6.3403529],[108.3645348,-6.2726394],[108.3602691,-6.2464009],[108.3389811,-6.2506416],[108.3321727,-6.261647],[108.310882,-6.2489564],[108.2487235,-6.2472748],[108.2163638,-6.2379653],[108.1984811,-6.2278078],[108.1865572,-6.2311927],[108.1984809,-6.2405048],[108.2052944,-6.2498162],[108.2069986,-6.2625133],[108.2035945,-6.2760577],[108.1950765,-6.2870611],[108.1870223,-6.2945289],[108.1836044,-6.2969703],[108.1584498,-6.3116097],[108.1422605,-6.322615],[108.1294795,-6.3260011],[108.1132886,-6.3268473],[108.0936827,-6.3268469],[108.0740695,-6.318379],[108.0493425,-6.3099071],[107.9904713,-6.2810919],[107.9472762,-6.2631161],[107.8956243,-6.2310247],[107.895631,-6.2098306],[107.8853593,-6.1869222],[107.8776612,-6.1911519],[107.8639603,-6.2063977],[107.8494029,-6.2055277],[107.8476839,-6.1919523],[107.8262629,-6.1851301],[107.8108363,-6.1893468],[107.813243,-6.2023251],[107.8103133,-6.2111956],[107.8029077,-6.2115211],[107.7929794,-6.2079404],[107.7829696,-6.2057431],[107.7736923,-6.2079404],[107.768077,-6.2133115],[107.7449003,-6.223092],[107.7321945,-6.2325485],[107.7155261,-6.2356899],[107.6996614,-6.2269978],[107.6782238,-6.2380229],[107.6552218,-6.225378],[107.6211323,-6.1874737],[107.5631793,-6.1842465],[107.510779,-6.1644437],[107.4702679,-6.1454325],[107.4456547,-6.1043227],[107.4130776,-6.063174],[107.379631,-6.0085164],[107.3541365,-5.9759947],[107.3206473,-5.962416],[107.2809351,-5.9547665],[107.2053329,-5.9773089],[107.1877548,-5.9801572],[107.1696883,-5.9797503],[107.1500757,-5.9730771],[107.1364852,-5.9616025],[107.125743,-5.9489072],[107.1144312,-5.938165],[107.0803329,-5.9215634],[107.0444442,-5.9143206],[107.0212508,-5.9240862],[107.0256454,-5.9586728],[107.0045679,-5.9882138],[106.9990341,-6.0035133],[107.0051376,-6.0139299],[107.0149846,-6.0289853],[107.0139266,-6.0404599],[107.0085555,-6.0531552],[107.0051376,-6.0723609],[106.9935002,-6.0785458],[106.9882919,-6.0793596],[106.8377385,-6.1027158],[106.7932235,-6.1040992],[106.7519637,-6.0958798],[106.7378036,-6.0839169],[106.7324325,-6.0665829],[106.731049,-6.0588518],[106.7290145,-6.04754],[106.7208765,-6.0309384],[106.7058212,-6.0201962],[106.6853947,-6.0124651],[106.6629338,-6.0079892],[106.549327,-6.0065243],[106.5276799,-6.0124651],[106.5120549,-6.0248349],[106.4953719,-6.0348447],[106.4700627,-6.0343564],[106.4093531,-6.0043271],[106.384939,-6.0002581],[106.3610132,-5.9934221],[106.2988387,-5.9450009],[106.256521,-5.9415829],[106.2314559,-5.9669736],[106.2094833,-5.9983049],[106.176036,-6.0139299],[106.1591903,-6.0095354],[106.1286727,-5.9903297],[106.1179305,-5.9860165],[106.1115829,-5.975193],[106.107107,-5.9109026],[106.0852157,-5.885512],[106.052745,-5.8810361],[106.0200301,-5.8932431]]],[[[128.1762801,1.2329776],[128.1906031,1.2140567],[128.1960555,1.1964379],[128.1923934,1.1774356],[128.179454,1.1544457],[128.1606551,1.1321475],[128.144786,1.1246605],[128.0756942,1.1250675],[128.0549423,1.1204288],[128.0354924,1.112128],[128.0149032,1.0997989],[127.9939071,1.0829939],[127.9363713,1.0073103],[127.9323023,0.9899356],[127.9329533,0.973212],[127.9275822,0.8851586],[127.9230249,0.8698184],[127.9065861,0.8524844],[127.8724064,0.8239607],[127.8517359,0.8117536],[127.8354598,0.8046329],[127.8156031,0.7990583],[127.7956649,0.7990583],[127.7685653,0.8153751],[127.7591252,0.8156599],[127.7503361,0.8147647],[127.7418726,0.8180199],[127.735118,0.8259138],[127.7254338,0.8454044],[127.7207137,0.8527286],[127.7054143,0.8637149],[127.6700952,0.8789737],[127.6551213,0.8900414],[127.6453557,0.9024112],[127.6355087,0.9189314],[127.6276148,0.9374047],[127.6245223,0.9551456],[127.6375432,1.0007185],[127.6710718,1.0318057],[127.7548934,1.0785994],[127.833995,1.1438663],[127.8435979,1.1477725],[127.8674423,1.1456973],[127.8782658,1.1469587],[127.8906356,1.1524112],[127.8942977,1.156643],[127.8952743,1.1629906],[127.8994247,1.1748721],[127.9191187,1.2160505],[127.9314071,1.2337914],[127.9506942,1.2537296],[127.9585067,1.2645938],[127.969493,1.290432],[127.9738876,1.2977563],[127.9829208,1.3003604],[128.0061141,1.2998721],[128.0149032,1.3052432],[128.0153915,1.3172875],[127.9998479,1.352281],[127.9956161,1.3707543],[127.9982202,1.3800723],[128.004161,1.3854027],[128.01059,1.3893497],[128.0149032,1.3945987],[128.016368,1.4040388],[128.0149032,1.4355329],[128.0159611,1.4641788],[128.0322372,1.5169945],[128.0353296,1.5379906],[128.0271916,1.5805525],[128.0222274,1.5925967],[128.0157984,1.6007755],[128.0085555,1.6063907],[128.0014755,1.613837],[127.9956161,1.6273461],[128.0022893,1.6337344],[128.00587,1.6454939],[128.0149032,1.7192244],[128.0053817,1.7394066],[127.9635523,1.7735863],[127.9541122,1.7881534],[127.9406844,1.8000349],[127.8756617,1.8079288],[127.8517359,1.8253848],[127.8464462,1.8514672],[127.8492945,1.883531],[127.8566187,1.9125023],[127.8647567,1.9290225],[127.8756617,1.9387882],[127.889008,1.9473331],[127.9049585,1.9534366],[127.9230249,1.9557152],[127.9345809,1.9632022],[127.94337,1.9807803],[127.9541122,2.0171573],[127.9585067,2.0424258],[127.9646102,2.0536156],[127.9876408,2.0624454],[127.9944768,2.0720889],[127.9995223,2.0816918],[128.0046493,2.086005],[128.0161239,2.0930036],[128.0290633,2.1096866],[128.0501408,2.1475284],[128.056814,2.1699079],[128.0566512,2.1924503],[128.0473739,2.2038435],[128.0039169,2.1806094],[127.9881291,2.1843122],[127.9731551,2.1931013],[127.9541122,2.1958682],[127.9348251,2.1876488],[127.9172469,2.1721052],[127.9043075,2.1539981],[127.8994247,2.1378848],[127.8925887,2.1290551],[127.8610946,2.1044376],[127.7697046,2.0086938],[127.7465926,1.9731306],[127.689952,1.925279],[127.6774195,1.9074568],[127.654633,1.865668],[127.6297307,1.8353946],[127.5809025,1.7517764],[127.5698348,1.7155216],[127.5595809,1.7008324],[127.5556747,1.6925316],[127.5593368,1.6888695],[127.5715438,1.6848005],[127.5748804,1.675279],[127.57309,1.6640079],[127.5698348,1.6546898],[127.564301,1.6510277],[127.5551864,1.6484236],[127.5463973,1.6428897],[127.5424911,1.6304385],[127.5437118,1.6229923],[127.5467229,1.6154239],[127.556163,1.600043],[127.5251571,1.5566267],[127.5193791,1.5319278],[127.531993,1.5069034],[127.5407821,1.4756534],[127.5263778,1.438544],[127.4878036,1.3803165],[127.4633895,1.3141137],[127.4348251,1.2774112],[127.4059351,1.2298852],[127.3986109,1.2090518],[127.4002385,1.1894392],[127.4100041,1.1755232],[127.4206649,1.1638044],[127.4257919,1.1507022],[127.4274195,1.1284854],[127.4254663,1.1204288],[127.4184676,1.1059431],[127.4109807,1.0951602],[127.4044702,1.0873884],[127.3997502,1.0787621],[127.3986109,1.0650089],[127.4041447,1.0427921],[127.4162704,1.0403507],[127.4321395,1.0468204],[127.4494735,1.051337],[127.4553329,1.0543887],[127.4629012,1.0606143],[127.4714462,1.0655785],[127.4804794,1.0650089],[127.491954,1.0549177],[127.4926864,1.0448673],[127.4890243,1.0345727],[127.4878036,1.0240746],[127.488536,1.0182559],[127.4878036,0.9999047],[127.4900008,0.9959984],[127.4993596,0.9964867],[127.5016382,0.9929874],[127.5035913,0.9872094],[127.5125432,0.9688988],[127.5146591,0.9588891],[127.5087997,0.9403751],[127.4985458,0.9227969],[127.4946395,0.9050154],[127.5078231,0.8862165],[127.5376083,0.8757185],[127.5774846,0.8692895],[127.6115829,0.8577335],[127.6245223,0.8322208],[127.6183374,0.8134626],[127.6046656,0.7860375],[127.588064,0.7611758],[127.5554305,0.7398949],[127.5473739,0.7153995],[127.5424911,0.6671817],[127.5294702,0.6059024],[127.5268661,0.5606143],[127.5283309,0.5517439],[127.5344344,0.5416527],[127.5424911,0.534654],[127.5505477,0.5293643],[127.556163,0.5238305],[127.5610458,0.5094262],[127.5686141,0.462836],[127.5703231,0.4311384],[127.5722762,0.4223494],[127.576508,0.4155134],[127.5835067,0.4071313],[127.6040145,0.3934594],[127.6058049,0.3904483],[127.6086532,0.38288],[127.6108505,0.3797875],[127.6551213,0.3422305],[127.6642359,0.3397891],[127.685883,0.3466251],[127.696788,0.3422305],[127.7091577,0.3272159],[127.7155868,0.3125675],[127.7168075,0.2964542],[127.713715,0.2773298],[127.6806747,0.1622582],[127.6796981,0.119086],[127.6845809,0.0993513],[127.6975204,0.0707869],[127.7002059,0.0476749],[127.6982528,0.0377872],[127.6894637,0.014838],[127.6865341,0.0030785],[127.6853947,-0.0083147],[127.6865341,-0.1238746],[127.6826278,-0.1449521],[127.6672469,-0.1858049],[127.6660262,-0.2092424],[127.6723739,-0.2301572],[127.6888127,-0.2601865],[127.7083439,-0.2870419],[127.7241317,-0.2985979],[127.7414657,-0.3033993],[127.7775985,-0.3280575],[127.8322046,-0.3575172],[127.8408309,-0.36004],[127.851329,-0.3654924],[127.8688257,-0.3893368],[127.88559,-0.4060198],[127.9123641,-0.4767392],[127.9685165,-0.5595029],[128.0206812,-0.6820615],[128.0322372,-0.6993141],[128.0488387,-0.7128232],[128.2039494,-0.7694638],[128.2495223,-0.796482],[128.2687281,-0.8331031],[128.2618921,-0.8331031],[128.2487085,-0.8261044],[128.235118,-0.8290341],[128.2288518,-0.8399391],[128.2380477,-0.8570289],[128.2509872,-0.8667945],[128.266368,-0.8737118],[128.2840275,-0.8781878],[128.3708602,-0.8848609],[128.4060165,-0.8922665],[128.4332788,-0.9087867],[128.4406844,-0.9087867],[128.4353947,-0.8933245],[128.4204208,-0.8830706],[128.3854273,-0.86712],[128.3689071,-0.8527158],[128.3474227,-0.8234189],[128.3376571,-0.8125953],[128.281993,-0.7662086],[128.2277938,-0.709568],[128.1389266,-0.5586891],[128.125743,-0.5436337],[128.0963648,-0.5172665],[128.0844833,-0.4808896],[128.0427352,-0.4152971],[128.0354924,-0.3959286],[128.0241805,-0.3497861],[128.0222274,-0.3290341],[128.0173446,-0.3125953],[127.9917098,-0.2814267],[127.9807235,-0.2638486],[127.9765731,-0.2433408],[127.9731551,-0.1968727],[127.9546005,-0.1635068],[127.9334416,-0.1067848],[127.9038192,-0.0494931],[127.892426,-0.0171852],[127.8857528,0.023505],[127.8846135,0.0670434],[127.8878687,0.0874698],[127.8957626,0.1023624],[127.9114689,0.1188826],[127.9192001,0.1313337],[127.9212346,0.1455753],[127.9123641,0.2534854],[127.9060979,0.2753767],[127.88087,0.3017439],[127.8782658,0.3245303],[127.8828231,0.3359236],[127.896495,0.3556583],[127.9104924,0.4376895],[127.9233505,0.4534366],[127.9410913,0.4658064],[127.9602157,0.4828148],[127.978689,0.4725609],[128.0315861,0.4713402],[128.0559188,0.4617374],[128.0703231,0.463365],[128.1520288,0.4555118],[128.1684676,0.4418806],[128.1879989,0.4208438],[128.2102157,0.4068057],[128.2346298,0.4139672],[128.2622176,0.3913435],[128.294607,0.3889835],[128.3615015,0.4002139],[128.3767196,0.3988712],[128.4028426,0.3935001],[128.419607,0.3934594],[128.4495549,0.396796],[128.4611109,0.3948428],[128.4747827,0.3871931],[128.5134383,0.3468285],[128.5376083,0.3268497],[128.566661,0.3183048],[128.597911,0.3156192],[128.6286727,0.3080508],[128.6567489,0.2970238],[128.6801864,0.2835147],[128.7003687,0.290961],[128.8341577,0.2515323],[128.847911,0.2500675],[128.861176,0.243557],[128.8995874,0.2077904],[128.9001571,0.2219913],[128.8797307,0.2558454],[128.8504338,0.2898624],[128.8242294,0.3108585],[128.7705184,0.315904],[128.7622176,0.3214379],[128.703868,0.3320173],[128.6901148,0.3469913],[128.6853947,0.3820255],[128.6860458,0.4613712],[128.6845809,0.4706892],[128.6816512,0.4793155],[128.6717229,0.4937198],[128.6735946,0.4995792],[128.677745,0.5048282],[128.6801864,0.5100772],[128.6843368,0.5416934],[128.6808374,0.5545108],[128.6666773,0.5647647],[128.6540633,0.5580508],[128.6414494,0.5609805],[128.6295679,0.5674503],[128.6181747,0.5716007],[128.6003524,0.5708682],[128.5854598,0.5685082],[128.5705673,0.5702579],[128.5393173,0.5890974],[128.5201929,0.5944278],[128.4850367,0.598863],[128.4765731,0.6027286],[128.4666447,0.6115176],[128.4505314,0.6295841],[128.4428817,0.63642],[128.4362899,0.6388614],[128.4088648,0.6415469],[128.3751734,0.6404483],[128.3645939,0.6436221],[128.3434351,0.6577823],[128.3134872,0.6681583],[128.2951766,0.6846378],[128.2687281,0.7155622],[128.2342229,0.7426212],[128.219493,0.7583682],[128.2135523,0.7739119],[128.2150985,0.7946231],[128.2209579,0.8126895],[128.2317814,0.8260766],[128.2487899,0.8322208],[128.2594507,0.8306339],[128.2806096,0.8204613],[128.2929794,0.8180199],[128.2983505,0.8234317],[128.2963973,0.8357608],[128.2893173,0.8558617],[128.2920028,0.8798689],[128.3004663,0.8937442],[128.3154403,0.9015567],[128.403982,0.9254825],[128.4233505,0.9278832],[128.4397893,0.9317895],[128.4528915,0.9412296],[128.4747827,0.9625919],[128.5332137,0.9794376],[128.5424911,0.9865176],[128.5488387,0.9960391],[128.5633244,1.0073917],[128.6455184,1.054755],[128.6506454,1.0619571],[128.6626083,1.0637882],[128.6762801,1.0637068],[128.6863713,1.0650089],[128.7011825,1.0708682],[128.7036239,1.0750186],[128.7068791,1.0855167],[128.7085067,1.103461],[128.7006942,1.1711286],[128.7024032,1.1937523],[128.7143661,1.2431501],[128.7158309,1.2865258],[128.721202,1.3041853],[128.7382919,1.3114688],[128.7465926,1.3212751],[128.7483016,1.3440616],[128.7457788,1.3694522],[128.7417098,1.3871524],[128.7433374,1.3983829],[128.7409774,1.4048526],[128.7268173,1.4087589],[128.7146102,1.4146182],[128.6954859,1.429755],[128.6891382,1.4367536],[128.6863713,1.4452172],[128.6839299,1.4833438],[128.6875106,1.5032413],[128.7006942,1.5236677],[128.7247827,1.5419783],[128.728038,1.5485294],[128.7273055,1.5585798],[128.7247827,1.5659854],[128.719493,1.5706241],[128.6472274,1.5790063],[128.6046656,1.5768904],[128.5537216,1.5684268],[128.5393173,1.5619164],[128.5273544,1.5442569],[128.5192977,1.5355899],[128.5090438,1.5311954],[128.4985458,1.532294],[128.4933374,1.5369327],[128.4889429,1.5421817],[128.4816187,1.5453962],[128.4597274,1.5449893],[128.4372665,1.5392927],[128.4171656,1.530585],[128.3935653,1.5150414],[128.372732,1.507473],[128.3649195,1.5032413],[128.3576766,1.4950626],[128.350271,1.477932],[128.344493,1.469143],[128.3261825,1.4566104],[128.2823999,1.442613],[128.2653101,1.4318301],[128.2470809,1.41649],[128.2046005,1.38996],[128.1867782,1.3741723],[128.1744898,1.3566348],[128.1545516,1.3192813],[128.1421005,1.3014591],[128.107107,1.2764346],[128.0920516,1.2572696],[128.0974227,1.2363142],[128.1136174,1.2318383],[128.1565048,1.2417667],[128.1762801,1.2329776]]],[[[128.2114364,-3.2042783],[128.2309676,-3.2087542],[128.272146,-3.2115211],[128.2820744,-3.2208798],[128.3991805,-3.4100888],[128.416189,-3.4259579],[128.4497176,-3.4432919],[128.4642033,-3.4545224],[128.4841415,-3.4624977],[128.5083114,-3.4569638],[128.549327,-3.4374325],[128.5869247,-3.4343401],[128.6359156,-3.4366187],[128.6775822,-3.4323056],[128.6938583,-3.4100888],[128.6904403,-3.4056943],[128.6832788,-3.4010556],[128.676036,-3.3947893],[128.6728622,-3.3859189],[128.6749781,-3.3754208],[128.6795354,-3.3687477],[128.6843368,-3.3638648],[128.6863713,-3.3585751],[128.6925562,-3.3487281],[128.7768661,-3.2793922],[128.7827255,-3.2692197],[128.7921656,-3.2604306],[128.8509221,-3.2382138],[128.8691512,-3.213637],[128.8720809,-3.2077776],[128.877452,-3.2025693],[128.8896591,-3.2043596],[128.9095158,-3.2115211],[128.9333602,-3.2135556],[128.9528915,-3.2203915],[128.9689234,-3.2330055],[128.9819442,-3.2518857],[128.9470321,-3.3002255],[128.9376734,-3.3204078],[128.9396265,-3.3326148],[128.9607854,-3.3555641],[128.9842229,-3.347426],[129.0584416,-3.3407529],[129.0843205,-3.3412411],[129.113536,-3.3488095],[129.1936141,-3.3897437],[129.236176,-3.4016253],[129.3580835,-3.4100888],[129.4015406,-3.4229469],[129.4856063,-3.4634742],[129.5300399,-3.4647763],[129.563243,-3.4396298],[129.5514429,-3.4032529],[129.5019637,-3.3344052],[129.5096135,-3.3025042],[129.5449325,-3.2977841],[129.8904729,-3.3331031],[129.9338485,-3.3483212],[129.9612736,-3.3822568],[129.9622502,-3.3908017],[129.9612736,-3.4200986],[129.9636337,-3.428318],[129.972911,-3.4415016],[129.9751083,-3.4476865],[129.9831649,-3.4597307],[130.0017196,-3.4730771],[130.03712,-3.491469],[130.088064,-3.5096982],[130.1018986,-3.5118954],[130.1066187,-3.5148251],[130.1264755,-3.5329729],[130.3108016,-3.5939267],[130.3564559,-3.6246884],[130.3759872,-3.6291643],[130.3989364,-3.6312802],[130.4187932,-3.6368954],[130.4353133,-3.6454404],[130.4480087,-3.6565081],[130.4655868,-3.6838518],[130.4777938,-3.6973609],[130.4926864,-3.7030575],[130.5157984,-3.705499],[130.5351669,-3.7118466],[130.5512801,-3.7209612],[130.5647079,-3.731622],[130.6069442,-3.778497],[130.6164657,-3.7863095],[130.6316024,-3.7886695],[130.7312118,-3.8259417],[130.7527775,-3.8278948],[130.7673446,-3.8340797],[130.7995712,-3.861749],[130.8178817,-3.868829],[130.8415633,-3.8650042],[130.841482,-3.8527971],[130.8310653,-3.8374977],[130.8247176,-3.8244768],[130.8315536,-3.6941057],[130.8347274,-3.6823056],[130.8488876,-3.662693],[130.8520614,-3.6529273],[130.8548283,-3.6464169],[130.868663,-3.6257464],[130.8732202,-3.6149228],[130.8762313,-3.5953102],[130.875743,-3.5856259],[130.8732202,-3.5739885],[130.8628036,-3.5573056],[130.8313908,-3.5264625],[130.8193466,-3.5051409],[130.8108016,-3.4845517],[130.810883,-3.4649391],[130.8315536,-3.4579404],[130.8165796,-3.4342587],[130.7929794,-3.4164365],[130.7614852,-3.405857],[130.7223413,-3.4032529],[130.6826278,-3.4064267],[130.6666773,-3.4035784],[130.6603296,-3.3927548],[130.6559351,-3.3809547],[130.6372176,-3.3536109],[130.6328231,-3.3378232],[130.6310327,-3.2526995],[130.6222437,-3.212579],[130.6022242,-3.1801083],[130.5993758,-3.1730283],[130.5919702,-3.1388486],[130.5879012,-3.1294898],[130.5784611,-3.1228167],[130.5029403,-3.0944964],[130.4889429,-3.0874977],[130.3893335,-2.993829],[130.3449813,-2.9776344],[130.3015243,-2.9772275],[130.2126571,-2.9904111],[130.0466415,-2.99212],[129.9648544,-2.9735654],[129.9438583,-2.9645322],[129.9275822,-2.946954],[129.9116317,-2.9332008],[129.8950301,-2.9253883],[129.88559,-2.9366187],[129.8733016,-2.9275042],[129.8698837,-2.9162737],[129.8683374,-2.9069964],[129.8620712,-2.9030087],[129.8498641,-2.9061825],[129.8381454,-2.912693],[129.8254501,-2.9176572],[129.8105575,-2.9166806],[129.7980249,-2.9064267],[129.7780868,-2.8754208],[129.7661239,-2.8689104],[129.7537541,-2.866469],[129.611827,-2.8068173],[129.5549423,-2.7990048],[129.5495712,-2.7966448],[129.545258,-2.7935523],[129.5437118,-2.7897275],[129.5410262,-2.7800432],[129.5348413,-2.7800432],[129.523204,-2.7863095],[129.4435327,-2.784926],[129.4002385,-2.7915992],[129.3728947,-2.8068173],[129.3664657,-2.8239885],[129.3641057,-2.8420549],[129.3584091,-2.8562151],[129.3283798,-2.8667945],[129.2761337,-2.8961728],[129.2431747,-2.9068336],[129.2277938,-2.9152158],[129.2214462,-2.9263648],[129.2185165,-2.941176],[129.2115992,-2.9408505],[129.2004501,-2.9297828],[129.1953231,-2.9283993],[129.1919051,-2.9230283],[129.1873479,-2.9229469],[129.179454,-2.9264462],[129.1782333,-2.9304339],[129.1799423,-2.9342587],[129.1805119,-2.9366187],[129.1805119,-2.9421526],[129.1843368,-2.9491513],[129.1853947,-2.9551734],[129.1770939,-2.9576962],[129.1741643,-2.9564755],[129.1721298,-2.9538714],[129.1691187,-2.9513486],[129.1628524,-2.9502906],[129.1525985,-2.9513486],[129.1331486,-2.9564755],[129.1218368,-2.9576962],[129.1052352,-2.9479306],[129.0794377,-2.9053687],[129.0644637,-2.8961728],[129.0705673,-2.854913],[129.0688583,-2.8212216],[129.0529077,-2.8044573],[129.0159611,-2.8142229],[128.9472762,-2.844415],[128.9082137,-2.8554013],[128.865245,-2.8620745],[128.8422958,-2.8622372],[128.8005477,-2.8562151],[128.6007593,-2.8546689],[128.5754501,-2.8513323],[128.5378524,-2.8371721],[128.5158798,-2.8341611],[128.4985458,-2.8365211],[128.4597274,-2.8462867],[128.4173283,-2.8505185],[128.3810327,-2.8599586],[128.212413,-2.8605283],[128.1867782,-2.8546689],[128.1754663,-2.8570289],[128.1666773,-2.8639462],[128.1608993,-2.8741187],[128.1588648,-2.8856747],[128.1560979,-2.8932431],[128.149913,-2.8949521],[128.1432398,-2.8946266],[128.1389266,-2.8961728],[128.1374618,-2.9012997],[128.1362411,-2.9076474],[128.1364852,-2.9118792],[128.1389266,-2.9098447],[128.1211044,-2.9445126],[128.1121525,-2.9499651],[128.0854598,-2.9548479],[128.0769149,-2.9576962],[128.0699976,-2.9706357],[128.0849716,-2.9738909],[128.1062932,-2.9755185],[128.1179305,-2.9843075],[128.1141057,-2.9935849],[128.0949813,-3.0109189],[128.0905868,-3.0221493],[128.0918075,-3.0346005],[128.103689,-3.0669898],[128.0837508,-3.073663],[128.066661,-3.0669898],[128.0461532,-3.0658505],[128.0256454,-3.0686174],[128.0080673,-3.073663],[127.9929305,-3.0826148],[127.9672958,-3.1036923],[127.9506942,-3.1078427],[127.9387313,-3.1133766],[127.9162704,-3.1399065],[127.9056096,-3.1495094],[127.896495,-3.1521135],[127.8740341,-3.1543922],[127.8647567,-3.1563453],[127.8439234,-3.1661109],[127.8422958,-3.1732724],[127.8680119,-3.1937802],[127.8752548,-3.2087542],[127.8857528,-3.2662086],[127.9157007,-3.3072242],[127.9230249,-3.3138974],[127.9301864,-3.3233375],[127.9338485,-3.3453102],[127.9334416,-3.3897437],[127.9030868,-3.4766578],[127.8986109,-3.5238583],[127.926036,-3.5534807],[127.9292098,-3.5427385],[127.9426376,-3.5216611],[127.9438583,-3.5157203],[127.9371851,-3.5055478],[127.935883,-3.4970029],[127.9402775,-3.4784482],[127.9528915,-3.443943],[127.9621688,-3.4257138],[127.9755966,-3.4050432],[127.9814559,-3.3850237],[127.9875594,-3.3760719],[127.9939071,-3.3737118],[128.0141708,-3.3713518],[128.0222274,-3.3685849],[128.0315048,-3.3576799],[128.0442001,-3.3257789],[128.0530705,-3.3106422],[128.0568954,-3.2968075],[128.0665796,-3.196954],[128.0769149,-3.1625302],[128.0906682,-3.1320126],[128.1106063,-3.1000302],[128.1357528,-3.075372],[128.1657821,-3.0669898],[128.1843368,-3.0743954],[128.196788,-3.0909156],[128.2000432,-3.1114234],[128.185883,-3.1407203],[128.1801864,-3.166762],[128.1785588,-3.1910133],[128.1787216,-3.1942685],[128.1828719,-3.1937802],[128.2114364,-3.2042783]]],[[[118.0385848,-8.8560523],[118.0372827,-8.8580055],[118.0701604,-8.8462867],[118.078868,-8.8443336],[118.0979924,-8.8502743],[118.1194768,-8.8629697],[118.1403101,-8.872247],[118.1577255,-8.8678525],[118.274913,-8.7721493],[118.2866317,-8.7704404],[118.2949325,-8.765232],[118.299327,-8.7579078],[118.3122665,-8.7269833],[118.3390406,-8.6921526],[118.3556421,-8.6849911],[118.3762313,-8.6807594],[118.3935653,-8.6745745],[118.4011337,-8.6623674],[118.3969833,-8.6179339],[118.4004012,-8.596124],[118.4147242,-8.5829404],[118.4145614,-8.6005185],[118.4204208,-8.6156552],[118.4285588,-8.6298154],[118.435232,-8.6451148],[118.4383244,-8.6597633],[118.4397079,-8.6745745],[118.4387313,-8.6900367],[118.435232,-8.7064755],[118.4221298,-8.7310523],[118.4050399,-8.7504208],[118.3911239,-8.7701962],[118.3873804,-8.795831],[118.4142359,-8.8536109],[118.4650171,-8.8650042],[118.6689559,-8.8068987],[118.7140406,-8.7999814],[118.7573348,-8.8020159],[118.7773544,-8.8116187],[118.8176376,-8.8435198],[118.8292749,-8.8505185],[118.8356226,-8.8484026],[118.8422958,-8.8439267],[118.8466903,-8.8391253],[118.8459579,-8.8368466],[118.8517359,-8.8381487],[118.8671981,-8.8443336],[118.8769637,-8.8453915],[118.8968205,-8.8497861],[118.908051,-8.8505185],[118.932465,-8.8464495],[118.9445907,-8.8414853],[118.9497176,-8.8336728],[118.9475204,-8.825372],[118.9377548,-8.8122698],[118.9353947,-8.8060849],[118.9269312,-8.7965634],[118.9072372,-8.7897275],[118.8256942,-8.7765439],[118.7465926,-8.7762997],[118.736176,-8.7746721],[118.7265731,-8.7697893],[118.7119247,-8.7548154],[118.7019963,-8.7481422],[118.7277938,-8.7331682],[118.7464299,-8.7178687],[118.7651473,-8.71087],[118.7913518,-8.7207984],[118.8133244,-8.710219],[118.857107,-8.721775],[118.88087,-8.7139625],[118.8885197,-8.7033017],[118.8919377,-8.6934547],[118.8984481,-8.6884091],[118.915538,-8.6921526],[118.9235946,-8.6985003],[118.9459742,-8.7306454],[118.9718531,-8.7511533],[118.9915471,-8.7550595],[119.0529891,-8.745538],[119.0654403,-8.7411435],[119.0778915,-8.7393531],[119.0896916,-8.7443173],[119.1005966,-8.7521298],[119.1100367,-8.7535947],[119.1167098,-8.7478167],[119.1203719,-8.7344703],[119.1384383,-8.7457822],[119.1516219,-8.7423642],[119.1645614,-8.7315406],[119.181814,-8.7207984],[119.1782333,-8.7120908],[119.177745,-8.706801],[119.1810002,-8.7033831],[119.189301,-8.7002906],[119.182465,-8.688165],[119.1770126,-8.6744931],[119.1740829,-8.659926],[119.1749781,-8.6451148],[119.1809188,-8.6364885],[119.1894637,-8.6312802],[119.1943466,-8.6260719],[119.189301,-8.6177711],[119.1931258,-8.6159807],[119.1992294,-8.6124],[119.2036239,-8.6109352],[119.195079,-8.5940081],[119.1809188,-8.573012],[119.1673283,-8.559747],[119.1613876,-8.5658505],[119.1613876,-8.5783831],[119.1596786,-8.5880673],[119.1545516,-8.594415],[119.1339624,-8.5993792],[119.1354273,-8.6062151],[119.1403915,-8.6153297],[119.1408798,-8.624607],[119.1301376,-8.6333961],[119.1108505,-8.6422665],[119.0905054,-8.6491025],[119.0756942,-8.6519508],[119.0522567,-8.6456845],[119.0415145,-8.6298154],[119.0383407,-8.6076799],[119.0384221,-8.5829404],[119.0305282,-8.5477841],[119.0455835,-8.5089658],[119.0511174,-8.4704729],[119.0216577,-8.4195289],[119.0073348,-8.3720029],[119.0044051,-8.343357],[118.9983016,-8.3212216],[118.9882919,-8.3090146],[118.9725041,-8.3020159],[118.9497176,-8.2955868],[118.908051,-8.2888323],[118.8592229,-8.2888323],[118.8126734,-8.2955868],[118.7778426,-8.3092587],[118.7539169,-8.3264299],[118.7314559,-8.3492978],[118.7169702,-8.3795712],[118.7163192,-8.419122],[118.7209579,-8.4320615],[118.7258407,-8.4419898],[118.7268986,-8.4518368],[118.7151799,-8.4714495],[118.7042749,-8.4970029],[118.7019963,-8.5044898],[118.6964624,-8.514581],[118.6831161,-8.5334612],[118.6673283,-8.5472958],[118.6543075,-8.5420875],[118.6565048,-8.5264625],[118.6814885,-8.4569638],[118.6847437,-8.412693],[118.6891382,-8.387872],[118.6958114,-8.3712704],[118.6637476,-8.3057594],[118.6474716,-8.2887509],[118.6394149,-8.2863095],[118.6064559,-8.281915],[118.6017359,-8.2790667],[118.5964462,-8.2746721],[118.5901799,-8.2706845],[118.582286,-8.2688128],[118.5410262,-8.2688128],[118.5295516,-8.26629],[118.5131942,-8.2531878],[118.5034286,-8.2477353],[118.4860946,-8.2461891],[118.4633895,-8.2494443],[118.4436141,-8.2579078],[118.4298609,-8.2824846],[118.4181421,-8.2901344],[118.4064234,-8.2955868],[118.4011337,-8.299249],[118.3982854,-8.3090146],[118.3916122,-8.3184547],[118.365245,-8.3446591],[118.3470158,-8.3573544],[118.3278101,-8.3676083],[118.3122665,-8.3712704],[118.3039657,-8.3682594],[118.2706812,-8.3371721],[118.268077,-8.3380673],[118.2641708,-8.340997],[118.2595321,-8.3428687],[118.2535913,-8.3402646],[118.2439071,-8.3287086],[118.222911,-8.2887509],[118.1891382,-8.2482236],[118.1850692,-8.2408993],[118.1772567,-8.2326799],[118.1726994,-8.2131487],[118.1682235,-8.1726214],[118.1496688,-8.134454],[118.115245,-8.1138648],[118.0715438,-8.1054013],[118.0241805,-8.1037737],[118.0050562,-8.100193],[117.9961044,-8.1006812],[117.9860946,-8.1071917],[117.9775497,-8.1091448],[117.971202,-8.1003557],[117.9655868,-8.0889625],[117.9587508,-8.0832659],[117.9178166,-8.08587],[117.8952743,-8.0900204],[117.8125106,-8.1218401],[117.7949325,-8.1249325],[117.7898055,-8.127374],[117.7635197,-8.1447893],[117.7568466,-8.1456031],[117.7496851,-8.1449521],[117.7409774,-8.1478818],[117.7295028,-8.1589495],[117.7207137,-8.1762021],[117.7111109,-8.2038714],[117.7063094,-8.2296689],[117.7122502,-8.2408993],[117.7221786,-8.2445615],[117.7308049,-8.2526995],[117.7438257,-8.2688128],[117.7716577,-8.2887509],[117.7866317,-8.3055966],[117.8100692,-8.3400204],[117.8225204,-8.3541806],[117.881521,-8.3986142],[117.939952,-8.4327939],[117.954926,-8.4512672],[117.9702255,-8.4613583],[117.9884546,-8.4699846],[118.0031844,-8.4737281],[118.0363876,-8.4572893],[118.057465,-8.4506161],[118.0754501,-8.4569638],[118.1032821,-8.4883766],[118.1171981,-8.4965146],[118.1267196,-8.486749],[118.1335555,-8.486749],[118.1489364,-8.5121396],[118.1928817,-8.5494931],[118.2092391,-8.5767555],[118.2223413,-8.564874],[118.2270614,-8.5583635],[118.2291773,-8.5525042],[118.2331649,-8.5485165],[118.2418726,-8.5551083],[118.2502548,-8.5645484],[118.2535913,-8.5692685],[118.2695419,-8.5744768],[118.2828882,-8.5879859],[118.2908635,-8.6058896],[118.2912704,-8.624607],[118.2817489,-8.6415341],[118.2656356,-8.6520322],[118.2461044,-8.6571591],[118.1919051,-8.6587867],[118.1837671,-8.6565081],[118.1657821,-8.6472307],[118.1577255,-8.6451148],[118.1228133,-8.6457659],[118.0837508,-8.6532529],[118.0749618,-8.6537411],[118.0681258,-8.6559384],[118.0652775,-8.6623674],[118.0618596,-8.663344],[118.0548609,-8.6692034],[118.0485946,-8.6759579],[118.0478622,-8.6791318],[118.0302841,-8.6882464],[117.9886174,-8.7323544],[117.9690048,-8.7481422],[117.9528915,-8.7360165],[117.9342554,-8.7297503],[117.91684,-8.7273089],[117.9044702,-8.7269833],[117.9030868,-8.7235654],[117.9023544,-8.7155901],[117.9000757,-8.7067197],[117.8938908,-8.7002906],[117.8865666,-8.6994768],[117.8234969,-8.7193336],[117.8051864,-8.7199846],[117.7878524,-8.710219],[117.7783309,-8.6959775],[117.7653101,-8.659926],[117.7573348,-8.6451148],[117.7636825,-8.6410458],[117.771495,-8.6386044],[117.7807723,-8.6376279],[117.7915145,-8.6381161],[117.7887476,-8.6319312],[117.7863062,-8.6276995],[117.7820744,-8.6252581],[117.7744247,-8.624607],[117.7646591,-8.6212704],[117.7646591,-8.6141904],[117.7688908,-8.6071103],[117.7716577,-8.6040992],[117.7636825,-8.5953102],[117.7561955,-8.5895322],[117.7475692,-8.5857073],[117.7363387,-8.5829404],[117.7394312,-8.5762672],[117.7438257,-8.5692685],[117.7307235,-8.5653622],[117.7208765,-8.5685361],[117.7111109,-8.5739072],[117.6987411,-8.5767555],[117.6490992,-8.5518531],[117.6396591,-8.5406227],[117.6355087,-8.5249977],[117.6290796,-8.4574521],[117.6233016,-8.4384091],[117.6128036,-8.4327939],[117.5999455,-8.4460589],[117.5981551,-8.4939104],[117.5922958,-8.5147437],[117.5769149,-8.4870745],[117.5678817,-8.4222958],[117.5581161,-8.4054501],[117.5441187,-8.4142392],[117.5197046,-8.4187151],[117.4687606,-8.419122],[117.4557398,-8.4142392],[117.4472762,-8.408624],[117.4427189,-8.4107398],[117.4414169,-8.4293759],[117.4377548,-8.4423154],[117.431163,-8.4533017],[117.427745,-8.4652646],[117.4339299,-8.4811337],[117.3532007,-8.4467099],[117.3160913,-8.4196917],[117.2873641,-8.4049618],[117.2737736,-8.3951962],[117.2619735,-8.3903134],[117.2290145,-8.3881161],[117.2155868,-8.3849423],[117.195079,-8.3575986],[117.1735132,-8.3651669],[117.1404729,-8.3720029],[117.1176864,-8.3834775],[117.1261499,-8.4054501],[117.0901799,-8.4252255],[117.031993,-8.468357],[116.9845484,-8.4957822],[116.8903915,-8.5262997],[116.8796493,-8.5282529],[116.865896,-8.5276018],[116.8572697,-8.5240211],[116.8381454,-8.5079078],[116.8393661,-8.5548642],[116.8320419,-8.5748023],[116.7900915,-8.5837045],[116.7485167,-8.6665444],[116.7722674,-8.6802572],[116.772343,-8.7050714],[116.7640747,-8.7381893],[116.7710782,-8.7478153],[116.7907007,-8.7453753],[116.7973739,-8.7545712],[116.8025008,-8.764581],[116.8045354,-8.7716611],[116.8076278,-8.7754859],[116.8144637,-8.7800432],[116.8212997,-8.7872861],[116.8244735,-8.7990048],[116.8171493,-8.8181292],[116.7769086,-8.8263468],[116.7588395,-8.8498591],[116.7351798,-8.8733974],[116.7366126,-8.8830207],[116.7408678,-8.9050553],[116.7479065,-8.922928],[116.7311998,-8.9465215],[116.7284517,-8.9630957],[116.7453719,-8.9830868],[116.7585555,-9.0045712],[116.7630314,-9.0155575],[116.7739364,-9.0127906],[116.806163,-9.0363095],[116.8282984,-9.0429013],[116.850271,-9.0453427],[116.9064234,-9.0634091],[116.9282333,-9.0638974],[116.9492294,-9.0601539],[116.9703903,-9.0713347],[116.9914214,-9.0851266],[117.0097356,-9.1072929],[117.0712997,-9.1017392],[117.126801,-9.0912411],[117.1409689,-9.0764179],[117.1534647,-9.0611663],[117.1714458,-9.0320493],[117.1924056,-9.0237268],[117.2261454,-9.0237807],[117.2738584,-9.0402396],[117.3005079,-9.0470704],[117.334132,-9.0593542],[117.3888677,-9.0537387],[117.4738876,-9.0299618],[117.518077,-9.0178362],[117.5581161,-9.0018857],[117.6676538,-8.937107],[117.708995,-8.9200172],[117.7129012,-8.917413],[117.7251083,-8.9120419],[117.7378036,-8.9097633],[117.7478133,-8.9209937],[117.7571721,-8.9265276],[117.7675887,-8.9312477],[117.7744247,-8.933038],[117.7879338,-8.9327939],[117.7955835,-8.9307594],[117.8051864,-8.9262021],[117.8120223,-8.9192034],[117.8176376,-8.9112281],[117.8254501,-8.9054501],[117.8393661,-8.9056943],[117.8449813,-8.9109026],[117.853038,-8.9291318],[117.8567001,-8.933038],[117.8662216,-8.9309221],[117.8728947,-8.9278297],[117.8801376,-8.928318],[117.8904729,-8.9367815],[117.998383,-8.8809547],[118.0084742,-8.8677711],[118.0167749,-8.8625628],[118.0241805,-8.8505185],[118.0295516,-8.850844],[118.0351669,-8.8531227],[118.0385848,-8.8560523]]],[[[121.3405868,-8.9180641],[121.3747665,-8.8839658],[121.3762313,-8.8643531],[121.3701278,-8.8423805],[121.3670354,-8.8199195],[121.3781844,-8.7990048],[121.3960067,-8.794122],[121.4201766,-8.7980283],[121.4567163,-8.8101539],[121.5000106,-8.8165016],[121.5408635,-8.814874],[121.5810653,-8.8176409],[121.6217554,-8.8368466],[121.63087,-8.8526344],[121.6406356,-8.8966611],[121.6460067,-8.9056943],[121.6593531,-8.8982073],[121.674327,-8.8627255],[121.6901148,-8.8505185],[121.6992294,-8.8594703],[121.7158309,-8.870538],[121.7340601,-8.8799781],[121.7487085,-8.8839658],[121.7597762,-8.8853492],[121.769786,-8.8876279],[121.7804468,-8.8879534],[121.7937118,-8.8839658],[121.8347274,-8.8580055],[121.8761499,-8.8376604],[122.0053817,-8.8020159],[122.0442001,-8.7806943],[122.0778101,-8.7538388],[122.1145126,-8.7323544],[122.1629338,-8.7269833],[122.2270614,-8.7372372],[122.2527775,-8.7496884],[122.2653101,-8.7481422],[122.28712,-8.7406552],[122.3038843,-8.7390276],[122.4078882,-8.741469],[122.4494735,-8.7343075],[122.5151473,-8.7120908],[122.5254012,-8.7063128],[122.5549423,-8.6765276],[122.5654403,-8.669122],[122.6381942,-8.6519508],[122.6496688,-8.6519508],[122.6564234,-8.6451148],[122.6792098,-8.6329078],[122.6875106,-8.631443],[122.7210393,-8.6366513],[122.7285262,-8.6348609],[122.7409774,-8.6236305],[122.7473251,-8.6200497],[122.7971298,-8.6135393],[122.8073837,-8.6109352],[122.8483993,-8.5835914],[122.8493758,-8.5520159],[122.8073837,-8.486749],[122.8030705,-8.4776344],[122.8011174,-8.4694964],[122.8005477,-8.4501279],[122.8035588,-8.4379208],[122.8108016,-8.4286435],[122.8177189,-8.4264462],[122.8209742,-8.4362118],[122.830577,-8.4434547],[122.8528752,-8.4542783],[122.8784286,-8.4620908],[122.8973088,-8.4606259],[122.9045516,-8.4470354],[122.9038192,-8.4269345],[122.8973088,-8.3883603],[122.9041447,-8.3633766],[122.9211532,-8.3497047],[122.9428817,-8.3439267],[123.000743,-8.340997],[123.0187281,-8.3340797],[123.0263778,-8.3200823],[123.0280054,-8.2970517],[123.0263778,-8.2887509],[123.021495,-8.2789853],[123.0066024,-8.2614072],[122.9778752,-8.1963844],[122.9829208,-8.1603329],[122.9796656,-8.1469052],[122.9643661,-8.1310361],[122.9365341,-8.1115048],[122.9174911,-8.1013323],[122.9004012,-8.0969378],[122.8942977,-8.0930315],[122.88559,-8.0749651],[122.8761499,-8.069594],[122.8625594,-8.0697568],[122.8532007,-8.0743141],[122.834646,-8.0895322],[122.7956649,-8.11004],[122.7841903,-8.123956],[122.7800399,-8.1481259],[122.7751571,-8.1627743],[122.7451278,-8.206801],[122.7404077,-8.222426],[122.7413843,-8.2302385],[122.7488713,-8.2334937],[122.7854924,-8.2294247],[122.7902938,-8.2304013],[122.8093368,-8.2149391],[122.8304143,-8.2015927],[122.853038,-8.1915016],[122.8761499,-8.1857236],[122.9170028,-8.1876767],[122.9404403,-8.1931292],[122.9506942,-8.2030575],[122.9441024,-8.2154273],[122.88087,-8.2857398],[122.8201604,-8.3054339],[122.7937118,-8.3235003],[122.7722274,-8.3519833],[122.7581486,-8.3610165],[122.7356063,-8.3645159],[122.7194117,-8.3695615],[122.7041122,-8.3790829],[122.688243,-8.3846982],[122.6701766,-8.3775367],[122.6528426,-8.3842099],[122.6140243,-8.3864072],[122.5981551,-8.3951962],[122.5615341,-8.4413388],[122.5465601,-8.4532203],[122.4941512,-8.4750302],[122.485118,-8.483982],[122.4838973,-8.4943987],[122.4817001,-8.5005836],[122.4812118,-8.5061174],[122.485118,-8.5147437],[122.4904891,-8.5183245],[122.5061955,-8.5225562],[122.5124618,-8.5282529],[122.5146591,-8.5526669],[122.500743,-8.5762672],[122.4773869,-8.5949846],[122.4510197,-8.6040992],[122.2884221,-8.6338844],[122.2580673,-8.6312802],[122.2297469,-8.6168759],[122.1411239,-8.5416806],[122.1254989,-8.5352516],[122.1124781,-8.5326474],[122.0920516,-8.5197079],[122.0810653,-8.5147437],[122.0710555,-8.5140927],[122.0490829,-8.5165341],[122.0395614,-8.5147437],[122.0256454,-8.4997698],[122.022146,-8.479262],[122.0265406,-8.4611142],[122.041189,-8.4491513],[122.0372827,-8.4401995],[122.0286564,-8.4309221],[122.0190536,-8.4259579],[122.0081486,-8.4275042],[122.0004989,-8.4338518],[121.9933374,-8.4415016],[121.9848739,-8.4470354],[121.9482528,-8.4525693],[121.9432072,-8.4569638],[121.9401148,-8.4679501],[121.9319768,-8.4742164],[121.8927515,-8.4928525],[121.8715926,-8.4919573],[121.8515731,-8.4845517],[121.8347274,-8.4737281],[121.8139755,-8.4917945],[121.806814,-8.4948056],[121.7959091,-8.4947242],[121.7902938,-8.4926083],[121.7844344,-8.4894345],[121.7727157,-8.486749],[121.7513127,-8.490818],[121.6962997,-8.5106747],[121.6804305,-8.5113258],[121.6386825,-8.4727516],[121.6254989,-8.4674618],[121.6096298,-8.4760068],[121.6027124,-8.4963518],[121.6027124,-8.5210914],[121.6081649,-8.5420875],[121.5837508,-8.5363909],[121.5744735,-8.5378557],[121.5734969,-8.5472958],[121.5745549,-8.5658505],[121.5656844,-8.568943],[121.5280868,-8.5912411],[121.5224716,-8.5966122],[121.5095321,-8.6021461],[121.5017196,-8.6018206],[121.4983016,-8.5935198],[121.4957788,-8.5824521],[121.4894312,-8.5761044],[121.4709579,-8.5692685],[121.450857,-8.5666643],[121.4370223,-8.571954],[121.4246525,-8.5792783],[121.4088648,-8.5829404],[121.3805445,-8.5721982],[121.3371688,-8.5253232],[121.3164169,-8.5147437],[121.290538,-8.4774716],[121.2791447,-8.4674618],[121.2705184,-8.4645322],[121.2512313,-8.4611142],[121.2415471,-8.4606259],[121.2298283,-8.4579404],[121.2233993,-8.4517555],[121.2184351,-8.444594],[121.2109481,-8.4396298],[121.1999618,-8.4387346],[121.1753036,-8.4403622],[121.166189,-8.4362118],[121.1570744,-8.4288876],[121.1473088,-8.4260393],[121.1250106,-8.4259579],[121.1062932,-8.4239234],[121.0532333,-8.4054501],[121.0309351,-8.3926734],[121.0178329,-8.3785133],[120.9948837,-8.3471005],[120.9760848,-8.3374977],[120.9543563,-8.3374977],[120.9091903,-8.343357],[120.8703719,-8.339288],[120.8464462,-8.3341611],[120.8300887,-8.3265927],[120.8125106,-8.3209775],[120.7446395,-8.3297665],[120.7258407,-8.3226865],[120.6731063,-8.2922503],[120.6622827,-8.278497],[120.6545516,-8.2616513],[120.6357528,-8.249607],[120.5939234,-8.2334937],[120.6014104,-8.2570126],[120.6010848,-8.2697893],[120.5939234,-8.281915],[120.5830184,-8.2846005],[120.5677189,-8.2805315],[120.5529077,-8.2728818],[120.5427352,-8.265232],[120.5217391,-8.2554664],[120.4834091,-8.2787411],[120.4573674,-8.275079],[120.4497176,-8.2637672],[120.4446721,-8.2470029],[120.4372665,-8.2323544],[120.4220484,-8.2273089],[120.4109807,-8.2355283],[120.3919377,-8.2678362],[120.3779403,-8.275079],[120.2770288,-8.2692197],[120.2129012,-8.2927385],[120.2034611,-8.299249],[120.1960555,-8.3156878],[120.1608993,-8.3498674],[120.1489364,-8.3712704],[120.1421005,-8.3712704],[120.1369735,-8.3646786],[120.1261499,-8.3546689],[120.1209416,-8.3507626],[120.1159774,-8.3668759],[120.1140243,-8.3809547],[120.1088973,-8.3918596],[120.0942489,-8.3986142],[120.0881454,-8.3975562],[120.0843205,-8.3873837],[120.076508,-8.3849423],[120.0691838,-8.3860003],[120.0633244,-8.3883603],[120.0590926,-8.3907203],[120.0560002,-8.3917783],[120.0491643,-8.3898251],[120.0417587,-8.3860003],[120.0334579,-8.3834775],[120.0247502,-8.3849423],[120.0222274,-8.3888486],[120.0178329,-8.4025204],[120.0151473,-8.4054501],[120.0097762,-8.4247372],[120.0026962,-8.4387346],[119.9905705,-8.4470354],[119.9841415,-8.4386533],[119.9773055,-8.4362932],[119.9704696,-8.4375953],[119.9638778,-8.4396298],[119.9342554,-8.4558245],[119.9292098,-8.4569638],[119.9194442,-8.4611956],[119.8979598,-8.4447568],[119.8671981,-8.4128557],[119.8676864,-8.4478492],[119.8737085,-8.4722633],[119.8711044,-8.4940732],[119.8206486,-8.5465634],[119.8077906,-8.5700009],[119.8037216,-8.596775],[119.8056747,-8.7406552],[119.8127548,-8.7632789],[119.8239852,-8.7803687],[119.8396916,-8.7929013],[119.8603622,-8.8020159],[119.8725692,-8.8033993],[119.8836369,-8.8029924],[119.8918563,-8.8067359],[119.9018661,-8.8612607],[119.9073999,-8.8716773],[119.9199325,-8.8707822],[119.9337671,-8.8644345],[119.9427189,-8.8580055],[119.9436955,-8.8531227],[119.9363713,-8.8425432],[119.935883,-8.8368466],[119.939301,-8.8326962],[119.94337,-8.8322893],[119.9471135,-8.8326962],[119.9757593,-8.8138974],[120.0588485,-8.7999],[120.0942489,-8.788995],[120.1310327,-8.7707659],[120.144786,-8.7687314],[120.1652938,-8.76865],[120.1826278,-8.7760556],[120.2236434,-8.811456],[120.2439071,-8.8231747],[120.2790633,-8.8293596],[120.3230087,-8.8306617],[120.3816024,-8.795831],[120.3937281,-8.8012021],[120.4043075,-8.8007138],[120.4143173,-8.7976214],[120.4257919,-8.795831],[120.4378361,-8.7965634],[120.4704696,-8.8020159],[120.4926864,-8.8013648],[120.5338648,-8.7915992],[120.5564071,-8.788995],[120.5778915,-8.7902158],[120.5861923,-8.7922503],[120.5939234,-8.795831],[120.6010848,-8.8020159],[120.6178492,-8.8231747],[120.6242782,-8.8262672],[120.6416122,-8.8443336],[120.6516219,-8.8456357],[120.6731063,-8.8438453],[120.6833602,-8.8443336],[120.6993921,-8.8506812],[120.7115992,-8.8595517],[120.7258407,-8.8674456],[120.7478133,-8.8710263],[120.7641708,-8.8654924],[120.7731226,-8.8524716],[120.7805282,-8.8366839],[120.7924911,-8.8231747],[120.8129989,-8.8150367],[120.8331812,-8.8169898],[120.8483993,-8.8297665],[120.8545028,-8.8541806],[120.8632919,-8.8693173],[120.9065048,-8.9138323],[120.9228622,-8.9262021],[120.9321395,-8.9269345],[120.9585067,-8.9259579],[120.9638778,-8.92962],[120.9948837,-8.940525],[121.0481063,-8.9441057],[121.0669051,-8.940525],[121.1286727,-8.908624],[121.1652938,-8.8951148],[121.2109481,-8.8920224],[121.2985132,-8.9183896],[121.3405868,-8.9180641]]],[[[123.8466903,-9.4872372],[123.8420516,-9.4879697],[123.8366805,-9.4926083],[123.8269963,-9.5046526],[123.8215438,-9.5090471],[123.8093368,-9.5132789],[123.8011174,-9.5144182],[123.7937932,-9.5170224],[123.7839462,-9.5258115],[123.7563583,-9.5670712],[123.7469182,-9.5739885],[123.7116805,-9.5915667],[123.6888127,-9.6114234],[123.6766057,-9.6296526],[123.6715601,-9.6501604],[123.6699325,-9.7404924],[123.663829,-9.7616513],[123.6591903,-9.7665341],[123.6525985,-9.7702776],[123.646495,-9.7749977],[123.6433212,-9.7828102],[123.6457626,-9.7968075],[123.660411,-9.8165829],[123.663829,-9.8272437],[123.6637476,-9.850844],[123.660411,-9.8712704],[123.6501571,-9.8894182],[123.6290796,-9.9063453],[123.5922958,-9.9288062],[123.5837508,-9.9440243],[123.5761825,-10.0139299],[123.5774032,-10.0343564],[123.5881454,-10.0503883],[123.6056421,-10.0542945],[123.638357,-10.0299618],[123.660411,-10.0230445],[123.6843368,-10.0249977],[123.7058212,-10.0306943],[123.7260848,-10.0392392],[123.7457788,-10.0503883],[123.7646591,-10.0749651],[123.7485458,-10.0977516],[123.6657007,-10.1431617],[123.656993,-10.1464169],[123.6203719,-10.1530087],[123.6123153,-10.1564267],[123.597911,-10.1666806],[123.5471298,-10.1867815],[123.5153915,-10.2130673],[123.4995223,-10.2307268],[123.4925236,-10.2452125],[123.494965,-10.2821591],[123.4934188,-10.3019345],[123.4856877,-10.3239072],[123.4724227,-10.3451474],[123.4685979,-10.3562151],[123.4720158,-10.3649228],[123.4816187,-10.3661435],[123.4929305,-10.3607724],[123.5022079,-10.353204],[123.5153915,-10.3355445],[123.5364689,-10.3319638],[123.5594182,-10.3337542],[123.5744735,-10.3376604],[123.6020614,-10.3614234],[123.6174423,-10.3663062],[123.6396591,-10.3550758],[123.6588648,-10.3492978],[123.6787216,-10.356622],[123.6989852,-10.3673642],[123.7190861,-10.3717587],[123.7570907,-10.3604469],[123.7781682,-10.358331],[123.7873641,-10.3683408],[123.799327,-10.3746884],[123.8263452,-10.3639462],[123.9327906,-10.2948544],[124.019786,-10.2810198],[124.0338648,-10.276137],[124.0434676,-10.2631161],[124.0485132,-10.249607],[124.0573837,-10.2389462],[124.0781356,-10.2346331],[124.087413,-10.2256812],[124.1076766,-10.1843401],[124.1224064,-10.17254],[124.1341252,-10.1721331],[124.1536564,-10.1788062],[124.1648055,-10.1805966],[124.196788,-10.1737607],[124.2719833,-10.1661923],[124.38087,-10.1705055],[124.4184676,-10.1638323],[124.4519963,-10.1464169],[124.4993596,-10.1119931],[124.5100204,-10.0962867],[124.5246688,-10.0834286],[124.5407821,-10.0365536],[124.5603133,-10.015232],[124.6080835,-9.986749],[124.6412867,-9.9566383],[124.6784774,-9.9301083],[124.7345484,-9.8995094],[124.7478133,-9.886163],[124.7584742,-9.8507626],[124.8469344,-9.7482236],[124.8747665,-9.7247047],[124.9707137,-9.6623674],[124.9797469,-9.6490211],[124.9865829,-9.5773251],[125.0019637,-9.5363095],[125.0307723,-9.5075009],[125.0612899,-9.4860165],[125.0616154,-9.4857724],[125.0509308,-9.4246968],[125.0462997,-9.4098638],[125.0237688,-9.3747238],[125.0227869,-9.3676958],[125.0248023,-9.3519862],[125.023407,-9.3455783],[125.0178776,-9.3389637],[124.9966903,-9.3258379],[124.9728158,-9.3046506],[124.9659945,-9.2933851],[124.9601551,-9.2760218],[124.9541089,-9.241502],[124.957933,-9.2119431],[124.9744694,-9.1918926],[125.0072323,-9.1861048],[125.0276962,-9.1863115],[125.0345175,-9.1881719],[125.0414421,-9.1932362],[125.0533794,-9.2066721],[125.0596839,-9.2104961],[125.0739466,-9.2113229],[125.0825765,-9.2055352],[125.0914649,-9.1967502],[125.1069678,-9.188482],[125.1179232,-9.1875518],[125.1425212,-9.1891021],[125.1506344,-9.1853814],[125.15389,-9.1757696],[125.1526537,-9.1708244],[125.1512028,-9.1650209],[125.1469654,-9.1544789],[125.1450017,-9.1451771],[125.1620032,-9.0823386],[125.162365,-9.0606345],[125.1539934,-9.0407907],[125.1394206,-9.024771],[125.1213339,-9.0118519],[125.1025236,-9.0013099],[125.0952889,-8.9947987],[125.0915166,-8.9885975],[125.086814,-8.9862204],[125.0764787,-8.9907679],[125.0730164,-8.9964523],[125.0685722,-9.0158827],[125.0653166,-9.0232207],[125.0518291,-9.0350029],[125.0044418,-9.0555702],[124.9789136,-9.0720033],[124.9658912,-9.0772743],[124.9478561,-9.0785145],[124.9330249,-9.0744837],[124.9212944,-9.065492],[124.9129745,-9.0527796],[124.9079102,-9.0374834],[124.9091504,-9.0203268],[124.922483,-8.9863238],[124.9195072,-8.9620155],[124.9192814,-8.9620908],[124.897146,-8.9745419],[124.8698837,-8.9943987],[124.8403426,-9.0010719],[124.8249618,-9.0080706],[124.788829,-9.0189755],[124.7673446,-9.0429013],[124.7580673,-9.0479469],[124.6915796,-9.0678036],[124.6879989,-9.0695126],[124.6836044,-9.0748023],[124.6731877,-9.0992978],[124.6711532,-9.1075172],[124.6679794,-9.113051],[124.60434,-9.1563453],[124.563243,-9.170831],[124.5178329,-9.1778297],[124.4658309,-9.1793759],[124.4505314,-9.1801897],[124.4515039,-9.2005742],[124.4366211,-9.255868],[124.4318152,-9.2908013],[124.4279395,-9.2994829],[124.4247872,-9.3035137],[124.4209115,-9.3069243],[124.4016879,-9.3318324],[124.3718706,-9.3570505],[124.3626205,-9.3620114],[124.358073,-9.3622181],[124.354559,-9.3641818],[124.3478927,-9.3746205],[124.3454122,-9.4041794],[124.3417432,-9.4118275],[124.3320797,-9.4254701],[124.3286174,-9.4330148],[124.3288241,-9.4398361],[124.3333716,-9.4571994],[124.3323381,-9.4666045],[124.3235531,-9.4803504],[124.3100656,-9.488722],[124.293064,-9.4930628],[124.2738404,-9.4949232],[124.2615931,-9.4979204],[124.2575106,-9.5012277],[124.2565804,-9.4993674],[124.2533765,-9.4864483],[124.2533765,-9.4805571],[124.2568905,-9.4628838],[124.2575106,-9.4554424],[124.2539966,-9.4386992],[124.2468653,-9.4215427],[124.2371501,-9.4052129],[124.2257813,-9.3915703],[124.2106918,-9.3788579],[124.1974626,-9.3731735],[124.1836133,-9.373897],[124.1672319,-9.3806149],[124.153796,-9.3918804],[124.1337456,-9.4192689],[124.1210848,-9.426917],[124.0902857,-9.4215427],[124.0626905,-9.3978749],[124.0300399,-9.3419736],[124.0101018,-9.3439267],[123.9914657,-9.3480771],[123.9795028,-9.3584937],[123.9586695,-9.385512],[123.9126083,-9.4259579],[123.9072372,-9.4332822],[123.8957626,-9.440525],[123.8630477,-9.4879697],[123.8586532,-9.4890276],[123.8466903,-9.4872372]]],[[[139.0463973,-7.5619443],[138.9741317,-7.5533993],[138.9389755,-7.5420875],[138.9228622,-7.531915],[138.908702,-7.5197893],[138.8960067,-7.5050595],[138.8481551,-7.4352353],[138.8427841,-7.4216448],[138.8045354,-7.3742001],[138.7170516,-7.3595517],[138.6208602,-7.3646786],[138.5564885,-7.3770484],[138.5290633,-7.3864885],[138.3950301,-7.4048805],[138.2441512,-7.4564755],[138.0886337,-7.5598284],[138.0280868,-7.61004],[138.0066838,-7.6376279],[137.9851994,-7.6792945],[137.9762476,-7.7028948],[137.9726669,-7.7233212],[137.9658309,-7.7394345],[137.9179794,-7.7816708],[137.8948674,-7.816176],[137.8243921,-7.964288],[137.8182072,-7.9734026],[137.8097437,-7.9835751],[137.8005477,-8.0416806],[137.7893986,-8.0523414],[137.7590438,-8.0734189],[137.7527775,-8.0865211],[137.7497665,-8.1011695],[137.7262476,-8.1447893],[137.6369735,-8.3894182],[137.6381942,-8.4258766],[137.6770939,-8.4259579],[137.7595321,-8.3939755],[137.8016057,-8.3829892],[137.8491317,-8.3775367],[138.0341903,-8.3819312],[138.1779891,-8.3849423],[138.2233993,-8.3918596],[138.2934676,-8.4187151],[138.335704,-8.419122],[138.3759872,-8.4096005],[138.41212,-8.3962542],[138.4441838,-8.3790829],[138.4721786,-8.3575986],[138.5078231,-8.3156878],[138.5175887,-8.3092587],[138.5358179,-8.3021786],[138.6025497,-8.2546526],[138.6212671,-8.2338193],[138.6461695,-8.1887346],[138.6608993,-8.1690406],[138.6796981,-8.1574846],[138.7009383,-8.1539853],[138.7465926,-8.1515439],[138.7718205,-8.1431617],[138.7883407,-8.1300595],[138.8182072,-8.0931943],[138.8366805,-8.0800107],[138.8576766,-8.0752906],[138.9041447,-8.0758603],[138.8925887,-8.0412737],[138.8864852,-8.0070126],[138.8837997,-7.9325497],[138.8911239,-7.8980445],[138.9106551,-7.8785133],[138.9663192,-7.8505185],[138.9772242,-7.8409156],[138.9826766,-7.8298479],[138.9887801,-7.7379697],[138.993663,-7.7201474],[139.0202743,-7.6719703],[139.0351669,-7.6295712],[139.0444442,-7.6114234],[139.0573837,-7.5946591],[139.0755314,-7.5762672],[139.0463973,-7.5619443]]],[[[106.0344344,-1.613051],[106.0444442,-1.6040992],[106.0455835,-1.5940081],[106.0415145,-1.5835914],[106.0339462,-1.5758603],[105.9870712,-1.5420875],[105.9804794,-1.5387509],[105.9588322,-1.5398089],[105.9476018,-1.538995],[105.9394637,-1.5353329],[105.9275008,-1.5189755],[105.9217229,-1.5044898],[105.9137476,-1.4942359],[105.8943791,-1.490818],[105.8942977,-1.490818],[105.875743,-1.4891904],[105.8343205,-1.5178362],[105.8090926,-1.5256487],[105.7199813,-1.5241839],[105.6955673,-1.531915],[105.707286,-1.5406227],[105.7166447,-1.5524228],[105.7239689,-1.5660947],[105.7297469,-1.5803362],[105.7317001,-1.5890439],[105.7338973,-1.6052385],[105.7370712,-1.6144345],[105.7546493,-1.6426734],[105.757579,-1.6451962],[105.7508244,-1.6835263],[105.7509872,-1.7030575],[105.7609969,-1.7208798],[105.7916773,-1.753676],[105.8046981,-1.7726376],[105.8127548,-1.7926572],[105.785411,-1.7940406],[105.7780868,-1.7926572],[105.7726343,-1.7867978],[105.7656356,-1.7689755],[105.7609969,-1.7653134],[105.7412216,-1.767999],[105.7282007,-1.7725562],[105.7150985,-1.7735328],[105.6955673,-1.7653134],[105.681814,-1.7557919],[105.6630966,-1.7396786],[105.6497502,-1.7218564],[105.6517033,-1.7069638],[105.6914169,-1.6713193],[105.7028915,-1.6554501],[105.6749781,-1.6472307],[105.6484481,-1.6332333],[105.6287541,-1.6140276],[105.6211044,-1.5902646],[105.6189071,-1.5651995],[105.6110132,-1.5402158],[105.5940861,-1.5255673],[105.5657658,-1.531915],[105.5537216,-1.5411109],[105.5463973,-1.5490048],[105.5367945,-1.5552711],[105.518077,-1.5598284],[105.4716903,-1.5583635],[105.459646,-1.5629208],[105.4187118,-1.6041806],[105.4128524,-1.6075172],[105.4001571,-1.6062151],[105.3945419,-1.6075986],[105.3893335,-1.6138648],[105.3837997,-1.6290829],[105.3802189,-1.6349423],[105.3702906,-1.6405575],[105.3591415,-1.6438128],[105.3498641,-1.6486956],[105.3460393,-1.6588681],[105.351329,-1.6784807],[105.3510848,-1.6867815],[105.3430282,-1.6901995],[105.3354598,-1.6979306],[105.3552352,-1.7150204],[105.3945419,-1.7379697],[105.4023544,-1.7832984],[105.3756617,-1.8218727],[105.2983505,-1.873956],[105.1836044,-1.9169247],[105.1543075,-1.9359677],[105.1359156,-1.9655087],[105.1254989,-2.0040829],[105.1279403,-2.0446103],[105.1474716,-2.0800107],[105.1611434,-2.0739072],[105.1789657,-2.0699195],[105.2129012,-2.0669898],[105.2298283,-2.0700823],[105.2679143,-2.0874977],[105.271495,-2.0949033],[105.2931421,-2.1262346],[105.2983505,-2.1315243],[105.3064071,-2.1350237],[105.3569442,-2.1215146],[105.4218856,-2.1215146],[105.4410913,-2.1237932],[105.4503687,-2.1226539],[105.4702255,-2.1080055],[105.4912216,-2.0984026],[105.5422469,-2.081801],[105.5657658,-2.0669898],[105.5776473,-2.077081],[105.5937606,-2.1036109],[105.6074325,-2.1148414],[105.6162216,-2.1176083],[105.6482854,-2.1215146],[105.6521916,-2.120538],[105.6630966,-2.1154111],[105.6694442,-2.1148414],[105.673676,-2.1168759],[105.6838485,-2.1254208],[105.6887313,-2.1276995],[105.7475692,-2.1360003],[105.7644149,-2.1421852],[105.7804468,-2.1508115],[105.7902938,-2.1597633],[105.7957463,-2.1718075],[105.7990829,-2.2008603],[105.7985946,-2.2345517],[105.8007919,-2.245538],[105.8105575,-2.2658831],[105.8147079,-2.2823219],[105.8234156,-2.29754],[105.8259383,-2.3072242],[105.8255314,-2.3185361],[105.819021,-2.347426],[105.8287867,-2.3951148],[105.8593856,-2.4200986],[105.8974716,-2.4361305],[105.9288843,-2.4567197],[105.9443466,-2.4987932],[105.9326278,-2.5419247],[105.9123641,-2.5856259],[105.9016219,-2.628676],[105.9075627,-2.6745745],[105.9225367,-2.715997],[105.9865015,-2.8212216],[106.002452,-2.8307431],[106.0739038,-2.8361956],[106.0940048,-2.8405901],[106.3020126,-2.9132626],[106.3503524,-2.9607073],[106.368663,-2.9669736],[106.4165145,-2.9655087],[106.4360458,-2.9706357],[106.4470321,-2.9811337],[106.458995,-3.0043271],[106.4670516,-3.0153134],[106.4890243,-3.0300432],[106.4996851,-3.038995],[106.5044051,-3.0499],[106.507579,-3.0724423],[106.5171005,-3.0948219],[106.5322372,-3.1056454],[106.552745,-3.0941708],[106.5564885,-3.0968564],[106.5664169,-3.1016578],[106.5737411,-3.0767555],[106.6012476,-3.0710589],[106.6557723,-3.080499],[106.6613062,-3.085219],[106.6652938,-3.0922177],[106.6706649,-3.096124],[106.6870223,-3.0868466],[106.6936955,-3.0885556],[106.7003687,-3.0922177],[106.707286,-3.0941708],[106.7195744,-3.0901018],[106.7282821,-3.0821266],[106.7356877,-3.0767555],[106.7444768,-3.080499],[106.7519637,-3.073663],[106.7475692,-3.0686174],[106.7382919,-3.053318],[106.744965,-3.038344],[106.7457788,-3.0201148],[106.7384546,-3.0045712],[106.7208765,-2.9979794],[106.7058212,-2.9952125],[106.6982528,-2.9882138],[106.6925562,-2.979262],[106.6829533,-2.9706357],[106.674327,-2.9668922],[106.6599227,-2.9659156],[106.6489364,-2.9637997],[106.6130477,-2.9425595],[106.6037704,-2.9102516],[106.6119898,-2.8703753],[106.6748153,-2.6998023],[106.7219344,-2.6293271],[106.7380477,-2.6144345],[106.7553817,-2.6081682],[106.7659611,-2.6056454],[106.7990829,-2.5870908],[106.8097437,-2.585219],[106.8186955,-2.5861956],[106.8264266,-2.5860328],[106.8332626,-2.5802548],[106.8332626,-2.5665829],[106.8154403,-2.5609677],[106.7690536,-2.5603167],[106.748383,-2.5570615],[106.6829533,-2.5324846],[106.553396,-2.5104306],[106.4410913,-2.4713681],[106.4292098,-2.4738095],[106.4191187,-2.4849586],[106.3961695,-2.4821103],[106.3708602,-2.4723447],[106.3540145,-2.4629859],[106.3188583,-2.431329],[106.2890731,-2.3934872],[106.2641708,-2.3513323],[106.2006942,-2.1781552],[106.1626083,-2.0070126],[106.1623641,-1.9633115],[106.1748153,-1.8982073],[106.179454,-1.8882789],[106.1745712,-1.8790829],[106.1213485,-1.8192685],[106.122732,-1.8112118],[106.1264755,-1.7999814],[106.1269637,-1.7901344],[106.1179305,-1.7858212],[106.1058049,-1.7834612],[106.0983993,-1.7769508],[106.094493,-1.7671852],[106.0934351,-1.7550595],[106.0910751,-1.7457008],[106.085704,-1.7403297],[106.0789494,-1.7360979],[106.0730087,-1.7305641],[106.0693466,-1.7234026],[106.0637313,-1.7052548],[106.0593368,-1.6964658],[106.0529077,-1.6915016],[106.0437118,-1.6861305],[106.0354924,-1.678318],[106.0319117,-1.6659482],[106.0319117,-1.6246884],[106.0344344,-1.613051]]],[[[119.9465438,-9.9745419],[119.957286,-9.9769833],[119.9672958,-9.9835751],[119.976329,-9.9924456],[120.0149032,-10.0432268],[120.0271916,-10.0676409],[120.0341903,-10.1120745],[120.0398055,-10.1146786],[120.0483505,-10.1132138],[120.0594182,-10.1185849],[120.0869247,-10.1628557],[120.0931096,-10.1683896],[120.1346135,-10.1867815],[120.1399032,-10.193943],[120.1501571,-10.2144508],[120.1556096,-10.2209612],[120.2204696,-10.2394345],[120.2302352,-10.2452125],[120.2418726,-10.2416318],[120.3916122,-10.2631161],[120.4093531,-10.2696266],[120.4323023,-10.3000628],[120.4499618,-10.3103167],[120.4704696,-10.3103167],[120.4831649,-10.3009579],[120.4897567,-10.2852516],[120.4914657,-10.2658831],[120.500743,-10.2567685],[120.5473739,-10.233331],[120.5660913,-10.2277971],[120.6305445,-10.2359352],[120.6416122,-10.2312151],[120.650564,-10.2235654],[120.7111923,-10.2067197],[120.72462,-10.1968727],[120.7418726,-10.1709937],[120.7851669,-10.1247698],[120.8173934,-10.1018206],[120.8266708,-10.0912411],[120.8398544,-10.0513648],[120.8315536,-10.0144182],[120.8122665,-9.9835751],[120.7924911,-9.96087],[120.7644149,-9.9388974],[120.6976018,-9.9044736],[120.6696883,-9.8851865],[120.6457626,-9.8523089],[120.6067814,-9.7694638],[120.5803329,-9.7349586],[120.5085555,-9.696954],[120.497732,-9.6832008],[120.4923609,-9.6576474],[120.4782821,-9.6410458],[120.4585067,-9.6325009],[120.4362899,-9.6312802],[120.3901473,-9.6379534],[120.3647567,-9.6452776],[120.3537704,-9.655857],[120.3469344,-9.6705055],[120.3303329,-9.6693661],[120.2711695,-9.6425107],[120.2589624,-9.6307919],[120.2534286,-9.6138648],[120.2511499,-9.575372],[120.2439071,-9.5499814],[120.2439071,-9.5090471],[120.2292587,-9.4922828],[120.2067977,-9.4761695],[120.1831161,-9.4668922],[120.1652938,-9.4708798],[120.1482854,-9.4796689],[120.1294051,-9.4781227],[120.1108505,-9.4706357],[120.0942489,-9.4611956],[120.0709742,-9.4410133],[120.0117294,-9.3575986],[119.9707137,-9.323012],[119.9638778,-9.313165],[119.9587508,-9.2904599],[119.9459742,-9.2882626],[119.8212997,-9.3785947],[119.7994898,-9.3837216],[119.6804305,-9.3707822],[119.6684676,-9.3610165],[119.6623641,-9.3479143],[119.6474716,-9.3422177],[119.6292424,-9.3418922],[119.5708114,-9.3540992],[119.5475367,-9.3628883],[119.5285751,-9.3749325],[119.5173446,-9.3749325],[119.4760848,-9.3610979],[119.4567977,-9.3575986],[119.4075627,-9.366469],[119.3942977,-9.3759091],[119.3845321,-9.3781064],[119.3054305,-9.3644345],[119.2678329,-9.3644345],[119.2597762,-9.366469],[119.2463485,-9.3759091],[119.240245,-9.3781064],[119.2068791,-9.3790016],[119.1687118,-9.385512],[119.1533309,-9.3922665],[119.1235458,-9.4093564],[119.110118,-9.4127743],[119.0789494,-9.4156227],[119.0507919,-9.4240048],[119.0246688,-9.4376767],[118.9791773,-9.4762509],[118.9580184,-9.499607],[118.9419051,-9.5255673],[118.9353947,-9.5533993],[118.9415796,-9.5704892],[118.9557398,-9.5850562],[118.9838973,-9.6046689],[118.9978133,-9.6167945],[119.0071721,-9.6281064],[119.0247502,-9.659275],[119.0373641,-9.6758766],[119.0825301,-9.7105445],[119.0968531,-9.7175432],[119.1367294,-9.7240536],[119.1770939,-9.7413876],[119.2197372,-9.7461891],[119.2614852,-9.7457822],[119.2848413,-9.7411435],[119.3108016,-9.7580706],[119.3191024,-9.7616513],[119.3278915,-9.7618141],[119.3383895,-9.7550595],[119.3469344,-9.7554664],[119.38559,-9.7828915],[119.4060979,-9.7901344],[119.4152938,-9.7722307],[119.4225367,-9.7621396],[119.4397893,-9.7546526],[119.4602971,-9.7500953],[119.4773055,-9.7486305],[119.4990341,-9.7521298],[119.5400497,-9.7658831],[119.5888778,-9.7702776],[119.6131291,-9.7753232],[119.6168726,-9.7741839],[119.6220809,-9.7711728],[119.6281031,-9.76865],[119.6344507,-9.7691383],[119.6350204,-9.7726376],[119.6336369,-9.7862281],[119.6344507,-9.7896461],[119.6740829,-9.8002255],[119.6850692,-9.8127581],[119.6889755,-9.8410784],[119.6971135,-9.8526344],[119.7578231,-9.8851865],[119.7939559,-9.9105771],[119.8113713,-9.9171689],[119.8508407,-9.9200986],[119.8603622,-9.92254],[119.8807072,-9.9335263],[119.8868921,-9.9415829],[119.8904729,-9.9512672],[119.8962508,-9.9553362],[119.908702,-9.9471982],[119.9132593,-9.9613583],[119.9206649,-9.9694964],[119.9314885,-9.9735654],[119.9465438,-9.9745419]]],[[[127.0407821,-3.2867164],[127.0422469,-3.2723935],[127.0559188,-3.2595354],[127.0698348,-3.2609189],[127.0830184,-3.2681617],[127.0935165,-3.2723935],[127.1064559,-3.2730445],[127.111827,-3.272068],[127.1123153,-3.2644182],[127.1091415,-3.2294247],[127.1069442,-3.2188453],[127.1023055,-3.2103818],[127.0935165,-3.2007789],[127.0842391,-3.1942685],[127.0549423,-3.1794573],[127.0350041,-3.1735165],[127.0006617,-3.1495094],[126.9791773,-3.1422665],[126.9557398,-3.1377906],[126.9340926,-3.1305478],[126.9187118,-3.1146786],[126.8934025,-3.1255836],[126.8752548,-3.1094703],[126.8588973,-3.08587],[126.8400171,-3.073663],[126.7202255,-3.0601539],[126.4213973,-3.0704892],[126.2971298,-3.1058896],[126.2583114,-3.1220029],[126.2265731,-3.1495094],[126.2277403,-3.1747586],[126.2020012,-3.1818418],[126.1850854,-3.1808938],[126.1613439,-3.1723168],[126.1363185,-3.1606236],[126.1216152,-3.1478979],[126.1108672,-3.1217061],[126.0909212,-3.1120983],[126.0646085,-3.1329314],[126.0365622,-3.1535927],[126.0172632,-3.1711565],[125.9917424,-3.2481913],[126.0072265,-3.3610118],[126.041189,-3.4128557],[126.0417587,-3.4200986],[126.052628,-3.4463201],[126.0685073,-3.4673794],[126.0881278,-3.4836233],[126.1485536,-3.5255007],[126.1652938,-3.5679664],[126.1735606,-3.6025272],[126.2030208,-3.6309938],[126.2439184,-3.6313989],[126.2587966,-3.6422555],[126.2748956,-3.6632606],[126.3246637,-3.6876443],[126.3644312,-3.6971982],[126.3806258,-3.7030575],[126.4388794,-3.7504499],[126.5250575,-3.7899164],[126.5585275,-3.7932913],[126.5893254,-3.8166393],[126.6562928,-3.8348516],[126.674275,-3.8425029],[126.6965734,-3.8637921],[126.7188961,-3.8548543],[126.7421853,-3.8593784],[126.7770864,-3.8326948],[126.8269293,-3.8100933],[126.9069996,-3.7873411],[126.9460555,-3.7658017],[126.9567977,-3.7556292],[126.9807235,-3.7245419],[126.9907333,-3.7180315],[127.0019637,-3.7137997],[127.1215926,-3.6532529],[127.1414494,-3.6491025],[127.1652124,-3.6534156],[127.1858016,-3.659926],[127.2057398,-3.6596005],[127.2272242,-3.6428362],[127.2434188,-3.6060523],[127.240896,-3.4709612],[127.2463485,-3.4499651],[127.2646591,-3.4047177],[127.2688094,-3.3859189],[127.2597762,-3.3711891],[127.238536,-3.3632138],[127.1931258,-3.3555641],[127.1589462,-3.3371721],[127.1482854,-3.3344052],[127.1378687,-3.3397763],[127.1247665,-3.3632138],[127.1139429,-3.3685849],[127.0947372,-3.3620745],[127.0800887,-3.3488095],[127.0695093,-3.3366839],[127.0627548,-3.3344052],[127.0545354,-3.323012],[127.0461532,-3.3053525],[127.0407821,-3.2867164]]],[[[115.212413,-8.7284482],[115.2317001,-8.7207984],[115.2539169,-8.7146135],[115.2688094,-8.6991513],[115.2907821,-8.6587867],[115.3226018,-8.6237932],[115.3640243,-8.5969378],[115.4987899,-8.5484352],[115.5159611,-8.5343564],[115.5229598,-8.5113258],[115.533702,-8.5065243],[115.6048283,-8.5010719],[115.6154891,-8.4924456],[115.6399032,-8.4662411],[115.6584579,-8.455499],[115.6906844,-8.4294573],[115.7009383,-8.419122],[115.7142033,-8.3751767],[115.6910913,-8.344415],[115.6525171,-8.3184547],[115.6191512,-8.2887509],[115.5651148,-8.2216122],[115.5353296,-8.194594],[115.502452,-8.1726214],[115.3379012,-8.1037737],[115.2688094,-8.0894508],[115.2519637,-8.0795224],[115.236176,-8.0679664],[115.2155054,-8.0595029],[115.1931258,-8.0551083],[115.1728622,-8.0553525],[115.1359156,-8.0728492],[115.063243,-8.1432431],[115.0226343,-8.1726214],[114.9843856,-8.1804339],[114.8929143,-8.1802711],[114.8575952,-8.1931292],[114.6914169,-8.1350237],[114.6731063,-8.1310361],[114.6340438,-8.1272112],[114.6125594,-8.1218401],[114.5974227,-8.1106096],[114.5709742,-8.1294898],[114.5553492,-8.1338844],[114.5397242,-8.128025],[114.5273544,-8.1135393],[114.5178329,-8.0997047],[114.5047307,-8.0904273],[114.4814559,-8.0895322],[114.4524032,-8.0951474],[114.4479273,-8.1218401],[114.4684351,-8.2185198],[114.5490829,-8.3342424],[114.5742294,-8.3624814],[114.6045028,-8.3864885],[114.639008,-8.3986142],[114.75587,-8.397719],[114.7966415,-8.4054501],[114.9270126,-8.4674618],[114.9531356,-8.4851214],[115.0226343,-8.5489234],[115.0581161,-8.5707333],[115.0766708,-8.5851376],[115.0847274,-8.6003557],[115.0900985,-8.6148414],[115.1033635,-8.6296526],[115.1318466,-8.6519508],[115.1398218,-8.6553687],[115.1486923,-8.6581357],[115.1560979,-8.6620419],[115.1723739,-8.6965471],[115.1769312,-8.7033831],[115.1862899,-8.7223447],[115.1818954,-8.7463518],[115.1706649,-8.7687314],[115.1591903,-8.7821591],[115.1149195,-8.8033993],[115.0942489,-8.8184547],[115.0949813,-8.8336728],[115.1134546,-8.8453915],[115.1345321,-8.8507626],[115.1573999,-8.8518206],[115.1809188,-8.8505185],[115.195079,-8.8471005],[115.2132268,-8.8399391],[115.2290145,-8.8302548],[115.2355249,-8.8197568],[115.2379663,-8.7722307],[115.2324325,-8.7540016],[115.2143661,-8.7618141],[115.2234807,-8.7780087],[115.228038,-8.7821591],[115.220551,-8.788995],[115.2053329,-8.7694638],[115.2031356,-8.7470029],[115.212413,-8.7284482]]],[[[116.6810002,-8.556329],[116.685232,-8.4805641],[116.691661,-8.4674618],[116.7021591,-8.4574521],[116.735118,-8.4088681],[116.7431747,-8.3917783],[116.735118,-8.3529599],[116.7062281,-8.3170712],[116.6682235,-8.2892392],[116.6333114,-8.275079],[116.5909937,-8.2697079],[116.5730087,-8.2640927],[116.554454,-8.2512346],[116.5390731,-8.243829],[116.4974064,-8.2374],[116.4246525,-8.217706],[116.3938094,-8.2011044],[116.3762313,-8.2018368],[116.2863876,-8.2362607],[116.2697046,-8.2477353],[116.1809188,-8.3371721],[116.1679794,-8.3469378],[116.1384383,-8.3629697],[116.1228133,-8.3744443],[116.1171981,-8.3820126],[116.1106063,-8.3991839],[116.1057235,-8.4054501],[116.097911,-8.4084612],[116.0690882,-8.406237],[116.0500467,-8.4146384],[116.0279368,-8.4450077],[116.0385915,-8.5004031],[116.0629941,-8.521301],[116.0726445,-8.5777837],[116.0706729,-8.6384942],[116.0633485,-8.6730588],[116.0602711,-8.7139072],[116.091482,-8.7269833],[116.0875757,-8.7372372],[116.0772801,-8.7431982],[116.06567,-8.7599741],[116.057465,-8.7499325],[116.0532333,-8.7395159],[116.0505477,-8.7344703],[116.041189,-8.7341448],[116.033702,-8.7388648],[116.0278426,-8.7447242],[116.023204,-8.7481422],[116.0138452,-8.7466773],[116.0026148,-8.7427711],[115.9930119,-8.7423642],[115.9830259,-8.7370592],[115.9682029,-8.7474496],[115.9544495,-8.7537196],[115.9417594,-8.7548769],[115.9184641,-8.7537405],[115.8922632,-8.7548154],[115.8874618,-8.7457822],[115.8844507,-8.7328427],[115.8794051,-8.7247861],[115.8689071,-8.7306454],[115.8485916,-8.7247926],[115.8338213,-8.7488735],[115.8306965,-8.7698118],[115.8286378,-8.7917855],[115.8392618,-8.8168565],[115.8674423,-8.8212216],[115.9282333,-8.854913],[115.9443466,-8.8580055],[115.9587508,-8.8550758],[115.9643661,-8.8502743],[115.9692489,-8.8493792],[115.9816187,-8.8580055],[115.988536,-8.8672828],[115.9964299,-8.8897437],[116.0021265,-8.8988583],[116.0095321,-8.9044736],[116.0192977,-8.9081357],[116.0299585,-8.9081357],[116.0402938,-8.9022763],[116.0368758,-8.8830706],[116.0361434,-8.870538],[116.0402938,-8.8646786],[116.0498153,-8.8627255],[116.0592554,-8.8584937],[116.0686141,-8.8557268],[116.0778101,-8.8580055],[116.0837508,-8.8650042],[116.0825301,-8.8727353],[116.0755314,-8.8794898],[116.0642196,-8.8839658],[116.0771591,-8.8946266],[116.0906682,-8.8959286],[116.101329,-8.8889299],[116.1057235,-8.8746884],[116.1523544,-8.875665],[116.1672469,-8.8785133],[116.1784774,-8.8877906],[116.1964624,-8.9143206],[116.2047632,-8.9200172],[116.2119247,-8.9177385],[116.2248641,-8.9079729],[116.2360946,-8.9056943],[116.2426864,-8.9078915],[116.2493596,-8.917413],[116.2552189,-8.9200172],[116.2723088,-8.9172503],[116.3100692,-8.9024391],[116.3278915,-8.8988583],[116.3371688,-8.9030087],[116.3431096,-8.9120419],[116.3474227,-8.9213193],[116.3514104,-8.9262021],[116.3606063,-8.9244931],[116.3701278,-8.9110654],[116.3795679,-8.9118792],[116.3886825,-8.9235165],[116.3881942,-8.9375953],[116.3891708,-8.9491513],[116.4030868,-8.9541969],[116.4020082,-8.916043],[116.3977276,-8.8825446],[116.3976997,-8.8553225],[116.4231158,-8.8364064],[116.455577,-8.8336728],[116.4718799,-8.8393992],[116.4602602,-8.864556],[116.4529049,-8.8865588],[116.4327889,-8.910705],[116.4466109,-8.9200804],[116.4755966,-8.9200172],[116.5091766,-8.8968291],[116.5240466,-8.9020065],[116.5653685,-8.8955828],[116.5888778,-8.8632138],[116.571788,-8.8588193],[116.5599064,-8.8488095],[116.5471819,-8.8454332],[116.5407966,-8.836038],[116.5291541,-8.8423537],[116.5200301,-8.8594703],[116.5091252,-8.8580055],[116.5061141,-8.8475888],[116.5083114,-8.8329404],[116.5004378,-8.8026878],[116.5194039,-8.7785635],[116.5553049,-8.7449725],[116.5816199,-8.697813],[116.5995284,-8.6663859],[116.6189885,-8.6348609],[116.6277775,-8.6148414],[116.6687932,-8.5738258],[116.6810002,-8.556329]]],[[[107.5490829,-2.9049618],[107.5471298,-2.9166806],[107.5529891,-2.9279924],[107.5626734,-2.9276669],[107.587413,-2.9166806],[107.6053166,-2.9137509],[107.6110132,-2.9179013],[107.6084091,-2.9538714],[107.60434,-2.9640439],[107.5859481,-2.9856096],[107.580577,-2.9979794],[107.5810653,-3.0106747],[107.5852157,-3.0202776],[107.5903426,-3.0292294],[107.5942489,-3.0396461],[107.594493,-3.0504697],[107.5934351,-3.063165],[107.5935979,-3.0749651],[107.597911,-3.0839169],[107.6246851,-3.1054013],[107.6311141,-3.1145159],[107.63559,-3.1176083],[107.6403915,-3.1216773],[107.6425887,-3.1283505],[107.6407984,-3.1325823],[107.6052663,-3.1765454],[107.5944979,-3.2062385],[107.602794,-3.2288577],[107.631399,-3.2408638],[107.6588395,-3.2326339],[107.6862714,-3.198207],[107.7531499,-3.1984552],[107.8151962,-3.1672503],[107.8418075,-3.1454404],[107.8411564,-3.1078427],[107.8254501,-3.0806617],[107.8254501,-3.066176],[107.8447372,-3.0601539],[107.8590601,-3.0573056],[107.8650008,-3.0526669],[107.8704533,-3.0516904],[107.8821721,-3.0601539],[107.8891708,-3.069594],[107.891368,-3.0792783],[107.8904729,-3.0861142],[107.8884383,-3.0874977],[107.9414169,-3.134454],[107.9660751,-3.1509742],[107.9697372,-3.1721331],[107.9709579,-3.217706],[107.9809676,-3.2398414],[107.9939885,-3.2424456],[108.0119735,-3.2365048],[108.0361434,-3.2320289],[108.0641382,-3.2310523],[108.0739852,-3.2260068],[108.0739852,-3.1903622],[108.0791122,-3.1718075],[108.0908309,-3.1613909],[108.1087346,-3.1571591],[108.1320907,-3.1563453],[108.1521916,-3.1524391],[108.1876734,-3.1368954],[108.2106226,-3.1358375],[108.204926,-3.1259091],[108.1876734,-3.1120745],[108.1838485,-3.1047503],[108.1860458,-3.0954729],[108.1906844,-3.0874977],[108.1953231,-3.0814755],[108.1975204,-3.077081],[108.1993921,-3.0686174],[108.2077743,-3.0494117],[108.2106226,-3.0396461],[108.2102157,-3.0304501],[108.204926,-3.014581],[108.2043563,-3.0054664],[108.2155868,-2.9786923],[108.2566838,-2.9262021],[108.2657984,-2.8995908],[108.2700301,-2.8908017],[108.2791447,-2.8801409],[108.2887476,-2.8666318],[108.2937118,-2.8484026],[108.2908635,-2.8287086],[108.2761337,-2.7938779],[108.2672632,-2.7574195],[108.1977645,-2.6781552],[108.1827906,-2.6735165],[108.162771,-2.6832822],[108.1589462,-2.6657854],[108.1495874,-2.6503232],[108.13559,-2.6392555],[108.1184188,-2.6349423],[108.1145126,-2.6306292],[108.1041773,-2.6124],[108.097911,-2.6081682],[108.0665796,-2.5944964],[108.0530705,-2.6027971],[108.0462346,-2.6149228],[108.0398055,-2.6423479],[108.0323999,-2.6423479],[108.014008,-2.5910784],[108.0051376,-2.5802548],[107.9884546,-2.5741513],[107.9362085,-2.5635719],[107.9196883,-2.5686174],[107.8834742,-2.5642229],[107.8481551,-2.5499],[107.8343205,-2.525079],[107.81837,-2.531915],[107.7890731,-2.5538062],[107.7729598,-2.5603167],[107.7566024,-2.5606422],[107.7277938,-2.5531552],[107.7114364,-2.5529111],[107.670258,-2.561456],[107.6545516,-2.5848935],[107.6386825,-2.6849911],[107.6425887,-2.7484677],[107.6367294,-2.7585589],[107.6230575,-2.7706031],[107.607107,-2.7809384],[107.5942489,-2.7863095],[107.6057235,-2.8117815],[107.6096298,-2.8436825],[107.6033635,-2.8710263],[107.583995,-2.8825009],[107.5705673,-2.8858375],[107.5579533,-2.8939755],[107.5490829,-2.9049618]]],[[[112.7341415,-7.0280901],[112.7136337,-7.0324033],[112.7009383,-7.0332984],[112.6945093,-7.038995],[112.6926376,-7.0585263],[112.6949976,-7.0761044],[112.7013452,-7.0920549],[112.7099716,-7.0973447],[112.7198999,-7.0827776],[112.7273055,-7.0895322],[112.7187606,-7.1032854],[112.7170516,-7.1176083],[112.7198999,-7.1478818],[112.7264104,-7.1587867],[112.7425236,-7.1613909],[112.7780868,-7.1584612],[112.8181258,-7.1613909],[113.1279403,-7.2310523],[113.1450301,-7.2267392],[113.1486923,-7.2147763],[113.1352645,-7.202732],[113.1163843,-7.1906878],[113.1033635,-7.1788876],[113.1097111,-7.171482],[113.1096298,-7.1514625],[113.1142684,-7.1412086],[113.1223251,-7.1394182],[113.1460067,-7.1495908],[113.158702,-7.1510556],[113.158702,-7.1584612],[113.1457626,-7.1657854],[113.1463322,-7.1715634],[113.1531682,-7.1774228],[113.158702,-7.1852353],[113.165538,-7.2199033],[113.1865341,-7.2233212],[113.2343856,-7.2076148],[113.2512313,-7.2096493],[113.2690536,-7.2174618],[113.4226994,-7.2267392],[113.4724706,-7.22205],[113.4952134,-7.2306368],[113.5070578,-7.2401095],[113.5134253,-7.2477816],[113.5339413,-7.2401017],[113.5489842,-7.2337782],[113.5594893,-7.2121174],[113.5658824,-7.1936226],[113.5704464,-7.181896],[113.5772838,-7.1683678],[113.5827666,-7.1534864],[113.5933787,-7.138901],[113.6100523,-7.129187],[113.6453269,-7.1311339],[113.6652124,-7.11004],[113.6866678,-7.1126419],[113.7062485,-7.1136133],[113.7767157,-7.1252561],[113.8325332,-7.1320198],[113.8728133,-7.1288388],[113.8953557,-7.120538],[113.8949993,-7.1094321],[113.8862558,-7.0995155],[113.8706545,-7.0951771],[113.8918747,-7.0592255],[113.9099785,-7.0480632],[113.9355835,-7.0499143],[113.9555684,-7.0449486],[113.9811304,-7.0206845],[114.0511042,-7.011431],[114.0966859,-6.9828786],[114.1248014,-6.9816103],[114.1097903,-6.9468981],[114.0935361,-6.9326569],[114.0656844,-6.9226214],[114.0456649,-6.9146461],[114.0280054,-6.8990211],[114.0096135,-6.8869768],[113.9899195,-6.8778622],[113.9680282,-6.870538],[113.923676,-6.8648414],[113.7931128,-6.8824791],[113.6720519,-6.879399],[113.5262279,-6.896293],[113.4455823,-6.8823779],[113.2733567,-6.8929963],[113.1460199,-6.8943712],[113.0673934,-6.8810361],[112.9817001,-6.89129],[112.944021,-6.8909645],[112.9152938,-6.8916969],[112.8732202,-6.897719],[112.8419702,-6.9088681],[112.8440048,-6.9250628],[112.7926538,-6.9840634],[112.7635197,-7.0110003],[112.7341415,-7.0280901]]],[[[123.1818954,-4.7719052],[123.1840926,-4.7765439],[123.1887313,-4.8165829],[123.1970321,-4.8368466],[123.2112736,-4.8420549],[123.2197372,-4.8166643],[123.2170516,-4.7111956],[123.2112736,-4.6775042],[123.2060653,-4.670831],[123.1992294,-4.667413],[123.19337,-4.6628557],[123.1909286,-4.6530087],[123.1930445,-4.6413714],[123.2024032,-4.6215146],[123.2044377,-4.611749],[123.2004501,-4.5890439],[123.1904403,-4.5668271],[123.1635848,-4.526788],[123.1477971,-4.5084775],[123.0842391,-4.45615],[123.0685327,-4.4396298],[123.0615341,-4.4213193],[123.085704,-4.3890927],[123.0691024,-4.3832333],[123.0413518,-4.3843727],[123.0195419,-4.390232],[122.922618,-4.4616025],[122.9089462,-4.4745419],[122.9035751,-4.4891904],[122.8994247,-4.5100237],[122.8693954,-4.5682919],[122.8549911,-4.6095517],[122.8479924,-4.6488583],[122.8549911,-4.8178036],[122.8505966,-4.83115],[122.8401799,-4.8346493],[122.828868,-4.83587],[122.8209742,-4.8420549],[122.8204859,-4.8522275],[122.8249618,-4.8628883],[122.8307398,-4.8732236],[122.834646,-4.8830706],[122.8359481,-4.9043922],[122.8335067,-4.9291318],[122.8274032,-4.9523251],[122.8178817,-4.9686825],[122.7618921,-5.0153948],[122.7526962,-5.0338681],[122.7666122,-5.0311825],[122.7797958,-5.0249977],[122.791189,-5.0212542],[122.8005477,-5.0264625],[122.804454,-5.0436337],[122.797618,-5.0606422],[122.7800399,-5.0890439],[122.7780868,-5.1045875],[122.7784937,-5.1295712],[122.7731226,-5.1437314],[122.7566024,-5.1647275],[122.7545679,-5.1776669],[122.7662867,-5.1908505],[122.757579,-5.2067197],[122.7634383,-5.2079404],[122.8086044,-5.1893857],[122.8141382,-5.1931292],[122.8147079,-5.2113583],[122.8032333,-5.2318661],[122.7794702,-5.2411435],[122.7526962,-5.2458635],[122.7321883,-5.253025],[122.7210393,-5.2662086],[122.7041122,-5.3029111],[122.6906844,-5.3212216],[122.6850692,-5.3229306],[122.678396,-5.3224423],[122.672618,-5.3241513],[122.6632593,-5.3554013],[122.63559,-5.3910458],[122.629161,-5.4037411],[122.6521102,-5.4113909],[122.6545516,-5.4247372],[122.6442977,-5.4393857],[122.5671493,-5.5069312],[122.638357,-5.6622047],[122.6543075,-5.6784807],[122.6770126,-5.6788062],[122.6909286,-5.6657854],[122.7223413,-5.6276995],[122.7356063,-5.6268857],[122.7395939,-5.6368954],[122.736827,-5.6610654],[122.7390243,-5.6713193],[122.7465926,-5.6793759],[122.7504989,-5.6753883],[122.7535913,-5.6657854],[122.7662867,-5.6481259],[122.7678329,-5.6413714],[122.7710067,-5.6420224],[122.7834579,-5.6542294],[122.7863062,-5.662693],[122.7879338,-5.6872698],[122.7902938,-5.6924781],[122.8134872,-5.6879208],[122.8276473,-5.6762021],[122.8488876,-5.6371396],[122.8968205,-5.5712216],[122.9182235,-5.5274391],[122.910411,-5.4992815],[122.9017033,-5.4999325],[122.8763127,-5.5109189],[122.8659774,-5.5136044],[122.8610132,-5.5080706],[122.8628036,-5.4958635],[122.8762313,-5.4584286],[122.8929143,-5.4442685],[122.9775497,-5.3942197],[122.9953719,-5.390232],[123.0102645,-5.3956845],[123.0305282,-5.4195289],[123.0468856,-5.424249],[123.0656031,-5.4183896],[123.103038,-5.3952776],[123.1450301,-5.3854306],[123.158051,-5.3737932],[123.1772567,-5.3423805],[123.2014266,-5.3170712],[123.2131454,-5.3016904],[123.2181096,-5.2837867],[123.2093205,-5.2653948],[123.1888127,-5.2478167],[123.149913,-5.2250302],[123.1179305,-5.2091611],[123.1067001,-5.1976865],[123.1020614,-5.1809221],[123.0673934,-5.1705055],[123.0629989,-5.1620419],[123.0626734,-5.1527646],[123.0593368,-5.1441383],[123.0468856,-5.1374651],[123.0203557,-5.1421852],[123.0034286,-5.1632626],[122.9884546,-5.1867001],[122.9680282,-5.1976865],[122.9498804,-5.1901995],[122.9479273,-5.1721331],[122.9552515,-5.1499977],[122.9785262,-5.1032854],[122.9835718,-5.0878232],[122.9853622,-5.064874],[122.9846298,-5.0525042],[122.9778752,-5.0264625],[122.9743758,-5.0192197],[122.9698999,-5.0121396],[122.9660751,-5.0038388],[122.9643661,-4.9928525],[122.9679468,-4.9808896],[122.9773869,-4.9621721],[122.9899195,-4.9450823],[123.0151473,-4.9293759],[123.017426,-4.9098447],[123.0122176,-4.8693173],[123.0129501,-4.8571103],[123.0195419,-4.8246396],[123.0237736,-4.8151181],[123.0426538,-4.803318],[123.0468856,-4.7970517],[123.0463973,-4.7528622],[123.0520939,-4.7403297],[123.0673934,-4.7526181],[123.0710555,-4.7483049],[123.0779729,-4.7434221],[123.0815536,-4.7390276],[123.1053166,-4.7672665],[123.1238713,-4.710219],[123.149913,-4.7179501],[123.1534937,-4.7269833],[123.154633,-4.7385393],[123.1577255,-4.7484677],[123.1670028,-4.7526181],[123.1711532,-4.7560361],[123.1818954,-4.7719052]]],[[[97.1606551,1.4182803],[97.1507268,1.4259301],[97.1394963,1.4321964],[97.1306258,1.4355329],[97.1069442,1.4360212],[97.0804143,1.4291446],[97.0636499,1.4152286],[97.0686141,1.3945987],[97.082286,1.4053409],[97.082286,1.4076195],[97.1072697,1.3977725],[97.1284286,1.3826358],[97.1682235,1.3428409],[97.1759546,1.3318546],[97.1858016,1.307766],[97.1915796,1.2977563],[97.2021591,1.2883161],[97.2126571,1.2843285],[97.222911,1.2818871],[97.2330835,1.2772891],[97.2405705,1.2724063],[97.2472437,1.2670352],[97.2517196,1.2592227],[97.2535913,1.2468936],[97.2568466,1.2350121],[97.2713322,1.2222354],[97.2785751,1.1996931],[97.2878524,1.1908227],[97.2988387,1.1832543],[97.3082788,1.1748721],[97.3122665,1.1669376],[97.321788,1.1407738],[97.3715926,1.0597598],[97.3877059,1.0187849],[97.3899846,0.9762637],[97.3888452,0.9520938],[97.3953557,0.9448917],[97.4350692,0.94892],[97.4573674,0.9479841],[97.47934,0.9434268],[97.4918726,0.9330102],[97.4863387,0.9142113],[97.5743921,0.8609073],[97.6137801,0.8235538],[97.6303817,0.7807478],[97.6330673,0.7694766],[97.6477157,0.7363142],[97.6545516,0.7260603],[97.6591903,0.7153995],[97.6574813,0.6872419],[97.6582137,0.674628],[97.6689559,0.6587589],[97.6838485,0.6430525],[97.6909286,0.624213],[97.6787216,0.598863],[97.6838485,0.5961368],[97.6904403,0.5916202],[97.6961369,0.5863712],[97.7041122,0.57274],[97.7153426,0.574449],[97.725271,0.5807559],[97.7264104,0.5851911],[97.7522893,0.5683454],[97.7641708,0.5675723],[97.7742619,0.5851911],[97.8003036,0.5654971],[97.8092554,0.5602888],[97.8193466,0.5585391],[97.8271591,0.5626895],[97.8742782,0.6220157],[97.8829859,0.6429711],[97.8845321,0.7182071],[97.8925887,0.777045],[97.9018661,0.8007266],[97.9040633,0.8148868],[97.8982854,0.8753116],[97.9013778,0.9059512],[97.9177352,0.9346378],[97.9177352,0.9278832],[97.9344182,0.9636091],[97.9392196,0.9860701],[97.9284774,0.9960798],[97.9222111,1.0043399],[97.9044702,1.0440128],[97.8903915,1.0581729],[97.8728133,1.0624861],[97.8527938,1.0650089],[97.8362736,1.069973],[97.8294377,1.0820987],[97.8264266,1.0962589],[97.819021,1.1099307],[97.8022567,1.1332869],[97.7922469,1.1439883],[97.7765406,1.1550967],[97.7573348,1.1638858],[97.7126571,1.1726749],[97.6936141,1.1860212],[97.6165471,1.2809105],[97.6047469,1.3223331],[97.592133,1.3399112],[97.5398869,1.3905704],[97.5335393,1.3998477],[97.5280868,1.422919],[97.5241805,1.4281273],[97.5168563,1.4317895],[97.4931747,1.4560408],[97.4914657,1.4597842],[97.4878036,1.4730899],[97.4863387,1.4765486],[97.4817001,1.4774438],[97.4703882,1.4756534],[97.4599716,1.4779727],[97.4472762,1.4768741],[97.441661,1.4796817],[97.4389755,1.4846052],[97.4379989,1.495266],[97.424327,1.5148786],[97.4167587,1.5192325],[97.4074813,1.5140648],[97.3916122,1.5089379],[97.3745223,1.5185408],[97.3497827,1.5453962],[97.3354598,1.5376651],[97.3317977,1.5278181],[97.3348088,1.5001488],[97.3307398,1.4865583],[97.3210555,1.4740665],[97.2773544,1.4362247],[97.2578231,1.4236514],[97.2358505,1.4166934],[97.2058212,1.4138044],[97.1814071,1.4164493],[97.1696883,1.415961],[97.1648055,1.410712],[97.1606551,1.4182803]]],[[[134.7264104,-5.7111956],[134.7397567,-5.6851539],[134.7580673,-5.6713193],[134.736827,-5.6379534],[134.7102157,-5.6091448],[134.6911727,-5.5963681],[134.6803492,-5.5909156],[134.6723739,-5.5887997],[134.6442977,-5.5861956],[134.6351018,-5.5887997],[134.6414494,-5.5791969],[134.6517033,-5.5746396],[134.676036,-5.568943],[134.676036,-5.5751279],[134.6823837,-5.5751279],[134.6789657,-5.5578753],[134.6753036,-5.5521786],[134.6686304,-5.5477841],[134.6889755,-5.5368792],[134.6965438,-5.5341122],[134.6884872,-5.5238583],[134.6589462,-5.5046526],[134.648204,-5.4930966],[134.6359156,-5.4552548],[134.6282658,-5.4447568],[134.5812281,-5.424249],[134.5678817,-5.4278297],[134.5397242,-5.4406064],[134.5271102,-5.4400367],[134.5224716,-5.4362932],[134.5192977,-5.4323056],[134.5154729,-5.4294573],[134.5083114,-5.4293759],[134.5021265,-5.4317359],[134.4965926,-5.4361305],[134.4925236,-5.4418271],[134.4912216,-5.4481747],[134.4920354,-5.4957822],[134.4946395,-5.5007464],[134.5019637,-5.5103492],[134.5050562,-5.5177548],[134.50587,-5.5282529],[134.5047307,-5.5477841],[134.4948023,-5.5432268],[134.4912216,-5.5409482],[134.4831649,-5.5528297],[134.4725041,-5.5578753],[134.4626571,-5.5528297],[134.4570419,-5.5341122],[134.4124455,-5.6139462],[134.4091903,-5.6268857],[134.4040633,-5.6408831],[134.3918563,-5.6521135],[134.3781844,-5.6617978],[134.3676864,-5.6713193],[134.3606877,-5.6884091],[134.3587346,-5.7035458],[134.3518173,-5.7144508],[134.3300887,-5.7184384],[134.3097437,-5.712579],[134.2771916,-5.6857236],[134.2578231,-5.6788062],[134.2373153,-5.6832822],[134.2155054,-5.6958961],[134.2019963,-5.7124977],[134.2065536,-5.7290992],[134.2326766,-5.7509091],[134.2478947,-5.7604306],[134.2651473,-5.7668596],[134.2991643,-5.7682431],[134.3182072,-5.7725562],[134.3266708,-5.7839495],[134.3309025,-5.803969],[134.3409937,-5.8042945],[134.3523869,-5.7933896],[134.3615015,-5.7805315],[134.3782658,-5.7937151],[134.3764755,-5.8055966],[134.3540145,-5.8283017],[134.3540145,-5.8357073],[134.3603622,-5.8495419],[134.3234969,-5.8682594],[134.3225204,-5.8894182],[134.3125106,-5.9019508],[134.2991643,-5.9130185],[134.288829,-5.9177385],[134.2880966,-5.9239234],[134.3122665,-5.9543596],[134.3191024,-5.9660784],[134.3151148,-5.983982],[134.3056747,-6.0012346],[134.3017684,-6.01629],[134.3129989,-6.0276018],[134.3332626,-6.0260556],[134.369314,-6.0238583],[134.3676864,-6.0343564],[134.3488876,-6.0508766],[134.330577,-6.0503883],[134.3120223,-6.0471331],[134.2924911,-6.0548642],[134.2758895,-6.0835914],[134.2766219,-6.1193173],[134.2913518,-6.1563453],[134.3160913,-6.1890602],[134.3214624,-6.1981747],[134.3266708,-6.2106259],[134.3335067,-6.2214495],[134.3437606,-6.2261695],[134.3493758,-6.2245419],[134.3540145,-6.2213681],[134.3586532,-6.2198219],[134.3645126,-6.2230771],[134.3673609,-6.2279599],[134.3689071,-6.2331682],[134.3715926,-6.2375628],[134.3779403,-6.2393531],[134.4377548,-6.2640927],[134.4494735,-6.2637672],[134.4592391,-6.2784156],[134.5019637,-6.299249],[134.5115666,-6.3116187],[134.5162867,-6.3138974],[134.5348413,-6.3312314],[134.5358179,-6.3353818],[134.5403752,-6.3380673],[134.5537216,-6.3558896],[134.5593368,-6.3558896],[134.5705673,-6.3488095],[134.5836695,-6.3523089],[134.607758,-6.3695615],[134.6302189,-6.3512509],[134.7018335,-6.3218727],[134.7170516,-6.2979469],[134.7208765,-6.2818336],[134.7395939,-6.2419573],[134.7478133,-6.229913],[134.7513127,-6.2191708],[134.743663,-6.1988258],[134.7478133,-6.1890602],[134.7531844,-6.1827939],[134.7566024,-6.1759579],[134.7581486,-6.1679013],[134.7580673,-6.1578915],[134.7407333,-6.1711565],[134.6910913,-6.1880836],[134.6972762,-6.1808408],[134.7014266,-6.1705868],[134.7028915,-6.1578915],[134.7102157,-6.1600888],[134.7131454,-6.1617164],[134.7170516,-6.1647275],[134.7360132,-6.1539853],[134.7546493,-6.135512],[134.7682398,-6.1129697],[134.7722274,-6.0896135],[134.7651473,-6.0768368],[134.7273055,-6.0276018],[134.7114364,-6.0202776],[134.6706649,-5.986749],[134.6623641,-5.9760068],[134.656993,-5.9538714],[134.6425887,-5.9475237],[134.6010848,-5.9518368],[134.6057235,-5.943943],[134.6145126,-5.9374325],[134.6259872,-5.933038],[134.6388452,-5.931329],[134.6543075,-5.9332822],[134.662771,-5.938165],[134.6684676,-5.9447568],[134.676036,-5.9518368],[134.6953231,-5.9621721],[134.7209579,-5.9716122],[134.7360946,-5.9694964],[134.7238876,-5.9450009],[134.7270614,-5.9447568],[134.7375594,-5.9450009],[134.7277938,-5.9369443],[134.7028915,-5.9259579],[134.6965438,-5.9177385],[134.6994735,-5.9026018],[134.709646,-5.8961728],[134.7202255,-5.9005673],[134.7238876,-5.9177385],[134.7343856,-5.9098447],[134.7542424,-5.89837],[134.7649032,-5.8903948],[134.7600204,-5.8856747],[134.75587,-5.8793271],[134.7512313,-5.8767229],[134.7544051,-5.8607724],[134.7433374,-5.8469378],[134.7239689,-5.8378232],[134.7028915,-5.8357073],[134.7111109,-5.823663],[134.7312118,-5.8029111],[134.7375594,-5.7873674],[134.7387801,-5.7735328],[134.7386174,-5.7655575],[134.7375594,-5.7600237],[134.7331649,-5.7566057],[134.7262476,-5.7543271],[134.7170516,-5.7526181],[134.7187606,-5.7375628],[134.7264104,-5.7111956]]],[[[99.1647242,-1.4142392],[99.1440536,-1.3890927],[99.1167098,-1.3666318],[99.0964462,-1.3326962],[99.087413,-1.2968075],[99.0776473,-1.2833798],[99.0590926,-1.2780087],[99.0530705,-1.2726376],[99.0573837,-1.2614885],[99.0651962,-1.2518857],[99.0695907,-1.2513974],[99.0676376,-1.2413876],[99.064301,-1.2345517],[99.0470484,-1.2137997],[99.0403752,-1.2101376],[99.0363876,-1.205499],[99.0349227,-1.1928036],[99.0325627,-1.1825497],[99.0266219,-1.174249],[99.0109969,-1.1588681],[99.0017196,-1.1447079],[98.9892684,-1.1110979],[98.9803166,-1.0936825],[98.9681096,-1.0836728],[98.9524032,-1.0754534],[98.9383244,-1.0651181],[98.932465,-1.0490048],[98.929454,-1.0299618],[98.9218856,-1.0175107],[98.9129338,-1.0061174],[98.9052841,-0.9906552],[98.9160262,-0.9904924],[98.9248153,-0.9924456],[98.9323837,-0.9968401],[98.939301,-1.003676],[98.9458114,-0.9846331],[98.9375106,-0.9600562],[98.9179794,-0.9401181],[98.8916122,-0.9354794],[98.898204,-0.915704],[98.8828231,-0.9131812],[98.8400171,-0.9224586],[98.8274846,-0.9271786],[98.8032333,-0.9498023],[98.7885848,-0.9566383],[98.7690536,-0.9564755],[98.7379663,-0.9457333],[98.7236434,-0.9429664],[98.7041122,-0.9441057],[98.6848251,-0.948012],[98.6684676,-0.9543596],[98.6582137,-0.9634742],[98.6516219,-0.9820289],[98.6497502,-1.0043271],[98.6513778,-1.0490048],[98.6489364,-1.0720354],[98.6428329,-1.0939267],[98.6240341,-1.1346982],[98.597911,-1.1769345],[98.5937606,-1.1984189],[98.6069442,-1.2203915],[98.6137801,-1.2291806],[98.63087,-1.2644182],[98.6316024,-1.2692197],[98.6300562,-1.280206],[98.63087,-1.2848447],[98.6355087,-1.2896461],[98.6513778,-1.2985165],[98.8116968,-1.5289853],[98.8303329,-1.570245],[98.8226018,-1.6075986],[98.8264266,-1.6124814],[98.8381454,-1.6178525],[98.8430282,-1.6212704],[98.8847762,-1.6793759],[98.8986923,-1.6877581],[98.9601343,-1.7130673],[98.9856877,-1.7400042],[99.1005966,-1.7994117],[99.1185002,-1.8023414],[99.134288,-1.7960751],[99.148204,-1.7858212],[99.1645614,-1.7784156],[99.1821395,-1.7736956],[99.2081812,-1.7706031],[99.2308049,-1.7770322],[99.2441512,-1.7789853],[99.2548934,-1.772068],[99.2550562,-1.7560361],[99.2453719,-1.7155087],[99.2107854,-1.6389299],[99.2000432,-1.6281064],[99.2087508,-1.6257464],[99.2140406,-1.6236305],[99.2267359,-1.6144345],[99.254161,-1.6544736],[99.2614852,-1.6696917],[99.2744247,-1.7379697],[99.2920028,-1.7189267],[99.2942814,-1.6862118],[99.2868758,-1.6537411],[99.2744247,-1.6349423],[99.2780868,-1.6200497],[99.2724716,-1.6018206],[99.2620549,-1.5866839],[99.2512313,-1.5803362],[99.2336532,-1.5808245],[99.2194117,-1.5797665],[99.2097274,-1.5729306],[99.2063094,-1.5560849],[99.2063094,-1.5289039],[99.2036239,-1.5172665],[99.1970321,-1.512872],[99.188243,-1.5103492],[99.1788843,-1.5045712],[99.1458439,-1.469415],[99.1306258,-1.4481747],[99.1242782,-1.4288876],[99.1305445,-1.4288876],[99.1557723,-1.4512672],[99.1652938,-1.4562314],[99.1647242,-1.4142392]]],[[[131.1329859,-7.8165829],[131.1196395,-7.8165016],[131.1025497,-7.8285458],[131.0901799,-7.8488095],[131.085704,-7.8717587],[131.0922958,-7.8915341],[131.1047469,-7.889581],[131.1159774,-7.8986956],[131.1238713,-7.9136695],[131.1269637,-7.9291318],[131.1115829,-7.9694964],[131.1066187,-7.9913062],[131.1162216,-8.0007464],[131.1907658,-8.0066057],[131.2296656,-8.0035133],[131.2573348,-7.9870745],[131.2618921,-7.9769833],[131.2658798,-7.9543596],[131.2710067,-7.9454892],[131.2834579,-7.9361305],[131.2893173,-7.9371884],[131.2939559,-7.9424781],[131.3014429,-7.9454892],[131.3108016,-7.9540341],[131.3060002,-7.9734026],[131.2915145,-8.0113258],[131.299327,-8.0256487],[131.3167424,-8.017999],[131.3352157,-8.0009091],[131.3454696,-7.9870745],[131.3483993,-7.9766578],[131.3484807,-7.9699033],[131.3497827,-7.9641253],[131.3557235,-7.9563128],[131.3608505,-7.9473609],[131.3572697,-7.9415829],[131.3486434,-7.9390602],[131.3386337,-7.9392229],[131.3481551,-7.9221331],[131.3580835,-7.9122861],[131.368663,-7.9039853],[131.3796493,-7.8915341],[131.3802189,-7.8732236],[131.382579,-7.8595517],[131.3899032,-7.8471005],[131.4343368,-7.8140602],[131.4411727,-7.8058408],[131.4489038,-7.8002255],[131.4641219,-7.7943661],[131.4749455,-7.7829729],[131.4690048,-7.7618141],[131.4807235,-7.7662086],[131.4900008,-7.7632789],[131.4974064,-7.7561174],[131.5031844,-7.7474911],[131.4969182,-7.7263323],[131.513357,-7.7169736],[131.5385848,-7.712579],[131.5583602,-7.7066383],[131.5742294,-7.6949195],[131.5793563,-7.6888974],[131.5986434,-7.6485328],[131.6027938,-7.6438128],[131.6189071,-7.6369768],[131.6330673,-7.6200497],[131.6433212,-7.5990536],[131.6525985,-7.5549456],[131.6629338,-7.5318336],[131.6687118,-7.5092099],[131.6608993,-7.4869117],[131.6691187,-7.4845517],[131.6755477,-7.4801572],[131.6798609,-7.4730771],[131.6834416,-7.4515927],[131.6949976,-7.4288062],[131.6977645,-7.4250628],[131.7036239,-7.4253883],[131.7087508,-7.4245745],[131.7092391,-7.4179013],[131.7063094,-7.412693],[131.7031356,-7.4127743],[131.6992294,-7.413995],[131.6949976,-7.4117978],[131.6872665,-7.405857],[131.6779077,-7.4008115],[131.6684676,-7.3942197],[131.6608993,-7.3838844],[131.6733505,-7.3718401],[131.6750594,-7.3581682],[131.6694442,-7.3440081],[131.6486923,-7.3103167],[131.6472274,-7.3092587],[131.646495,-7.3021786],[131.6472274,-7.2819964],[131.6427515,-7.2548154],[131.6455184,-7.2448056],[131.654633,-7.2335751],[131.6665145,-7.2238909],[131.6745712,-7.2225888],[131.6836044,-7.2250302],[131.6985783,-7.2267392],[131.7111923,-7.2238909],[131.7260848,-7.2165667],[131.7382919,-7.2066383],[131.7433374,-7.1960589],[131.7395126,-7.1959775],[131.713715,-7.1504859],[131.7099716,-7.1374651],[131.7041122,-7.1315243],[131.6919051,-7.1412086],[131.6765243,-7.1605771],[131.6682235,-7.1666806],[131.654633,-7.1721331],[131.6535751,-7.1661923],[131.6609807,-7.1285947],[131.6543075,-7.1128883],[131.6375432,-7.1090634],[131.6171981,-7.1122372],[131.5898544,-7.1202125],[131.5686141,-7.1309547],[131.5369572,-7.1542294],[131.5288192,-7.1700986],[131.5320744,-7.1903622],[131.5447697,-7.2199033],[131.5358179,-7.2234026],[131.5267033,-7.2255185],[131.5068466,-7.2267392],[131.4939885,-7.2295875],[131.4890243,-7.2365048],[131.486827,-7.2453753],[131.4826766,-7.2546526],[131.4626571,-7.2787411],[131.4550887,-7.2911923],[131.4484969,-7.3092587],[131.4497176,-7.319594],[131.4541122,-7.3283017],[131.4531356,-7.3344052],[131.3969833,-7.3434384],[131.3907984,-7.3483212],[131.3898218,-7.3586565],[131.391368,-7.3683408],[131.3933212,-7.3707822],[131.388357,-7.3819312],[131.384288,-7.3860003],[131.3796493,-7.3893368],[131.3728133,-7.3980445],[131.3606063,-7.4276669],[131.3557235,-7.4353167],[131.3470158,-7.4382464],[131.3411564,-7.4315732],[131.335704,-7.42254],[131.3281356,-7.4179013],[131.3151962,-7.4229469],[131.2547307,-7.4722633],[131.2415471,-7.4877255],[131.2326766,-7.507094],[131.2295028,-7.5311825],[131.2247827,-7.5463193],[131.2024846,-7.5795224],[131.1951604,-7.596775],[131.1897079,-7.6324195],[131.1915796,-7.6376279],[131.1814071,-7.6412086],[131.1813257,-7.6495908],[131.1948348,-7.6837704],[131.2116805,-7.6949195],[131.232107,-7.7025693],[131.2498479,-7.7066383],[131.2233179,-7.7144508],[131.203868,-7.7133115],[131.1611434,-7.6923154],[131.1391708,-7.6861305],[131.1225692,-7.6910133],[131.1147567,-7.7069638],[131.1196395,-7.7338193],[131.1269637,-7.7338193],[131.1269637,-7.7263323],[131.1331486,-7.7263323],[131.1335555,-7.7374814],[131.1373804,-7.7434221],[131.1440536,-7.7443987],[131.1536564,-7.7406552],[131.1513778,-7.7538388],[131.1567489,-7.7660458],[131.156993,-7.7743466],[131.1399846,-7.7754859],[131.1399846,-7.7816708],[131.147146,-7.7855771],[131.1552841,-7.7915992],[131.1611434,-7.7995745],[131.1611434,-7.8096656],[131.1528426,-7.8218727],[131.1438094,-7.8212216],[131.1329859,-7.8165829]]],[[[130.3475041,-0.1683896],[130.3413192,-0.1544736],[130.3381454,-0.1403134],[130.3469344,-0.1454404],[130.3548283,-0.1466611],[130.3613387,-0.1432431],[130.3659774,-0.1342099],[130.3722437,-0.1342099],[130.3740341,-0.155857],[130.3846135,-0.1574846],[130.3977157,-0.1459286],[130.4062606,-0.127374],[130.4137476,-0.1415341],[130.41212,-0.1573219],[130.4026799,-0.1698544],[130.3864852,-0.1750628],[130.3977157,-0.1833635],[130.4166773,-0.1841773],[130.4298609,-0.1862932],[130.4240829,-0.1993141],[130.4128524,-0.2084286],[130.3986109,-0.2144508],[130.3835555,-0.2144508],[130.3691512,-0.20615],[130.3567001,-0.2018368],[130.3385523,-0.2032203],[130.3039657,-0.2092424],[130.3032333,-0.2086728],[130.2799585,-0.2086728],[130.2766219,-0.2092424],[130.2675887,-0.20615],[130.2501734,-0.1974423],[130.241954,-0.1955706],[130.2170516,-0.2008603],[130.2324325,-0.2128232],[130.2653915,-0.2247861],[130.2937118,-0.2304013],[130.3005477,-0.2341448],[130.3046981,-0.2427711],[130.3073837,-0.2518857],[130.3108016,-0.2575823],[130.3162541,-0.2599423],[130.3381454,-0.2638486],[130.3388778,-0.262872],[130.3659774,-0.2638486],[130.3708602,-0.267999],[130.3756617,-0.2745908],[130.3821721,-0.2756487],[130.3927515,-0.2638486],[130.3997502,-0.2676734],[130.4084579,-0.2697079],[130.4275008,-0.2712542],[130.4323837,-0.2736956],[130.4355575,-0.2828915],[130.4411727,-0.284926],[130.4445093,-0.2831357],[130.4511825,-0.2741839],[130.4548446,-0.2712542],[130.4856877,-0.2553036],[130.5066024,-0.2502581],[130.5236923,-0.2575823],[130.5265406,-0.2667783],[130.5224716,-0.2748349],[130.5171005,-0.2826474],[130.5161239,-0.2911923],[130.5222274,-0.3019345],[130.5379338,-0.3165016],[130.5442001,-0.3258603],[130.5454208,-0.3477516],[130.540538,-0.3679339],[130.541189,-0.3825009],[130.5584416,-0.3873837],[130.5457463,-0.4201799],[130.5442001,-0.4320615],[130.5473739,-0.4361305],[130.554454,-0.4335263],[130.5615341,-0.4270159],[130.5786239,-0.3838844],[130.582286,-0.3661435],[130.5715438,-0.3737118],[130.5647079,-0.3737118],[130.5791122,-0.3339169],[130.6091415,-0.3140602],[130.688243,-0.2911923],[130.6925562,-0.3034807],[130.6959742,-0.3181292],[130.6936141,-0.3313128],[130.6806747,-0.3396135],[130.7060653,-0.4102516],[130.7155054,-0.4283993],[130.7330835,-0.4415016],[130.7560327,-0.4459775],[130.7793075,-0.4450823],[130.8654891,-0.4292945],[130.9065048,-0.4130185],[130.9167587,-0.4060198],[130.9209091,-0.3980445],[130.9240015,-0.3886044],[130.9314071,-0.3790016],[130.9402775,-0.3708635],[130.9482528,-0.3668759],[130.9401148,-0.3558896],[130.9295354,-0.3361142],[130.9209091,-0.3258603],[130.9128524,-0.3210589],[130.9038192,-0.3175595],[130.8966577,-0.312107],[130.8937281,-0.3020159],[130.8870549,-0.296482],[130.8719182,-0.2932268],[130.8281356,-0.2914365],[130.8203231,-0.294122],[130.8154403,-0.3021786],[130.8110458,-0.3185361],[130.7927352,-0.3072242],[130.7509872,-0.2875302],[130.7426864,-0.2746721],[130.7387801,-0.2557919],[130.7177841,-0.2169736],[130.6823837,-0.1698544],[130.6653752,-0.1543922],[130.6292424,-0.1407203],[130.6262313,-0.1257464],[130.6360783,-0.1134579],[130.6540633,-0.1137021],[130.6472274,-0.1038551],[130.6374618,-0.0987281],[130.6130477,-0.0931943],[130.6252548,-0.0849749],[130.6500757,-0.0797665],[130.6770126,-0.0778948],[130.6955673,-0.0795224],[130.6927189,-0.0863583],[130.688243,-0.0931943],[130.7011825,-0.0964495],[130.7070419,-0.0962867],[130.7155054,-0.0931943],[130.719493,-0.114109],[130.7302352,-0.1304664],[130.7848413,-0.1793759],[130.7922469,-0.189874],[130.7973739,-0.2092424],[130.7944442,-0.228204],[130.7967229,-0.2391904],[130.8076278,-0.2440732],[130.8169051,-0.244887],[130.8342391,-0.2492815],[130.8632919,-0.2505836],[130.8794051,-0.2540829],[130.893077,-0.2643368],[130.9072372,-0.284926],[130.899913,-0.2911923],[130.9052841,-0.2984352],[130.9309188,-0.3153622],[130.9516708,-0.3464495],[130.9582626,-0.3485654],[130.9704696,-0.3580055],[130.9790145,-0.36004],[130.9843856,-0.3591448],[130.9910588,-0.3570289],[130.9958602,-0.354913],[130.9961044,-0.3539365],[131.0156356,-0.3498674],[131.0218205,-0.3529599],[131.0232854,-0.3668759],[131.0698348,-0.3329404],[131.0854598,-0.3258603],[131.0984807,-0.3229306],[131.1022242,-0.3243954],[131.10434,-0.3282203],[131.1128036,-0.3321266],[131.143077,-0.3321266],[131.1474716,-0.33587],[131.1577255,-0.3329404],[131.1809188,-0.3464495],[131.2192489,-0.3775367],[131.2379663,-0.3892555],[131.2529403,-0.3843727],[131.2622176,-0.3683408],[131.2635197,-0.3464495],[131.268077,-0.3485654],[131.2794702,-0.3517392],[131.2839462,-0.3539365],[131.2872827,-0.3371721],[131.2967229,-0.3285458],[131.3066512,-0.3212216],[131.3113713,-0.3088518],[131.316661,-0.2995745],[131.3400985,-0.2960751],[131.3454696,-0.2881812],[131.3385523,-0.2776018],[131.3066512,-0.2513974],[131.297618,-0.2372372],[131.2988387,-0.2266578],[131.3048609,-0.2175432],[131.3182072,-0.2030575],[131.3059188,-0.1710751],[131.2973739,-0.159275],[131.2739364,-0.1524391],[131.2692977,-0.1475562],[131.2636825,-0.1426734],[131.2536727,-0.1403134],[131.238536,-0.1398251],[131.2338973,-0.1381161],[131.2295028,-0.1342099],[131.2115992,-0.137872],[131.2019149,-0.1300595],[131.1966252,-0.1192359],[131.1915796,-0.1137021],[131.1800236,-0.11004],[131.1704208,-0.1016578],[131.1618758,-0.0923805],[131.1536564,-0.0857073],[131.1267196,-0.0764299],[131.113536,-0.073663],[131.0861923,-0.0715471],[131.0598251,-0.0664202],[131.0437932,-0.0652402],[131.0577906,-0.0490862],[131.0564071,-0.0410296],[131.044607,-0.0382626],[131.0267033,-0.0378964],[131.019786,-0.0386288],[130.9905705,-0.0461565],[130.986827,-0.0481503],[130.9790145,-0.0553525],[130.9736434,-0.0571835],[130.9699813,-0.0535214],[130.9665633,-0.0481096],[130.9619247,-0.0447324],[130.8247176,-0.0038388],[130.8006291,-0.0038388],[130.7790633,-0.0089658],[130.7614852,-0.0183652],[130.7496851,-0.0311012],[130.7597762,-0.0305315],[130.7688908,-0.0325253],[130.7768661,-0.0372861],[130.7838648,-0.0447324],[130.7654729,-0.0499814],[130.7360946,-0.0468889],[130.7223413,-0.0521786],[130.7163192,-0.0332577],[130.6910913,-0.0357398],[130.6609807,-0.0447324],[130.6411239,-0.0447324],[130.622732,-0.0517717],[130.5952255,-0.0472145],[130.5864364,-0.0584449],[130.5749618,-0.0485979],[130.5715438,-0.0447324],[130.5608016,-0.0656064],[130.5584416,-0.0726865],[130.556163,-0.0679257],[130.552745,-0.0630836],[130.5504663,-0.0584449],[130.5454208,-0.0686174],[130.5442001,-0.0726865],[130.5280868,-0.0564104],[130.5195419,-0.0496559],[130.5100204,-0.0447324],[130.4985458,-0.0626767],[130.4777938,-0.0754941],[130.4343368,-0.0931943],[130.4298609,-0.0866025],[130.4275008,-0.0795224],[130.4206649,-0.0795224],[130.4233505,-0.0861956],[130.4275008,-0.1067848],[130.406993,-0.0972633],[130.3942977,-0.0828183],[130.38087,-0.073663],[130.3586532,-0.0795224],[130.3642684,-0.0923805],[130.3691512,-0.108331],[130.368663,-0.1218401],[130.3586532,-0.127374],[130.3483993,-0.1218401],[130.3449813,-0.1090634],[130.3431096,-0.0935198],[130.3381454,-0.0795224],[130.3342391,-0.0889625],[130.3291122,-0.0966122],[130.3234969,-0.1026344],[130.3176376,-0.1067848],[130.3040471,-0.0998674],[130.2907821,-0.0992164],[130.2806096,-0.1049944],[130.2766219,-0.11712],[130.2797958,-0.131443],[130.2939559,-0.1520322],[130.2971298,-0.1652158],[130.3030705,-0.1729469],[130.3170679,-0.1818173],[130.3330184,-0.1882464],[130.3449813,-0.1887346],[130.3507593,-0.1803525],[130.3475041,-0.1683896]]],[[[122.3722437,-4.9550107],[122.3859156,-4.9787737],[122.3917749,-5.0304501],[122.3960067,-5.0484352],[122.4025985,-5.0617815],[122.3851018,-5.0871721],[122.3826604,-5.0924618],[122.3772079,-5.0982398],[122.3508407,-5.1050758],[122.3418075,-5.108982],[122.3325301,-5.1237932],[122.3260197,-5.1447079],[122.320079,-5.2194964],[122.3156844,-5.2426083],[122.3071395,-5.2639299],[122.2815048,-5.3077939],[122.2751571,-5.3275693],[122.276215,-5.3459612],[122.28712,-5.3628883],[122.279633,-5.3697242],[122.2902124,-5.3807919],[122.3005477,-5.3869768],[122.3133244,-5.389581],[122.3639429,-5.3898251],[122.3772079,-5.3849423],[122.3826604,-5.3731422],[122.3836369,-5.3415667],[122.3872176,-5.3306617],[122.3951929,-5.3212216],[122.4101669,-5.3119443],[122.4215601,-5.3119443],[122.4336044,-5.3150367],[122.4510197,-5.3150367],[122.4510197,-5.3212216],[122.4148869,-5.339288],[122.4072372,-5.353204],[122.4162704,-5.3765602],[122.4319768,-5.3926734],[122.4502059,-5.3993466],[122.4685979,-5.3964169],[122.485118,-5.3832333],[122.4987899,-5.3492164],[122.4991968,-5.339288],[122.4969182,-5.3182919],[122.4987899,-5.3075497],[122.5114852,-5.2867164],[122.5208439,-5.2916806],[122.5288192,-5.3064104],[122.5366317,-5.3150367],[122.5428166,-5.3387997],[122.5408635,-5.3879534],[122.5434676,-5.4288062],[122.5637313,-5.4276669],[122.5761825,-5.4143206],[122.5844833,-5.4091122],[122.5881454,-5.413995],[122.591482,-5.4206682],[122.5983993,-5.4200986],[122.6054794,-5.4130185],[122.6086532,-5.4004859],[122.6106063,-5.3804664],[122.6159774,-5.3560523],[122.6245223,-5.3424618],[122.6359969,-5.3554013],[122.6474716,-5.3449033],[122.6554468,-5.3225237],[122.6585393,-5.296482],[122.6564234,-5.27337],[122.6523544,-5.2618141],[122.6477157,-5.2561174],[122.629161,-5.245538],[122.6064559,-5.2357724],[122.5981551,-5.2284482],[122.6224064,-5.2228329],[122.6298934,-5.2167294],[122.6345321,-5.2069638],[122.6359969,-5.1942685],[122.6306258,-5.1901995],[122.618663,-5.191176],[122.6066187,-5.190525],[122.6012476,-5.1809221],[122.6042587,-5.159926],[122.6434025,-5.07879],[122.6613876,-5.0553525],[122.7249455,-4.9896786],[122.7348739,-4.9747047],[122.7390243,-4.9618466],[122.7435002,-4.9528134],[122.7539169,-4.9538714],[122.7653915,-4.9579404],[122.7731226,-4.9581845],[122.7785751,-4.9494768],[122.7806096,-4.9390602],[122.7800399,-4.9165992],[122.7785751,-4.9050432],[122.7740992,-4.8877906],[122.7731226,-4.8795712],[122.7702743,-4.8742815],[122.7557072,-4.8557268],[122.7527775,-4.8443336],[122.7526962,-4.7732073],[122.7355249,-4.6437314],[122.7272242,-4.6281064],[122.7111109,-4.6154924],[122.6906844,-4.611749],[122.656993,-4.6242815],[122.6012476,-4.6564267],[122.5294702,-4.7100562],[122.4987899,-4.7253557],[122.4709579,-4.7313779],[122.4049585,-4.7378883],[122.3826604,-4.7458635],[122.3667098,-4.7658017],[122.3449813,-4.8146298],[122.3274846,-4.835219],[122.3274846,-4.8420549],[122.3415633,-4.8576799],[122.3549911,-4.8848609],[122.365245,-4.9154599],[122.3722437,-4.9550107]]],[[[124.4886174,-1.6456845],[124.4423934,-1.6543922],[124.4248153,-1.6554501],[124.384939,-1.6679013],[124.3730575,-1.7050107],[124.3689071,-1.7507464],[124.3525497,-1.7892392],[124.3382268,-1.8077939],[124.3313908,-1.8269182],[124.3291122,-1.8707822],[124.3359481,-1.8881161],[124.3925887,-1.9742978],[124.3972274,-1.9913876],[124.4060165,-2.0040829],[124.4309188,-2.0116513],[124.4528101,-2.0124651],[124.5141708,-2.0049781],[124.5432235,-2.0065243],[124.554454,-2.0049781],[124.5651962,-2.0016415],[124.5817163,-1.9942359],[124.6711532,-1.9701474],[124.7115992,-1.9524065],[124.7859807,-1.9079729],[124.8282984,-1.8951148],[124.8532821,-1.8969052],[124.8911239,-1.9172503],[124.9145614,-1.9224586],[124.9462997,-1.9196103],[124.9592391,-1.9224586],[124.9865829,-1.9434547],[125.0135197,-1.9442685],[125.0211695,-1.9333635],[125.0226343,-1.9162737],[125.0310165,-1.8985328],[125.0504663,-1.8879534],[125.0708114,-1.8888486],[125.0911564,-1.89365],[125.1100367,-1.8951148],[125.1209416,-1.8907203],[125.1375432,-1.8768857],[125.1476343,-1.873956],[125.1584579,-1.8750953],[125.1795354,-1.8803036],[125.188243,-1.881443],[125.2512313,-1.8734677],[125.2739364,-1.873956],[125.3088485,-1.8849423],[125.31837,-1.8825823],[125.3216252,-1.8643531],[125.3198348,-1.7933896],[125.3147893,-1.7789853],[125.3058374,-1.7779273],[125.2848413,-1.7859026],[125.2807723,-1.7824033],[125.2849227,-1.7714169],[125.2936304,-1.7609189],[125.3000594,-1.7509091],[125.2981063,-1.7413876],[125.2840275,-1.7310523],[125.2687281,-1.728204],[125.2534286,-1.7328427],[125.2397567,-1.7448056],[125.2316187,-1.7614072],[125.2273055,-1.7730445],[125.2254338,-1.7824033],[125.2202255,-1.788995],[125.2083439,-1.7911109],[125.196788,-1.7887509],[125.1914169,-1.7824033],[125.1964624,-1.7442359],[125.1953231,-1.7219378],[125.185232,-1.7038714],[125.1501571,-1.6976865],[125.1422632,-1.6942685],[125.1374618,-1.6896298],[125.1307072,-1.6849911],[125.1202906,-1.6827939],[125.1149195,-1.6921526],[125.103038,-1.7369931],[125.0964462,-1.7516415],[125.1003524,-1.7531064],[125.1100367,-1.7584775],[125.0960393,-1.7640927],[125.0815536,-1.7647437],[125.0676376,-1.7604306],[125.0554305,-1.7516415],[125.0535588,-1.7565243],[125.0498153,-1.760512],[125.0480249,-1.7653134],[125.0346786,-1.7521298],[125.0229598,-1.7230771],[125.0104273,-1.7174618],[125.0001734,-1.7167294],[124.972911,-1.7101376],[124.9681096,-1.7072893],[124.960704,-1.6983375],[124.955577,-1.6964658],[124.9506942,-1.6976865],[124.9436141,-1.7028948],[124.9381617,-1.7038714],[124.8715926,-1.6930478],[124.8151962,-1.6696917],[124.7570093,-1.6651344],[124.7429305,-1.6588681],[124.7290145,-1.6505673],[124.6876734,-1.6383603],[124.6328231,-1.6311174],[124.5927841,-1.6332333],[124.5563257,-1.6412086],[124.5278426,-1.6554501],[124.5295516,-1.6356747],[124.5265406,-1.625665],[124.518077,-1.6262346],[124.5032658,-1.6383603],[124.4886174,-1.6456845]]],[[[126.0539657,-7.8846982],[126.0749618,-7.8838844],[126.0900985,-7.8915341],[126.1145126,-7.8829892],[126.1368921,-7.8886044],[126.1555282,-7.9016253],[126.1689559,-7.915704],[126.1897893,-7.9235165],[126.2744247,-7.9118792],[126.3005477,-7.9152158],[126.350271,-7.9292945],[126.3737899,-7.9325497],[126.4218856,-7.9325497],[126.4332788,-7.9367001],[126.4547632,-7.9581845],[126.4661564,-7.9665667],[126.475271,-7.9553362],[126.4881291,-7.9327125],[126.4973251,-7.92254],[126.5042424,-7.9123674],[126.504161,-7.9030901],[126.5022079,-7.8947893],[126.5044051,-7.8881161],[126.5593368,-7.8199195],[126.56837,-7.8141415],[126.5893661,-7.8062477],[126.5973413,-7.8021786],[126.6204533,-7.7813453],[126.6313583,-7.7754859],[126.7133895,-7.7474911],[126.7278752,-7.7546526],[126.7490341,-7.7540016],[126.7923283,-7.7474911],[126.8029891,-7.7511533],[126.8134872,-7.7580706],[126.8234969,-7.7623837],[126.8333439,-7.7580706],[126.8392033,-7.7482236],[126.8400171,-7.7394345],[126.8367619,-7.7263323],[126.8343205,-7.7118466],[126.8291122,-7.6954892],[126.8216252,-7.6802711],[126.813243,-7.6686337],[126.7988387,-7.6642392],[126.7375594,-7.6718075],[126.7216903,-7.6680641],[126.7115992,-7.6588681],[126.7031356,-7.647719],[126.6927189,-7.6376279],[126.6469833,-7.6169573],[126.6345321,-7.6068661],[126.63087,-7.5985654],[126.6302189,-7.5871721],[126.6313583,-7.5653622],[126.6269637,-7.5599911],[126.6174423,-7.562107],[126.6035262,-7.5694312],[126.5037541,-7.5904273],[126.4845484,-7.5972633],[126.4524032,-7.6195615],[126.3979598,-7.6438128],[126.3464462,-7.6891415],[126.3283798,-7.6957333],[126.3043726,-7.6934547],[126.2800399,-7.6880836],[126.2614852,-7.6861305],[126.2453719,-7.691176],[126.2148544,-7.7094052],[126.2031356,-7.7134742],[126.0461532,-7.6934547],[126.0349227,-7.6891415],[126.0312606,-7.6823056],[126.0227157,-7.6760393],[125.9926864,-7.6615536],[125.9806421,-7.658624],[125.9689234,-7.6600888],[125.9572046,-7.6679013],[125.9479273,-7.678318],[125.9211532,-7.721124],[125.9143986,-7.7365862],[125.9082137,-7.7440732],[125.9025985,-7.747247],[125.8880314,-7.7518857],[125.8840438,-7.7543271],[125.8789169,-7.7719052],[125.8762313,-7.7946917],[125.8698023,-7.8147112],[125.8532821,-7.8233375],[125.8388778,-7.827081],[125.8250432,-7.8370094],[125.8142196,-7.8502743],[125.8083602,-7.8641904],[125.8084416,-7.9342587],[125.8051864,-7.9454892],[125.7981877,-7.9532203],[125.7863062,-7.971124],[125.7758895,-7.9917945],[125.7741805,-8.0075823],[125.7893173,-8.0160458],[125.8120223,-8.0075823],[125.8977157,-7.9392229],[125.9020288,-7.9372698],[125.9128524,-7.9349911],[125.9181421,-7.9325497],[125.9213973,-7.9275042],[125.9240015,-7.9151344],[125.9250594,-7.9118792],[125.9350692,-7.9078915],[125.9461369,-7.9060198],[125.9694117,-7.905857],[125.9803166,-7.903497],[125.9987899,-7.8937314],[126.0539657,-7.8846982]]],[[[136.3756617,-1.0936825],[136.3167424,-1.0856259],[136.3073023,-1.0763486],[136.2971298,-1.0543759],[136.2734481,-1.0472958],[136.2459416,-1.0487607],[136.22462,-1.0528297],[136.220551,-1.0567359],[136.2087508,-1.0640602],[136.1962997,-1.0665829],[136.1873479,-1.0495745],[136.1733505,-1.0313453],[136.1635848,-1.0049781],[136.1481226,-0.9913876],[136.1297307,-0.9784482],[136.1147567,-0.9634742],[136.111827,-0.95379],[136.1090601,-0.9401181],[136.1049911,-0.9278297],[136.0925399,-0.9188779],[136.084646,-0.9102516],[136.0776473,-0.8999977],[136.0657658,-0.8716773],[136.0455835,-0.853204],[135.9663192,-0.7960751],[135.8935653,-0.721124],[135.869314,-0.70379],[135.8474227,-0.6958961],[135.8283798,-0.7008603],[135.8086044,-0.7141253],[135.7928166,-0.7291806],[135.7864689,-0.7403297],[135.7775171,-0.7487118],[135.7570907,-0.7393531],[135.7251083,-0.7164039],[135.7163192,-0.7194964],[135.704926,-0.7267392],[135.695079,-0.7295875],[135.6909286,-0.7198219],[135.6887313,-0.7086728],[135.679454,-0.6913388],[135.6772567,-0.6856422],[135.6665145,-0.6827939],[135.6015731,-0.6958961],[135.5924585,-0.6754697],[135.5833439,-0.6666806],[135.5626734,-0.6763648],[135.5512801,-0.6771786],[135.4987899,-0.6724586],[135.4690048,-0.6642392],[135.4631454,-0.6613909],[135.4524846,-0.6542294],[135.446788,-0.6521135],[135.4409286,-0.6524391],[135.429454,-0.6554501],[135.4233505,-0.6548805],[135.4145614,-0.6486956],[135.3989364,-0.6310361],[135.3893335,-0.6276181],[135.3703719,-0.6359189],[135.3698837,-0.653497],[135.3937281,-0.7234026],[135.422618,-0.7623837],[135.4586695,-0.7927385],[135.4917098,-0.8051083],[135.4797469,-0.780206],[135.4790145,-0.7687314],[135.4848739,-0.7572568],[135.6406356,-0.8816057],[135.6608179,-0.8871396],[135.6840926,-0.86712],[135.6999618,-0.8449033],[135.7190861,-0.8248023],[135.7409774,-0.8190243],[135.7653915,-0.839288],[135.7810165,-0.8726539],[135.7994898,-0.9703102],[135.8117782,-1.0035133],[135.813243,-1.0149065],[135.8164169,-1.0202776],[135.8310653,-1.0396461],[135.8343205,-1.0490048],[135.8282984,-1.1078427],[135.8343205,-1.1285133],[135.846202,-1.1476376],[135.8640243,-1.1675758],[135.8850204,-1.183038],[135.9060165,-1.1893857],[135.9299423,-1.1862932],[135.9685165,-1.1726214],[135.9913843,-1.1688779],[136.0363876,-1.1764462],[136.0994572,-1.215997],[136.1428329,-1.2234026],[136.1606551,-1.2208798],[136.1816512,-1.2154273],[136.2011825,-1.2079404],[136.2146916,-1.1994768],[136.2306421,-1.1929664],[136.2936304,-1.1832008],[136.3406682,-1.1473935],[136.351329,-1.1415341],[136.3684188,-1.136163],[136.3811141,-1.1232236],[136.384939,-1.1075172],[136.3756617,-1.0936825]]],[[[128.0905868,-1.7101376],[128.1264755,-1.6936174],[128.1511337,-1.6696917],[128.1590275,-1.6369768],[128.1451929,-1.5940081],[128.1346135,-1.5728492],[128.1263127,-1.5636533],[128.1145126,-1.5598284],[128.1067001,-1.5619443],[128.0983993,-1.5656878],[128.0896102,-1.5673154],[128.0803329,-1.5629208],[128.0706486,-1.5567359],[128.0467229,-1.5463193],[128.0353296,-1.5387509],[128.0266219,-1.5294736],[128.0080673,-1.5045712],[127.9298609,-1.4499651],[127.9191187,-1.4457333],[127.8989364,-1.4266904],[127.8857528,-1.4220517],[127.8754989,-1.4240048],[127.8584091,-1.4340146],[127.8517359,-1.4362932],[127.8308212,-1.4315732],[127.8056747,-1.4192034],[127.7848413,-1.4024391],[127.7758895,-1.384454],[127.7653915,-1.3684221],[127.7410588,-1.3547503],[127.7135523,-1.3449846],[127.634288,-1.3287086],[127.6245223,-1.3295224],[127.521495,-1.4010556],[127.5146591,-1.4122047],[127.5109969,-1.4213193],[127.4939071,-1.4447568],[127.4878036,-1.4499651],[127.4817001,-1.4481747],[127.4599716,-1.4288876],[127.4353133,-1.4122047],[127.428396,-1.4151344],[127.4257919,-1.4393857],[127.4200952,-1.4563128],[127.4094344,-1.4734026],[127.4035751,-1.4916318],[127.4128524,-1.5114072],[127.3992619,-1.5276018],[127.396495,-1.5402971],[127.3982854,-1.5542945],[127.3986109,-1.5735003],[127.3830673,-1.6106096],[127.3786727,-1.6322568],[127.4326278,-1.686456],[127.4941512,-1.7174618],[127.5327255,-1.7313779],[127.5688583,-1.7321917],[127.6486923,-1.7242978],[127.658051,-1.7190081],[127.6696883,-1.7072893],[127.6845809,-1.6955706],[127.7032984,-1.6901995],[127.8547469,-1.6964658],[127.8769637,-1.6934547],[127.9130966,-1.682387],[127.9334416,-1.6827939],[128.0515243,-1.7145322],[128.0905868,-1.7101376]]],[[[134.1460067,-6.1887346],[134.1359969,-6.1769345],[134.1237899,-6.1715634],[134.1119898,-6.1729469],[134.1027124,-6.1801083],[134.0975041,-6.1920712],[134.0991317,-6.2256812],[134.1215926,-6.2919247],[134.127452,-6.3252906],[134.1203719,-6.4198544],[134.1369735,-6.450372],[134.1894637,-6.445245],[134.1911727,-6.4628232],[134.2082626,-6.4898414],[134.2099716,-6.5074195],[134.1858016,-6.4891904],[134.1311141,-6.4797503],[134.1206161,-6.4623349],[134.1175236,-6.452081],[134.1106063,-6.4591611],[134.1037704,-6.4748674],[134.0859481,-6.6420224],[134.0665796,-6.7196591],[134.054454,-6.7516415],[134.0529891,-6.7643368],[134.0550236,-6.7751604],[134.0644637,-6.7955868],[134.0734156,-6.8267555],[134.0898544,-6.8383115],[134.127452,-6.8493792],[134.1404729,-6.854913],[134.1461695,-6.858982],[134.1584579,-6.8736305],[134.1850692,-6.9186337],[134.2073674,-6.9113095],[134.2448023,-6.8834775],[134.3107202,-6.8594703],[134.3588973,-6.8207333],[134.3642684,-6.8077939],[134.3471786,-6.8015276],[134.3982854,-6.7196591],[134.4089462,-6.7150204],[134.4215601,-6.7041969],[134.4321395,-6.6915829],[134.4365341,-6.6820615],[134.4337671,-6.6770159],[134.4204208,-6.6641578],[134.4017033,-6.6649716],[134.4017033,-6.6574846],[134.4287216,-6.6527646],[134.4503687,-6.6605771],[134.4721786,-6.6617978],[134.4992782,-6.6377906],[134.504161,-6.6275367],[134.5083114,-6.6090634],[134.5153915,-6.5995419],[134.521495,-6.5868466],[134.5105087,-6.5806617],[134.4843856,-6.5756161],[134.4775497,-6.5313453],[134.4797469,-6.5254859],[134.4843856,-6.5226376],[134.4890243,-6.5206845],[134.4912216,-6.5172665],[134.4900008,-6.5113258],[134.4878036,-6.5085589],[134.4853622,-6.5069312],[134.4817001,-6.4977353],[134.4638778,-6.4657529],[134.4620874,-6.4603818],[134.4620874,-6.4556617],[134.4612736,-6.4508603],[134.4570419,-6.445245],[134.4499618,-6.4413388],[134.4460555,-6.4434547],[134.4426376,-6.4463844],[134.4365341,-6.445245],[134.4204208,-6.4327939],[134.4072372,-6.419122],[134.392426,-6.4082984],[134.3493758,-6.3998349],[134.3297632,-6.3893368],[134.3127548,-6.3742001],[134.287771,-6.3418922],[134.2880966,-6.3360328],[134.2959091,-6.3252906],[134.2998153,-6.3158505],[134.2988387,-6.3058408],[134.294607,-6.2977841],[134.288829,-6.2945289],[134.2771102,-6.2902158],[134.2472437,-6.2683245],[134.2140406,-6.2347958],[134.1987411,-6.2242978],[134.163829,-6.2150204],[134.1540633,-6.2030575],[134.1460067,-6.1887346]]],[[[136.5461532,-1.8890927],[136.5400497,-1.8795712],[136.5325627,-1.873956],[136.5325627,-1.8677711],[136.5529891,-1.86712],[136.6448674,-1.8763974],[136.6567489,-1.873956],[136.6663518,-1.8684221],[136.674327,-1.8619117],[136.6828719,-1.8563779],[136.7048446,-1.8522275],[136.7150171,-1.8472633],[136.7225041,-1.8395322],[136.7255966,-1.8298479],[136.7298283,-1.8261044],[136.7597762,-1.8261044],[136.7942001,-1.8207333],[136.8723251,-1.8192685],[136.8813583,-1.816176],[136.888357,-1.8025042],[136.8994247,-1.7994931],[136.8992619,-1.7946103],[136.8484807,-1.7653134],[136.8308212,-1.7583961],[136.8144637,-1.7541643],[136.7768661,-1.7516415],[136.7607528,-1.7484677],[136.7231551,-1.7343075],[136.7046005,-1.7305641],[136.6189071,-1.7379697],[136.4539494,-1.7174618],[136.3903101,-1.7257626],[136.3681747,-1.7242978],[136.3326929,-1.7096493],[136.3117782,-1.6978492],[136.2970484,-1.686456],[136.2878524,-1.6820615],[136.2635197,-1.6836891],[136.2526962,-1.6827939],[136.2456161,-1.6783993],[136.2369898,-1.6664365],[136.2321883,-1.6622861],[136.1912541,-1.6539039],[136.0988876,-1.6547177],[136.0603133,-1.6417783],[136.0324813,-1.6519508],[135.957286,-1.6315243],[135.8967391,-1.6480445],[135.8559676,-1.6439755],[135.7864689,-1.6281064],[135.5830184,-1.6138648],[135.4773055,-1.5899391],[135.4635523,-1.5895322],[135.4575301,-1.597426],[135.4497176,-1.5968564],[135.4339299,-1.6031227],[135.4222111,-1.6107724],[135.4265243,-1.6144345],[135.4362085,-1.6180966],[135.4396265,-1.6265602],[135.4406844,-1.6356747],[135.4432072,-1.6417783],[135.4492294,-1.6426734],[135.4659937,-1.6403134],[135.471202,-1.6417783],[135.478689,-1.6554501],[135.4802352,-1.6661923],[135.4838973,-1.6749814],[135.4978947,-1.6827939],[135.5266219,-1.6862118],[135.5545354,-1.6832822],[135.5808212,-1.6842587],[135.6047469,-1.7001279],[135.6162216,-1.7041969],[135.6316024,-1.6998837],[135.6461695,-1.6931292],[135.6560979,-1.6901995],[135.6683049,-1.6941057],[135.6799423,-1.7053362],[135.6909286,-1.7101376],[135.7058212,-1.7047665],[135.7180282,-1.7033017],[135.7285262,-1.7069638],[135.7415471,-1.7204729],[135.7487899,-1.7235654],[135.7838648,-1.7277158],[135.8156844,-1.7447242],[135.8343205,-1.7516415],[135.8762313,-1.753676],[135.8948674,-1.7575009],[135.9025985,-1.7687314],[135.9123641,-1.7716611],[135.9573674,-1.7922503],[135.9841415,-1.8082008],[135.9975692,-1.8143857],[136.0141708,-1.8180478],[136.0363876,-1.8192685],[136.0432235,-1.8220354],[136.0581161,-1.835219],[136.0671493,-1.8397763],[136.0771591,-1.8409156],[136.0983179,-1.8394508],[136.1086532,-1.8397763],[136.1848251,-1.8558896],[136.2160751,-1.8733049],[136.2321883,-1.901788],[136.2426864,-1.8944638],[136.2526962,-1.8923479],[136.2609156,-1.8969052],[136.266368,-1.9093564],[136.273204,-1.9093564],[136.2786564,-1.8957659],[136.2838648,-1.8869768],[136.2902938,-1.8804664],[136.3004663,-1.873956],[136.3003036,-1.8762346],[136.3084416,-1.8760719],[136.3170679,-1.8746884],[136.3171493,-1.873956],[136.3230087,-1.8718401],[136.3320419,-1.8629697],[136.3376571,-1.8609352],[136.3574325,-1.8640276],[136.397146,-1.8781878],[136.4130966,-1.881443],[136.4438583,-1.8928362],[136.4539494,-1.8951148],[136.4658309,-1.8937314],[136.4863387,-1.8884417],[136.4985458,-1.8882789],[136.5066024,-1.8908017],[136.524913,-1.8999977],[136.5363062,-1.901788],[136.5463973,-1.8978818],[136.5461532,-1.8890927]]],[[[123.3571883,-1.4729143],[123.3621525,-1.5114072],[123.3811955,-1.4983049],[123.4083765,-1.5165341],[123.4275822,-1.5079892],[123.4357202,-1.5031064],[123.453868,-1.4987932],[123.4621688,-1.4943173],[123.5031031,-1.4600562],[123.5285751,-1.433038],[123.5334579,-1.4220517],[123.5348413,-1.4122861],[123.5334579,-1.3811174],[123.5384221,-1.3606096],[123.5517684,-1.3243141],[123.5537216,-1.3033993],[123.5509546,-1.2847633],[123.5390731,-1.272719],[123.5217391,-1.26629],[123.5031031,-1.2644182],[123.486827,-1.2592099],[123.4650171,-1.2362607],[123.4550887,-1.2308896],[123.441661,-1.2377255],[123.435232,-1.250665],[123.4284774,-1.257745],[123.4140731,-1.2477353],[123.4117945,-1.2398414],[123.4099227,-1.228204],[123.4069117,-1.2194964],[123.4000757,-1.2203915],[123.3928329,-1.2235654],[123.3836369,-1.2242978],[123.3659774,-1.2234026],[123.3522242,-1.2291806],[123.3444117,-1.2426083],[123.3354598,-1.2719052],[123.3211369,-1.292413],[123.3165796,-1.296482],[123.3046981,-1.3028297],[123.3007919,-1.3059221],[123.272146,-1.3547503],[123.2553817,-1.3771298],[123.2319442,-1.3947079],[123.2277938,-1.3796526],[123.228038,-1.3484026],[123.2257593,-1.3326962],[123.2199813,-1.3249651],[123.2104598,-1.3168271],[123.2016708,-1.3073056],[123.1976018,-1.2955055],[123.1987411,-1.2687314],[123.2018335,-1.2565243],[123.2078557,-1.2513974],[123.2221786,-1.2487118],[123.2304794,-1.2417945],[123.2370712,-1.2326799],[123.2461044,-1.2234026],[123.2010197,-1.155206],[123.1941838,-1.1516253],[123.1894637,-1.1452776],[123.1828719,-1.1422665],[123.1704208,-1.14837],[123.1643173,-1.1583798],[123.1630966,-1.1698544],[123.1593531,-1.1792945],[123.1462508,-1.1832008],[123.1337997,-1.1798642],[123.1251734,-1.1727841],[123.1183374,-1.1657854],[123.1120712,-1.162693],[123.0742294,-1.162693],[123.0297958,-1.1688779],[123.0171005,-1.1726214],[122.9973251,-1.1903622],[122.9853622,-1.1960589],[122.9715275,-1.1944312],[122.9358016,-1.1798642],[122.913829,-1.1763648],[122.8986923,-1.1843401],[122.8361109,-1.2740211],[122.8208114,-1.3137346],[122.810883,-1.3580868],[122.8073837,-1.4016253],[122.8120223,-1.4436174],[122.8740341,-1.584568],[122.8958439,-1.5895322],[122.9199325,-1.5744768],[122.9931747,-1.5092099],[123.0139266,-1.4856096],[123.0332137,-1.4562314],[123.0451766,-1.4244931],[123.053396,-1.4084612],[123.0639755,-1.4016253],[123.0719507,-1.3939755],[123.0945744,-1.3463681],[123.1079208,-1.3385556],[123.1235458,-1.3327776],[123.1369735,-1.3244768],[123.1455184,-1.2999814],[123.1523544,-1.300551],[123.1594344,-1.3062477],[123.1635848,-1.3121884],[123.1648869,-1.3220354],[123.1635848,-1.3537737],[123.1848251,-1.4856096],[123.1772567,-1.5182431],[123.13087,-1.5476214],[123.1189071,-1.5524228],[123.111827,-1.556329],[123.1091415,-1.5656878],[123.1106877,-1.5769182],[123.115896,-1.5866025],[123.1238713,-1.5914853],[123.1567489,-1.600844],[123.1643986,-1.6096331],[123.1699325,-1.6193987],[123.178396,-1.6224911],[123.2151799,-1.5954729],[123.2268173,-1.593357],[123.2319442,-1.6041806],[123.2355249,-1.6270484],[123.2433374,-1.6324195],[123.2504989,-1.6227353],[123.2522893,-1.600844],[123.2498479,-1.5106747],[123.2587997,-1.465997],[123.2802841,-1.4288876],[123.2885848,-1.4215634],[123.2963973,-1.4176572],[123.3055119,-1.4161109],[123.3177189,-1.4157854],[123.3268335,-1.4211565],[123.3281356,-1.4328753],[123.3276473,-1.444594],[123.3317977,-1.4499651],[123.3501083,-1.4567197],[123.3571883,-1.4729143]]],[[[128.6303817,2.5446231],[128.6201278,2.5604516],[128.5960393,2.608588],[128.5832626,2.6251895],[128.5664169,2.6336124],[128.5459091,2.6238467],[128.5314234,2.6011417],[128.5251571,2.5824242],[128.5151473,2.573391],[128.4884546,2.5795352],[128.4747827,2.5907657],[128.4665633,2.5943057],[128.4573674,2.590074],[128.4376734,2.5756697],[128.4300236,2.5675723],[128.4194442,2.5326195],[128.4007268,2.518378],[128.3580835,2.4975447],[128.3211369,2.4586449],[128.2766219,2.3687198],[128.2487899,2.3262393],[128.2077743,2.2865258],[128.1971135,2.2661807],[128.217133,2.2573917],[128.232107,2.2468122],[128.2414657,2.2224796],[128.2487899,2.1754418],[128.2461044,2.1061466],[128.2519637,2.0894229],[128.283702,2.0576033],[128.2885848,2.0396182],[128.275564,2.0171573],[128.2690536,1.9953474],[128.2895614,2.0014102],[128.3170679,2.0197208],[128.3308212,2.0348575],[128.3449813,2.0399438],[128.490245,2.0542667],[128.5095321,2.0624454],[128.566661,2.1099307],[128.5730087,2.1205915],[128.5852157,2.1548526],[128.6421005,2.2611758],[128.6455184,2.3262393],[128.6608179,2.3622908],[128.6816512,2.3990746],[128.6945093,2.4388695],[128.6863713,2.4839542],[128.6421005,2.5379092],[128.6303817,2.5446231]]],[[[124.5454208,-8.1301409],[124.4963485,-8.1386044],[124.475271,-8.1325823],[124.4626571,-8.1386044],[124.4506942,-8.1490211],[124.4419051,-8.1620419],[124.4384872,-8.1758766],[124.4327906,-8.1910947],[124.4196883,-8.2022437],[124.4055282,-8.2111142],[124.3968205,-8.2204729],[124.392426,-8.265232],[124.4212346,-8.2675107],[124.4931747,-8.2334937],[124.5156356,-8.2256812],[124.537771,-8.2204729],[124.547618,-8.2237281],[124.547618,-8.2307268],[124.5429794,-8.2378883],[124.5329696,-8.243829],[124.5192977,-8.2575009],[124.5141708,-8.2614072],[124.5044051,-8.2640927],[124.4726669,-8.2688128],[124.4104924,-8.3060849],[124.4067489,-8.3205706],[124.3860783,-8.358331],[124.3764755,-8.3712704],[124.3453882,-8.3964169],[124.3335067,-8.4130185],[124.3385523,-8.4293759],[124.346202,-8.4392229],[124.3507593,-8.4488258],[124.357107,-8.4563128],[124.3702906,-8.4606259],[124.3732202,-8.4582659],[124.3909611,-8.4489072],[124.3968205,-8.4470354],[124.4069117,-8.4511044],[124.4182235,-8.4646135],[124.4279077,-8.4674618],[124.4375106,-8.464288],[124.4441838,-8.4572079],[124.4495549,-8.4502906],[124.4554143,-8.4470354],[124.460704,-8.4450823],[124.4863387,-8.4327939],[124.4954533,-8.4303525],[124.5019637,-8.4297828],[124.5203557,-8.4327939],[124.5265406,-8.4356422],[124.5384221,-8.4450009],[124.544607,-8.4470354],[124.5495712,-8.4458961],[124.5590926,-8.4406878],[124.5760197,-8.4374325],[124.5964462,-8.4281552],[124.6167098,-8.4231096],[124.6391708,-8.4102516],[124.6501571,-8.4054501],[124.6616317,-8.4034156],[124.6700952,-8.4030901],[124.7253524,-8.4097633],[124.7661239,-8.4084612],[124.9323837,-8.377374],[125.0212508,-8.3712704],[125.078868,-8.3593075],[125.0997827,-8.3575986],[125.1233016,-8.3523089],[125.134288,-8.3390439],[125.1374618,-8.3213844],[125.1391708,-8.2335751],[125.1340438,-8.2170549],[125.1245223,-8.2058245],[125.1032007,-8.1726214],[125.0925399,-8.1615536],[125.0869247,-8.1587867],[125.0808212,-8.1594378],[125.0465601,-8.1578102],[124.9967554,-8.1652158],[124.9842229,-8.1632626],[124.9762476,-8.1588681],[124.9708765,-8.1542294],[124.9660751,-8.1515439],[124.9523218,-8.1498349],[124.9477645,-8.151137],[124.9453231,-8.1545549],[124.9381617,-8.1589495],[124.8982854,-8.1681454],[124.7736109,-8.1589495],[124.6879989,-8.1652158],[124.6650497,-8.1696917],[124.6434025,-8.1804339],[124.603038,-8.206801],[124.5892033,-8.1906064],[124.585704,-8.1457659],[124.5686955,-8.1310361],[124.5454208,-8.1301409]]],[[[116.0760197,-3.9098447],[116.088715,-3.9247372],[116.091482,-3.9343401],[116.0871688,-3.9435361],[116.0778101,-3.9483375],[116.06837,-3.9511044],[116.0642196,-3.9545224],[116.0603133,-3.9753557],[116.0534774,-3.9978167],[116.0501408,-4.0201962],[116.0573837,-4.040704],[116.0710555,-4.0328915],[116.0828557,-4.0377743],[116.0903426,-4.050551],[116.091482,-4.0668271],[116.0997827,-4.0606422],[116.1155705,-4.0367164],[116.1246851,-4.0303687],[116.1445419,-4.0241025],[116.1535751,-4.0197079],[116.170258,-4.0040016],[116.177745,-3.9952939],[116.1809188,-3.9893531],[116.1838485,-3.9870745],[116.1989852,-3.979262],[116.2047632,-3.9752743],[116.2075301,-3.9694964],[116.2065536,-3.9567197],[116.2081812,-3.9513486],[116.2150985,-3.9437802],[116.2218531,-3.9396298],[116.2312118,-3.9380836],[116.2459416,-3.9377581],[116.2570907,-3.9346656],[116.2627059,-3.9270159],[116.2675887,-3.9179013],[116.2763778,-3.9098447],[116.2854924,-3.9082984],[116.2968856,-3.9079729],[116.3064885,-3.9044736],[116.3105575,-3.8933245],[116.3079533,-3.8785947],[116.2949325,-3.8545875],[116.2893986,-3.8409156],[116.2892359,-3.8156064],[116.299327,-3.7990862],[116.3115341,-3.7857398],[116.3210555,-3.7569312],[116.3332626,-3.7497698],[116.3310653,-3.7390276],[116.3249618,-3.7320289],[116.3097437,-3.7245419],[116.3037216,-3.7180315],[116.3037216,-3.6801083],[116.3025822,-3.6698544],[116.2968856,-3.6460914],[116.2988387,-3.6021461],[116.2970484,-3.5847307],[116.2893986,-3.5665829],[116.281993,-3.5536435],[116.2740992,-3.5328915],[116.2763778,-3.5136044],[116.3210555,-3.4977353],[116.3188583,-3.4804013],[116.3046981,-3.4601376],[116.2893986,-3.4442685],[116.2630314,-3.4055315],[116.2589624,-3.3666318],[116.272146,-3.2677548],[116.2761337,-3.2562802],[116.2785751,-3.2447242],[116.2763778,-3.2320289],[116.2678329,-3.2188453],[116.2614038,-3.2225888],[116.2547307,-3.2325986],[116.2459416,-3.2382138],[116.2291773,-3.245538],[116.1706649,-3.2968075],[116.1591903,-3.3036435],[116.1262313,-3.3186174],[116.1193954,-3.3241513],[116.1179305,-3.3361142],[116.0966903,-3.3996721],[116.0525008,-3.4786923],[116.0463973,-3.4974911],[116.040538,-3.5663388],[116.016368,-3.6291643],[116.0130314,-3.6504859],[116.0190536,-3.7248674],[116.0256454,-3.7401669],[116.0437118,-3.7658017],[116.0660913,-3.7870419],[116.0744735,-3.8008766],[116.0778101,-3.8244768],[116.0688583,-3.885512],[116.0715438,-3.9030087],[116.0760197,-3.9098447]]],[[[130.3830673,-2.0083961],[130.3899032,-2.000665],[130.3938908,-1.9948056],[130.3984481,-1.9896786],[130.4062606,-1.9838193],[130.4179794,-1.9807268],[130.4298609,-1.9802385],[130.4368596,-1.9763323],[130.4343368,-1.9633115],[130.3442489,-1.9284807],[130.3549911,-1.9122047],[130.3864852,-1.8882789],[130.3969833,-1.8854306],[130.4057723,-1.8850237],[130.4117945,-1.8817685],[130.4157007,-1.8580868],[130.4204208,-1.8556454],[130.4280705,-1.8557268],[130.4377548,-1.8506812],[130.439952,-1.8357073],[130.4313257,-1.8146298],[130.4179794,-1.7935523],[130.4062606,-1.7789853],[130.3518173,-1.7413876],[130.3571883,-1.6949195],[130.3533635,-1.6801083],[130.3429468,-1.6766904],[130.332286,-1.6766904],[130.3215438,-1.6791318],[130.2890731,-1.6921526],[130.2677515,-1.7045224],[130.2482202,-1.7188453],[130.2317001,-1.7343075],[130.2204696,-1.7360165],[130.1604924,-1.7242978],[130.1370549,-1.7252743],[130.0960393,-1.7354469],[130.0517684,-1.7394345],[130.0307723,-1.743829],[130.0119735,-1.7501767],[129.9587508,-1.7806943],[129.9387313,-1.7892392],[129.9050399,-1.7937151],[129.8952743,-1.7968075],[129.8794051,-1.8057594],[129.8776148,-1.8082822],[129.8772079,-1.8119443],[129.8762313,-1.8158505],[129.8725692,-1.8192685],[129.7452906,-1.8634579],[129.7148544,-1.881443],[129.7329208,-1.9037411],[129.7438257,-1.9122047],[129.768077,-1.9181454],[129.8105575,-1.9359677],[129.8164169,-1.9408505],[129.8343205,-1.9601376],[129.8408309,-1.9640439],[129.8562118,-1.9694964],[129.873383,-1.9820289],[129.9040633,-1.9932594],[129.9170028,-2.0015602],[129.9255477,-2.0038388],[129.9689234,-2.0049781],[130.0128687,-2.0254859],[130.0659286,-2.0226376],[130.0869247,-2.026137],[130.1128036,-2.038995],[130.1085718,-2.0404599],[130.0984807,-2.045831],[130.1064559,-2.0487607],[130.1130477,-2.0531552],[130.1194768,-2.0590146],[130.1264755,-2.0669898],[130.1543075,-2.0587704],[130.2233993,-2.0577939],[130.2561141,-2.045831],[130.2649846,-2.0352516],[130.2752385,-2.0191383],[130.28712,-2.0045712],[130.3005477,-1.9981422],[130.3088485,-1.991469],[130.3269963,-1.9605445],[130.3381454,-1.9496396],[130.3410751,-1.9553362],[130.3430282,-1.9649391],[130.3449813,-1.9701474],[130.3424585,-1.9735654],[130.3395288,-1.983331],[130.3400171,-1.9934221],[130.3483993,-1.9981422],[130.3575952,-2.0016415],[130.3654891,-2.0085589],[130.3735458,-2.0127906],[130.3830673,-2.0083961]]],[[[127.625743,-0.752374],[127.6381942,-0.7572568],[127.644786,-0.7629534],[127.6506454,-0.7711728],[127.6555282,-0.7809384],[127.6585393,-0.7914365],[127.6534937,-0.8146298],[127.6534937,-0.8274065],[127.6623641,-0.8331031],[127.6738387,-0.8361956],[127.6784774,-0.843357],[127.6801864,-0.8502743],[127.6831161,-0.8536109],[127.694021,-0.8546689],[127.7177841,-0.8622372],[127.7275497,-0.86712],[127.7487899,-0.8853492],[127.7548934,-0.8876279],[127.7653101,-0.8845354],[127.7866317,-0.8703753],[127.7994898,-0.86712],[127.8126734,-0.8666318],[127.8222762,-0.8643531],[127.8308212,-0.8591448],[127.8762313,-0.8178036],[127.8881942,-0.8021786],[127.8919377,-0.7852516],[127.898204,-0.7735328],[127.898204,-0.7673479],[127.8889266,-0.7647437],[127.8826604,-0.764581],[127.8795679,-0.7633603],[127.8784286,-0.7601865],[127.8782658,-0.7540016],[127.8751734,-0.7443173],[127.8610946,-0.7257626],[127.8579208,-0.7198219],[127.8486434,-0.7129859],[127.8046981,-0.6941057],[127.7895614,-0.6896298],[127.7251083,-0.6940243],[127.7101343,-0.6993141],[127.7011825,-0.706801],[127.6901962,-0.713637],[127.6782333,-0.717706],[127.6660262,-0.7164039],[127.6526799,-0.7072079],[127.6496688,-0.6967099],[127.6513778,-0.6858049],[127.6511337,-0.6524391],[127.6474716,-0.644301],[127.6350204,-0.64129],[127.6228947,-0.640232],[127.6130477,-0.6364072],[127.6064559,-0.6290829],[127.6040145,-0.61712],[127.6076766,-0.5938453],[127.6176864,-0.5731747],[127.6765243,-0.5035133],[127.6879989,-0.4806454],[127.6831161,-0.4600562],[127.6662704,-0.4357236],[127.6585393,-0.4283993],[127.6517033,-0.4152971],[127.6477971,-0.4143206],[127.6359156,-0.4161923],[127.6320093,-0.4152971],[127.6272079,-0.4089495],[127.6225692,-0.3995908],[127.6191512,-0.3886044],[127.6176864,-0.3775367],[127.6123153,-0.3663062],[127.5888778,-0.3519833],[127.5835067,-0.3430315],[127.5786239,-0.3249651],[127.5661727,-0.3165016],[127.5322372,-0.3049456],[127.5307723,-0.3031552],[127.5297958,-0.3007138],[127.5281682,-0.2987607],[127.5241805,-0.2980283],[127.5168563,-0.3019345],[127.5115666,-0.3106422],[127.5087997,-0.3207333],[127.5078231,-0.3290341],[127.504161,-0.3351376],[127.4958602,-0.3391253],[127.4866643,-0.3424618],[127.4804794,-0.3464495],[127.4741317,-0.3632138],[127.4689234,-0.3864072],[127.4609481,-0.4068336],[127.4462997,-0.4152971],[127.4353133,-0.4112281],[127.4265243,-0.4014625],[127.4205835,-0.3889299],[127.4165145,-0.3677711],[127.4114689,-0.3624],[127.4050399,-0.3586565],[127.3986109,-0.3539365],[127.3828231,-0.3363583],[127.3728133,-0.3290341],[127.361176,-0.3258603],[127.3507593,-0.3287086],[127.3304143,-0.3394508],[127.316661,-0.3396135],[127.3281356,-0.3651669],[127.3302515,-0.3737118],[127.3293563,-0.3980445],[127.322439,-0.4169247],[127.3117782,-0.4322242],[127.2995712,-0.4457333],[127.29184,-0.4601376],[127.291189,-0.4768206],[127.295258,-0.4943173],[127.3029891,-0.5109189],[127.3139755,-0.5222307],[127.3444117,-0.5446103],[127.3507593,-0.5552711],[127.3532821,-0.5629208],[127.3711044,-0.5928687],[127.3745223,-0.5940081],[127.3874618,-0.597426],[127.3923446,-0.5997047],[127.3953557,-0.6046689],[127.3973088,-0.6168759],[127.3986109,-0.6202125],[127.4088648,-0.6242001],[127.4269312,-0.6255836],[127.4360458,-0.6306292],[127.4670516,-0.6398251],[127.4702255,-0.64129],[127.4707137,-0.6525204],[127.4394637,-0.7164039],[127.4372665,-0.7290992],[127.4415796,-0.7728818],[127.4505314,-0.7929013],[127.4524846,-0.8020159],[127.4576929,-0.8156064],[127.4698999,-0.8184547],[127.5356551,-0.7989234],[127.5896916,-0.7687314],[127.6074325,-0.7647437],[127.6163843,-0.7614885],[127.6204533,-0.7555478],[127.625743,-0.752374]]],[[[95.9719344,2.6122094],[95.9806421,2.6026879],[95.9860946,2.6000023],[96.0109969,2.6008975],[96.0202743,2.6000023],[96.0426538,2.5920271],[96.0656844,2.5794132],[96.2399195,2.4486758],[96.2851669,2.4364281],[96.306163,2.4050967],[96.3281356,2.3945173],[96.3226018,2.3897973],[96.3128361,2.3786482],[96.3076278,2.3740909],[96.3208114,2.3634708],[96.3349716,2.3554548],[96.3510848,2.3550479],[96.3696395,2.367255],[96.4113876,2.3438175],[96.4209091,2.3430036],[96.4306747,2.3487816],[96.4658309,2.3598087],[96.4585067,2.3598087],[96.4812118,2.3639997],[96.4812118,2.3788516],[96.4751083,2.3978539],[96.4795028,2.4149844],[96.4650171,2.4378116],[96.4441024,2.4903832],[96.424327,2.5105655],[96.4172469,2.5063337],[96.4106551,2.5089379],[96.396495,2.5248477],[96.3969833,2.4931094],[96.3952743,2.4773624],[96.3901473,2.4696719],[96.3752548,2.473863],[96.3678492,2.4896915],[96.3639429,2.5084903],[96.3591415,2.5214298],[96.3359481,2.5521508],[96.3212997,2.5661482],[96.3042098,2.5720889],[96.2907007,2.5751814],[96.2578231,2.5918643],[96.2461044,2.6000023],[96.1579696,2.680406],[96.1437281,2.6787784],[96.1469833,2.6707217],[96.1608993,2.6612003],[96.1642359,2.6546085],[96.1618758,2.6477725],[96.1562606,2.6484236],[96.147146,2.6546085],[96.1384383,2.6583926],[96.1297307,2.664781],[96.118663,2.6660017],[96.1027938,2.6546085],[96.1018173,2.6754418],[96.13087,2.7152774],[96.1263127,2.73371],[96.1067814,2.7496605],[96.0905054,2.7577986],[96.0283309,2.7684594],[96.0032658,2.7770043],[95.9817001,2.7903507],[95.9645288,2.8279483],[95.927745,2.8445499],[95.9172469,2.8606632],[95.8830673,2.8463809],[95.8829859,2.8839379],[95.8907984,2.8891055],[95.910411,2.873684],[95.9118758,2.9062361],[95.8840438,2.9190128],[95.8141382,2.9221052],[95.8110458,2.9274356],[95.8015243,2.9375675],[95.7915145,2.9425316],[95.7868758,2.9326846],[95.7846786,2.9249535],[95.773204,2.9050154],[95.7718205,2.8954532],[95.7667749,2.8781192],[95.766368,2.8674991],[95.7698674,2.8648949],[95.7766219,2.8609887],[95.7815048,2.8550479],[95.7800399,2.8463809],[95.7687281,2.8408064],[95.7148544,2.8401553],[95.6995549,2.8317732],[95.6926376,2.8128116],[95.6926376,2.7920596],[95.6980087,2.778754],[95.7102157,2.7774926],[95.7278752,2.7792423],[95.7400822,2.7780622],[95.7356877,2.7678897],[95.7351994,2.75788],[95.7487899,2.7499047],[95.7615666,2.7399356],[95.7589624,2.7241072],[95.7889104,2.7040063],[95.7942814,2.6962344],[95.7874455,2.6740583],[95.7853296,2.6605899],[95.790538,2.6546085],[95.8625594,2.6546085],[95.8747665,2.6458194],[95.8777775,2.6371117],[95.8781844,2.6285668],[95.8830673,2.6204288],[95.8921005,2.6156273],[95.9114689,2.6102969],[95.9314071,2.5956078],[95.939952,2.5951602],[95.9475204,2.5980492],[95.9550887,2.6000023],[95.9580184,2.6022403],[95.9612736,2.6071231],[95.9650985,2.6142439],[95.9719344,2.6122094]]],[[[108.2236434,3.6703962],[108.238536,3.6762556],[108.2535913,3.676988],[108.2851669,3.6744652],[108.3000594,3.6762556],[108.3176376,3.6837833],[108.3239852,3.6926944],[108.3278915,3.7240665],[108.3332626,3.7404239],[108.3410751,3.756293],[108.382579,3.8098819],[108.3893335,3.8221703],[108.4062606,3.874335],[108.4065048,3.8845889],[108.3961695,3.8748233],[108.3801376,3.8911807],[108.3720809,3.8935408],[108.3620712,3.8885766],[108.3659774,3.905463],[108.3782658,3.9157576],[108.3928329,3.9243839],[108.4035751,3.9363467],[108.3977157,3.9493676],[108.398204,3.9764672],[108.3961695,3.9909122],[108.391368,3.9970157],[108.3654077,4.0154483],[108.306814,4.0864932],[108.2707626,4.1129825],[108.2573348,4.1305606],[108.2522079,4.1591658],[108.2502548,4.2112491],[108.2424423,4.230699],[108.2248641,4.2448184],[108.2115992,4.235419],[108.1955673,4.2203637],[108.1819768,4.2045352],[108.170258,4.1794294],[108.094493,4.1053734],[108.0842391,4.1007755],[108.0803329,4.0972354],[108.066661,4.0801456],[108.0603133,4.0741234],[108.0505477,4.0707869],[108.0415145,4.0709496],[108.0322372,4.069973],[108.0224716,4.063544],[107.9972437,4.0342471],[107.9878036,4.0206973],[107.9846298,4.0120303],[107.988536,4.0056013],[107.9954533,4.0022647],[108.0021265,3.997626],[108.0051376,3.9874942],[108.0039169,3.9643415],[108.0051376,3.9574649],[108.009939,3.9510766],[108.0168563,3.9467634],[108.0234481,3.9417178],[108.0261337,3.9329288],[108.0280868,3.9172224],[108.0300399,3.9088809],[108.0447697,3.8770206],[108.0529891,3.8646508],[108.0623479,3.8559431],[108.0715438,3.8522403],[108.1033635,3.8458926],[108.1803492,3.8168399],[108.2075301,3.8134626],[108.236827,3.8150089],[108.2453719,3.8134626],[108.2488713,3.8093122],[108.2573348,3.7953555],[108.2623804,3.7923038],[108.2775985,3.7450626],[108.2800399,3.7315128],[108.2668563,3.7387556],[108.238536,3.7724063],[108.2243758,3.7853458],[108.2136337,3.7911645],[108.2024846,3.7924665],[108.1870223,3.7923038],[108.1755477,3.7858341],[108.1713973,3.7714704],[108.1648869,3.7572696],[108.1460067,3.7507185],[108.1404729,3.7517764],[108.1323348,3.7521833],[108.1250106,3.7478702],[108.1218368,3.7346052],[108.1181747,3.7257755],[108.094493,3.6961938],[108.1048283,3.6905785],[108.1422632,3.6762556],[108.1744898,3.6519229],[108.1838485,3.6483422],[108.1949976,3.6522891],[108.2236434,3.6703962]]],[[[130.8794051,-1.3401018],[130.8947046,-1.3287086],[130.9082137,-1.3214658],[130.9209091,-1.319594],[130.9323837,-1.3265927],[130.9484969,-1.3484026],[130.9619247,-1.3537737],[130.9825952,-1.3485654],[130.9975692,-1.3324521],[131.0066024,-1.3108049],[131.0097762,-1.2886695],[131.0146591,-1.2689755],[131.0373641,-1.2263323],[131.0725204,-1.0775693],[131.071788,-1.0316708],[131.0686141,-1.0212542],[131.0593368,-1.0049781],[131.0573837,-1.000665],[131.0615341,-0.9899228],[131.0761825,-0.9742978],[131.0748804,-0.9668922],[131.052745,-0.9323056],[131.0437932,-0.9224586],[131.0348413,-0.9148089],[131.0307723,-0.9130185],[131.0266219,-0.913995],[130.9803166,-0.9176572],[130.9607854,-0.9229469],[130.9448348,-0.9323056],[130.9397079,-0.9323056],[130.9349064,-0.9258766],[130.9290471,-0.9115536],[130.9129338,-0.8942197],[130.8918563,-0.8899065],[130.8685002,-0.8938128],[130.830577,-0.9074846],[130.7900497,-0.9292945],[130.6806747,-0.9566383],[130.6497502,-0.9738095],[130.6494247,-0.9883766],[130.688243,-1.0248349],[130.7018335,-1.0450986],[130.7119247,-1.0699195],[130.7101343,-1.0928687],[130.688243,-1.1073544],[130.6959742,-1.1207008],[130.7034611,-1.127374],[130.7117619,-1.1325009],[130.7223413,-1.1415341],[130.7292587,-1.1508115],[130.7312118,-1.1583798],[130.7322697,-1.1679013],[130.7360132,-1.1832008],[130.7378036,-1.1843401],[130.7418726,-1.1862932],[130.7462671,-1.1900367],[130.7496851,-1.1960589],[130.7502548,-1.202732],[130.7487899,-1.2169736],[130.7496851,-1.2234026],[130.7580673,-1.2382138],[130.7697046,-1.2482236],[130.7973739,-1.2644182],[130.8204859,-1.2816708],[130.8289494,-1.2914365],[130.8532821,-1.3306617],[130.8630477,-1.3371721],[130.8794051,-1.3401018]]],[[[102.9997665,0.700751],[103.0029403,0.6984724],[103.0073348,0.6938337],[103.0173446,0.6961124],[103.0278426,0.7012393],[103.033702,0.7050235],[103.0437118,0.7206892],[103.0490829,0.7577986],[103.0576278,0.777045],[103.054454,0.7777367],[103.0517684,0.784654],[103.048676,0.7970238],[103.0403752,0.8212751],[103.0364689,0.8281925],[103.0217391,0.8452823],[102.9090275,0.9277204],[102.8325301,0.9637719],[102.7825627,1.0017764],[102.7638452,1.0111758],[102.7430119,1.0159366],[102.7187606,1.0172794],[102.7053329,1.0139021],[102.6780705,0.9994164],[102.6637476,0.9960798],[102.6452743,0.9972191],[102.6217554,1.0016137],[102.6054794,1.0111758],[102.6088973,1.0277774],[102.6173609,1.0442569],[102.6157333,1.0576846],[102.6079208,1.0689151],[102.5564071,1.1256778],[102.5275171,1.139838],[102.4890243,1.1332869],[102.4676213,1.1064314],[102.4698999,1.0673689],[102.5017196,0.9728865],[102.5006617,0.9532738],[102.4894312,0.9397647],[102.445079,0.9290225],[102.4245712,0.9144962],[102.4094344,0.8947208],[102.4065048,0.8732364],[102.4580184,0.8322208],[102.4672958,0.8269717],[102.516368,0.7913272],[102.5578719,0.7802595],[102.5976669,0.7850609],[102.6814885,0.8049177],[102.7021591,0.8039005],[102.7451278,0.7937686],[102.7668563,0.7913272],[102.8522242,0.7981632],[102.8947046,0.7899844],[102.9299423,0.7700056],[102.9824325,0.7223575],[102.9997665,0.700751]]],[[[101.4222111,1.8729923],[101.4303492,1.8502872],[101.4406844,1.804877],[101.4601343,1.7655297],[101.4907333,1.7367618],[101.5306096,1.7181664],[101.5773218,1.709296],[101.5975041,1.7100284],[101.6252548,1.7144229],[101.6494247,1.7222354],[101.6598413,1.7334659],[101.6662704,1.7449405],[101.7150985,1.778225],[101.7291773,1.7990583],[101.7324325,1.8179385],[101.7287704,1.8632266],[101.7358505,1.8876814],[101.7677515,1.9256046],[101.775564,1.9479841],[101.7702743,1.9850528],[101.7579859,2.0112979],[101.721202,2.0580915],[101.7072046,2.0788028],[101.6816512,2.1089542],[101.6492619,2.1284854],[101.6150822,2.1170922],[101.5664169,2.0679385],[101.5505477,2.0580915],[101.5310165,2.0564639],[101.4957788,2.0688337],[101.4782821,2.0724145],[101.4409286,2.0649275],[101.4181421,2.0444197],[101.4057723,2.0138614],[101.3938094,1.9306094],[101.397146,1.9093692],[101.4222111,1.8729923]]],[[[123.6046656,-8.3641904],[123.5891219,-8.3736305],[123.56837,-8.3749325],[123.5471298,-8.3712704],[123.5284937,-8.3640276],[123.5179143,-8.3529599],[123.5171005,-8.3374977],[123.5266219,-8.3166643],[123.5529891,-8.291762],[123.5608016,-8.281915],[123.5634872,-8.2719052],[123.5623479,-8.2550595],[123.5676376,-8.2477353],[123.5427352,-8.2427711],[123.5161239,-8.2408993],[123.5022079,-8.2462704],[123.4801538,-8.2675107],[123.4658309,-8.2688128],[123.4567977,-8.2790667],[123.4428817,-8.2769508],[123.4275822,-8.2702776],[123.4142359,-8.2671852],[123.3996688,-8.2738583],[123.3800562,-8.2882626],[123.3663843,-8.3044573],[123.3696395,-8.3166643],[123.4378361,-8.3166643],[123.4733179,-8.3209775],[123.4836532,-8.3301734],[123.4856877,-8.3507626],[123.4801538,-8.3580868],[123.4681096,-8.3659807],[123.3870549,-8.401788],[123.3728133,-8.4054501],[123.3575952,-8.4113095],[123.314301,-8.4532203],[123.2526962,-8.4970029],[123.2273055,-8.5260556],[123.2387801,-8.5489234],[123.2454533,-8.5487607],[123.250743,-8.5446917],[123.2561141,-8.5419247],[123.2631942,-8.5455055],[123.2668563,-8.5482724],[123.2791447,-8.5549456],[123.2833765,-8.556329],[123.2917587,-8.5553525],[123.3020126,-8.5528297],[123.3108016,-8.549249],[123.3243921,-8.5346005],[123.3468531,-8.5432268],[123.3833114,-8.5692685],[123.3994247,-8.5860328],[123.4067489,-8.5894508],[123.4207463,-8.5904273],[123.4305119,-8.5870908],[123.4453231,-8.5725237],[123.4550887,-8.5692685],[123.5000106,-8.5215797],[123.5114852,-8.5328102],[123.5338648,-8.5630836],[123.5434676,-8.5692685],[123.5647079,-8.568943],[123.5830184,-8.565525],[123.597911,-8.5553525],[123.6092229,-8.5352516],[123.5737411,-8.4918759],[123.5676376,-8.4811337],[123.5721135,-8.4716122],[123.5838322,-8.465997],[123.596202,-8.4618466],[123.6018173,-8.4569638],[123.6086532,-8.4458961],[123.6246851,-8.4276669],[123.643077,-8.4112281],[123.656993,-8.4054501],[123.662771,-8.413344],[123.6687932,-8.4274228],[123.6767684,-8.438165],[123.6875106,-8.4362118],[123.7288518,-8.3933245],[123.7509872,-8.3563779],[123.7658798,-8.3217099],[123.7754012,-8.3058408],[123.7898869,-8.2936337],[123.8112899,-8.2887509],[123.8764755,-8.2862281],[123.9205835,-8.276137],[123.9323837,-8.2714169],[123.9375106,-8.265232],[123.9411727,-8.2437477],[123.9388127,-8.2321917],[123.9279891,-8.2273089],[123.8840438,-8.2229143],[123.8640243,-8.2186825],[123.8488062,-8.213637],[123.8398544,-8.2084286],[123.82309,-8.1957333],[123.8181258,-8.1931292],[123.814952,-8.1910133],[123.8131617,-8.1859677],[123.8103133,-8.1812477],[123.804454,-8.1788876],[123.7981877,-8.1799456],[123.788829,-8.1846656],[123.7839462,-8.1857236],[123.7671005,-8.1930478],[123.7504989,-8.2087542],[123.7307235,-8.2233212],[123.7048446,-8.2273089],[123.7048446,-8.2334937],[123.7116805,-8.245538],[123.7013452,-8.2512346],[123.6840926,-8.2515602],[123.6706649,-8.2477353],[123.6672469,-8.2419573],[123.6674911,-8.2345517],[123.6657007,-8.2269833],[123.656993,-8.2204729],[123.6496688,-8.2199846],[123.6416122,-8.2230771],[123.634288,-8.2281227],[123.6290796,-8.2334937],[123.6253361,-8.244887],[123.63087,-8.2526995],[123.6389266,-8.2614072],[123.6433212,-8.275079],[123.6391708,-8.294122],[123.6279403,-8.3073056],[123.6140243,-8.3092587],[123.6018173,-8.2955868],[123.582286,-8.3060849],[123.5867619,-8.3171526],[123.6005966,-8.3292783],[123.6092229,-8.343357],[123.6046656,-8.3641904]]],[[[122.9941512,-10.7235654],[122.9817001,-10.7315406],[122.9736434,-10.7351214],[122.9626571,-10.7360165],[122.9414169,-10.7349586],[122.9176538,-10.7374814],[122.8549911,-10.7553036],[122.8333439,-10.7732073],[122.8125106,-10.7784156],[122.8100692,-10.7848447],[122.8147079,-10.8038062],[122.8209742,-10.8932431],[122.8418075,-10.9210751],[122.8802189,-10.9226214],[122.9716903,-10.9061825],[122.9716903,-10.8993466],[122.9576929,-10.8881161],[122.9675399,-10.8759091],[122.9880477,-10.8650042],[123.1398218,-10.8226865],[123.1770126,-10.8204078],[123.2091577,-10.8130836],[123.2319442,-10.7894833],[123.2358505,-10.7789853],[123.2378036,-10.7688128],[123.2387801,-10.7453753],[123.2434188,-10.7377255],[123.2547307,-10.7330868],[123.267426,-10.7294247],[123.2768661,-10.7250302],[123.3315536,-10.6823056],[123.3486434,-10.6740862],[123.3665471,-10.6754697],[123.3894149,-10.6801083],[123.4091903,-10.6791318],[123.4173283,-10.6635068],[123.4204208,-10.6190732],[123.4130966,-10.6045875],[123.3901473,-10.5914853],[123.3787541,-10.5904273],[123.3676864,-10.5919736],[123.3593856,-10.5907529],[123.3559676,-10.5812314],[123.3613387,-10.5803362],[123.3715926,-10.5717099],[123.3781844,-10.5616187],[123.3728133,-10.5568173],[123.3752548,-10.5484352],[123.3880314,-10.5297177],[123.3938908,-10.5092099],[123.3758244,-10.4958635],[123.3922632,-10.4756812],[123.397146,-10.4634742],[123.3962508,-10.4475237],[123.3864852,-10.433038],[123.3740341,-10.4435361],[123.3523055,-10.478204],[123.3354598,-10.4903297],[123.2802841,-10.5089658],[123.241954,-10.5289039],[123.2251083,-10.5436337],[123.2181096,-10.5604794],[123.2155868,-10.5749651],[123.2091577,-10.5759417],[123.2003687,-10.5735003],[123.1909286,-10.5778134],[123.1843368,-10.5889625],[123.181163,-10.6090634],[123.1772567,-10.618829],[123.1616317,-10.6333961],[123.1194768,-10.6506487],[123.0983993,-10.6635068],[123.0491643,-10.7113583],[123.0263778,-10.7218564],[123.0153101,-10.7229143],[123.0050562,-10.7221005],[122.9941512,-10.7235654]]],[[[125.4741317,-1.7811825],[125.4594833,-1.7926572],[125.4401962,-1.7980283],[125.4308374,-1.7982724],[125.4221298,-1.794122],[125.4096786,-1.7792294],[125.4021102,-1.7746721],[125.3906356,-1.7759742],[125.3840438,-1.7811825],[125.3789169,-1.7899716],[125.3779403,-1.799249],[125.3620712,-1.8024228],[125.3469344,-1.8109677],[125.3381454,-1.8280575],[125.3352971,-1.8506812],[125.3371688,-1.8591448],[125.3420516,-1.8693173],[125.3488062,-1.8778622],[125.3564559,-1.881443],[125.3663843,-1.8771298],[125.3718368,-1.858331],[125.3806258,-1.8540992],[125.4233505,-1.8750953],[125.4321395,-1.881443],[125.4377548,-1.8951148],[125.4397079,-1.9132626],[125.4379989,-1.9325497],[125.4321395,-1.9496396],[125.4685165,-1.9377581],[125.4834091,-1.9359677],[125.5310979,-1.9359677],[125.552745,-1.9327939],[125.5998641,-1.9186337],[125.6202906,-1.9156227],[125.7874455,-1.9187151],[125.8559676,-1.9034156],[125.8717554,-1.9025204],[125.8877059,-1.909275],[125.9082137,-1.9257138],[125.9275822,-1.9314104],[125.9484969,-1.9229469],[125.9802352,-1.901788],[125.9907333,-1.9005673],[126.0242619,-1.901788],[126.0499781,-1.8903134],[126.0590926,-1.8882789],[126.144786,-1.881443],[126.1670028,-1.8850237],[126.1799423,-1.884454],[126.1857202,-1.8776181],[126.1904403,-1.8737932],[126.201508,-1.870538],[126.2234807,-1.8677711],[126.2580673,-1.8690732],[126.272146,-1.8672828],[126.3359481,-1.8379859],[126.3432723,-1.8298479],[126.344493,-1.8187802],[126.3452255,-1.8176409],[126.341482,-1.8200009],[126.3291122,-1.8192685],[126.288829,-1.813165],[126.1167098,-1.8057594],[125.9934188,-1.7858212],[125.9461369,-1.7858212],[125.828868,-1.8015276],[125.7878524,-1.7994931],[125.7656356,-1.7937151],[125.7556258,-1.7945289],[125.7348739,-1.8086891],[125.7239689,-1.8140602],[125.7127385,-1.8178036],[125.7028915,-1.8192685],[125.6253361,-1.8098284],[125.6103622,-1.813165],[125.5898544,-1.7990862],[125.5588485,-1.7980283],[125.4970809,-1.8057594],[125.491954,-1.8033993],[125.4891057,-1.7977841],[125.4878036,-1.7902158],[125.4874781,-1.7824033],[125.4832463,-1.7769508],[125.4741317,-1.7811825]]],[[[104.3372502,1.1737328],[104.3367619,1.1650251],[104.3325301,1.1544457],[104.3222762,1.1386579],[104.3165796,1.13288],[104.3051864,1.1264509],[104.2563583,1.1088728],[104.2319442,1.0933292],[104.232758,1.0755883],[104.2424423,1.0558943],[104.2413843,1.0355492],[104.2456161,1.0172794],[104.2710067,1.0036075],[104.2815048,1.0021426],[104.3154403,1.0036075],[104.3271591,1.0067813],[104.3405868,1.0209008],[104.3494572,1.0240746],[104.3714299,1.0256208],[104.3862411,1.0298526],[104.4299423,1.0536156],[104.4387313,1.0568708],[104.4524846,1.0581729],[104.4577743,1.0549991],[104.4677841,1.0409203],[104.4729924,1.0377465],[104.4851994,1.0336775],[104.4796656,1.025336],[104.4682723,1.0180525],[104.4627385,1.0172794],[104.4573674,1.0019392],[104.4580184,0.9937198],[104.4627385,0.9830997],[104.4275822,0.9747989],[104.4212346,0.9688175],[104.4210718,0.9566104],[104.4289657,0.94892],[104.4492294,0.9414737],[104.4748641,0.9400902],[104.4865829,0.9370792],[104.490245,0.9278832],[104.4846298,0.9221866],[104.4733993,0.9205997],[104.4492294,0.9216169],[104.4492294,0.9142113],[104.469493,0.9081078],[104.4837346,0.8932966],[104.4892684,0.8751488],[104.4834091,0.8589542],[104.5670679,0.8295352],[104.5998641,0.8350284],[104.6130477,0.8831241],[104.613536,0.8964298],[104.6163843,0.9061954],[104.6235458,0.9121768],[104.6369735,0.9142113],[104.649913,0.9184431],[104.658702,0.9278832],[104.6616317,0.9372419],[104.6577255,0.9414737],[104.6547958,0.9476993],[104.653982,0.9768741],[104.647146,0.9968936],[104.6516219,1.0090193],[104.6674911,1.030585],[104.6564234,1.0803897],[104.6545516,1.0963809],[104.647146,1.1049665],[104.5993758,1.1264509],[104.5882268,1.1445987],[104.5869247,1.1620548],[104.5925399,1.1987979],[104.5869247,1.2199161],[104.5756942,1.2254092],[104.5680445,1.2201602],[104.5720321,1.2090518],[104.5380966,1.190253],[104.5081486,1.1795108],[104.4760848,1.1782901],[104.4355575,1.187893],[104.4126083,1.200629],[104.3996688,1.2026228],[104.3938908,1.1915958],[104.3893335,1.1786563],[104.3784286,1.1764997],[104.3562932,1.1817081],[104.3413192,1.1795922],[104.3372502,1.1737328]]],[[[102.4670516,1.2512068],[102.4514266,1.2672794],[102.375743,1.3222517],[102.3221135,1.3814965],[102.2908635,1.4045271],[102.2529403,1.4138044],[102.2312118,1.4132348],[102.2174585,1.4091658],[102.2106226,1.3982608],[102.2085067,1.3771833],[102.2146102,1.3356387],[102.2126571,1.3254255],[102.2034611,1.3065453],[102.2010197,1.2977563],[102.2041122,1.2808292],[102.2125757,1.258002],[102.222911,1.2380232],[102.2418726,1.2218692],[102.2451278,1.2039249],[102.2426864,1.1674258],[102.2342229,1.124213],[102.2329208,1.0995141],[102.2392684,1.0820987],[102.2513127,1.0667992],[102.2671005,1.0368513],[102.3337508,0.9636905],[102.369314,0.9352074],[102.3996688,0.9278832],[102.4074813,0.9328474],[102.4375106,0.9588891],[102.4470321,0.9629581],[102.4568791,0.9623477],[102.4648544,0.9634464],[102.4680282,0.9725609],[102.4651799,0.9948184],[102.447439,1.051337],[102.4455673,1.0761579],[102.447439,1.1004906],[102.4760848,1.1945255],[102.4795028,1.219143],[102.4733993,1.2420108],[102.4670516,1.2512068]]],[[[109.502452,-1.2921689],[109.5359807,-1.2590471],[109.5695093,-1.2477353],[109.601329,-1.2300758],[109.6744898,-1.1993954],[109.6877548,-1.1960589],[109.6982528,-1.190525],[109.7461044,-1.155206],[109.768077,-1.1469052],[109.7768661,-1.1408017],[109.7802841,-1.1316057],[109.7771102,-1.1217587],[109.7700301,-1.1149228],[109.7629501,-1.1095517],[109.7597762,-1.1039365],[109.7597762,-1.0316708],[109.7513127,-1.0149065],[109.7392684,-0.9987118],[109.7234807,-0.9870745],[109.7046005,-0.9838193],[109.695079,-0.9885393],[109.6862085,-0.9968401],[109.6745712,-1.0035947],[109.6567489,-1.003676],[109.6396591,-0.9962704],[109.6062932,-0.9747047],[109.5879012,-0.9703102],[109.5771591,-0.9733212],[109.556163,-0.9874814],[109.5442001,-0.9906552],[109.5251571,-0.9884579],[109.4912216,-0.9791806],[109.4754338,-0.9769833],[109.4592391,-0.9854469],[109.4523218,-1.0040016],[109.4445093,-1.1688779],[109.4206649,-1.231622],[109.4172469,-1.2544898],[109.4255477,-1.2668596],[109.4449976,-1.2813453],[109.4655868,-1.2933896],[109.478689,-1.2985165],[109.502452,-1.2921689]]],[[[102.379161,1.5379906],[102.3691512,1.5423038],[102.3489689,1.5546329],[102.3381454,1.5584984],[102.3282984,1.5592716],[102.2978622,1.5584984],[102.2376408,1.5702579],[102.1750594,1.575751],[102.1523544,1.5811221],[102.1362411,1.589545],[102.1201278,1.6007348],[102.072439,1.6232364],[102.0537216,1.6273461],[102.0078231,1.6153832],[102.0044051,1.5856794],[102.0265406,1.5476749],[102.0569768,1.5106876],[102.095551,1.4752465],[102.1345321,1.4557152],[102.2851669,1.4333357],[102.3046981,1.4235294],[102.3146265,1.4213321],[102.3302515,1.4132755],[102.3723251,1.3598494],[102.4347437,1.2991397],[102.4787704,1.270738],[102.5095321,1.2772891],[102.5114852,1.2953148],[102.4958602,1.3635928],[102.4958602,1.4417992],[102.4904891,1.4896915],[102.4626571,1.5154483],[102.379161,1.5379906]]],[[[100.4733179,-3.0871721],[100.4675399,-3.0669898],[100.4720158,-3.0516904],[100.4714462,-3.0378557],[100.4675399,-3.0153134],[100.4158635,-2.9659156],[100.3851018,-2.9146461],[100.35434,-2.8944638],[100.2961532,-2.8341611],[100.2908635,-2.8306617],[100.2863876,-2.8287086],[100.2815048,-2.8261044],[100.2750757,-2.8204892],[100.2553817,-2.7914365],[100.2490341,-2.7843564],[100.240245,-2.7782529],[100.2273055,-2.7726376],[100.1891382,-2.7911923],[100.1789657,-2.8029111],[100.179454,-2.8273251],[100.1975204,-2.8962542],[100.1999618,-2.9198544],[100.1977645,-2.9292945],[100.1884872,-2.9416643],[100.1862899,-2.9538714],[100.1894637,-2.9665667],[100.2036239,-2.9838193],[100.2067977,-2.994887],[100.2132268,-3.0069312],[100.2441512,-3.0440406],[100.2546493,-3.053318],[100.2482202,-3.0694312],[100.259288,-3.0731747],[100.2773544,-3.0729306],[100.2923283,-3.077081],[100.3452255,-3.1265602],[100.3435165,-3.1364072],[100.3371688,-3.1529273],[100.3376571,-3.1615536],[100.3440048,-3.1835263],[100.3558049,-3.1983375],[100.3601994,-3.2074521],[100.3545028,-3.2115211],[100.3473413,-3.2105445],[100.3424585,-3.2076962],[100.3392033,-3.2032203],[100.3371688,-3.1973609],[100.3303329,-3.1973609],[100.3304143,-3.2129859],[100.3369247,-3.2225888],[100.3582463,-3.2382138],[100.3636174,-3.2398414],[100.3703719,-3.2395159],[100.3762313,-3.2411435],[100.3786727,-3.2487118],[100.3776148,-3.2681617],[100.3786727,-3.2723935],[100.3860783,-3.2775204],[100.4078882,-3.2868792],[100.4189559,-3.2933896],[100.4293726,-3.3031552],[100.4482528,-3.325372],[100.460704,-3.3344052],[100.4782821,-3.3151995],[100.4669702,-3.2872861],[100.4265243,-3.2382138],[100.4116317,-3.2134742],[100.3986109,-3.1835263],[100.3994247,-3.174249],[100.4031682,-3.1654599],[100.4021102,-3.1588681],[100.3886825,-3.1563453],[100.3807072,-3.1525204],[100.3864038,-3.1438128],[100.4060165,-3.1283505],[100.4158635,-3.1343727],[100.4265243,-3.1364072],[100.4371851,-3.1343727],[100.4470321,-3.1283505],[100.4645288,-3.1325009],[100.472911,-3.1139462],[100.4733179,-3.0871721]]],[[[104.6062118,-0.2440732],[104.616954,-0.2403297],[104.6403915,-0.2234026],[104.6549585,-0.2159156],[104.6709091,-0.2116025],[104.7126571,-0.2092424],[104.7355249,-0.2144508],[104.750743,-0.2271461],[104.7634383,-0.2429339],[104.7780868,-0.2575823],[104.8328557,-0.2824033],[104.851329,-0.3012021],[104.863536,-0.3054339],[104.8816838,-0.3083635],[104.935232,-0.3321266],[104.9306747,-0.3134091],[104.9201766,-0.2990048],[104.9171656,-0.2875302],[104.935232,-0.2780901],[104.9565536,-0.2811825],[104.9817814,-0.290704],[105.0026962,-0.2948544],[105.0114852,-0.2815081],[104.9289657,-0.2372372],[104.8772893,-0.1665992],[104.8488876,-0.139581],[104.8259383,-0.147719],[104.8198348,-0.1696103],[104.8203231,-0.1843401],[104.8141382,-0.1928036],[104.787771,-0.1955706],[104.7662867,-0.1882464],[104.7539169,-0.1705868],[104.7365829,-0.127374],[104.7058212,-0.0962867],[104.6919051,-0.0874977],[104.6831161,-0.0896135],[104.6754663,-0.0957984],[104.6645614,-0.0993792],[104.6594344,-0.0965309],[104.6525171,-0.0895322],[104.6472274,-0.0807431],[104.6472274,-0.0726865],[104.6813257,-0.0652402],[104.6755477,-0.0538062],[104.6203719,-0.0042457],[104.5879012,0.0082869],[104.5716252,0.0176456],[104.5646265,0.0303409],[104.5638127,0.0226098],[104.5598251,0.0101586],[104.5583602,0.0030785],[104.5373641,0.0213077],[104.5250757,-0.007745],[104.517426,-0.0894508],[104.5107528,-0.1137021],[104.4944768,-0.1356747],[104.4559025,-0.1682268],[104.4419051,-0.175551],[104.4372665,-0.1810849],[104.4355575,-0.1921526],[104.4363713,-0.2043596],[104.439952,-0.214288],[104.4471135,-0.2209612],[104.4593205,-0.2234026],[104.4838973,-0.2243792],[104.4978947,-0.2281227],[104.5073348,-0.2360979],[104.517426,-0.2501767],[104.5218205,-0.2593727],[104.5239364,-0.2658831],[104.5286564,-0.2699521],[104.5413518,-0.2712542],[104.5505477,-0.267999],[104.5629989,-0.2535133],[104.5710555,-0.2484677],[104.579926,-0.2403297],[104.5851343,-0.2372372],[104.6003524,-0.2435849],[104.6062118,-0.2440732]]],[[[102.6262313,1.0098331],[102.6476343,1.006293],[102.6705835,1.0145531],[102.6926376,1.0258243],[102.7119247,1.0314802],[102.7736109,1.0354678],[102.7907007,1.0314802],[102.801036,1.0219587],[102.8115341,1.0080427],[102.8243921,0.9954288],[102.8422958,0.9899356],[102.8588973,0.9876977],[102.8933212,0.9753279],[102.9067489,0.9688175],[102.9511825,0.9278832],[102.951508,0.924628],[103.0862736,0.8410098],[103.1271265,0.834418],[103.1674911,0.8589542],[103.1745712,0.8821475],[103.1632593,0.8996036],[103.1264755,0.9278832],[103.0776473,1.003404],[103.03712,1.0445824],[102.967133,1.0915388],[102.8862411,1.1332869],[102.8017684,1.1632755],[102.7553817,1.1679141],[102.7155868,1.1544457],[102.7019149,1.1377628],[102.685232,1.0954044],[102.6705835,1.0755883],[102.6372176,1.0410017],[102.6247665,1.0219587],[102.6262313,1.0098331]]],[[[126.6911859,4.0784103],[126.6762861,4.0603461],[126.664762,4.0340554],[126.67642,4.0044826],[126.7145288,4.0116234],[126.758897,3.9930065],[126.7984375,4.0176445],[126.8099787,4.0373489],[126.8083074,4.0866113],[126.8098748,4.1572436],[126.863536,4.2106387],[126.9221298,4.2820499],[126.9004258,4.3067024],[126.8707087,4.3313933],[126.8591291,4.3675691],[126.863536,4.3919132],[126.8689071,4.4143741],[126.8790796,4.4358585],[126.8847762,4.4568546],[126.8772079,4.4781762],[126.8772893,4.4780134],[126.8750106,4.4943301],[126.866954,4.4979923],[126.8557235,4.4982771],[126.8430282,4.5048689],[126.8351343,4.5175235],[126.8333439,4.5277367],[126.8298446,4.5370548],[126.8162541,4.5464542],[126.7963973,4.5504825],[126.7687281,4.550279],[126.7443954,4.5455997],[126.7337346,4.5358747],[126.7348739,4.5238712],[126.7400822,4.5016951],[126.7412216,4.4918887],[126.7407333,4.48017],[126.7395126,4.4730899],[126.7054071,4.4237473],[126.6972071,4.3974268],[126.6992294,4.367906],[126.6999618,4.3554548],[126.7033798,4.3432478],[126.7072046,4.3335635],[126.7156515,4.3084947],[126.7073564,4.2871641],[126.7107003,4.2641372],[126.7586081,4.2509431],[126.7767723,4.2459984],[126.7916316,4.2410559],[126.8032065,4.2229681],[126.7586972,4.1852001],[126.7209292,4.0964682],[126.6911859,4.0784103]]],[[[121.8803817,-5.0721982],[121.8649195,-5.0865211],[121.8538518,-5.1021461],[121.8730575,-5.122247],[121.881521,-5.1338844],[121.8818466,-5.1437314],[121.8725692,-5.1485328],[121.8463648,-5.1527646],[121.8408309,-5.1600888],[121.8388778,-5.17254],[121.8337508,-5.1853167],[121.8261825,-5.1976865],[121.8172307,-5.2082659],[121.8121851,-5.2209612],[121.8137313,-5.2496884],[121.806814,-5.2598609],[121.8271591,-5.3007138],[121.8684188,-5.3599586],[121.8769637,-5.3819312],[121.8818466,-5.390232],[121.8921005,-5.397719],[121.900564,-5.3991025],[121.9099227,-5.3995094],[121.9235132,-5.4037411],[121.9392196,-5.4209937],[121.9682723,-5.4679501],[121.9814559,-5.4689267],[121.9967554,-5.4628232],[122.0144149,-5.4652646],[122.031993,-5.4652646],[122.0468856,-5.4515927],[122.0529891,-5.4323056],[122.0517684,-5.2697893],[122.0468856,-5.2423642],[122.0501408,-5.2308896],[122.0571395,-5.2266578],[122.0642196,-5.2235654],[122.0673934,-5.2150204],[122.0642196,-5.189874],[122.056163,-5.1757138],[122.0450952,-5.1651344],[122.0333765,-5.1499977],[122.0097762,-5.1537411],[121.9965926,-5.137872],[121.9826766,-5.0790341],[121.9773055,-5.0704892],[121.9695744,-5.0669898],[121.9594833,-5.0712216],[121.9441838,-5.0918922],[121.9370223,-5.0958798],[121.9194442,-5.0954729],[121.9108993,-5.0857073],[121.9101669,-5.0705706],[121.9160262,-5.0543759],[121.8979598,-5.0609677],[121.8803817,-5.0721982]]],[[[104.3826604,-0.4014625],[104.3597111,-0.3873837],[104.3528752,-0.3873837],[104.3483179,-0.4074033],[104.3460393,-0.4283993],[104.3393661,-0.4283993],[104.3348088,-0.4048805],[104.345551,-0.3637021],[104.3393661,-0.3464495],[104.3325301,-0.3464495],[104.3247176,-0.3648414],[104.3118596,-0.3783505],[104.2840275,-0.4010556],[104.2770288,-0.4130185],[104.2631942,-0.4462216],[104.2536727,-0.4600562],[104.25587,-0.4755185],[104.3120223,-0.5319964],[104.3263452,-0.5298805],[104.3357854,-0.5426572],[104.3460393,-0.5791969],[104.3562932,-0.6617164],[104.3758244,-0.6600888],[104.3836369,-0.653497],[104.3938908,-0.6139462],[104.4204208,-0.5749651],[104.4471135,-0.5880673],[104.4767359,-0.6140276],[104.5112411,-0.6139462],[104.5219833,-0.5966122],[104.5266219,-0.5476214],[104.5341903,-0.5285784],[104.5730087,-0.5004208],[104.5916447,-0.4835751],[104.5993758,-0.4637997],[104.5929468,-0.4484189],[104.5485132,-0.3980445],[104.5413518,-0.3893368],[104.5309351,-0.3734677],[104.524913,-0.3668759],[104.5182398,-0.3625628],[104.4967554,-0.3539365],[104.4892684,-0.3493792],[104.4695744,-0.3321266],[104.4157821,-0.3819312],[104.3826604,-0.4014625]]],[[[124.2467554,-8.3645159],[124.2834579,-8.3385556],[124.2999781,-8.3192685],[124.297618,-8.299249],[124.2910262,-8.2805315],[124.2937932,-8.2579892],[124.3081161,-8.2204729],[124.2949325,-8.193943],[124.2846786,-8.1832822],[124.2702743,-8.1788876],[124.2581486,-8.1820615],[124.2512313,-8.1891415],[124.2470809,-8.1962216],[124.2317814,-8.2090797],[124.2041122,-8.2517229],[124.1844182,-8.2711728],[124.150564,-8.3297665],[124.1220809,-8.3497861],[124.1103622,-8.3637021],[124.1093856,-8.3849423],[124.1020614,-8.381443],[124.0971786,-8.3772112],[124.0832626,-8.3558896],[124.0825301,-8.3524716],[124.0830184,-8.3498674],[124.0737411,-8.3209775],[124.0691024,-8.3156064],[124.0583602,-8.3060849],[124.0442001,-8.3048642],[124.0232854,-8.3134091],[123.985118,-8.3383115],[123.9669702,-8.3607724],[123.9314071,-8.4259579],[123.9253036,-8.4302711],[123.9128524,-8.4421526],[123.9072372,-8.4548479],[123.9211532,-8.4606259],[123.931163,-8.4600562],[123.9389755,-8.4577776],[123.9768986,-8.4379208],[123.9995223,-8.4302711],[124.0188094,-8.4299456],[124.0270288,-8.4432919],[124.0312606,-8.4564755],[124.0506291,-8.4821103],[124.0549423,-8.5010719],[124.0512801,-8.5391578],[124.0593368,-8.5515276],[124.0849716,-8.556329],[124.1075952,-8.5541318],[124.1298934,-8.5482724],[124.1495874,-8.5393206],[124.1648055,-8.5282529],[124.1787216,-8.5113258],[124.191661,-8.4893531],[124.2013452,-8.4655901],[124.2088322,-8.4230283],[124.2187606,-8.4015439],[124.2321883,-8.3812802],[124.2467554,-8.3645159]]],[[[138.5823674,-8.3729794],[138.6298934,-8.3712704],[138.6540633,-8.3761533],[138.6999618,-8.3946266],[138.8940536,-8.4054501],[138.9098413,-8.3960914],[138.9108993,-8.3747698],[138.9044702,-8.3517392],[138.8973088,-8.3371721],[138.8581649,-8.2974586],[138.8419702,-8.2769508],[138.8352971,-8.2512346],[138.8352971,-8.2190081],[138.8313908,-8.1856422],[138.8169051,-8.1618792],[138.7853296,-8.1589495],[138.7285262,-8.1766904],[138.6888127,-8.181329],[138.6750594,-8.1891415],[138.6671656,-8.2030575],[138.6647242,-8.2238909],[138.6572372,-8.2411435],[138.6399846,-8.2570126],[138.5642196,-8.3073056],[138.5522567,-8.3226865],[138.5480249,-8.3471005],[138.5583602,-8.3666318],[138.5823674,-8.3729794]]],[[[123.1962997,-4.1876767],[123.2387801,-4.1221656],[123.2534286,-4.0897763],[123.2512313,-4.0508766],[123.2341415,-4.0153134],[123.2044377,-3.9929339],[123.1836044,-3.9903297],[123.1584579,-3.9930966],[123.1350204,-4.0001767],[123.1189071,-4.0096982],[123.1023055,-4.0124651],[123.0817977,-4.0012346],[123.0618596,-3.9865048],[123.0468856,-3.9786923],[123.0281682,-3.9738095],[123.0156356,-3.9811337],[122.998383,-4.0066057],[122.9865829,-4.0177548],[122.9611923,-4.0348447],[122.9506942,-4.0470517],[122.9597274,-4.0651181],[122.9687606,-4.1084937],[122.9778752,-4.1288388],[123.0091252,-4.1719703],[123.0447697,-4.2096493],[123.0865992,-4.2344703],[123.1362411,-4.2387021],[123.1692814,-4.221124],[123.1962997,-4.1876767]]],[[[120.5051376,-6.4317359],[120.5009872,-6.3925107],[120.5026148,-6.3734677],[120.5149846,-6.3524716],[120.5224716,-6.3365211],[120.5301213,-6.2872861],[120.5320744,-6.2483049],[120.526215,-6.1954892],[120.5297958,-6.1731096],[120.5529891,-6.1101214],[120.5586044,-6.0663388],[120.5593368,-6.0225562],[120.5551864,-5.9794247],[120.5461532,-5.938165],[120.521495,-5.8746884],[120.518077,-5.8526344],[120.513357,-5.8366025],[120.5034286,-5.8226865],[120.4956161,-5.8064104],[120.4970809,-5.7832984],[120.4943954,-5.7745094],[120.4886174,-5.7672665],[120.4804794,-5.7640927],[120.4704696,-5.7668596],[120.4573674,-5.8010393],[120.4482528,-5.8439267],[120.4414169,-5.9776344],[120.4521591,-6.0808245],[120.4499618,-6.1408017],[120.4469507,-6.1544736],[120.4333602,-6.1740048],[120.429454,-6.1858049],[120.4308374,-6.1945126],[120.4436955,-6.2261695],[120.445079,-6.2377255],[120.4448348,-6.2484677],[120.4482528,-6.2565243],[120.4604598,-6.2596982],[120.4681096,-6.2643368],[120.4708765,-6.2751604],[120.4636337,-6.3838844],[120.4656682,-6.4027646],[120.4751083,-6.4345029],[120.4812932,-6.4773089],[120.4904891,-6.4714495],[120.5000106,-6.4515927],[120.5051376,-6.4317359]]],[[[129.8442489,-7.8468564],[129.8445744,-7.8361956],[129.8392033,-7.8298479],[129.8298446,-7.8239072],[129.8193466,-7.8192685],[129.8105575,-7.8165016],[129.7752385,-7.8170712],[129.7661239,-7.8130836],[129.7587997,-7.8086891],[129.7329208,-7.7980283],[129.7248641,-7.7959937],[129.6324976,-7.7959937],[129.6012476,-7.8073056],[129.5875757,-7.8356259],[129.5852157,-7.9020322],[129.5942489,-7.9240048],[129.6884872,-8.0284156],[129.6938583,-8.0382626],[129.7587997,-8.0544573],[129.7763778,-8.0553525],[129.7822372,-8.0460751],[129.8115341,-7.9830055],[129.847911,-7.9465471],[129.8590601,-7.9325497],[129.8620712,-7.9169247],[129.8610132,-7.8988583],[129.8545028,-7.8840471],[129.8411564,-7.8778622],[129.8383895,-7.8727353],[129.8442489,-7.8468564]]],[[[100.0078231,-2.8195126],[100.0156356,-2.8341611],[100.0293075,-2.8401018],[100.0383407,-2.8337542],[100.0447697,-2.8208961],[100.0496525,-2.8068173],[100.066661,-2.815525],[100.0898544,-2.8243954],[100.115245,-2.8278948],[100.1385197,-2.8204892],[100.1451929,-2.8111305],[100.1513778,-2.7848447],[100.1589462,-2.7726376],[100.1723739,-2.7655575],[100.2041122,-2.7599423],[100.2151799,-2.7528622],[100.2185979,-2.7393531],[100.2151799,-2.7235654],[100.2097274,-2.7076962],[100.2067977,-2.6935361],[100.2014266,-2.6781552],[100.1779891,-2.6559384],[100.172618,-2.6457659],[100.1666773,-2.6278622],[100.1521102,-2.6185849],[100.1174423,-2.6081682],[100.1075952,-2.6002743],[100.0870874,-2.5762672],[100.0323999,-2.525079],[100.0217391,-2.5187314],[100.0136825,-2.5048154],[100.0029403,-2.4908993],[99.9841415,-2.4846331],[99.97462,-2.4939104],[99.9672958,-2.5149065],[99.9609481,-2.5529111],[99.9614364,-2.5590146],[99.967133,-2.5802548],[99.9755966,-2.5949033],[99.9757593,-2.6034482],[99.967133,-2.6150042],[99.9860132,-2.6246884],[99.9962671,-2.6387672],[100.0004989,-2.6588681],[100.0013127,-2.6867001],[99.9884546,-2.744887],[99.986827,-2.7671852],[100.0013127,-2.7653134],[100.0070093,-2.781915],[100.0078231,-2.8195126]]],[[[133.0966903,-5.3663062],[133.075857,-5.3980445],[133.0387476,-5.5136044],[133.0229598,-5.5485165],[133.0185653,-5.566176],[133.0149032,-5.6071103],[133.0040796,-5.6471493],[132.9965926,-5.6515439],[132.9803166,-5.6446266],[132.9641219,-5.6407203],[132.9288843,-5.698012],[132.931163,-5.7149391],[132.9288843,-5.7771135],[132.9235132,-5.7867164],[132.9000757,-5.8138974],[132.8405054,-5.9849586],[132.8422958,-5.9968401],[132.8567814,-5.9894345],[132.9494735,-5.8742815],[132.9567977,-5.8624814],[132.9585067,-5.8443336],[132.9509383,-5.8130836],[132.9493921,-5.7942034],[132.9575301,-5.7614072],[132.9754338,-5.7286923],[132.9972437,-5.6999651],[133.0171005,-5.6788062],[133.0271102,-5.662693],[133.0335393,-5.6543922],[133.0470484,-5.6486142],[133.0608016,-5.6393368],[133.0691024,-5.6371396],[133.0796005,-5.6317685],[133.1059676,-5.6056454],[133.1132919,-5.5956357],[133.1389266,-5.5211728],[133.1653752,-5.3801409],[133.1721298,-5.3697242],[133.1843368,-5.3619931],[133.1887313,-5.3444964],[133.1881617,-5.3248023],[133.1843368,-5.3103167],[133.172618,-5.296482],[133.1560979,-5.288344],[133.1378687,-5.2872861],[133.1213485,-5.2946103],[133.110118,-5.3109677],[133.10434,-5.3506812],[133.0966903,-5.3663062]]],[[[125.9163518,-1.9738909],[125.9025985,-1.9878883],[125.8794051,-2.0184872],[125.869965,-2.0355771],[125.863536,-2.053318],[125.8625594,-2.0866025],[125.873383,-2.1154924],[125.8877059,-2.1423479],[125.8977157,-2.1693661],[125.9004012,-2.217706],[125.9045516,-2.2313779],[125.9118758,-2.2396786],[125.9372665,-2.2608375],[125.9461369,-2.2717424],[125.9547632,-2.3021786],[125.9577743,-2.3692359],[125.9659937,-2.4021135],[125.9845484,-2.431329],[126.0134383,-2.459568],[126.0461532,-2.4742164],[126.075857,-2.4629859],[126.088064,-2.4410947],[126.0842391,-2.4239234],[126.0744735,-2.4065081],[126.0691024,-2.384454],[126.0651148,-2.3639462],[125.9772242,-2.1803525],[125.9728296,-2.1353492],[125.9787704,-2.1081682],[125.9973251,-2.0553525],[126.0009872,-2.0282529],[125.9987899,-2.015232],[125.9934188,-2.0035947],[125.9853622,-1.9937477],[125.9552515,-1.971124],[125.9445907,-1.9654273],[125.9333602,-1.9645322],[125.9245712,-1.9681943],[125.9163518,-1.9738909]]],[[[99.5939234,-2.2277971],[99.5976669,-2.2290992],[99.6035262,-2.2240536],[99.6164657,-2.2335751],[99.6115829,-2.2427711],[99.6025497,-2.253025],[99.6035262,-2.2655575],[99.6108505,-2.2671852],[99.6484481,-2.2655575],[99.6717229,-2.2712542],[99.6870223,-2.284926],[99.6992294,-2.3008766],[99.7133895,-2.3134091],[99.7251083,-2.3170712],[99.7497665,-2.3180478],[99.7617294,-2.3208961],[99.772146,-2.3282203],[99.7799585,-2.3370094],[99.7880966,-2.344415],[99.7995712,-2.347426],[99.8245549,-2.3475888],[99.8333439,-2.3523089],[99.8396916,-2.3752581],[99.846202,-2.3800595],[99.8533635,-2.3776181],[99.8579208,-2.3673642],[99.8579208,-2.3747698],[99.8587346,-2.3568661],[99.84962,-2.3339169],[99.8232528,-2.2929013],[99.8146265,-2.2843564],[99.7858179,-2.2634417],[99.7788192,-2.2616513],[99.7754012,-2.2587216],[99.7742619,-2.2543271],[99.7758895,-2.2424456],[99.7754012,-2.2375628],[99.7213648,-2.1591122],[99.7072046,-2.1276995],[99.7005314,-2.0874977],[99.6943466,-2.0678036],[99.6826278,-2.0595029],[99.6628524,-2.0542945],[99.6518661,-2.0420875],[99.6433212,-2.0284156],[99.6313583,-2.0184872],[99.5940048,-2.0148251],[99.564952,-2.030857],[99.5483505,-2.061456],[99.5488387,-2.1011695],[99.5622665,-2.1216773],[99.5644637,-2.1311174],[99.5522567,-2.1353492],[99.5384221,-2.1317685],[99.5310165,-2.1342099],[99.5276799,-2.1454404],[99.5312606,-2.1559384],[99.5556747,-2.183038],[99.5677189,-2.2151018],[99.5761825,-2.2240536],[99.5830184,-2.2110328],[99.5898544,-2.2110328],[99.591482,-2.2213681],[99.5939234,-2.2277971]]],[[[123.2448837,-8.4047177],[123.2893173,-8.4044736],[123.3211369,-8.3849423],[123.3274846,-8.3676083],[123.3354598,-8.299249],[123.338715,-8.2937151],[123.3453882,-8.2877743],[123.350271,-8.2800432],[123.3486434,-8.2688128],[123.3405868,-8.2588844],[123.3308212,-8.2546526],[123.3215438,-8.2556292],[123.314301,-8.2614072],[123.2878524,-8.2463518],[123.2636825,-8.2378883],[123.2373153,-8.2340634],[123.2044377,-8.2334937],[123.188243,-8.2349586],[123.1565048,-8.2435849],[123.1416122,-8.2499325],[123.1258244,-8.2587216],[123.0364689,-8.3322893],[123.0208439,-8.358331],[123.0195419,-8.3917783],[123.0410262,-8.4108212],[123.0815536,-8.408624],[123.1635848,-8.3917783],[123.2448837,-8.4047177]]],[[[98.5016382,-0.4860979],[98.5045679,-0.4735654],[98.5019637,-0.4605445],[98.5087997,-0.4425595],[98.5123804,-0.4229469],[98.5102645,-0.4037411],[98.5004989,-0.3873837],[98.5073348,-0.3649228],[98.4934188,-0.3291969],[98.4511825,-0.2583961],[98.4406844,-0.2465146],[98.4292098,-0.243829],[98.4186304,-0.2575823],[98.4261174,-0.2881812],[98.4254663,-0.2985979],[98.4206649,-0.3038062],[98.4134221,-0.3067359],[98.4054468,-0.3088518],[98.3981226,-0.3122698],[98.3894149,-0.3208961],[98.3689071,-0.3492164],[98.3640243,-0.36004],[98.3626408,-0.3801409],[98.3659774,-0.4220517],[98.3640243,-0.4419898],[98.342133,-0.5062802],[98.3361109,-0.5177548],[98.3292749,-0.5187314],[98.3118596,-0.5119768],[98.3020126,-0.5109189],[98.2950952,-0.5133603],[98.2841903,-0.5217424],[98.2751571,-0.5251604],[98.3167424,-0.5350888],[98.3903101,-0.577081],[98.4220484,-0.5866025],[98.4204208,-0.5790341],[98.4218856,-0.5617815],[98.4255477,-0.5433896],[98.4316512,-0.5319964],[98.4479273,-0.5262997],[98.4620874,-0.5294736],[98.4677841,-0.5388323],[98.458995,-0.5518531],[98.4674585,-0.5560849],[98.4734807,-0.5567359],[98.4792587,-0.5531552],[98.486827,-0.5455868],[98.4891057,-0.5507138],[98.4913843,-0.5538876],[98.4929305,-0.5578753],[98.493663,-0.5656064],[98.5004989,-0.5656064],[98.5044051,-0.5512021],[98.5026962,-0.5354143],[98.4964299,-0.5209286],[98.486827,-0.5109189],[98.4951278,-0.4986305],[98.5016382,-0.4860979]]],[[[127.2807723,-0.3886044],[127.2770288,-0.3734677],[127.2719833,-0.3634579],[127.263357,-0.3531227],[127.2547307,-0.3387997],[127.2513127,-0.3233375],[127.2578231,-0.3088518],[127.2649032,-0.3062477],[127.2828882,-0.3073056],[127.2887476,-0.3054339],[127.2922469,-0.2995745],[127.2960718,-0.2902971],[127.2971298,-0.281915],[127.2924911,-0.2780901],[127.2639266,-0.2794736],[127.2545679,-0.2756487],[127.2483016,-0.2638486],[127.2413843,-0.256443],[127.2348739,-0.2517229],[127.2282007,-0.2517229],[127.2203882,-0.2575823],[127.2136337,-0.2501767],[127.2034611,-0.2572568],[127.1748153,-0.2555478],[127.16212,-0.2608375],[127.1538192,-0.2657203],[127.1281844,-0.276137],[127.1211044,-0.2780901],[127.1103622,-0.287693],[127.1142684,-0.3102353],[127.1225692,-0.3373349],[127.1247665,-0.36004],[127.1218368,-0.3634579],[127.116954,-0.3656552],[127.1125594,-0.3693987],[127.1105249,-0.3775367],[127.1105249,-0.4047177],[127.1023055,-0.4274228],[127.1023055,-0.4377581],[127.1139429,-0.4419898],[127.1198837,-0.4462216],[127.1261499,-0.4567197],[127.1306258,-0.4701474],[127.1310327,-0.4830055],[127.1243596,-0.4852841],[127.1125594,-0.4918759],[127.1085718,-0.5010719],[127.1247665,-0.5109189],[127.1215926,-0.5149065],[127.119965,-0.517999],[127.1173609,-0.5251604],[127.179454,-0.5251604],[127.1987411,-0.5206031],[127.2109481,-0.5132789],[127.2346298,-0.4904111],[127.2395939,-0.4917945],[127.2462671,-0.4963518],[127.2519637,-0.4971656],[127.2566024,-0.4776344],[127.2659611,-0.4645322],[127.2688094,-0.4563128],[127.2619735,-0.4288062],[127.2615666,-0.4146461],[127.2800399,-0.4025204],[127.2807723,-0.3886044]]],[[[130.8391219,-0.7675107],[130.8199976,-0.7673479],[130.8118596,-0.7647437],[130.8042098,-0.7572568],[130.8006291,-0.7699521],[130.8165796,-0.7882626],[130.8110458,-0.7989234],[130.8175562,-0.8059221],[130.8191838,-0.8096656],[130.8178817,-0.8194312],[130.8001408,-0.8014462],[130.7802841,-0.8059221],[130.7579859,-0.818943],[130.732758,-0.8262672],[130.7185165,-0.8243141],[130.6945907,-0.8151995],[130.6806747,-0.8125953],[130.6718856,-0.8151995],[130.6639104,-0.8208961],[130.6543075,-0.8239885],[130.6411239,-0.8194312],[130.6425887,-0.8160133],[130.6438094,-0.814874],[130.6450301,-0.8142229],[130.6466577,-0.8125953],[130.6311955,-0.8062477],[130.615896,-0.8117815],[130.5864364,-0.8331031],[130.584646,-0.8231747],[130.5804143,-0.8156064],[130.5739852,-0.8098284],[130.5647079,-0.8051083],[130.5509546,-0.8341611],[130.5190536,-0.8396135],[130.4946395,-0.8278948],[130.5031844,-0.8051083],[130.4900008,-0.799249],[130.4785262,-0.7999],[130.4707137,-0.8067359],[130.4685165,-0.8194312],[130.4616805,-0.8194312],[130.4612736,-0.8160133],[130.4616805,-0.8051083],[130.4484156,-0.8186174],[130.4475204,-0.8609352],[130.4343368,-0.874607],[130.4406844,-0.8931617],[130.427745,-0.9029273],[130.4094344,-0.9120419],[130.4001571,-0.9292945],[130.4367782,-0.9132626],[130.4526473,-0.9105771],[130.4616805,-0.9224586],[130.4685165,-0.9224586],[130.4754338,-0.9059384],[130.4873153,-0.9039039],[130.5035913,-0.9074033],[130.5236923,-0.9087867],[130.5198674,-0.9113095],[130.5100204,-0.9149716],[130.5100204,-0.9224586],[130.5434676,-0.9138323],[130.6179305,-0.9084612],[130.7622176,-0.8766415],[130.8007919,-0.874607],[130.8193466,-0.8702939],[130.8475041,-0.8510068],[130.8718368,-0.8446591],[130.8816024,-0.8395322],[130.8896591,-0.8327776],[130.8937281,-0.8262672],[130.8916122,-0.8204078],[130.884288,-0.8195126],[130.8767196,-0.8175595],[130.8732202,-0.8088518],[130.875743,-0.799249],[130.8824976,-0.7959937],[130.8911239,-0.7948544],[130.899913,-0.7914365],[130.9047958,-0.7902971],[130.9167587,-0.7857398],[130.9245712,-0.7806943],[130.9172469,-0.7784156],[130.9060165,-0.7766253],[130.8894149,-0.7681617],[130.8794051,-0.7647437],[130.8735458,-0.764581],[130.8571883,-0.7687314],[130.8520614,-0.7692197],[130.8391219,-0.7675107]]],[[[132.6276148,-5.6255836],[132.6341252,-5.6333961],[132.6408798,-5.6433245],[132.6419377,-5.6485328],[132.6408798,-5.6679013],[132.6438094,-5.6754697],[132.6504012,-5.6775042],[132.6574813,-5.6774228],[132.6613876,-5.6788062],[132.6623641,-5.6843401],[132.6619572,-5.6910133],[132.660411,-5.6971982],[132.6579696,-5.7017555],[132.6550399,-5.7087542],[132.6613876,-5.7111142],[132.6701766,-5.7115211],[132.6750594,-5.7121721],[132.6833602,-5.7491187],[132.6887313,-5.7600237],[132.6744898,-5.7600237],[132.6716415,-5.7833798],[132.6750594,-5.8357073],[132.6726994,-5.8363583],[132.6679794,-5.8365211],[132.6634221,-5.8385556],[132.6613876,-5.8453915],[132.6623641,-5.8521461],[132.6648055,-5.8551572],[132.6670028,-5.8575172],[132.6682235,-5.8624814],[132.6678166,-5.8881161],[132.6696883,-5.8999977],[132.6750594,-5.9109026],[132.6750594,-5.9040667],[132.6860458,-5.9220517],[132.6919051,-5.9288062],[132.6992294,-5.931329],[132.7086695,-5.9275042],[132.7142033,-5.9183896],[132.716482,-5.9069964],[132.7159937,-5.8966611],[132.7236434,-5.9103329],[132.7307235,-5.9341773],[132.7415471,-5.950372],[132.76059,-5.9415829],[132.775564,-5.9239234],[132.7873641,-5.905857],[132.7971298,-5.8858375],[132.8054305,-5.8624814],[132.8122665,-5.819594],[132.8110458,-5.7970517],[132.8020126,-5.7873674],[132.7858993,-5.7797177],[132.7793075,-5.7610003],[132.7763778,-5.7384579],[132.7712508,-5.7184384],[132.7636825,-5.7184384],[132.7623804,-5.722426],[132.757579,-5.7321103],[132.7571721,-5.7229143],[132.7453719,-5.686456],[132.743663,-5.6683896],[132.7404891,-5.6600888],[132.7335718,-5.6550432],[132.726329,-5.6549618],[132.7111109,-5.658624],[132.7028915,-5.6576474],[132.6906031,-5.650079],[132.6923934,-5.6420224],[132.6994735,-5.6315243],[132.7028915,-5.6167945],[132.6975204,-5.597426],[132.6878361,-5.6000302],[132.6753036,-5.6128883],[132.6613876,-5.6234677],[132.6569117,-5.6203753],[132.6198023,-5.6029599],[132.6223251,-5.6166318],[132.6276148,-5.6255836]]],[[[125.6525171,3.4696313],[125.6469833,3.4920108],[125.6443791,3.5148786],[125.6389266,3.5143497],[125.6272893,3.5182152],[125.6165471,3.5230167],[125.6137801,3.5253767],[125.6035262,3.5527204],[125.5965275,3.5609805],[125.5797632,3.5758731],[125.5754501,3.5806339],[125.5726018,3.591254],[125.5730087,3.5984561],[125.5745549,3.6043969],[125.5754501,3.6107852],[125.5699976,3.6281192],[125.5345158,3.6830508],[125.5129501,3.7079125],[125.4777938,3.7307803],[125.4420679,3.7365583],[125.4184676,3.7097842],[125.4165145,3.6875675],[125.4211532,3.6680362],[125.4305119,3.6513533],[125.4421493,3.6377628],[125.493663,3.5943871],[125.5173446,3.5823428],[125.5210067,3.5769717],[125.5207626,3.5440128],[125.5175887,3.5390486],[125.5139266,3.5291202],[125.5050562,3.4807803],[125.5073348,3.4633243],[125.5241805,3.4505883],[125.5720321,3.4381371],[125.5930282,3.4260928],[125.5983993,3.4154727],[125.5991317,3.4055036],[125.6027124,3.398098],[125.6171981,3.395087],[125.6243596,3.3976505],[125.6595158,3.4247908],[125.6645614,3.4308943],[125.6657821,3.4387882],[125.6634221,3.4461124],[125.6555282,3.4617374],[125.6525171,3.4696313]]],[[[103.485118,-0.2867978],[103.4606226,-0.3339169],[103.4616805,-0.3668759],[103.4900008,-0.3615862],[103.5466415,-0.3829892],[103.5681258,-0.3775367],[103.5803329,-0.3720029],[103.5926213,-0.3761533],[103.6040145,-0.3834775],[103.6125594,-0.3873837],[103.6262313,-0.3842099],[103.6496688,-0.3700497],[103.6574813,-0.3668759],[103.6706649,-0.3637021],[103.6982528,-0.3495419],[103.712413,-0.3464495],[103.7493596,-0.3488095],[103.756521,-0.3464495],[103.7668563,-0.3246396],[103.7561141,-0.3012021],[103.7346298,-0.2811825],[103.7127385,-0.2697079],[103.6706649,-0.2626279],[103.6495874,-0.2548154],[103.6403915,-0.2406552],[103.6286727,-0.2343075],[103.5745549,-0.2247047],[103.5578719,-0.2234026],[103.522146,-0.243829],[103.485118,-0.2867978]]],[[[121.8597111,-10.6040992],[121.8818466,-10.5983212],[121.8845321,-10.594415],[121.8874618,-10.5874977],[121.8918563,-10.5807431],[121.8989364,-10.5778134],[121.9099227,-10.5780575],[121.9150497,-10.577081],[121.9196883,-10.5743954],[121.9300236,-10.5666643],[121.9528101,-10.5533993],[121.990896,-10.5215797],[121.9978947,-10.5089658],[122.0053817,-10.4679501],[121.9959416,-10.4413388],[121.9795028,-10.4379208],[121.9598088,-10.4401181],[121.9401962,-10.4301083],[121.9231063,-10.4203427],[121.9016219,-10.4209937],[121.8796493,-10.4288876],[121.8613387,-10.4406064],[121.8264266,-10.493829],[121.7062281,-10.5524228],[121.6901148,-10.5642229],[121.6943466,-10.5710589],[121.6990666,-10.5757789],[121.7104598,-10.5846493],[121.732107,-10.5973447],[121.7531844,-10.6010068],[121.7968856,-10.5983212],[121.8597111,-10.6040992]]],[[[102.2597762,-5.3075497],[102.2417098,-5.3060849],[102.2282821,-5.3018531],[102.2010197,-5.2872047],[102.1720484,-5.2803687],[102.1472274,-5.2896461],[102.0986434,-5.3348935],[102.1276962,-5.3495419],[102.2461044,-5.4415829],[102.2573348,-5.4572079],[102.2703557,-5.4887021],[102.2835393,-5.4992815],[102.2942001,-5.4774716],[102.2978622,-5.4727516],[102.3046981,-5.4718564],[102.3136499,-5.4729143],[102.3212997,-5.4729143],[102.3244735,-5.4689267],[102.3323674,-5.4722633],[102.3787541,-5.4821917],[102.3901473,-5.4769833],[102.3824976,-5.4662411],[102.3696395,-5.4533017],[102.3662216,-5.4415829],[102.3864852,-5.4302711],[102.4002385,-5.4183896],[102.4065048,-5.4037411],[102.3943791,-5.3759091],[102.365896,-5.3612607],[102.3040471,-5.3423805],[102.2863876,-5.323012],[102.2739364,-5.3122698],[102.2597762,-5.3075497]]],[[[104.0491643,0.9841983],[104.071788,0.9899356],[104.0764266,0.9904646],[104.0879012,0.9889591],[104.0922958,0.9899356],[104.0932723,0.9936384],[104.0915633,1.0055606],[104.0922958,1.0098331],[104.0978296,1.0191104],[104.1005966,1.027045],[104.1045028,1.0332706],[104.1128036,1.0377465],[104.1067001,1.0454776],[104.1041773,1.0516625],[104.1041773,1.057766],[104.1059676,1.0650089],[104.1232202,1.049628],[104.1311141,1.0487735],[104.1517033,1.1194522],[104.1523544,1.1400414],[104.1463322,1.1604678],[104.1427515,1.16649],[104.1381942,1.1720238],[104.1276962,1.1813012],[104.1157333,1.1872419],[104.1032007,1.1895206],[104.0905868,1.1878116],[104.0786239,1.1817081],[104.0865992,1.1709659],[104.0915633,1.1584333],[104.0916447,1.1454939],[104.0854598,1.1332869],[104.0708114,1.1459415],[104.0413518,1.1813826],[104.0309351,1.187893],[104.0192163,1.1788598],[104.0110783,1.1447208],[103.9961044,1.1332869],[103.9876408,1.1342227],[103.9670516,1.141669],[103.9558212,1.1407738],[103.9445093,1.13524],[103.9432072,1.1309268],[103.9465438,1.1247012],[103.9513452,1.1035831],[103.9553329,1.0935733],[103.9562281,1.0848656],[103.9489852,1.0785994],[103.9381617,1.0795759],[103.9238387,1.0961368],[103.9140731,1.0997989],[103.9025985,1.0905216],[103.9067489,1.071682],[103.9182235,1.051337],[103.9505314,1.0141055],[103.9558212,1.0098331],[103.9666447,1.0081241],[103.9879663,1.0104841],[103.9961044,1.0098331],[104.0317489,0.9894473],[104.0491643,0.9841983]]],[[[134.1860458,-6.1339658],[134.1894637,-6.1504859],[134.1798609,-6.1670875],[134.1660262,-6.183038],[134.1622827,-6.1965471],[134.1826278,-6.2057431],[134.2028101,-6.1942685],[134.2179468,-6.2076148],[134.2338973,-6.2393531],[134.2775985,-6.275079],[134.2850041,-6.284275],[134.2907821,-6.2800432],[134.3039657,-6.2875302],[134.3266708,-6.3082008],[134.3331812,-6.3205706],[134.3348088,-6.3288714],[134.3376571,-6.3319638],[134.3471786,-6.3292783],[134.3664657,-6.3156878],[134.38087,-6.2987607],[134.3974716,-6.284926],[134.4228622,-6.280857],[134.4228622,-6.2740211],[134.4078882,-6.2719052],[134.3956812,-6.2649065],[134.3859156,-6.2575009],[134.3779403,-6.2540829],[134.3559676,-6.2545712],[134.3532007,-6.2504208],[134.3615015,-6.2393531],[134.3427841,-6.2393531],[134.3332626,-6.2345517],[134.2998153,-6.1845029],[134.2863062,-6.1749814],[134.271495,-6.1783993],[134.2570093,-6.1583798],[134.2425236,-6.1442197],[134.2341415,-6.1300595],[134.2373153,-6.1101214],[134.2463485,-6.0964495],[134.2657984,-6.0774065],[134.271495,-6.0617001],[134.2509872,-6.0709775],[134.2448023,-6.0759417],[134.2404891,-6.0735003],[134.2358505,-6.0626767],[134.2258407,-6.0287411],[134.2177841,-6.0236142],[134.2067977,-6.0253232],[134.1606551,-6.0435523],[134.1552841,-6.0480283],[134.1552841,-6.0065243],[134.1259872,-6.034275],[134.1149195,-6.0768368],[134.1203719,-6.1221656],[134.1411239,-6.1578915],[134.1716415,-6.1364885],[134.1860458,-6.1339658]]],[[[127.7851669,-8.1316057],[127.7895614,-8.1413714],[127.7932235,-8.1623674],[127.8020939,-8.1762021],[127.8269963,-8.1963844],[127.8435979,-8.2057431],[127.8637801,-8.2107073],[127.9253036,-8.2151018],[127.939301,-8.2181943],[127.9519963,-8.2238909],[127.9941512,-8.2518857],[128.0086369,-8.2587216],[128.0256454,-8.2614072],[128.0415145,-8.2550595],[128.0539657,-8.2268206],[128.0664169,-8.2204729],[128.1179305,-8.1788876],[128.127452,-8.1613095],[128.1235458,-8.1503232],[128.0905868,-8.1310361],[128.0573837,-8.1420224],[128.0178329,-8.1431617],[127.9402775,-8.1310361],[127.8679305,-8.1062151],[127.8325301,-8.0985654],[127.7963973,-8.1037737],[127.7851669,-8.1023089],[127.7741805,-8.1034482],[127.7656356,-8.1080868],[127.7615666,-8.1174456],[127.775564,-8.124607],[127.7851669,-8.1316057]]],[[[134.6022242,-6.4415829],[134.607758,-6.421482],[134.6023055,-6.4045549],[134.5896102,-6.3877906],[134.5747176,-6.3747698],[134.5631617,-6.3695615],[134.5442001,-6.3638648],[134.5286564,-6.3502743],[134.5047307,-6.3212216],[134.494965,-6.3138974],[134.4635523,-6.2969703],[134.4521591,-6.2880185],[134.4461369,-6.2854143],[134.4377548,-6.2850888],[134.4293726,-6.2867164],[134.4211532,-6.2901344],[134.4134221,-6.2945289],[134.4064234,-6.2995745],[134.391368,-6.3160947],[134.3867294,-6.319594],[134.3720809,-6.3278134],[134.3645126,-6.3335914],[134.3564559,-6.3415667],[134.3498641,-6.3506812],[134.3471786,-6.3596331],[134.3503524,-6.3717587],[134.3584091,-6.3794898],[134.4177352,-6.4064267],[134.4228622,-6.4146461],[134.4272567,-6.4263648],[134.4379989,-6.4275042],[134.4514266,-6.4249],[134.4638778,-6.4249],[134.4865829,-6.4543596],[134.4912216,-6.4623349],[134.4923609,-6.4716122],[134.4958602,-6.4852841],[134.5022893,-6.5001767],[134.5115666,-6.5136044],[134.5417587,-6.5294736],[134.5605575,-6.5160458],[134.5656844,-6.4913876],[134.5537216,-6.4732398],[134.5881454,-6.4552548],[134.6022242,-6.4415829]]],[[[130.8790796,-8.2312151],[130.8693954,-8.2334937],[130.8549911,-8.2400042],[130.8442489,-8.2543271],[130.8357854,-8.26865],[130.8152775,-8.2853329],[130.7744247,-8.3341611],[130.763357,-8.3507626],[130.810883,-8.3513323],[130.8212997,-8.3471005],[130.8347274,-8.3356259],[130.8794051,-8.3092587],[130.892426,-8.2960751],[130.8962508,-8.2843564],[130.8937281,-8.2512346],[130.9021102,-8.2496884],[130.9516708,-8.2334937],[130.9796656,-8.2360979],[130.9910588,-8.2347958],[131.0612085,-8.2058245],[131.1009221,-8.17962],[131.1316838,-8.1676572],[131.1608179,-8.1522763],[131.1816512,-8.1249325],[131.1601669,-8.1187477],[131.1416122,-8.1216773],[131.1248479,-8.1276995],[131.1093856,-8.1310361],[131.1040145,-8.1343727],[131.0940048,-8.14837],[131.0888778,-8.1515439],[131.0794377,-8.1488583],[131.0771591,-8.1420224],[131.0798446,-8.1332333],[131.0854598,-8.1249325],[131.0509546,-8.0912411],[131.0376083,-8.0832659],[131.0144149,-8.0953915],[130.9738062,-8.1452776],[130.9516708,-8.1413714],[130.9384872,-8.1325823],[130.9264429,-8.1325009],[130.9174911,-8.14129],[130.9134221,-8.1589495],[130.9160262,-8.1764462],[130.9210718,-8.1877581],[130.9222111,-8.1984189],[130.9134221,-8.213637],[130.9055282,-8.219415],[130.8790796,-8.2312151]]],[[[119.4782821,-8.6140276],[119.4707137,-8.6154111],[119.4627385,-8.6093075],[119.4567977,-8.5966122],[119.4709579,-8.596775],[119.4799911,-8.5917294],[119.4939885,-8.573012],[119.5066838,-8.5658505],[119.5158798,-8.5726865],[119.5251571,-8.5904273],[119.5378524,-8.5936825],[119.5698348,-8.5904273],[119.572439,-8.5856259],[119.5705673,-8.575372],[119.5726018,-8.5656064],[119.5871688,-8.5624325],[119.5774032,-8.5484352],[119.56837,-8.5402971],[119.5617782,-8.5321591],[119.5592554,-8.5181617],[119.5629989,-8.5153134],[119.5704859,-8.5121396],[119.5747176,-8.5070126],[119.5698348,-8.4979794],[119.560232,-8.4879697],[119.5545354,-8.4845517],[119.5456649,-8.4811337],[119.5288192,-8.479262],[119.4803166,-8.486749],[119.4687606,-8.4791806],[119.4633895,-8.4611956],[119.4607854,-8.4410947],[119.4567977,-8.4259579],[119.4215601,-8.4415016],[119.4152938,-8.4432919],[119.4248153,-8.4725888],[119.4270126,-8.488051],[119.4184676,-8.4948056],[119.4223739,-8.5264625],[119.4221298,-8.5352516],[119.4215601,-8.5357398],[119.4150497,-8.5531552],[119.4152938,-8.556329],[119.4094344,-8.557387],[119.3935653,-8.5549456],[119.3879501,-8.556329],[119.3796493,-8.5658505],[119.3781844,-8.5739885],[119.3811141,-8.6003557],[119.3811141,-8.628025],[119.384288,-8.6311174],[119.391368,-8.632094],[119.3984481,-8.6343727],[119.4015406,-8.6415341],[119.4021102,-8.6675758],[119.4001571,-8.6749814],[119.3811955,-8.7089169],[119.3772079,-8.722426],[119.3811141,-8.7344703],[119.3737085,-8.7344703],[119.3811141,-8.7406552],[119.3990992,-8.726495],[119.4466252,-8.7463518],[119.4698999,-8.7406552],[119.4573674,-8.7281227],[119.4484969,-8.7091611],[119.4436141,-8.6906064],[119.4425562,-8.6791318],[119.4482528,-8.6535784],[119.4553329,-8.644301],[119.466482,-8.6485328],[119.4731551,-8.6472307],[119.4802352,-8.6354306],[119.4909774,-8.6109352],[119.4835718,-8.6040992],[119.4782821,-8.6140276]]],[[[117.5634872,-8.1451962],[117.5483505,-8.1490211],[117.4939071,-8.1762021],[117.486827,-8.1828753],[117.4816187,-8.1950009],[117.4804794,-8.2091611],[117.4826766,-8.250665],[117.4846298,-8.2550595],[117.4897567,-8.2574195],[117.4997665,-8.265232],[117.5107528,-8.2810198],[117.5112411,-8.2955055],[117.4959416,-8.3297665],[117.4856063,-8.3430315],[117.4848739,-8.350193],[117.4925236,-8.3610165],[117.5261337,-8.3817685],[117.5339462,-8.3849423],[117.5537216,-8.3790016],[117.5665796,-8.3639462],[117.6206161,-8.2535947],[117.6403101,-8.2240536],[117.6673283,-8.1993954],[117.6853947,-8.1892229],[117.6925562,-8.1835263],[117.6953231,-8.1758766],[117.6917424,-8.1647275],[117.6833602,-8.158624],[117.6731063,-8.1540667],[117.6643173,-8.1481259],[117.5634872,-8.1451962]]],[[[98.304454,-0.0017229],[98.2956649,-0.0072568],[98.3017684,-0.0187314],[98.3159286,-0.0283342],[98.3318791,-0.0367978],[98.3435165,-0.0447324],[98.3632919,-0.0743954],[98.3899846,-0.1403948],[98.4055282,-0.1682268],[98.5124618,-0.3190243],[98.5415145,-0.3811174],[98.5490015,-0.3811174],[98.5478622,-0.3692359],[98.5426538,-0.3541806],[98.5415145,-0.3430315],[98.5432235,-0.3340797],[98.5517684,-0.3221982],[98.5551864,-0.3122698],[98.5551864,-0.3185361],[98.5598251,-0.2782529],[98.5322372,-0.2393531],[98.4973251,-0.1998023],[98.4799911,-0.1583798],[98.4699813,-0.1075172],[98.44337,-0.0520159],[98.4060979,-0.0073788],[98.3640243,0.0104841],[98.3249618,0.0039737],[98.304454,-0.0017229]]],[[[98.6200815,0.0867027],[98.6501234,0.0796215],[98.6890036,0.0707753],[98.7261254,0.0742846],[98.7632561,0.0866476],[98.8021514,0.0866363],[98.844589,0.0848594],[98.8516854,0.1096213],[98.8357989,0.1414689],[98.8057436,0.160916],[98.7668553,0.1662608],[98.743868,0.1662658],[98.7173517,0.1751199],[98.6731488,0.1698122],[98.6254162,0.1751544],[98.5900491,0.1716559],[98.5475966,0.1593266],[98.5246006,0.1451971],[98.5281332,0.1115759],[98.5387399,0.0903351],[98.5758825,0.0867502],[98.6200815,0.0867027]]],[[[134.9514266,-1.0243466],[134.9557398,-1.0088844],[134.9567163,-1.000665],[134.9546005,-0.9906552],[134.9455673,-0.975193],[134.9436141,-0.9668922],[134.9375106,-0.9576148],[134.9235946,-0.9499651],[134.8777775,-0.9361305],[134.8628036,-0.9375953],[134.8491317,-0.9444312],[134.8337508,-0.9566383],[134.8298446,-0.9606259],[134.8259383,-0.9657529],[134.820079,-0.9769833],[134.8185327,-0.9957822],[134.8164169,-1.000665],[134.8000594,-1.0277646],[134.8128361,-1.0499],[134.8351343,-1.0714658],[134.8515731,-1.1086565],[134.863536,-1.1210263],[134.8784286,-1.1307919],[134.8921005,-1.1346982],[134.9257919,-1.135512],[134.9425562,-1.1339658],[134.9567163,-1.1285133],[134.9913843,-1.0829404],[134.9912216,-1.049249],[134.9930119,-1.0332984],[134.9982202,-1.01865],[134.9785262,-1.0276018],[134.9619247,-1.0705706],[134.9436141,-1.0795224],[134.9279891,-1.0720354],[134.9321395,-1.0577125],[134.9504501,-1.0353329],[134.9514266,-1.0243466]]],[[[103.4100041,0.8645694],[103.4008895,0.8800723],[103.3855087,0.8888614],[103.3698837,0.8860538],[103.3574325,0.8724633],[103.3503524,0.8391788],[103.3411564,0.8173689],[103.338715,0.8049177],[103.3405054,0.784003],[103.345551,0.7633731],[103.3837997,0.7081566],[103.3937281,0.6987979],[103.4030868,0.6782087],[103.4157007,0.6573754],[103.4343368,0.6472842],[103.4594833,0.6581078],[103.4803166,0.6852481],[103.5100204,0.7428653],[103.5068466,0.7554385],[103.5019637,0.7633731],[103.4890243,0.777045],[103.4704696,0.8079288],[103.4597274,0.82038],[103.4275822,0.8316104],[103.4174911,0.846503],[103.4100041,0.8645694]]],[[[103.2851669,0.6463891],[103.273204,0.6656762],[103.2614852,0.6803246],[103.2469182,0.6940372],[103.2302352,0.704169],[103.2117619,0.7081566],[103.1792098,0.695502],[103.1589462,0.664781],[103.1367294,0.5738793],[103.1359969,0.5562198],[103.1404729,0.5393741],[103.1531682,0.5238305],[103.1706649,0.5137393],[103.1833602,0.514838],[103.1955673,0.5204532],[103.2807723,0.5380313],[103.2957463,0.5493839],[103.2999781,0.5754255],[103.2978622,0.6047224],[103.2936304,0.6254337],[103.2851669,0.6463891]]],[[[123.5343531,-1.7165667],[123.5454208,-1.7218564],[123.5539657,-1.7206357],[123.5642196,-1.7219378],[123.5748804,-1.7199846],[123.5792749,-1.7160784],[123.5864364,-1.7129859],[123.601329,-1.7028134],[123.6086532,-1.6887346],[123.6087346,-1.674249],[123.6141057,-1.6524391],[123.6159774,-1.6403134],[123.6164657,-1.624607],[123.6103622,-1.6115862],[123.6005966,-1.6032854],[123.5903426,-1.5987281],[123.5813094,-1.6026344],[123.5688583,-1.600844],[123.5573837,-1.58115],[123.5559188,-1.5634091],[123.5592554,-1.5557594],[123.5600692,-1.5459937],[123.5446883,-1.4970029],[123.5373641,-1.48504],[123.5290633,-1.4802385],[123.5232854,-1.4826799],[123.5252385,-1.4982236],[123.5206812,-1.5048154],[123.5114038,-1.5056292],[123.500743,-1.5093727],[123.490896,-1.5245094],[123.4819442,-1.5446917],[123.4777938,-1.5577125],[123.4767359,-1.5627581],[123.4768986,-1.570245],[123.4795028,-1.577081],[123.4850367,-1.5796852],[123.4914657,-1.5847307],[123.4926864,-1.5949846],[123.4880477,-1.6032854],[123.482758,-1.6104469],[123.4808049,-1.6150042],[123.4783635,-1.6195615],[123.4785262,-1.6345354],[123.4755966,-1.6491025],[123.4777938,-1.6686337],[123.4848739,-1.6935361],[123.4873153,-1.6999651],[123.4935002,-1.7096493],[123.5036727,-1.7128232],[123.5117294,-1.7094052],[123.5151473,-1.7033831],[123.522146,-1.7058245],[123.5343531,-1.7165667]]],[[[121.8012801,-0.4935849],[121.8165796,-0.507745],[121.8309025,-0.5109189],[121.8447372,-0.5079892],[121.8464462,-0.5002581],[121.8347274,-0.4767392],[121.847911,-0.483331],[121.8745223,-0.5059547],[121.8784286,-0.5109189],[121.894786,-0.5079078],[121.9064234,-0.4992815],[121.9135848,-0.4864234],[121.9160262,-0.4699033],[121.9106551,-0.4603818],[121.9017033,-0.4371884],[121.8955184,-0.4283993],[121.8538518,-0.4010556],[121.8221135,-0.4066708],[121.7994898,-0.4205055],[121.7785751,-0.4245745],[121.7521265,-0.4010556],[121.740896,-0.4291318],[121.7342229,-0.4349911],[121.7019149,-0.4496396],[121.6897079,-0.4581845],[121.6798609,-0.4689267],[121.6501571,-0.5126279],[121.6417749,-0.5310198],[121.6422632,-0.5455868],[121.6545516,-0.5524228],[121.6717229,-0.5503883],[121.6889755,-0.5431454],[121.7009383,-0.5350888],[121.7255966,-0.4830868],[121.7353622,-0.479913],[121.7463485,-0.4836565],[121.7900497,-0.4904111],[121.8012801,-0.4935849]]],[[[117.2684025,3.5929223],[117.2570907,3.5920271],[117.2444768,3.5864932],[117.2329208,3.5786807],[117.2241317,3.5709903],[117.2180282,3.5602888],[117.2177841,3.5478376],[117.2220158,3.5355492],[117.2297469,3.5253767],[117.240896,3.5161807],[117.2548934,3.5070661],[117.2707626,3.5001895],[117.2876083,3.497504],[117.3730575,3.497504],[117.4558212,3.4642602],[117.4967554,3.4555525],[117.5172632,3.4770369],[117.5171005,3.4862735],[117.5139266,3.4953067],[117.5061955,3.5021426],[117.482107,3.5069848],[117.4617619,3.5159366],[117.4516708,3.5179711],[117.4353133,3.5246036],[117.4082137,3.5560977],[117.3937281,3.5663923],[117.3079533,3.5731876],[117.2971298,3.5758731],[117.2785751,3.5885277],[117.2684025,3.5929223]]],[[[117.6772567,3.3564314],[117.6819768,3.3775089],[117.6839299,3.3996036],[117.6816512,3.4155134],[117.6715601,3.426988],[117.656993,3.4335391],[117.6404729,3.4365095],[117.6252548,3.4376895],[117.566661,3.4384219],[117.5415145,3.4284529],[117.5312606,3.4031436],[117.5346786,3.3793806],[117.5436304,3.3548038],[117.5564071,3.3318546],[117.571788,3.3131371],[117.6248479,3.2832706],[117.6333114,3.2682152],[117.6379501,3.2487247],[117.6484481,3.2460391],[117.6599227,3.2552758],[117.6673283,3.2715518],[117.6653752,3.3292911],[117.6772567,3.3564314]]],[[[127.2531031,-0.788995],[127.2649032,-0.8020159],[127.2688094,-0.8051083],[127.2788192,-0.8055966],[127.3198348,-0.7936337],[127.3180445,-0.7800432],[127.2961532,-0.7437477],[127.2951766,-0.7336565],[127.2972111,-0.712579],[127.2961532,-0.702732],[127.2917587,-0.6945126],[127.2780054,-0.6757138],[127.2750757,-0.67254],[127.268077,-0.6612281],[127.2551376,-0.6504859],[127.2487899,-0.6376279],[127.2612411,-0.6202125],[127.2566024,-0.6169573],[127.2508244,-0.6149228],[127.2441512,-0.6139462],[127.2140406,-0.6154111],[127.200857,-0.6228167],[127.1945907,-0.6351865],[127.189301,-0.6749814],[127.1801864,-0.6931292],[127.1689559,-0.710219],[127.1589462,-0.7306454],[127.1555282,-0.7723935],[127.1801864,-0.7838681],[127.2165633,-0.7824033],[127.2483016,-0.7852516],[127.2531031,-0.788995]]],[[[122.9998479,-8.448663],[122.910411,-8.5147437],[122.8829859,-8.5829404],[122.9025985,-8.6045875],[122.9139104,-8.608331],[122.9308374,-8.6040992],[122.9552515,-8.5856259],[123.0066024,-8.5079078],[123.0378524,-8.4918759],[123.1217554,-8.4862607],[123.1635848,-8.4737281],[123.1775008,-8.460219],[123.1799423,-8.4444312],[123.1697697,-8.431329],[123.1462508,-8.4259579],[123.1403915,-8.4276669],[123.1243596,-8.4362932],[123.115896,-8.4396298],[123.1047469,-8.4406878],[123.0857854,-8.4385719],[123.0742294,-8.4396298],[123.0424911,-8.4514299],[123.0297958,-8.4532203],[123.0183212,-8.4512672],[123.0090438,-8.4481747],[122.9998479,-8.448663]]],[[[131.8779403,-7.1644833],[131.903982,-7.1803525],[131.9140731,-7.2164853],[131.9216415,-7.2238909],[131.9559025,-7.2492001],[131.9655868,-7.2546526],[131.9817001,-7.2457008],[131.9860132,-7.2252743],[131.9821883,-7.1888974],[131.9770614,-7.1740862],[131.9534611,-7.1540667],[131.94809,-7.1412086],[131.9441838,-7.1266415],[131.9338485,-7.1115862],[131.9184676,-7.1036109],[131.9004012,-7.11004],[131.8784286,-7.1060523],[131.7570093,-7.11004],[131.7321883,-7.1412086],[131.7426864,-7.1583798],[131.7722274,-7.1649716],[131.8427841,-7.1617978],[131.8779403,-7.1644833]]],[[[117.6202906,4.0153262],[117.6652938,3.983059],[117.705577,3.9874942],[117.7410588,4.0256208],[117.7531844,4.0518253],[117.7500106,4.0803083],[117.7412216,4.0882836],[117.6987411,4.1113142],[117.6735946,4.1406111],[117.6611434,4.1492374],[117.6463322,4.1408145],[117.6128036,4.1082217],[117.594493,4.0638695],[117.6202906,4.0153262]]],[[[123.4106551,-10.3103167],[123.4244898,-10.2990048],[123.4186304,-10.2730445],[123.3962508,-10.2277971],[123.4106551,-10.2209612],[123.4215601,-10.2359352],[123.4350692,-10.2427711],[123.4466252,-10.2396786],[123.4516708,-10.2243792],[123.4592391,-10.2146135],[123.494965,-10.1981747],[123.5061141,-10.1867815],[123.5046493,-10.1713193],[123.4738062,-10.1628557],[123.4658309,-10.1498349],[123.4575301,-10.1393368],[123.438243,-10.14129],[123.4172469,-10.1496721],[123.4038192,-10.1576474],[123.3894149,-10.1752255],[123.3698023,-10.2168922],[123.3559676,-10.2346331],[123.332286,-10.2545712],[123.3199976,-10.2677548],[123.3151962,-10.2839495],[123.314301,-10.3134091],[123.321788,-10.3389625],[123.3383895,-10.3374977],[123.3547469,-10.3224423],[123.3621525,-10.3068987],[123.3670354,-10.3012021],[123.377452,-10.3108049],[123.3873804,-10.3246396],[123.3901473,-10.3308245],[123.4035751,-10.3344052],[123.4134221,-10.3326148],[123.4167587,-10.3246396],[123.4106551,-10.3103167]]],[[[97.321788,2.0580915],[97.3203231,2.0499942],[97.321788,2.0314395],[97.3293563,2.0363223],[97.3352157,2.0421817],[97.3395288,2.0494652],[97.3422958,2.0580915],[97.3430282,2.0833194],[97.3410751,2.105699],[97.3362736,2.1266544],[97.3286239,2.1475284],[97.3237411,2.1695824],[97.3198348,2.1786563],[97.3058374,2.1853702],[97.2815048,2.2089298],[97.2892359,2.2211775],[97.2812606,2.2290714],[97.2646591,2.2322452],[97.2467554,2.2306583],[97.2329208,2.2238223],[97.2207137,2.2143008],[97.2080184,2.207587],[97.1915796,2.2089298],[97.1827906,2.2260603],[97.1784774,2.2306583],[97.1717229,2.2330997],[97.1670028,2.2330997],[97.1251734,2.2254906],[97.1093856,2.2201602],[97.1027938,2.2127139],[97.2073674,2.1755232],[97.2268173,2.1580264],[97.2338973,2.1471622],[97.2780868,2.1030948],[97.2878524,2.0874698],[97.2961532,2.0695255],[97.306163,2.0571964],[97.321788,2.0580915]]],[[[106.7226669,-2.9660784],[106.7580673,-2.978204],[106.7985946,-3.0110003],[106.8157658,-3.0184872],[106.861176,-3.0289853],[106.865896,-3.0265439],[106.8952743,-3.0184872],[106.8907984,-2.994887],[106.9157007,-2.9509417],[106.9089462,-2.9297828],[106.8899032,-2.9198544],[106.8435165,-2.9118792],[106.8264266,-2.9030087],[106.8125106,-2.8921852],[106.7923283,-2.8964169],[106.7722274,-2.9073219],[106.7495223,-2.9231096],[106.7456161,-2.9269345],[106.7382919,-2.9434547],[106.7340601,-2.9465471],[106.7255966,-2.9562314],[106.7226669,-2.9660784]]],[[[120.7737736,-7.115818],[120.783051,-7.088637],[120.7851669,-7.0724423],[120.7812606,-7.0559221],[120.7726343,-7.0588518],[120.7578231,-7.0759417],[120.744965,-7.0741513],[120.7302352,-7.0671526],[120.6776736,-7.0436713],[120.6536152,-7.0101046],[120.6355087,-7.0070126],[120.6212557,-6.9982452],[120.6157292,-7.0225611],[120.6198936,-7.0442428],[120.6136951,-7.0698166],[120.591113,-7.0795891],[120.5658641,-7.0670542],[120.5562531,-7.0728895],[120.5629062,-7.0945378],[120.5809229,-7.091815],[120.5984221,-7.0980339],[120.6241712,-7.0939603],[120.6204074,-7.1086751],[120.6334891,-7.1315282],[120.6703495,-7.1509598],[120.6818954,-7.1394182],[120.6833602,-7.1242815],[120.7055821,-7.1333805],[120.7422615,-7.1349351],[120.771495,-7.1305478],[120.7737736,-7.115818]]],[[[105.6976018,2.8964704],[105.6955673,2.8845889],[105.6964624,2.8734805],[105.6994735,2.8616397],[105.7048446,2.8509789],[105.7126571,2.8431664],[105.7244572,2.8396671],[105.7365829,2.841254],[105.7488713,2.8445499],[105.7609969,2.8463809],[105.7644149,2.8496768],[105.7651473,2.8569197],[105.7622176,2.8642032],[105.754161,2.8674991],[105.7453719,2.8677432],[105.7389429,2.8692895],[105.7340601,2.8732771],[105.7297469,2.881171],[105.775564,2.898505],[105.7814234,2.9049747],[105.7889104,2.9071719],[105.8020126,2.8981794],[105.8118596,2.9044864],[105.8333439,2.9773624],[105.8396102,2.9773624],[105.8396102,2.9699161],[105.8469344,2.9699161],[105.8532821,2.9835473],[105.8440048,2.9884708],[105.8134872,2.9960391],[105.8020126,2.9972598],[105.794607,2.9945336],[105.7922469,2.9882673],[105.7902938,2.9815941],[105.7849227,2.9773624],[105.7781682,2.9776065],[105.7623804,2.9823266],[105.754161,2.9835473],[105.738536,2.9881046],[105.736827,2.9995792],[105.7394312,3.0151228],[105.7370712,3.0319685],[105.7321883,3.0353865],[105.7151799,3.0438907],[105.7129012,3.0456404],[105.7102971,3.0484887],[105.7028915,3.0661075],[105.6887313,3.0599633],[105.6941024,3.0485701],[105.6955673,3.0341658],[105.6919051,3.0204939],[105.6818954,3.0114607],[105.6911727,3.0023461],[105.7153426,2.9889997],[105.7234807,2.9773624],[105.7221786,2.9692244],[105.7116805,2.943671],[105.7068791,2.9208031],[105.6976018,2.8964704]]],[[[119.7233993,-8.7417945],[119.7050887,-8.7240536],[119.7026473,-8.7064755],[119.7091577,-8.6935361],[119.7209579,-8.6897112],[119.7356063,-8.6892229],[119.7504989,-8.6859677],[119.7473251,-8.6721331],[119.7580673,-8.6610654],[119.7885848,-8.6415341],[119.7915145,-8.6242001],[119.7675887,-8.61712],[119.7378036,-8.61712],[119.7229924,-8.6211891],[119.7198999,-8.6425107],[119.7106226,-8.6597633],[119.6954859,-8.6670875],[119.6753036,-8.6587867],[119.6689559,-8.6496721],[119.6648055,-8.627374],[119.6609807,-8.6177711],[119.6551213,-8.6115862],[119.6344507,-8.5966122],[119.6272079,-8.6183408],[119.6467391,-8.6571591],[119.6412867,-8.6791318],[119.660411,-8.6854794],[119.656993,-8.6954892],[119.6421005,-8.70615],[119.626801,-8.7139625],[119.6292424,-8.7175432],[119.6344507,-8.7269833],[119.6206161,-8.7300758],[119.6142684,-8.7398414],[119.6062932,-8.76865],[119.615245,-8.7775204],[119.6248479,-8.7805315],[119.6347762,-8.7784156],[119.6445419,-8.7716611],[119.6555282,-8.7668596],[119.6629338,-8.7725562],[119.6689559,-8.7819964],[119.6792098,-8.7926572],[119.6886499,-8.799249],[119.6982528,-8.8015276],[119.7026473,-8.792413],[119.7187606,-8.7704404],[119.7229924,-8.7618141],[119.7233993,-8.7417945]]],[[[116.3253687,-3.5476214],[116.3322046,-3.5617001],[116.3701278,-3.6213518],[116.3859969,-3.639581],[116.393077,-3.6324195],[116.3952743,-3.6134579],[116.4045516,-3.5768368],[116.4114689,-3.5209286],[116.4314071,-3.4475237],[116.4344182,-3.4097633],[116.4158635,-3.3817685],[116.4044702,-3.374607],[116.3992619,-3.3927548],[116.393077,-3.405857],[116.365245,-3.4291318],[116.3588973,-3.4408505],[116.3556421,-3.4597307],[116.3310653,-3.5118954],[116.3247176,-3.5329729],[116.3253687,-3.5476214]]],[[[128.6696883,-7.1373837],[128.6912541,-7.1332333],[128.7013452,-7.1228167],[128.6997176,-7.1095517],[128.6863713,-7.0963681],[128.6789657,-7.0938453],[128.6608179,-7.0924618],[128.6523544,-7.0895322],[128.6434025,-7.0827776],[128.6285913,-7.0685361],[128.6196395,-7.063165],[128.5924585,-7.073012],[128.563243,-7.0912411],[128.5393986,-7.1122372],[128.5288192,-7.1305478],[128.5327255,-7.1510556],[128.5466415,-7.162693],[128.583995,-7.1788876],[128.6223251,-7.2101376],[128.6386825,-7.2199033],[128.6765243,-7.1788876],[128.6805119,-7.1724586],[128.6682235,-7.1581357],[128.6585393,-7.1438128],[128.6696883,-7.1373837]]],[[[130.5271102,-0.5143368],[130.533702,-0.5098609],[130.547618,-0.5053036],[130.554454,-0.5009091],[130.5582788,-0.4950497],[130.5622665,-0.4810523],[130.5647079,-0.4767392],[130.5968531,-0.4645322],[130.5976669,-0.490818],[130.5836695,-0.5238583],[130.5715438,-0.5319964],[130.5810653,-0.5392392],[130.5963648,-0.5385068],[130.6411239,-0.5275204],[130.6545516,-0.5166969],[130.6834416,-0.4772275],[130.6879989,-0.4631487],[130.6863713,-0.4491513],[130.6775822,-0.4358049],[130.670258,-0.4302711],[130.6458439,-0.4193661],[130.6320907,-0.4113095],[130.6250106,-0.4096005],[130.6174423,-0.4125302],[130.6131291,-0.4175758],[130.610118,-0.4226214],[130.6061304,-0.4266904],[130.582286,-0.4332008],[130.5695907,-0.4441057],[130.5593368,-0.4559872],[130.5504663,-0.4637997],[130.5351669,-0.4689267],[130.5224716,-0.4689267],[130.5134383,-0.4618466],[130.5100204,-0.4457333],[130.5050562,-0.4413388],[130.4938257,-0.4501279],[130.4821883,-0.4645322],[130.4758407,-0.4767392],[130.4721786,-0.4703102],[130.4685979,-0.4672177],[130.4635523,-0.4655087],[130.4548446,-0.4637997],[130.4609481,-0.4781227],[130.469493,-0.4903297],[130.4811304,-0.4957822],[130.4963485,-0.4904111],[130.4925236,-0.5033505],[130.4824325,-0.5092099],[130.4704696,-0.5143368],[130.4616805,-0.5251604],[130.5171005,-0.5177548],[130.5271102,-0.5143368]]],[[[122.0530705,-0.3737118],[122.0540471,-0.3551572],[122.0514429,-0.3420549],[122.0437118,-0.3346493],[122.0295516,-0.3321266],[122.0135197,-0.3319638],[122.0044051,-0.3302548],[121.978038,-0.3185361],[121.9665633,-0.3147112],[121.9265243,-0.3122698],[121.9226994,-0.3163388],[121.9248153,-0.334568],[121.9235132,-0.3396135],[121.915538,-0.3400204],[121.9083765,-0.3373349],[121.9033309,-0.3339169],[121.9023544,-0.3321266],[121.8823348,-0.3300107],[121.8723251,-0.3326148],[121.8681747,-0.3430315],[121.8650008,-0.3578427],[121.860118,-0.3674456],[121.8608505,-0.3778622],[121.8750106,-0.3947893],[121.8986923,-0.4074846],[121.931814,-0.4146461],[121.9641219,-0.413344],[121.9848739,-0.4010556],[122.0066024,-0.4107398],[122.0266219,-0.406915],[122.0427352,-0.3934872],[122.0530705,-0.3737118]]],[[[108.8274846,-1.5866025],[108.8315536,-1.5951474],[108.832286,-1.6054013],[108.8298446,-1.6158993],[108.8243921,-1.6246884],[108.8234156,-1.6324195],[108.8252059,-1.6451148],[108.8283798,-1.6569964],[108.8312281,-1.6622861],[108.8581649,-1.663995],[108.8698023,-1.6622861],[108.9332788,-1.6408017],[108.9482528,-1.6315243],[108.957286,-1.6195615],[108.9643661,-1.6041806],[108.9675399,-1.5879859],[108.9642033,-1.5734189],[108.9557398,-1.5635719],[108.9285588,-1.5448544],[108.91684,-1.5387509],[108.900564,-1.5328915],[108.8928329,-1.534275],[108.8868921,-1.5397275],[108.8759872,-1.5461565],[108.8310653,-1.5560849],[108.8071395,-1.5650367],[108.7933049,-1.5803362],[108.8042098,-1.5848935],[108.8210555,-1.5832659],[108.8274846,-1.5866025]]],[[[129.3092554,0.0480411],[129.3004663,0.0506046],[129.2934676,0.0476749],[129.2902938,0.0405948],[129.2934676,0.0363223],[129.2990829,0.0334333],[129.3100692,0.0248477],[129.3327743,0.0113793],[129.3375757,0.0067813],[129.3616643,-0.0311012],[129.3715926,-0.0367978],[129.3722437,-0.0503476],[129.3703719,-0.0663388],[129.3728947,-0.0795224],[129.4582626,-0.1137021],[129.5019637,-0.1887346],[129.5167749,-0.2087542],[129.5261337,-0.2146135],[129.5402938,-0.2167294],[129.5499781,-0.2141253],[129.560232,-0.2081031],[129.5682072,-0.2001279],[129.5715438,-0.1921526],[129.5673934,-0.175551],[129.5576278,-0.1587867],[129.5368758,-0.1342099],[129.5127059,-0.1143531],[129.4598088,-0.0801734],[129.3092554,0.0480411]]],[[[127.5525822,-1.2369117],[127.5903426,-1.2439104],[127.6458439,-1.2706031],[127.6660262,-1.2719052],[127.6806747,-1.2642555],[127.6928817,-1.2494443],[127.6976018,-1.2311337],[127.689952,-1.2137997],[127.6744898,-1.2097307],[127.627452,-1.2076148],[127.6101994,-1.1931292],[127.5472111,-1.1710751],[127.5315048,-1.1726214],[127.5164494,-1.1792945],[127.5016382,-1.1893857],[127.4738876,-1.217706],[127.460704,-1.2357724],[127.4633895,-1.2439104],[127.4788518,-1.249607],[127.4983016,-1.2592099],[127.5149032,-1.2621396],[127.522146,-1.2477353],[127.5315048,-1.2378883],[127.5525822,-1.2369117]]],[[[127.3644312,-7.5215797],[127.3644312,-7.5367978],[127.375743,-7.5699195],[127.3786727,-7.58587],[127.3761499,-7.5958798],[127.3698837,-7.6002743],[127.3619898,-7.6027971],[127.3545028,-7.6068661],[127.3483993,-7.6153297],[127.3476669,-7.6229794],[127.3507593,-7.6408017],[127.3576766,-7.6556943],[127.3733016,-7.6561825],[127.3894963,-7.6496721],[127.3986109,-7.6438128],[127.4083765,-7.6233049],[127.4128524,-7.6177711],[127.4186304,-7.6146786],[127.431163,-7.613051],[127.4672958,-7.5990536],[127.4817001,-7.5901018],[127.4878036,-7.5792783],[127.4892684,-7.5445289],[127.4843856,-7.5324033],[127.4702255,-7.5277646],[127.4541122,-7.5256487],[127.4406844,-7.5206031],[127.4184676,-7.5079078],[127.384939,-7.5028622],[127.372732,-7.5061174],[127.3644312,-7.5215797]]],[[[115.5070093,-8.678969],[115.4713648,-8.7238095],[115.4682723,-8.7318661],[115.47462,-8.7365862],[115.4887801,-8.7406552],[115.5053817,-8.7609189],[115.5608016,-8.7990048],[115.5888778,-8.8073056],[115.6069442,-8.7865536],[115.6242039,-8.7689087],[115.6157309,-8.7396274],[115.5977454,-8.7187261],[115.5891534,-8.6956655],[115.57309,-8.6719703],[115.5501408,-8.6661923],[115.5350554,-8.6736783],[115.5175887,-8.6701799],[115.5070093,-8.678969]]],[[[129.0361434,-8.2203102],[129.029633,-8.206801],[128.9895126,-8.1888974],[128.9853622,-8.1857236],[128.8894963,-8.1778297],[128.8584091,-8.1857236],[128.8344833,-8.1998023],[128.8523055,-8.2229143],[128.8877059,-8.244887],[128.9163518,-8.2546526],[128.9296981,-8.2496884],[128.9391382,-8.2406552],[128.9492294,-8.2360165],[128.9646102,-8.2443173],[128.9790145,-8.2550595],[128.9934188,-8.2614885],[129.0061955,-8.2636044],[129.0159611,-8.2614072],[129.0276799,-8.2509091],[129.0350041,-8.2360979],[129.0361434,-8.2203102]]],[[[104.0922958,0.8800723],[104.1071883,0.8729923],[104.1341252,0.867255],[104.1476343,0.8589542],[104.1560165,0.8463809],[104.1611434,0.818793],[104.1674911,0.8049177],[104.1764429,0.7984887],[104.1875106,0.7992618],[104.2395126,0.8224551],[104.2502548,0.8300235],[104.2574976,0.8396671],[104.2662867,0.8558617],[104.2578231,0.8685977],[104.2414657,0.8770206],[104.2260848,0.8800723],[104.1848251,0.8800723],[104.1721298,0.8834903],[104.1663518,0.8917911],[104.1629338,0.9019229],[104.1574813,0.9107934],[104.1276962,0.9425316],[104.1125594,0.9525821],[104.0991317,0.94892],[104.0940048,0.9330915],[104.0993758,0.8947615],[104.0922958,0.8800723]]],[[[119.1165471,-8.2356096],[119.1272079,-8.2204729],[119.1374618,-8.1906064],[119.131521,-8.1662737],[119.1130477,-8.1466611],[119.0864364,-8.1315243],[119.0420028,-8.1485328],[119.0202743,-8.1897112],[119.0227971,-8.2343075],[119.0515243,-8.2614072],[119.0787867,-8.2621396],[119.1003524,-8.2515602],[119.1165471,-8.2356096]]],[[[130.9910588,-7.4388974],[130.9851994,-7.4559872],[130.9892684,-7.4732398],[131.0048934,-7.4857724],[131.0245874,-7.4852841],[131.0472111,-7.4804013],[131.071788,-7.4794247],[131.066661,-7.4928525],[131.0631617,-7.4970029],[131.0573837,-7.5004208],[131.0573837,-7.5079078],[131.0691838,-7.5075009],[131.0803329,-7.503676],[131.0888778,-7.4977353],[131.0959579,-7.4813779],[131.1051538,-7.4760068],[131.1164657,-7.4718564],[131.1269637,-7.4664039],[131.1658635,-7.4244931],[131.1828719,-7.4159482],[131.1814071,-7.4113095],[131.1775008,-7.4066708],[131.1748153,-7.4042294],[131.1672469,-7.3999977],[131.1634221,-7.4004859],[131.1601669,-7.4029273],[131.1536564,-7.4042294],[131.1414494,-7.4053687],[131.1247665,-7.4104143],[131.0673934,-7.4177385],[131.0512801,-7.4171689],[131.0350041,-7.4135068],[131.0271102,-7.4130185],[131.0182398,-7.4152158],[131.0032658,-7.4244931],[130.9910588,-7.4388974]]],[[[134.7032984,-6.7077776],[134.7136337,-6.6957333],[134.7221786,-6.6827939],[134.7295028,-6.6648089],[134.7375594,-6.6309547],[134.7363387,-6.6168759],[134.7301538,-6.6047503],[134.7200627,-6.5953102],[134.7073674,-6.5890439],[134.6960555,-6.5879859],[134.6876734,-6.5919736],[134.6814885,-6.5998674],[134.6766057,-6.6105283],[134.6657821,-6.6504859],[134.632579,-6.700372],[134.6282658,-6.7094052],[134.6316024,-6.7272275],[134.6300562,-6.7357724],[134.6214299,-6.7470029],[134.6536564,-6.7688128],[134.6694442,-6.7728818],[134.676036,-6.7575009],[134.6804305,-6.7432594],[134.7032984,-6.7077776]]],[[[133.4703882,-4.2460263],[133.4875594,-4.2461891],[133.4995223,-4.2450497],[133.5227157,-4.2399228],[133.5351669,-4.2387021],[133.5551864,-4.2517229],[133.5791122,-4.278497],[133.6041773,-4.3007138],[133.6276962,-4.3002255],[133.6085718,-4.291762],[133.5583602,-4.2320289],[133.5412704,-4.2208798],[133.5197046,-4.2121721],[133.494314,-4.2066383],[133.4666447,-4.2046852],[133.4560653,-4.2024065],[133.4459742,-4.196954],[133.4290471,-4.1841773],[133.4267684,-4.1798642],[133.4213973,-4.1659482],[133.4186304,-4.1630185],[133.4126083,-4.1622861],[133.4075627,-4.1603329],[133.3344833,-4.1090634],[133.3242294,-4.108331],[133.3193466,-4.1242001],[133.320079,-4.1376279],[133.3237411,-4.1529273],[133.3313908,-4.1652158],[133.3437606,-4.1705055],[133.3601994,-4.1739234],[133.3693954,-4.182387],[133.3767196,-4.1935361],[133.3881942,-4.2046852],[133.3994247,-4.2098935],[133.4233505,-4.2173805],[133.435883,-4.225193],[133.4511825,-4.2378883],[133.4604598,-4.2440732],[133.4703882,-4.2460263]]],[[[123.5592554,-5.3513323],[123.5721135,-5.3661435],[123.5905868,-5.3741187],[123.6191512,-5.3765602],[123.6337997,-5.3668759],[123.638357,-5.3435198],[123.6359156,-5.2907854],[123.6237899,-5.2665341],[123.595551,-5.2567685],[123.5634872,-5.2526181],[123.5397242,-5.245538],[123.5198674,-5.2517229],[123.5229598,-5.2774391],[123.5592554,-5.3513323]]],[[[127.7963973,-3.2115211],[127.7898055,-3.1996396],[127.7882593,-3.1832822],[127.7844344,-3.1687151],[127.7722274,-3.1625302],[127.7662867,-3.1604143],[127.763357,-3.1559384],[127.7614038,-3.1515439],[127.7581486,-3.1495094],[127.7534286,-3.1505673],[127.7418726,-3.1563453],[127.7063094,-3.1563453],[127.6873479,-3.178318],[127.6596786,-3.2014299],[127.6433212,-3.2243792],[127.6585393,-3.2457008],[127.6792098,-3.2516415],[127.7418726,-3.2457008],[127.7664494,-3.2462704],[127.7784937,-3.2442359],[127.7856551,-3.2343075],[127.7963973,-3.2115211]]],[[[129.8309025,-1.2370745],[129.8592229,-1.2331682],[129.8820907,-1.2196591],[129.9204208,-1.1893857],[129.9207463,-1.1959775],[129.9226994,-1.2008603],[129.9253036,-1.2051734],[129.9272567,-1.2103818],[129.9532984,-1.1896298],[129.960704,-1.1763648],[129.9544377,-1.162693],[129.9376734,-1.1565081],[129.9170028,-1.1564267],[129.8963322,-1.1542294],[129.8794051,-1.1415341],[129.8586532,-1.1420224],[129.767426,-1.1720517],[129.7487899,-1.1858049],[129.7439071,-1.1998837],[129.7627059,-1.2103818],[129.8332626,-1.2118466],[129.8445744,-1.2103818],[129.84962,-1.2069638],[129.861827,-1.2004534],[129.8741968,-1.196954],[129.8794051,-1.2028948],[129.8725692,-1.210219],[129.8309025,-1.2370745]]],[[[105.2560327,-6.6281878],[105.2638452,-6.5923805],[105.2656356,-6.553318],[105.2641708,-6.5279273],[105.2531844,-6.5272763],[105.2420354,-6.5284156],[105.2335718,-6.5318336],[105.2299911,-6.5381812],[105.2255966,-6.5363909],[105.2155868,-6.5388323],[105.2041122,-6.5451799],[105.1958114,-6.5551083],[105.1884872,-6.5476214],[105.1379501,-6.5873349],[105.1176864,-6.6124],[105.1201278,-6.6309547],[105.1320907,-6.6268857],[105.1754663,-6.5831031],[105.1829533,-6.6076799],[105.189952,-6.6178525],[105.2021591,-6.6234677],[105.1935327,-6.6366513],[105.1850692,-6.6550432],[105.1829533,-6.6715634],[105.1921493,-6.6788062],[105.203868,-6.6732724],[105.2224227,-6.6493466],[105.2399195,-6.6439755],[105.2560327,-6.6281878]]],[[[107.497732,-2.8451474],[107.4938383,-2.8378216],[107.495192,-2.8234893],[107.4843856,-2.8204892],[107.4581812,-2.8244768],[107.4257919,-2.835219],[107.4002385,-2.8507626],[107.3950301,-2.8689104],[107.3810522,-2.8752747],[107.3660537,-2.882384],[107.3484882,-2.8751675],[107.3412922,-2.8868585],[107.369247,-2.905169],[107.3984536,-2.9384279],[107.4101473,-2.9475652],[107.4279891,-2.9257138],[107.4629012,-2.9159482],[107.4809676,-2.8986956],[107.4948837,-2.8763974],[107.5047307,-2.8546689],[107.497732,-2.8451474]]],[[[114.2948257,-7.0546659],[114.269762,-7.0808349],[114.2732477,-7.1012473],[114.2847608,-7.1261648],[114.292822,-7.1431513],[114.3065582,-7.1487792],[114.3252059,-7.1476376],[114.3317977,-7.1593564],[114.3572697,-7.167413],[114.3782658,-7.1781552],[114.3918563,-7.1788876],[114.3946579,-7.1575648],[114.3968552,-7.1314623],[114.3830685,-7.1133569],[114.3692555,-7.0895827],[114.3577515,-7.0692024],[114.3429468,-7.0557594],[114.3222546,-7.0500309],[114.2948257,-7.0546659]]],[[[103.428396,1.0471866],[103.4226994,1.0497094],[103.4096786,1.0511742],[103.403982,1.0548363],[103.3977971,1.0641544],[103.393077,1.0760766],[103.3872176,1.0997989],[103.3881942,1.1117211],[103.391368,1.1224633],[103.3898218,1.1302758],[103.3767196,1.1332869],[103.3664657,1.131171],[103.347911,1.1217716],[103.342133,1.1196964],[103.3338322,1.1113956],[103.3234969,1.0927595],[103.3156031,1.0731876],[103.3147893,1.0615909],[103.3408309,1.0195173],[103.3576766,1.004462],[103.3803817,1.0098331],[103.4075627,0.9949405],[103.4235946,0.9901798],[103.4370223,0.9914005],[103.4422307,0.995266],[103.4448348,1.0003116],[103.4448348,1.006171],[103.4431258,1.0127628],[103.4406031,1.0171573],[103.4342554,1.0242374],[103.4318954,1.0283878],[103.431163,1.0333926],[103.4316512,1.0381534],[103.4314071,1.0427107],[103.428396,1.0471866]]],[[[104.5273544,0.1898868],[104.5297958,0.1773135],[104.5341903,0.1705997],[104.5407007,0.1652286],[104.5467229,0.1625023],[104.553396,0.1615258],[104.5615341,0.1612816],[104.5642196,0.1581485],[104.5657658,0.142727],[104.56837,0.1367862],[104.578868,0.1249047],[104.5952255,0.10163],[104.6062118,0.0917829],[104.6198023,0.1057803],[104.6261499,0.1022403],[104.6335555,0.0781111],[104.6399032,0.0700544],[104.6608993,0.0514184],[104.6839299,0.0362816],[104.7028915,0.0327823],[104.7078557,0.0436466],[104.6887313,0.0712751],[104.5481063,0.2243106],[104.5432235,0.2274438],[104.538829,0.2282576],[104.5354924,0.2263858],[104.5323999,0.2228865],[104.5305282,0.2190616],[104.5310979,0.2159691],[104.5119735,0.2328962],[104.5022079,0.2382673],[104.490245,0.2426212],[104.493663,0.2311466],[104.4985458,0.2232934],[104.524913,0.1954613],[104.5273544,0.1898868]]],[[[128.1391708,-8.2164853],[128.1179305,-8.206801],[128.1037704,-8.2118466],[128.0979924,-8.2209612],[128.0945744,-8.2323544],[128.0871688,-8.2443173],[128.0832626,-8.2545712],[128.0882268,-8.2638486],[128.0968531,-8.2709286],[128.103689,-8.275079],[128.1233016,-8.2809384],[128.1516219,-8.2846005],[128.1819768,-8.2850888],[128.207286,-8.281915],[128.2190048,-8.2785784],[128.2314559,-8.2728818],[128.2376408,-8.2640927],[128.2312118,-8.2512346],[128.2264104,-8.2396786],[128.2219344,-8.2089169],[128.2135523,-8.1993954],[128.1927189,-8.2009417],[128.1660262,-8.2105445],[128.1391708,-8.2164853]]],[[[120.834646,-7.260512],[120.8156844,-7.2575009],[120.7996525,-7.2638486],[120.7942814,-7.2711728],[120.7923283,-7.2794736],[120.7939559,-7.287693],[120.799327,-7.2950172],[120.8162541,-7.3024228],[120.8401799,-7.3044573],[120.8641057,-7.3019345],[120.8813583,-7.2950172],[120.9004012,-7.3038876],[120.9638778,-7.3138974],[120.9773869,-7.3263486],[120.9926864,-7.3335914],[121.0256454,-7.3316383],[121.0568954,-7.3210589],[121.0669051,-7.3025042],[121.0499781,-7.2858212],[121.0198674,-7.2803687],[120.9604598,-7.2819964],[120.8711044,-7.2735328],[120.834646,-7.260512]]],[[[134.8263452,-6.4732398],[134.8376571,-6.4600562],[134.8610946,-6.3900693],[134.8789169,-6.3558896],[134.8859156,-6.3363583],[134.8881942,-6.3140602],[134.8837997,-6.2994931],[134.8718368,-6.2885068],[134.8561304,-6.2837867],[134.8405868,-6.287693],[134.8356226,-6.2965634],[134.8336695,-6.311456],[134.8337508,-6.3423805],[134.8142196,-6.3457984],[134.7990015,-6.370538],[134.7941187,-6.4019508],[134.8064071,-6.4249],[134.8064071,-6.4317359],[134.7939559,-6.440525],[134.7983505,-6.4522437],[134.8117782,-6.464288],[134.8263452,-6.4732398]]],[[[108.8813583,3.0029971],[108.8557235,3.0033633],[108.8424585,2.9736189],[108.8408309,2.9601098],[108.8362736,2.9475772],[108.8292749,2.9362654],[108.814301,2.9214542],[108.7968856,2.9076602],[108.7758895,2.8959415],[108.7751571,2.895087],[108.7758895,2.8880069],[108.7829696,2.8822696],[108.8001408,2.873684],[108.8181258,2.8559024],[108.8296005,2.8476016],[108.8424585,2.8463809],[108.8458765,2.8506534],[108.8517359,2.8676619],[108.8554794,2.873684],[108.8628036,2.8771426],[108.8835555,2.8839786],[108.8896591,2.8880069],[108.8922632,2.903876],[108.8841252,2.9416365],[108.8862411,2.9531111],[108.8986109,2.9828555],[108.8813583,3.0029971]]],[[[127.8540145,-2.9894345],[127.8371688,-3.0018857],[127.8254501,-3.0165341],[127.8269963,-3.0289853],[127.8383895,-3.0332984],[127.9184676,-3.0292294],[127.9342554,-3.0255673],[127.9472762,-3.0184872],[127.9509383,-3.0109189],[127.9609481,-2.9834937],[127.9640406,-2.9776344],[127.9690861,-2.9722633],[127.9835718,-2.9488258],[127.9915471,-2.9434547],[127.9943954,-2.9390602],[127.9853622,-2.9294573],[127.9699813,-2.9201799],[127.9541122,-2.9166806],[127.926036,-2.9166806],[127.9337671,-2.9340146],[127.9328719,-2.9459775],[127.9253036,-2.9551734],[127.9123641,-2.9637997],[127.9073999,-2.9645322],[127.9023544,-2.9624977],[127.896495,-2.9618466],[127.8889266,-2.9672177],[127.8796493,-2.9794247],[127.8752548,-2.9830055],[127.8680119,-2.9843075],[127.8540145,-2.9894345]]],[[[127.485118,-3.2920875],[127.4804794,-3.2933896],[127.4905705,-3.3068173],[127.5035913,-3.3200823],[127.5197046,-3.3302548],[127.5654403,-3.3384742],[127.603038,-3.3568661],[127.6245223,-3.361749],[127.6435653,-3.3560523],[127.6416122,-3.3402646],[127.6286727,-3.3218727],[127.6154891,-3.307387],[127.5830184,-3.267999],[127.5639755,-3.2557919],[127.5344344,-3.2557919],[127.5322372,-3.2544898],[127.529633,-3.2533505],[127.5263778,-3.2543271],[127.5247502,-3.2561174],[127.5218205,-3.2618141],[127.5127059,-3.2736142],[127.5096135,-3.2765439],[127.485118,-3.2920875]]],[[[125.3925887,2.6288923],[125.4111434,2.6272647],[125.4210718,2.6339379],[125.423676,2.6447208],[125.4218856,2.6572126],[125.4184676,2.6688907],[125.4065861,2.6863467],[125.4018661,2.6999372],[125.4049585,2.7167016],[125.4096786,2.7245141],[125.4160262,2.7307803],[125.4430445,2.7525902],[125.4504501,2.764838],[125.4510197,2.7783878],[125.4436141,2.7930362],[125.4314885,2.8041039],[125.4170028,2.8102481],[125.4016219,2.8102074],[125.3872176,2.8023949],[125.3789169,2.790961],[125.360118,2.7533227],[125.3564559,2.740546],[125.3597111,2.7230899],[125.3742782,2.6931013],[125.3776148,2.6787784],[125.3782658,2.6603458],[125.382579,2.6418318],[125.3925887,2.6288923]]],[[[127.6040145,-8.206801],[127.6207788,-8.2126604],[127.6481226,-8.2357724],[127.6692001,-8.2408993],[127.6891382,-8.2378883],[127.7243758,-8.2237281],[127.7448837,-8.2204729],[127.7688094,-8.212579],[127.7719833,-8.1944312],[127.76059,-8.1739234],[127.7418726,-8.1589495],[127.722911,-8.1530087],[127.7026473,-8.1514625],[127.6829533,-8.155206],[127.6040145,-8.206801]]],[[[109.0236923,-7.7623837],[109.0192977,-7.7580706],[109.0109969,-7.7502581],[108.9577743,-7.7201474],[108.9250594,-7.7103818],[108.8738713,-7.7032203],[108.8215438,-7.6786435],[108.8068954,-7.6862118],[108.7970484,-7.7015927],[108.7941187,-7.719415],[108.8001408,-7.7338193],[108.8152775,-7.7377255],[108.8574325,-7.7320289],[108.8728133,-7.7372372],[108.8860783,-7.7439104],[108.9448348,-7.7543271],[108.9992782,-7.7728818],[109.026215,-7.7775204],[109.0358179,-7.7803687],[109.0431421,-7.7789039],[109.0466415,-7.767999],[109.0427352,-7.7614885],[109.0236923,-7.7623837]]],[[[134.3598739,-2.1532529],[134.377452,-2.1498349],[134.3901473,-2.131443],[134.3974716,-2.0919736],[134.424327,-2.0459937],[134.4262801,-2.0397275],[134.4265243,-2.0332984],[134.4215601,-2.0222307],[134.4106551,-2.0124651],[134.3974716,-2.0057919],[134.3850204,-2.0035947],[134.3737899,-2.0069312],[134.3645126,-2.0137672],[134.3567001,-2.0228818],[134.3505966,-2.0326474],[134.3403426,-2.0558408],[134.3332626,-2.0832659],[134.3323674,-2.1110979],[134.3403426,-2.1353492],[134.3598739,-2.1532529]]],[[[135.1286727,-1.4767392],[135.1090601,-1.4738095],[135.0983993,-1.4890276],[135.0968531,-1.5085589],[135.10434,-1.5182431],[135.1868596,-1.5256487],[135.2754012,-1.5222307],[135.3118596,-1.5101865],[135.333995,-1.4841448],[135.3156844,-1.4878883],[135.3050236,-1.4852841],[135.2966415,-1.4804013],[135.2856551,-1.4767392],[135.2392684,-1.4896786],[135.2275497,-1.4875628],[135.2047632,-1.4777158],[135.1508895,-1.4830055],[135.1286727,-1.4767392]]],[[[117.8630477,3.5590274],[117.847911,3.5754255],[117.8269963,3.5880801],[117.8037216,3.5910505],[117.7849227,3.5819766],[117.7775985,3.5584171],[117.7854924,3.5384789],[117.8188583,3.5116234],[117.8261825,3.494086],[117.877452,3.459947],[117.8912867,3.4556339],[117.8960067,3.4684105],[117.8955184,3.4862735],[117.8938908,3.497504],[117.8872176,3.5189477],[117.8766382,3.539781],[117.8630477,3.5590274]]],[[[127.4482528,0.7066104],[127.4448348,0.7274438],[127.4394637,0.7428653],[127.4360458,0.7472191],[127.4314071,0.7509219],[127.4256291,0.7542178],[127.4184676,0.7571475],[127.41212,0.7516544],[127.4038192,0.750393],[127.3945419,0.7525902],[127.384939,0.7571475],[127.375743,0.6987979],[127.3586532,0.6658389],[127.3636174,0.6482608],[127.3733016,0.6334903],[127.3786727,0.6230329],[127.3886825,0.6188419],[127.4108993,0.6322696],[127.4339299,0.6521671],[127.4462997,0.6671817],[127.4490666,0.685004],[127.4482528,0.7066104]]],[[[134.6237899,-6.4860979],[134.6261499,-6.4971656],[134.6359156,-6.5062802],[134.6442977,-6.5207659],[134.6481226,-6.5419247],[134.6562606,-6.5590146],[134.6748153,-6.5630836],[134.6884872,-6.5585263],[134.6938583,-6.5534807],[134.7024846,-6.5509579],[134.7153426,-6.5529924],[134.7298283,-6.5461565],[134.7343856,-6.5258115],[134.7309676,-6.5143368],[134.7277938,-6.5045712],[134.719493,-6.4862607],[134.7048446,-6.4704729],[134.6843368,-6.4577776],[134.6632593,-6.4548479],[134.644786,-6.4644508],[134.6313583,-6.475844],[134.6237899,-6.4860979]]],[[[127.4360458,-0.0276832],[127.4528915,-0.0410296],[127.4602971,-0.038873],[127.4616805,-0.0251604],[127.4599716,-0.0038388],[127.4401962,0.120266],[127.4482528,0.1342634],[127.4524846,0.1402042],[127.4388127,0.1397159],[127.4088648,0.1470401],[127.3986109,0.1061059],[127.391368,0.053046],[127.391368,0.0260277],[127.3986109,0.0030785],[127.4055282,0.0064965],[127.4096786,0.0105655],[127.4118758,0.0160994],[127.4128524,0.023505],[127.4299423,0.0082869],[127.4326278,0.0067813],[127.4318954,-0.0115699],[127.4326278,-0.0208066],[127.4360458,-0.0276832]]],[[[134.1751408,-1.9434547],[134.191661,-1.921482],[134.212413,-1.8842099],[134.2238876,-1.8490536],[134.2080184,-1.8268368],[134.2199813,-1.8125953],[134.2363387,-1.7994117],[134.2448023,-1.7960751],[134.2500106,-1.7614885],[134.2482202,-1.7439104],[134.2358505,-1.7385393],[134.2268173,-1.7442359],[134.1689559,-1.8298479],[134.1616317,-1.8775367],[134.1616317,-1.8951148],[134.1751408,-1.9434547]]],[[[123.0847274,-1.901788],[123.0966903,-1.8952776],[123.1020614,-1.8848609],[123.1064559,-1.8711891],[123.1170354,-1.8578427],[123.1301376,-1.846775],[123.142426,-1.8397763],[123.1528426,-1.8238258],[123.1515406,-1.7987607],[123.1432398,-1.7754859],[123.1328231,-1.7653134],[123.1310327,-1.7609189],[123.1174423,-1.7528622],[123.1020614,-1.7484677],[123.0945744,-1.7550595],[123.0934351,-1.7682431],[123.0901799,-1.7799618],[123.0744735,-1.818943],[123.070079,-1.8407529],[123.0673934,-1.8916969],[123.0727645,-1.9016253],[123.0847274,-1.901788]]],[[[98.4348251,1.691962],[98.4301864,1.6764591],[98.4316512,1.6615258],[98.439952,1.6498477],[98.4518335,1.6462263],[98.4648544,1.6441918],[98.4975692,1.6272647],[98.5288192,1.6232364],[98.5599064,1.6236026],[98.5810653,1.6267764],[98.5991317,1.6319848],[98.5906682,1.6519229],[98.5709742,1.6730818],[98.5551864,1.6820336],[98.540538,1.6734073],[98.5310979,1.6614444],[98.5210067,1.655585],[98.504161,1.6649438],[98.4881291,1.6904971],[98.4770614,1.7035994],[98.4626571,1.709296],[98.4456486,1.7043318],[98.4348251,1.691962]]],[[[106.2238062,3.2237816],[106.2077743,3.2253279],[106.2058212,3.2057152],[106.2169702,3.154934],[106.2159937,3.1471622],[106.2160751,3.1408145],[106.2150985,3.1348331],[106.210704,3.1281599],[106.2260848,3.1255557],[106.2338973,3.1152204],[106.2418726,3.1078555],[106.2578231,3.1139184],[106.2790633,3.0872257],[106.2851669,3.0872257],[106.2851669,3.1791039],[106.2773544,3.1962344],[106.2591252,3.2147484],[106.238536,3.2265079],[106.2238062,3.2237816]]],[[[131.0685327,-7.6388486],[131.0549423,-7.6456031],[131.0402938,-7.6501604],[131.0118921,-7.653497],[130.9995223,-7.6574846],[130.9895126,-7.6638323],[130.9824325,-7.6718075],[130.971202,-7.7013486],[130.986827,-7.7118466],[131.0437932,-7.7134742],[131.0358993,-7.6875953],[131.0498153,-7.6837704],[131.0922958,-7.6923154],[131.1092229,-7.6818173],[131.1193954,-7.6632626],[131.132579,-7.6233049],[131.1264755,-7.6177711],[131.1189885,-7.6193173],[131.1049911,-7.6290016],[131.0937606,-7.6350237],[131.0903426,-7.6359189],[131.0825301,-7.6350237],[131.0783798,-7.6333961],[131.0778915,-7.6307919],[131.0685327,-7.6388486]]],[[[124.0185653,-5.9679501],[124.0304468,-5.9760068],[124.0358993,-5.9874],[124.0374455,-6.0116513],[124.0412704,-6.0207659],[124.0593368,-6.0274391],[124.0711369,-6.0113258],[124.0739852,-5.9852841],[124.0651962,-5.9624977],[124.0576278,-5.9511044],[124.0463973,-5.9257138],[124.0374455,-5.9143206],[123.9860946,-5.8798154],[123.9791773,-5.869887],[123.9707137,-5.8939755],[123.9660751,-5.9154599],[123.9689234,-5.9353167],[123.9825952,-5.9552548],[123.9929305,-5.9611956],[124.0185653,-5.9679501]]],[[[126.6614311,3.8976769],[126.669686,3.8549567],[126.6779236,3.8122356],[126.6960886,3.8122562],[126.6878514,3.8533307],[126.701054,3.8796307],[126.7142758,3.9010016],[126.7126286,3.9207141],[126.701072,3.9338512],[126.6565468,3.9814781],[126.6432221,4.0274842],[126.6151077,4.0439147],[126.6134643,4.0258358],[126.6200959,3.9913235],[126.6267224,3.9650313],[126.6482145,3.9518962],[126.6663915,3.9305475],[126.6614311,3.8976769]]],[[[123.7873641,-1.9806454],[123.7942001,-1.99212],[123.8090926,-1.9996884],[123.8317977,-2.0049781],[123.8405868,-2.0016415],[123.8478296,-1.995538],[123.8562118,-1.9924456],[123.869314,-1.9981422],[123.8644312,-1.9894345],[123.8574325,-1.950372],[123.8523869,-1.9387346],[123.8447372,-1.9286435],[123.7873641,-1.873956],[123.7717391,-1.8956031],[123.7732854,-1.9226214],[123.7873641,-1.9806454]]],[[[126.856057,3.7581952],[126.8428858,3.77954],[126.8330052,3.7959586],[126.8115881,3.8238657],[126.7802656,3.843554],[126.7439931,3.8533854],[126.7390124,3.8238007],[126.7653818,3.7728923],[126.8115303,3.7318616],[126.8379151,3.7433905],[126.856057,3.7581952]]],[[[127.3469344,0.7573917],[127.3600367,0.7650821],[127.3711044,0.7844913],[127.3769637,0.807766],[127.3743596,0.8262393],[127.3634546,0.8409691],[127.3248804,0.8628604],[127.3048609,0.85517],[127.288829,0.8369001],[127.2824813,0.8148868],[127.2856551,0.8021508],[127.2933049,0.7826602],[127.303396,0.7648786],[127.3128361,0.7571475],[127.3313094,0.7564151],[127.3469344,0.7573917]]],[[[103.832286,0.7653669],[103.8376571,0.7695173],[103.8395288,0.7883975],[103.8310653,0.8163516],[103.8170679,0.8417016],[103.8017684,0.8527286],[103.7775985,0.8800723],[103.7677515,0.8843448],[103.7502548,0.8888614],[103.7434188,0.8937442],[103.7262476,0.8732364],[103.7304794,0.8475609],[103.7463485,0.82274],[103.7639266,0.8049177],[103.8012801,0.7842471],[103.8210555,0.7689477],[103.8266708,0.7656925],[103.832286,0.7653669]]],[[[132.7973739,-5.553969],[132.7898055,-5.5573056],[132.7849227,-5.561456],[132.7893986,-5.5529111],[132.7912704,-5.5443661],[132.7898055,-5.5358212],[132.7849227,-5.5272763],[132.7653101,-5.5453427],[132.7508244,-5.5735003],[132.7431747,-5.6044247],[132.7431747,-5.6303036],[132.7584742,-5.6706682],[132.7636825,-5.6788062],[132.7727971,-5.6822242],[132.7805282,-5.6803525],[132.7849227,-5.67254],[132.7849227,-5.6576474],[132.7878524,-5.6666806],[132.7920028,-5.6744931],[132.7978622,-5.6804339],[132.8054305,-5.6849911],[132.807465,-5.6798642],[132.8127548,-5.6713193],[132.8045354,-5.6566708],[132.799327,-5.6415341],[132.7967229,-5.625665],[132.7973739,-5.6090634],[132.8118596,-5.565525],[132.8110458,-5.5555966],[132.8051864,-5.5529924],[132.7973739,-5.553969]]],[[[103.8447372,1.0126814],[103.8388778,1.0029971],[103.8396916,0.9899356],[103.8464462,0.9774844],[103.8566187,0.9684105],[103.9113876,0.9379337],[103.9216415,0.9346378],[103.9327906,0.9340274],[103.9462997,0.9356143],[103.9588322,0.9397647],[103.9666447,0.947211],[103.9672958,0.9601098],[103.9614364,0.9747989],[103.9519963,0.9879418],[103.9421493,0.9960798],[103.9090275,1.0059268],[103.8928329,1.0143497],[103.8800562,1.0314802],[103.8737085,1.0119083],[103.8737899,1.0036075],[103.8566187,1.0143904],[103.8447372,1.0126814]]],[[[122.1432398,-0.3604469],[122.1379501,-0.3472633],[122.1316838,-0.3379859],[122.1058049,-0.3213844],[122.1015731,-0.3153622],[122.0947372,-0.2638486],[122.0766708,-0.2691383],[122.0656031,-0.2960751],[122.0603133,-0.3292783],[122.0599064,-0.3539365],[122.0705673,-0.3980445],[122.084646,-0.4078102],[122.0888778,-0.4015439],[122.0898544,-0.3892555],[122.0947372,-0.3811174],[122.1071883,-0.3822568],[122.1150008,-0.3889299],[122.1238713,-0.3926734],[122.1394149,-0.3842099],[122.1445419,-0.373956],[122.1432398,-0.3604469]]],[[[104.2773544,0.7879092],[104.2729598,0.7965355],[104.2636825,0.7991397],[104.254161,0.7978376],[104.2498479,0.7947452],[104.2448837,0.7865258],[104.2338973,0.7864444],[104.2158309,0.7913272],[104.1958114,0.7799747],[104.188243,0.7644717],[104.191661,0.7459984],[104.205577,0.7260603],[104.2145288,0.7211775],[104.2360946,0.7184512],[104.2553817,0.7049014],[104.2648218,0.7022159],[104.2744247,0.7034366],[104.2840275,0.7081566],[104.2976994,0.7081566],[104.2858993,0.7303734],[104.2797958,0.7470564],[104.2775985,0.764309],[104.2773544,0.7879092]]],[[[127.3410751,0.3146426],[127.3475041,0.2961286],[127.3581649,0.2835147],[127.3962508,0.2810733],[127.4171656,0.3129337],[127.4187118,0.35399],[127.3986923,0.3795841],[127.3789169,0.3776716],[127.3587346,0.3712833],[127.3432723,0.3613956],[127.3370874,0.3487816],[127.3379012,0.3339704],[127.3410751,0.3146426]]],[[[123.1198837,-3.6291643],[123.1294051,-3.6183408],[123.1394149,-3.6027158],[123.1599227,-3.6037737],[123.1770939,-3.6010068],[123.1772567,-3.5739885],[123.1697697,-3.5582822],[123.1572372,-3.5448544],[123.1406356,-3.5391578],[123.0827743,-3.5642229],[123.0708114,-3.5665829],[123.0610458,-3.5708961],[123.0616968,-3.5802548],[123.066661,-3.5896135],[123.0783798,-3.6026344],[123.0988062,-3.6192359],[123.1198837,-3.6291643]]],[[[113.3966577,-8.4883766],[113.4091903,-8.486749],[113.4130966,-8.4805641],[113.41212,-8.4668922],[113.4060979,-8.4532203],[113.3951929,-8.4470354],[113.3398544,-8.4440243],[113.2890731,-8.4327939],[113.2959091,-8.4470354],[113.281993,-8.4572079],[113.2780054,-8.4733212],[113.281993,-8.4882138],[113.2924911,-8.4948056],[113.3719182,-8.4947242],[113.3966577,-8.4883766]]],[[[127.2249455,-8.1085751],[127.2346298,-8.0865211],[127.2342229,-8.0704078],[127.232107,-8.0542945],[127.2264104,-8.0392392],[127.2163192,-8.0269508],[127.2019149,-8.0197893],[127.185883,-8.0187314],[127.1707463,-8.0238583],[127.1589462,-8.034926],[127.1556096,-8.0484352],[127.1575627,-8.0793596],[127.1521102,-8.0895322],[127.1521102,-8.0969378],[127.2021591,-8.1112607],[127.2249455,-8.1085751]]],[[[125.1715601,1.4044864],[125.1853133,1.3906925],[125.2159937,1.392727],[125.248383,1.4029809],[125.2671005,1.4138044],[125.2739364,1.4452172],[125.2771102,1.4530704],[125.2917587,1.4652774],[125.2950952,1.4728458],[125.2963973,1.502753],[125.3012801,1.5311954],[125.3012801,1.5516625],[125.2950952,1.5516625],[125.2500106,1.4486352],[125.204926,1.4281273],[125.1829533,1.4213321],[125.1746525,1.4154727],[125.1715601,1.4044864]]],[[[104.4795028,0.0639509],[104.4858505,0.0658227],[104.4970809,0.0712751],[104.4900822,0.082587],[104.4396265,0.1461856],[104.428396,0.1637637],[104.4211532,0.1727563],[104.4139104,0.1758487],[104.4078882,0.1705997],[104.4067489,0.1612003],[104.408702,0.1509464],[104.4235946,0.1122094],[104.4287216,0.1061059],[104.4160262,0.1117211],[104.4118758,0.1145694],[104.4075627,0.119086],[104.4013778,0.119086],[104.4113876,0.0917016],[104.4591577,0.0473087],[104.4765731,0.023505],[104.4834091,0.023505],[104.4830835,0.035712],[104.4799911,0.0451114],[104.4695744,0.0637882],[104.4795028,0.0639509]]],[[[130.9336044,-7.5178362],[130.9204208,-7.5109189],[130.9067489,-7.5075009],[130.8937281,-7.5140927],[130.8647567,-7.4891904],[130.8586532,-7.4869117],[130.844493,-7.5138486],[130.8409937,-7.5287411],[130.8452255,-7.5420875],[130.8566187,-7.5469703],[130.8977157,-7.5544573],[130.9376734,-7.5557594],[130.941661,-7.5534807],[130.953868,-7.5442034],[130.9585067,-7.5420875],[130.9670516,-7.5451799],[130.9733993,-7.5512021],[130.9791773,-7.5552711],[130.9858505,-7.5519345],[130.9882919,-7.5451799],[130.9842229,-7.5399716],[130.9765731,-7.5363909],[130.9685979,-7.5346005],[130.9846298,-7.5181617],[130.9775497,-7.5153134],[130.9448348,-7.5215797],[130.9336044,-7.5178362]]],[[[123.3177189,-1.7745094],[123.3418075,-1.7379697],[123.350271,-1.7308896],[123.3698023,-1.7199033],[123.3781844,-1.7128232],[123.3828231,-1.7022437],[123.3820093,-1.6896298],[123.3761499,-1.6788062],[123.3657333,-1.6731096],[123.3610946,-1.6737607],[123.3561304,-1.6758766],[123.3302515,-1.6949195],[123.2797958,-1.7482236],[123.2710067,-1.769301],[123.2802841,-1.7858212],[123.3012801,-1.788344],[123.3177189,-1.7745094]]],[[[122.2673446,-0.2050107],[122.2407333,-0.1954078],[122.2319442,-0.1887346],[122.2258407,-0.1993954],[122.2288518,-0.2079404],[122.2456161,-0.2234026],[122.2605087,-0.2409807],[122.2661239,-0.2440732],[122.2732854,-0.2437477],[122.2885848,-0.2379697],[122.2933049,-0.2372372],[122.3215438,-0.2579078],[122.3542587,-0.3217099],[122.3759872,-0.3464495],[122.3826604,-0.3396135],[122.3751734,-0.3256161],[122.3679305,-0.3044573],[122.3649195,-0.2821591],[122.3691512,-0.2638486],[122.3593856,-0.2492815],[122.3453882,-0.2387021],[122.3278101,-0.2305641],[122.2872827,-0.2188453],[122.2771102,-0.2139625],[122.2727971,-0.20615],[122.2673446,-0.2050107]]],[[[108.9681096,2.5436466],[108.9700627,2.5381534],[108.9743758,2.5329044],[108.9798283,2.5291202],[108.9856063,2.5277367],[108.9907333,2.5297305],[109.0008244,2.537421],[109.0056258,2.5379092],[109.0232854,2.5278181],[109.0224716,2.5200056],[109.0148218,2.5110538],[109.0124618,2.4975447],[109.0267033,2.4858259],[109.0522567,2.4876163],[109.0784611,2.4960391],[109.0950627,2.5043806],[109.1108505,2.5160587],[109.1139429,2.5231794],[109.1086532,2.5316837],[109.0968531,2.5371768],[109.0534774,2.5379092],[109.0420028,2.5419783],[109.019786,2.5551212],[109.0083114,2.560126],[108.9964299,2.5617536],[108.982758,2.5606143],[108.9719344,2.5551212],[108.9681096,2.5436466]]],[[[131.4270126,-3.983331],[131.4160262,-3.9585914],[131.3943791,-3.9515927],[131.3776962,-3.9571266],[131.3696395,-3.9621721],[131.3659774,-3.9684384],[131.3701278,-3.9852841],[131.3912867,-4.0315081],[131.4006454,-4.0470517],[131.4218856,-4.0629208],[131.4423934,-4.0651181],[131.4532984,-4.0557594],[131.4448348,-4.0367164],[131.4343368,-4.0136044],[131.4270126,-3.983331]]],[[[133.5390731,-2.4401181],[133.50587,-2.4244931],[133.4900008,-2.4312477],[133.4978947,-2.4463844],[133.5070907,-2.460219],[133.5135197,-2.4760068],[133.5232854,-2.4879697],[133.5573837,-2.5043271],[133.5616968,-2.5087216],[133.5629989,-2.512872],[133.5852157,-2.5126279],[133.6058049,-2.4889462],[133.6054794,-2.4680315],[133.5918075,-2.4615211],[133.5837508,-2.4586728],[133.5708114,-2.4509417],[133.560232,-2.4430478],[133.5539657,-2.4429664],[133.5538843,-2.4498837],[133.5390731,-2.4401181]]],[[[131.5913192,-6.7676734],[131.5661727,-6.7516415],[131.5686955,-6.7325986],[131.583995,-6.7194964],[131.6062118,-6.7271461],[131.6245223,-6.7097307],[131.6286727,-6.693943],[131.619314,-6.6825497],[131.5974227,-6.6791318],[131.5656844,-6.6964658],[131.5373641,-6.738051],[131.5273544,-6.780857],[131.551036,-6.8015276],[131.5647893,-6.7955868],[131.5820419,-6.7816708],[131.5913192,-6.7676734]]],[[[117.4498804,3.3439395],[117.4333602,3.3364119],[117.4209091,3.3224145],[117.4139104,3.3048363],[117.4170028,3.288723],[117.4339299,3.2789981],[117.4402775,3.2800154],[117.4533798,3.289252],[117.4619247,3.29267],[117.4721786,3.2936059],[117.5035913,3.29267],[117.513357,3.2908389],[117.521495,3.288072],[117.5275171,3.2908389],[117.5302841,3.3056501],[117.5278426,3.3173689],[117.5208439,3.3245303],[117.5035913,3.3336449],[117.4870712,3.3414574],[117.4684351,3.3452823],[117.4498804,3.3439395]]],[[[128.1601669,2.4048526],[128.1541447,2.4005801],[128.1497502,2.3906111],[128.1421005,2.3778344],[128.1347762,2.3683129],[128.1286727,2.3583031],[128.1252548,2.3474796],[128.1252548,2.3356387],[128.1307072,2.3164737],[128.1411239,2.2963728],[128.154633,2.286363],[128.1699325,2.2974307],[128.1922307,2.354641],[128.1936141,2.367255],[128.1731877,2.4007022],[128.1601669,2.4048526]]],[[[123.7346298,-5.5183245],[123.7531844,-5.5341122],[123.7781682,-5.5726865],[123.7933049,-5.5891253],[123.8147079,-5.5956357],[123.8092554,-5.571954],[123.8083602,-5.5450172],[123.8014429,-5.522719],[123.7771102,-5.5136044],[123.7619735,-5.5059547],[123.7497665,-5.4898414],[123.7332463,-5.4752743],[123.7048446,-5.4727516],[123.6911727,-5.4727516],[123.7016708,-5.4930966],[123.7166447,-5.5065243],[123.7346298,-5.5183245]]],[[[134.5537216,-2.3673642],[134.5242619,-2.3922665],[134.521495,-2.4066708],[134.5463973,-2.4226214],[134.5344344,-2.4356422],[134.5372827,-2.4457333],[134.5496525,-2.4513486],[134.5669051,-2.4504534],[134.5802515,-2.4450823],[134.5836695,-2.4384091],[134.5812281,-2.4164365],[134.5812281,-2.3326962],[134.582286,-2.3197568],[134.5813094,-2.3078753],[134.5768335,-2.2985165],[134.5669051,-2.2929013],[134.5642196,-2.3298479],[134.560232,-2.351495],[134.5537216,-2.3673642]]],[[[106.236827,3.2685408],[106.2353622,3.2626407],[106.2304794,3.2579613],[106.2790633,3.2306176],[106.2828882,3.2408715],[106.2802841,3.247504],[106.2751571,3.2542178],[106.2654729,3.2818057],[106.2646591,3.2889672],[106.2668563,3.2923852],[106.2717391,3.2935245],[106.2767033,3.2923852],[106.2790633,3.2889672],[106.279633,3.2776553],[106.2815861,3.2675235],[106.2856551,3.2638614],[106.2920028,3.2715518],[106.2939559,3.2810733],[106.2920028,3.3165551],[106.2973739,3.3583031],[106.2920028,3.3681501],[106.2708439,3.3609887],[106.2548934,3.3451602],[106.2497665,3.3266462],[106.2467554,3.3063419],[106.236827,3.2852237],[106.236827,3.2685408]]],[[[121.7797958,-7.3434384],[121.7688908,-7.3507626],[121.759939,-7.3635393],[121.7540796,-7.3790829],[121.751801,-7.394301],[121.7590438,-7.4157854],[121.7758895,-7.4169247],[121.8103133,-7.4042294],[121.8348088,-7.3882789],[121.8370874,-7.3565406],[121.8182072,-7.3335914],[121.7797958,-7.3434384]]],[[[125.3694768,2.3740909],[125.3709416,2.3481306],[125.3923446,2.3256697],[125.4231063,2.3171247],[125.4526473,2.3330753],[125.4562281,2.3677432],[125.4506942,2.3779158],[125.4321395,2.3876814],[125.4150497,2.3918318],[125.3968205,2.3914249],[125.3806258,2.3857283],[125.3694768,2.3740909]]],[[[103.8186141,0.8800723],[103.8422958,0.8506534],[103.8459579,0.8424747],[103.8517359,0.8353539],[103.8874618,0.8180199],[103.8950301,0.8102481],[103.9113876,0.7807478],[103.9213973,0.7727725],[103.9328719,0.7703311],[103.9414169,0.7757022],[103.9421493,0.7913272],[103.9241643,0.8224551],[103.898204,0.8533389],[103.8632919,0.8768985],[103.8186141,0.8862165],[103.8186141,0.8800723]]],[[[97.1511337,2.0580915],[97.1484481,2.0741641],[97.1429143,2.0922712],[97.1337997,2.1071638],[97.1201278,2.1133487],[97.1003524,2.1112735],[97.0925399,2.1055362],[97.0872502,2.0968692],[97.0754501,2.086005],[97.069021,2.0871443],[97.1023055,2.0160587],[97.1150008,2.0147159],[97.1242782,2.0216739],[97.1201278,2.0348575],[97.1230575,2.0392927],[97.144786,2.0519473],[97.1511337,2.0580915]]],[[[121.6245223,-0.1984189],[121.6425887,-0.1768531],[121.6496688,-0.1473935],[121.6331486,-0.1246884],[121.5974227,-0.1246884],[121.5691024,-0.1447893],[121.5745549,-0.1825497],[121.600271,-0.2032203],[121.6245223,-0.1984189]]],[[[127.316661,-1.4362932],[127.3266708,-1.4318173],[127.3478296,-1.4127743],[127.361176,-1.4083798],[127.3787541,-1.4054501],[127.3813583,-1.397068],[127.3711044,-1.3674456],[127.3625594,-1.3625628],[127.3541773,-1.3653297],[127.3457137,-1.3656552],[127.3370874,-1.3537737],[127.3302515,-1.3537737],[127.328868,-1.3612607],[127.3274032,-1.3654111],[127.3254501,-1.368829],[127.3234969,-1.3742815],[127.3045354,-1.3776995],[127.2858179,-1.4003232],[127.2841903,-1.4253883],[127.316661,-1.4362932]]],[[[128.3004663,-0.955499],[128.3054305,-0.9621721],[128.3296005,-0.9786923],[128.3296005,-0.9916318],[128.3268335,-1.0066057],[128.3303329,-1.0201962],[128.3437606,-1.0299618],[128.3616643,-1.033624],[128.3689071,-1.0341122],[128.3650822,-1.0363909],[128.3728947,-1.037693],[128.3927515,-1.0354143],[128.4067489,-1.0259742],[128.4114689,-1.0095354],[128.4034937,-0.9952939],[128.3673609,-0.9883766],[128.3580835,-0.9796689],[128.3408309,-0.9699846],[128.3354598,-0.96087],[128.3309025,-0.9491513],[128.3234969,-0.9413388],[128.3142196,-0.9393857],[128.306163,-0.9432919],[128.3015243,-0.9511044],[128.3004663,-0.955499]]],[[[129.8923446,-0.4093564],[129.8737899,-0.4149716],[129.8596298,-0.4229469],[129.8545028,-0.4265276],[129.8488876,-0.432387],[129.8442489,-0.4442685],[129.8440861,-0.4623349],[129.8514104,-0.481622],[129.8644312,-0.4986305],[129.8779403,-0.502374],[129.8881942,-0.4947242],[129.897146,-0.4791806],[129.9028426,-0.4591611],[129.9085393,-0.4493954],[129.913829,-0.4425595],[129.916189,-0.4274228],[129.9100041,-0.4135068],[129.9023544,-0.4084612],[129.8923446,-0.4093564]]],[[[132.689952,-3.5095354],[132.7028915,-3.519301],[132.7129012,-3.5041643],[132.7146916,-3.4869931],[132.7104598,-3.4694964],[132.7028101,-3.4533017],[132.681163,-3.4234352],[132.6665145,-3.4102516],[132.6516219,-3.4060198],[132.6435653,-3.408624],[132.626801,-3.4183896],[132.6202906,-3.4237607],[132.6374618,-3.4475237],[132.6442977,-3.4511044],[132.6611434,-3.4506161],[132.6663518,-3.4533831],[132.6711532,-3.4794247],[132.6788843,-3.4958635],[132.689952,-3.5095354]]],[[[107.0610458,-2.8272437],[107.0594182,-2.8319638],[107.0457463,-2.8407529],[107.0326086,-2.8588702],[107.0170757,-2.880206],[107.0336981,-2.8885748],[107.0443719,-2.8969281],[107.0595809,-2.9014625],[107.0699976,-2.9074846],[107.0837508,-2.9098447],[107.0907514,-2.9029998],[107.0967609,-2.8851947],[107.0992318,-2.859058],[107.0862103,-2.8400052],[107.0778915,-2.8233375],[107.0734969,-2.8204892],[107.0646265,-2.8225237],[107.0610458,-2.8272437]]],[[[114.4991968,-7.137872],[114.4963485,-7.1438128],[114.4953719,-7.1547177],[114.5001734,-7.1582984],[114.5112411,-7.159275],[114.5327255,-7.1584612],[114.6188257,-7.1672503],[114.6230575,-7.1632626],[114.6245223,-7.1478818],[114.6218368,-7.1373023],[114.6145939,-7.132094],[114.6047469,-7.1306292],[114.5937606,-7.1305478],[114.5813094,-7.1283505],[114.5410262,-7.1185849],[114.5046493,-7.1343727],[114.4991968,-7.137872]]],[[[117.7840275,3.8196475],[117.8122665,3.8046736],[117.8315536,3.7980818],[117.846202,3.7991397],[117.8528752,3.8124047],[117.8442489,3.8275414],[117.8291122,3.841254],[117.8073837,3.8561466],[117.7876083,3.8666853],[117.7667749,3.8740095],[117.7629501,3.8744978],[117.7552189,3.8733585],[117.736176,3.8679874],[117.7295028,3.8680688],[117.7446395,3.8578962],[117.7695419,3.8312442],[117.7840275,3.8196475]]],[[[118.6174423,2.2685408],[118.6326604,2.2606876],[118.6337997,2.2716739],[118.6225692,2.2861189],[118.5898544,2.3055688],[118.5784611,2.318793],[118.5564071,2.3122012],[118.5568954,2.2859561],[118.56837,2.2556013],[118.5784611,2.2368839],[118.5911564,2.2210147],[118.610118,2.2022973],[118.6320907,2.1872419],[118.6543075,2.1822777],[118.6543075,2.1896833],[118.6394963,2.1986352],[118.6238713,2.2130801],[118.59962,2.2443301],[118.5859481,2.2778181],[118.5803329,2.2868513],[118.5748804,2.2924258],[118.5748804,2.2941755],[118.5859481,2.29149],[118.6174423,2.2685408]]],[[[134.1945907,-5.8301734],[134.2068791,-5.8273251],[134.2203882,-5.8156064],[134.2277938,-5.7893206],[134.2282821,-5.77337],[134.2255966,-5.7711728],[134.2127385,-5.7587216],[134.2048446,-5.7561174],[134.2002059,-5.7553036],[134.1920679,-5.753025],[134.177745,-5.7544898],[134.1696883,-5.7683245],[134.1674911,-5.788995],[134.1696883,-5.8111305],[134.1805119,-5.8273251],[134.1945907,-5.8301734]]],[[[122.4284774,-3.394301],[122.4235946,-3.3874651],[122.4204208,-3.3851865],[122.4178166,-3.3845354],[122.4153752,-3.3854306],[122.4122827,-3.3877906],[122.4065048,-3.3961728],[122.4034937,-3.4079729],[122.4021102,-3.4205055],[122.4025985,-3.4305966],[122.415538,-3.4596493],[122.4257919,-3.4773089],[122.4336044,-3.4852841],[122.4492294,-3.4797503],[122.4586695,-3.4669736],[122.4633895,-3.4522437],[122.4646916,-3.4408505],[122.4612736,-3.4361305],[122.4396265,-3.4190406],[122.4349064,-3.4113909],[122.4284774,-3.394301]]],[[[104.4970809,-0.2985979],[104.4970809,-0.2899716],[104.493663,-0.2811825],[104.4878036,-0.2741025],[104.4799911,-0.2712542],[104.4212346,-0.2780901],[104.4049585,-0.2833798],[104.4008895,-0.2972958],[104.4065048,-0.3117815],[104.4182235,-0.3185361],[104.4461369,-0.3200823],[104.4562281,-0.3186174],[104.4695744,-0.3122698],[104.4788518,-0.3099911],[104.4865015,-0.3107236],[104.4925236,-0.3087704],[104.4970809,-0.2985979]]],[[[122.4207463,-8.4601376],[122.4101669,-8.443943],[122.3870549,-8.4356422],[122.3608505,-8.4328753],[122.3439234,-8.4484189],[122.3522242,-8.4801572],[122.376801,-8.5017229],[122.4091903,-8.486749],[122.4207463,-8.4601376]]],[[[104.8383895,-5.8204078],[104.8464462,-5.8112118],[104.8497827,-5.7832984],[104.8463648,-5.7725562],[104.8327743,-5.7600237],[104.8269963,-5.7579078],[104.8078719,-5.7543271],[104.7867945,-5.74212],[104.7765406,-5.7411435],[104.7703557,-5.7520484],[104.7716577,-5.7616513],[104.7767033,-5.7715797],[104.7900497,-5.787693],[104.8201604,-5.8122698],[104.8383895,-5.8204078]]],[[[124.3702906,-2.038995],[124.3720809,-1.9926083],[124.3662216,-1.9712867],[124.3488876,-1.959568],[124.3338322,-1.9592424],[124.3181258,-1.9639625],[124.3056747,-1.9734026],[124.3006291,-1.9874814],[124.3046981,-1.9960263],[124.3142196,-1.9994443],[124.3254501,-2.0011533],[124.3347274,-2.0049781],[124.3584091,-2.0332984],[124.3702906,-2.038995]]],[[[107.9519149,4.7176781],[107.9406031,4.7086449],[107.9367782,4.7030704],[107.9353133,4.698391],[107.9355575,4.6945255],[107.9373479,4.6913923],[107.9464624,4.686713],[107.958995,4.6843936],[107.9812118,4.6836612],[107.9934188,4.6913109],[108.0004989,4.7091332],[108.0051376,4.7450626],[108.0078231,4.7526309],[108.0119735,4.7609317],[108.0127059,4.7681339],[108.0051376,4.7723656],[107.9978133,4.7704532],[107.9912216,4.7639835],[107.9863387,4.7558048],[107.9846298,4.7487654],[107.9791773,4.7359887],[107.9666447,4.7261417],[107.9519149,4.7176781]]],[[[121.691661,-8.2977841],[121.6853133,-8.3038062],[121.6761174,-8.3092587],[121.6938583,-8.3443336],[121.708995,-8.3547503],[121.7314559,-8.3507626],[121.7443954,-8.3344052],[121.7452906,-8.3117001],[121.7340601,-8.2931454],[121.7102971,-8.2887509],[121.6987411,-8.2922503],[121.691661,-8.2977841]]],[[[127.7812606,2.2089298],[127.8051864,2.2123477],[127.8161727,2.2337914],[127.8151148,2.2552758],[127.8105575,2.2638614],[127.8014429,2.2650414],[127.7858993,2.2642276],[127.759939,2.2699242],[127.7517196,2.2658552],[127.7482202,2.2473819],[127.7576604,2.2213809],[127.7812606,2.2089298]]],[[[122.2209579,-0.2501767],[122.2176213,-0.2471656],[122.2132268,-0.2375628],[122.2026473,-0.2321917],[122.1896265,-0.2301572],[122.1772567,-0.2304013],[122.1897079,-0.2052548],[122.1770939,-0.1963844],[122.1583765,-0.2113583],[122.1443791,-0.2330055],[122.1462508,-0.2440732],[122.1643986,-0.2494443],[122.1999618,-0.2677548],[122.2114364,-0.2638486],[122.2176213,-0.2638486],[122.222911,-0.2701962],[122.2301538,-0.2743466],[122.2365015,-0.27337],[122.2387801,-0.2638486],[122.2351994,-0.2582333],[122.2209579,-0.2501767]]],[[[104.5646265,0.7981632],[104.5423283,0.7958845],[104.5234481,0.7883975],[104.5118921,0.7737491],[104.5112411,0.7503116],[104.5410262,0.7665876],[104.5539657,0.7706973],[104.5720321,0.7708194],[104.6018986,0.7643497],[104.613536,0.7658552],[104.6204533,0.777045],[104.6215926,0.787421],[104.6056421,0.7938907],[104.5646265,0.7981632]]],[[[115.7734481,-4.8151181],[115.7863876,-4.8278134],[115.806814,-4.8218727],[115.8580835,-4.7799618],[115.853038,-4.7794736],[115.8491317,-4.7746721],[115.8466903,-4.76865],[115.8458765,-4.7640927],[115.8470158,-4.757745],[115.8518173,-4.745538],[115.8518173,-4.7390276],[115.795258,-4.7863095],[115.7734481,-4.8151181]]],[[[131.3176376,-4.0880673],[131.3043726,-4.0748837],[131.2985132,-4.0658505],[131.294607,-4.063165],[131.2883407,-4.0634091],[131.2841903,-4.0660947],[131.2815048,-4.0700009],[131.2804468,-4.0748023],[131.2805282,-4.0795224],[131.283702,-4.0897763],[131.2892359,-4.1000302],[131.2965601,-4.1090634],[131.3050236,-4.1153297],[131.3527124,-4.1333961],[131.3854273,-4.1561825],[131.3918563,-4.153497],[131.3855087,-4.140232],[131.3659774,-4.1221656],[131.3176376,-4.0880673]]],[[[131.6494247,-4.4524065],[131.6334742,-4.4304339],[131.6261499,-4.4268531],[131.6198023,-4.4244931],[131.613536,-4.4252255],[131.6062118,-4.4304339],[131.6164657,-4.4415829],[131.6550399,-4.5256487],[131.6608993,-4.534275],[131.6804305,-4.5240211],[131.6707463,-4.4901669],[131.6494247,-4.4524065]]],[[[121.564952,-10.6036923],[121.5410262,-10.6148414],[121.5271916,-10.6295712],[121.5314234,-10.6384417],[121.552745,-10.6403948],[121.5745549,-10.6398251],[121.5952255,-10.6345354],[121.6150008,-10.6266415],[121.6311141,-10.6153297],[121.6333114,-10.6041806],[121.6215926,-10.6013323],[121.6141057,-10.6024716],[121.5974227,-10.6011695],[121.564952,-10.6036923]]],[[[131.2710067,-7.3571103],[131.2934676,-7.3405901],[131.297618,-7.3366025],[131.2991643,-7.3274065],[131.297618,-7.3191057],[131.2927352,-7.3180478],[131.2839462,-7.3297665],[131.2822372,-7.3235003],[131.2695419,-7.3029111],[131.2649846,-7.2971331],[131.257579,-7.303969],[131.2430119,-7.3297665],[131.2309676,-7.3441708],[131.2234807,-7.3512509],[131.2158309,-7.3571103],[131.2275497,-7.3624814],[131.2771102,-7.3707822],[131.2710067,-7.3571103]]],[[[125.1766057,1.7927921],[125.1722111,1.7992211],[125.1657007,1.8022322],[125.153982,1.8107364],[125.1445419,1.8223331],[125.1352645,1.8309594],[125.1294051,1.8284366],[125.1259872,1.8154158],[125.1223251,1.8070336],[125.1238713,1.7890486],[125.1297307,1.7724063],[125.1320907,1.7583682],[125.1372176,1.7479516],[125.1447046,1.741848],[125.1494247,1.7421736],[125.1520288,1.7477074],[125.1540633,1.7564965],[125.1770126,1.778754],[125.1766057,1.7927921]]],[[[131.9865015,-5.3176409],[131.9773869,-5.3233375],[131.962413,-5.3435198],[131.9594833,-5.3729794],[131.9655868,-5.3887672],[131.9751083,-5.3874651],[131.9807235,-5.3796526],[131.9851994,-5.3778622],[131.9920354,-5.377374],[132.0003361,-5.3732236],[132.0162867,-5.3308245],[132.0086369,-5.3127581],[131.9972437,-5.3124325],[131.9865015,-5.3176409]]],[[[96.6132919,2.1191267],[96.6098739,2.1065128],[96.6096298,2.0801456],[96.6228947,2.0706241],[96.6435653,2.074449],[96.6653752,2.0878767],[96.6717229,2.1019962],[96.6682235,2.1134301],[96.6579696,2.1218122],[96.6440536,2.1270206],[96.6276962,2.129462],[96.6183374,2.1268578],[96.6132919,2.1191267]]],[[[122.3330184,-3.5166969],[122.3212997,-3.5118954],[122.3048609,-3.522068],[122.2903752,-3.5411923],[122.2846786,-3.5629208],[122.2933049,-3.5808245],[122.3056747,-3.5707333],[122.3266708,-3.5622698],[122.3465275,-3.5573056],[122.3554794,-3.5565732],[122.3522242,-3.5438779],[122.3440048,-3.5289853],[122.3330184,-3.5166969]]],[[[107.545258,1.0062523],[107.5540471,1.0069034],[107.5594182,1.0036075],[107.5590926,0.9939639],[107.553396,0.9874535],[107.547618,0.9821231],[107.5471298,0.9762637],[107.5595809,0.9701602],[107.5754501,0.98017],[107.6015731,1.0098331],[107.5988876,1.0171573],[107.5859481,1.0260684],[107.5620223,1.0371768],[107.5501408,1.0375023],[107.5390731,1.0343285],[107.5312606,1.0278995],[107.5295516,1.0180525],[107.5359807,1.00788],[107.545258,1.0062523]]],[[[107.7729598,3.0252953],[107.7512313,3.0120303],[107.7451278,2.9835473],[107.7561141,2.978461],[107.7682398,2.9790714],[107.8112085,2.9868025],[107.813243,2.9949405],[107.8071395,3.0148786],[107.7962346,3.0255395],[107.7729598,3.0252953]]],[[[103.4534611,0.920559],[103.4070744,0.9114444],[103.410411,0.9047305],[103.4215601,0.8967146],[103.4280705,0.8900414],[103.4329533,0.8806827],[103.4446721,0.8736026],[103.4582626,0.8696964],[103.4690048,0.869615],[103.47934,0.8788516],[103.4795028,0.8936221],[103.4726669,0.9088402],[103.4621688,0.9189314],[103.4534611,0.920559]]],[[[103.4738876,0.6534691],[103.4692489,0.6373966],[103.4720158,0.6229923],[103.4890243,0.6199405],[103.4978947,0.6270206],[103.5061141,0.6407738],[103.5179143,0.6676293],[103.5213322,0.6786563],[103.5218205,0.6898461],[103.517426,0.6984317],[103.5063583,0.7018904],[103.4995223,0.695502],[103.4858505,0.6673852],[103.4790145,0.6609561],[103.4738876,0.6534691]]],[[[104.3393661,0.3654646],[104.3469344,0.3599307],[104.3735458,0.3245303],[104.3802189,0.32038],[104.3868921,0.3192813],[104.3918563,0.3165958],[104.3955184,0.3009301],[104.3995874,0.2949893],[104.4051213,0.292141],[104.4113876,0.2944197],[104.4201766,0.3063012],[104.4213973,0.3179385],[104.416189,0.3288028],[104.4055282,0.3388126],[104.3762313,0.3543155],[104.3581649,0.3688826],[104.3518173,0.3712426],[104.3483179,0.3705102],[104.341482,0.3663598],[104.3393661,0.3654646]]],[[[103.4973251,0.8402367],[103.488536,0.8454451],[103.4308374,0.8676619],[103.4212346,0.8732364],[103.4257919,0.8543969],[103.4402775,0.8442244],[103.4759221,0.8322208],[103.4904891,0.8212751],[103.5234481,0.7778181],[103.5244247,0.7984887],[103.523204,0.8079288],[103.5187281,0.8184268],[103.5127059,0.826809],[103.5055445,0.8339704],[103.4973251,0.8402367]]],[[[103.0739852,0.6364607],[103.0657658,0.6492374],[103.0554305,0.6586775],[103.0433049,0.6609561],[103.0366317,0.6575382],[103.0372827,0.6526553],[103.0408635,0.6467146],[103.0433049,0.6404483],[103.0456649,0.6278344],[103.0578719,0.5963809],[103.0644637,0.5851911],[103.0714624,0.5772159],[103.0769963,0.5747745],[103.0813908,0.5792911],[103.0849716,0.5920271],[103.0854598,0.6000837],[103.0843205,0.6085473],[103.0796005,0.6244164],[103.0739852,0.6364607]]],[[[132.3186141,-5.5136044],[132.3071395,-5.5211728],[132.3088485,-5.5357398],[132.3173934,-5.5510393],[132.3315536,-5.5682919],[132.3343205,-5.5729306],[132.3400171,-5.573663],[132.3535262,-5.568943],[132.3632919,-5.5629208],[132.3714299,-5.5541318],[132.3776148,-5.5442034],[132.3807072,-5.5341122],[132.361176,-5.5402971],[132.346202,-5.5359026],[132.3186141,-5.5136044]]],[[[109.1082463,-1.3044573],[109.1157333,-1.3038876],[109.1149195,-1.2985165],[109.1215926,-1.2999],[109.1284286,-1.2965634],[109.1337997,-1.2971331],[109.1359969,-1.3091773],[109.1385197,-1.3141415],[109.1442163,-1.311456],[109.1769312,-1.278497],[109.1818954,-1.2662086],[109.1701766,-1.2575823],[109.1613062,-1.2566057],[109.1437281,-1.2735328],[109.132579,-1.2780087],[109.1228133,-1.278497],[109.1147567,-1.280206],[109.1079208,-1.2846005],[109.101329,-1.292413],[109.1007593,-1.300551],[109.1082463,-1.3044573]]],[[[106.2378036,2.7937686],[106.2331649,2.8063012],[106.2262476,2.8170434],[106.2163192,2.8224551],[106.2032984,2.8190779],[106.1989852,2.8095157],[106.2043563,2.7961286],[106.2126571,2.7814802],[106.219493,2.7583682],[106.2324325,2.7417667],[106.2378036,2.7328555],[106.2415471,2.7380232],[106.2434188,2.7454288],[106.2431747,2.7604841],[106.2378036,2.7937686]]],[[[125.4049585,2.1302758],[125.3934025,2.1182315],[125.3862411,2.1183129],[125.3779403,2.1205915],[125.3720809,2.1244164],[125.3679305,2.1256371],[125.3645126,2.1236026],[125.3598739,2.1276309],[125.3542587,2.1298689],[125.3512476,2.1222598],[125.3537704,2.1166853],[125.3571883,2.1139184],[125.3571883,2.1098494],[125.3503524,2.1090355],[125.3445744,2.1022403],[125.3405868,2.1007755],[125.3352157,2.092434],[125.3342391,2.0818546],[125.3405054,2.0733096],[125.3491317,2.0712344],[125.3561304,2.0772159],[125.3621525,2.0863712],[125.3701278,2.0917016],[125.3754989,2.0921085],[125.3908798,2.101752],[125.3933212,2.1043969],[125.3977971,2.1041934],[125.4031682,2.1027693],[125.4062606,2.1073266],[125.4084579,2.1222598],[125.4049585,2.1302758]]],[[[103.1003524,0.7901879],[103.0945744,0.7860375],[103.0847274,0.7757022],[103.0802515,0.7686221],[103.0771591,0.760891],[103.075857,0.7528344],[103.0771591,0.7455102],[103.0808212,0.7342797],[103.0862736,0.7246768],[103.0922958,0.7223575],[103.1045028,0.735419],[103.1162216,0.7577579],[103.1209416,0.7799747],[103.1128036,0.7929548],[103.1066187,0.7929548],[103.1003524,0.7901879]]],[[[103.7026473,0.8141544],[103.6677352,0.8396671],[103.6665145,0.8236352],[103.6888127,0.7916527],[103.695079,0.7739119],[103.7009383,0.7656925],[103.7133895,0.7624372],[103.7248641,0.7665063],[103.7273055,0.7798526],[103.7181096,0.7980818],[103.7026473,0.8141544]]],[[[126.3907984,1.3040225],[126.3903915,1.3102481],[126.4016219,1.3320173],[126.3948674,1.3393415],[126.384939,1.3421898],[126.3776962,1.3474796],[126.3696395,1.3488223],[126.3616643,1.3447126],[126.3523869,1.3358829],[126.3471786,1.3233096],[126.3508407,1.3185082],[126.3590601,1.3161075],[126.38087,1.2833926],[126.3854273,1.2862816],[126.3907984,1.3040225]]],[[[129.4809676,-6.7600237],[129.4845484,-6.7553036],[129.486176,-6.7545712],[129.4881291,-6.7608375],[129.4931747,-6.7657203],[129.5013127,-6.7706031],[129.5115666,-6.7697079],[129.518077,-6.7631161],[129.5290633,-6.7391904],[129.5307723,-6.7312151],[129.5290633,-6.7230771],[129.5201929,-6.721124],[129.5097762,-6.7234026],[129.4970809,-6.7225888],[129.4863387,-6.7290992],[129.4787704,-6.7440732],[129.4778752,-6.7560361],[129.4809676,-6.7600237]]],[[[104.8390406,1.0036075],[104.8435165,1.0182152],[104.8300887,1.0233829],[104.8110458,1.0256208],[104.7985946,1.0314802],[104.791189,1.0240746],[104.821788,0.9987247],[104.8259383,0.9929874],[104.8263452,0.97663],[104.8282984,0.9649926],[104.8327743,0.9551456],[104.8396916,0.9588077],[104.8453882,0.9633243],[104.84962,0.9688988],[104.8527938,0.9754906],[104.8523055,0.98371],[104.8499455,0.991197],[104.845551,0.9977888],[104.8390406,1.0036075]]],[[[108.7570907,-1.6954078],[108.7231551,-1.6936174],[108.6914169,-1.6991513],[108.6772567,-1.7137997],[108.72462,-1.719415],[108.7587997,-1.7174618],[108.7780868,-1.702732],[108.7570907,-1.6954078]]],[[[131.2395939,-4.0470517],[131.2475692,-4.0426572],[131.2504989,-4.0323219],[131.2498479,-4.0096982],[131.2487085,-4.0028622],[131.2453719,-3.9968401],[131.2404891,-3.9917945],[131.2350367,-3.9875628],[131.2091577,-3.9789365],[131.2107854,-3.9957822],[131.216482,-4.01865],[131.2260848,-4.038344],[131.2395939,-4.0470517]]],[[[102.9272567,0.3108585],[102.9139104,0.3202579],[102.8845321,0.315253],[102.8545028,0.303168],[102.8391219,0.290961],[102.8470158,0.2780622],[102.8753361,0.2840844],[102.9077255,0.2985294],[102.9272567,0.3108585]]],[[[120.4065048,1.0609805],[120.4023544,1.0772159],[120.392426,1.0860863],[120.3776148,1.0799014],[120.3715926,1.0680199],[120.3676864,1.0492211],[120.368663,1.0317244],[120.3779403,1.0240746],[120.3862411,1.0259464],[120.3937281,1.0307478],[120.3996688,1.0375023],[120.403982,1.0448673],[120.4065048,1.0609805]]],[[[109.2199813,-1.198012],[109.2185165,-1.2066383],[109.2185165,-1.2203915],[109.2233993,-1.2271461],[109.2341415,-1.2245419],[109.2457788,-1.2178687],[109.2529403,-1.2124977],[109.2597762,-1.2022437],[109.2651473,-1.1879208],[109.2649032,-1.1749814],[109.2546493,-1.1693661],[109.2487085,-1.170831],[109.2424423,-1.1744117],[109.2238876,-1.1913388],[109.2199813,-1.198012]]],[[[104.2773544,0.6261661],[104.2876083,0.6507836],[104.2705184,0.6750349],[104.2414657,0.69538],[104.2158309,0.7081566],[104.2220158,0.696031],[104.2498479,0.6671817],[104.2602645,0.643378],[104.2664494,0.633002],[104.2773544,0.6261661]]],[[[123.8453882,-2.0355771],[123.8393661,-2.0490862],[123.8498641,-2.0548642],[123.8642684,-2.0551083],[123.869314,-2.053318],[123.8805445,-2.0694312],[123.8869735,-2.0739072],[123.8896591,-2.0632464],[123.8878687,-2.0508766],[123.8789169,-2.0323219],[123.8767196,-2.0184872],[123.8674423,-2.0055478],[123.8598739,-2.010512],[123.8453882,-2.0355771]]],[[[131.7260848,-4.7077776],[131.7251083,-4.7317034],[131.7290145,-4.7546526],[131.7365015,-4.76629],[131.7487085,-4.7590471],[131.7544051,-4.7365048],[131.7501734,-4.7105445],[131.7330835,-4.6930478],[131.7260848,-4.7077776]]],[[[123.7395126,-1.9159482],[123.7380477,-1.9078915],[123.7260848,-1.8999977],[123.7129012,-1.9117164],[123.705577,-1.9337704],[123.7116805,-1.9571266],[123.7404891,-1.940525],[123.7457788,-1.9359677],[123.7463485,-1.9291318],[123.7395126,-1.9159482]]],[[[131.5993758,-2.6348609],[131.5793563,-2.6446266],[131.5725204,-2.6510556],[131.578868,-2.6560198],[131.5981551,-2.6539039],[131.6225692,-2.64365],[131.6440536,-2.628676],[131.654633,-2.6132138],[131.6399032,-2.6137021],[131.6259872,-2.6195615],[131.5993758,-2.6348609]]],[[[129.6906844,-7.5599911],[129.6806747,-7.5541318],[129.6637476,-7.5365536],[129.6585393,-7.5350888],[129.6535751,-7.5470517],[129.6552841,-7.5604794],[129.6751408,-7.5715471],[129.6819768,-7.5772437],[129.6945907,-7.5775693],[129.7121688,-7.5695126],[129.7138778,-7.5582008],[129.7067977,-7.5547828],[129.7000432,-7.5583635],[129.6906844,-7.5599911]]],[[[100.5083114,-3.1408017],[100.5084742,-3.1221656],[100.4930119,-3.1382789],[100.493663,-3.1602516],[100.5066838,-3.1783993],[100.5288192,-3.1835263],[100.5363876,-3.1768531],[100.5154729,-3.1539039],[100.5083114,-3.1408017]]],[[[134.3103133,0.7564965],[134.3004663,0.7434757],[134.3048609,0.7328962],[134.3225204,0.7305362],[134.3386337,0.7375349],[134.3469344,0.7520206],[134.3429468,0.7652042],[134.3268335,0.7661807],[134.3103133,0.7564965]]],[[[104.6632593,0.8290876],[104.662771,0.8342146],[104.6594344,0.8458926],[104.6486109,0.8578962],[104.6391708,0.8479678],[104.6354273,0.8285587],[104.6302189,0.8163516],[104.6254989,0.8106957],[104.6303817,0.8065453],[104.6428329,0.8068301],[104.6515406,0.8099633],[104.6565861,0.8138695],[104.6613876,0.8201358],[104.6632593,0.8290876]]],[[[129.9972437,-7.7482236],[130.0084742,-7.7504208],[130.0153915,-7.7440732],[130.0078231,-7.7248674],[130.00587,-7.7140439],[130.0009872,-7.7067197],[129.991954,-7.702081],[129.9825952,-7.7048479],[129.9788518,-7.7126604],[129.9797469,-7.7221005],[129.9831649,-7.7323544],[129.9926864,-7.7385393],[129.9941512,-7.7443987],[129.9972437,-7.7482236]]],[[[129.1174423,-6.9727516],[129.1162216,-6.983331],[129.1250106,-6.9932594],[129.1354273,-6.9981422],[129.1425887,-6.9974911],[129.1504012,-6.991469],[129.1528426,-6.9761695],[129.144786,-6.9620908],[129.134288,-6.9611142],[129.1250106,-6.9657529],[129.1174423,-6.9727516]]],[[[130.0659286,-7.7878557],[130.0803329,-7.7873674],[130.0837508,-7.7725562],[130.0774846,-7.7658831],[130.066661,-7.7626279],[130.0559188,-7.7614885],[130.0468856,-7.7633603],[130.03712,-7.7616513],[130.0309351,-7.7626279],[130.0290633,-7.7678362],[130.0256454,-7.7725562],[130.0324813,-7.7749977],[130.0451766,-7.775079],[130.0525008,-7.7771135],[130.0659286,-7.7878557]]],[[[120.6391708,1.0775821],[120.6282658,1.0788435],[120.6175236,1.076809],[120.6075952,1.0724551],[120.6320907,1.0685082],[120.6671656,1.0431176],[120.6833602,1.0445824],[120.6687118,1.0610212],[120.6599227,1.067613],[120.6491805,1.0724551],[120.6391708,1.0775821]]],[[[104.7392684,0.716254],[104.7490341,0.7226016],[104.754161,0.7372501],[104.7409774,0.7489281],[104.7248641,0.7496605],[104.7207137,0.7378604],[104.7314559,0.7224796],[104.7392684,0.716254]]],[[[123.6495874,-1.9341773],[123.6516219,-1.9493954],[123.656993,-1.9633115],[123.663829,-1.9633115],[123.6643986,-1.9489072],[123.656993,-1.9093564],[123.656993,-1.901788],[123.6495874,-1.901788],[123.6495874,-1.9341773]]],[[[127.1359969,4.7403832],[127.1457626,4.7521833],[127.1391708,4.7665876],[127.1303817,4.7744001],[127.1240341,4.7720401],[127.1214299,4.7685001],[127.1230575,4.7525089],[127.1359969,4.7403832]]],[[[130.0207626,-6.3124325],[130.0037541,-6.3062477],[129.9978133,-6.309747],[129.9987085,-6.3171526],[130.0061141,-6.3248837],[130.0136825,-6.3283831],[130.0216577,-6.3249651],[130.0260523,-6.3184547],[130.0207626,-6.3124325]]],[[[131.2556258,1.068793],[131.2535913,1.0526391],[131.2548934,1.0442569],[131.2653915,1.0527204],[131.2701929,1.0609805],[131.2711695,1.0720076],[131.2635197,1.0759138],[131.2556258,1.068793]]],[[[131.2370712,1.0249698],[131.2363387,1.0193546],[131.2441512,1.0297305],[131.2448837,1.0353458],[131.2370712,1.0249698]]]]}}]}
